File,Grid Size X,Grid Size Y,Grid Size Z,Batch Size,Average Power (W),Elapsed Time (ms),Total Energy (kJ),Energy per Batch (kJ),Estimated Energy for 10000 Batches (kJ)
1000_nvidia_smi_log.csv,1000,1,1,1,60.49,923.0,0.05583227,0.05583227,558.3227
2000_nvidia_smi_log.csv,2000,1,1,1,81.50272727272728,806.0,0.06569119818181819,0.06569119818181819,656.911981818182
5000_nvidia_smi_log.csv,5000,1,1,1,82.34454545454547,875.0,0.07205147727272727,0.07205147727272727,720.5147727272728
10000_nvidia_smi_log.csv,10000,1,1,1,83.59090909090908,854.0,0.07138663636363635,0.07138663636363635,713.8663636363634
20000_nvidia_smi_log.csv,20000,1,1,1,85.62454545454545,886.0,0.07586334727272727,0.07586334727272727,758.6334727272726
30000_nvidia_smi_log.csv,30000,1,1,1,88.27909090909091,908.0,0.08015741454545455,0.08015741454545455,801.5741454545455
