File,Grid Size X,Grid Size Y,Grid Size Z,Batch Size,Average Power (W),Elapsed Time (ms),Total Energy (kJ),Energy per Batch (kJ),Estimated Energy for 10000 Batches (kJ)
1000_nvidia_smi_log.csv,1000,1,1,1,60.93454545454545,965.0,0.05880183636363636,0.05880183636363636,588.0183636363636
2000_nvidia_smi_log.csv,2000,1,1,1,82.43272727272728,904.0,0.07451918545454546,0.07451918545454546,745.1918545454546
5000_nvidia_smi_log.csv,5000,1,1,1,83.18454545454546,896.0,0.07453335272727273,0.07453335272727273,745.3335272727272
10000_nvidia_smi_log.csv,10000,1,1,1,84.26818181818182,865.0,0.07289197727272727,0.07289197727272727,728.9197727272726
20000_nvidia_smi_log.csv,20000,1,1,1,86.46,875.0,0.0756525,0.0756525,756.525
30000_nvidia_smi_log.csv,30000,1,1,1,88.99583333333334,954.0,0.084902025,0.084902025,849.02025
