File,Grid Size X,Grid Size Y,Grid Size Z,Batch Size,Average Power (W),Elapsed Time (ms),Total Energy (kJ),Energy per Batch (kJ),Estimated Energy for 10000 Batches (kJ)
1000_nvidia_smi_log.csv,1000,1,1,1,61.08666666666667,989.0,0.06041471333333334,0.06041471333333334,604.1471333333334
2000_nvidia_smi_log.csv,2000,1,1,1,82.2909090909091,850.0,0.06994727272727273,0.06994727272727273,699.4727272727273
5000_nvidia_smi_log.csv,5000,1,1,1,82.41666666666667,969.0,0.07986175,0.07986175,798.6175
10000_nvidia_smi_log.csv,10000,1,1,1,82.85181818181817,873.0,0.07232963727272727,0.07232963727272727,723.2963727272727
20000_nvidia_smi_log.csv,20000,1,1,1,84.0090909090909,865.0,0.07266786363636363,0.07266786363636363,726.6786363636363
30000_nvidia_smi_log.csv,30000,1,1,1,85.04,858.0,0.07296432000000001,0.07296432000000001,729.6432000000001
