File,Grid Size X,Grid Size Y,Grid Size Z,Batch Size,Average Power (W),Elapsed Time (ms),Total Energy (kJ),Energy per Batch (kJ),Estimated Energy for 10000 Batches (kJ)
1000_nvidia_smi_log.csv,1000,1,1,1,61.42545454545455,981.0,0.06025837090909091,0.06025837090909091,602.5837090909091
2000_nvidia_smi_log.csv,2000,1,1,1,82.78299999999999,905.0,0.074918615,0.074918615,749.1861499999999
5000_nvidia_smi_log.csv,5000,1,1,1,83.2525,914.0,0.07609278500000001,0.07609278500000001,760.9278500000001
10000_nvidia_smi_log.csv,10000,1,1,1,83.74416666666666,926.0,0.07754709833333333,0.07754709833333333,775.4709833333333
20000_nvidia_smi_log.csv,20000,1,1,1,84.70909090909092,814.0,0.0689532,0.0689532,689.532
30000_nvidia_smi_log.csv,30000,1,1,1,86.44583333333334,932.0,0.08056751666666667,0.08056751666666667,805.6751666666668
