iterations,batch_size,grid,runtime(us),num_elements,FLOP_per_cell,throughput(GFLOP/S),power_batch,avg_power(W),power_elapsed_time(ms),total_energy(kJ),energy_per_batch(kJ),est_energy_for_10k_batches(kJ)
60102,1,100x100,9485.13,10000,6,380.1866711,5000,58.47087643,47500,2.77736663,0.000555473,0.555473326
60102,1,200x100,12015.56,20000,6,600.2416866,5000,70.11557987,60042,4.209879647,0.000841976,0.841975929
60102,1,200x200,18196.74,40000,6,792.6958345,5000,83.30207365,90590,7.546334852,0.001509267,1.50926697
60102,1,300x150,20395.05,45000,6,795.6607118,2500,79.630573,51237,4.080031669,0.001632013,1.632012668
60102,1,300x300,35548.35,90000,6,912.9841469,1000,85.40813394,36045,3.078536188,0.003078536,3.078536188
60102,1,400x200,33950.35,80000,6,849.7396934,500,83.0149497,17671,1.466957176,0.002933914,2.933914352
60102,1,400x300,47707.1,120000,6,907.0649861,500,85.72896415,24529,2.102845762,0.004205692,4.205691523
60102,1,400x400,61489.45,160000,6,938.338528,500,87.78839871,31431,2.75927716,0.005518554,5.51855432
Max,,,,,,938.338528,,,,,,