grid_x,grid_y,grid_z,iters,batch_id,batch_size,init_time,main_time,total_time
100,100,1,60000,1,100,1.33678,9271.11,9272.45
100,100,1,60000,2,100,1.17093,9272.77,9273.94
