grid_x,grid_y,grid_z,iters,batch_id,batch_size,init_time,main_time,total_time
200,200,1,60000,1,100,1.44975,33487.1,33488.5
200,200,1,60000,2,100,1.47179,33484,33485.4
