grid_x,grid_y,grid_z,iters,batch_id,batch_size,init_time,main_time,total_time
200,100,1,60000,1,100,1.23383,15342.8,15344.1
200,100,1,60000,2,100,1.22082,15333.8,15335
