grid_x,grid_y,grid_z,iters,batch_id,batch_size,init_time,main_time,total_time
300,300,1,60000,1,100,1.49903,73520.6,73522.1
300,300,1,60000,2,100,1.40829,73374.6,73376
