grid_x,grid_y,grid_z,iters,batch_id,batch_size,init_time,main_time,total_time
300,150,1,60000,1,100,1.40348,37567.3,37568.7
300,150,1,60000,2,100,1.48991,37557.5,37559
