grid_x,grid_y,grid_z,iters,batch_id,batch_size,init_time,main_time,total_time
400,300,1,60000,1,100,1.46548,98886.4,98887.9
400,300,1,60000,2,100,1.55681,98887.7,98889.3
