File,Grid Size X,Grid Size Y,Grid Size Z,Batch Size,Average Power (W),Elapsed Time (ms),Total Energy (kJ),Energy per Batch (kJ),Estimated Energy for 1000 Batches (kJ)
100_100_nvidia_smi_log.csv,100,100,1,1,58.863,817.0,0.048091071,0.048091071,48.091071
200_100_nvidia_smi_log.csv,200,100,1,1,82.69749999999999,736.0,0.06086535999999999,0.06086535999999999,60.865359999999995
200_200_nvidia_smi_log.csv,200,200,1,1,84.233,725.0,0.061068925,0.061068925,61.068925
300_150_nvidia_smi_log.csv,300,150,1,1,84.9025,713.0,0.06053548250000001,0.06053548250000001,60.53548250000001
300_300_nvidia_smi_log.csv,300,300,1,1,87.08875,718.0,0.06252972250000001,0.06252972250000001,62.52972250000001
400_200_nvidia_smi_log.csv,400,200,1,1,88.56777777777776,737.0,0.06527445222222221,0.06527445222222221,65.27445222222221
400_300_nvidia_smi_log.csv,400,300,1,1,90.5411111111111,702.0,0.06355986,0.06355986,63.55985999999999
400_400_nvidia_smi_log.csv,400,400,1,1,96.81500000000001,839.0,0.081227785,0.081227785,81.227785
