grid_x,grid_y,grid_z,iters,batch_size,batch_id,init_time,main_time,total_time
250,250,250,60016,1,0,256800,2.01212e+07,2.0378e+07
250,250,250,60016,1,1,254262,2.01213e+07,2.03756e+07
250,250,250,60016,1,2,254821,2.01216e+07,2.03765e+07
250,250,250,60016,1,3,281782,2.01209e+07,2.04027e+07
250,250,250,60016,1,4,284137,2.0122e+07,2.04061e+07
