

================================================================
== Synthesis Summary Report of 'kernel_outerloop_0'
================================================================
+ General Information: 
    * Date:           Sun Jul 26 01:27:20 2026
    * Version:        2022.1 (Build 3526262 on Mon Apr 18 15:47:01 MDT 2022)
    * Project:        kernel_outerloop_0
    * Solution:       solution (Vitis Kernel Flow Target)
    * Product family: versal
    * Target device:  xcvc1902-vsvd1760-2MP-e-S
    

+ Performance & Resource Estimates: 
    
    PS: '+' for module; 'o' for loop; '*' for dataflow
    +--------------------------------------------------------+------+------+---------+--------+----------+---------+------+----------+-----------+------------+--------------+------------+-----------+
    |                         Modules                        | Issue|      | Latency | Latency| Iteration|         | Trip |          |           |            |              |            |           |
    |                         & Loops                        | Type | Slack| (cycles)|  (ns)  |  Latency | Interval| Count| Pipelined|   BRAM    |     DSP    |      FF      |     LUT    |    URAM   |
    +--------------------------------------------------------+------+------+---------+--------+----------+---------+------+----------+-----------+------------+--------------+------------+-----------+
    |+ kernel_outerloop_0                                    |     -|  0.13|        -|       -|         -|        -|     -|        no|  224 (11%)|  1092 (55%)|  229708 (12%)|  68583 (7%)|  224 (48%)|
    | o VITIS_LOOP_120_1                                     |     -|  2.43|        -|       -|         -|        -|     -|        no|          -|           -|             -|           -|          -|
    |  + kernel_outerloop_0_dataflow_region*                 |     -|  0.13|        -|       -|         -|        -|     -|  dataflow|  224 (11%)|  1092 (55%)|  229262 (12%)|  67933 (7%)|  224 (48%)|
    |   + entry_proc                                         |     -|  1.53|        0|   0.000|         -|        0|     -|        no|          -|           -|       3 (~0%)|    26 (~0%)|          -|
    |   + axis2stream_256u_256u_s                            |     -|  1.09|        -|       -|         -|        -|     -|        no|          -|           -|     319 (~0%)|   150 (~0%)|          -|
    |    + axis2stream_256u_256u_Pipeline_VITIS_LOOP_1521_1  |     -|  1.09|        -|       -|         -|        -|     -|        no|          -|           -|     286 (~0%)|   104 (~0%)|          -|
    |     o VITIS_LOOP_1521_1                                |     -|  2.43|        -|       -|         2|        1|     -|       yes|          -|           -|             -|           -|          -|
    |   + joint_PE_outerloop_0                               |     -|  0.13|        -|       -|         -|        -|     -|        no|   16 (~0%)|     78 (3%)|   15170 (~0%)|  4213 (~0%)|    16 (3%)|
    |    + stencilRun                                        |     -|  0.13|        -|       -|         -|        -|     -|        no|   16 (~0%)|     78 (3%)|   15005 (~0%)|  4161 (~0%)|    16 (3%)|
    |     + stencilRun_Pipeline_VITIS_LOOP_194_1             |     -|  0.13|        -|       -|         -|        -|     -|        no|          -|     72 (3%)|   14806 (~0%)|  4086 (~0%)|          -|
    |      o VITIS_LOOP_194_1                                |     -|  2.43|        -|       -|        20|        1|     -|       yes|          -|           -|             -|           -|          -|
    |       + kernel_jac3D_kernel_stencil_core               |     -|  0.39|        9|  29.997|         -|        1|     -|       yes|          -|     9 (~0%)|     553 (~0%)|    36 (~0%)|          -|
    |       + kernel_jac3D_kernel_stencil_core               |     -|  0.39|        9|  29.997|         -|        1|     -|       yes|          -|     9 (~0%)|     553 (~0%)|    36 (~0%)|          -|
    |       + kernel_jac3D_kernel_stencil_core               |     -|  0.39|        9|  29.997|         -|        1|     -|       yes|          -|     9 (~0%)|     553 (~0%)|    36 (~0%)|          -|
    |       + kernel_jac3D_kernel_stencil_core               |     -|  0.39|        9|  29.997|         -|        1|     -|       yes|          -|     9 (~0%)|     553 (~0%)|    36 (~0%)|          -|
    |       + kernel_jac3D_kernel_stencil_core               |     -|  0.39|        9|  29.997|         -|        1|     -|       yes|          -|     9 (~0%)|     553 (~0%)|    36 (~0%)|          -|
    |       + kernel_jac3D_kernel_stencil_core               |     -|  0.39|        9|  29.997|         -|        1|     -|       yes|          -|     9 (~0%)|     553 (~0%)|    36 (~0%)|          -|
    |       + kernel_jac3D_kernel_stencil_core               |     -|  0.39|        9|  29.997|         -|        1|     -|       yes|          -|     9 (~0%)|     553 (~0%)|    36 (~0%)|          -|
    |       + kernel_jac3D_kernel_stencil_core               |     -|  0.39|        9|  29.997|         -|        1|     -|       yes|          -|     9 (~0%)|     553 (~0%)|    36 (~0%)|          -|
    |   + joint_PE_outerloop_0_1                             |     -|  0.13|        -|       -|         -|        -|     -|        no|   16 (~0%)|     78 (3%)|   15170 (~0%)|  4213 (~0%)|    16 (3%)|
    |    + stencilRun                                        |     -|  0.13|        -|       -|         -|        -|     -|        no|   16 (~0%)|     78 (3%)|   15005 (~0%)|  4161 (~0%)|    16 (3%)|
    |     + stencilRun_Pipeline_VITIS_LOOP_194_1             |     -|  0.13|        -|       -|         -|        -|     -|        no|          -|     72 (3%)|   14806 (~0%)|  4086 (~0%)|          -|
    |      o VITIS_LOOP_194_1                                |     -|  2.43|        -|       -|        20|        1|     -|       yes|          -|           -|             -|           -|          -|
    |       + kernel_jac3D_kernel_stencil_core               |     -|  0.39|        9|  29.997|         -|        1|     -|       yes|          -|     9 (~0%)|     553 (~0%)|    36 (~0%)|          -|
    |       + kernel_jac3D_kernel_stencil_core               |     -|  0.39|        9|  29.997|         -|        1|     -|       yes|          -|     9 (~0%)|     553 (~0%)|    36 (~0%)|          -|
    |       + kernel_jac3D_kernel_stencil_core               |     -|  0.39|        9|  29.997|         -|        1|     -|       yes|          -|     9 (~0%)|     553 (~0%)|    36 (~0%)|          -|
    |       + kernel_jac3D_kernel_stencil_core               |     -|  0.39|        9|  29.997|         -|        1|     -|       yes|          -|     9 (~0%)|     553 (~0%)|    36 (~0%)|          -|
    |       + kernel_jac3D_kernel_stencil_core               |     -|  0.39|        9|  29.997|         -|        1|     -|       yes|          -|     9 (~0%)|     553 (~0%)|    36 (~0%)|          -|
    |       + kernel_jac3D_kernel_stencil_core               |     -|  0.39|        9|  29.997|         -|        1|     -|       yes|          -|     9 (~0%)|     553 (~0%)|    36 (~0%)|          -|
    |       + kernel_jac3D_kernel_stencil_core               |     -|  0.39|        9|  29.997|         -|        1|     -|       yes|          -|     9 (~0%)|     553 (~0%)|    36 (~0%)|          -|
    |       + kernel_jac3D_kernel_stencil_core               |     -|  0.39|        9|  29.997|         -|        1|     -|       yes|          -|     9 (~0%)|     553 (~0%)|    36 (~0%)|          -|
    |   + joint_PE_outerloop_0_2                             |     -|  0.13|        -|       -|         -|        -|     -|        no|   16 (~0%)|     78 (3%)|   15170 (~0%)|  4213 (~0%)|    16 (3%)|
    |    + stencilRun                                        |     -|  0.13|        -|       -|         -|        -|     -|        no|   16 (~0%)|     78 (3%)|   15005 (~0%)|  4161 (~0%)|    16 (3%)|
    |     + stencilRun_Pipeline_VITIS_LOOP_194_1             |     -|  0.13|        -|       -|         -|        -|     -|        no|          -|     72 (3%)|   14806 (~0%)|  4086 (~0%)|          -|
    |      o VITIS_LOOP_194_1                                |     -|  2.43|        -|       -|        20|        1|     -|       yes|          -|           -|             -|           -|          -|
    |       + kernel_jac3D_kernel_stencil_core               |     -|  0.39|        9|  29.997|         -|        1|     -|       yes|          -|     9 (~0%)|     553 (~0%)|    36 (~0%)|          -|
    |       + kernel_jac3D_kernel_stencil_core               |     -|  0.39|        9|  29.997|         -|        1|     -|       yes|          -|     9 (~0%)|     553 (~0%)|    36 (~0%)|          -|
    |       + kernel_jac3D_kernel_stencil_core               |     -|  0.39|        9|  29.997|         -|        1|     -|       yes|          -|     9 (~0%)|     553 (~0%)|    36 (~0%)|          -|
    |       + kernel_jac3D_kernel_stencil_core               |     -|  0.39|        9|  29.997|         -|        1|     -|       yes|          -|     9 (~0%)|     553 (~0%)|    36 (~0%)|          -|
    |       + kernel_jac3D_kernel_stencil_core               |     -|  0.39|        9|  29.997|         -|        1|     -|       yes|          -|     9 (~0%)|     553 (~0%)|    36 (~0%)|          -|
    |       + kernel_jac3D_kernel_stencil_core               |     -|  0.39|        9|  29.997|         -|        1|     -|       yes|          -|     9 (~0%)|     553 (~0%)|    36 (~0%)|          -|
    |       + kernel_jac3D_kernel_stencil_core               |     -|  0.39|        9|  29.997|         -|        1|     -|       yes|          -|     9 (~0%)|     553 (~0%)|    36 (~0%)|          -|
    |       + kernel_jac3D_kernel_stencil_core               |     -|  0.39|        9|  29.997|         -|        1|     -|       yes|          -|     9 (~0%)|     553 (~0%)|    36 (~0%)|          -|
    |   + joint_PE_outerloop_0_3                             |     -|  0.13|        -|       -|         -|        -|     -|        no|   16 (~0%)|     78 (3%)|   15170 (~0%)|  4213 (~0%)|    16 (3%)|
    |    + stencilRun                                        |     -|  0.13|        -|       -|         -|        -|     -|        no|   16 (~0%)|     78 (3%)|   15005 (~0%)|  4161 (~0%)|    16 (3%)|
    |     + stencilRun_Pipeline_VITIS_LOOP_194_1             |     -|  0.13|        -|       -|         -|        -|     -|        no|          -|     72 (3%)|   14806 (~0%)|  4086 (~0%)|          -|
    |      o VITIS_LOOP_194_1                                |     -|  2.43|        -|       -|        20|        1|     -|       yes|          -|           -|             -|           -|          -|
    |       + kernel_jac3D_kernel_stencil_core               |     -|  0.39|        9|  29.997|         -|        1|     -|       yes|          -|     9 (~0%)|     553 (~0%)|    36 (~0%)|          -|
    |       + kernel_jac3D_kernel_stencil_core               |     -|  0.39|        9|  29.997|         -|        1|     -|       yes|          -|     9 (~0%)|     553 (~0%)|    36 (~0%)|          -|
    |       + kernel_jac3D_kernel_stencil_core               |     -|  0.39|        9|  29.997|         -|        1|     -|       yes|          -|     9 (~0%)|     553 (~0%)|    36 (~0%)|          -|
    |       + kernel_jac3D_kernel_stencil_core               |     -|  0.39|        9|  29.997|         -|        1|     -|       yes|          -|     9 (~0%)|     553 (~0%)|    36 (~0%)|          -|
    |       + kernel_jac3D_kernel_stencil_core               |     -|  0.39|        9|  29.997|         -|        1|     -|       yes|          -|     9 (~0%)|     553 (~0%)|    36 (~0%)|          -|
    |       + kernel_jac3D_kernel_stencil_core               |     -|  0.39|        9|  29.997|         -|        1|     -|       yes|          -|     9 (~0%)|     553 (~0%)|    36 (~0%)|          -|
    |       + kernel_jac3D_kernel_stencil_core               |     -|  0.39|        9|  29.997|         -|        1|     -|       yes|          -|     9 (~0%)|     553 (~0%)|    36 (~0%)|          -|
    |       + kernel_jac3D_kernel_stencil_core               |     -|  0.39|        9|  29.997|         -|        1|     -|       yes|          -|     9 (~0%)|     553 (~0%)|    36 (~0%)|          -|
    |   + joint_PE_outerloop_0_4                             |     -|  0.13|        -|       -|         -|        -|     -|        no|   16 (~0%)|     78 (3%)|   15170 (~0%)|  4213 (~0%)|    16 (3%)|
    |    + stencilRun                                        |     -|  0.13|        -|       -|         -|        -|     -|        no|   16 (~0%)|     78 (3%)|   15005 (~0%)|  4161 (~0%)|    16 (3%)|
    |     + stencilRun_Pipeline_VITIS_LOOP_194_1             |     -|  0.13|        -|       -|         -|        -|     -|        no|          -|     72 (3%)|   14806 (~0%)|  4086 (~0%)|          -|
    |      o VITIS_LOOP_194_1                                |     -|  2.43|        -|       -|        20|        1|     -|       yes|          -|           -|             -|           -|          -|
    |       + kernel_jac3D_kernel_stencil_core               |     -|  0.39|        9|  29.997|         -|        1|     -|       yes|          -|     9 (~0%)|     553 (~0%)|    36 (~0%)|          -|
    |       + kernel_jac3D_kernel_stencil_core               |     -|  0.39|        9|  29.997|         -|        1|     -|       yes|          -|     9 (~0%)|     553 (~0%)|    36 (~0%)|          -|
    |       + kernel_jac3D_kernel_stencil_core               |     -|  0.39|        9|  29.997|         -|        1|     -|       yes|          -|     9 (~0%)|     553 (~0%)|    36 (~0%)|          -|
    |       + kernel_jac3D_kernel_stencil_core               |     -|  0.39|        9|  29.997|         -|        1|     -|       yes|          -|     9 (~0%)|     553 (~0%)|    36 (~0%)|          -|
    |       + kernel_jac3D_kernel_stencil_core               |     -|  0.39|        9|  29.997|         -|        1|     -|       yes|          -|     9 (~0%)|     553 (~0%)|    36 (~0%)|          -|
    |       + kernel_jac3D_kernel_stencil_core               |     -|  0.39|        9|  29.997|         -|        1|     -|       yes|          -|     9 (~0%)|     553 (~0%)|    36 (~0%)|          -|
    |       + kernel_jac3D_kernel_stencil_core               |     -|  0.39|        9|  29.997|         -|        1|     -|       yes|          -|     9 (~0%)|     553 (~0%)|    36 (~0%)|          -|
    |       + kernel_jac3D_kernel_stencil_core               |     -|  0.39|        9|  29.997|         -|        1|     -|       yes|          -|     9 (~0%)|     553 (~0%)|    36 (~0%)|          -|
    |   + joint_PE_outerloop_0_5                             |     -|  0.13|        -|       -|         -|        -|     -|        no|   16 (~0%)|     78 (3%)|   15170 (~0%)|  4213 (~0%)|    16 (3%)|
    |    + stencilRun                                        |     -|  0.13|        -|       -|         -|        -|     -|        no|   16 (~0%)|     78 (3%)|   15005 (~0%)|  4161 (~0%)|    16 (3%)|
    |     + stencilRun_Pipeline_VITIS_LOOP_194_1             |     -|  0.13|        -|       -|         -|        -|     -|        no|          -|     72 (3%)|   14806 (~0%)|  4086 (~0%)|          -|
    |      o VITIS_LOOP_194_1                                |     -|  2.43|        -|       -|        20|        1|     -|       yes|          -|           -|             -|           -|          -|
    |       + kernel_jac3D_kernel_stencil_core               |     -|  0.39|        9|  29.997|         -|        1|     -|       yes|          -|     9 (~0%)|     553 (~0%)|    36 (~0%)|          -|
    |       + kernel_jac3D_kernel_stencil_core               |     -|  0.39|        9|  29.997|         -|        1|     -|       yes|          -|     9 (~0%)|     553 (~0%)|    36 (~0%)|          -|
    |       + kernel_jac3D_kernel_stencil_core               |     -|  0.39|        9|  29.997|         -|        1|     -|       yes|          -|     9 (~0%)|     553 (~0%)|    36 (~0%)|          -|
    |       + kernel_jac3D_kernel_stencil_core               |     -|  0.39|        9|  29.997|         -|        1|     -|       yes|          -|     9 (~0%)|     553 (~0%)|    36 (~0%)|          -|
    |       + kernel_jac3D_kernel_stencil_core               |     -|  0.39|        9|  29.997|         -|        1|     -|       yes|          -|     9 (~0%)|     553 (~0%)|    36 (~0%)|          -|
    |       + kernel_jac3D_kernel_stencil_core               |     -|  0.39|        9|  29.997|         -|        1|     -|       yes|          -|     9 (~0%)|     553 (~0%)|    36 (~0%)|          -|
    |       + kernel_jac3D_kernel_stencil_core               |     -|  0.39|        9|  29.997|         -|        1|     -|       yes|          -|     9 (~0%)|     553 (~0%)|    36 (~0%)|          -|
    |       + kernel_jac3D_kernel_stencil_core               |     -|  0.39|        9|  29.997|         -|        1|     -|       yes|          -|     9 (~0%)|     553 (~0%)|    36 (~0%)|          -|
    |   + joint_PE_outerloop_0_6                             |     -|  0.13|        -|       -|         -|        -|     -|        no|   16 (~0%)|     78 (3%)|   15170 (~0%)|  4213 (~0%)|    16 (3%)|
    |    + stencilRun                                        |     -|  0.13|        -|       -|         -|        -|     -|        no|   16 (~0%)|     78 (3%)|   15005 (~0%)|  4161 (~0%)|    16 (3%)|
    |     + stencilRun_Pipeline_VITIS_LOOP_194_1             |     -|  0.13|        -|       -|         -|        -|     -|        no|          -|     72 (3%)|   14806 (~0%)|  4086 (~0%)|          -|
    |      o VITIS_LOOP_194_1                                |     -|  2.43|        -|       -|        20|        1|     -|       yes|          -|           -|             -|           -|          -|
    |       + kernel_jac3D_kernel_stencil_core               |     -|  0.39|        9|  29.997|         -|        1|     -|       yes|          -|     9 (~0%)|     553 (~0%)|    36 (~0%)|          -|
    |       + kernel_jac3D_kernel_stencil_core               |     -|  0.39|        9|  29.997|         -|        1|     -|       yes|          -|     9 (~0%)|     553 (~0%)|    36 (~0%)|          -|
    |       + kernel_jac3D_kernel_stencil_core               |     -|  0.39|        9|  29.997|         -|        1|     -|       yes|          -|     9 (~0%)|     553 (~0%)|    36 (~0%)|          -|
    |       + kernel_jac3D_kernel_stencil_core               |     -|  0.39|        9|  29.997|         -|        1|     -|       yes|          -|     9 (~0%)|     553 (~0%)|    36 (~0%)|          -|
    |       + kernel_jac3D_kernel_stencil_core               |     -|  0.39|        9|  29.997|         -|        1|     -|       yes|          -|     9 (~0%)|     553 (~0%)|    36 (~0%)|          -|
    |       + kernel_jac3D_kernel_stencil_core               |     -|  0.39|        9|  29.997|         -|        1|     -|       yes|          -|     9 (~0%)|     553 (~0%)|    36 (~0%)|          -|
    |       + kernel_jac3D_kernel_stencil_core               |     -|  0.39|        9|  29.997|         -|        1|     -|       yes|          -|     9 (~0%)|     553 (~0%)|    36 (~0%)|          -|
    |       + kernel_jac3D_kernel_stencil_core               |     -|  0.39|        9|  29.997|         -|        1|     -|       yes|          -|     9 (~0%)|     553 (~0%)|    36 (~0%)|          -|
    |   + joint_PE_outerloop_0_7                             |     -|  0.13|        -|       -|         -|        -|     -|        no|   16 (~0%)|     78 (3%)|   15170 (~0%)|  4213 (~0%)|    16 (3%)|
    |    + stencilRun                                        |     -|  0.13|        -|       -|         -|        -|     -|        no|   16 (~0%)|     78 (3%)|   15005 (~0%)|  4161 (~0%)|    16 (3%)|
    |     + stencilRun_Pipeline_VITIS_LOOP_194_1             |     -|  0.13|        -|       -|         -|        -|     -|        no|          -|     72 (3%)|   14806 (~0%)|  4086 (~0%)|          -|
    |      o VITIS_LOOP_194_1                                |     -|  2.43|        -|       -|        20|        1|     -|       yes|          -|           -|             -|           -|          -|
    |       + kernel_jac3D_kernel_stencil_core               |     -|  0.39|        9|  29.997|         -|        1|     -|       yes|          -|     9 (~0%)|     553 (~0%)|    36 (~0%)|          -|
    |       + kernel_jac3D_kernel_stencil_core               |     -|  0.39|        9|  29.997|         -|        1|     -|       yes|          -|     9 (~0%)|     553 (~0%)|    36 (~0%)|          -|
    |       + kernel_jac3D_kernel_stencil_core               |     -|  0.39|        9|  29.997|         -|        1|     -|       yes|          -|     9 (~0%)|     553 (~0%)|    36 (~0%)|          -|
    |       + kernel_jac3D_kernel_stencil_core               |     -|  0.39|        9|  29.997|         -|        1|     -|       yes|          -|     9 (~0%)|     553 (~0%)|    36 (~0%)|          -|
    |       + kernel_jac3D_kernel_stencil_core               |     -|  0.39|        9|  29.997|         -|        1|     -|       yes|          -|     9 (~0%)|     553 (~0%)|    36 (~0%)|          -|
    |       + kernel_jac3D_kernel_stencil_core               |     -|  0.39|        9|  29.997|         -|        1|     -|       yes|          -|     9 (~0%)|     553 (~0%)|    36 (~0%)|          -|
    |       + kernel_jac3D_kernel_stencil_core               |     -|  0.39|        9|  29.997|         -|        1|     -|       yes|          -|     9 (~0%)|     553 (~0%)|    36 (~0%)|          -|
    |       + kernel_jac3D_kernel_stencil_core               |     -|  0.39|        9|  29.997|         -|        1|     -|       yes|          -|     9 (~0%)|     553 (~0%)|    36 (~0%)|          -|
    |   + joint_PE_outerloop_0_8                             |     -|  0.13|        -|       -|         -|        -|     -|        no|   16 (~0%)|     78 (3%)|   15170 (~0%)|  4213 (~0%)|    16 (3%)|
    |    + stencilRun                                        |     -|  0.13|        -|       -|         -|        -|     -|        no|   16 (~0%)|     78 (3%)|   15005 (~0%)|  4161 (~0%)|    16 (3%)|
    |     + stencilRun_Pipeline_VITIS_LOOP_194_1             |     -|  0.13|        -|       -|         -|        -|     -|        no|          -|     72 (3%)|   14806 (~0%)|  4086 (~0%)|          -|
    |      o VITIS_LOOP_194_1                                |     -|  2.43|        -|       -|        20|        1|     -|       yes|          -|           -|             -|           -|          -|
    |       + kernel_jac3D_kernel_stencil_core               |     -|  0.39|        9|  29.997|         -|        1|     -|       yes|          -|     9 (~0%)|     553 (~0%)|    36 (~0%)|          -|
    |       + kernel_jac3D_kernel_stencil_core               |     -|  0.39|        9|  29.997|         -|        1|     -|       yes|          -|     9 (~0%)|     553 (~0%)|    36 (~0%)|          -|
    |       + kernel_jac3D_kernel_stencil_core               |     -|  0.39|        9|  29.997|         -|        1|     -|       yes|          -|     9 (~0%)|     553 (~0%)|    36 (~0%)|          -|
    |       + kernel_jac3D_kernel_stencil_core               |     -|  0.39|        9|  29.997|         -|        1|     -|       yes|          -|     9 (~0%)|     553 (~0%)|    36 (~0%)|          -|
    |       + kernel_jac3D_kernel_stencil_core               |     -|  0.39|        9|  29.997|         -|        1|     -|       yes|          -|     9 (~0%)|     553 (~0%)|    36 (~0%)|          -|
    |       + kernel_jac3D_kernel_stencil_core               |     -|  0.39|        9|  29.997|         -|        1|     -|       yes|          -|     9 (~0%)|     553 (~0%)|    36 (~0%)|          -|
    |       + kernel_jac3D_kernel_stencil_core               |     -|  0.39|        9|  29.997|         -|        1|     -|       yes|          -|     9 (~0%)|     553 (~0%)|    36 (~0%)|          -|
    |       + kernel_jac3D_kernel_stencil_core               |     -|  0.39|        9|  29.997|         -|        1|     -|       yes|          -|     9 (~0%)|     553 (~0%)|    36 (~0%)|          -|
    |   + joint_PE_outerloop_0_9                             |     -|  0.13|        -|       -|         -|        -|     -|        no|   16 (~0%)|     78 (3%)|   15170 (~0%)|  4213 (~0%)|    16 (3%)|
    |    + stencilRun                                        |     -|  0.13|        -|       -|         -|        -|     -|        no|   16 (~0%)|     78 (3%)|   15005 (~0%)|  4161 (~0%)|    16 (3%)|
    |     + stencilRun_Pipeline_VITIS_LOOP_194_1             |     -|  0.13|        -|       -|         -|        -|     -|        no|          -|     72 (3%)|   14806 (~0%)|  4086 (~0%)|          -|
    |      o VITIS_LOOP_194_1                                |     -|  2.43|        -|       -|        20|        1|     -|       yes|          -|           -|             -|           -|          -|
    |       + kernel_jac3D_kernel_stencil_core               |     -|  0.39|        9|  29.997|         -|        1|     -|       yes|          -|     9 (~0%)|     553 (~0%)|    36 (~0%)|          -|
    |       + kernel_jac3D_kernel_stencil_core               |     -|  0.39|        9|  29.997|         -|        1|     -|       yes|          -|     9 (~0%)|     553 (~0%)|    36 (~0%)|          -|
    |       + kernel_jac3D_kernel_stencil_core               |     -|  0.39|        9|  29.997|         -|        1|     -|       yes|          -|     9 (~0%)|     553 (~0%)|    36 (~0%)|          -|
    |       + kernel_jac3D_kernel_stencil_core               |     -|  0.39|        9|  29.997|         -|        1|     -|       yes|          -|     9 (~0%)|     553 (~0%)|    36 (~0%)|          -|
    |       + kernel_jac3D_kernel_stencil_core               |     -|  0.39|        9|  29.997|         -|        1|     -|       yes|          -|     9 (~0%)|     553 (~0%)|    36 (~0%)|          -|
    |       + kernel_jac3D_kernel_stencil_core               |     -|  0.39|        9|  29.997|         -|        1|     -|       yes|          -|     9 (~0%)|     553 (~0%)|    36 (~0%)|          -|
    |       + kernel_jac3D_kernel_stencil_core               |     -|  0.39|        9|  29.997|         -|        1|     -|       yes|          -|     9 (~0%)|     553 (~0%)|    36 (~0%)|          -|
    |       + kernel_jac3D_kernel_stencil_core               |     -|  0.39|        9|  29.997|         -|        1|     -|       yes|          -|     9 (~0%)|     553 (~0%)|    36 (~0%)|          -|
    |   + joint_PE_outerloop_0_10                            |     -|  0.13|        -|       -|         -|        -|     -|        no|   16 (~0%)|     78 (3%)|   15170 (~0%)|  4213 (~0%)|    16 (3%)|
    |    + stencilRun                                        |     -|  0.13|        -|       -|         -|        -|     -|        no|   16 (~0%)|     78 (3%)|   15005 (~0%)|  4161 (~0%)|    16 (3%)|
    |     + stencilRun_Pipeline_VITIS_LOOP_194_1             |     -|  0.13|        -|       -|         -|        -|     -|        no|          -|     72 (3%)|   14806 (~0%)|  4086 (~0%)|          -|
    |      o VITIS_LOOP_194_1                                |     -|  2.43|        -|       -|        20|        1|     -|       yes|          -|           -|             -|           -|          -|
    |       + kernel_jac3D_kernel_stencil_core               |     -|  0.39|        9|  29.997|         -|        1|     -|       yes|          -|     9 (~0%)|     553 (~0%)|    36 (~0%)|          -|
    |       + kernel_jac3D_kernel_stencil_core               |     -|  0.39|        9|  29.997|         -|        1|     -|       yes|          -|     9 (~0%)|     553 (~0%)|    36 (~0%)|          -|
    |       + kernel_jac3D_kernel_stencil_core               |     -|  0.39|        9|  29.997|         -|        1|     -|       yes|          -|     9 (~0%)|     553 (~0%)|    36 (~0%)|          -|
    |       + kernel_jac3D_kernel_stencil_core               |     -|  0.39|        9|  29.997|         -|        1|     -|       yes|          -|     9 (~0%)|     553 (~0%)|    36 (~0%)|          -|
    |       + kernel_jac3D_kernel_stencil_core               |     -|  0.39|        9|  29.997|         -|        1|     -|       yes|          -|     9 (~0%)|     553 (~0%)|    36 (~0%)|          -|
    |       + kernel_jac3D_kernel_stencil_core               |     -|  0.39|        9|  29.997|         -|        1|     -|       yes|          -|     9 (~0%)|     553 (~0%)|    36 (~0%)|          -|
    |       + kernel_jac3D_kernel_stencil_core               |     -|  0.39|        9|  29.997|         -|        1|     -|       yes|          -|     9 (~0%)|     553 (~0%)|    36 (~0%)|          -|
    |       + kernel_jac3D_kernel_stencil_core               |     -|  0.39|        9|  29.997|         -|        1|     -|       yes|          -|     9 (~0%)|     553 (~0%)|    36 (~0%)|          -|
    |   + joint_PE_outerloop_0_11                            |     -|  0.13|        -|       -|         -|        -|     -|        no|   16 (~0%)|     78 (3%)|   15170 (~0%)|  4213 (~0%)|    16 (3%)|
    |    + stencilRun                                        |     -|  0.13|        -|       -|         -|        -|     -|        no|   16 (~0%)|     78 (3%)|   15005 (~0%)|  4161 (~0%)|    16 (3%)|
    |     + stencilRun_Pipeline_VITIS_LOOP_194_1             |     -|  0.13|        -|       -|         -|        -|     -|        no|          -|     72 (3%)|   14806 (~0%)|  4086 (~0%)|          -|
    |      o VITIS_LOOP_194_1                                |     -|  2.43|        -|       -|        20|        1|     -|       yes|          -|           -|             -|           -|          -|
    |       + kernel_jac3D_kernel_stencil_core               |     -|  0.39|        9|  29.997|         -|        1|     -|       yes|          -|     9 (~0%)|     553 (~0%)|    36 (~0%)|          -|
    |       + kernel_jac3D_kernel_stencil_core               |     -|  0.39|        9|  29.997|         -|        1|     -|       yes|          -|     9 (~0%)|     553 (~0%)|    36 (~0%)|          -|
    |       + kernel_jac3D_kernel_stencil_core               |     -|  0.39|        9|  29.997|         -|        1|     -|       yes|          -|     9 (~0%)|     553 (~0%)|    36 (~0%)|          -|
    |       + kernel_jac3D_kernel_stencil_core               |     -|  0.39|        9|  29.997|         -|        1|     -|       yes|          -|     9 (~0%)|     553 (~0%)|    36 (~0%)|          -|
    |       + kernel_jac3D_kernel_stencil_core               |     -|  0.39|        9|  29.997|         -|        1|     -|       yes|          -|     9 (~0%)|     553 (~0%)|    36 (~0%)|          -|
    |       + kernel_jac3D_kernel_stencil_core               |     -|  0.39|        9|  29.997|         -|        1|     -|       yes|          -|     9 (~0%)|     553 (~0%)|    36 (~0%)|          -|
    |       + kernel_jac3D_kernel_stencil_core               |     -|  0.39|        9|  29.997|         -|        1|     -|       yes|          -|     9 (~0%)|     553 (~0%)|    36 (~0%)|          -|
    |       + kernel_jac3D_kernel_stencil_core               |     -|  0.39|        9|  29.997|         -|        1|     -|       yes|          -|     9 (~0%)|     553 (~0%)|    36 (~0%)|          -|
    |   + joint_PE_outerloop_0_12                            |     -|  0.13|        -|       -|         -|        -|     -|        no|   16 (~0%)|     78 (3%)|   15170 (~0%)|  4213 (~0%)|    16 (3%)|
    |    + stencilRun                                        |     -|  0.13|        -|       -|         -|        -|     -|        no|   16 (~0%)|     78 (3%)|   15005 (~0%)|  4161 (~0%)|    16 (3%)|
    |     + stencilRun_Pipeline_VITIS_LOOP_194_1             |     -|  0.13|        -|       -|         -|        -|     -|        no|          -|     72 (3%)|   14806 (~0%)|  4086 (~0%)|          -|
    |      o VITIS_LOOP_194_1                                |     -|  2.43|        -|       -|        20|        1|     -|       yes|          -|           -|             -|           -|          -|
    |       + kernel_jac3D_kernel_stencil_core               |     -|  0.39|        9|  29.997|         -|        1|     -|       yes|          -|     9 (~0%)|     553 (~0%)|    36 (~0%)|          -|
    |       + kernel_jac3D_kernel_stencil_core               |     -|  0.39|        9|  29.997|         -|        1|     -|       yes|          -|     9 (~0%)|     553 (~0%)|    36 (~0%)|          -|
    |       + kernel_jac3D_kernel_stencil_core               |     -|  0.39|        9|  29.997|         -|        1|     -|       yes|          -|     9 (~0%)|     553 (~0%)|    36 (~0%)|          -|
    |       + kernel_jac3D_kernel_stencil_core               |     -|  0.39|        9|  29.997|         -|        1|     -|       yes|          -|     9 (~0%)|     553 (~0%)|    36 (~0%)|          -|
    |       + kernel_jac3D_kernel_stencil_core               |     -|  0.39|        9|  29.997|         -|        1|     -|       yes|          -|     9 (~0%)|     553 (~0%)|    36 (~0%)|          -|
    |       + kernel_jac3D_kernel_stencil_core               |     -|  0.39|        9|  29.997|         -|        1|     -|       yes|          -|     9 (~0%)|     553 (~0%)|    36 (~0%)|          -|
    |       + kernel_jac3D_kernel_stencil_core               |     -|  0.39|        9|  29.997|         -|        1|     -|       yes|          -|     9 (~0%)|     553 (~0%)|    36 (~0%)|          -|
    |       + kernel_jac3D_kernel_stencil_core               |     -|  0.39|        9|  29.997|         -|        1|     -|       yes|          -|     9 (~0%)|     553 (~0%)|    36 (~0%)|          -|
    |   + joint_PE_outerloop_0_13                            |     -|  0.13|        -|       -|         -|        -|     -|        no|   16 (~0%)|     78 (3%)|   15169 (~0%)|  4191 (~0%)|    16 (3%)|
    |    + stencilRun                                        |     -|  0.13|        -|       -|         -|        -|     -|        no|   16 (~0%)|     78 (3%)|   15005 (~0%)|  4161 (~0%)|    16 (3%)|
    |     + stencilRun_Pipeline_VITIS_LOOP_194_1             |     -|  0.13|        -|       -|         -|        -|     -|        no|          -|     72 (3%)|   14806 (~0%)|  4086 (~0%)|          -|
    |      o VITIS_LOOP_194_1                                |     -|  2.43|        -|       -|        20|        1|     -|       yes|          -|           -|             -|           -|          -|
    |       + kernel_jac3D_kernel_stencil_core               |     -|  0.39|        9|  29.997|         -|        1|     -|       yes|          -|     9 (~0%)|     553 (~0%)|    36 (~0%)|          -|
    |       + kernel_jac3D_kernel_stencil_core               |     -|  0.39|        9|  29.997|         -|        1|     -|       yes|          -|     9 (~0%)|     553 (~0%)|    36 (~0%)|          -|
    |       + kernel_jac3D_kernel_stencil_core               |     -|  0.39|        9|  29.997|         -|        1|     -|       yes|          -|     9 (~0%)|     553 (~0%)|    36 (~0%)|          -|
    |       + kernel_jac3D_kernel_stencil_core               |     -|  0.39|        9|  29.997|         -|        1|     -|       yes|          -|     9 (~0%)|     553 (~0%)|    36 (~0%)|          -|
    |       + kernel_jac3D_kernel_stencil_core               |     -|  0.39|        9|  29.997|         -|        1|     -|       yes|          -|     9 (~0%)|     553 (~0%)|    36 (~0%)|          -|
    |       + kernel_jac3D_kernel_stencil_core               |     -|  0.39|        9|  29.997|         -|        1|     -|       yes|          -|     9 (~0%)|     553 (~0%)|    36 (~0%)|          -|
    |       + kernel_jac3D_kernel_stencil_core               |     -|  0.39|        9|  29.997|         -|        1|     -|       yes|          -|     9 (~0%)|     553 (~0%)|    36 (~0%)|          -|
    |       + kernel_jac3D_kernel_stencil_core               |     -|  0.39|        9|  29.997|         -|        1|     -|       yes|          -|     9 (~0%)|     553 (~0%)|    36 (~0%)|          -|
    |   + stream2axis_256u_256u_s                            |     -|  0.64|        -|       -|         -|        -|     -|        no|          -|           -|      62 (~0%)|   148 (~0%)|          -|
    |    + stream2axis_256u_256u_Pipeline_VITIS_LOOP_1897_1  |     -|  1.09|        -|       -|         -|        -|     -|        no|          -|           -|      30 (~0%)|   104 (~0%)|          -|
    |     o VITIS_LOOP_1897_1                                |     -|  2.43|        -|       -|         2|        1|     -|       yes|          -|           -|             -|           -|          -|
    +--------------------------------------------------------+------+------+---------+--------+----------+---------+------+----------+-----------+------------+--------------+------------+-----------+


================================================================
== HW Interfaces
================================================================
* S_AXILITE Interfaces
+---------------+------------+---------------+--------+----------+
| Interface     | Data Width | Address Width | Offset | Register |
+---------------+------------+---------------+--------+----------+
| s_axi_control | 32         | 7             | 16     | 0        |
+---------------+------------+---------------+--------+----------+

* S_AXILITE Registers
+---------------+--------------------------------+--------+-------+--------+-----------------------------------------------+------------------------------------------------------------------------------------+
| Interface     | Register                       | Offset | Width | Access | Description                                   | Bit Fields                                                                         |
+---------------+--------------------------------+--------+-------+--------+-----------------------------------------------+------------------------------------------------------------------------------------+
| s_axi_control | CTRL                           | 0x00   | 32    | RW     | Control signals                               | 0=AP_START 1=AP_DONE 2=AP_IDLE 3=AP_READY 4=AP_CONTINUE 7=AUTO_RESTART 9=INTERRUPT |
| s_axi_control | GIER                           | 0x04   | 32    | RW     | Global Interrupt Enable Register              | 0=Enable                                                                           |
| s_axi_control | IP_IER                         | 0x08   | 32    | RW     | IP Interrupt Enable Register                  | 0=CHAN0_INT_EN 1=CHAN1_INT_EN                                                      |
| s_axi_control | IP_ISR                         | 0x0c   | 32    | RW     | IP Interrupt Status Register                  | 0=CHAN0_INT_ST 1=CHAN1_INT_ST                                                      |
| s_axi_control | slr_region                     | 0x10   | 32    | W      | Data signal of slr_region                     |                                                                                    |
| s_axi_control | outer_itr                      | 0x18   | 32    | W      | Data signal of outer_itr                      |                                                                                    |
| s_axi_control | stencilConfig_grid_size_0      | 0x20   | 32    | W      | Data signal of stencilConfig_grid_size_0      |                                                                                    |
| s_axi_control | stencilConfig_grid_size_1      | 0x28   | 32    | W      | Data signal of stencilConfig_grid_size_1      |                                                                                    |
| s_axi_control | stencilConfig_grid_size_2      | 0x30   | 32    | W      | Data signal of stencilConfig_grid_size_2      |                                                                                    |
| s_axi_control | stencilConfig_dim              | 0x38   | 32    | W      | Data signal of stencilConfig_dim              |                                                                                    |
| s_axi_control | stencilConfig_total_itr        | 0x40   | 32    | W      | Data signal of stencilConfig_total_itr        |                                                                                    |
| s_axi_control | stencilConfig_lower_limit_0    | 0x48   | 32    | W      | Data signal of stencilConfig_lower_limit_0    |                                                                                    |
| s_axi_control | stencilConfig_lower_limit_1    | 0x50   | 32    | W      | Data signal of stencilConfig_lower_limit_1    |                                                                                    |
| s_axi_control | stencilConfig_lower_limit_2    | 0x58   | 32    | W      | Data signal of stencilConfig_lower_limit_2    |                                                                                    |
| s_axi_control | stencilConfig_upper_limit_0    | 0x60   | 32    | W      | Data signal of stencilConfig_upper_limit_0    |                                                                                    |
| s_axi_control | stencilConfig_upper_limit_1    | 0x68   | 32    | W      | Data signal of stencilConfig_upper_limit_1    |                                                                                    |
| s_axi_control | stencilConfig_upper_limit_2    | 0x70   | 32    | W      | Data signal of stencilConfig_upper_limit_2    |                                                                                    |
| s_axi_control | stencilConfig_outer_loop_limit | 0x78   | 32    | W      | Data signal of stencilConfig_outer_loop_limit |                                                                                    |
+---------------+--------------------------------+--------+-------+--------+-----------------------------------------------+------------------------------------------------------------------------------------+

* AXIS
+---------------+---------------+-------+-------+-------+--------+-------+--------+
| Interface     | Register Mode | TDATA | TKEEP | TLAST | TREADY | TSTRB | TVALID |
+---------------+---------------+-------+-------+-------+--------+-------+--------+
| arg0_axis_in  | both          | 256   | 32    | 1     | 1      | 32    | 1      |
| arg1_axis_out | both          | 256   | 32    | 1     | 1      | 32    | 1      |
+---------------+---------------+-------+-------+-------+--------+-------+--------+

* TOP LEVEL CONTROL
+-----------+---------------+-----------+
| Interface | Type          | Ports     |
+-----------+---------------+-----------+
| ap_clk    | clock         | ap_clk    |
| ap_rst_n  | reset         | ap_rst_n  |
| interrupt | interrupt     | interrupt |
| ap_ctrl   | ap_ctrl_chain |           |
+-----------+---------------+-----------+


================================================================
== SW I/O Information
================================================================
* Top Function Arguments
+--------------------------------+-----------+----------------------------------------------+
| Argument                       | Direction | Datatype                                     |
+--------------------------------+-----------+----------------------------------------------+
| slr_region                     | in        | unsigned short const                         |
| outer_itr                      | in        | unsigned int const                           |
| stencilConfig_grid_size_0      | in        | unsigned short const                         |
| stencilConfig_grid_size_1      | in        | unsigned short const                         |
| stencilConfig_grid_size_2      | in        | unsigned short const                         |
| stencilConfig_dim              | in        | unsigned short const                         |
| stencilConfig_total_itr        | in        | unsigned int const                           |
| stencilConfig_lower_limit_0    | in        | unsigned short const                         |
| stencilConfig_lower_limit_1    | in        | unsigned short const                         |
| stencilConfig_lower_limit_2    | in        | unsigned short const                         |
| stencilConfig_upper_limit_0    | in        | unsigned short const                         |
| stencilConfig_upper_limit_1    | in        | unsigned short const                         |
| stencilConfig_upper_limit_2    | in        | unsigned short const                         |
| stencilConfig_outer_loop_limit | in        | unsigned short const                         |
| arg0_axis_in                   | in        | stream<hls::axis<ap_uint<256>, 0, 0, 0>, 0>& |
| arg1_axis_out                  | out       | stream<hls::axis<ap_uint<256>, 0, 0, 0>, 0>& |
+--------------------------------+-----------+----------------------------------------------+

* SW-to-HW Mapping
+--------------------------------+---------------+-----------+----------------------------------------------------------+
| Argument                       | HW Interface  | HW Type   | HW Info                                                  |
+--------------------------------+---------------+-----------+----------------------------------------------------------+
| slr_region                     | s_axi_control | register  | name=slr_region offset=0x10 range=32                     |
| outer_itr                      | s_axi_control | register  | name=outer_itr offset=0x18 range=32                      |
| stencilConfig_grid_size_0      | s_axi_control | register  | name=stencilConfig_grid_size_0 offset=0x20 range=32      |
| stencilConfig_grid_size_1      | s_axi_control | register  | name=stencilConfig_grid_size_1 offset=0x28 range=32      |
| stencilConfig_grid_size_2      | s_axi_control | register  | name=stencilConfig_grid_size_2 offset=0x30 range=32      |
| stencilConfig_dim              | s_axi_control | register  | name=stencilConfig_dim offset=0x38 range=32              |
| stencilConfig_total_itr        | s_axi_control | register  | name=stencilConfig_total_itr offset=0x40 range=32        |
| stencilConfig_lower_limit_0    | s_axi_control | register  | name=stencilConfig_lower_limit_0 offset=0x48 range=32    |
| stencilConfig_lower_limit_1    | s_axi_control | register  | name=stencilConfig_lower_limit_1 offset=0x50 range=32    |
| stencilConfig_lower_limit_2    | s_axi_control | register  | name=stencilConfig_lower_limit_2 offset=0x58 range=32    |
| stencilConfig_upper_limit_0    | s_axi_control | register  | name=stencilConfig_upper_limit_0 offset=0x60 range=32    |
| stencilConfig_upper_limit_1    | s_axi_control | register  | name=stencilConfig_upper_limit_1 offset=0x68 range=32    |
| stencilConfig_upper_limit_2    | s_axi_control | register  | name=stencilConfig_upper_limit_2 offset=0x70 range=32    |
| stencilConfig_outer_loop_limit | s_axi_control | register  | name=stencilConfig_outer_loop_limit offset=0x78 range=32 |
| arg0_axis_in                   | arg0_axis_in  | interface |                                                          |
| arg1_axis_out                  | arg1_axis_out | interface |                                                          |
+--------------------------------+---------------+-----------+----------------------------------------------------------+


================================================================
== M_AXI Burst Information
================================================================
 Note: All burst requests might be further partitioned into multiple requests during RTL generation based on max_read_burst_length or max_write_burst_length settings.

  No burst in design

================================================================
== Bind Op Report
================================================================
+----------------------------------------------------------------------------------------------+------+--------+--------------------------+------+--------------+---------+
| Name                                                                                         | DSP  | Pragma | Variable                 | Op   | Impl         | Latency |
+----------------------------------------------------------------------------------------------+------+--------+--------------------------+------+--------------+---------+
| + kernel_outerloop_0                                                                         | 1092 |        |                          |      |              |         |
|   i_4_fu_233_p2                                                                              | -    |        | i_4                      | add  | fabric       | 0       |
|  + kernel_outerloop_0_dataflow_region                                                        | 1092 |        |                          |      |              |         |
|   + axis2stream_256u_256u_s                                                                  | 0    |        |                          |      |              |         |
|     add_ln1512_fu_81_p2                                                                      | -    |        | add_ln1512               | add  | fabric       | 0       |
|    + axis2stream_256u_256u_Pipeline_VITIS_LOOP_1521_1                                        | 0    |        |                          |      |              |         |
|      itr_5_fu_83_p2                                                                          | -    |        | itr_5                    | add  | fabric       | 0       |
|   + joint_PE_outerloop_0                                                                     | 78   |        |                          |      |              |         |
|    + stencilRun (grp_stencilRun_fu_210)                                                      | 78   |        |                          |      |              |         |
|      mac_muladd_16ns_16ns_1s_16_4_1_U76                                                      | 1    |        | mul_ln96                 | mul  | dsp48        | 3       |
|      mac_muladd_16ns_16ns_1s_16_4_1_U76                                                      | 1    |        | plane_diff               | add  | dsp48        | 3       |
|      mul_mul_16ns_16ns_32_4_1_U75                                                            | 1    |        | mul_ln147                | mul  | dsp48        | 3       |
|      mul_32s_16ns_32_3_1_U73                                                                 | 2    |        | iter_limit               | mul  | auto         | 2       |
|      mul_32s_16ns_32_3_1_U74                                                                 | 2    |        | S3D_7PT_read_ub_itr      | mul  | auto         | 2       |
|      add_ln190_fu_189_p2                                                                     | -    |        | add_ln190                | add  | fabric       | 0       |
|      cond_x_val_fu_196_p2                                                                    | -    |        | cond_x_val               | add  | fabric       | 0       |
|      cond_y_val_fu_202_p2                                                                    | -    |        | cond_y_val               | add  | fabric       | 0       |
|      cond_z_val_fu_208_p2                                                                    | -    |        | cond_z_val               | add  | fabric       | 0       |
|     + stencilRun_Pipeline_VITIS_LOOP_194_1 (grp_stencilRun_Pipeline_VITIS_LOOP_194_1_fu_132) | 72   |        |                          |      |              |         |
|       itr_fu_734_p2                                                                          | -    |        | itr                      | add  | fabric       | 0       |
|       i_1_fu_1182_p2                                                                         | -    |        | i_1                      | add  | fabric       | 0       |
|       add_ln237_fu_1214_p2                                                                   | -    |        | add_ln237                | add  | fabric       | 0       |
|       add_ln241_fu_1627_p2                                                                   | -    |        | add_ln241                | add  | fabric       | 0       |
|       S3D_7PT_buf_p0_1_rd_1_fu_1875_p2                                                       | -    |        | S3D_7PT_buf_p0_1_rd_1    | add  | fabric       | 0       |
|       S3D_7PT_buf_p0_1_wr_1_fu_1681_p2                                                       | -    |        | S3D_7PT_buf_p0_1_wr_1    | add  | fabric       | 0       |
|       S3D_7PT_buf_r0_1_p1_rd_1_fu_1282_p2                                                    | -    |        | S3D_7PT_buf_r0_1_p1_rd_1 | add  | fabric       | 0       |
|       S3D_7PT_buf_r0_1_p1_wr_1_fu_1110_p2                                                    | -    |        | S3D_7PT_buf_r0_1_p1_wr_1 | add  | fabric       | 0       |
|       S3D_7PT_buf_r1_2_p1_rd_1_fu_1139_p2                                                    | -    |        | S3D_7PT_buf_r1_2_p1_rd_1 | add  | fabric       | 0       |
|       S3D_7PT_buf_r1_2_p1_wr_1_fu_966_p2                                                     | -    |        | S3D_7PT_buf_r1_2_p1_wr_1 | add  | fabric       | 0       |
|       S3D_7PT_buf_p1_2_rd_1_fu_836_p2                                                        | -    |        | S3D_7PT_buf_p1_2_rd_1    | add  | fabric       | 0       |
|       S3D_7PT_buf_p1_2_wr_1_fu_781_p2                                                        | -    |        | S3D_7PT_buf_p1_2_wr_1    | add  | fabric       | 0       |
|      + kernel_jac3D_kernel_stencil_core (grp_kernel_jac3D_kernel_stencil_core_fu_509)        | 9    |        |                          |      |              |         |
|        fmul_32ns_32ns_32_3_primitive_dsp_0_U36                                               | 1    |        | tmp2                     | fmul | primitivedsp | 2       |
|        fmul_32ns_32ns_32_3_primitive_dsp_0_U37                                               | 1    |        | tmp4                     | fmul | primitivedsp | 2       |
|        fmul_32ns_32ns_32_3_primitive_dsp_0_U38                                               | 1    |        | tmp6                     | fmul | primitivedsp | 2       |
|        fadd_32ns_32ns_32_2_primitive_dsp_0_U34                                               | 1    |        | tmp12                    | fadd | primitivedsp | 1       |
|        fadd_32ns_32ns_32_2_primitive_dsp_0_U35                                               | 1    |        | reg_1_0_write_assign     | fadd | primitivedsp | 1       |
|      + kernel_jac3D_kernel_stencil_core (grp_kernel_jac3D_kernel_stencil_core_fu_521)        | 9    |        |                          |      |              |         |
|        fmul_32ns_32ns_32_3_primitive_dsp_0_U36                                               | 1    |        | tmp2                     | fmul | primitivedsp | 2       |
|        fmul_32ns_32ns_32_3_primitive_dsp_0_U37                                               | 1    |        | tmp4                     | fmul | primitivedsp | 2       |
|        fmul_32ns_32ns_32_3_primitive_dsp_0_U38                                               | 1    |        | tmp6                     | fmul | primitivedsp | 2       |
|        fadd_32ns_32ns_32_2_primitive_dsp_0_U34                                               | 1    |        | tmp12                    | fadd | primitivedsp | 1       |
|        fadd_32ns_32ns_32_2_primitive_dsp_0_U35                                               | 1    |        | reg_1_0_write_assign     | fadd | primitivedsp | 1       |
|      + kernel_jac3D_kernel_stencil_core (grp_kernel_jac3D_kernel_stencil_core_fu_533)        | 9    |        |                          |      |              |         |
|        fmul_32ns_32ns_32_3_primitive_dsp_0_U36                                               | 1    |        | tmp2                     | fmul | primitivedsp | 2       |
|        fmul_32ns_32ns_32_3_primitive_dsp_0_U37                                               | 1    |        | tmp4                     | fmul | primitivedsp | 2       |
|        fmul_32ns_32ns_32_3_primitive_dsp_0_U38                                               | 1    |        | tmp6                     | fmul | primitivedsp | 2       |
|        fadd_32ns_32ns_32_2_primitive_dsp_0_U34                                               | 1    |        | tmp12                    | fadd | primitivedsp | 1       |
|        fadd_32ns_32ns_32_2_primitive_dsp_0_U35                                               | 1    |        | reg_1_0_write_assign     | fadd | primitivedsp | 1       |
|      + kernel_jac3D_kernel_stencil_core (grp_kernel_jac3D_kernel_stencil_core_fu_545)        | 9    |        |                          |      |              |         |
|        fmul_32ns_32ns_32_3_primitive_dsp_0_U36                                               | 1    |        | tmp2                     | fmul | primitivedsp | 2       |
|        fmul_32ns_32ns_32_3_primitive_dsp_0_U37                                               | 1    |        | tmp4                     | fmul | primitivedsp | 2       |
|        fmul_32ns_32ns_32_3_primitive_dsp_0_U38                                               | 1    |        | tmp6                     | fmul | primitivedsp | 2       |
|        fadd_32ns_32ns_32_2_primitive_dsp_0_U34                                               | 1    |        | tmp12                    | fadd | primitivedsp | 1       |
|        fadd_32ns_32ns_32_2_primitive_dsp_0_U35                                               | 1    |        | reg_1_0_write_assign     | fadd | primitivedsp | 1       |
|      + kernel_jac3D_kernel_stencil_core (grp_kernel_jac3D_kernel_stencil_core_fu_557)        | 9    |        |                          |      |              |         |
|        fmul_32ns_32ns_32_3_primitive_dsp_0_U36                                               | 1    |        | tmp2                     | fmul | primitivedsp | 2       |
|        fmul_32ns_32ns_32_3_primitive_dsp_0_U37                                               | 1    |        | tmp4                     | fmul | primitivedsp | 2       |
|        fmul_32ns_32ns_32_3_primitive_dsp_0_U38                                               | 1    |        | tmp6                     | fmul | primitivedsp | 2       |
|        fadd_32ns_32ns_32_2_primitive_dsp_0_U34                                               | 1    |        | tmp12                    | fadd | primitivedsp | 1       |
|        fadd_32ns_32ns_32_2_primitive_dsp_0_U35                                               | 1    |        | reg_1_0_write_assign     | fadd | primitivedsp | 1       |
|      + kernel_jac3D_kernel_stencil_core (grp_kernel_jac3D_kernel_stencil_core_fu_569)        | 9    |        |                          |      |              |         |
|        fmul_32ns_32ns_32_3_primitive_dsp_0_U36                                               | 1    |        | tmp2                     | fmul | primitivedsp | 2       |
|        fmul_32ns_32ns_32_3_primitive_dsp_0_U37                                               | 1    |        | tmp4                     | fmul | primitivedsp | 2       |
|        fmul_32ns_32ns_32_3_primitive_dsp_0_U38                                               | 1    |        | tmp6                     | fmul | primitivedsp | 2       |
|        fadd_32ns_32ns_32_2_primitive_dsp_0_U34                                               | 1    |        | tmp12                    | fadd | primitivedsp | 1       |
|        fadd_32ns_32ns_32_2_primitive_dsp_0_U35                                               | 1    |        | reg_1_0_write_assign     | fadd | primitivedsp | 1       |
|      + kernel_jac3D_kernel_stencil_core (grp_kernel_jac3D_kernel_stencil_core_fu_580)        | 9    |        |                          |      |              |         |
|        fmul_32ns_32ns_32_3_primitive_dsp_0_U36                                               | 1    |        | tmp2                     | fmul | primitivedsp | 2       |
|        fmul_32ns_32ns_32_3_primitive_dsp_0_U37                                               | 1    |        | tmp4                     | fmul | primitivedsp | 2       |
|        fmul_32ns_32ns_32_3_primitive_dsp_0_U38                                               | 1    |        | tmp6                     | fmul | primitivedsp | 2       |
|        fadd_32ns_32ns_32_2_primitive_dsp_0_U34                                               | 1    |        | tmp12                    | fadd | primitivedsp | 1       |
|        fadd_32ns_32ns_32_2_primitive_dsp_0_U35                                               | 1    |        | reg_1_0_write_assign     | fadd | primitivedsp | 1       |
|      + kernel_jac3D_kernel_stencil_core (grp_kernel_jac3D_kernel_stencil_core_fu_591)        | 9    |        |                          |      |              |         |
|        fmul_32ns_32ns_32_3_primitive_dsp_0_U36                                               | 1    |        | tmp2                     | fmul | primitivedsp | 2       |
|        fmul_32ns_32ns_32_3_primitive_dsp_0_U37                                               | 1    |        | tmp4                     | fmul | primitivedsp | 2       |
|        fmul_32ns_32ns_32_3_primitive_dsp_0_U38                                               | 1    |        | tmp6                     | fmul | primitivedsp | 2       |
|        fadd_32ns_32ns_32_2_primitive_dsp_0_U34                                               | 1    |        | tmp12                    | fadd | primitivedsp | 1       |
|        fadd_32ns_32ns_32_2_primitive_dsp_0_U35                                               | 1    |        | reg_1_0_write_assign     | fadd | primitivedsp | 1       |
|   + joint_PE_outerloop_0_1                                                                   | 78   |        |                          |      |              |         |
|    + stencilRun (grp_stencilRun_fu_210)                                                      | 78   |        |                          |      |              |         |
|      mac_muladd_16ns_16ns_1s_16_4_1_U76                                                      | 1    |        | mul_ln96                 | mul  | dsp48        | 3       |
|      mac_muladd_16ns_16ns_1s_16_4_1_U76                                                      | 1    |        | plane_diff               | add  | dsp48        | 3       |
|      mul_mul_16ns_16ns_32_4_1_U75                                                            | 1    |        | mul_ln147                | mul  | dsp48        | 3       |
|      mul_32s_16ns_32_3_1_U73                                                                 | 2    |        | iter_limit               | mul  | auto         | 2       |
|      mul_32s_16ns_32_3_1_U74                                                                 | 2    |        | S3D_7PT_read_ub_itr      | mul  | auto         | 2       |
|      add_ln190_fu_189_p2                                                                     | -    |        | add_ln190                | add  | fabric       | 0       |
|      cond_x_val_fu_196_p2                                                                    | -    |        | cond_x_val               | add  | fabric       | 0       |
|      cond_y_val_fu_202_p2                                                                    | -    |        | cond_y_val               | add  | fabric       | 0       |
|      cond_z_val_fu_208_p2                                                                    | -    |        | cond_z_val               | add  | fabric       | 0       |
|     + stencilRun_Pipeline_VITIS_LOOP_194_1 (grp_stencilRun_Pipeline_VITIS_LOOP_194_1_fu_132) | 72   |        |                          |      |              |         |
|       itr_fu_734_p2                                                                          | -    |        | itr                      | add  | fabric       | 0       |
|       i_1_fu_1182_p2                                                                         | -    |        | i_1                      | add  | fabric       | 0       |
|       add_ln237_fu_1214_p2                                                                   | -    |        | add_ln237                | add  | fabric       | 0       |
|       add_ln241_fu_1627_p2                                                                   | -    |        | add_ln241                | add  | fabric       | 0       |
|       S3D_7PT_buf_p0_1_rd_1_fu_1875_p2                                                       | -    |        | S3D_7PT_buf_p0_1_rd_1    | add  | fabric       | 0       |
|       S3D_7PT_buf_p0_1_wr_1_fu_1681_p2                                                       | -    |        | S3D_7PT_buf_p0_1_wr_1    | add  | fabric       | 0       |
|       S3D_7PT_buf_r0_1_p1_rd_1_fu_1282_p2                                                    | -    |        | S3D_7PT_buf_r0_1_p1_rd_1 | add  | fabric       | 0       |
|       S3D_7PT_buf_r0_1_p1_wr_1_fu_1110_p2                                                    | -    |        | S3D_7PT_buf_r0_1_p1_wr_1 | add  | fabric       | 0       |
|       S3D_7PT_buf_r1_2_p1_rd_1_fu_1139_p2                                                    | -    |        | S3D_7PT_buf_r1_2_p1_rd_1 | add  | fabric       | 0       |
|       S3D_7PT_buf_r1_2_p1_wr_1_fu_966_p2                                                     | -    |        | S3D_7PT_buf_r1_2_p1_wr_1 | add  | fabric       | 0       |
|       S3D_7PT_buf_p1_2_rd_1_fu_836_p2                                                        | -    |        | S3D_7PT_buf_p1_2_rd_1    | add  | fabric       | 0       |
|       S3D_7PT_buf_p1_2_wr_1_fu_781_p2                                                        | -    |        | S3D_7PT_buf_p1_2_wr_1    | add  | fabric       | 0       |
|      + kernel_jac3D_kernel_stencil_core (grp_kernel_jac3D_kernel_stencil_core_fu_509)        | 9    |        |                          |      |              |         |
|        fmul_32ns_32ns_32_3_primitive_dsp_0_U36                                               | 1    |        | tmp2                     | fmul | primitivedsp | 2       |
|        fmul_32ns_32ns_32_3_primitive_dsp_0_U37                                               | 1    |        | tmp4                     | fmul | primitivedsp | 2       |
|        fmul_32ns_32ns_32_3_primitive_dsp_0_U38                                               | 1    |        | tmp6                     | fmul | primitivedsp | 2       |
|        fadd_32ns_32ns_32_2_primitive_dsp_0_U34                                               | 1    |        | tmp12                    | fadd | primitivedsp | 1       |
|        fadd_32ns_32ns_32_2_primitive_dsp_0_U35                                               | 1    |        | reg_1_0_write_assign     | fadd | primitivedsp | 1       |
|      + kernel_jac3D_kernel_stencil_core (grp_kernel_jac3D_kernel_stencil_core_fu_521)        | 9    |        |                          |      |              |         |
|        fmul_32ns_32ns_32_3_primitive_dsp_0_U36                                               | 1    |        | tmp2                     | fmul | primitivedsp | 2       |
|        fmul_32ns_32ns_32_3_primitive_dsp_0_U37                                               | 1    |        | tmp4                     | fmul | primitivedsp | 2       |
|        fmul_32ns_32ns_32_3_primitive_dsp_0_U38                                               | 1    |        | tmp6                     | fmul | primitivedsp | 2       |
|        fadd_32ns_32ns_32_2_primitive_dsp_0_U34                                               | 1    |        | tmp12                    | fadd | primitivedsp | 1       |
|        fadd_32ns_32ns_32_2_primitive_dsp_0_U35                                               | 1    |        | reg_1_0_write_assign     | fadd | primitivedsp | 1       |
|      + kernel_jac3D_kernel_stencil_core (grp_kernel_jac3D_kernel_stencil_core_fu_533)        | 9    |        |                          |      |              |         |
|        fmul_32ns_32ns_32_3_primitive_dsp_0_U36                                               | 1    |        | tmp2                     | fmul | primitivedsp | 2       |
|        fmul_32ns_32ns_32_3_primitive_dsp_0_U37                                               | 1    |        | tmp4                     | fmul | primitivedsp | 2       |
|        fmul_32ns_32ns_32_3_primitive_dsp_0_U38                                               | 1    |        | tmp6                     | fmul | primitivedsp | 2       |
|        fadd_32ns_32ns_32_2_primitive_dsp_0_U34                                               | 1    |        | tmp12                    | fadd | primitivedsp | 1       |
|        fadd_32ns_32ns_32_2_primitive_dsp_0_U35                                               | 1    |        | reg_1_0_write_assign     | fadd | primitivedsp | 1       |
|      + kernel_jac3D_kernel_stencil_core (grp_kernel_jac3D_kernel_stencil_core_fu_545)        | 9    |        |                          |      |              |         |
|        fmul_32ns_32ns_32_3_primitive_dsp_0_U36                                               | 1    |        | tmp2                     | fmul | primitivedsp | 2       |
|        fmul_32ns_32ns_32_3_primitive_dsp_0_U37                                               | 1    |        | tmp4                     | fmul | primitivedsp | 2       |
|        fmul_32ns_32ns_32_3_primitive_dsp_0_U38                                               | 1    |        | tmp6                     | fmul | primitivedsp | 2       |
|        fadd_32ns_32ns_32_2_primitive_dsp_0_U34                                               | 1    |        | tmp12                    | fadd | primitivedsp | 1       |
|        fadd_32ns_32ns_32_2_primitive_dsp_0_U35                                               | 1    |        | reg_1_0_write_assign     | fadd | primitivedsp | 1       |
|      + kernel_jac3D_kernel_stencil_core (grp_kernel_jac3D_kernel_stencil_core_fu_557)        | 9    |        |                          |      |              |         |
|        fmul_32ns_32ns_32_3_primitive_dsp_0_U36                                               | 1    |        | tmp2                     | fmul | primitivedsp | 2       |
|        fmul_32ns_32ns_32_3_primitive_dsp_0_U37                                               | 1    |        | tmp4                     | fmul | primitivedsp | 2       |
|        fmul_32ns_32ns_32_3_primitive_dsp_0_U38                                               | 1    |        | tmp6                     | fmul | primitivedsp | 2       |
|        fadd_32ns_32ns_32_2_primitive_dsp_0_U34                                               | 1    |        | tmp12                    | fadd | primitivedsp | 1       |
|        fadd_32ns_32ns_32_2_primitive_dsp_0_U35                                               | 1    |        | reg_1_0_write_assign     | fadd | primitivedsp | 1       |
|      + kernel_jac3D_kernel_stencil_core (grp_kernel_jac3D_kernel_stencil_core_fu_569)        | 9    |        |                          |      |              |         |
|        fmul_32ns_32ns_32_3_primitive_dsp_0_U36                                               | 1    |        | tmp2                     | fmul | primitivedsp | 2       |
|        fmul_32ns_32ns_32_3_primitive_dsp_0_U37                                               | 1    |        | tmp4                     | fmul | primitivedsp | 2       |
|        fmul_32ns_32ns_32_3_primitive_dsp_0_U38                                               | 1    |        | tmp6                     | fmul | primitivedsp | 2       |
|        fadd_32ns_32ns_32_2_primitive_dsp_0_U34                                               | 1    |        | tmp12                    | fadd | primitivedsp | 1       |
|        fadd_32ns_32ns_32_2_primitive_dsp_0_U35                                               | 1    |        | reg_1_0_write_assign     | fadd | primitivedsp | 1       |
|      + kernel_jac3D_kernel_stencil_core (grp_kernel_jac3D_kernel_stencil_core_fu_580)        | 9    |        |                          |      |              |         |
|        fmul_32ns_32ns_32_3_primitive_dsp_0_U36                                               | 1    |        | tmp2                     | fmul | primitivedsp | 2       |
|        fmul_32ns_32ns_32_3_primitive_dsp_0_U37                                               | 1    |        | tmp4                     | fmul | primitivedsp | 2       |
|        fmul_32ns_32ns_32_3_primitive_dsp_0_U38                                               | 1    |        | tmp6                     | fmul | primitivedsp | 2       |
|        fadd_32ns_32ns_32_2_primitive_dsp_0_U34                                               | 1    |        | tmp12                    | fadd | primitivedsp | 1       |
|        fadd_32ns_32ns_32_2_primitive_dsp_0_U35                                               | 1    |        | reg_1_0_write_assign     | fadd | primitivedsp | 1       |
|      + kernel_jac3D_kernel_stencil_core (grp_kernel_jac3D_kernel_stencil_core_fu_591)        | 9    |        |                          |      |              |         |
|        fmul_32ns_32ns_32_3_primitive_dsp_0_U36                                               | 1    |        | tmp2                     | fmul | primitivedsp | 2       |
|        fmul_32ns_32ns_32_3_primitive_dsp_0_U37                                               | 1    |        | tmp4                     | fmul | primitivedsp | 2       |
|        fmul_32ns_32ns_32_3_primitive_dsp_0_U38                                               | 1    |        | tmp6                     | fmul | primitivedsp | 2       |
|        fadd_32ns_32ns_32_2_primitive_dsp_0_U34                                               | 1    |        | tmp12                    | fadd | primitivedsp | 1       |
|        fadd_32ns_32ns_32_2_primitive_dsp_0_U35                                               | 1    |        | reg_1_0_write_assign     | fadd | primitivedsp | 1       |
|   + joint_PE_outerloop_0_2                                                                   | 78   |        |                          |      |              |         |
|    + stencilRun (grp_stencilRun_fu_210)                                                      | 78   |        |                          |      |              |         |
|      mac_muladd_16ns_16ns_1s_16_4_1_U76                                                      | 1    |        | mul_ln96                 | mul  | dsp48        | 3       |
|      mac_muladd_16ns_16ns_1s_16_4_1_U76                                                      | 1    |        | plane_diff               | add  | dsp48        | 3       |
|      mul_mul_16ns_16ns_32_4_1_U75                                                            | 1    |        | mul_ln147                | mul  | dsp48        | 3       |
|      mul_32s_16ns_32_3_1_U73                                                                 | 2    |        | iter_limit               | mul  | auto         | 2       |
|      mul_32s_16ns_32_3_1_U74                                                                 | 2    |        | S3D_7PT_read_ub_itr      | mul  | auto         | 2       |
|      add_ln190_fu_189_p2                                                                     | -    |        | add_ln190                | add  | fabric       | 0       |
|      cond_x_val_fu_196_p2                                                                    | -    |        | cond_x_val               | add  | fabric       | 0       |
|      cond_y_val_fu_202_p2                                                                    | -    |        | cond_y_val               | add  | fabric       | 0       |
|      cond_z_val_fu_208_p2                                                                    | -    |        | cond_z_val               | add  | fabric       | 0       |
|     + stencilRun_Pipeline_VITIS_LOOP_194_1 (grp_stencilRun_Pipeline_VITIS_LOOP_194_1_fu_132) | 72   |        |                          |      |              |         |
|       itr_fu_734_p2                                                                          | -    |        | itr                      | add  | fabric       | 0       |
|       i_1_fu_1182_p2                                                                         | -    |        | i_1                      | add  | fabric       | 0       |
|       add_ln237_fu_1214_p2                                                                   | -    |        | add_ln237                | add  | fabric       | 0       |
|       add_ln241_fu_1627_p2                                                                   | -    |        | add_ln241                | add  | fabric       | 0       |
|       S3D_7PT_buf_p0_1_rd_1_fu_1875_p2                                                       | -    |        | S3D_7PT_buf_p0_1_rd_1    | add  | fabric       | 0       |
|       S3D_7PT_buf_p0_1_wr_1_fu_1681_p2                                                       | -    |        | S3D_7PT_buf_p0_1_wr_1    | add  | fabric       | 0       |
|       S3D_7PT_buf_r0_1_p1_rd_1_fu_1282_p2                                                    | -    |        | S3D_7PT_buf_r0_1_p1_rd_1 | add  | fabric       | 0       |
|       S3D_7PT_buf_r0_1_p1_wr_1_fu_1110_p2                                                    | -    |        | S3D_7PT_buf_r0_1_p1_wr_1 | add  | fabric       | 0       |
|       S3D_7PT_buf_r1_2_p1_rd_1_fu_1139_p2                                                    | -    |        | S3D_7PT_buf_r1_2_p1_rd_1 | add  | fabric       | 0       |
|       S3D_7PT_buf_r1_2_p1_wr_1_fu_966_p2                                                     | -    |        | S3D_7PT_buf_r1_2_p1_wr_1 | add  | fabric       | 0       |
|       S3D_7PT_buf_p1_2_rd_1_fu_836_p2                                                        | -    |        | S3D_7PT_buf_p1_2_rd_1    | add  | fabric       | 0       |
|       S3D_7PT_buf_p1_2_wr_1_fu_781_p2                                                        | -    |        | S3D_7PT_buf_p1_2_wr_1    | add  | fabric       | 0       |
|      + kernel_jac3D_kernel_stencil_core (grp_kernel_jac3D_kernel_stencil_core_fu_509)        | 9    |        |                          |      |              |         |
|        fmul_32ns_32ns_32_3_primitive_dsp_0_U36                                               | 1    |        | tmp2                     | fmul | primitivedsp | 2       |
|        fmul_32ns_32ns_32_3_primitive_dsp_0_U37                                               | 1    |        | tmp4                     | fmul | primitivedsp | 2       |
|        fmul_32ns_32ns_32_3_primitive_dsp_0_U38                                               | 1    |        | tmp6                     | fmul | primitivedsp | 2       |
|        fadd_32ns_32ns_32_2_primitive_dsp_0_U34                                               | 1    |        | tmp12                    | fadd | primitivedsp | 1       |
|        fadd_32ns_32ns_32_2_primitive_dsp_0_U35                                               | 1    |        | reg_1_0_write_assign     | fadd | primitivedsp | 1       |
|      + kernel_jac3D_kernel_stencil_core (grp_kernel_jac3D_kernel_stencil_core_fu_521)        | 9    |        |                          |      |              |         |
|        fmul_32ns_32ns_32_3_primitive_dsp_0_U36                                               | 1    |        | tmp2                     | fmul | primitivedsp | 2       |
|        fmul_32ns_32ns_32_3_primitive_dsp_0_U37                                               | 1    |        | tmp4                     | fmul | primitivedsp | 2       |
|        fmul_32ns_32ns_32_3_primitive_dsp_0_U38                                               | 1    |        | tmp6                     | fmul | primitivedsp | 2       |
|        fadd_32ns_32ns_32_2_primitive_dsp_0_U34                                               | 1    |        | tmp12                    | fadd | primitivedsp | 1       |
|        fadd_32ns_32ns_32_2_primitive_dsp_0_U35                                               | 1    |        | reg_1_0_write_assign     | fadd | primitivedsp | 1       |
|      + kernel_jac3D_kernel_stencil_core (grp_kernel_jac3D_kernel_stencil_core_fu_533)        | 9    |        |                          |      |              |         |
|        fmul_32ns_32ns_32_3_primitive_dsp_0_U36                                               | 1    |        | tmp2                     | fmul | primitivedsp | 2       |
|        fmul_32ns_32ns_32_3_primitive_dsp_0_U37                                               | 1    |        | tmp4                     | fmul | primitivedsp | 2       |
|        fmul_32ns_32ns_32_3_primitive_dsp_0_U38                                               | 1    |        | tmp6                     | fmul | primitivedsp | 2       |
|        fadd_32ns_32ns_32_2_primitive_dsp_0_U34                                               | 1    |        | tmp12                    | fadd | primitivedsp | 1       |
|        fadd_32ns_32ns_32_2_primitive_dsp_0_U35                                               | 1    |        | reg_1_0_write_assign     | fadd | primitivedsp | 1       |
|      + kernel_jac3D_kernel_stencil_core (grp_kernel_jac3D_kernel_stencil_core_fu_545)        | 9    |        |                          |      |              |         |
|        fmul_32ns_32ns_32_3_primitive_dsp_0_U36                                               | 1    |        | tmp2                     | fmul | primitivedsp | 2       |
|        fmul_32ns_32ns_32_3_primitive_dsp_0_U37                                               | 1    |        | tmp4                     | fmul | primitivedsp | 2       |
|        fmul_32ns_32ns_32_3_primitive_dsp_0_U38                                               | 1    |        | tmp6                     | fmul | primitivedsp | 2       |
|        fadd_32ns_32ns_32_2_primitive_dsp_0_U34                                               | 1    |        | tmp12                    | fadd | primitivedsp | 1       |
|        fadd_32ns_32ns_32_2_primitive_dsp_0_U35                                               | 1    |        | reg_1_0_write_assign     | fadd | primitivedsp | 1       |
|      + kernel_jac3D_kernel_stencil_core (grp_kernel_jac3D_kernel_stencil_core_fu_557)        | 9    |        |                          |      |              |         |
|        fmul_32ns_32ns_32_3_primitive_dsp_0_U36                                               | 1    |        | tmp2                     | fmul | primitivedsp | 2       |
|        fmul_32ns_32ns_32_3_primitive_dsp_0_U37                                               | 1    |        | tmp4                     | fmul | primitivedsp | 2       |
|        fmul_32ns_32ns_32_3_primitive_dsp_0_U38                                               | 1    |        | tmp6                     | fmul | primitivedsp | 2       |
|        fadd_32ns_32ns_32_2_primitive_dsp_0_U34                                               | 1    |        | tmp12                    | fadd | primitivedsp | 1       |
|        fadd_32ns_32ns_32_2_primitive_dsp_0_U35                                               | 1    |        | reg_1_0_write_assign     | fadd | primitivedsp | 1       |
|      + kernel_jac3D_kernel_stencil_core (grp_kernel_jac3D_kernel_stencil_core_fu_569)        | 9    |        |                          |      |              |         |
|        fmul_32ns_32ns_32_3_primitive_dsp_0_U36                                               | 1    |        | tmp2                     | fmul | primitivedsp | 2       |
|        fmul_32ns_32ns_32_3_primitive_dsp_0_U37                                               | 1    |        | tmp4                     | fmul | primitivedsp | 2       |
|        fmul_32ns_32ns_32_3_primitive_dsp_0_U38                                               | 1    |        | tmp6                     | fmul | primitivedsp | 2       |
|        fadd_32ns_32ns_32_2_primitive_dsp_0_U34                                               | 1    |        | tmp12                    | fadd | primitivedsp | 1       |
|        fadd_32ns_32ns_32_2_primitive_dsp_0_U35                                               | 1    |        | reg_1_0_write_assign     | fadd | primitivedsp | 1       |
|      + kernel_jac3D_kernel_stencil_core (grp_kernel_jac3D_kernel_stencil_core_fu_580)        | 9    |        |                          |      |              |         |
|        fmul_32ns_32ns_32_3_primitive_dsp_0_U36                                               | 1    |        | tmp2                     | fmul | primitivedsp | 2       |
|        fmul_32ns_32ns_32_3_primitive_dsp_0_U37                                               | 1    |        | tmp4                     | fmul | primitivedsp | 2       |
|        fmul_32ns_32ns_32_3_primitive_dsp_0_U38                                               | 1    |        | tmp6                     | fmul | primitivedsp | 2       |
|        fadd_32ns_32ns_32_2_primitive_dsp_0_U34                                               | 1    |        | tmp12                    | fadd | primitivedsp | 1       |
|        fadd_32ns_32ns_32_2_primitive_dsp_0_U35                                               | 1    |        | reg_1_0_write_assign     | fadd | primitivedsp | 1       |
|      + kernel_jac3D_kernel_stencil_core (grp_kernel_jac3D_kernel_stencil_core_fu_591)        | 9    |        |                          |      |              |         |
|        fmul_32ns_32ns_32_3_primitive_dsp_0_U36                                               | 1    |        | tmp2                     | fmul | primitivedsp | 2       |
|        fmul_32ns_32ns_32_3_primitive_dsp_0_U37                                               | 1    |        | tmp4                     | fmul | primitivedsp | 2       |
|        fmul_32ns_32ns_32_3_primitive_dsp_0_U38                                               | 1    |        | tmp6                     | fmul | primitivedsp | 2       |
|        fadd_32ns_32ns_32_2_primitive_dsp_0_U34                                               | 1    |        | tmp12                    | fadd | primitivedsp | 1       |
|        fadd_32ns_32ns_32_2_primitive_dsp_0_U35                                               | 1    |        | reg_1_0_write_assign     | fadd | primitivedsp | 1       |
|   + joint_PE_outerloop_0_3                                                                   | 78   |        |                          |      |              |         |
|    + stencilRun (grp_stencilRun_fu_210)                                                      | 78   |        |                          |      |              |         |
|      mac_muladd_16ns_16ns_1s_16_4_1_U76                                                      | 1    |        | mul_ln96                 | mul  | dsp48        | 3       |
|      mac_muladd_16ns_16ns_1s_16_4_1_U76                                                      | 1    |        | plane_diff               | add  | dsp48        | 3       |
|      mul_mul_16ns_16ns_32_4_1_U75                                                            | 1    |        | mul_ln147                | mul  | dsp48        | 3       |
|      mul_32s_16ns_32_3_1_U73                                                                 | 2    |        | iter_limit               | mul  | auto         | 2       |
|      mul_32s_16ns_32_3_1_U74                                                                 | 2    |        | S3D_7PT_read_ub_itr      | mul  | auto         | 2       |
|      add_ln190_fu_189_p2                                                                     | -    |        | add_ln190                | add  | fabric       | 0       |
|      cond_x_val_fu_196_p2                                                                    | -    |        | cond_x_val               | add  | fabric       | 0       |
|      cond_y_val_fu_202_p2                                                                    | -    |        | cond_y_val               | add  | fabric       | 0       |
|      cond_z_val_fu_208_p2                                                                    | -    |        | cond_z_val               | add  | fabric       | 0       |
|     + stencilRun_Pipeline_VITIS_LOOP_194_1 (grp_stencilRun_Pipeline_VITIS_LOOP_194_1_fu_132) | 72   |        |                          |      |              |         |
|       itr_fu_734_p2                                                                          | -    |        | itr                      | add  | fabric       | 0       |
|       i_1_fu_1182_p2                                                                         | -    |        | i_1                      | add  | fabric       | 0       |
|       add_ln237_fu_1214_p2                                                                   | -    |        | add_ln237                | add  | fabric       | 0       |
|       add_ln241_fu_1627_p2                                                                   | -    |        | add_ln241                | add  | fabric       | 0       |
|       S3D_7PT_buf_p0_1_rd_1_fu_1875_p2                                                       | -    |        | S3D_7PT_buf_p0_1_rd_1    | add  | fabric       | 0       |
|       S3D_7PT_buf_p0_1_wr_1_fu_1681_p2                                                       | -    |        | S3D_7PT_buf_p0_1_wr_1    | add  | fabric       | 0       |
|       S3D_7PT_buf_r0_1_p1_rd_1_fu_1282_p2                                                    | -    |        | S3D_7PT_buf_r0_1_p1_rd_1 | add  | fabric       | 0       |
|       S3D_7PT_buf_r0_1_p1_wr_1_fu_1110_p2                                                    | -    |        | S3D_7PT_buf_r0_1_p1_wr_1 | add  | fabric       | 0       |
|       S3D_7PT_buf_r1_2_p1_rd_1_fu_1139_p2                                                    | -    |        | S3D_7PT_buf_r1_2_p1_rd_1 | add  | fabric       | 0       |
|       S3D_7PT_buf_r1_2_p1_wr_1_fu_966_p2                                                     | -    |        | S3D_7PT_buf_r1_2_p1_wr_1 | add  | fabric       | 0       |
|       S3D_7PT_buf_p1_2_rd_1_fu_836_p2                                                        | -    |        | S3D_7PT_buf_p1_2_rd_1    | add  | fabric       | 0       |
|       S3D_7PT_buf_p1_2_wr_1_fu_781_p2                                                        | -    |        | S3D_7PT_buf_p1_2_wr_1    | add  | fabric       | 0       |
|      + kernel_jac3D_kernel_stencil_core (grp_kernel_jac3D_kernel_stencil_core_fu_509)        | 9    |        |                          |      |              |         |
|        fmul_32ns_32ns_32_3_primitive_dsp_0_U36                                               | 1    |        | tmp2                     | fmul | primitivedsp | 2       |
|        fmul_32ns_32ns_32_3_primitive_dsp_0_U37                                               | 1    |        | tmp4                     | fmul | primitivedsp | 2       |
|        fmul_32ns_32ns_32_3_primitive_dsp_0_U38                                               | 1    |        | tmp6                     | fmul | primitivedsp | 2       |
|        fadd_32ns_32ns_32_2_primitive_dsp_0_U34                                               | 1    |        | tmp12                    | fadd | primitivedsp | 1       |
|        fadd_32ns_32ns_32_2_primitive_dsp_0_U35                                               | 1    |        | reg_1_0_write_assign     | fadd | primitivedsp | 1       |
|      + kernel_jac3D_kernel_stencil_core (grp_kernel_jac3D_kernel_stencil_core_fu_521)        | 9    |        |                          |      |              |         |
|        fmul_32ns_32ns_32_3_primitive_dsp_0_U36                                               | 1    |        | tmp2                     | fmul | primitivedsp | 2       |
|        fmul_32ns_32ns_32_3_primitive_dsp_0_U37                                               | 1    |        | tmp4                     | fmul | primitivedsp | 2       |
|        fmul_32ns_32ns_32_3_primitive_dsp_0_U38                                               | 1    |        | tmp6                     | fmul | primitivedsp | 2       |
|        fadd_32ns_32ns_32_2_primitive_dsp_0_U34                                               | 1    |        | tmp12                    | fadd | primitivedsp | 1       |
|        fadd_32ns_32ns_32_2_primitive_dsp_0_U35                                               | 1    |        | reg_1_0_write_assign     | fadd | primitivedsp | 1       |
|      + kernel_jac3D_kernel_stencil_core (grp_kernel_jac3D_kernel_stencil_core_fu_533)        | 9    |        |                          |      |              |         |
|        fmul_32ns_32ns_32_3_primitive_dsp_0_U36                                               | 1    |        | tmp2                     | fmul | primitivedsp | 2       |
|        fmul_32ns_32ns_32_3_primitive_dsp_0_U37                                               | 1    |        | tmp4                     | fmul | primitivedsp | 2       |
|        fmul_32ns_32ns_32_3_primitive_dsp_0_U38                                               | 1    |        | tmp6                     | fmul | primitivedsp | 2       |
|        fadd_32ns_32ns_32_2_primitive_dsp_0_U34                                               | 1    |        | tmp12                    | fadd | primitivedsp | 1       |
|        fadd_32ns_32ns_32_2_primitive_dsp_0_U35                                               | 1    |        | reg_1_0_write_assign     | fadd | primitivedsp | 1       |
|      + kernel_jac3D_kernel_stencil_core (grp_kernel_jac3D_kernel_stencil_core_fu_545)        | 9    |        |                          |      |              |         |
|        fmul_32ns_32ns_32_3_primitive_dsp_0_U36                                               | 1    |        | tmp2                     | fmul | primitivedsp | 2       |
|        fmul_32ns_32ns_32_3_primitive_dsp_0_U37                                               | 1    |        | tmp4                     | fmul | primitivedsp | 2       |
|        fmul_32ns_32ns_32_3_primitive_dsp_0_U38                                               | 1    |        | tmp6                     | fmul | primitivedsp | 2       |
|        fadd_32ns_32ns_32_2_primitive_dsp_0_U34                                               | 1    |        | tmp12                    | fadd | primitivedsp | 1       |
|        fadd_32ns_32ns_32_2_primitive_dsp_0_U35                                               | 1    |        | reg_1_0_write_assign     | fadd | primitivedsp | 1       |
|      + kernel_jac3D_kernel_stencil_core (grp_kernel_jac3D_kernel_stencil_core_fu_557)        | 9    |        |                          |      |              |         |
|        fmul_32ns_32ns_32_3_primitive_dsp_0_U36                                               | 1    |        | tmp2                     | fmul | primitivedsp | 2       |
|        fmul_32ns_32ns_32_3_primitive_dsp_0_U37                                               | 1    |        | tmp4                     | fmul | primitivedsp | 2       |
|        fmul_32ns_32ns_32_3_primitive_dsp_0_U38                                               | 1    |        | tmp6                     | fmul | primitivedsp | 2       |
|        fadd_32ns_32ns_32_2_primitive_dsp_0_U34                                               | 1    |        | tmp12                    | fadd | primitivedsp | 1       |
|        fadd_32ns_32ns_32_2_primitive_dsp_0_U35                                               | 1    |        | reg_1_0_write_assign     | fadd | primitivedsp | 1       |
|      + kernel_jac3D_kernel_stencil_core (grp_kernel_jac3D_kernel_stencil_core_fu_569)        | 9    |        |                          |      |              |         |
|        fmul_32ns_32ns_32_3_primitive_dsp_0_U36                                               | 1    |        | tmp2                     | fmul | primitivedsp | 2       |
|        fmul_32ns_32ns_32_3_primitive_dsp_0_U37                                               | 1    |        | tmp4                     | fmul | primitivedsp | 2       |
|        fmul_32ns_32ns_32_3_primitive_dsp_0_U38                                               | 1    |        | tmp6                     | fmul | primitivedsp | 2       |
|        fadd_32ns_32ns_32_2_primitive_dsp_0_U34                                               | 1    |        | tmp12                    | fadd | primitivedsp | 1       |
|        fadd_32ns_32ns_32_2_primitive_dsp_0_U35                                               | 1    |        | reg_1_0_write_assign     | fadd | primitivedsp | 1       |
|      + kernel_jac3D_kernel_stencil_core (grp_kernel_jac3D_kernel_stencil_core_fu_580)        | 9    |        |                          |      |              |         |
|        fmul_32ns_32ns_32_3_primitive_dsp_0_U36                                               | 1    |        | tmp2                     | fmul | primitivedsp | 2       |
|        fmul_32ns_32ns_32_3_primitive_dsp_0_U37                                               | 1    |        | tmp4                     | fmul | primitivedsp | 2       |
|        fmul_32ns_32ns_32_3_primitive_dsp_0_U38                                               | 1    |        | tmp6                     | fmul | primitivedsp | 2       |
|        fadd_32ns_32ns_32_2_primitive_dsp_0_U34                                               | 1    |        | tmp12                    | fadd | primitivedsp | 1       |
|        fadd_32ns_32ns_32_2_primitive_dsp_0_U35                                               | 1    |        | reg_1_0_write_assign     | fadd | primitivedsp | 1       |
|      + kernel_jac3D_kernel_stencil_core (grp_kernel_jac3D_kernel_stencil_core_fu_591)        | 9    |        |                          |      |              |         |
|        fmul_32ns_32ns_32_3_primitive_dsp_0_U36                                               | 1    |        | tmp2                     | fmul | primitivedsp | 2       |
|        fmul_32ns_32ns_32_3_primitive_dsp_0_U37                                               | 1    |        | tmp4                     | fmul | primitivedsp | 2       |
|        fmul_32ns_32ns_32_3_primitive_dsp_0_U38                                               | 1    |        | tmp6                     | fmul | primitivedsp | 2       |
|        fadd_32ns_32ns_32_2_primitive_dsp_0_U34                                               | 1    |        | tmp12                    | fadd | primitivedsp | 1       |
|        fadd_32ns_32ns_32_2_primitive_dsp_0_U35                                               | 1    |        | reg_1_0_write_assign     | fadd | primitivedsp | 1       |
|   + joint_PE_outerloop_0_4                                                                   | 78   |        |                          |      |              |         |
|    + stencilRun (grp_stencilRun_fu_210)                                                      | 78   |        |                          |      |              |         |
|      mac_muladd_16ns_16ns_1s_16_4_1_U76                                                      | 1    |        | mul_ln96                 | mul  | dsp48        | 3       |
|      mac_muladd_16ns_16ns_1s_16_4_1_U76                                                      | 1    |        | plane_diff               | add  | dsp48        | 3       |
|      mul_mul_16ns_16ns_32_4_1_U75                                                            | 1    |        | mul_ln147                | mul  | dsp48        | 3       |
|      mul_32s_16ns_32_3_1_U73                                                                 | 2    |        | iter_limit               | mul  | auto         | 2       |
|      mul_32s_16ns_32_3_1_U74                                                                 | 2    |        | S3D_7PT_read_ub_itr      | mul  | auto         | 2       |
|      add_ln190_fu_189_p2                                                                     | -    |        | add_ln190                | add  | fabric       | 0       |
|      cond_x_val_fu_196_p2                                                                    | -    |        | cond_x_val               | add  | fabric       | 0       |
|      cond_y_val_fu_202_p2                                                                    | -    |        | cond_y_val               | add  | fabric       | 0       |
|      cond_z_val_fu_208_p2                                                                    | -    |        | cond_z_val               | add  | fabric       | 0       |
|     + stencilRun_Pipeline_VITIS_LOOP_194_1 (grp_stencilRun_Pipeline_VITIS_LOOP_194_1_fu_132) | 72   |        |                          |      |              |         |
|       itr_fu_734_p2                                                                          | -    |        | itr                      | add  | fabric       | 0       |
|       i_1_fu_1182_p2                                                                         | -    |        | i_1                      | add  | fabric       | 0       |
|       add_ln237_fu_1214_p2                                                                   | -    |        | add_ln237                | add  | fabric       | 0       |
|       add_ln241_fu_1627_p2                                                                   | -    |        | add_ln241                | add  | fabric       | 0       |
|       S3D_7PT_buf_p0_1_rd_1_fu_1875_p2                                                       | -    |        | S3D_7PT_buf_p0_1_rd_1    | add  | fabric       | 0       |
|       S3D_7PT_buf_p0_1_wr_1_fu_1681_p2                                                       | -    |        | S3D_7PT_buf_p0_1_wr_1    | add  | fabric       | 0       |
|       S3D_7PT_buf_r0_1_p1_rd_1_fu_1282_p2                                                    | -    |        | S3D_7PT_buf_r0_1_p1_rd_1 | add  | fabric       | 0       |
|       S3D_7PT_buf_r0_1_p1_wr_1_fu_1110_p2                                                    | -    |        | S3D_7PT_buf_r0_1_p1_wr_1 | add  | fabric       | 0       |
|       S3D_7PT_buf_r1_2_p1_rd_1_fu_1139_p2                                                    | -    |        | S3D_7PT_buf_r1_2_p1_rd_1 | add  | fabric       | 0       |
|       S3D_7PT_buf_r1_2_p1_wr_1_fu_966_p2                                                     | -    |        | S3D_7PT_buf_r1_2_p1_wr_1 | add  | fabric       | 0       |
|       S3D_7PT_buf_p1_2_rd_1_fu_836_p2                                                        | -    |        | S3D_7PT_buf_p1_2_rd_1    | add  | fabric       | 0       |
|       S3D_7PT_buf_p1_2_wr_1_fu_781_p2                                                        | -    |        | S3D_7PT_buf_p1_2_wr_1    | add  | fabric       | 0       |
|      + kernel_jac3D_kernel_stencil_core (grp_kernel_jac3D_kernel_stencil_core_fu_509)        | 9    |        |                          |      |              |         |
|        fmul_32ns_32ns_32_3_primitive_dsp_0_U36                                               | 1    |        | tmp2                     | fmul | primitivedsp | 2       |
|        fmul_32ns_32ns_32_3_primitive_dsp_0_U37                                               | 1    |        | tmp4                     | fmul | primitivedsp | 2       |
|        fmul_32ns_32ns_32_3_primitive_dsp_0_U38                                               | 1    |        | tmp6                     | fmul | primitivedsp | 2       |
|        fadd_32ns_32ns_32_2_primitive_dsp_0_U34                                               | 1    |        | tmp12                    | fadd | primitivedsp | 1       |
|        fadd_32ns_32ns_32_2_primitive_dsp_0_U35                                               | 1    |        | reg_1_0_write_assign     | fadd | primitivedsp | 1       |
|      + kernel_jac3D_kernel_stencil_core (grp_kernel_jac3D_kernel_stencil_core_fu_521)        | 9    |        |                          |      |              |         |
|        fmul_32ns_32ns_32_3_primitive_dsp_0_U36                                               | 1    |        | tmp2                     | fmul | primitivedsp | 2       |
|        fmul_32ns_32ns_32_3_primitive_dsp_0_U37                                               | 1    |        | tmp4                     | fmul | primitivedsp | 2       |
|        fmul_32ns_32ns_32_3_primitive_dsp_0_U38                                               | 1    |        | tmp6                     | fmul | primitivedsp | 2       |
|        fadd_32ns_32ns_32_2_primitive_dsp_0_U34                                               | 1    |        | tmp12                    | fadd | primitivedsp | 1       |
|        fadd_32ns_32ns_32_2_primitive_dsp_0_U35                                               | 1    |        | reg_1_0_write_assign     | fadd | primitivedsp | 1       |
|      + kernel_jac3D_kernel_stencil_core (grp_kernel_jac3D_kernel_stencil_core_fu_533)        | 9    |        |                          |      |              |         |
|        fmul_32ns_32ns_32_3_primitive_dsp_0_U36                                               | 1    |        | tmp2                     | fmul | primitivedsp | 2       |
|        fmul_32ns_32ns_32_3_primitive_dsp_0_U37                                               | 1    |        | tmp4                     | fmul | primitivedsp | 2       |
|        fmul_32ns_32ns_32_3_primitive_dsp_0_U38                                               | 1    |        | tmp6                     | fmul | primitivedsp | 2       |
|        fadd_32ns_32ns_32_2_primitive_dsp_0_U34                                               | 1    |        | tmp12                    | fadd | primitivedsp | 1       |
|        fadd_32ns_32ns_32_2_primitive_dsp_0_U35                                               | 1    |        | reg_1_0_write_assign     | fadd | primitivedsp | 1       |
|      + kernel_jac3D_kernel_stencil_core (grp_kernel_jac3D_kernel_stencil_core_fu_545)        | 9    |        |                          |      |              |         |
|        fmul_32ns_32ns_32_3_primitive_dsp_0_U36                                               | 1    |        | tmp2                     | fmul | primitivedsp | 2       |
|        fmul_32ns_32ns_32_3_primitive_dsp_0_U37                                               | 1    |        | tmp4                     | fmul | primitivedsp | 2       |
|        fmul_32ns_32ns_32_3_primitive_dsp_0_U38                                               | 1    |        | tmp6                     | fmul | primitivedsp | 2       |
|        fadd_32ns_32ns_32_2_primitive_dsp_0_U34                                               | 1    |        | tmp12                    | fadd | primitivedsp | 1       |
|        fadd_32ns_32ns_32_2_primitive_dsp_0_U35                                               | 1    |        | reg_1_0_write_assign     | fadd | primitivedsp | 1       |
|      + kernel_jac3D_kernel_stencil_core (grp_kernel_jac3D_kernel_stencil_core_fu_557)        | 9    |        |                          |      |              |         |
|        fmul_32ns_32ns_32_3_primitive_dsp_0_U36                                               | 1    |        | tmp2                     | fmul | primitivedsp | 2       |
|        fmul_32ns_32ns_32_3_primitive_dsp_0_U37                                               | 1    |        | tmp4                     | fmul | primitivedsp | 2       |
|        fmul_32ns_32ns_32_3_primitive_dsp_0_U38                                               | 1    |        | tmp6                     | fmul | primitivedsp | 2       |
|        fadd_32ns_32ns_32_2_primitive_dsp_0_U34                                               | 1    |        | tmp12                    | fadd | primitivedsp | 1       |
|        fadd_32ns_32ns_32_2_primitive_dsp_0_U35                                               | 1    |        | reg_1_0_write_assign     | fadd | primitivedsp | 1       |
|      + kernel_jac3D_kernel_stencil_core (grp_kernel_jac3D_kernel_stencil_core_fu_569)        | 9    |        |                          |      |              |         |
|        fmul_32ns_32ns_32_3_primitive_dsp_0_U36                                               | 1    |        | tmp2                     | fmul | primitivedsp | 2       |
|        fmul_32ns_32ns_32_3_primitive_dsp_0_U37                                               | 1    |        | tmp4                     | fmul | primitivedsp | 2       |
|        fmul_32ns_32ns_32_3_primitive_dsp_0_U38                                               | 1    |        | tmp6                     | fmul | primitivedsp | 2       |
|        fadd_32ns_32ns_32_2_primitive_dsp_0_U34                                               | 1    |        | tmp12                    | fadd | primitivedsp | 1       |
|        fadd_32ns_32ns_32_2_primitive_dsp_0_U35                                               | 1    |        | reg_1_0_write_assign     | fadd | primitivedsp | 1       |
|      + kernel_jac3D_kernel_stencil_core (grp_kernel_jac3D_kernel_stencil_core_fu_580)        | 9    |        |                          |      |              |         |
|        fmul_32ns_32ns_32_3_primitive_dsp_0_U36                                               | 1    |        | tmp2                     | fmul | primitivedsp | 2       |
|        fmul_32ns_32ns_32_3_primitive_dsp_0_U37                                               | 1    |        | tmp4                     | fmul | primitivedsp | 2       |
|        fmul_32ns_32ns_32_3_primitive_dsp_0_U38                                               | 1    |        | tmp6                     | fmul | primitivedsp | 2       |
|        fadd_32ns_32ns_32_2_primitive_dsp_0_U34                                               | 1    |        | tmp12                    | fadd | primitivedsp | 1       |
|        fadd_32ns_32ns_32_2_primitive_dsp_0_U35                                               | 1    |        | reg_1_0_write_assign     | fadd | primitivedsp | 1       |
|      + kernel_jac3D_kernel_stencil_core (grp_kernel_jac3D_kernel_stencil_core_fu_591)        | 9    |        |                          |      |              |         |
|        fmul_32ns_32ns_32_3_primitive_dsp_0_U36                                               | 1    |        | tmp2                     | fmul | primitivedsp | 2       |
|        fmul_32ns_32ns_32_3_primitive_dsp_0_U37                                               | 1    |        | tmp4                     | fmul | primitivedsp | 2       |
|        fmul_32ns_32ns_32_3_primitive_dsp_0_U38                                               | 1    |        | tmp6                     | fmul | primitivedsp | 2       |
|        fadd_32ns_32ns_32_2_primitive_dsp_0_U34                                               | 1    |        | tmp12                    | fadd | primitivedsp | 1       |
|        fadd_32ns_32ns_32_2_primitive_dsp_0_U35                                               | 1    |        | reg_1_0_write_assign     | fadd | primitivedsp | 1       |
|   + joint_PE_outerloop_0_5                                                                   | 78   |        |                          |      |              |         |
|    + stencilRun (grp_stencilRun_fu_210)                                                      | 78   |        |                          |      |              |         |
|      mac_muladd_16ns_16ns_1s_16_4_1_U76                                                      | 1    |        | mul_ln96                 | mul  | dsp48        | 3       |
|      mac_muladd_16ns_16ns_1s_16_4_1_U76                                                      | 1    |        | plane_diff               | add  | dsp48        | 3       |
|      mul_mul_16ns_16ns_32_4_1_U75                                                            | 1    |        | mul_ln147                | mul  | dsp48        | 3       |
|      mul_32s_16ns_32_3_1_U73                                                                 | 2    |        | iter_limit               | mul  | auto         | 2       |
|      mul_32s_16ns_32_3_1_U74                                                                 | 2    |        | S3D_7PT_read_ub_itr      | mul  | auto         | 2       |
|      add_ln190_fu_189_p2                                                                     | -    |        | add_ln190                | add  | fabric       | 0       |
|      cond_x_val_fu_196_p2                                                                    | -    |        | cond_x_val               | add  | fabric       | 0       |
|      cond_y_val_fu_202_p2                                                                    | -    |        | cond_y_val               | add  | fabric       | 0       |
|      cond_z_val_fu_208_p2                                                                    | -    |        | cond_z_val               | add  | fabric       | 0       |
|     + stencilRun_Pipeline_VITIS_LOOP_194_1 (grp_stencilRun_Pipeline_VITIS_LOOP_194_1_fu_132) | 72   |        |                          |      |              |         |
|       itr_fu_734_p2                                                                          | -    |        | itr                      | add  | fabric       | 0       |
|       i_1_fu_1182_p2                                                                         | -    |        | i_1                      | add  | fabric       | 0       |
|       add_ln237_fu_1214_p2                                                                   | -    |        | add_ln237                | add  | fabric       | 0       |
|       add_ln241_fu_1627_p2                                                                   | -    |        | add_ln241                | add  | fabric       | 0       |
|       S3D_7PT_buf_p0_1_rd_1_fu_1875_p2                                                       | -    |        | S3D_7PT_buf_p0_1_rd_1    | add  | fabric       | 0       |
|       S3D_7PT_buf_p0_1_wr_1_fu_1681_p2                                                       | -    |        | S3D_7PT_buf_p0_1_wr_1    | add  | fabric       | 0       |
|       S3D_7PT_buf_r0_1_p1_rd_1_fu_1282_p2                                                    | -    |        | S3D_7PT_buf_r0_1_p1_rd_1 | add  | fabric       | 0       |
|       S3D_7PT_buf_r0_1_p1_wr_1_fu_1110_p2                                                    | -    |        | S3D_7PT_buf_r0_1_p1_wr_1 | add  | fabric       | 0       |
|       S3D_7PT_buf_r1_2_p1_rd_1_fu_1139_p2                                                    | -    |        | S3D_7PT_buf_r1_2_p1_rd_1 | add  | fabric       | 0       |
|       S3D_7PT_buf_r1_2_p1_wr_1_fu_966_p2                                                     | -    |        | S3D_7PT_buf_r1_2_p1_wr_1 | add  | fabric       | 0       |
|       S3D_7PT_buf_p1_2_rd_1_fu_836_p2                                                        | -    |        | S3D_7PT_buf_p1_2_rd_1    | add  | fabric       | 0       |
|       S3D_7PT_buf_p1_2_wr_1_fu_781_p2                                                        | -    |        | S3D_7PT_buf_p1_2_wr_1    | add  | fabric       | 0       |
|      + kernel_jac3D_kernel_stencil_core (grp_kernel_jac3D_kernel_stencil_core_fu_509)        | 9    |        |                          |      |              |         |
|        fmul_32ns_32ns_32_3_primitive_dsp_0_U36                                               | 1    |        | tmp2                     | fmul | primitivedsp | 2       |
|        fmul_32ns_32ns_32_3_primitive_dsp_0_U37                                               | 1    |        | tmp4                     | fmul | primitivedsp | 2       |
|        fmul_32ns_32ns_32_3_primitive_dsp_0_U38                                               | 1    |        | tmp6                     | fmul | primitivedsp | 2       |
|        fadd_32ns_32ns_32_2_primitive_dsp_0_U34                                               | 1    |        | tmp12                    | fadd | primitivedsp | 1       |
|        fadd_32ns_32ns_32_2_primitive_dsp_0_U35                                               | 1    |        | reg_1_0_write_assign     | fadd | primitivedsp | 1       |
|      + kernel_jac3D_kernel_stencil_core (grp_kernel_jac3D_kernel_stencil_core_fu_521)        | 9    |        |                          |      |              |         |
|        fmul_32ns_32ns_32_3_primitive_dsp_0_U36                                               | 1    |        | tmp2                     | fmul | primitivedsp | 2       |
|        fmul_32ns_32ns_32_3_primitive_dsp_0_U37                                               | 1    |        | tmp4                     | fmul | primitivedsp | 2       |
|        fmul_32ns_32ns_32_3_primitive_dsp_0_U38                                               | 1    |        | tmp6                     | fmul | primitivedsp | 2       |
|        fadd_32ns_32ns_32_2_primitive_dsp_0_U34                                               | 1    |        | tmp12                    | fadd | primitivedsp | 1       |
|        fadd_32ns_32ns_32_2_primitive_dsp_0_U35                                               | 1    |        | reg_1_0_write_assign     | fadd | primitivedsp | 1       |
|      + kernel_jac3D_kernel_stencil_core (grp_kernel_jac3D_kernel_stencil_core_fu_533)        | 9    |        |                          |      |              |         |
|        fmul_32ns_32ns_32_3_primitive_dsp_0_U36                                               | 1    |        | tmp2                     | fmul | primitivedsp | 2       |
|        fmul_32ns_32ns_32_3_primitive_dsp_0_U37                                               | 1    |        | tmp4                     | fmul | primitivedsp | 2       |
|        fmul_32ns_32ns_32_3_primitive_dsp_0_U38                                               | 1    |        | tmp6                     | fmul | primitivedsp | 2       |
|        fadd_32ns_32ns_32_2_primitive_dsp_0_U34                                               | 1    |        | tmp12                    | fadd | primitivedsp | 1       |
|        fadd_32ns_32ns_32_2_primitive_dsp_0_U35                                               | 1    |        | reg_1_0_write_assign     | fadd | primitivedsp | 1       |
|      + kernel_jac3D_kernel_stencil_core (grp_kernel_jac3D_kernel_stencil_core_fu_545)        | 9    |        |                          |      |              |         |
|        fmul_32ns_32ns_32_3_primitive_dsp_0_U36                                               | 1    |        | tmp2                     | fmul | primitivedsp | 2       |
|        fmul_32ns_32ns_32_3_primitive_dsp_0_U37                                               | 1    |        | tmp4                     | fmul | primitivedsp | 2       |
|        fmul_32ns_32ns_32_3_primitive_dsp_0_U38                                               | 1    |        | tmp6                     | fmul | primitivedsp | 2       |
|        fadd_32ns_32ns_32_2_primitive_dsp_0_U34                                               | 1    |        | tmp12                    | fadd | primitivedsp | 1       |
|        fadd_32ns_32ns_32_2_primitive_dsp_0_U35                                               | 1    |        | reg_1_0_write_assign     | fadd | primitivedsp | 1       |
|      + kernel_jac3D_kernel_stencil_core (grp_kernel_jac3D_kernel_stencil_core_fu_557)        | 9    |        |                          |      |              |         |
|        fmul_32ns_32ns_32_3_primitive_dsp_0_U36                                               | 1    |        | tmp2                     | fmul | primitivedsp | 2       |
|        fmul_32ns_32ns_32_3_primitive_dsp_0_U37                                               | 1    |        | tmp4                     | fmul | primitivedsp | 2       |
|        fmul_32ns_32ns_32_3_primitive_dsp_0_U38                                               | 1    |        | tmp6                     | fmul | primitivedsp | 2       |
|        fadd_32ns_32ns_32_2_primitive_dsp_0_U34                                               | 1    |        | tmp12                    | fadd | primitivedsp | 1       |
|        fadd_32ns_32ns_32_2_primitive_dsp_0_U35                                               | 1    |        | reg_1_0_write_assign     | fadd | primitivedsp | 1       |
|      + kernel_jac3D_kernel_stencil_core (grp_kernel_jac3D_kernel_stencil_core_fu_569)        | 9    |        |                          |      |              |         |
|        fmul_32ns_32ns_32_3_primitive_dsp_0_U36                                               | 1    |        | tmp2                     | fmul | primitivedsp | 2       |
|        fmul_32ns_32ns_32_3_primitive_dsp_0_U37                                               | 1    |        | tmp4                     | fmul | primitivedsp | 2       |
|        fmul_32ns_32ns_32_3_primitive_dsp_0_U38                                               | 1    |        | tmp6                     | fmul | primitivedsp | 2       |
|        fadd_32ns_32ns_32_2_primitive_dsp_0_U34                                               | 1    |        | tmp12                    | fadd | primitivedsp | 1       |
|        fadd_32ns_32ns_32_2_primitive_dsp_0_U35                                               | 1    |        | reg_1_0_write_assign     | fadd | primitivedsp | 1       |
|      + kernel_jac3D_kernel_stencil_core (grp_kernel_jac3D_kernel_stencil_core_fu_580)        | 9    |        |                          |      |              |         |
|        fmul_32ns_32ns_32_3_primitive_dsp_0_U36                                               | 1    |        | tmp2                     | fmul | primitivedsp | 2       |
|        fmul_32ns_32ns_32_3_primitive_dsp_0_U37                                               | 1    |        | tmp4                     | fmul | primitivedsp | 2       |
|        fmul_32ns_32ns_32_3_primitive_dsp_0_U38                                               | 1    |        | tmp6                     | fmul | primitivedsp | 2       |
|        fadd_32ns_32ns_32_2_primitive_dsp_0_U34                                               | 1    |        | tmp12                    | fadd | primitivedsp | 1       |
|        fadd_32ns_32ns_32_2_primitive_dsp_0_U35                                               | 1    |        | reg_1_0_write_assign     | fadd | primitivedsp | 1       |
|      + kernel_jac3D_kernel_stencil_core (grp_kernel_jac3D_kernel_stencil_core_fu_591)        | 9    |        |                          |      |              |         |
|        fmul_32ns_32ns_32_3_primitive_dsp_0_U36                                               | 1    |        | tmp2                     | fmul | primitivedsp | 2       |
|        fmul_32ns_32ns_32_3_primitive_dsp_0_U37                                               | 1    |        | tmp4                     | fmul | primitivedsp | 2       |
|        fmul_32ns_32ns_32_3_primitive_dsp_0_U38                                               | 1    |        | tmp6                     | fmul | primitivedsp | 2       |
|        fadd_32ns_32ns_32_2_primitive_dsp_0_U34                                               | 1    |        | tmp12                    | fadd | primitivedsp | 1       |
|        fadd_32ns_32ns_32_2_primitive_dsp_0_U35                                               | 1    |        | reg_1_0_write_assign     | fadd | primitivedsp | 1       |
|   + joint_PE_outerloop_0_6                                                                   | 78   |        |                          |      |              |         |
|    + stencilRun (grp_stencilRun_fu_210)                                                      | 78   |        |                          |      |              |         |
|      mac_muladd_16ns_16ns_1s_16_4_1_U76                                                      | 1    |        | mul_ln96                 | mul  | dsp48        | 3       |
|      mac_muladd_16ns_16ns_1s_16_4_1_U76                                                      | 1    |        | plane_diff               | add  | dsp48        | 3       |
|      mul_mul_16ns_16ns_32_4_1_U75                                                            | 1    |        | mul_ln147                | mul  | dsp48        | 3       |
|      mul_32s_16ns_32_3_1_U73                                                                 | 2    |        | iter_limit               | mul  | auto         | 2       |
|      mul_32s_16ns_32_3_1_U74                                                                 | 2    |        | S3D_7PT_read_ub_itr      | mul  | auto         | 2       |
|      add_ln190_fu_189_p2                                                                     | -    |        | add_ln190                | add  | fabric       | 0       |
|      cond_x_val_fu_196_p2                                                                    | -    |        | cond_x_val               | add  | fabric       | 0       |
|      cond_y_val_fu_202_p2                                                                    | -    |        | cond_y_val               | add  | fabric       | 0       |
|      cond_z_val_fu_208_p2                                                                    | -    |        | cond_z_val               | add  | fabric       | 0       |
|     + stencilRun_Pipeline_VITIS_LOOP_194_1 (grp_stencilRun_Pipeline_VITIS_LOOP_194_1_fu_132) | 72   |        |                          |      |              |         |
|       itr_fu_734_p2                                                                          | -    |        | itr                      | add  | fabric       | 0       |
|       i_1_fu_1182_p2                                                                         | -    |        | i_1                      | add  | fabric       | 0       |
|       add_ln237_fu_1214_p2                                                                   | -    |        | add_ln237                | add  | fabric       | 0       |
|       add_ln241_fu_1627_p2                                                                   | -    |        | add_ln241                | add  | fabric       | 0       |
|       S3D_7PT_buf_p0_1_rd_1_fu_1875_p2                                                       | -    |        | S3D_7PT_buf_p0_1_rd_1    | add  | fabric       | 0       |
|       S3D_7PT_buf_p0_1_wr_1_fu_1681_p2                                                       | -    |        | S3D_7PT_buf_p0_1_wr_1    | add  | fabric       | 0       |
|       S3D_7PT_buf_r0_1_p1_rd_1_fu_1282_p2                                                    | -    |        | S3D_7PT_buf_r0_1_p1_rd_1 | add  | fabric       | 0       |
|       S3D_7PT_buf_r0_1_p1_wr_1_fu_1110_p2                                                    | -    |        | S3D_7PT_buf_r0_1_p1_wr_1 | add  | fabric       | 0       |
|       S3D_7PT_buf_r1_2_p1_rd_1_fu_1139_p2                                                    | -    |        | S3D_7PT_buf_r1_2_p1_rd_1 | add  | fabric       | 0       |
|       S3D_7PT_buf_r1_2_p1_wr_1_fu_966_p2                                                     | -    |        | S3D_7PT_buf_r1_2_p1_wr_1 | add  | fabric       | 0       |
|       S3D_7PT_buf_p1_2_rd_1_fu_836_p2                                                        | -    |        | S3D_7PT_buf_p1_2_rd_1    | add  | fabric       | 0       |
|       S3D_7PT_buf_p1_2_wr_1_fu_781_p2                                                        | -    |        | S3D_7PT_buf_p1_2_wr_1    | add  | fabric       | 0       |
|      + kernel_jac3D_kernel_stencil_core (grp_kernel_jac3D_kernel_stencil_core_fu_509)        | 9    |        |                          |      |              |         |
|        fmul_32ns_32ns_32_3_primitive_dsp_0_U36                                               | 1    |        | tmp2                     | fmul | primitivedsp | 2       |
|        fmul_32ns_32ns_32_3_primitive_dsp_0_U37                                               | 1    |        | tmp4                     | fmul | primitivedsp | 2       |
|        fmul_32ns_32ns_32_3_primitive_dsp_0_U38                                               | 1    |        | tmp6                     | fmul | primitivedsp | 2       |
|        fadd_32ns_32ns_32_2_primitive_dsp_0_U34                                               | 1    |        | tmp12                    | fadd | primitivedsp | 1       |
|        fadd_32ns_32ns_32_2_primitive_dsp_0_U35                                               | 1    |        | reg_1_0_write_assign     | fadd | primitivedsp | 1       |
|      + kernel_jac3D_kernel_stencil_core (grp_kernel_jac3D_kernel_stencil_core_fu_521)        | 9    |        |                          |      |              |         |
|        fmul_32ns_32ns_32_3_primitive_dsp_0_U36                                               | 1    |        | tmp2                     | fmul | primitivedsp | 2       |
|        fmul_32ns_32ns_32_3_primitive_dsp_0_U37                                               | 1    |        | tmp4                     | fmul | primitivedsp | 2       |
|        fmul_32ns_32ns_32_3_primitive_dsp_0_U38                                               | 1    |        | tmp6                     | fmul | primitivedsp | 2       |
|        fadd_32ns_32ns_32_2_primitive_dsp_0_U34                                               | 1    |        | tmp12                    | fadd | primitivedsp | 1       |
|        fadd_32ns_32ns_32_2_primitive_dsp_0_U35                                               | 1    |        | reg_1_0_write_assign     | fadd | primitivedsp | 1       |
|      + kernel_jac3D_kernel_stencil_core (grp_kernel_jac3D_kernel_stencil_core_fu_533)        | 9    |        |                          |      |              |         |
|        fmul_32ns_32ns_32_3_primitive_dsp_0_U36                                               | 1    |        | tmp2                     | fmul | primitivedsp | 2       |
|        fmul_32ns_32ns_32_3_primitive_dsp_0_U37                                               | 1    |        | tmp4                     | fmul | primitivedsp | 2       |
|        fmul_32ns_32ns_32_3_primitive_dsp_0_U38                                               | 1    |        | tmp6                     | fmul | primitivedsp | 2       |
|        fadd_32ns_32ns_32_2_primitive_dsp_0_U34                                               | 1    |        | tmp12                    | fadd | primitivedsp | 1       |
|        fadd_32ns_32ns_32_2_primitive_dsp_0_U35                                               | 1    |        | reg_1_0_write_assign     | fadd | primitivedsp | 1       |
|      + kernel_jac3D_kernel_stencil_core (grp_kernel_jac3D_kernel_stencil_core_fu_545)        | 9    |        |                          |      |              |         |
|        fmul_32ns_32ns_32_3_primitive_dsp_0_U36                                               | 1    |        | tmp2                     | fmul | primitivedsp | 2       |
|        fmul_32ns_32ns_32_3_primitive_dsp_0_U37                                               | 1    |        | tmp4                     | fmul | primitivedsp | 2       |
|        fmul_32ns_32ns_32_3_primitive_dsp_0_U38                                               | 1    |        | tmp6                     | fmul | primitivedsp | 2       |
|        fadd_32ns_32ns_32_2_primitive_dsp_0_U34                                               | 1    |        | tmp12                    | fadd | primitivedsp | 1       |
|        fadd_32ns_32ns_32_2_primitive_dsp_0_U35                                               | 1    |        | reg_1_0_write_assign     | fadd | primitivedsp | 1       |
|      + kernel_jac3D_kernel_stencil_core (grp_kernel_jac3D_kernel_stencil_core_fu_557)        | 9    |        |                          |      |              |         |
|        fmul_32ns_32ns_32_3_primitive_dsp_0_U36                                               | 1    |        | tmp2                     | fmul | primitivedsp | 2       |
|        fmul_32ns_32ns_32_3_primitive_dsp_0_U37                                               | 1    |        | tmp4                     | fmul | primitivedsp | 2       |
|        fmul_32ns_32ns_32_3_primitive_dsp_0_U38                                               | 1    |        | tmp6                     | fmul | primitivedsp | 2       |
|        fadd_32ns_32ns_32_2_primitive_dsp_0_U34                                               | 1    |        | tmp12                    | fadd | primitivedsp | 1       |
|        fadd_32ns_32ns_32_2_primitive_dsp_0_U35                                               | 1    |        | reg_1_0_write_assign     | fadd | primitivedsp | 1       |
|      + kernel_jac3D_kernel_stencil_core (grp_kernel_jac3D_kernel_stencil_core_fu_569)        | 9    |        |                          |      |              |         |
|        fmul_32ns_32ns_32_3_primitive_dsp_0_U36                                               | 1    |        | tmp2                     | fmul | primitivedsp | 2       |
|        fmul_32ns_32ns_32_3_primitive_dsp_0_U37                                               | 1    |        | tmp4                     | fmul | primitivedsp | 2       |
|        fmul_32ns_32ns_32_3_primitive_dsp_0_U38                                               | 1    |        | tmp6                     | fmul | primitivedsp | 2       |
|        fadd_32ns_32ns_32_2_primitive_dsp_0_U34                                               | 1    |        | tmp12                    | fadd | primitivedsp | 1       |
|        fadd_32ns_32ns_32_2_primitive_dsp_0_U35                                               | 1    |        | reg_1_0_write_assign     | fadd | primitivedsp | 1       |
|      + kernel_jac3D_kernel_stencil_core (grp_kernel_jac3D_kernel_stencil_core_fu_580)        | 9    |        |                          |      |              |         |
|        fmul_32ns_32ns_32_3_primitive_dsp_0_U36                                               | 1    |        | tmp2                     | fmul | primitivedsp | 2       |
|        fmul_32ns_32ns_32_3_primitive_dsp_0_U37                                               | 1    |        | tmp4                     | fmul | primitivedsp | 2       |
|        fmul_32ns_32ns_32_3_primitive_dsp_0_U38                                               | 1    |        | tmp6                     | fmul | primitivedsp | 2       |
|        fadd_32ns_32ns_32_2_primitive_dsp_0_U34                                               | 1    |        | tmp12                    | fadd | primitivedsp | 1       |
|        fadd_32ns_32ns_32_2_primitive_dsp_0_U35                                               | 1    |        | reg_1_0_write_assign     | fadd | primitivedsp | 1       |
|      + kernel_jac3D_kernel_stencil_core (grp_kernel_jac3D_kernel_stencil_core_fu_591)        | 9    |        |                          |      |              |         |
|        fmul_32ns_32ns_32_3_primitive_dsp_0_U36                                               | 1    |        | tmp2                     | fmul | primitivedsp | 2       |
|        fmul_32ns_32ns_32_3_primitive_dsp_0_U37                                               | 1    |        | tmp4                     | fmul | primitivedsp | 2       |
|        fmul_32ns_32ns_32_3_primitive_dsp_0_U38                                               | 1    |        | tmp6                     | fmul | primitivedsp | 2       |
|        fadd_32ns_32ns_32_2_primitive_dsp_0_U34                                               | 1    |        | tmp12                    | fadd | primitivedsp | 1       |
|        fadd_32ns_32ns_32_2_primitive_dsp_0_U35                                               | 1    |        | reg_1_0_write_assign     | fadd | primitivedsp | 1       |
|   + joint_PE_outerloop_0_7                                                                   | 78   |        |                          |      |              |         |
|    + stencilRun (grp_stencilRun_fu_210)                                                      | 78   |        |                          |      |              |         |
|      mac_muladd_16ns_16ns_1s_16_4_1_U76                                                      | 1    |        | mul_ln96                 | mul  | dsp48        | 3       |
|      mac_muladd_16ns_16ns_1s_16_4_1_U76                                                      | 1    |        | plane_diff               | add  | dsp48        | 3       |
|      mul_mul_16ns_16ns_32_4_1_U75                                                            | 1    |        | mul_ln147                | mul  | dsp48        | 3       |
|      mul_32s_16ns_32_3_1_U73                                                                 | 2    |        | iter_limit               | mul  | auto         | 2       |
|      mul_32s_16ns_32_3_1_U74                                                                 | 2    |        | S3D_7PT_read_ub_itr      | mul  | auto         | 2       |
|      add_ln190_fu_189_p2                                                                     | -    |        | add_ln190                | add  | fabric       | 0       |
|      cond_x_val_fu_196_p2                                                                    | -    |        | cond_x_val               | add  | fabric       | 0       |
|      cond_y_val_fu_202_p2                                                                    | -    |        | cond_y_val               | add  | fabric       | 0       |
|      cond_z_val_fu_208_p2                                                                    | -    |        | cond_z_val               | add  | fabric       | 0       |
|     + stencilRun_Pipeline_VITIS_LOOP_194_1 (grp_stencilRun_Pipeline_VITIS_LOOP_194_1_fu_132) | 72   |        |                          |      |              |         |
|       itr_fu_734_p2                                                                          | -    |        | itr                      | add  | fabric       | 0       |
|       i_1_fu_1182_p2                                                                         | -    |        | i_1                      | add  | fabric       | 0       |
|       add_ln237_fu_1214_p2                                                                   | -    |        | add_ln237                | add  | fabric       | 0       |
|       add_ln241_fu_1627_p2                                                                   | -    |        | add_ln241                | add  | fabric       | 0       |
|       S3D_7PT_buf_p0_1_rd_1_fu_1875_p2                                                       | -    |        | S3D_7PT_buf_p0_1_rd_1    | add  | fabric       | 0       |
|       S3D_7PT_buf_p0_1_wr_1_fu_1681_p2                                                       | -    |        | S3D_7PT_buf_p0_1_wr_1    | add  | fabric       | 0       |
|       S3D_7PT_buf_r0_1_p1_rd_1_fu_1282_p2                                                    | -    |        | S3D_7PT_buf_r0_1_p1_rd_1 | add  | fabric       | 0       |
|       S3D_7PT_buf_r0_1_p1_wr_1_fu_1110_p2                                                    | -    |        | S3D_7PT_buf_r0_1_p1_wr_1 | add  | fabric       | 0       |
|       S3D_7PT_buf_r1_2_p1_rd_1_fu_1139_p2                                                    | -    |        | S3D_7PT_buf_r1_2_p1_rd_1 | add  | fabric       | 0       |
|       S3D_7PT_buf_r1_2_p1_wr_1_fu_966_p2                                                     | -    |        | S3D_7PT_buf_r1_2_p1_wr_1 | add  | fabric       | 0       |
|       S3D_7PT_buf_p1_2_rd_1_fu_836_p2                                                        | -    |        | S3D_7PT_buf_p1_2_rd_1    | add  | fabric       | 0       |
|       S3D_7PT_buf_p1_2_wr_1_fu_781_p2                                                        | -    |        | S3D_7PT_buf_p1_2_wr_1    | add  | fabric       | 0       |
|      + kernel_jac3D_kernel_stencil_core (grp_kernel_jac3D_kernel_stencil_core_fu_509)        | 9    |        |                          |      |              |         |
|        fmul_32ns_32ns_32_3_primitive_dsp_0_U36                                               | 1    |        | tmp2                     | fmul | primitivedsp | 2       |
|        fmul_32ns_32ns_32_3_primitive_dsp_0_U37                                               | 1    |        | tmp4                     | fmul | primitivedsp | 2       |
|        fmul_32ns_32ns_32_3_primitive_dsp_0_U38                                               | 1    |        | tmp6                     | fmul | primitivedsp | 2       |
|        fadd_32ns_32ns_32_2_primitive_dsp_0_U34                                               | 1    |        | tmp12                    | fadd | primitivedsp | 1       |
|        fadd_32ns_32ns_32_2_primitive_dsp_0_U35                                               | 1    |        | reg_1_0_write_assign     | fadd | primitivedsp | 1       |
|      + kernel_jac3D_kernel_stencil_core (grp_kernel_jac3D_kernel_stencil_core_fu_521)        | 9    |        |                          |      |              |         |
|        fmul_32ns_32ns_32_3_primitive_dsp_0_U36                                               | 1    |        | tmp2                     | fmul | primitivedsp | 2       |
|        fmul_32ns_32ns_32_3_primitive_dsp_0_U37                                               | 1    |        | tmp4                     | fmul | primitivedsp | 2       |
|        fmul_32ns_32ns_32_3_primitive_dsp_0_U38                                               | 1    |        | tmp6                     | fmul | primitivedsp | 2       |
|        fadd_32ns_32ns_32_2_primitive_dsp_0_U34                                               | 1    |        | tmp12                    | fadd | primitivedsp | 1       |
|        fadd_32ns_32ns_32_2_primitive_dsp_0_U35                                               | 1    |        | reg_1_0_write_assign     | fadd | primitivedsp | 1       |
|      + kernel_jac3D_kernel_stencil_core (grp_kernel_jac3D_kernel_stencil_core_fu_533)        | 9    |        |                          |      |              |         |
|        fmul_32ns_32ns_32_3_primitive_dsp_0_U36                                               | 1    |        | tmp2                     | fmul | primitivedsp | 2       |
|        fmul_32ns_32ns_32_3_primitive_dsp_0_U37                                               | 1    |        | tmp4                     | fmul | primitivedsp | 2       |
|        fmul_32ns_32ns_32_3_primitive_dsp_0_U38                                               | 1    |        | tmp6                     | fmul | primitivedsp | 2       |
|        fadd_32ns_32ns_32_2_primitive_dsp_0_U34                                               | 1    |        | tmp12                    | fadd | primitivedsp | 1       |
|        fadd_32ns_32ns_32_2_primitive_dsp_0_U35                                               | 1    |        | reg_1_0_write_assign     | fadd | primitivedsp | 1       |
|      + kernel_jac3D_kernel_stencil_core (grp_kernel_jac3D_kernel_stencil_core_fu_545)        | 9    |        |                          |      |              |         |
|        fmul_32ns_32ns_32_3_primitive_dsp_0_U36                                               | 1    |        | tmp2                     | fmul | primitivedsp | 2       |
|        fmul_32ns_32ns_32_3_primitive_dsp_0_U37                                               | 1    |        | tmp4                     | fmul | primitivedsp | 2       |
|        fmul_32ns_32ns_32_3_primitive_dsp_0_U38                                               | 1    |        | tmp6                     | fmul | primitivedsp | 2       |
|        fadd_32ns_32ns_32_2_primitive_dsp_0_U34                                               | 1    |        | tmp12                    | fadd | primitivedsp | 1       |
|        fadd_32ns_32ns_32_2_primitive_dsp_0_U35                                               | 1    |        | reg_1_0_write_assign     | fadd | primitivedsp | 1       |
|      + kernel_jac3D_kernel_stencil_core (grp_kernel_jac3D_kernel_stencil_core_fu_557)        | 9    |        |                          |      |              |         |
|        fmul_32ns_32ns_32_3_primitive_dsp_0_U36                                               | 1    |        | tmp2                     | fmul | primitivedsp | 2       |
|        fmul_32ns_32ns_32_3_primitive_dsp_0_U37                                               | 1    |        | tmp4                     | fmul | primitivedsp | 2       |
|        fmul_32ns_32ns_32_3_primitive_dsp_0_U38                                               | 1    |        | tmp6                     | fmul | primitivedsp | 2       |
|        fadd_32ns_32ns_32_2_primitive_dsp_0_U34                                               | 1    |        | tmp12                    | fadd | primitivedsp | 1       |
|        fadd_32ns_32ns_32_2_primitive_dsp_0_U35                                               | 1    |        | reg_1_0_write_assign     | fadd | primitivedsp | 1       |
|      + kernel_jac3D_kernel_stencil_core (grp_kernel_jac3D_kernel_stencil_core_fu_569)        | 9    |        |                          |      |              |         |
|        fmul_32ns_32ns_32_3_primitive_dsp_0_U36                                               | 1    |        | tmp2                     | fmul | primitivedsp | 2       |
|        fmul_32ns_32ns_32_3_primitive_dsp_0_U37                                               | 1    |        | tmp4                     | fmul | primitivedsp | 2       |
|        fmul_32ns_32ns_32_3_primitive_dsp_0_U38                                               | 1    |        | tmp6                     | fmul | primitivedsp | 2       |
|        fadd_32ns_32ns_32_2_primitive_dsp_0_U34                                               | 1    |        | tmp12                    | fadd | primitivedsp | 1       |
|        fadd_32ns_32ns_32_2_primitive_dsp_0_U35                                               | 1    |        | reg_1_0_write_assign     | fadd | primitivedsp | 1       |
|      + kernel_jac3D_kernel_stencil_core (grp_kernel_jac3D_kernel_stencil_core_fu_580)        | 9    |        |                          |      |              |         |
|        fmul_32ns_32ns_32_3_primitive_dsp_0_U36                                               | 1    |        | tmp2                     | fmul | primitivedsp | 2       |
|        fmul_32ns_32ns_32_3_primitive_dsp_0_U37                                               | 1    |        | tmp4                     | fmul | primitivedsp | 2       |
|        fmul_32ns_32ns_32_3_primitive_dsp_0_U38                                               | 1    |        | tmp6                     | fmul | primitivedsp | 2       |
|        fadd_32ns_32ns_32_2_primitive_dsp_0_U34                                               | 1    |        | tmp12                    | fadd | primitivedsp | 1       |
|        fadd_32ns_32ns_32_2_primitive_dsp_0_U35                                               | 1    |        | reg_1_0_write_assign     | fadd | primitivedsp | 1       |
|      + kernel_jac3D_kernel_stencil_core (grp_kernel_jac3D_kernel_stencil_core_fu_591)        | 9    |        |                          |      |              |         |
|        fmul_32ns_32ns_32_3_primitive_dsp_0_U36                                               | 1    |        | tmp2                     | fmul | primitivedsp | 2       |
|        fmul_32ns_32ns_32_3_primitive_dsp_0_U37                                               | 1    |        | tmp4                     | fmul | primitivedsp | 2       |
|        fmul_32ns_32ns_32_3_primitive_dsp_0_U38                                               | 1    |        | tmp6                     | fmul | primitivedsp | 2       |
|        fadd_32ns_32ns_32_2_primitive_dsp_0_U34                                               | 1    |        | tmp12                    | fadd | primitivedsp | 1       |
|        fadd_32ns_32ns_32_2_primitive_dsp_0_U35                                               | 1    |        | reg_1_0_write_assign     | fadd | primitivedsp | 1       |
|   + joint_PE_outerloop_0_8                                                                   | 78   |        |                          |      |              |         |
|    + stencilRun (grp_stencilRun_fu_210)                                                      | 78   |        |                          |      |              |         |
|      mac_muladd_16ns_16ns_1s_16_4_1_U76                                                      | 1    |        | mul_ln96                 | mul  | dsp48        | 3       |
|      mac_muladd_16ns_16ns_1s_16_4_1_U76                                                      | 1    |        | plane_diff               | add  | dsp48        | 3       |
|      mul_mul_16ns_16ns_32_4_1_U75                                                            | 1    |        | mul_ln147                | mul  | dsp48        | 3       |
|      mul_32s_16ns_32_3_1_U73                                                                 | 2    |        | iter_limit               | mul  | auto         | 2       |
|      mul_32s_16ns_32_3_1_U74                                                                 | 2    |        | S3D_7PT_read_ub_itr      | mul  | auto         | 2       |
|      add_ln190_fu_189_p2                                                                     | -    |        | add_ln190                | add  | fabric       | 0       |
|      cond_x_val_fu_196_p2                                                                    | -    |        | cond_x_val               | add  | fabric       | 0       |
|      cond_y_val_fu_202_p2                                                                    | -    |        | cond_y_val               | add  | fabric       | 0       |
|      cond_z_val_fu_208_p2                                                                    | -    |        | cond_z_val               | add  | fabric       | 0       |
|     + stencilRun_Pipeline_VITIS_LOOP_194_1 (grp_stencilRun_Pipeline_VITIS_LOOP_194_1_fu_132) | 72   |        |                          |      |              |         |
|       itr_fu_734_p2                                                                          | -    |        | itr                      | add  | fabric       | 0       |
|       i_1_fu_1182_p2                                                                         | -    |        | i_1                      | add  | fabric       | 0       |
|       add_ln237_fu_1214_p2                                                                   | -    |        | add_ln237                | add  | fabric       | 0       |
|       add_ln241_fu_1627_p2                                                                   | -    |        | add_ln241                | add  | fabric       | 0       |
|       S3D_7PT_buf_p0_1_rd_1_fu_1875_p2                                                       | -    |        | S3D_7PT_buf_p0_1_rd_1    | add  | fabric       | 0       |
|       S3D_7PT_buf_p0_1_wr_1_fu_1681_p2                                                       | -    |        | S3D_7PT_buf_p0_1_wr_1    | add  | fabric       | 0       |
|       S3D_7PT_buf_r0_1_p1_rd_1_fu_1282_p2                                                    | -    |        | S3D_7PT_buf_r0_1_p1_rd_1 | add  | fabric       | 0       |
|       S3D_7PT_buf_r0_1_p1_wr_1_fu_1110_p2                                                    | -    |        | S3D_7PT_buf_r0_1_p1_wr_1 | add  | fabric       | 0       |
|       S3D_7PT_buf_r1_2_p1_rd_1_fu_1139_p2                                                    | -    |        | S3D_7PT_buf_r1_2_p1_rd_1 | add  | fabric       | 0       |
|       S3D_7PT_buf_r1_2_p1_wr_1_fu_966_p2                                                     | -    |        | S3D_7PT_buf_r1_2_p1_wr_1 | add  | fabric       | 0       |
|       S3D_7PT_buf_p1_2_rd_1_fu_836_p2                                                        | -    |        | S3D_7PT_buf_p1_2_rd_1    | add  | fabric       | 0       |
|       S3D_7PT_buf_p1_2_wr_1_fu_781_p2                                                        | -    |        | S3D_7PT_buf_p1_2_wr_1    | add  | fabric       | 0       |
|      + kernel_jac3D_kernel_stencil_core (grp_kernel_jac3D_kernel_stencil_core_fu_509)        | 9    |        |                          |      |              |         |
|        fmul_32ns_32ns_32_3_primitive_dsp_0_U36                                               | 1    |        | tmp2                     | fmul | primitivedsp | 2       |
|        fmul_32ns_32ns_32_3_primitive_dsp_0_U37                                               | 1    |        | tmp4                     | fmul | primitivedsp | 2       |
|        fmul_32ns_32ns_32_3_primitive_dsp_0_U38                                               | 1    |        | tmp6                     | fmul | primitivedsp | 2       |
|        fadd_32ns_32ns_32_2_primitive_dsp_0_U34                                               | 1    |        | tmp12                    | fadd | primitivedsp | 1       |
|        fadd_32ns_32ns_32_2_primitive_dsp_0_U35                                               | 1    |        | reg_1_0_write_assign     | fadd | primitivedsp | 1       |
|      + kernel_jac3D_kernel_stencil_core (grp_kernel_jac3D_kernel_stencil_core_fu_521)        | 9    |        |                          |      |              |         |
|        fmul_32ns_32ns_32_3_primitive_dsp_0_U36                                               | 1    |        | tmp2                     | fmul | primitivedsp | 2       |
|        fmul_32ns_32ns_32_3_primitive_dsp_0_U37                                               | 1    |        | tmp4                     | fmul | primitivedsp | 2       |
|        fmul_32ns_32ns_32_3_primitive_dsp_0_U38                                               | 1    |        | tmp6                     | fmul | primitivedsp | 2       |
|        fadd_32ns_32ns_32_2_primitive_dsp_0_U34                                               | 1    |        | tmp12                    | fadd | primitivedsp | 1       |
|        fadd_32ns_32ns_32_2_primitive_dsp_0_U35                                               | 1    |        | reg_1_0_write_assign     | fadd | primitivedsp | 1       |
|      + kernel_jac3D_kernel_stencil_core (grp_kernel_jac3D_kernel_stencil_core_fu_533)        | 9    |        |                          |      |              |         |
|        fmul_32ns_32ns_32_3_primitive_dsp_0_U36                                               | 1    |        | tmp2                     | fmul | primitivedsp | 2       |
|        fmul_32ns_32ns_32_3_primitive_dsp_0_U37                                               | 1    |        | tmp4                     | fmul | primitivedsp | 2       |
|        fmul_32ns_32ns_32_3_primitive_dsp_0_U38                                               | 1    |        | tmp6                     | fmul | primitivedsp | 2       |
|        fadd_32ns_32ns_32_2_primitive_dsp_0_U34                                               | 1    |        | tmp12                    | fadd | primitivedsp | 1       |
|        fadd_32ns_32ns_32_2_primitive_dsp_0_U35                                               | 1    |        | reg_1_0_write_assign     | fadd | primitivedsp | 1       |
|      + kernel_jac3D_kernel_stencil_core (grp_kernel_jac3D_kernel_stencil_core_fu_545)        | 9    |        |                          |      |              |         |
|        fmul_32ns_32ns_32_3_primitive_dsp_0_U36                                               | 1    |        | tmp2                     | fmul | primitivedsp | 2       |
|        fmul_32ns_32ns_32_3_primitive_dsp_0_U37                                               | 1    |        | tmp4                     | fmul | primitivedsp | 2       |
|        fmul_32ns_32ns_32_3_primitive_dsp_0_U38                                               | 1    |        | tmp6                     | fmul | primitivedsp | 2       |
|        fadd_32ns_32ns_32_2_primitive_dsp_0_U34                                               | 1    |        | tmp12                    | fadd | primitivedsp | 1       |
|        fadd_32ns_32ns_32_2_primitive_dsp_0_U35                                               | 1    |        | reg_1_0_write_assign     | fadd | primitivedsp | 1       |
|      + kernel_jac3D_kernel_stencil_core (grp_kernel_jac3D_kernel_stencil_core_fu_557)        | 9    |        |                          |      |              |         |
|        fmul_32ns_32ns_32_3_primitive_dsp_0_U36                                               | 1    |        | tmp2                     | fmul | primitivedsp | 2       |
|        fmul_32ns_32ns_32_3_primitive_dsp_0_U37                                               | 1    |        | tmp4                     | fmul | primitivedsp | 2       |
|        fmul_32ns_32ns_32_3_primitive_dsp_0_U38                                               | 1    |        | tmp6                     | fmul | primitivedsp | 2       |
|        fadd_32ns_32ns_32_2_primitive_dsp_0_U34                                               | 1    |        | tmp12                    | fadd | primitivedsp | 1       |
|        fadd_32ns_32ns_32_2_primitive_dsp_0_U35                                               | 1    |        | reg_1_0_write_assign     | fadd | primitivedsp | 1       |
|      + kernel_jac3D_kernel_stencil_core (grp_kernel_jac3D_kernel_stencil_core_fu_569)        | 9    |        |                          |      |              |         |
|        fmul_32ns_32ns_32_3_primitive_dsp_0_U36                                               | 1    |        | tmp2                     | fmul | primitivedsp | 2       |
|        fmul_32ns_32ns_32_3_primitive_dsp_0_U37                                               | 1    |        | tmp4                     | fmul | primitivedsp | 2       |
|        fmul_32ns_32ns_32_3_primitive_dsp_0_U38                                               | 1    |        | tmp6                     | fmul | primitivedsp | 2       |
|        fadd_32ns_32ns_32_2_primitive_dsp_0_U34                                               | 1    |        | tmp12                    | fadd | primitivedsp | 1       |
|        fadd_32ns_32ns_32_2_primitive_dsp_0_U35                                               | 1    |        | reg_1_0_write_assign     | fadd | primitivedsp | 1       |
|      + kernel_jac3D_kernel_stencil_core (grp_kernel_jac3D_kernel_stencil_core_fu_580)        | 9    |        |                          |      |              |         |
|        fmul_32ns_32ns_32_3_primitive_dsp_0_U36                                               | 1    |        | tmp2                     | fmul | primitivedsp | 2       |
|        fmul_32ns_32ns_32_3_primitive_dsp_0_U37                                               | 1    |        | tmp4                     | fmul | primitivedsp | 2       |
|        fmul_32ns_32ns_32_3_primitive_dsp_0_U38                                               | 1    |        | tmp6                     | fmul | primitivedsp | 2       |
|        fadd_32ns_32ns_32_2_primitive_dsp_0_U34                                               | 1    |        | tmp12                    | fadd | primitivedsp | 1       |
|        fadd_32ns_32ns_32_2_primitive_dsp_0_U35                                               | 1    |        | reg_1_0_write_assign     | fadd | primitivedsp | 1       |
|      + kernel_jac3D_kernel_stencil_core (grp_kernel_jac3D_kernel_stencil_core_fu_591)        | 9    |        |                          |      |              |         |
|        fmul_32ns_32ns_32_3_primitive_dsp_0_U36                                               | 1    |        | tmp2                     | fmul | primitivedsp | 2       |
|        fmul_32ns_32ns_32_3_primitive_dsp_0_U37                                               | 1    |        | tmp4                     | fmul | primitivedsp | 2       |
|        fmul_32ns_32ns_32_3_primitive_dsp_0_U38                                               | 1    |        | tmp6                     | fmul | primitivedsp | 2       |
|        fadd_32ns_32ns_32_2_primitive_dsp_0_U34                                               | 1    |        | tmp12                    | fadd | primitivedsp | 1       |
|        fadd_32ns_32ns_32_2_primitive_dsp_0_U35                                               | 1    |        | reg_1_0_write_assign     | fadd | primitivedsp | 1       |
|   + joint_PE_outerloop_0_9                                                                   | 78   |        |                          |      |              |         |
|    + stencilRun (grp_stencilRun_fu_210)                                                      | 78   |        |                          |      |              |         |
|      mac_muladd_16ns_16ns_1s_16_4_1_U76                                                      | 1    |        | mul_ln96                 | mul  | dsp48        | 3       |
|      mac_muladd_16ns_16ns_1s_16_4_1_U76                                                      | 1    |        | plane_diff               | add  | dsp48        | 3       |
|      mul_mul_16ns_16ns_32_4_1_U75                                                            | 1    |        | mul_ln147                | mul  | dsp48        | 3       |
|      mul_32s_16ns_32_3_1_U73                                                                 | 2    |        | iter_limit               | mul  | auto         | 2       |
|      mul_32s_16ns_32_3_1_U74                                                                 | 2    |        | S3D_7PT_read_ub_itr      | mul  | auto         | 2       |
|      add_ln190_fu_189_p2                                                                     | -    |        | add_ln190                | add  | fabric       | 0       |
|      cond_x_val_fu_196_p2                                                                    | -    |        | cond_x_val               | add  | fabric       | 0       |
|      cond_y_val_fu_202_p2                                                                    | -    |        | cond_y_val               | add  | fabric       | 0       |
|      cond_z_val_fu_208_p2                                                                    | -    |        | cond_z_val               | add  | fabric       | 0       |
|     + stencilRun_Pipeline_VITIS_LOOP_194_1 (grp_stencilRun_Pipeline_VITIS_LOOP_194_1_fu_132) | 72   |        |                          |      |              |         |
|       itr_fu_734_p2                                                                          | -    |        | itr                      | add  | fabric       | 0       |
|       i_1_fu_1182_p2                                                                         | -    |        | i_1                      | add  | fabric       | 0       |
|       add_ln237_fu_1214_p2                                                                   | -    |        | add_ln237                | add  | fabric       | 0       |
|       add_ln241_fu_1627_p2                                                                   | -    |        | add_ln241                | add  | fabric       | 0       |
|       S3D_7PT_buf_p0_1_rd_1_fu_1875_p2                                                       | -    |        | S3D_7PT_buf_p0_1_rd_1    | add  | fabric       | 0       |
|       S3D_7PT_buf_p0_1_wr_1_fu_1681_p2                                                       | -    |        | S3D_7PT_buf_p0_1_wr_1    | add  | fabric       | 0       |
|       S3D_7PT_buf_r0_1_p1_rd_1_fu_1282_p2                                                    | -    |        | S3D_7PT_buf_r0_1_p1_rd_1 | add  | fabric       | 0       |
|       S3D_7PT_buf_r0_1_p1_wr_1_fu_1110_p2                                                    | -    |        | S3D_7PT_buf_r0_1_p1_wr_1 | add  | fabric       | 0       |
|       S3D_7PT_buf_r1_2_p1_rd_1_fu_1139_p2                                                    | -    |        | S3D_7PT_buf_r1_2_p1_rd_1 | add  | fabric       | 0       |
|       S3D_7PT_buf_r1_2_p1_wr_1_fu_966_p2                                                     | -    |        | S3D_7PT_buf_r1_2_p1_wr_1 | add  | fabric       | 0       |
|       S3D_7PT_buf_p1_2_rd_1_fu_836_p2                                                        | -    |        | S3D_7PT_buf_p1_2_rd_1    | add  | fabric       | 0       |
|       S3D_7PT_buf_p1_2_wr_1_fu_781_p2                                                        | -    |        | S3D_7PT_buf_p1_2_wr_1    | add  | fabric       | 0       |
|      + kernel_jac3D_kernel_stencil_core (grp_kernel_jac3D_kernel_stencil_core_fu_509)        | 9    |        |                          |      |              |         |
|        fmul_32ns_32ns_32_3_primitive_dsp_0_U36                                               | 1    |        | tmp2                     | fmul | primitivedsp | 2       |
|        fmul_32ns_32ns_32_3_primitive_dsp_0_U37                                               | 1    |        | tmp4                     | fmul | primitivedsp | 2       |
|        fmul_32ns_32ns_32_3_primitive_dsp_0_U38                                               | 1    |        | tmp6                     | fmul | primitivedsp | 2       |
|        fadd_32ns_32ns_32_2_primitive_dsp_0_U34                                               | 1    |        | tmp12                    | fadd | primitivedsp | 1       |
|        fadd_32ns_32ns_32_2_primitive_dsp_0_U35                                               | 1    |        | reg_1_0_write_assign     | fadd | primitivedsp | 1       |
|      + kernel_jac3D_kernel_stencil_core (grp_kernel_jac3D_kernel_stencil_core_fu_521)        | 9    |        |                          |      |              |         |
|        fmul_32ns_32ns_32_3_primitive_dsp_0_U36                                               | 1    |        | tmp2                     | fmul | primitivedsp | 2       |
|        fmul_32ns_32ns_32_3_primitive_dsp_0_U37                                               | 1    |        | tmp4                     | fmul | primitivedsp | 2       |
|        fmul_32ns_32ns_32_3_primitive_dsp_0_U38                                               | 1    |        | tmp6                     | fmul | primitivedsp | 2       |
|        fadd_32ns_32ns_32_2_primitive_dsp_0_U34                                               | 1    |        | tmp12                    | fadd | primitivedsp | 1       |
|        fadd_32ns_32ns_32_2_primitive_dsp_0_U35                                               | 1    |        | reg_1_0_write_assign     | fadd | primitivedsp | 1       |
|      + kernel_jac3D_kernel_stencil_core (grp_kernel_jac3D_kernel_stencil_core_fu_533)        | 9    |        |                          |      |              |         |
|        fmul_32ns_32ns_32_3_primitive_dsp_0_U36                                               | 1    |        | tmp2                     | fmul | primitivedsp | 2       |
|        fmul_32ns_32ns_32_3_primitive_dsp_0_U37                                               | 1    |        | tmp4                     | fmul | primitivedsp | 2       |
|        fmul_32ns_32ns_32_3_primitive_dsp_0_U38                                               | 1    |        | tmp6                     | fmul | primitivedsp | 2       |
|        fadd_32ns_32ns_32_2_primitive_dsp_0_U34                                               | 1    |        | tmp12                    | fadd | primitivedsp | 1       |
|        fadd_32ns_32ns_32_2_primitive_dsp_0_U35                                               | 1    |        | reg_1_0_write_assign     | fadd | primitivedsp | 1       |
|      + kernel_jac3D_kernel_stencil_core (grp_kernel_jac3D_kernel_stencil_core_fu_545)        | 9    |        |                          |      |              |         |
|        fmul_32ns_32ns_32_3_primitive_dsp_0_U36                                               | 1    |        | tmp2                     | fmul | primitivedsp | 2       |
|        fmul_32ns_32ns_32_3_primitive_dsp_0_U37                                               | 1    |        | tmp4                     | fmul | primitivedsp | 2       |
|        fmul_32ns_32ns_32_3_primitive_dsp_0_U38                                               | 1    |        | tmp6                     | fmul | primitivedsp | 2       |
|        fadd_32ns_32ns_32_2_primitive_dsp_0_U34                                               | 1    |        | tmp12                    | fadd | primitivedsp | 1       |
|        fadd_32ns_32ns_32_2_primitive_dsp_0_U35                                               | 1    |        | reg_1_0_write_assign     | fadd | primitivedsp | 1       |
|      + kernel_jac3D_kernel_stencil_core (grp_kernel_jac3D_kernel_stencil_core_fu_557)        | 9    |        |                          |      |              |         |
|        fmul_32ns_32ns_32_3_primitive_dsp_0_U36                                               | 1    |        | tmp2                     | fmul | primitivedsp | 2       |
|        fmul_32ns_32ns_32_3_primitive_dsp_0_U37                                               | 1    |        | tmp4                     | fmul | primitivedsp | 2       |
|        fmul_32ns_32ns_32_3_primitive_dsp_0_U38                                               | 1    |        | tmp6                     | fmul | primitivedsp | 2       |
|        fadd_32ns_32ns_32_2_primitive_dsp_0_U34                                               | 1    |        | tmp12                    | fadd | primitivedsp | 1       |
|        fadd_32ns_32ns_32_2_primitive_dsp_0_U35                                               | 1    |        | reg_1_0_write_assign     | fadd | primitivedsp | 1       |
|      + kernel_jac3D_kernel_stencil_core (grp_kernel_jac3D_kernel_stencil_core_fu_569)        | 9    |        |                          |      |              |         |
|        fmul_32ns_32ns_32_3_primitive_dsp_0_U36                                               | 1    |        | tmp2                     | fmul | primitivedsp | 2       |
|        fmul_32ns_32ns_32_3_primitive_dsp_0_U37                                               | 1    |        | tmp4                     | fmul | primitivedsp | 2       |
|        fmul_32ns_32ns_32_3_primitive_dsp_0_U38                                               | 1    |        | tmp6                     | fmul | primitivedsp | 2       |
|        fadd_32ns_32ns_32_2_primitive_dsp_0_U34                                               | 1    |        | tmp12                    | fadd | primitivedsp | 1       |
|        fadd_32ns_32ns_32_2_primitive_dsp_0_U35                                               | 1    |        | reg_1_0_write_assign     | fadd | primitivedsp | 1       |
|      + kernel_jac3D_kernel_stencil_core (grp_kernel_jac3D_kernel_stencil_core_fu_580)        | 9    |        |                          |      |              |         |
|        fmul_32ns_32ns_32_3_primitive_dsp_0_U36                                               | 1    |        | tmp2                     | fmul | primitivedsp | 2       |
|        fmul_32ns_32ns_32_3_primitive_dsp_0_U37                                               | 1    |        | tmp4                     | fmul | primitivedsp | 2       |
|        fmul_32ns_32ns_32_3_primitive_dsp_0_U38                                               | 1    |        | tmp6                     | fmul | primitivedsp | 2       |
|        fadd_32ns_32ns_32_2_primitive_dsp_0_U34                                               | 1    |        | tmp12                    | fadd | primitivedsp | 1       |
|        fadd_32ns_32ns_32_2_primitive_dsp_0_U35                                               | 1    |        | reg_1_0_write_assign     | fadd | primitivedsp | 1       |
|      + kernel_jac3D_kernel_stencil_core (grp_kernel_jac3D_kernel_stencil_core_fu_591)        | 9    |        |                          |      |              |         |
|        fmul_32ns_32ns_32_3_primitive_dsp_0_U36                                               | 1    |        | tmp2                     | fmul | primitivedsp | 2       |
|        fmul_32ns_32ns_32_3_primitive_dsp_0_U37                                               | 1    |        | tmp4                     | fmul | primitivedsp | 2       |
|        fmul_32ns_32ns_32_3_primitive_dsp_0_U38                                               | 1    |        | tmp6                     | fmul | primitivedsp | 2       |
|        fadd_32ns_32ns_32_2_primitive_dsp_0_U34                                               | 1    |        | tmp12                    | fadd | primitivedsp | 1       |
|        fadd_32ns_32ns_32_2_primitive_dsp_0_U35                                               | 1    |        | reg_1_0_write_assign     | fadd | primitivedsp | 1       |
|   + joint_PE_outerloop_0_10                                                                  | 78   |        |                          |      |              |         |
|    + stencilRun (grp_stencilRun_fu_210)                                                      | 78   |        |                          |      |              |         |
|      mac_muladd_16ns_16ns_1s_16_4_1_U76                                                      | 1    |        | mul_ln96                 | mul  | dsp48        | 3       |
|      mac_muladd_16ns_16ns_1s_16_4_1_U76                                                      | 1    |        | plane_diff               | add  | dsp48        | 3       |
|      mul_mul_16ns_16ns_32_4_1_U75                                                            | 1    |        | mul_ln147                | mul  | dsp48        | 3       |
|      mul_32s_16ns_32_3_1_U73                                                                 | 2    |        | iter_limit               | mul  | auto         | 2       |
|      mul_32s_16ns_32_3_1_U74                                                                 | 2    |        | S3D_7PT_read_ub_itr      | mul  | auto         | 2       |
|      add_ln190_fu_189_p2                                                                     | -    |        | add_ln190                | add  | fabric       | 0       |
|      cond_x_val_fu_196_p2                                                                    | -    |        | cond_x_val               | add  | fabric       | 0       |
|      cond_y_val_fu_202_p2                                                                    | -    |        | cond_y_val               | add  | fabric       | 0       |
|      cond_z_val_fu_208_p2                                                                    | -    |        | cond_z_val               | add  | fabric       | 0       |
|     + stencilRun_Pipeline_VITIS_LOOP_194_1 (grp_stencilRun_Pipeline_VITIS_LOOP_194_1_fu_132) | 72   |        |                          |      |              |         |
|       itr_fu_734_p2                                                                          | -    |        | itr                      | add  | fabric       | 0       |
|       i_1_fu_1182_p2                                                                         | -    |        | i_1                      | add  | fabric       | 0       |
|       add_ln237_fu_1214_p2                                                                   | -    |        | add_ln237                | add  | fabric       | 0       |
|       add_ln241_fu_1627_p2                                                                   | -    |        | add_ln241                | add  | fabric       | 0       |
|       S3D_7PT_buf_p0_1_rd_1_fu_1875_p2                                                       | -    |        | S3D_7PT_buf_p0_1_rd_1    | add  | fabric       | 0       |
|       S3D_7PT_buf_p0_1_wr_1_fu_1681_p2                                                       | -    |        | S3D_7PT_buf_p0_1_wr_1    | add  | fabric       | 0       |
|       S3D_7PT_buf_r0_1_p1_rd_1_fu_1282_p2                                                    | -    |        | S3D_7PT_buf_r0_1_p1_rd_1 | add  | fabric       | 0       |
|       S3D_7PT_buf_r0_1_p1_wr_1_fu_1110_p2                                                    | -    |        | S3D_7PT_buf_r0_1_p1_wr_1 | add  | fabric       | 0       |
|       S3D_7PT_buf_r1_2_p1_rd_1_fu_1139_p2                                                    | -    |        | S3D_7PT_buf_r1_2_p1_rd_1 | add  | fabric       | 0       |
|       S3D_7PT_buf_r1_2_p1_wr_1_fu_966_p2                                                     | -    |        | S3D_7PT_buf_r1_2_p1_wr_1 | add  | fabric       | 0       |
|       S3D_7PT_buf_p1_2_rd_1_fu_836_p2                                                        | -    |        | S3D_7PT_buf_p1_2_rd_1    | add  | fabric       | 0       |
|       S3D_7PT_buf_p1_2_wr_1_fu_781_p2                                                        | -    |        | S3D_7PT_buf_p1_2_wr_1    | add  | fabric       | 0       |
|      + kernel_jac3D_kernel_stencil_core (grp_kernel_jac3D_kernel_stencil_core_fu_509)        | 9    |        |                          |      |              |         |
|        fmul_32ns_32ns_32_3_primitive_dsp_0_U36                                               | 1    |        | tmp2                     | fmul | primitivedsp | 2       |
|        fmul_32ns_32ns_32_3_primitive_dsp_0_U37                                               | 1    |        | tmp4                     | fmul | primitivedsp | 2       |
|        fmul_32ns_32ns_32_3_primitive_dsp_0_U38                                               | 1    |        | tmp6                     | fmul | primitivedsp | 2       |
|        fadd_32ns_32ns_32_2_primitive_dsp_0_U34                                               | 1    |        | tmp12                    | fadd | primitivedsp | 1       |
|        fadd_32ns_32ns_32_2_primitive_dsp_0_U35                                               | 1    |        | reg_1_0_write_assign     | fadd | primitivedsp | 1       |
|      + kernel_jac3D_kernel_stencil_core (grp_kernel_jac3D_kernel_stencil_core_fu_521)        | 9    |        |                          |      |              |         |
|        fmul_32ns_32ns_32_3_primitive_dsp_0_U36                                               | 1    |        | tmp2                     | fmul | primitivedsp | 2       |
|        fmul_32ns_32ns_32_3_primitive_dsp_0_U37                                               | 1    |        | tmp4                     | fmul | primitivedsp | 2       |
|        fmul_32ns_32ns_32_3_primitive_dsp_0_U38                                               | 1    |        | tmp6                     | fmul | primitivedsp | 2       |
|        fadd_32ns_32ns_32_2_primitive_dsp_0_U34                                               | 1    |        | tmp12                    | fadd | primitivedsp | 1       |
|        fadd_32ns_32ns_32_2_primitive_dsp_0_U35                                               | 1    |        | reg_1_0_write_assign     | fadd | primitivedsp | 1       |
|      + kernel_jac3D_kernel_stencil_core (grp_kernel_jac3D_kernel_stencil_core_fu_533)        | 9    |        |                          |      |              |         |
|        fmul_32ns_32ns_32_3_primitive_dsp_0_U36                                               | 1    |        | tmp2                     | fmul | primitivedsp | 2       |
|        fmul_32ns_32ns_32_3_primitive_dsp_0_U37                                               | 1    |        | tmp4                     | fmul | primitivedsp | 2       |
|        fmul_32ns_32ns_32_3_primitive_dsp_0_U38                                               | 1    |        | tmp6                     | fmul | primitivedsp | 2       |
|        fadd_32ns_32ns_32_2_primitive_dsp_0_U34                                               | 1    |        | tmp12                    | fadd | primitivedsp | 1       |
|        fadd_32ns_32ns_32_2_primitive_dsp_0_U35                                               | 1    |        | reg_1_0_write_assign     | fadd | primitivedsp | 1       |
|      + kernel_jac3D_kernel_stencil_core (grp_kernel_jac3D_kernel_stencil_core_fu_545)        | 9    |        |                          |      |              |         |
|        fmul_32ns_32ns_32_3_primitive_dsp_0_U36                                               | 1    |        | tmp2                     | fmul | primitivedsp | 2       |
|        fmul_32ns_32ns_32_3_primitive_dsp_0_U37                                               | 1    |        | tmp4                     | fmul | primitivedsp | 2       |
|        fmul_32ns_32ns_32_3_primitive_dsp_0_U38                                               | 1    |        | tmp6                     | fmul | primitivedsp | 2       |
|        fadd_32ns_32ns_32_2_primitive_dsp_0_U34                                               | 1    |        | tmp12                    | fadd | primitivedsp | 1       |
|        fadd_32ns_32ns_32_2_primitive_dsp_0_U35                                               | 1    |        | reg_1_0_write_assign     | fadd | primitivedsp | 1       |
|      + kernel_jac3D_kernel_stencil_core (grp_kernel_jac3D_kernel_stencil_core_fu_557)        | 9    |        |                          |      |              |         |
|        fmul_32ns_32ns_32_3_primitive_dsp_0_U36                                               | 1    |        | tmp2                     | fmul | primitivedsp | 2       |
|        fmul_32ns_32ns_32_3_primitive_dsp_0_U37                                               | 1    |        | tmp4                     | fmul | primitivedsp | 2       |
|        fmul_32ns_32ns_32_3_primitive_dsp_0_U38                                               | 1    |        | tmp6                     | fmul | primitivedsp | 2       |
|        fadd_32ns_32ns_32_2_primitive_dsp_0_U34                                               | 1    |        | tmp12                    | fadd | primitivedsp | 1       |
|        fadd_32ns_32ns_32_2_primitive_dsp_0_U35                                               | 1    |        | reg_1_0_write_assign     | fadd | primitivedsp | 1       |
|      + kernel_jac3D_kernel_stencil_core (grp_kernel_jac3D_kernel_stencil_core_fu_569)        | 9    |        |                          |      |              |         |
|        fmul_32ns_32ns_32_3_primitive_dsp_0_U36                                               | 1    |        | tmp2                     | fmul | primitivedsp | 2       |
|        fmul_32ns_32ns_32_3_primitive_dsp_0_U37                                               | 1    |        | tmp4                     | fmul | primitivedsp | 2       |
|        fmul_32ns_32ns_32_3_primitive_dsp_0_U38                                               | 1    |        | tmp6                     | fmul | primitivedsp | 2       |
|        fadd_32ns_32ns_32_2_primitive_dsp_0_U34                                               | 1    |        | tmp12                    | fadd | primitivedsp | 1       |
|        fadd_32ns_32ns_32_2_primitive_dsp_0_U35                                               | 1    |        | reg_1_0_write_assign     | fadd | primitivedsp | 1       |
|      + kernel_jac3D_kernel_stencil_core (grp_kernel_jac3D_kernel_stencil_core_fu_580)        | 9    |        |                          |      |              |         |
|        fmul_32ns_32ns_32_3_primitive_dsp_0_U36                                               | 1    |        | tmp2                     | fmul | primitivedsp | 2       |
|        fmul_32ns_32ns_32_3_primitive_dsp_0_U37                                               | 1    |        | tmp4                     | fmul | primitivedsp | 2       |
|        fmul_32ns_32ns_32_3_primitive_dsp_0_U38                                               | 1    |        | tmp6                     | fmul | primitivedsp | 2       |
|        fadd_32ns_32ns_32_2_primitive_dsp_0_U34                                               | 1    |        | tmp12                    | fadd | primitivedsp | 1       |
|        fadd_32ns_32ns_32_2_primitive_dsp_0_U35                                               | 1    |        | reg_1_0_write_assign     | fadd | primitivedsp | 1       |
|      + kernel_jac3D_kernel_stencil_core (grp_kernel_jac3D_kernel_stencil_core_fu_591)        | 9    |        |                          |      |              |         |
|        fmul_32ns_32ns_32_3_primitive_dsp_0_U36                                               | 1    |        | tmp2                     | fmul | primitivedsp | 2       |
|        fmul_32ns_32ns_32_3_primitive_dsp_0_U37                                               | 1    |        | tmp4                     | fmul | primitivedsp | 2       |
|        fmul_32ns_32ns_32_3_primitive_dsp_0_U38                                               | 1    |        | tmp6                     | fmul | primitivedsp | 2       |
|        fadd_32ns_32ns_32_2_primitive_dsp_0_U34                                               | 1    |        | tmp12                    | fadd | primitivedsp | 1       |
|        fadd_32ns_32ns_32_2_primitive_dsp_0_U35                                               | 1    |        | reg_1_0_write_assign     | fadd | primitivedsp | 1       |
|   + joint_PE_outerloop_0_11                                                                  | 78   |        |                          |      |              |         |
|    + stencilRun (grp_stencilRun_fu_210)                                                      | 78   |        |                          |      |              |         |
|      mac_muladd_16ns_16ns_1s_16_4_1_U76                                                      | 1    |        | mul_ln96                 | mul  | dsp48        | 3       |
|      mac_muladd_16ns_16ns_1s_16_4_1_U76                                                      | 1    |        | plane_diff               | add  | dsp48        | 3       |
|      mul_mul_16ns_16ns_32_4_1_U75                                                            | 1    |        | mul_ln147                | mul  | dsp48        | 3       |
|      mul_32s_16ns_32_3_1_U73                                                                 | 2    |        | iter_limit               | mul  | auto         | 2       |
|      mul_32s_16ns_32_3_1_U74                                                                 | 2    |        | S3D_7PT_read_ub_itr      | mul  | auto         | 2       |
|      add_ln190_fu_189_p2                                                                     | -    |        | add_ln190                | add  | fabric       | 0       |
|      cond_x_val_fu_196_p2                                                                    | -    |        | cond_x_val               | add  | fabric       | 0       |
|      cond_y_val_fu_202_p2                                                                    | -    |        | cond_y_val               | add  | fabric       | 0       |
|      cond_z_val_fu_208_p2                                                                    | -    |        | cond_z_val               | add  | fabric       | 0       |
|     + stencilRun_Pipeline_VITIS_LOOP_194_1 (grp_stencilRun_Pipeline_VITIS_LOOP_194_1_fu_132) | 72   |        |                          |      |              |         |
|       itr_fu_734_p2                                                                          | -    |        | itr                      | add  | fabric       | 0       |
|       i_1_fu_1182_p2                                                                         | -    |        | i_1                      | add  | fabric       | 0       |
|       add_ln237_fu_1214_p2                                                                   | -    |        | add_ln237                | add  | fabric       | 0       |
|       add_ln241_fu_1627_p2                                                                   | -    |        | add_ln241                | add  | fabric       | 0       |
|       S3D_7PT_buf_p0_1_rd_1_fu_1875_p2                                                       | -    |        | S3D_7PT_buf_p0_1_rd_1    | add  | fabric       | 0       |
|       S3D_7PT_buf_p0_1_wr_1_fu_1681_p2                                                       | -    |        | S3D_7PT_buf_p0_1_wr_1    | add  | fabric       | 0       |
|       S3D_7PT_buf_r0_1_p1_rd_1_fu_1282_p2                                                    | -    |        | S3D_7PT_buf_r0_1_p1_rd_1 | add  | fabric       | 0       |
|       S3D_7PT_buf_r0_1_p1_wr_1_fu_1110_p2                                                    | -    |        | S3D_7PT_buf_r0_1_p1_wr_1 | add  | fabric       | 0       |
|       S3D_7PT_buf_r1_2_p1_rd_1_fu_1139_p2                                                    | -    |        | S3D_7PT_buf_r1_2_p1_rd_1 | add  | fabric       | 0       |
|       S3D_7PT_buf_r1_2_p1_wr_1_fu_966_p2                                                     | -    |        | S3D_7PT_buf_r1_2_p1_wr_1 | add  | fabric       | 0       |
|       S3D_7PT_buf_p1_2_rd_1_fu_836_p2                                                        | -    |        | S3D_7PT_buf_p1_2_rd_1    | add  | fabric       | 0       |
|       S3D_7PT_buf_p1_2_wr_1_fu_781_p2                                                        | -    |        | S3D_7PT_buf_p1_2_wr_1    | add  | fabric       | 0       |
|      + kernel_jac3D_kernel_stencil_core (grp_kernel_jac3D_kernel_stencil_core_fu_509)        | 9    |        |                          |      |              |         |
|        fmul_32ns_32ns_32_3_primitive_dsp_0_U36                                               | 1    |        | tmp2                     | fmul | primitivedsp | 2       |
|        fmul_32ns_32ns_32_3_primitive_dsp_0_U37                                               | 1    |        | tmp4                     | fmul | primitivedsp | 2       |
|        fmul_32ns_32ns_32_3_primitive_dsp_0_U38                                               | 1    |        | tmp6                     | fmul | primitivedsp | 2       |
|        fadd_32ns_32ns_32_2_primitive_dsp_0_U34                                               | 1    |        | tmp12                    | fadd | primitivedsp | 1       |
|        fadd_32ns_32ns_32_2_primitive_dsp_0_U35                                               | 1    |        | reg_1_0_write_assign     | fadd | primitivedsp | 1       |
|      + kernel_jac3D_kernel_stencil_core (grp_kernel_jac3D_kernel_stencil_core_fu_521)        | 9    |        |                          |      |              |         |
|        fmul_32ns_32ns_32_3_primitive_dsp_0_U36                                               | 1    |        | tmp2                     | fmul | primitivedsp | 2       |
|        fmul_32ns_32ns_32_3_primitive_dsp_0_U37                                               | 1    |        | tmp4                     | fmul | primitivedsp | 2       |
|        fmul_32ns_32ns_32_3_primitive_dsp_0_U38                                               | 1    |        | tmp6                     | fmul | primitivedsp | 2       |
|        fadd_32ns_32ns_32_2_primitive_dsp_0_U34                                               | 1    |        | tmp12                    | fadd | primitivedsp | 1       |
|        fadd_32ns_32ns_32_2_primitive_dsp_0_U35                                               | 1    |        | reg_1_0_write_assign     | fadd | primitivedsp | 1       |
|      + kernel_jac3D_kernel_stencil_core (grp_kernel_jac3D_kernel_stencil_core_fu_533)        | 9    |        |                          |      |              |         |
|        fmul_32ns_32ns_32_3_primitive_dsp_0_U36                                               | 1    |        | tmp2                     | fmul | primitivedsp | 2       |
|        fmul_32ns_32ns_32_3_primitive_dsp_0_U37                                               | 1    |        | tmp4                     | fmul | primitivedsp | 2       |
|        fmul_32ns_32ns_32_3_primitive_dsp_0_U38                                               | 1    |        | tmp6                     | fmul | primitivedsp | 2       |
|        fadd_32ns_32ns_32_2_primitive_dsp_0_U34                                               | 1    |        | tmp12                    | fadd | primitivedsp | 1       |
|        fadd_32ns_32ns_32_2_primitive_dsp_0_U35                                               | 1    |        | reg_1_0_write_assign     | fadd | primitivedsp | 1       |
|      + kernel_jac3D_kernel_stencil_core (grp_kernel_jac3D_kernel_stencil_core_fu_545)        | 9    |        |                          |      |              |         |
|        fmul_32ns_32ns_32_3_primitive_dsp_0_U36                                               | 1    |        | tmp2                     | fmul | primitivedsp | 2       |
|        fmul_32ns_32ns_32_3_primitive_dsp_0_U37                                               | 1    |        | tmp4                     | fmul | primitivedsp | 2       |
|        fmul_32ns_32ns_32_3_primitive_dsp_0_U38                                               | 1    |        | tmp6                     | fmul | primitivedsp | 2       |
|        fadd_32ns_32ns_32_2_primitive_dsp_0_U34                                               | 1    |        | tmp12                    | fadd | primitivedsp | 1       |
|        fadd_32ns_32ns_32_2_primitive_dsp_0_U35                                               | 1    |        | reg_1_0_write_assign     | fadd | primitivedsp | 1       |
|      + kernel_jac3D_kernel_stencil_core (grp_kernel_jac3D_kernel_stencil_core_fu_557)        | 9    |        |                          |      |              |         |
|        fmul_32ns_32ns_32_3_primitive_dsp_0_U36                                               | 1    |        | tmp2                     | fmul | primitivedsp | 2       |
|        fmul_32ns_32ns_32_3_primitive_dsp_0_U37                                               | 1    |        | tmp4                     | fmul | primitivedsp | 2       |
|        fmul_32ns_32ns_32_3_primitive_dsp_0_U38                                               | 1    |        | tmp6                     | fmul | primitivedsp | 2       |
|        fadd_32ns_32ns_32_2_primitive_dsp_0_U34                                               | 1    |        | tmp12                    | fadd | primitivedsp | 1       |
|        fadd_32ns_32ns_32_2_primitive_dsp_0_U35                                               | 1    |        | reg_1_0_write_assign     | fadd | primitivedsp | 1       |
|      + kernel_jac3D_kernel_stencil_core (grp_kernel_jac3D_kernel_stencil_core_fu_569)        | 9    |        |                          |      |              |         |
|        fmul_32ns_32ns_32_3_primitive_dsp_0_U36                                               | 1    |        | tmp2                     | fmul | primitivedsp | 2       |
|        fmul_32ns_32ns_32_3_primitive_dsp_0_U37                                               | 1    |        | tmp4                     | fmul | primitivedsp | 2       |
|        fmul_32ns_32ns_32_3_primitive_dsp_0_U38                                               | 1    |        | tmp6                     | fmul | primitivedsp | 2       |
|        fadd_32ns_32ns_32_2_primitive_dsp_0_U34                                               | 1    |        | tmp12                    | fadd | primitivedsp | 1       |
|        fadd_32ns_32ns_32_2_primitive_dsp_0_U35                                               | 1    |        | reg_1_0_write_assign     | fadd | primitivedsp | 1       |
|      + kernel_jac3D_kernel_stencil_core (grp_kernel_jac3D_kernel_stencil_core_fu_580)        | 9    |        |                          |      |              |         |
|        fmul_32ns_32ns_32_3_primitive_dsp_0_U36                                               | 1    |        | tmp2                     | fmul | primitivedsp | 2       |
|        fmul_32ns_32ns_32_3_primitive_dsp_0_U37                                               | 1    |        | tmp4                     | fmul | primitivedsp | 2       |
|        fmul_32ns_32ns_32_3_primitive_dsp_0_U38                                               | 1    |        | tmp6                     | fmul | primitivedsp | 2       |
|        fadd_32ns_32ns_32_2_primitive_dsp_0_U34                                               | 1    |        | tmp12                    | fadd | primitivedsp | 1       |
|        fadd_32ns_32ns_32_2_primitive_dsp_0_U35                                               | 1    |        | reg_1_0_write_assign     | fadd | primitivedsp | 1       |
|      + kernel_jac3D_kernel_stencil_core (grp_kernel_jac3D_kernel_stencil_core_fu_591)        | 9    |        |                          |      |              |         |
|        fmul_32ns_32ns_32_3_primitive_dsp_0_U36                                               | 1    |        | tmp2                     | fmul | primitivedsp | 2       |
|        fmul_32ns_32ns_32_3_primitive_dsp_0_U37                                               | 1    |        | tmp4                     | fmul | primitivedsp | 2       |
|        fmul_32ns_32ns_32_3_primitive_dsp_0_U38                                               | 1    |        | tmp6                     | fmul | primitivedsp | 2       |
|        fadd_32ns_32ns_32_2_primitive_dsp_0_U34                                               | 1    |        | tmp12                    | fadd | primitivedsp | 1       |
|        fadd_32ns_32ns_32_2_primitive_dsp_0_U35                                               | 1    |        | reg_1_0_write_assign     | fadd | primitivedsp | 1       |
|   + joint_PE_outerloop_0_12                                                                  | 78   |        |                          |      |              |         |
|    + stencilRun (grp_stencilRun_fu_210)                                                      | 78   |        |                          |      |              |         |
|      mac_muladd_16ns_16ns_1s_16_4_1_U76                                                      | 1    |        | mul_ln96                 | mul  | dsp48        | 3       |
|      mac_muladd_16ns_16ns_1s_16_4_1_U76                                                      | 1    |        | plane_diff               | add  | dsp48        | 3       |
|      mul_mul_16ns_16ns_32_4_1_U75                                                            | 1    |        | mul_ln147                | mul  | dsp48        | 3       |
|      mul_32s_16ns_32_3_1_U73                                                                 | 2    |        | iter_limit               | mul  | auto         | 2       |
|      mul_32s_16ns_32_3_1_U74                                                                 | 2    |        | S3D_7PT_read_ub_itr      | mul  | auto         | 2       |
|      add_ln190_fu_189_p2                                                                     | -    |        | add_ln190                | add  | fabric       | 0       |
|      cond_x_val_fu_196_p2                                                                    | -    |        | cond_x_val               | add  | fabric       | 0       |
|      cond_y_val_fu_202_p2                                                                    | -    |        | cond_y_val               | add  | fabric       | 0       |
|      cond_z_val_fu_208_p2                                                                    | -    |        | cond_z_val               | add  | fabric       | 0       |
|     + stencilRun_Pipeline_VITIS_LOOP_194_1 (grp_stencilRun_Pipeline_VITIS_LOOP_194_1_fu_132) | 72   |        |                          |      |              |         |
|       itr_fu_734_p2                                                                          | -    |        | itr                      | add  | fabric       | 0       |
|       i_1_fu_1182_p2                                                                         | -    |        | i_1                      | add  | fabric       | 0       |
|       add_ln237_fu_1214_p2                                                                   | -    |        | add_ln237                | add  | fabric       | 0       |
|       add_ln241_fu_1627_p2                                                                   | -    |        | add_ln241                | add  | fabric       | 0       |
|       S3D_7PT_buf_p0_1_rd_1_fu_1875_p2                                                       | -    |        | S3D_7PT_buf_p0_1_rd_1    | add  | fabric       | 0       |
|       S3D_7PT_buf_p0_1_wr_1_fu_1681_p2                                                       | -    |        | S3D_7PT_buf_p0_1_wr_1    | add  | fabric       | 0       |
|       S3D_7PT_buf_r0_1_p1_rd_1_fu_1282_p2                                                    | -    |        | S3D_7PT_buf_r0_1_p1_rd_1 | add  | fabric       | 0       |
|       S3D_7PT_buf_r0_1_p1_wr_1_fu_1110_p2                                                    | -    |        | S3D_7PT_buf_r0_1_p1_wr_1 | add  | fabric       | 0       |
|       S3D_7PT_buf_r1_2_p1_rd_1_fu_1139_p2                                                    | -    |        | S3D_7PT_buf_r1_2_p1_rd_1 | add  | fabric       | 0       |
|       S3D_7PT_buf_r1_2_p1_wr_1_fu_966_p2                                                     | -    |        | S3D_7PT_buf_r1_2_p1_wr_1 | add  | fabric       | 0       |
|       S3D_7PT_buf_p1_2_rd_1_fu_836_p2                                                        | -    |        | S3D_7PT_buf_p1_2_rd_1    | add  | fabric       | 0       |
|       S3D_7PT_buf_p1_2_wr_1_fu_781_p2                                                        | -    |        | S3D_7PT_buf_p1_2_wr_1    | add  | fabric       | 0       |
|      + kernel_jac3D_kernel_stencil_core (grp_kernel_jac3D_kernel_stencil_core_fu_509)        | 9    |        |                          |      |              |         |
|        fmul_32ns_32ns_32_3_primitive_dsp_0_U36                                               | 1    |        | tmp2                     | fmul | primitivedsp | 2       |
|        fmul_32ns_32ns_32_3_primitive_dsp_0_U37                                               | 1    |        | tmp4                     | fmul | primitivedsp | 2       |
|        fmul_32ns_32ns_32_3_primitive_dsp_0_U38                                               | 1    |        | tmp6                     | fmul | primitivedsp | 2       |
|        fadd_32ns_32ns_32_2_primitive_dsp_0_U34                                               | 1    |        | tmp12                    | fadd | primitivedsp | 1       |
|        fadd_32ns_32ns_32_2_primitive_dsp_0_U35                                               | 1    |        | reg_1_0_write_assign     | fadd | primitivedsp | 1       |
|      + kernel_jac3D_kernel_stencil_core (grp_kernel_jac3D_kernel_stencil_core_fu_521)        | 9    |        |                          |      |              |         |
|        fmul_32ns_32ns_32_3_primitive_dsp_0_U36                                               | 1    |        | tmp2                     | fmul | primitivedsp | 2       |
|        fmul_32ns_32ns_32_3_primitive_dsp_0_U37                                               | 1    |        | tmp4                     | fmul | primitivedsp | 2       |
|        fmul_32ns_32ns_32_3_primitive_dsp_0_U38                                               | 1    |        | tmp6                     | fmul | primitivedsp | 2       |
|        fadd_32ns_32ns_32_2_primitive_dsp_0_U34                                               | 1    |        | tmp12                    | fadd | primitivedsp | 1       |
|        fadd_32ns_32ns_32_2_primitive_dsp_0_U35                                               | 1    |        | reg_1_0_write_assign     | fadd | primitivedsp | 1       |
|      + kernel_jac3D_kernel_stencil_core (grp_kernel_jac3D_kernel_stencil_core_fu_533)        | 9    |        |                          |      |              |         |
|        fmul_32ns_32ns_32_3_primitive_dsp_0_U36                                               | 1    |        | tmp2                     | fmul | primitivedsp | 2       |
|        fmul_32ns_32ns_32_3_primitive_dsp_0_U37                                               | 1    |        | tmp4                     | fmul | primitivedsp | 2       |
|        fmul_32ns_32ns_32_3_primitive_dsp_0_U38                                               | 1    |        | tmp6                     | fmul | primitivedsp | 2       |
|        fadd_32ns_32ns_32_2_primitive_dsp_0_U34                                               | 1    |        | tmp12                    | fadd | primitivedsp | 1       |
|        fadd_32ns_32ns_32_2_primitive_dsp_0_U35                                               | 1    |        | reg_1_0_write_assign     | fadd | primitivedsp | 1       |
|      + kernel_jac3D_kernel_stencil_core (grp_kernel_jac3D_kernel_stencil_core_fu_545)        | 9    |        |                          |      |              |         |
|        fmul_32ns_32ns_32_3_primitive_dsp_0_U36                                               | 1    |        | tmp2                     | fmul | primitivedsp | 2       |
|        fmul_32ns_32ns_32_3_primitive_dsp_0_U37                                               | 1    |        | tmp4                     | fmul | primitivedsp | 2       |
|        fmul_32ns_32ns_32_3_primitive_dsp_0_U38                                               | 1    |        | tmp6                     | fmul | primitivedsp | 2       |
|        fadd_32ns_32ns_32_2_primitive_dsp_0_U34                                               | 1    |        | tmp12                    | fadd | primitivedsp | 1       |
|        fadd_32ns_32ns_32_2_primitive_dsp_0_U35                                               | 1    |        | reg_1_0_write_assign     | fadd | primitivedsp | 1       |
|      + kernel_jac3D_kernel_stencil_core (grp_kernel_jac3D_kernel_stencil_core_fu_557)        | 9    |        |                          |      |              |         |
|        fmul_32ns_32ns_32_3_primitive_dsp_0_U36                                               | 1    |        | tmp2                     | fmul | primitivedsp | 2       |
|        fmul_32ns_32ns_32_3_primitive_dsp_0_U37                                               | 1    |        | tmp4                     | fmul | primitivedsp | 2       |
|        fmul_32ns_32ns_32_3_primitive_dsp_0_U38                                               | 1    |        | tmp6                     | fmul | primitivedsp | 2       |
|        fadd_32ns_32ns_32_2_primitive_dsp_0_U34                                               | 1    |        | tmp12                    | fadd | primitivedsp | 1       |
|        fadd_32ns_32ns_32_2_primitive_dsp_0_U35                                               | 1    |        | reg_1_0_write_assign     | fadd | primitivedsp | 1       |
|      + kernel_jac3D_kernel_stencil_core (grp_kernel_jac3D_kernel_stencil_core_fu_569)        | 9    |        |                          |      |              |         |
|        fmul_32ns_32ns_32_3_primitive_dsp_0_U36                                               | 1    |        | tmp2                     | fmul | primitivedsp | 2       |
|        fmul_32ns_32ns_32_3_primitive_dsp_0_U37                                               | 1    |        | tmp4                     | fmul | primitivedsp | 2       |
|        fmul_32ns_32ns_32_3_primitive_dsp_0_U38                                               | 1    |        | tmp6                     | fmul | primitivedsp | 2       |
|        fadd_32ns_32ns_32_2_primitive_dsp_0_U34                                               | 1    |        | tmp12                    | fadd | primitivedsp | 1       |
|        fadd_32ns_32ns_32_2_primitive_dsp_0_U35                                               | 1    |        | reg_1_0_write_assign     | fadd | primitivedsp | 1       |
|      + kernel_jac3D_kernel_stencil_core (grp_kernel_jac3D_kernel_stencil_core_fu_580)        | 9    |        |                          |      |              |         |
|        fmul_32ns_32ns_32_3_primitive_dsp_0_U36                                               | 1    |        | tmp2                     | fmul | primitivedsp | 2       |
|        fmul_32ns_32ns_32_3_primitive_dsp_0_U37                                               | 1    |        | tmp4                     | fmul | primitivedsp | 2       |
|        fmul_32ns_32ns_32_3_primitive_dsp_0_U38                                               | 1    |        | tmp6                     | fmul | primitivedsp | 2       |
|        fadd_32ns_32ns_32_2_primitive_dsp_0_U34                                               | 1    |        | tmp12                    | fadd | primitivedsp | 1       |
|        fadd_32ns_32ns_32_2_primitive_dsp_0_U35                                               | 1    |        | reg_1_0_write_assign     | fadd | primitivedsp | 1       |
|      + kernel_jac3D_kernel_stencil_core (grp_kernel_jac3D_kernel_stencil_core_fu_591)        | 9    |        |                          |      |              |         |
|        fmul_32ns_32ns_32_3_primitive_dsp_0_U36                                               | 1    |        | tmp2                     | fmul | primitivedsp | 2       |
|        fmul_32ns_32ns_32_3_primitive_dsp_0_U37                                               | 1    |        | tmp4                     | fmul | primitivedsp | 2       |
|        fmul_32ns_32ns_32_3_primitive_dsp_0_U38                                               | 1    |        | tmp6                     | fmul | primitivedsp | 2       |
|        fadd_32ns_32ns_32_2_primitive_dsp_0_U34                                               | 1    |        | tmp12                    | fadd | primitivedsp | 1       |
|        fadd_32ns_32ns_32_2_primitive_dsp_0_U35                                               | 1    |        | reg_1_0_write_assign     | fadd | primitivedsp | 1       |
|   + joint_PE_outerloop_0_13                                                                  | 78   |        |                          |      |              |         |
|    + stencilRun (grp_stencilRun_fu_108)                                                      | 78   |        |                          |      |              |         |
|      mac_muladd_16ns_16ns_1s_16_4_1_U76                                                      | 1    |        | mul_ln96                 | mul  | dsp48        | 3       |
|      mac_muladd_16ns_16ns_1s_16_4_1_U76                                                      | 1    |        | plane_diff               | add  | dsp48        | 3       |
|      mul_mul_16ns_16ns_32_4_1_U75                                                            | 1    |        | mul_ln147                | mul  | dsp48        | 3       |
|      mul_32s_16ns_32_3_1_U73                                                                 | 2    |        | iter_limit               | mul  | auto         | 2       |
|      mul_32s_16ns_32_3_1_U74                                                                 | 2    |        | S3D_7PT_read_ub_itr      | mul  | auto         | 2       |
|      add_ln190_fu_189_p2                                                                     | -    |        | add_ln190                | add  | fabric       | 0       |
|      cond_x_val_fu_196_p2                                                                    | -    |        | cond_x_val               | add  | fabric       | 0       |
|      cond_y_val_fu_202_p2                                                                    | -    |        | cond_y_val               | add  | fabric       | 0       |
|      cond_z_val_fu_208_p2                                                                    | -    |        | cond_z_val               | add  | fabric       | 0       |
|     + stencilRun_Pipeline_VITIS_LOOP_194_1 (grp_stencilRun_Pipeline_VITIS_LOOP_194_1_fu_132) | 72   |        |                          |      |              |         |
|       itr_fu_734_p2                                                                          | -    |        | itr                      | add  | fabric       | 0       |
|       i_1_fu_1182_p2                                                                         | -    |        | i_1                      | add  | fabric       | 0       |
|       add_ln237_fu_1214_p2                                                                   | -    |        | add_ln237                | add  | fabric       | 0       |
|       add_ln241_fu_1627_p2                                                                   | -    |        | add_ln241                | add  | fabric       | 0       |
|       S3D_7PT_buf_p0_1_rd_1_fu_1875_p2                                                       | -    |        | S3D_7PT_buf_p0_1_rd_1    | add  | fabric       | 0       |
|       S3D_7PT_buf_p0_1_wr_1_fu_1681_p2                                                       | -    |        | S3D_7PT_buf_p0_1_wr_1    | add  | fabric       | 0       |
|       S3D_7PT_buf_r0_1_p1_rd_1_fu_1282_p2                                                    | -    |        | S3D_7PT_buf_r0_1_p1_rd_1 | add  | fabric       | 0       |
|       S3D_7PT_buf_r0_1_p1_wr_1_fu_1110_p2                                                    | -    |        | S3D_7PT_buf_r0_1_p1_wr_1 | add  | fabric       | 0       |
|       S3D_7PT_buf_r1_2_p1_rd_1_fu_1139_p2                                                    | -    |        | S3D_7PT_buf_r1_2_p1_rd_1 | add  | fabric       | 0       |
|       S3D_7PT_buf_r1_2_p1_wr_1_fu_966_p2                                                     | -    |        | S3D_7PT_buf_r1_2_p1_wr_1 | add  | fabric       | 0       |
|       S3D_7PT_buf_p1_2_rd_1_fu_836_p2                                                        | -    |        | S3D_7PT_buf_p1_2_rd_1    | add  | fabric       | 0       |
|       S3D_7PT_buf_p1_2_wr_1_fu_781_p2                                                        | -    |        | S3D_7PT_buf_p1_2_wr_1    | add  | fabric       | 0       |
|      + kernel_jac3D_kernel_stencil_core (grp_kernel_jac3D_kernel_stencil_core_fu_509)        | 9    |        |                          |      |              |         |
|        fmul_32ns_32ns_32_3_primitive_dsp_0_U36                                               | 1    |        | tmp2                     | fmul | primitivedsp | 2       |
|        fmul_32ns_32ns_32_3_primitive_dsp_0_U37                                               | 1    |        | tmp4                     | fmul | primitivedsp | 2       |
|        fmul_32ns_32ns_32_3_primitive_dsp_0_U38                                               | 1    |        | tmp6                     | fmul | primitivedsp | 2       |
|        fadd_32ns_32ns_32_2_primitive_dsp_0_U34                                               | 1    |        | tmp12                    | fadd | primitivedsp | 1       |
|        fadd_32ns_32ns_32_2_primitive_dsp_0_U35                                               | 1    |        | reg_1_0_write_assign     | fadd | primitivedsp | 1       |
|      + kernel_jac3D_kernel_stencil_core (grp_kernel_jac3D_kernel_stencil_core_fu_521)        | 9    |        |                          |      |              |         |
|        fmul_32ns_32ns_32_3_primitive_dsp_0_U36                                               | 1    |        | tmp2                     | fmul | primitivedsp | 2       |
|        fmul_32ns_32ns_32_3_primitive_dsp_0_U37                                               | 1    |        | tmp4                     | fmul | primitivedsp | 2       |
|        fmul_32ns_32ns_32_3_primitive_dsp_0_U38                                               | 1    |        | tmp6                     | fmul | primitivedsp | 2       |
|        fadd_32ns_32ns_32_2_primitive_dsp_0_U34                                               | 1    |        | tmp12                    | fadd | primitivedsp | 1       |
|        fadd_32ns_32ns_32_2_primitive_dsp_0_U35                                               | 1    |        | reg_1_0_write_assign     | fadd | primitivedsp | 1       |
|      + kernel_jac3D_kernel_stencil_core (grp_kernel_jac3D_kernel_stencil_core_fu_533)        | 9    |        |                          |      |              |         |
|        fmul_32ns_32ns_32_3_primitive_dsp_0_U36                                               | 1    |        | tmp2                     | fmul | primitivedsp | 2       |
|        fmul_32ns_32ns_32_3_primitive_dsp_0_U37                                               | 1    |        | tmp4                     | fmul | primitivedsp | 2       |
|        fmul_32ns_32ns_32_3_primitive_dsp_0_U38                                               | 1    |        | tmp6                     | fmul | primitivedsp | 2       |
|        fadd_32ns_32ns_32_2_primitive_dsp_0_U34                                               | 1    |        | tmp12                    | fadd | primitivedsp | 1       |
|        fadd_32ns_32ns_32_2_primitive_dsp_0_U35                                               | 1    |        | reg_1_0_write_assign     | fadd | primitivedsp | 1       |
|      + kernel_jac3D_kernel_stencil_core (grp_kernel_jac3D_kernel_stencil_core_fu_545)        | 9    |        |                          |      |              |         |
|        fmul_32ns_32ns_32_3_primitive_dsp_0_U36                                               | 1    |        | tmp2                     | fmul | primitivedsp | 2       |
|        fmul_32ns_32ns_32_3_primitive_dsp_0_U37                                               | 1    |        | tmp4                     | fmul | primitivedsp | 2       |
|        fmul_32ns_32ns_32_3_primitive_dsp_0_U38                                               | 1    |        | tmp6                     | fmul | primitivedsp | 2       |
|        fadd_32ns_32ns_32_2_primitive_dsp_0_U34                                               | 1    |        | tmp12                    | fadd | primitivedsp | 1       |
|        fadd_32ns_32ns_32_2_primitive_dsp_0_U35                                               | 1    |        | reg_1_0_write_assign     | fadd | primitivedsp | 1       |
|      + kernel_jac3D_kernel_stencil_core (grp_kernel_jac3D_kernel_stencil_core_fu_557)        | 9    |        |                          |      |              |         |
|        fmul_32ns_32ns_32_3_primitive_dsp_0_U36                                               | 1    |        | tmp2                     | fmul | primitivedsp | 2       |
|        fmul_32ns_32ns_32_3_primitive_dsp_0_U37                                               | 1    |        | tmp4                     | fmul | primitivedsp | 2       |
|        fmul_32ns_32ns_32_3_primitive_dsp_0_U38                                               | 1    |        | tmp6                     | fmul | primitivedsp | 2       |
|        fadd_32ns_32ns_32_2_primitive_dsp_0_U34                                               | 1    |        | tmp12                    | fadd | primitivedsp | 1       |
|        fadd_32ns_32ns_32_2_primitive_dsp_0_U35                                               | 1    |        | reg_1_0_write_assign     | fadd | primitivedsp | 1       |
|      + kernel_jac3D_kernel_stencil_core (grp_kernel_jac3D_kernel_stencil_core_fu_569)        | 9    |        |                          |      |              |         |
|        fmul_32ns_32ns_32_3_primitive_dsp_0_U36                                               | 1    |        | tmp2                     | fmul | primitivedsp | 2       |
|        fmul_32ns_32ns_32_3_primitive_dsp_0_U37                                               | 1    |        | tmp4                     | fmul | primitivedsp | 2       |
|        fmul_32ns_32ns_32_3_primitive_dsp_0_U38                                               | 1    |        | tmp6                     | fmul | primitivedsp | 2       |
|        fadd_32ns_32ns_32_2_primitive_dsp_0_U34                                               | 1    |        | tmp12                    | fadd | primitivedsp | 1       |
|        fadd_32ns_32ns_32_2_primitive_dsp_0_U35                                               | 1    |        | reg_1_0_write_assign     | fadd | primitivedsp | 1       |
|      + kernel_jac3D_kernel_stencil_core (grp_kernel_jac3D_kernel_stencil_core_fu_580)        | 9    |        |                          |      |              |         |
|        fmul_32ns_32ns_32_3_primitive_dsp_0_U36                                               | 1    |        | tmp2                     | fmul | primitivedsp | 2       |
|        fmul_32ns_32ns_32_3_primitive_dsp_0_U37                                               | 1    |        | tmp4                     | fmul | primitivedsp | 2       |
|        fmul_32ns_32ns_32_3_primitive_dsp_0_U38                                               | 1    |        | tmp6                     | fmul | primitivedsp | 2       |
|        fadd_32ns_32ns_32_2_primitive_dsp_0_U34                                               | 1    |        | tmp12                    | fadd | primitivedsp | 1       |
|        fadd_32ns_32ns_32_2_primitive_dsp_0_U35                                               | 1    |        | reg_1_0_write_assign     | fadd | primitivedsp | 1       |
|      + kernel_jac3D_kernel_stencil_core (grp_kernel_jac3D_kernel_stencil_core_fu_591)        | 9    |        |                          |      |              |         |
|        fmul_32ns_32ns_32_3_primitive_dsp_0_U36                                               | 1    |        | tmp2                     | fmul | primitivedsp | 2       |
|        fmul_32ns_32ns_32_3_primitive_dsp_0_U37                                               | 1    |        | tmp4                     | fmul | primitivedsp | 2       |
|        fmul_32ns_32ns_32_3_primitive_dsp_0_U38                                               | 1    |        | tmp6                     | fmul | primitivedsp | 2       |
|        fadd_32ns_32ns_32_2_primitive_dsp_0_U34                                               | 1    |        | tmp12                    | fadd | primitivedsp | 1       |
|        fadd_32ns_32ns_32_2_primitive_dsp_0_U35                                               | 1    |        | reg_1_0_write_assign     | fadd | primitivedsp | 1       |
|   + stream2axis_256u_256u_s                                                                  | 0    |        |                          |      |              |         |
|     add_ln1889_fu_69_p2                                                                      | -    |        | add_ln1889               | add  | fabric       | 0       |
|    + stream2axis_256u_256u_Pipeline_VITIS_LOOP_1897_1                                        | 0    |        |                          |      |              |         |
|      itr_2_fu_94_p2                                                                          | -    |        | itr_2                    | add  | fabric       | 0       |
+----------------------------------------------------------------------------------------------+------+--------+--------------------------+------+--------------+---------+


================================================================
== Bind Storage Report
================================================================
+------------------------------------------+------+------+--------+-------------------------------------+---------+--------+---------+
| Name                                     | BRAM | URAM | Pragma | Variable                            | Storage | Impl   | Latency |
+------------------------------------------+------+------+--------+-------------------------------------+---------+--------+---------+
| + kernel_outerloop_0                     | 224  | 224  |        |                                     |         |        |         |
|  + kernel_outerloop_0_dataflow_region    | 224  | 224  |        |                                     |         |        |         |
|    total_bytes_c_U                       | -    | -    |        | total_bytes_c                       | fifo    | srl    | 0       |
|    stencilConfig_outer_loop_limit_c164_U | -    | -    |        | stencilConfig_outer_loop_limit_c164 | fifo    | srl    | 0       |
|    stencilConfig_outer_loop_limit_c163_U | -    | -    |        | stencilConfig_outer_loop_limit_c163 | fifo    | srl    | 0       |
|    stencilConfig_outer_loop_limit_c162_U | -    | -    |        | stencilConfig_outer_loop_limit_c162 | fifo    | srl    | 0       |
|    stencilConfig_outer_loop_limit_c161_U | -    | -    |        | stencilConfig_outer_loop_limit_c161 | fifo    | srl    | 0       |
|    stencilConfig_outer_loop_limit_c160_U | -    | -    |        | stencilConfig_outer_loop_limit_c160 | fifo    | srl    | 0       |
|    stencilConfig_outer_loop_limit_c159_U | -    | -    |        | stencilConfig_outer_loop_limit_c159 | fifo    | srl    | 0       |
|    stencilConfig_outer_loop_limit_c158_U | -    | -    |        | stencilConfig_outer_loop_limit_c158 | fifo    | srl    | 0       |
|    stencilConfig_outer_loop_limit_c157_U | -    | -    |        | stencilConfig_outer_loop_limit_c157 | fifo    | srl    | 0       |
|    stencilConfig_outer_loop_limit_c156_U | -    | -    |        | stencilConfig_outer_loop_limit_c156 | fifo    | srl    | 0       |
|    stencilConfig_outer_loop_limit_c155_U | -    | -    |        | stencilConfig_outer_loop_limit_c155 | fifo    | srl    | 0       |
|    stencilConfig_outer_loop_limit_c154_U | -    | -    |        | stencilConfig_outer_loop_limit_c154 | fifo    | srl    | 0       |
|    stencilConfig_outer_loop_limit_c153_U | -    | -    |        | stencilConfig_outer_loop_limit_c153 | fifo    | srl    | 0       |
|    stencilConfig_outer_loop_limit_c152_U | -    | -    |        | stencilConfig_outer_loop_limit_c152 | fifo    | srl    | 0       |
|    stencilConfig_outer_loop_limit_c_U    | -    | -    |        | stencilConfig_outer_loop_limit_c    | fifo    | srl    | 0       |
|    stencilConfig_upper_limit_2_c151_U    | -    | -    |        | stencilConfig_upper_limit_2_c151    | fifo    | srl    | 0       |
|    stencilConfig_upper_limit_2_c150_U    | -    | -    |        | stencilConfig_upper_limit_2_c150    | fifo    | srl    | 0       |
|    stencilConfig_upper_limit_2_c149_U    | -    | -    |        | stencilConfig_upper_limit_2_c149    | fifo    | srl    | 0       |
|    stencilConfig_upper_limit_2_c148_U    | -    | -    |        | stencilConfig_upper_limit_2_c148    | fifo    | srl    | 0       |
|    stencilConfig_upper_limit_2_c147_U    | -    | -    |        | stencilConfig_upper_limit_2_c147    | fifo    | srl    | 0       |
|    stencilConfig_upper_limit_2_c146_U    | -    | -    |        | stencilConfig_upper_limit_2_c146    | fifo    | srl    | 0       |
|    stencilConfig_upper_limit_2_c145_U    | -    | -    |        | stencilConfig_upper_limit_2_c145    | fifo    | srl    | 0       |
|    stencilConfig_upper_limit_2_c144_U    | -    | -    |        | stencilConfig_upper_limit_2_c144    | fifo    | srl    | 0       |
|    stencilConfig_upper_limit_2_c143_U    | -    | -    |        | stencilConfig_upper_limit_2_c143    | fifo    | srl    | 0       |
|    stencilConfig_upper_limit_2_c142_U    | -    | -    |        | stencilConfig_upper_limit_2_c142    | fifo    | srl    | 0       |
|    stencilConfig_upper_limit_2_c141_U    | -    | -    |        | stencilConfig_upper_limit_2_c141    | fifo    | srl    | 0       |
|    stencilConfig_upper_limit_2_c140_U    | -    | -    |        | stencilConfig_upper_limit_2_c140    | fifo    | srl    | 0       |
|    stencilConfig_upper_limit_2_c139_U    | -    | -    |        | stencilConfig_upper_limit_2_c139    | fifo    | srl    | 0       |
|    stencilConfig_upper_limit_2_c_U       | -    | -    |        | stencilConfig_upper_limit_2_c       | fifo    | srl    | 0       |
|    stencilConfig_upper_limit_1_c138_U    | -    | -    |        | stencilConfig_upper_limit_1_c138    | fifo    | srl    | 0       |
|    stencilConfig_upper_limit_1_c137_U    | -    | -    |        | stencilConfig_upper_limit_1_c137    | fifo    | srl    | 0       |
|    stencilConfig_upper_limit_1_c136_U    | -    | -    |        | stencilConfig_upper_limit_1_c136    | fifo    | srl    | 0       |
|    stencilConfig_upper_limit_1_c135_U    | -    | -    |        | stencilConfig_upper_limit_1_c135    | fifo    | srl    | 0       |
|    stencilConfig_upper_limit_1_c134_U    | -    | -    |        | stencilConfig_upper_limit_1_c134    | fifo    | srl    | 0       |
|    stencilConfig_upper_limit_1_c133_U    | -    | -    |        | stencilConfig_upper_limit_1_c133    | fifo    | srl    | 0       |
|    stencilConfig_upper_limit_1_c132_U    | -    | -    |        | stencilConfig_upper_limit_1_c132    | fifo    | srl    | 0       |
|    stencilConfig_upper_limit_1_c131_U    | -    | -    |        | stencilConfig_upper_limit_1_c131    | fifo    | srl    | 0       |
|    stencilConfig_upper_limit_1_c130_U    | -    | -    |        | stencilConfig_upper_limit_1_c130    | fifo    | srl    | 0       |
|    stencilConfig_upper_limit_1_c129_U    | -    | -    |        | stencilConfig_upper_limit_1_c129    | fifo    | srl    | 0       |
|    stencilConfig_upper_limit_1_c128_U    | -    | -    |        | stencilConfig_upper_limit_1_c128    | fifo    | srl    | 0       |
|    stencilConfig_upper_limit_1_c127_U    | -    | -    |        | stencilConfig_upper_limit_1_c127    | fifo    | srl    | 0       |
|    stencilConfig_upper_limit_1_c126_U    | -    | -    |        | stencilConfig_upper_limit_1_c126    | fifo    | srl    | 0       |
|    stencilConfig_upper_limit_1_c_U       | -    | -    |        | stencilConfig_upper_limit_1_c       | fifo    | srl    | 0       |
|    stencilConfig_upper_limit_0_c125_U    | -    | -    |        | stencilConfig_upper_limit_0_c125    | fifo    | srl    | 0       |
|    stencilConfig_upper_limit_0_c124_U    | -    | -    |        | stencilConfig_upper_limit_0_c124    | fifo    | srl    | 0       |
|    stencilConfig_upper_limit_0_c123_U    | -    | -    |        | stencilConfig_upper_limit_0_c123    | fifo    | srl    | 0       |
|    stencilConfig_upper_limit_0_c122_U    | -    | -    |        | stencilConfig_upper_limit_0_c122    | fifo    | srl    | 0       |
|    stencilConfig_upper_limit_0_c121_U    | -    | -    |        | stencilConfig_upper_limit_0_c121    | fifo    | srl    | 0       |
|    stencilConfig_upper_limit_0_c120_U    | -    | -    |        | stencilConfig_upper_limit_0_c120    | fifo    | srl    | 0       |
|    stencilConfig_upper_limit_0_c119_U    | -    | -    |        | stencilConfig_upper_limit_0_c119    | fifo    | srl    | 0       |
|    stencilConfig_upper_limit_0_c118_U    | -    | -    |        | stencilConfig_upper_limit_0_c118    | fifo    | srl    | 0       |
|    stencilConfig_upper_limit_0_c117_U    | -    | -    |        | stencilConfig_upper_limit_0_c117    | fifo    | srl    | 0       |
|    stencilConfig_upper_limit_0_c116_U    | -    | -    |        | stencilConfig_upper_limit_0_c116    | fifo    | srl    | 0       |
|    stencilConfig_upper_limit_0_c115_U    | -    | -    |        | stencilConfig_upper_limit_0_c115    | fifo    | srl    | 0       |
|    stencilConfig_upper_limit_0_c114_U    | -    | -    |        | stencilConfig_upper_limit_0_c114    | fifo    | srl    | 0       |
|    stencilConfig_upper_limit_0_c113_U    | -    | -    |        | stencilConfig_upper_limit_0_c113    | fifo    | srl    | 0       |
|    stencilConfig_upper_limit_0_c_U       | -    | -    |        | stencilConfig_upper_limit_0_c       | fifo    | srl    | 0       |
|    stencilConfig_lower_limit_2_c112_U    | -    | -    |        | stencilConfig_lower_limit_2_c112    | fifo    | srl    | 0       |
|    stencilConfig_lower_limit_2_c111_U    | -    | -    |        | stencilConfig_lower_limit_2_c111    | fifo    | srl    | 0       |
|    stencilConfig_lower_limit_2_c110_U    | -    | -    |        | stencilConfig_lower_limit_2_c110    | fifo    | srl    | 0       |
|    stencilConfig_lower_limit_2_c109_U    | -    | -    |        | stencilConfig_lower_limit_2_c109    | fifo    | srl    | 0       |
|    stencilConfig_lower_limit_2_c108_U    | -    | -    |        | stencilConfig_lower_limit_2_c108    | fifo    | srl    | 0       |
|    stencilConfig_lower_limit_2_c107_U    | -    | -    |        | stencilConfig_lower_limit_2_c107    | fifo    | srl    | 0       |
|    stencilConfig_lower_limit_2_c106_U    | -    | -    |        | stencilConfig_lower_limit_2_c106    | fifo    | srl    | 0       |
|    stencilConfig_lower_limit_2_c105_U    | -    | -    |        | stencilConfig_lower_limit_2_c105    | fifo    | srl    | 0       |
|    stencilConfig_lower_limit_2_c104_U    | -    | -    |        | stencilConfig_lower_limit_2_c104    | fifo    | srl    | 0       |
|    stencilConfig_lower_limit_2_c103_U    | -    | -    |        | stencilConfig_lower_limit_2_c103    | fifo    | srl    | 0       |
|    stencilConfig_lower_limit_2_c102_U    | -    | -    |        | stencilConfig_lower_limit_2_c102    | fifo    | srl    | 0       |
|    stencilConfig_lower_limit_2_c101_U    | -    | -    |        | stencilConfig_lower_limit_2_c101    | fifo    | srl    | 0       |
|    stencilConfig_lower_limit_2_c100_U    | -    | -    |        | stencilConfig_lower_limit_2_c100    | fifo    | srl    | 0       |
|    stencilConfig_lower_limit_2_c_U       | -    | -    |        | stencilConfig_lower_limit_2_c       | fifo    | srl    | 0       |
|    stencilConfig_lower_limit_1_c99_U     | -    | -    |        | stencilConfig_lower_limit_1_c99     | fifo    | srl    | 0       |
|    stencilConfig_lower_limit_1_c98_U     | -    | -    |        | stencilConfig_lower_limit_1_c98     | fifo    | srl    | 0       |
|    stencilConfig_lower_limit_1_c97_U     | -    | -    |        | stencilConfig_lower_limit_1_c97     | fifo    | srl    | 0       |
|    stencilConfig_lower_limit_1_c96_U     | -    | -    |        | stencilConfig_lower_limit_1_c96     | fifo    | srl    | 0       |
|    stencilConfig_lower_limit_1_c95_U     | -    | -    |        | stencilConfig_lower_limit_1_c95     | fifo    | srl    | 0       |
|    stencilConfig_lower_limit_1_c94_U     | -    | -    |        | stencilConfig_lower_limit_1_c94     | fifo    | srl    | 0       |
|    stencilConfig_lower_limit_1_c93_U     | -    | -    |        | stencilConfig_lower_limit_1_c93     | fifo    | srl    | 0       |
|    stencilConfig_lower_limit_1_c92_U     | -    | -    |        | stencilConfig_lower_limit_1_c92     | fifo    | srl    | 0       |
|    stencilConfig_lower_limit_1_c91_U     | -    | -    |        | stencilConfig_lower_limit_1_c91     | fifo    | srl    | 0       |
|    stencilConfig_lower_limit_1_c90_U     | -    | -    |        | stencilConfig_lower_limit_1_c90     | fifo    | srl    | 0       |
|    stencilConfig_lower_limit_1_c89_U     | -    | -    |        | stencilConfig_lower_limit_1_c89     | fifo    | srl    | 0       |
|    stencilConfig_lower_limit_1_c88_U     | -    | -    |        | stencilConfig_lower_limit_1_c88     | fifo    | srl    | 0       |
|    stencilConfig_lower_limit_1_c87_U     | -    | -    |        | stencilConfig_lower_limit_1_c87     | fifo    | srl    | 0       |
|    stencilConfig_lower_limit_1_c_U       | -    | -    |        | stencilConfig_lower_limit_1_c       | fifo    | srl    | 0       |
|    stencilConfig_lower_limit_0_c86_U     | -    | -    |        | stencilConfig_lower_limit_0_c86     | fifo    | srl    | 0       |
|    stencilConfig_lower_limit_0_c85_U     | -    | -    |        | stencilConfig_lower_limit_0_c85     | fifo    | srl    | 0       |
|    stencilConfig_lower_limit_0_c84_U     | -    | -    |        | stencilConfig_lower_limit_0_c84     | fifo    | srl    | 0       |
|    stencilConfig_lower_limit_0_c83_U     | -    | -    |        | stencilConfig_lower_limit_0_c83     | fifo    | srl    | 0       |
|    stencilConfig_lower_limit_0_c82_U     | -    | -    |        | stencilConfig_lower_limit_0_c82     | fifo    | srl    | 0       |
|    stencilConfig_lower_limit_0_c81_U     | -    | -    |        | stencilConfig_lower_limit_0_c81     | fifo    | srl    | 0       |
|    stencilConfig_lower_limit_0_c80_U     | -    | -    |        | stencilConfig_lower_limit_0_c80     | fifo    | srl    | 0       |
|    stencilConfig_lower_limit_0_c79_U     | -    | -    |        | stencilConfig_lower_limit_0_c79     | fifo    | srl    | 0       |
|    stencilConfig_lower_limit_0_c78_U     | -    | -    |        | stencilConfig_lower_limit_0_c78     | fifo    | srl    | 0       |
|    stencilConfig_lower_limit_0_c77_U     | -    | -    |        | stencilConfig_lower_limit_0_c77     | fifo    | srl    | 0       |
|    stencilConfig_lower_limit_0_c76_U     | -    | -    |        | stencilConfig_lower_limit_0_c76     | fifo    | srl    | 0       |
|    stencilConfig_lower_limit_0_c75_U     | -    | -    |        | stencilConfig_lower_limit_0_c75     | fifo    | srl    | 0       |
|    stencilConfig_lower_limit_0_c74_U     | -    | -    |        | stencilConfig_lower_limit_0_c74     | fifo    | srl    | 0       |
|    stencilConfig_lower_limit_0_c_U       | -    | -    |        | stencilConfig_lower_limit_0_c       | fifo    | srl    | 0       |
|    stencilConfig_grid_size_2_c73_U       | -    | -    |        | stencilConfig_grid_size_2_c73       | fifo    | srl    | 0       |
|    stencilConfig_grid_size_2_c72_U       | -    | -    |        | stencilConfig_grid_size_2_c72       | fifo    | srl    | 0       |
|    stencilConfig_grid_size_2_c71_U       | -    | -    |        | stencilConfig_grid_size_2_c71       | fifo    | srl    | 0       |
|    stencilConfig_grid_size_2_c70_U       | -    | -    |        | stencilConfig_grid_size_2_c70       | fifo    | srl    | 0       |
|    stencilConfig_grid_size_2_c69_U       | -    | -    |        | stencilConfig_grid_size_2_c69       | fifo    | srl    | 0       |
|    stencilConfig_grid_size_2_c68_U       | -    | -    |        | stencilConfig_grid_size_2_c68       | fifo    | srl    | 0       |
|    stencilConfig_grid_size_2_c67_U       | -    | -    |        | stencilConfig_grid_size_2_c67       | fifo    | srl    | 0       |
|    stencilConfig_grid_size_2_c66_U       | -    | -    |        | stencilConfig_grid_size_2_c66       | fifo    | srl    | 0       |
|    stencilConfig_grid_size_2_c65_U       | -    | -    |        | stencilConfig_grid_size_2_c65       | fifo    | srl    | 0       |
|    stencilConfig_grid_size_2_c64_U       | -    | -    |        | stencilConfig_grid_size_2_c64       | fifo    | srl    | 0       |
|    stencilConfig_grid_size_2_c63_U       | -    | -    |        | stencilConfig_grid_size_2_c63       | fifo    | srl    | 0       |
|    stencilConfig_grid_size_2_c62_U       | -    | -    |        | stencilConfig_grid_size_2_c62       | fifo    | srl    | 0       |
|    stencilConfig_grid_size_2_c61_U       | -    | -    |        | stencilConfig_grid_size_2_c61       | fifo    | srl    | 0       |
|    stencilConfig_grid_size_2_c_U         | -    | -    |        | stencilConfig_grid_size_2_c         | fifo    | srl    | 0       |
|    stencilConfig_grid_size_1_c60_U       | -    | -    |        | stencilConfig_grid_size_1_c60       | fifo    | srl    | 0       |
|    stencilConfig_grid_size_1_c59_U       | -    | -    |        | stencilConfig_grid_size_1_c59       | fifo    | srl    | 0       |
|    stencilConfig_grid_size_1_c58_U       | -    | -    |        | stencilConfig_grid_size_1_c58       | fifo    | srl    | 0       |
|    stencilConfig_grid_size_1_c57_U       | -    | -    |        | stencilConfig_grid_size_1_c57       | fifo    | srl    | 0       |
|    stencilConfig_grid_size_1_c56_U       | -    | -    |        | stencilConfig_grid_size_1_c56       | fifo    | srl    | 0       |
|    stencilConfig_grid_size_1_c55_U       | -    | -    |        | stencilConfig_grid_size_1_c55       | fifo    | srl    | 0       |
|    stencilConfig_grid_size_1_c54_U       | -    | -    |        | stencilConfig_grid_size_1_c54       | fifo    | srl    | 0       |
|    stencilConfig_grid_size_1_c53_U       | -    | -    |        | stencilConfig_grid_size_1_c53       | fifo    | srl    | 0       |
|    stencilConfig_grid_size_1_c52_U       | -    | -    |        | stencilConfig_grid_size_1_c52       | fifo    | srl    | 0       |
|    stencilConfig_grid_size_1_c51_U       | -    | -    |        | stencilConfig_grid_size_1_c51       | fifo    | srl    | 0       |
|    stencilConfig_grid_size_1_c50_U       | -    | -    |        | stencilConfig_grid_size_1_c50       | fifo    | srl    | 0       |
|    stencilConfig_grid_size_1_c49_U       | -    | -    |        | stencilConfig_grid_size_1_c49       | fifo    | srl    | 0       |
|    stencilConfig_grid_size_1_c48_U       | -    | -    |        | stencilConfig_grid_size_1_c48       | fifo    | srl    | 0       |
|    stencilConfig_grid_size_1_c_U         | -    | -    |        | stencilConfig_grid_size_1_c         | fifo    | srl    | 0       |
|    stencilConfig_grid_size_0_c47_U       | -    | -    |        | stencilConfig_grid_size_0_c47       | fifo    | srl    | 0       |
|    stencilConfig_grid_size_0_c46_U       | -    | -    |        | stencilConfig_grid_size_0_c46       | fifo    | srl    | 0       |
|    stencilConfig_grid_size_0_c45_U       | -    | -    |        | stencilConfig_grid_size_0_c45       | fifo    | srl    | 0       |
|    stencilConfig_grid_size_0_c44_U       | -    | -    |        | stencilConfig_grid_size_0_c44       | fifo    | srl    | 0       |
|    stencilConfig_grid_size_0_c43_U       | -    | -    |        | stencilConfig_grid_size_0_c43       | fifo    | srl    | 0       |
|    stencilConfig_grid_size_0_c42_U       | -    | -    |        | stencilConfig_grid_size_0_c42       | fifo    | srl    | 0       |
|    stencilConfig_grid_size_0_c41_U       | -    | -    |        | stencilConfig_grid_size_0_c41       | fifo    | srl    | 0       |
|    stencilConfig_grid_size_0_c40_U       | -    | -    |        | stencilConfig_grid_size_0_c40       | fifo    | srl    | 0       |
|    stencilConfig_grid_size_0_c39_U       | -    | -    |        | stencilConfig_grid_size_0_c39       | fifo    | srl    | 0       |
|    stencilConfig_grid_size_0_c38_U       | -    | -    |        | stencilConfig_grid_size_0_c38       | fifo    | srl    | 0       |
|    stencilConfig_grid_size_0_c37_U       | -    | -    |        | stencilConfig_grid_size_0_c37       | fifo    | srl    | 0       |
|    stencilConfig_grid_size_0_c36_U       | -    | -    |        | stencilConfig_grid_size_0_c36       | fifo    | srl    | 0       |
|    stencilConfig_grid_size_0_c35_U       | -    | -    |        | stencilConfig_grid_size_0_c35       | fifo    | srl    | 0       |
|    stencilConfig_grid_size_0_c_U         | -    | -    |        | stencilConfig_grid_size_0_c         | fifo    | srl    | 0       |
|    arg0_arg1_streams_0_U                 | -    | -    |        | arg0_arg1_streams_0                 | fifo    | memory | 0       |
|    arg0_arg1_streams_1_U                 | -    | -    |        | arg0_arg1_streams_1                 | fifo    | memory | 0       |
|    arg0_arg1_streams_2_U                 | -    | -    |        | arg0_arg1_streams_2                 | fifo    | memory | 0       |
|    arg0_arg1_streams_3_U                 | -    | -    |        | arg0_arg1_streams_3                 | fifo    | memory | 0       |
|    arg0_arg1_streams_4_U                 | -    | -    |        | arg0_arg1_streams_4                 | fifo    | memory | 0       |
|    arg0_arg1_streams_5_U                 | -    | -    |        | arg0_arg1_streams_5                 | fifo    | memory | 0       |
|    arg0_arg1_streams_6_U                 | -    | -    |        | arg0_arg1_streams_6                 | fifo    | memory | 0       |
|    arg0_arg1_streams_7_U                 | -    | -    |        | arg0_arg1_streams_7                 | fifo    | memory | 0       |
|    arg0_arg1_streams_8_U                 | -    | -    |        | arg0_arg1_streams_8                 | fifo    | memory | 0       |
|    arg0_arg1_streams_9_U                 | -    | -    |        | arg0_arg1_streams_9                 | fifo    | memory | 0       |
|    arg0_arg1_streams_10_U                | -    | -    |        | arg0_arg1_streams_10                | fifo    | memory | 0       |
|    arg0_arg1_streams_11_U                | -    | -    |        | arg0_arg1_streams_11                | fifo    | memory | 0       |
|    arg0_arg1_streams_12_U                | -    | -    |        | arg0_arg1_streams_12                | fifo    | memory | 0       |
|    arg0_arg1_streams_13_U                | -    | -    |        | arg0_arg1_streams_13                | fifo    | memory | 0       |
|    arg0_arg1_streams_14_U                | -    | -    |        | arg0_arg1_streams_14                | fifo    | memory | 0       |
|   + joint_PE_outerloop_0                 | 16   | 16   |        |                                     |         |        |         |
|    + stencilRun (grp_stencilRun_fu_210)  | 16   | 16   |        |                                     |         |        |         |
|      arg0_buf_p0_1_V_U                   | -    | 8    | yes    | arg0_buf_p0_1_V                     | ram_s2p | uram   | 1       |
|      arg0_buf_r0_1_p1_V_U                | 8    | -    | yes    | arg0_buf_r0_1_p1_V                  | ram_s2p | bram   | 1       |
|      arg0_buf_r1_2_p1_V_U                | 8    | -    | yes    | arg0_buf_r1_2_p1_V                  | ram_s2p | bram   | 1       |
|      arg0_buf_p1_2_V_U                   | -    | 8    | yes    | arg0_buf_p1_2_V                     | ram_s2p | uram   | 1       |
|   + joint_PE_outerloop_0_1               | 16   | 16   |        |                                     |         |        |         |
|    + stencilRun (grp_stencilRun_fu_210)  | 16   | 16   |        |                                     |         |        |         |
|      arg0_buf_p0_1_V_U                   | -    | 8    | yes    | arg0_buf_p0_1_V                     | ram_s2p | uram   | 1       |
|      arg0_buf_r0_1_p1_V_U                | 8    | -    | yes    | arg0_buf_r0_1_p1_V                  | ram_s2p | bram   | 1       |
|      arg0_buf_r1_2_p1_V_U                | 8    | -    | yes    | arg0_buf_r1_2_p1_V                  | ram_s2p | bram   | 1       |
|      arg0_buf_p1_2_V_U                   | -    | 8    | yes    | arg0_buf_p1_2_V                     | ram_s2p | uram   | 1       |
|   + joint_PE_outerloop_0_2               | 16   | 16   |        |                                     |         |        |         |
|    + stencilRun (grp_stencilRun_fu_210)  | 16   | 16   |        |                                     |         |        |         |
|      arg0_buf_p0_1_V_U                   | -    | 8    | yes    | arg0_buf_p0_1_V                     | ram_s2p | uram   | 1       |
|      arg0_buf_r0_1_p1_V_U                | 8    | -    | yes    | arg0_buf_r0_1_p1_V                  | ram_s2p | bram   | 1       |
|      arg0_buf_r1_2_p1_V_U                | 8    | -    | yes    | arg0_buf_r1_2_p1_V                  | ram_s2p | bram   | 1       |
|      arg0_buf_p1_2_V_U                   | -    | 8    | yes    | arg0_buf_p1_2_V                     | ram_s2p | uram   | 1       |
|   + joint_PE_outerloop_0_3               | 16   | 16   |        |                                     |         |        |         |
|    + stencilRun (grp_stencilRun_fu_210)  | 16   | 16   |        |                                     |         |        |         |
|      arg0_buf_p0_1_V_U                   | -    | 8    | yes    | arg0_buf_p0_1_V                     | ram_s2p | uram   | 1       |
|      arg0_buf_r0_1_p1_V_U                | 8    | -    | yes    | arg0_buf_r0_1_p1_V                  | ram_s2p | bram   | 1       |
|      arg0_buf_r1_2_p1_V_U                | 8    | -    | yes    | arg0_buf_r1_2_p1_V                  | ram_s2p | bram   | 1       |
|      arg0_buf_p1_2_V_U                   | -    | 8    | yes    | arg0_buf_p1_2_V                     | ram_s2p | uram   | 1       |
|   + joint_PE_outerloop_0_4               | 16   | 16   |        |                                     |         |        |         |
|    + stencilRun (grp_stencilRun_fu_210)  | 16   | 16   |        |                                     |         |        |         |
|      arg0_buf_p0_1_V_U                   | -    | 8    | yes    | arg0_buf_p0_1_V                     | ram_s2p | uram   | 1       |
|      arg0_buf_r0_1_p1_V_U                | 8    | -    | yes    | arg0_buf_r0_1_p1_V                  | ram_s2p | bram   | 1       |
|      arg0_buf_r1_2_p1_V_U                | 8    | -    | yes    | arg0_buf_r1_2_p1_V                  | ram_s2p | bram   | 1       |
|      arg0_buf_p1_2_V_U                   | -    | 8    | yes    | arg0_buf_p1_2_V                     | ram_s2p | uram   | 1       |
|   + joint_PE_outerloop_0_5               | 16   | 16   |        |                                     |         |        |         |
|    + stencilRun (grp_stencilRun_fu_210)  | 16   | 16   |        |                                     |         |        |         |
|      arg0_buf_p0_1_V_U                   | -    | 8    | yes    | arg0_buf_p0_1_V                     | ram_s2p | uram   | 1       |
|      arg0_buf_r0_1_p1_V_U                | 8    | -    | yes    | arg0_buf_r0_1_p1_V                  | ram_s2p | bram   | 1       |
|      arg0_buf_r1_2_p1_V_U                | 8    | -    | yes    | arg0_buf_r1_2_p1_V                  | ram_s2p | bram   | 1       |
|      arg0_buf_p1_2_V_U                   | -    | 8    | yes    | arg0_buf_p1_2_V                     | ram_s2p | uram   | 1       |
|   + joint_PE_outerloop_0_6               | 16   | 16   |        |                                     |         |        |         |
|    + stencilRun (grp_stencilRun_fu_210)  | 16   | 16   |        |                                     |         |        |         |
|      arg0_buf_p0_1_V_U                   | -    | 8    | yes    | arg0_buf_p0_1_V                     | ram_s2p | uram   | 1       |
|      arg0_buf_r0_1_p1_V_U                | 8    | -    | yes    | arg0_buf_r0_1_p1_V                  | ram_s2p | bram   | 1       |
|      arg0_buf_r1_2_p1_V_U                | 8    | -    | yes    | arg0_buf_r1_2_p1_V                  | ram_s2p | bram   | 1       |
|      arg0_buf_p1_2_V_U                   | -    | 8    | yes    | arg0_buf_p1_2_V                     | ram_s2p | uram   | 1       |
|   + joint_PE_outerloop_0_7               | 16   | 16   |        |                                     |         |        |         |
|    + stencilRun (grp_stencilRun_fu_210)  | 16   | 16   |        |                                     |         |        |         |
|      arg0_buf_p0_1_V_U                   | -    | 8    | yes    | arg0_buf_p0_1_V                     | ram_s2p | uram   | 1       |
|      arg0_buf_r0_1_p1_V_U                | 8    | -    | yes    | arg0_buf_r0_1_p1_V                  | ram_s2p | bram   | 1       |
|      arg0_buf_r1_2_p1_V_U                | 8    | -    | yes    | arg0_buf_r1_2_p1_V                  | ram_s2p | bram   | 1       |
|      arg0_buf_p1_2_V_U                   | -    | 8    | yes    | arg0_buf_p1_2_V                     | ram_s2p | uram   | 1       |
|   + joint_PE_outerloop_0_8               | 16   | 16   |        |                                     |         |        |         |
|    + stencilRun (grp_stencilRun_fu_210)  | 16   | 16   |        |                                     |         |        |         |
|      arg0_buf_p0_1_V_U                   | -    | 8    | yes    | arg0_buf_p0_1_V                     | ram_s2p | uram   | 1       |
|      arg0_buf_r0_1_p1_V_U                | 8    | -    | yes    | arg0_buf_r0_1_p1_V                  | ram_s2p | bram   | 1       |
|      arg0_buf_r1_2_p1_V_U                | 8    | -    | yes    | arg0_buf_r1_2_p1_V                  | ram_s2p | bram   | 1       |
|      arg0_buf_p1_2_V_U                   | -    | 8    | yes    | arg0_buf_p1_2_V                     | ram_s2p | uram   | 1       |
|   + joint_PE_outerloop_0_9               | 16   | 16   |        |                                     |         |        |         |
|    + stencilRun (grp_stencilRun_fu_210)  | 16   | 16   |        |                                     |         |        |         |
|      arg0_buf_p0_1_V_U                   | -    | 8    | yes    | arg0_buf_p0_1_V                     | ram_s2p | uram   | 1       |
|      arg0_buf_r0_1_p1_V_U                | 8    | -    | yes    | arg0_buf_r0_1_p1_V                  | ram_s2p | bram   | 1       |
|      arg0_buf_r1_2_p1_V_U                | 8    | -    | yes    | arg0_buf_r1_2_p1_V                  | ram_s2p | bram   | 1       |
|      arg0_buf_p1_2_V_U                   | -    | 8    | yes    | arg0_buf_p1_2_V                     | ram_s2p | uram   | 1       |
|   + joint_PE_outerloop_0_10              | 16   | 16   |        |                                     |         |        |         |
|    + stencilRun (grp_stencilRun_fu_210)  | 16   | 16   |        |                                     |         |        |         |
|      arg0_buf_p0_1_V_U                   | -    | 8    | yes    | arg0_buf_p0_1_V                     | ram_s2p | uram   | 1       |
|      arg0_buf_r0_1_p1_V_U                | 8    | -    | yes    | arg0_buf_r0_1_p1_V                  | ram_s2p | bram   | 1       |
|      arg0_buf_r1_2_p1_V_U                | 8    | -    | yes    | arg0_buf_r1_2_p1_V                  | ram_s2p | bram   | 1       |
|      arg0_buf_p1_2_V_U                   | -    | 8    | yes    | arg0_buf_p1_2_V                     | ram_s2p | uram   | 1       |
|   + joint_PE_outerloop_0_11              | 16   | 16   |        |                                     |         |        |         |
|    + stencilRun (grp_stencilRun_fu_210)  | 16   | 16   |        |                                     |         |        |         |
|      arg0_buf_p0_1_V_U                   | -    | 8    | yes    | arg0_buf_p0_1_V                     | ram_s2p | uram   | 1       |
|      arg0_buf_r0_1_p1_V_U                | 8    | -    | yes    | arg0_buf_r0_1_p1_V                  | ram_s2p | bram   | 1       |
|      arg0_buf_r1_2_p1_V_U                | 8    | -    | yes    | arg0_buf_r1_2_p1_V                  | ram_s2p | bram   | 1       |
|      arg0_buf_p1_2_V_U                   | -    | 8    | yes    | arg0_buf_p1_2_V                     | ram_s2p | uram   | 1       |
|   + joint_PE_outerloop_0_12              | 16   | 16   |        |                                     |         |        |         |
|    + stencilRun (grp_stencilRun_fu_210)  | 16   | 16   |        |                                     |         |        |         |
|      arg0_buf_p0_1_V_U                   | -    | 8    | yes    | arg0_buf_p0_1_V                     | ram_s2p | uram   | 1       |
|      arg0_buf_r0_1_p1_V_U                | 8    | -    | yes    | arg0_buf_r0_1_p1_V                  | ram_s2p | bram   | 1       |
|      arg0_buf_r1_2_p1_V_U                | 8    | -    | yes    | arg0_buf_r1_2_p1_V                  | ram_s2p | bram   | 1       |
|      arg0_buf_p1_2_V_U                   | -    | 8    | yes    | arg0_buf_p1_2_V                     | ram_s2p | uram   | 1       |
|   + joint_PE_outerloop_0_13              | 16   | 16   |        |                                     |         |        |         |
|    + stencilRun (grp_stencilRun_fu_108)  | 16   | 16   |        |                                     |         |        |         |
|      arg0_buf_p0_1_V_U                   | -    | 8    | yes    | arg0_buf_p0_1_V                     | ram_s2p | uram   | 1       |
|      arg0_buf_r0_1_p1_V_U                | 8    | -    | yes    | arg0_buf_r0_1_p1_V                  | ram_s2p | bram   | 1       |
|      arg0_buf_r1_2_p1_V_U                | 8    | -    | yes    | arg0_buf_r1_2_p1_V                  | ram_s2p | bram   | 1       |
|      arg0_buf_p1_2_V_U                   | -    | 8    | yes    | arg0_buf_p1_2_V                     | ram_s2p | uram   | 1       |
+------------------------------------------+------+------+--------+-------------------------------------+---------+--------+---------+


================================================================
== Pragma Report
================================================================
* Ignored Pragmas
+----------------+-------------------------------+------------------------------------------------------------------------------------------------------------+----------------------------+
| Type           | Options                       | Location                                                                                                   | Messages                   |
+----------------+-------------------------------+------------------------------------------------------------------------------------------------------------+----------------------------+
| loop_tripcount | avg=avg_num_data_per_axis_pkt | ../../../../../../../../../OPS/ops/hls/L1/include/ops_hls_datamover.hpp:234 in convaxispkt2membeatmasked   | missing argument for 'max' |
| loop_tripcount | avg=avg_num_data_per_axis_pkt | ../../../../../../../../../OPS/ops/hls/L1/include/ops_hls_datamover.hpp:372 in convstreampkt2membeatmasked | missing argument for 'max' |
| loop_tripcount | min=1 avg=8                   | ../../../../../../../../../OPS/ops/hls/L1/include/ops_hls_datamover.hpp:1478 in axis2memmasked             | missing argument for 'max' |
| loop_tripcount | min=1 avg=8                   | ../../../../../../../../../OPS/ops/hls/L1/include/ops_hls_datamover.hpp:2092 in stream2memmasked           | missing argument for 'max' |
+----------------+-------------------------------+------------------------------------------------------------------------------------------------------------+----------------------------+

* Valid Pragma Syntax
+-----------------+----------------------------------------------------------------------------------+-------------------------------------------------------------------------------------------------------------+
| Type            | Options                                                                          | Location                                                                                                    |
+-----------------+----------------------------------------------------------------------------------+-------------------------------------------------------------------------------------------------------------+
| pipeline        | II=num_strm_pkts_per_beat                                                        | ../../../../../../../../../OPS/ops/hls/L1/include/ops_hls_datamover.hpp:92 in convmembeat2axispkt           |
| loop_tripcount  | min=min_strm_pkts_per_beat avg=avg_strm_pkts_per_beat max=max_strm_pkts_per_beat | ../../../../../../../../../OPS/ops/hls/L1/include/ops_hls_datamover.hpp:93 in convmembeat2axispkt           |
| pipeline        | II=1                                                                             | ../../../../../../../../../OPS/ops/hls/L1/include/ops_hls_datamover.hpp:149 in convaxispkt2membeat          |
| loop_tripcount  | min=min_strm_pkts_per_beat avg=avg_strm_pkts_per_beat max=max_strm_pkts_per_beat | ../../../../../../../../../OPS/ops/hls/L1/include/ops_hls_datamover.hpp:150 in convaxispkt2membeat          |
| pipeline        | II=1                                                                             | ../../../../../../../../../OPS/ops/hls/L1/include/ops_hls_datamover.hpp:233 in convaxispkt2membeatmasked    |
| pipeline        | II=1                                                                             | ../../../../../../../../../OPS/ops/hls/L1/include/ops_hls_datamover.hpp:284 in convstreampkt2membeat        |
| loop_tripcount  | min=min_strm_pkts_per_beat avg=avg_strm_pkts_per_beat max=max_strm_pkts_per_beat | ../../../../../../../../../OPS/ops/hls/L1/include/ops_hls_datamover.hpp:285 in convstreampkt2membeat        |
| pipeline        | II=1                                                                             | ../../../../../../../../../OPS/ops/hls/L1/include/ops_hls_datamover.hpp:371 in convstreampkt2membeatmasked  |
| pipeline        | II=ii                                                                            | ../../../../../../../../../OPS/ops/hls/L1/include/ops_hls_datamover.hpp:433 in mem2stream                   |
| pipeline        | II=ii                                                                            | ../../../../../../../../../OPS/ops/hls/L1/include/ops_hls_datamover.hpp:455 in mem2stream                   |
| loop_flatten    |                                                                                  | ../../../../../../../../../OPS/ops/hls/L1/include/ops_hls_datamover.hpp:510 in mem2stream                   |
| pipeline        | II=ii                                                                            | ../../../../../../../../../OPS/ops/hls/L1/include/ops_hls_datamover.hpp:569 in stream2mem                   |
| pipeline        | II=ii                                                                            | ../../../../../../../../../OPS/ops/hls/L1/include/ops_hls_datamover.hpp:582 in stream2mem                   |
| loop_flatten    |                                                                                  | ../../../../../../../../../OPS/ops/hls/L1/include/ops_hls_datamover.hpp:632 in stream2mem                   |
| pipeline        | II=1                                                                             | ../../../../../../../../../OPS/ops/hls/L1/include/ops_hls_datamover.hpp:684 in stream2stream                |
| loop_flatten    |                                                                                  | ../../../../../../../../../OPS/ops/hls/L1/include/ops_hls_datamover.hpp:685 in stream2stream                |
| pipeline        | II=1                                                                             | ../../../../../../../../../OPS/ops/hls/L1/include/ops_hls_datamover.hpp:730 in stream2stream                |
| loop_flatten    |                                                                                  | ../../../../../../../../../OPS/ops/hls/L1/include/ops_hls_datamover.hpp:731 in stream2stream                |
| pipeline        | II=1                                                                             | ../../../../../../../../../OPS/ops/hls/L1/include/ops_hls_datamover.hpp:813 in stream2streamstepup          |
| loop_flatten    |                                                                                  | ../../../../../../../../../OPS/ops/hls/L1/include/ops_hls_datamover.hpp:814 in stream2streamstepup          |
| pipeline        | II=1                                                                             | ../../../../../../../../../OPS/ops/hls/L1/include/ops_hls_datamover.hpp:897 in stream2streamstepdown        |
| loop_flatten    |                                                                                  | ../../../../../../../../../OPS/ops/hls/L1/include/ops_hls_datamover.hpp:898 in stream2streamstepdown        |
| pipeline        | II=1                                                                             | ../../../../../../../../../OPS/ops/hls/L1/include/ops_hls_datamover.hpp:957 in stream2axis                  |
| pipeline        | II=1                                                                             | ../../../../../../../../../OPS/ops/hls/L1/include/ops_hls_datamover.hpp:997 in axis2stream                  |
| loop_tripcount  | avg=avg_num_of_bursts max=max_num_of_bursts                                      | ../../../../../../../../../OPS/ops/hls/L1/include/ops_hls_datamover.hpp:1053 in mem2axis                    |
| pipeline        | II=num_strm_pkts_per_beat                                                        | ../../../../../../../../../OPS/ops/hls/L1/include/ops_hls_datamover.hpp:1057 in mem2axis                    |
| loop_tripcount  | min=min_burst_len avg=avg_burst_len max=max_burst_len                            | ../../../../../../../../../OPS/ops/hls/L1/include/ops_hls_datamover.hpp:1058 in mem2axis                    |
| pipeline        | II=num_strm_pkts_per_beat                                                        | ../../../../../../../../../OPS/ops/hls/L1/include/ops_hls_datamover.hpp:1067 in mem2axis                    |
| stream          | variable = mem_strm depth = max_depth_v16                                        | ../../../../../../../../../OPS/ops/hls/L1/include/ops_hls_datamover.hpp:1118 in mem2axisv2                  |
| stream          | variable = red_mem_strm depth = max_depth_v8                                     | ../../../../../../../../../OPS/ops/hls/L1/include/ops_hls_datamover.hpp:1119 in mem2axisv2                  |
| dataflow        |                                                                                  | ../../../../../../../../../OPS/ops/hls/L1/include/ops_hls_datamover.hpp:1121 in mem2axisv2                  |
| loop_tripcount  | avg=avg_num_of_bursts max=max_num_of_bursts                                      | ../../../../../../../../../OPS/ops/hls/L1/include/ops_hls_datamover.hpp:1175 in mem2axis                    |
| pipeline        | II=num_strm_pkts_per_beat                                                        | ../../../../../../../../../OPS/ops/hls/L1/include/ops_hls_datamover.hpp:1179 in mem2axis                    |
| loop_tripcount  | min=min_burst_len avg=avg_burst_len max=max_burst_len                            | ../../../../../../../../../OPS/ops/hls/L1/include/ops_hls_datamover.hpp:1180 in mem2axis                    |
| pipeline        | II=num_strm_pkts_per_beat                                                        | ../../../../../../../../../OPS/ops/hls/L1/include/ops_hls_datamover.hpp:1189 in mem2axis                    |
| loop_tripcount  | avg=avg_num_of_bursts max=max_num_of_bursts                                      | ../../../../../../../../../OPS/ops/hls/L1/include/ops_hls_datamover.hpp:1198 in mem2axis                    |
| pipeline        | II=num_strm_pkts_per_beat                                                        | ../../../../../../../../../OPS/ops/hls/L1/include/ops_hls_datamover.hpp:1202 in mem2axis                    |
| loop_tripcount  | min=min_burst_len avg=avg_burst_len max=max_burst_len                            | ../../../../../../../../../OPS/ops/hls/L1/include/ops_hls_datamover.hpp:1203 in mem2axis                    |
| pipeline        | II=num_strm_pkts_per_beat                                                        | ../../../../../../../../../OPS/ops/hls/L1/include/ops_hls_datamover.hpp:1212 in mem2axis                    |
| loop_tripcount  | avg=avg_num_of_bursts max=max_num_of_bursts                                      | ../../../../../../../../../OPS/ops/hls/L1/include/ops_hls_datamover.hpp:1273 in axis2mem                    |
| pipeline        | II=num_strm_pkts_per_beat                                                        | ../../../../../../../../../OPS/ops/hls/L1/include/ops_hls_datamover.hpp:1277 in axis2mem                    |
| loop_tripcount  | min=min_burst_len avg=avg_burst_len max=max_burst_len                            | ../../../../../../../../../OPS/ops/hls/L1/include/ops_hls_datamover.hpp:1278 in axis2mem                    |
| pipeline        | II=num_strm_pkts_per_beat                                                        | ../../../../../../../../../OPS/ops/hls/L1/include/ops_hls_datamover.hpp:1287 in axis2mem                    |
| stream          | variable = mem_strm depth = max_depth_v16                                        | ../../../../../../../../../OPS/ops/hls/L1/include/ops_hls_datamover.hpp:1338 in axis2memv2                  |
| stream          | variable = red_mem_strm depth = max_depth_v8                                     | ../../../../../../../../../OPS/ops/hls/L1/include/ops_hls_datamover.hpp:1339 in axis2memv2                  |
| dataflow        |                                                                                  | ../../../../../../../../../OPS/ops/hls/L1/include/ops_hls_datamover.hpp:1341 in axis2memv2                  |
| loop_tripcount  | avg=avg_num_of_bursts max=max_num_of_bursts                                      | ../../../../../../../../../OPS/ops/hls/L1/include/ops_hls_datamover.hpp:1396 in axis2mem                    |
| pipeline        | II=num_strm_pkts_per_beat                                                        | ../../../../../../../../../OPS/ops/hls/L1/include/ops_hls_datamover.hpp:1400 in axis2mem                    |
| loop_tripcount  | min=min_burst_len avg=avg_burst_len max=max_burst_len                            | ../../../../../../../../../OPS/ops/hls/L1/include/ops_hls_datamover.hpp:1401 in axis2mem                    |
| pipeline        | II=num_strm_pkts_per_beat                                                        | ../../../../../../../../../OPS/ops/hls/L1/include/ops_hls_datamover.hpp:1410 in axis2mem                    |
| loop_tripcount  | avg=avg_num_of_bursts max=max_num_of_bursts                                      | ../../../../../../../../../OPS/ops/hls/L1/include/ops_hls_datamover.hpp:1419 in axis2mem                    |
| pipeline        | II=num_strm_pkts_per_beat                                                        | ../../../../../../../../../OPS/ops/hls/L1/include/ops_hls_datamover.hpp:1423 in axis2mem                    |
| loop_tripcount  | min=min_burst_len avg=avg_burst_len max=max_burst_len                            | ../../../../../../../../../OPS/ops/hls/L1/include/ops_hls_datamover.hpp:1424 in axis2mem                    |
| pipeline        | II=num_strm_pkts_per_beat                                                        | ../../../../../../../../../OPS/ops/hls/L1/include/ops_hls_datamover.hpp:1433 in axis2mem                    |
| pipeline        | II=data_per_axis_pkt                                                             | ../../../../../../../../../OPS/ops/hls/L1/include/ops_hls_datamover.hpp:1477 in axis2memmasked              |
| pipeline        | II=1                                                                             | ../../../../../../../../../OPS/ops/hls/L1/include/ops_hls_datamover.hpp:1525 in axis2stream                 |
| loop_flatten    |                                                                                  | ../../../../../../../../../OPS/ops/hls/L1/include/ops_hls_datamover.hpp:1526 in axis2stream                 |
| array_partition | variable=cycleBuf type=complete                                                  | ../../../../../../../../../OPS/ops/hls/L1/include/ops_hls_datamover.hpp:1581 in axis2streammasked, cycleBuf |
| pipeline        | II=1                                                                             | ../../../../../../../../../OPS/ops/hls/L1/include/ops_hls_datamover.hpp:1611 in axis2streammasked           |
| pipeline        | II=1                                                                             | ../../../../../../../../../OPS/ops/hls/L1/include/ops_hls_datamover.hpp:1672 in axis2streammasked           |
| pipeline        | II=1                                                                             | ../../../../../../../../../OPS/ops/hls/L1/include/ops_hls_datamover.hpp:1741 in axisloopbackv2              |
| pipeline        | II = 1                                                                           | ../../../../../../../../../OPS/ops/hls/L1/include/ops_hls_datamover.hpp:1812 in axisloopback                |
| pipeline        | II=1                                                                             | ../../../../../../../../../OPS/ops/hls/L1/include/ops_hls_datamover.hpp:1847 in axisterminate               |
| pipeline        | II=1                                                                             | ../../../../../../../../../OPS/ops/hls/L1/include/ops_hls_datamover.hpp:1906 in stream2axis                 |
| pipeline        | II=1                                                                             | ../../../../../../../../../OPS/ops/hls/L1/include/ops_hls_datamover.hpp:1975 in stream2axismasked           |
| pipeline        | II=data_per_strm_pkt                                                             | ../../../../../../../../../OPS/ops/hls/L1/include/ops_hls_datamover.hpp:2091 in stream2memmasked            |
| pipeline        | II=1                                                                             | ../../../../../../../../../OPS/ops/hls/L1/include/ops_hls_datamover.hpp:2316 in memwritegrid                |
| pipeline        | II = 1                                                                           | ../../../../../../../../../OPS/ops/hls/L1/include/ops_hls_datamover.hpp:2395 in memwritegridsimple          |
| inline          | off                                                                              | ../../../../../../../../../OPS/ops/hls/L1/include/ops_hls_utils.hpp:53 in register_it                       |
| array_partition | variable = stencilConfig.lower_limit dim = 1 complete                            | ../../../../../device/include/PE_jac3D_kernel_stencil.hpp:143 in stencilrun                                 |
| array_partition | variable = stencilConfig.upper_limit dim = 1 complete                            | ../../../../../device/include/PE_jac3D_kernel_stencil.hpp:144 in stencilrun                                 |
| array_partition | variable = arg0_widenStencilValues dim = 1 complete                              | ../../../../../device/include/PE_jac3D_kernel_stencil.hpp:168 in stencilrun                                 |
| bind_storage    | variable = arg0_buf_p0_1 type = ram_s2p impl=URAM latency=2                      | ../../../../../device/include/PE_jac3D_kernel_stencil.hpp:171 in stencilrun                                 |
| bind_storage    | variable = arg0_buf_r0_1_p1 type = ram_s2p latency=2                             | ../../../../../device/include/PE_jac3D_kernel_stencil.hpp:173 in stencilrun                                 |
| bind_storage    | variable = arg0_buf_r1_2_p1 type = ram_s2p latency=2                             | ../../../../../device/include/PE_jac3D_kernel_stencil.hpp:175 in stencilrun                                 |
| bind_storage    | variable = arg0_buf_p1_2 type = ram_s2p impl=URAM latency=2                      | ../../../../../device/include/PE_jac3D_kernel_stencil.hpp:177 in stencilrun                                 |
| array_partition | variable = arg0_rowArr_1_0 dim=1 complete                                        | ../../../../../device/include/PE_jac3D_kernel_stencil.hpp:180 in stencilrun                                 |
| array_partition | variable = arg0_rowArr_0_1 dim=1 complete                                        | ../../../../../device/include/PE_jac3D_kernel_stencil.hpp:182 in stencilrun                                 |
| array_partition | variable = arg0_rowArr_1_1 dim=1 complete                                        | ../../../../../device/include/PE_jac3D_kernel_stencil.hpp:184 in stencilrun                                 |
| array_partition | variable = arg0_rowArr_2_1 dim=1 complete                                        | ../../../../../device/include/PE_jac3D_kernel_stencil.hpp:186 in stencilrun                                 |
| array_partition | variable = arg0_rowArr_1_2 dim=1 complete                                        | ../../../../../device/include/PE_jac3D_kernel_stencil.hpp:188 in stencilrun                                 |
| pipeline        | II=1                                                                             | ../../../../../device/include/PE_jac3D_kernel_stencil.hpp:196 in stencilrun                                 |
| unroll          | factor=vector_factor                                                             | ../../../../../device/include/PE_jac3D_kernel_stencil.hpp:357 in stencilrun                                 |
| unroll          | factor=vector_factor                                                             | ../../../../../device/include/PE_jac3D_kernel_stencil.hpp:391 in stencilrun                                 |
| stream          | variable = node2_1_to_node3_0 depth = 10                                         | ../../../../../device/src/kernel_outerloop_0.cpp:11 in joint_pe_outerloop_0                                 |
| inline          |                                                                                  | ../../../../../device/src/kernel_outerloop_0.cpp:25 in kernel_outerloop_0_dataflow_region_cascaded          |
| unroll          | factor=iter_par_factor                                                           | ../../../../../device/src/kernel_outerloop_0.cpp:31 in kernel_outerloop_0_dataflow_region_cascaded          |
| dataflow        |                                                                                  | ../../../../../device/src/kernel_outerloop_0.cpp:41 in kernel_outerloop_0_dataflow_region                   |
| stream          | variable = arg0_arg1_streams depth = 10                                          | ../../../../../device/src/kernel_outerloop_0.cpp:43 in kernel_outerloop_0_dataflow_region                   |
| interface       | s_axilite port = slr_region bundle = control                                     | ../../../../../device/src/kernel_outerloop_0.cpp:75 in kernel_outerloop_0                                   |
| interface       | s_axilite port = outer_itr bundle = control                                      | ../../../../../device/src/kernel_outerloop_0.cpp:76 in kernel_outerloop_0                                   |
| interface       | s_axilite port = stencilConfig_grid_size_0 bundle = control                      | ../../../../../device/src/kernel_outerloop_0.cpp:77 in kernel_outerloop_0                                   |
| interface       | s_axilite port = stencilConfig_grid_size_1 bundle = control                      | ../../../../../device/src/kernel_outerloop_0.cpp:78 in kernel_outerloop_0                                   |
| interface       | s_axilite port = stencilConfig_grid_size_2 bundle = control                      | ../../../../../device/src/kernel_outerloop_0.cpp:79 in kernel_outerloop_0                                   |
| interface       | s_axilite port = stencilConfig_dim bundle = control                              | ../../../../../device/src/kernel_outerloop_0.cpp:80 in kernel_outerloop_0                                   |
| interface       | s_axilite port = stencilConfig_total_itr bundle = control                        | ../../../../../device/src/kernel_outerloop_0.cpp:81 in kernel_outerloop_0                                   |
| interface       | s_axilite port = stencilConfig_lower_limit_0 bundle = control                    | ../../../../../device/src/kernel_outerloop_0.cpp:82 in kernel_outerloop_0                                   |
| interface       | s_axilite port = stencilConfig_lower_limit_1 bundle = control                    | ../../../../../device/src/kernel_outerloop_0.cpp:83 in kernel_outerloop_0                                   |
| interface       | s_axilite port = stencilConfig_lower_limit_2 bundle = control                    | ../../../../../device/src/kernel_outerloop_0.cpp:84 in kernel_outerloop_0                                   |
| interface       | s_axilite port = stencilConfig_upper_limit_0 bundle = control                    | ../../../../../device/src/kernel_outerloop_0.cpp:85 in kernel_outerloop_0                                   |
| interface       | s_axilite port = stencilConfig_upper_limit_1 bundle = control                    | ../../../../../device/src/kernel_outerloop_0.cpp:86 in kernel_outerloop_0                                   |
| interface       | s_axilite port = stencilConfig_upper_limit_2 bundle = control                    | ../../../../../device/src/kernel_outerloop_0.cpp:87 in kernel_outerloop_0                                   |
| interface       | s_axilite port = stencilConfig_outer_loop_limit bundle = control                 | ../../../../../device/src/kernel_outerloop_0.cpp:88 in kernel_outerloop_0                                   |
| interface       | axis port = arg0_axis_in register                                                | ../../../../../device/src/kernel_outerloop_0.cpp:92 in kernel_outerloop_0                                   |
| interface       | axis port = arg1_axis_out register                                               | ../../../../../device/src/kernel_outerloop_0.cpp:93 in kernel_outerloop_0                                   |
| interface       | ap_ctrl_chain port = return                                                      | ../../../../../device/src/kernel_outerloop_0.cpp:95 in kernel_outerloop_0                                   |
| interface       | s_axilite port = return bundle = control                                         | ../../../../../device/src/kernel_outerloop_0.cpp:96 in kernel_outerloop_0                                   |
+-----------------+----------------------------------------------------------------------------------+-------------------------------------------------------------------------------------------------------------+


