grid_x,grid_y,grid_z,iters,batch_id,init_time,main_time,total_time
300,300,300,60004,1,0,1.03625e+08,1.03625e+08
300,300,300,60004,2,0,1.03625e+08,1.03625e+08
