grid_x,grid_y,grid_z,iters,batch_id,batch_size,init_time,main_time,total_time
100,100,1,60000,1,100,1.47104,11283.2,11290.2
100,100,1,60000,2,100,1.44958,11276.7,11283.7
