grid_x,grid_y,grid_z,iters,batch_id,batch_size,init_time,main_time,total_time
200,100,1,60000,1,100,1.95026,18414.9,18422.7
200,100,1,60000,2,100,1.92881,18404.5,18412
