grid_x,grid_y,grid_z,iters,batch_id,batch_size,init_time,main_time,total_time
300,300,1,60000,1,100,3.91006,108687,108697
300,300,1,60000,2,100,3.96013,108729,108739
