grid_x,grid_y,grid_z,iters,batch_id,batch_size,init_time,main_time,total_time
400,300,1,60000,1,100,4.73022,141296,141306
400,300,1,60000,2,100,4.79937,141230,141240
