grid_x,grid_y,grid_z,iters,batch_size,batch_id,init_time,main_time,total_time
100,100,100,1800,1,0,20922.2,5.9753e+06,5.99623e+06
100,100,100,1800,1,1,20769.6,5.97534e+06,5.9961e+06
