grid_x,grid_y,grid_z,iters,batch_size,batch_id,init_time,main_time,total_time
125,125,125,1800,1,0,41604.2,1.06692e+07,1.07109e+07
125,125,125,1800,1,1,39842.6,1.06704e+07,1.07102e+07
