grid_x,grid_y,grid_z,iters,batch_size,batch_id,init_time,main_time,total_time
150,150,150,1800,1,0,65726.6,1.64487e+07,1.65144e+07
150,150,150,1800,1,1,66404.8,1.64477e+07,1.65142e+07
