grid_x,grid_y,grid_z,iters,batch_size,batch_id,init_time,main_time,total_time
150,150,150,1800,1,0,68787.7,1.67138e+07,1.67826e+07
150,150,150,1800,1,1,67990.1,1.67128e+07,1.67808e+07
