grid_x,grid_y,grid_z,iters,batch_size,batch_id,init_time,main_time,total_time
175,175,175,1800,1,0,101736,2.51775e+07,2.52793e+07
175,175,175,1800,1,1,102424,2.51776e+07,2.528e+07
