grid_x,grid_y,grid_z,iters,batch_size,batch_id,init_time,main_time,total_time
200,200,200,1800,1,0,165069,3.75622e+07,3.77272e+07
200,200,200,1800,1,1,159572,3.75639e+07,3.77234e+07
