grid_x,grid_y,grid_z,iters,batch_size,batch_id,init_time,main_time,total_time
225,225,225,1800,1,0,217038,5.37443e+07,5.39614e+07
225,225,225,1800,1,1,216583,5.37433e+07,5.39599e+07
