grid_x,grid_y,grid_z,iters,batch_size,batch_id,init_time,main_time,total_time
225,225,225,1800,1,0,211488,5.05578e+07,5.07693e+07
225,225,225,1800,1,1,209114,5.05582e+07,5.07673e+07
