grid_x,grid_y,grid_z,iters,batch_size,batch_id,init_time,main_time,total_time
50,50,50,1800,1,0,3362.64,1.06427e+06,1.06763e+06
50,50,50,1800,1,1,3665.87,1.0644e+06,1.06807e+06
50,50,50,1800,1,2,3649.7,1.06445e+06,1.0681e+06
50,50,50,1800,1,3,3578.25,1.0648e+06,1.06838e+06
50,50,50,1800,1,4,3255.55,1.06425e+06,1.0675e+06
