grid_x,grid_y,grid_z,iters,batch_size,batch_id,init_time,main_time,total_time
75,75,75,1800,1,0,10149,2.81399e+06,2.82414e+06
75,75,75,1800,1,1,10626.5,2.81409e+06,2.82472e+06
75,75,75,1800,1,2,10214.2,2.8141e+06,2.82431e+06
75,75,75,1800,1,3,10776.5,2.8146e+06,2.82537e+06
75,75,75,1800,1,4,10732.2,2.81409e+06,2.82482e+06
