grid_x,grid_y,grid_z,iters,batch_size,batch_id,init_time,main_time,total_time
75,75,75,1800,1,0,9576.12,2.78506e+06,2.79464e+06
75,75,75,1800,1,1,9423.59,2.78497e+06,2.79439e+06
75,75,75,1800,1,2,9444.12,2.78487e+06,2.79432e+06
75,75,75,1800,1,3,9503.26,2.785e+06,2.7945e+06
75,75,75,1800,1,4,9415.9,2.78514e+06,2.79455e+06
