grid_x,grid_y,grid_z,iters,batch_size,batch_id,init_time,main_time,total_time
100,1,1,60060,1,0,2.91355,552.6,555.514
100,1,1,60060,1,1,5.97135,554.5,560.471
100,1,1,60060,1,2,6.324,554.95,561.274
100,1,1,60060,1,3,6.3841,554.45,560.834
100,1,1,60060,1,4,6.0585,555.5,561.558
args: -sizex=100 -iters=60060 -batch=5 -bsize=20
