grid_x,grid_y,grid_z,iters,batch_size,batch_id,init_time,main_time,total_time
100,1,1,60060,1,0,2.90705,348.75,351.657
100,1,1,60060,1,1,3.59935,353.85,357.449
100,1,1,60060,1,2,3.6053,346.1,349.705
100,1,1,60060,1,3,3.5853,353.6,357.185
100,1,1,60060,1,4,3.5883,346.2,349.788
args: -sizex=100 -iters=60060 -batch=5 -bsize=20
