grid_x,grid_y,grid_z,iters,batch_size,batch_id,init_time,main_time,total_time
150,1,1,60060,1,0,3.80825,584.3,588.108
150,1,1,60060,1,1,7.4216,585,592.422
150,1,1,60060,1,2,8.88985,586.2,595.09
150,1,1,60060,1,3,8.8528,584.95,593.803
150,1,1,60060,1,4,8.83125,585.45,594.281
args: -sizex=150 -iters=60060 -batch=5 -bsize=20
