grid_x,grid_y,grid_z,iters,batch_size,batch_id,init_time,main_time,total_time
150,1,1,60060,1,0,4.35825,363.7,368.058
150,1,1,60060,1,1,9.6143,367.4,377.014
150,1,1,60060,1,2,9.65485,366.15,375.805
150,1,1,60060,1,3,9.18695,366.05,375.237
150,1,1,60060,1,4,9.2125,366.35,375.562
args: -sizex=150 -iters=60060 -batch=5 -bsize=20
