grid_x,grid_y,grid_z,iters,batch_size,batch_id,init_time,main_time,total_time
200,1,1,60060,1,0,5.74995,388.2,393.95
200,1,1,60060,1,1,7.45015,387.55,395
200,1,1,60060,1,2,7.35795,387.5,394.858
200,1,1,60060,1,3,7.36845,387.85,395.218
200,1,1,60060,1,4,7.3665,387.55,394.916
args: -sizex=200 -iters=60060 -batch=5 -bsize=20
