grid_x,grid_y,grid_z,average_main_time
100,1,1,4664.049999999999
150,1,1,4595.0650000000005
200,1,1,4626.594999999999
500,1,1,3943.32
1000,1,1,4637.16
2000,1,1,4618.09
5000,1,1,3944.06
10000,1,1,4621.54
20000,1,1,4549.535
30000,1,1,4579.075000000001
