grid_x,grid_y,grid_z,iters,batch_size,batch_id,init_time,main_time,total_time
200,200,200,60044,1,0,212227,7.3415e+06,7.55373e+06
200,200,200,60044,1,1,203554,7.34197e+06,7.54552e+06
200,200,200,60044,1,2,219248,7.34149e+06,7.56073e+06
200,200,200,60044,1,3,208404,7.3415e+06,7.5499e+06
200,200,200,60044,1,4,205084,7.34148e+06,7.54656e+06
