grid_x,grid_y,grid_z,iters,batch_id,init_time,main_time,total_time
300,300,300,60048,1,0,6.46015e+07,6.46015e+07
300,300,300,60048,2,0,6.46015e+07,6.46015e+07
