grid_x,grid_y,grid_z,iters,batch_id,init_time,main_time,total_time
250,250,250,60000,1,889131,1.8555e+07,1.94683e+07
250,250,250,60000,2,885785,1.8555e+07,1.94648e+07
