grid_x,grid_y,grid_z,iters,batch_size,batch_id,init_time,main_time,total_time
200,1,1,60060,1,0,6.64265,255.6,262.243
200,1,1,60060,1,1,5.69285,255.1,260.793
200,1,1,60060,1,2,9.8557,255.25,265.106
200,1,1,60060,1,3,9.7811,254.9,264.681
200,1,1,60060,1,4,9.8016,255.5,265.302
args: -sizex=200 -iters=60060 -batch=5 -bsize=20
