grid_x,grid_y,grid_z,iters,batch_size,batch_id,init_time,main_time,total_time
200,200,200,60000,1,0,223035,5.57382e+06,5.79685e+06
200,200,200,60000,1,1,227646,5.57389e+06,5.80153e+06
200,200,200,60000,1,2,250756,5.57375e+06,5.82451e+06
200,200,200,60000,1,3,247912,5.57384e+06,5.82175e+06
200,200,200,60000,1,4,243318,5.57366e+06,5.81698e+06
