File,Grid Size X,Grid Size Y,Grid Size Z,Batch Size,Average Power (W),Elapsed Time (ms),Total Energy (kJ),Energy per Batch (kJ),Estimated Energy for 10000 Batches (kJ)
1000_nvidia_smi_log.csv,1000,1,1,100,86.958,768.0,0.066783744,0.0006678374400000001,6.678374400000001
2000_nvidia_smi_log.csv,2000,1,1,100,81.88636363636364,862.0,0.07058604545454546,0.0007058604545454545,7.058604545454545
5000_nvidia_smi_log.csv,5000,1,1,100,82.30199999999999,801.0,0.06592390199999999,0.00065923902,6.5923902
10000_nvidia_smi_log.csv,10000,1,1,100,83.66181818181816,861.0,0.07203282545454544,0.0007203282545454544,7.2032825454545435
20000_nvidia_smi_log.csv,20000,1,1,100,85.82363636363637,860.0,0.07380832727272726,0.0007380832727272727,7.380832727272727
30000_nvidia_smi_log.csv,30000,1,1,100,88.20916666666666,921.0,0.0812406425,0.000812406425,8.12406425
