File,Grid Size X,Grid Size Y,Grid Size Z,Batch Size,Average Power (W),Elapsed Time (ms),Total Energy (kJ),Energy per Batch (kJ),Estimated Energy for 10000 Batches (kJ)
1000_nvidia_smi_log.csv,1000,1,1,100,85.27799999999999,853.0,0.07274213399999999,0.0007274213399999998,7.274213399999998
2000_nvidia_smi_log.csv,2000,1,1,100,82.98181818181818,923.0,0.07659221818181819,0.0007659221818181819,7.659221818181819
5000_nvidia_smi_log.csv,5000,1,1,100,83.1925,906.0,0.075372405,0.00075372405,7.5372405
10000_nvidia_smi_log.csv,10000,1,1,100,83.9509090909091,842.0,0.07068666545454545,0.0007068666545454545,7.068666545454545
20000_nvidia_smi_log.csv,20000,1,1,100,85.0125,958.0,0.081441975,0.00081441975,8.144197499999999
30000_nvidia_smi_log.csv,30000,1,1,100,85.98083333333334,987.0,0.0848630825,0.000848630825,8.48630825
