
*** Running vivado
    with args -log ulp_inst_0.vds -m64 -product Vivado -mode batch -messageDb vivado.pb -notrace -source ulp_inst_0.tcl


****** Vivado v2022.1 (64-bit)
  **** SW Build 3526262 on Mon Apr 18 15:47:01 MDT 2022
  **** IP Build 3524634 on Mon Apr 18 20:55:01 MDT 2022
    ** Copyright 1986-2022 Xilinx, Inc. All Rights Reserved.

source ulp_inst_0.tcl -notrace
INFO: Dispatch client connection id - 42837
INFO: [IP_Flow 19-234] Refreshing IP repositories
INFO: [IP_Flow 19-1700] Loaded user IP repository '/home/x_thileeb/repos/ops-hls-pact25-artifact/codegen_apps/jacobian3d/vck5000_project/hls/build/hw/temp_dir/link/link/int/xo/ip_repo/xilinx_com_hls_kernel_outerloop_0_1_0'.
INFO: [IP_Flow 19-1700] Loaded user IP repository '/home/x_thileeb/repos/ops-hls-pact25-artifact/codegen_apps/jacobian3d/vck5000_project/hls/build/hw/temp_dir/link/link/int/xo/ip_repo/xilinx_com_hls_datamover_outerloop_0_1_0'.
INFO: [IP_Flow 19-1700] Loaded user IP repository '/home/x_thileeb/repos/ops-hls-pact25-artifact/codegen_apps/jacobian3d/vck5000_project/hls/build/hw/temp_dir/link/link/vivado/vpl/.local/hw_platform/iprepo'.
INFO: [IP_Flow 19-1700] Loaded user IP repository '/home/x_thileeb/repos/ops-hls-pact25-artifact/codegen_apps/jacobian3d/vck5000_project/hls/build/hw/temp_dir/link/link/vivado/vpl/.local/hw_platform/ipcache'.
INFO: [IP_Flow 19-1700] Loaded user IP repository '/tools/Xilinx/Vitis/2022.1/data/ip'.
INFO: [IP_Flow 19-2313] Loaded Vivado IP repository '/tools/Xilinx/Vivado/2022.1/data/ip'.
WARNING: [IP_Flow 19-1663] Duplicate IP found for 'xilinx.com:ip:axi_fifo_register:3.0'. The one found in IP location '/home/x_thileeb/repos/ops-hls-pact25-artifact/codegen_apps/jacobian3d/vck5000_project/hls/build/hw/temp_dir/link/link/vivado/vpl/.local/hw_platform/iprepo/xilinx/axi_fifo_register_v3_0' will take precedence over the same IP in location /tools/Xilinx/Vitis/2022.1/data/ip/xilinx/axi_fifo_register_v3_0
WARNING: [IP_Flow 19-1663] Duplicate IP found for 'xilinx.com:ip:Event_Pulse:1.0'. The one found in IP location '/home/x_thileeb/repos/ops-hls-pact25-artifact/codegen_apps/jacobian3d/vck5000_project/hls/build/hw/temp_dir/link/link/vivado/vpl/.local/hw_platform/iprepo/xilinx/event_pulse_v1_0' will take precedence over the same IP in location /tools/Xilinx/Vitis/2022.1/data/ip/xilinx/event_pulse_v1_0
WARNING: [IP_Flow 19-1663] Duplicate IP found for 'xilinx.com:ip:axis_ic2sgdma:1.0'. The one found in IP location '/home/x_thileeb/repos/ops-hls-pact25-artifact/codegen_apps/jacobian3d/vck5000_project/hls/build/hw/temp_dir/link/link/vivado/vpl/.local/hw_platform/iprepo/xilinx/axis_ic2sgdma_v1_0' will take precedence over the same IP in location /tools/Xilinx/Vitis/2022.1/data/ip/xilinx/axis_ic2sgdma_v1_0
WARNING: [IP_Flow 19-1663] Duplicate IP found for 'xilinx.com:ip:maxis_tieoff_v1_0:1.0'. The one found in IP location '/home/x_thileeb/repos/ops-hls-pact25-artifact/codegen_apps/jacobian3d/vck5000_project/hls/build/hw/temp_dir/link/link/vivado/vpl/.local/hw_platform/iprepo/xilinx/maxis_tieoff_v1_0' will take precedence over the same IP in location /tools/Xilinx/Vitis/2022.1/data/ip/xilinx/maxis_tieoff_v1_0
WARNING: [IP_Flow 19-1663] Duplicate IP found for 'xilinx.com:ip:xrt_queue:1.1'. The one found in IP location '/home/x_thileeb/repos/ops-hls-pact25-artifact/codegen_apps/jacobian3d/vck5000_project/hls/build/hw/temp_dir/link/link/vivado/vpl/.local/hw_platform/iprepo/xilinx/xrt_queue_v1_1' will take precedence over the same IP in location /tools/Xilinx/Vitis/2022.1/data/ip/xilinx/xrt_queue_v1_1
WARNING: [IP_Flow 19-1663] Duplicate IP found for 'xilinx.com:ip:sds_lib:1.0'. The one found in IP location '/home/x_thileeb/repos/ops-hls-pact25-artifact/codegen_apps/jacobian3d/vck5000_project/hls/build/hw/temp_dir/link/link/vivado/vpl/.local/hw_platform/iprepo/xilinx/sds_lib' will take precedence over the same IP in location /tools/Xilinx/Vitis/2022.1/data/ip/xilinx/sds_lib
WARNING: [IP_Flow 19-1663] Duplicate IP found for 'xilinx.com:ip:stream_gate:1.0'. The one found in IP location '/home/x_thileeb/repos/ops-hls-pact25-artifact/codegen_apps/jacobian3d/vck5000_project/hls/build/hw/temp_dir/link/link/vivado/vpl/.local/hw_platform/iprepo/xilinx/stream_gate_v1_0' will take precedence over the same IP in location /tools/Xilinx/Vitis/2022.1/data/ip/xilinx/stream_gate_v1_0
WARNING: [IP_Flow 19-1663] Duplicate IP found for 'xilinx.com:ip:aximm_tieoff_v1_0:1.0'. The one found in IP location '/home/x_thileeb/repos/ops-hls-pact25-artifact/codegen_apps/jacobian3d/vck5000_project/hls/build/hw/temp_dir/link/link/vivado/vpl/.local/hw_platform/iprepo/xilinx/aximm_tieoff_v1_0' will take precedence over the same IP in location /tools/Xilinx/Vitis/2022.1/data/ip/xilinx/aximm_tieoff_v1_0
WARNING: [IP_Flow 19-1663] Duplicate IP found for 'xilinx.com:sds:sds_mem_sink:1.0'. The one found in IP location '/home/x_thileeb/repos/ops-hls-pact25-artifact/codegen_apps/jacobian3d/vck5000_project/hls/build/hw/temp_dir/link/link/vivado/vpl/.local/hw_platform/iprepo/xilinx/sds_mem_sink' will take precedence over the same IP in location /tools/Xilinx/Vitis/2022.1/data/ip/xilinx/sds_mem_sink
WARNING: [IP_Flow 19-1663] Duplicate IP found for 'xilinx.com:ip:ovld_reg:1.0'. The one found in IP location '/home/x_thileeb/repos/ops-hls-pact25-artifact/codegen_apps/jacobian3d/vck5000_project/hls/build/hw/temp_dir/link/link/vivado/vpl/.local/hw_platform/iprepo/xilinx/ovld_reg_v1_0' will take precedence over the same IP in location /tools/Xilinx/Vitis/2022.1/data/ip/xilinx/ovld_reg_v1_0
WARNING: [IP_Flow 19-1663] Duplicate IP found for 'xilinx.com:ip:saxis_tieoff_v1_0:1.0'. The one found in IP location '/home/x_thileeb/repos/ops-hls-pact25-artifact/codegen_apps/jacobian3d/vck5000_project/hls/build/hw/temp_dir/link/link/vivado/vpl/.local/hw_platform/iprepo/xilinx/saxis_tieoff_v1_0' will take precedence over the same IP in location /tools/Xilinx/Vitis/2022.1/data/ip/xilinx/saxis_tieoff_v1_0
WARNING: [IP_Flow 19-1663] Duplicate IP found for 'xilinx.com:ip:sgdma2axis_ic:1.0'. The one found in IP location '/home/x_thileeb/repos/ops-hls-pact25-artifact/codegen_apps/jacobian3d/vck5000_project/hls/build/hw/temp_dir/link/link/vivado/vpl/.local/hw_platform/iprepo/xilinx/sgdma2axis_ic_v1_0' will take precedence over the same IP in location /tools/Xilinx/Vitis/2022.1/data/ip/xilinx/sgdma2axis_ic_v1_0
WARNING: [IP_Flow 19-1663] Duplicate IP found for 'xilinx.com:sds:sds_mem_source:1.0'. The one found in IP location '/home/x_thileeb/repos/ops-hls-pact25-artifact/codegen_apps/jacobian3d/vck5000_project/hls/build/hw/temp_dir/link/link/vivado/vpl/.local/hw_platform/iprepo/xilinx/sds_mem_source' will take precedence over the same IP in location /tools/Xilinx/Vitis/2022.1/data/ip/xilinx/sds_mem_source
WARNING: [IP_Flow 19-1663] Duplicate IP found for 'xilinx.com:ip:xrt_queue:1.0'. The one found in IP location '/home/x_thileeb/repos/ops-hls-pact25-artifact/codegen_apps/jacobian3d/vck5000_project/hls/build/hw/temp_dir/link/link/vivado/vpl/.local/hw_platform/iprepo/xilinx/xrt_queue_v1_0' will take precedence over the same IP in location /tools/Xilinx/Vitis/2022.1/data/ip/xilinx/xrt_queue_v1_0
WARNING: [IP_Flow 19-1663] Duplicate IP found for 'xilinx.com:ip:adapter_v3_0:1.0'. The one found in IP location '/home/x_thileeb/repos/ops-hls-pact25-artifact/codegen_apps/jacobian3d/vck5000_project/hls/build/hw/temp_dir/link/link/vivado/vpl/.local/hw_platform/iprepo/xilinx/adapter_v3_0' will take precedence over the same IP in location /tools/Xilinx/Vitis/2022.1/data/ip/xilinx/adapter_v3_0
WARNING: [IP_Flow 19-1663] Duplicate IP found for 'xilinx.com:hls:Data_Mover_XIP:1.0'. The one found in IP location '/home/x_thileeb/repos/ops-hls-pact25-artifact/codegen_apps/jacobian3d/vck5000_project/hls/build/hw/temp_dir/link/link/vivado/vpl/.local/hw_platform/iprepo/xilinx/data_mover' will take precedence over the same IP in location /tools/Xilinx/Vitis/2022.1/data/ip/xilinx/data_mover
WARNING: [IP_Flow 19-1663] Duplicate IP found for 'xilinx.com:hls:aie_trace_s2mm:1.0'. The one found in IP location '/home/x_thileeb/repos/ops-hls-pact25-artifact/codegen_apps/jacobian3d/vck5000_project/hls/build/hw/temp_dir/link/link/vivado/vpl/.local/hw_platform/iprepo/xilinx/aie_trace_s2mm_v1_0' will take precedence over the same IP in location /tools/Xilinx/Vitis/2022.1/data/ip/xilinx/aie_trace_s2mm_v1_0
WARNING: [BD 41-2576] File '/home/x_thileeb/repos/ops-hls-pact25-artifact/codegen_apps/jacobian3d/vck5000_project/hls/build/hw/temp_dir/link/link/vivado/vpl/prj/prj.gen/my_rm/bd/ulp_inst_0/ulp_inst_0_sim_netlist.vhdl' referenced by design 'ulp_inst_0' could not be found.
WARNING: [BD 41-2576] File '/home/x_thileeb/repos/ops-hls-pact25-artifact/codegen_apps/jacobian3d/vck5000_project/hls/build/hw/temp_dir/link/link/vivado/vpl/prj/prj.gen/my_rm/bd/ulp_inst_0/ulp_inst_0_sim_netlist.v' referenced by design 'ulp_inst_0' could not be found.
WARNING: [BD 41-2576] File '/home/x_thileeb/repos/ops-hls-pact25-artifact/codegen_apps/jacobian3d/vck5000_project/hls/build/hw/temp_dir/link/link/vivado/vpl/prj/prj.gen/my_rm/bd/ulp_inst_0/ulp_inst_0_stub.vhdl' referenced by design 'ulp_inst_0' could not be found.
WARNING: [BD 41-2576] File '/home/x_thileeb/repos/ops-hls-pact25-artifact/codegen_apps/jacobian3d/vck5000_project/hls/build/hw/temp_dir/link/link/vivado/vpl/prj/prj.gen/my_rm/bd/ulp_inst_0/ulp_inst_0_stub.v' referenced by design 'ulp_inst_0' could not be found.
WARNING: [BD 41-2576] File '/home/x_thileeb/repos/ops-hls-pact25-artifact/codegen_apps/jacobian3d/vck5000_project/hls/build/hw/temp_dir/link/link/vivado/vpl/prj/prj.gen/my_rm/bd/ulp_inst_0/ulp_inst_0.dcp' referenced by design 'ulp_inst_0' could not be found.
add_files: Time (s): cpu = 00:00:07 ; elapsed = 00:00:09 . Memory (MB): peak = 2902.199 ; gain = 0.000 ; free physical = 149032 ; free virtual = 485245
Command: synth_design -top ulp_inst_0 -part xcvc1902-vsvd1760-2MP-e-S -incremental_mode off -mode out_of_context
Starting synth_design
WARNING: [Vivado_Tcl 4-393] The 'Synthesis' target of the following IPs are stale, please generate the output products using the generate_target or synth_ip command before running synth_design.
/home/x_thileeb/repos/ops-hls-pact25-artifact/codegen_apps/jacobian3d/vck5000_project/hls/build/hw/temp_dir/link/link/vivado/vpl/prj/prj.srcs/my_rm/bd/ulp_inst_0/ulp_inst_0.bd

WARNING: [Vivado_Tcl 4-393] The 'Implementation' target of the following IPs are stale, please generate the output products using the generate_target or synth_ip command before running synth_design.
/home/x_thileeb/repos/ops-hls-pact25-artifact/codegen_apps/jacobian3d/vck5000_project/hls/build/hw/temp_dir/link/link/vivado/vpl/prj/prj.srcs/my_rm/bd/ulp_inst_0/ulp_inst_0.bd

Attempting to get a license for feature 'Synthesis' and/or device 'xcvc1902'
INFO: [Common 17-349] Got license for feature 'Synthesis' and/or device 'xcvc1902'
INFO: [Device 21-403] Loading part xcvc1902-vsvd1760-2MP-e-S
INFO: [Synth 8-7079] Multithreading enabled for synth_design using a maximum of 1 processes.
INFO: [Synth 8-7078] Launching helper process for spawning children vivado processes
INFO: [Synth 8-7075] Helper process launched with PID 1965421
WARNING: [Synth 8-9501] generate block is allowed only inside loop and conditional generate in SystemVerilog mode [/tools/Xilinx/Vivado/2022.1/data/ip/xpm/xpm_fifo/hdl/xpm_fifo.sv:4023]
---------------------------------------------------------------------------------
Starting RTL Elaboration : Time (s): cpu = 00:00:04 ; elapsed = 00:00:04 . Memory (MB): peak = 3260.926 ; gain = 343.828 ; free physical = 146937 ; free virtual = 483151
---------------------------------------------------------------------------------
INFO: [Synth 8-6157] synthesizing module 'ulp_inst_0' [/home/x_thileeb/repos/ops-hls-pact25-artifact/codegen_apps/jacobian3d/vck5000_project/hls/build/hw/temp_dir/link/link/vivado/vpl/prj/prj.gen/my_rm/bd/ulp_inst_0/synth/ulp_inst_0.v:131]
INFO: [Synth 8-6157] synthesizing module 'ulp_inst_0_ai_engine_0_0' [/home/x_thileeb/repos/ops-hls-pact25-artifact/codegen_apps/jacobian3d/vck5000_project/hls/build/hw/temp_dir/link/link/vivado/vpl/prj/prj.gen/my_rm/bd/ulp_inst_0/ip/ulp_inst_0_ai_engine_0_0/synth/ulp_inst_0_ai_engine_0_0.v:53]
INFO: [Synth 8-6157] synthesizing module 'bd_9d54' [/home/x_thileeb/repos/ops-hls-pact25-artifact/codegen_apps/jacobian3d/vck5000_project/hls/build/hw/temp_dir/link/link/vivado/vpl/prj/prj.gen/my_rm/bd/ulp_inst_0/ip/ulp_inst_0_ai_engine_0_0/bd_0/synth/bd_9d54.v:9]
INFO: [Synth 8-6157] synthesizing module 'bd_9d54_noc_ai_mm_0_0' [/home/x_thileeb/repos/ops-hls-pact25-artifact/codegen_apps/jacobian3d/vck5000_project/hls/build/hw/temp_dir/link/link/vivado/vpl/prj/prj.gen/my_rm/bd/ulp_inst_0/ip/ulp_inst_0_ai_engine_0_0/bd_0/ip/ip_0/synth/bd_9d54_noc_ai_mm_0_0.v:53]
INFO: [Synth 8-6157] synthesizing module 'ai_noc_v1_0_0_ai_noc' [/home/x_thileeb/repos/ops-hls-pact25-artifact/codegen_apps/jacobian3d/vck5000_project/hls/build/hw/temp_dir/link/link/vivado/vpl/prj/prj.gen/my_rm/bd/ulp_inst_0/ipshared/fc78/hdl/ai_noc_v1_0_rfs.v:3]
INFO: [Synth 8-6157] synthesizing module 'AIE_NOC_S_AXI' [/tools/Xilinx/Vivado/2022.1/scripts/rt/data/unisim_comp.v:163]
INFO: [Synth 8-6155] done synthesizing module 'AIE_NOC_S_AXI' (0#1) [/tools/Xilinx/Vivado/2022.1/scripts/rt/data/unisim_comp.v:163]
WARNING: [Synth 8-689] width (16) of port connection 'S_AXI_AWID' does not match port width (2) of module 'AIE_NOC_S_AXI' [/home/x_thileeb/repos/ops-hls-pact25-artifact/codegen_apps/jacobian3d/vck5000_project/hls/build/hw/temp_dir/link/link/vivado/vpl/prj/prj.gen/my_rm/bd/ulp_inst_0/ipshared/fc78/hdl/ai_noc_v1_0_rfs.v:187]
WARNING: [Synth 8-689] width (16) of port connection 'S_AXI_BID' does not match port width (2) of module 'AIE_NOC_S_AXI' [/home/x_thileeb/repos/ops-hls-pact25-artifact/codegen_apps/jacobian3d/vck5000_project/hls/build/hw/temp_dir/link/link/vivado/vpl/prj/prj.gen/my_rm/bd/ulp_inst_0/ipshared/fc78/hdl/ai_noc_v1_0_rfs.v:206]
WARNING: [Synth 8-689] width (2) of port connection 'S_AXI_BUSER' does not match port width (16) of module 'AIE_NOC_S_AXI' [/home/x_thileeb/repos/ops-hls-pact25-artifact/codegen_apps/jacobian3d/vck5000_project/hls/build/hw/temp_dir/link/link/vivado/vpl/prj/prj.gen/my_rm/bd/ulp_inst_0/ipshared/fc78/hdl/ai_noc_v1_0_rfs.v:208]
WARNING: [Synth 8-689] width (16) of port connection 'S_AXI_ARID' does not match port width (2) of module 'AIE_NOC_S_AXI' [/home/x_thileeb/repos/ops-hls-pact25-artifact/codegen_apps/jacobian3d/vck5000_project/hls/build/hw/temp_dir/link/link/vivado/vpl/prj/prj.gen/my_rm/bd/ulp_inst_0/ipshared/fc78/hdl/ai_noc_v1_0_rfs.v:211]
WARNING: [Synth 8-689] width (16) of port connection 'S_AXI_RID' does not match port width (2) of module 'AIE_NOC_S_AXI' [/home/x_thileeb/repos/ops-hls-pact25-artifact/codegen_apps/jacobian3d/vck5000_project/hls/build/hw/temp_dir/link/link/vivado/vpl/prj/prj.gen/my_rm/bd/ulp_inst_0/ipshared/fc78/hdl/ai_noc_v1_0_rfs.v:224]
WARNING: [Synth 8-7071] port 'FROM_NOC' of module 'AIE_NOC_S_AXI' is unconnected for instance 'noc_ai_mm' [/home/x_thileeb/repos/ops-hls-pact25-artifact/codegen_apps/jacobian3d/vck5000_project/hls/build/hw/temp_dir/link/link/vivado/vpl/prj/prj.gen/my_rm/bd/ulp_inst_0/ipshared/fc78/hdl/ai_noc_v1_0_rfs.v:183]
WARNING: [Synth 8-7071] port 'S_AXI_TDEST' of module 'AIE_NOC_S_AXI' is unconnected for instance 'noc_ai_mm' [/home/x_thileeb/repos/ops-hls-pact25-artifact/codegen_apps/jacobian3d/vck5000_project/hls/build/hw/temp_dir/link/link/vivado/vpl/prj/prj.gen/my_rm/bd/ulp_inst_0/ipshared/fc78/hdl/ai_noc_v1_0_rfs.v:183]
WARNING: [Synth 8-7071] port 'S_AXI_WID' of module 'AIE_NOC_S_AXI' is unconnected for instance 'noc_ai_mm' [/home/x_thileeb/repos/ops-hls-pact25-artifact/codegen_apps/jacobian3d/vck5000_project/hls/build/hw/temp_dir/link/link/vivado/vpl/prj/prj.gen/my_rm/bd/ulp_inst_0/ipshared/fc78/hdl/ai_noc_v1_0_rfs.v:183]
WARNING: [Synth 8-7023] instance 'noc_ai_mm' of module 'AIE_NOC_S_AXI' has 52 connections declared, but only 49 given [/home/x_thileeb/repos/ops-hls-pact25-artifact/codegen_apps/jacobian3d/vck5000_project/hls/build/hw/temp_dir/link/link/vivado/vpl/prj/prj.gen/my_rm/bd/ulp_inst_0/ipshared/fc78/hdl/ai_noc_v1_0_rfs.v:183]
INFO: [Synth 8-6155] done synthesizing module 'ai_noc_v1_0_0_ai_noc' (0#1) [/home/x_thileeb/repos/ops-hls-pact25-artifact/codegen_apps/jacobian3d/vck5000_project/hls/build/hw/temp_dir/link/link/vivado/vpl/prj/prj.gen/my_rm/bd/ulp_inst_0/ipshared/fc78/hdl/ai_noc_v1_0_rfs.v:3]
WARNING: [Synth 8-7071] port 's_axi_aresetn' of module 'ai_noc_v1_0_0_ai_noc' is unconnected for instance 'inst' [/home/x_thileeb/repos/ops-hls-pact25-artifact/codegen_apps/jacobian3d/vck5000_project/hls/build/hw/temp_dir/link/link/vivado/vpl/prj/prj.gen/my_rm/bd/ulp_inst_0/ip/ulp_inst_0_ai_engine_0_0/bd_0/ip/ip_0/synth/bd_9d54_noc_ai_mm_0_0.v:221]
WARNING: [Synth 8-7071] port 's_axis_aresetn' of module 'ai_noc_v1_0_0_ai_noc' is unconnected for instance 'inst' [/home/x_thileeb/repos/ops-hls-pact25-artifact/codegen_apps/jacobian3d/vck5000_project/hls/build/hw/temp_dir/link/link/vivado/vpl/prj/prj.gen/my_rm/bd/ulp_inst_0/ip/ulp_inst_0_ai_engine_0_0/bd_0/ip/ip_0/synth/bd_9d54_noc_ai_mm_0_0.v:221]
WARNING: [Synth 8-7071] port 'm_axi_aresetn' of module 'ai_noc_v1_0_0_ai_noc' is unconnected for instance 'inst' [/home/x_thileeb/repos/ops-hls-pact25-artifact/codegen_apps/jacobian3d/vck5000_project/hls/build/hw/temp_dir/link/link/vivado/vpl/prj/prj.gen/my_rm/bd/ulp_inst_0/ip/ulp_inst_0_ai_engine_0_0/bd_0/ip/ip_0/synth/bd_9d54_noc_ai_mm_0_0.v:221]
WARNING: [Synth 8-7071] port 'm_axis_aresetn' of module 'ai_noc_v1_0_0_ai_noc' is unconnected for instance 'inst' [/home/x_thileeb/repos/ops-hls-pact25-artifact/codegen_apps/jacobian3d/vck5000_project/hls/build/hw/temp_dir/link/link/vivado/vpl/prj/prj.gen/my_rm/bd/ulp_inst_0/ip/ulp_inst_0_ai_engine_0_0/bd_0/ip/ip_0/synth/bd_9d54_noc_ai_mm_0_0.v:221]
WARNING: [Synth 8-7023] instance 'inst' of module 'ai_noc_v1_0_0_ai_noc' has 122 connections declared, but only 118 given [/home/x_thileeb/repos/ops-hls-pact25-artifact/codegen_apps/jacobian3d/vck5000_project/hls/build/hw/temp_dir/link/link/vivado/vpl/prj/prj.gen/my_rm/bd/ulp_inst_0/ip/ulp_inst_0_ai_engine_0_0/bd_0/ip/ip_0/synth/bd_9d54_noc_ai_mm_0_0.v:221]
INFO: [Synth 8-6155] done synthesizing module 'bd_9d54_noc_ai_mm_0_0' (0#1) [/home/x_thileeb/repos/ops-hls-pact25-artifact/codegen_apps/jacobian3d/vck5000_project/hls/build/hw/temp_dir/link/link/vivado/vpl/prj/prj.gen/my_rm/bd/ulp_inst_0/ip/ulp_inst_0_ai_engine_0_0/bd_0/ip/ip_0/synth/bd_9d54_noc_ai_mm_0_0.v:53]
WARNING: [Synth 8-7071] port 'to_aie_2' of module 'bd_9d54_noc_ai_mm_0_0' is unconnected for instance 'noc_ai_mm_0' [/home/x_thileeb/repos/ops-hls-pact25-artifact/codegen_apps/jacobian3d/vck5000_project/hls/build/hw/temp_dir/link/link/vivado/vpl/prj/prj.gen/my_rm/bd/ulp_inst_0/ip/ulp_inst_0_ai_engine_0_0/bd_0/synth/bd_9d54.v:181]
WARNING: [Synth 8-7071] port 'to_aie_3' of module 'bd_9d54_noc_ai_mm_0_0' is unconnected for instance 'noc_ai_mm_0' [/home/x_thileeb/repos/ops-hls-pact25-artifact/codegen_apps/jacobian3d/vck5000_project/hls/build/hw/temp_dir/link/link/vivado/vpl/prj/prj.gen/my_rm/bd/ulp_inst_0/ip/ulp_inst_0_ai_engine_0_0/bd_0/synth/bd_9d54.v:181]
WARNING: [Synth 8-7071] port 'to_aie_6' of module 'bd_9d54_noc_ai_mm_0_0' is unconnected for instance 'noc_ai_mm_0' [/home/x_thileeb/repos/ops-hls-pact25-artifact/codegen_apps/jacobian3d/vck5000_project/hls/build/hw/temp_dir/link/link/vivado/vpl/prj/prj.gen/my_rm/bd/ulp_inst_0/ip/ulp_inst_0_ai_engine_0_0/bd_0/synth/bd_9d54.v:181]
WARNING: [Synth 8-7071] port 'to_aie_7' of module 'bd_9d54_noc_ai_mm_0_0' is unconnected for instance 'noc_ai_mm_0' [/home/x_thileeb/repos/ops-hls-pact25-artifact/codegen_apps/jacobian3d/vck5000_project/hls/build/hw/temp_dir/link/link/vivado/vpl/prj/prj.gen/my_rm/bd/ulp_inst_0/ip/ulp_inst_0_ai_engine_0_0/bd_0/synth/bd_9d54.v:181]
WARNING: [Synth 8-7023] instance 'noc_ai_mm_0' of module 'bd_9d54_noc_ai_mm_0_0' has 46 connections declared, but only 42 given [/home/x_thileeb/repos/ops-hls-pact25-artifact/codegen_apps/jacobian3d/vck5000_project/hls/build/hw/temp_dir/link/link/vivado/vpl/prj/prj.gen/my_rm/bd/ulp_inst_0/ip/ulp_inst_0_ai_engine_0_0/bd_0/synth/bd_9d54.v:181]
INFO: [Synth 8-6155] done synthesizing module 'bd_9d54' (0#1) [/home/x_thileeb/repos/ops-hls-pact25-artifact/codegen_apps/jacobian3d/vck5000_project/hls/build/hw/temp_dir/link/link/vivado/vpl/prj/prj.gen/my_rm/bd/ulp_inst_0/ip/ulp_inst_0_ai_engine_0_0/bd_0/synth/bd_9d54.v:9]
INFO: [Synth 8-6155] done synthesizing module 'ulp_inst_0_ai_engine_0_0' (0#1) [/home/x_thileeb/repos/ops-hls-pact25-artifact/codegen_apps/jacobian3d/vck5000_project/hls/build/hw/temp_dir/link/link/vivado/vpl/prj/prj.gen/my_rm/bd/ulp_inst_0/ip/ulp_inst_0_ai_engine_0_0/synth/ulp_inst_0_ai_engine_0_0.v:53]
INFO: [Synth 8-6157] synthesizing module 'ulp_inst_0_axi_dbg_hub_0' [/home/x_thileeb/repos/ops-hls-pact25-artifact/codegen_apps/jacobian3d/vck5000_project/hls/build/hw/temp_dir/link/link/vivado/vpl/prj/prj.runs/my_rm_synth_1/.Xil/Vivado-1965346-acclnode05/realtime/ulp_inst_0_axi_dbg_hub_0_stub.v:5]
INFO: [Synth 8-6155] done synthesizing module 'ulp_inst_0_axi_dbg_hub_0' (0#1) [/home/x_thileeb/repos/ops-hls-pact25-artifact/codegen_apps/jacobian3d/vck5000_project/hls/build/hw/temp_dir/link/link/vivado/vpl/prj/prj.runs/my_rm_synth_1/.Xil/Vivado-1965346-acclnode05/realtime/ulp_inst_0_axi_dbg_hub_0_stub.v:5]
INFO: [Synth 8-6157] synthesizing module 'ulp_inst_0_axi_gpio_null_user_0' [/home/x_thileeb/repos/ops-hls-pact25-artifact/codegen_apps/jacobian3d/vck5000_project/hls/build/hw/temp_dir/link/link/vivado/vpl/prj/prj.runs/my_rm_synth_1/.Xil/Vivado-1965346-acclnode05/realtime/ulp_inst_0_axi_gpio_null_user_0_stub.v:5]
INFO: [Synth 8-6155] done synthesizing module 'ulp_inst_0_axi_gpio_null_user_0' (0#1) [/home/x_thileeb/repos/ops-hls-pact25-artifact/codegen_apps/jacobian3d/vck5000_project/hls/build/hw/temp_dir/link/link/vivado/vpl/prj/prj.runs/my_rm_synth_1/.Xil/Vivado-1965346-acclnode05/realtime/ulp_inst_0_axi_gpio_null_user_0_stub.v:5]
WARNING: [Synth 8-7071] port 'gpio_io_o' of module 'ulp_inst_0_axi_gpio_null_user_0' is unconnected for instance 'axi_gpio_null_user' [/home/x_thileeb/repos/ops-hls-pact25-artifact/codegen_apps/jacobian3d/vck5000_project/hls/build/hw/temp_dir/link/link/vivado/vpl/prj/prj.gen/my_rm/bd/ulp_inst_0/synth/ulp_inst_0.v:756]
WARNING: [Synth 8-7071] port 'gpio_io_t' of module 'ulp_inst_0_axi_gpio_null_user_0' is unconnected for instance 'axi_gpio_null_user' [/home/x_thileeb/repos/ops-hls-pact25-artifact/codegen_apps/jacobian3d/vck5000_project/hls/build/hw/temp_dir/link/link/vivado/vpl/prj/prj.gen/my_rm/bd/ulp_inst_0/synth/ulp_inst_0.v:756]
WARNING: [Synth 8-7023] instance 'axi_gpio_null_user' of module 'ulp_inst_0_axi_gpio_null_user_0' has 22 connections declared, but only 20 given [/home/x_thileeb/repos/ops-hls-pact25-artifact/codegen_apps/jacobian3d/vck5000_project/hls/build/hw/temp_dir/link/link/vivado/vpl/prj/prj.gen/my_rm/bd/ulp_inst_0/synth/ulp_inst_0.v:756]
INFO: [Synth 8-6157] synthesizing module 'ulp_inst_0_axi_ic_user_0' [/home/x_thileeb/repos/ops-hls-pact25-artifact/codegen_apps/jacobian3d/vck5000_project/hls/build/hw/temp_dir/link/link/vivado/vpl/prj/prj.runs/my_rm_synth_1/.Xil/Vivado-1965346-acclnode05/realtime/ulp_inst_0_axi_ic_user_0_stub.v:5]
INFO: [Synth 8-6155] done synthesizing module 'ulp_inst_0_axi_ic_user_0' (0#1) [/home/x_thileeb/repos/ops-hls-pact25-artifact/codegen_apps/jacobian3d/vck5000_project/hls/build/hw/temp_dir/link/link/vivado/vpl/prj/prj.runs/my_rm_synth_1/.Xil/Vivado-1965346-acclnode05/realtime/ulp_inst_0_axi_ic_user_0_stub.v:5]
WARNING: [Synth 8-7071] port 'M01_AXI_awprot' of module 'ulp_inst_0_axi_ic_user_0' is unconnected for instance 'axi_ic_user' [/home/x_thileeb/repos/ops-hls-pact25-artifact/codegen_apps/jacobian3d/vck5000_project/hls/build/hw/temp_dir/link/link/vivado/vpl/prj/prj.gen/my_rm/bd/ulp_inst_0/synth/ulp_inst_0.v:778]
WARNING: [Synth 8-7071] port 'M01_AXI_arprot' of module 'ulp_inst_0_axi_ic_user_0' is unconnected for instance 'axi_ic_user' [/home/x_thileeb/repos/ops-hls-pact25-artifact/codegen_apps/jacobian3d/vck5000_project/hls/build/hw/temp_dir/link/link/vivado/vpl/prj/prj.gen/my_rm/bd/ulp_inst_0/synth/ulp_inst_0.v:778]
WARNING: [Synth 8-7071] port 'M02_AXI_awprot' of module 'ulp_inst_0_axi_ic_user_0' is unconnected for instance 'axi_ic_user' [/home/x_thileeb/repos/ops-hls-pact25-artifact/codegen_apps/jacobian3d/vck5000_project/hls/build/hw/temp_dir/link/link/vivado/vpl/prj/prj.gen/my_rm/bd/ulp_inst_0/synth/ulp_inst_0.v:778]
WARNING: [Synth 8-7071] port 'M02_AXI_arprot' of module 'ulp_inst_0_axi_ic_user_0' is unconnected for instance 'axi_ic_user' [/home/x_thileeb/repos/ops-hls-pact25-artifact/codegen_apps/jacobian3d/vck5000_project/hls/build/hw/temp_dir/link/link/vivado/vpl/prj/prj.gen/my_rm/bd/ulp_inst_0/synth/ulp_inst_0.v:778]
WARNING: [Synth 8-7023] instance 'axi_ic_user' of module 'ulp_inst_0_axi_ic_user_0' has 101 connections declared, but only 97 given [/home/x_thileeb/repos/ops-hls-pact25-artifact/codegen_apps/jacobian3d/vck5000_project/hls/build/hw/temp_dir/link/link/vivado/vpl/prj/prj.gen/my_rm/bd/ulp_inst_0/synth/ulp_inst_0.v:778]
INFO: [Synth 8-6157] synthesizing module 'ulp_inst_0_axi_ic_user_extend_0' [/home/x_thileeb/repos/ops-hls-pact25-artifact/codegen_apps/jacobian3d/vck5000_project/hls/build/hw/temp_dir/link/link/vivado/vpl/prj/prj.runs/my_rm_synth_1/.Xil/Vivado-1965346-acclnode05/realtime/ulp_inst_0_axi_ic_user_extend_0_stub.v:5]
INFO: [Synth 8-6155] done synthesizing module 'ulp_inst_0_axi_ic_user_extend_0' (0#1) [/home/x_thileeb/repos/ops-hls-pact25-artifact/codegen_apps/jacobian3d/vck5000_project/hls/build/hw/temp_dir/link/link/vivado/vpl/prj/prj.runs/my_rm_synth_1/.Xil/Vivado-1965346-acclnode05/realtime/ulp_inst_0_axi_ic_user_extend_0_stub.v:5]
WARNING: [Synth 8-7071] port 'M00_AXI_awprot' of module 'ulp_inst_0_axi_ic_user_extend_0' is unconnected for instance 'axi_ic_user_extend' [/home/x_thileeb/repos/ops-hls-pact25-artifact/codegen_apps/jacobian3d/vck5000_project/hls/build/hw/temp_dir/link/link/vivado/vpl/prj/prj.gen/my_rm/bd/ulp_inst_0/synth/ulp_inst_0.v:876]
WARNING: [Synth 8-7071] port 'M00_AXI_arprot' of module 'ulp_inst_0_axi_ic_user_extend_0' is unconnected for instance 'axi_ic_user_extend' [/home/x_thileeb/repos/ops-hls-pact25-artifact/codegen_apps/jacobian3d/vck5000_project/hls/build/hw/temp_dir/link/link/vivado/vpl/prj/prj.gen/my_rm/bd/ulp_inst_0/synth/ulp_inst_0.v:876]
WARNING: [Synth 8-7023] instance 'axi_ic_user_extend' of module 'ulp_inst_0_axi_ic_user_extend_0' has 62 connections declared, but only 60 given [/home/x_thileeb/repos/ops-hls-pact25-artifact/codegen_apps/jacobian3d/vck5000_project/hls/build/hw/temp_dir/link/link/vivado/vpl/prj/prj.gen/my_rm/bd/ulp_inst_0/synth/ulp_inst_0.v:876]
INFO: [Synth 8-6157] synthesizing module 'ulp_inst_0_axi_noc_aie_prog_0' [/home/x_thileeb/repos/ops-hls-pact25-artifact/codegen_apps/jacobian3d/vck5000_project/hls/build/hw/temp_dir/link/link/vivado/vpl/prj/prj.runs/my_rm_synth_1/.Xil/Vivado-1965346-acclnode05/realtime/ulp_inst_0_axi_noc_aie_prog_0_stub.v:5]
INFO: [Synth 8-6155] done synthesizing module 'ulp_inst_0_axi_noc_aie_prog_0' (0#1) [/home/x_thileeb/repos/ops-hls-pact25-artifact/codegen_apps/jacobian3d/vck5000_project/hls/build/hw/temp_dir/link/link/vivado/vpl/prj/prj.runs/my_rm_synth_1/.Xil/Vivado-1965346-acclnode05/realtime/ulp_inst_0_axi_noc_aie_prog_0_stub.v:5]
INFO: [Synth 8-6157] synthesizing module 'ulp_inst_0_axi_noc_h2c_0' [/home/x_thileeb/repos/ops-hls-pact25-artifact/codegen_apps/jacobian3d/vck5000_project/hls/build/hw/temp_dir/link/link/vivado/vpl/prj/prj.runs/my_rm_synth_1/.Xil/Vivado-1965346-acclnode05/realtime/ulp_inst_0_axi_noc_h2c_0_stub.v:5]
INFO: [Synth 8-6155] done synthesizing module 'ulp_inst_0_axi_noc_h2c_0' (0#1) [/home/x_thileeb/repos/ops-hls-pact25-artifact/codegen_apps/jacobian3d/vck5000_project/hls/build/hw/temp_dir/link/link/vivado/vpl/prj/prj.runs/my_rm_synth_1/.Xil/Vivado-1965346-acclnode05/realtime/ulp_inst_0_axi_noc_h2c_0_stub.v:5]
WARNING: [Synth 8-7071] port 'M01_AXI_awregion' of module 'ulp_inst_0_axi_noc_h2c_0' is unconnected for instance 'axi_noc_h2c' [/home/x_thileeb/repos/ops-hls-pact25-artifact/codegen_apps/jacobian3d/vck5000_project/hls/build/hw/temp_dir/link/link/vivado/vpl/prj/prj.gen/my_rm/bd/ulp_inst_0/synth/ulp_inst_0.v:981]
WARNING: [Synth 8-7071] port 'M01_AXI_arregion' of module 'ulp_inst_0_axi_noc_h2c_0' is unconnected for instance 'axi_noc_h2c' [/home/x_thileeb/repos/ops-hls-pact25-artifact/codegen_apps/jacobian3d/vck5000_project/hls/build/hw/temp_dir/link/link/vivado/vpl/prj/prj.gen/my_rm/bd/ulp_inst_0/synth/ulp_inst_0.v:981]
WARNING: [Synth 8-7071] port 'M00_AXI_aruser' of module 'ulp_inst_0_axi_noc_h2c_0' is unconnected for instance 'axi_noc_h2c' [/home/x_thileeb/repos/ops-hls-pact25-artifact/codegen_apps/jacobian3d/vck5000_project/hls/build/hw/temp_dir/link/link/vivado/vpl/prj/prj.gen/my_rm/bd/ulp_inst_0/synth/ulp_inst_0.v:981]
WARNING: [Synth 8-7071] port 'M00_AXI_awuser' of module 'ulp_inst_0_axi_noc_h2c_0' is unconnected for instance 'axi_noc_h2c' [/home/x_thileeb/repos/ops-hls-pact25-artifact/codegen_apps/jacobian3d/vck5000_project/hls/build/hw/temp_dir/link/link/vivado/vpl/prj/prj.gen/my_rm/bd/ulp_inst_0/synth/ulp_inst_0.v:981]
WARNING: [Synth 8-7023] instance 'axi_noc_h2c' of module 'ulp_inst_0_axi_noc_h2c_0' has 85 connections declared, but only 81 given [/home/x_thileeb/repos/ops-hls-pact25-artifact/codegen_apps/jacobian3d/vck5000_project/hls/build/hw/temp_dir/link/link/vivado/vpl/prj/prj.gen/my_rm/bd/ulp_inst_0/synth/ulp_inst_0.v:981]
INFO: [Synth 8-6157] synthesizing module 'ulp_inst_0_axi_noc_kernel0_0' [/home/x_thileeb/repos/ops-hls-pact25-artifact/codegen_apps/jacobian3d/vck5000_project/hls/build/hw/temp_dir/link/link/vivado/vpl/prj/prj.runs/my_rm_synth_1/.Xil/Vivado-1965346-acclnode05/realtime/ulp_inst_0_axi_noc_kernel0_0_stub.v:5]
INFO: [Synth 8-6155] done synthesizing module 'ulp_inst_0_axi_noc_kernel0_0' (0#1) [/home/x_thileeb/repos/ops-hls-pact25-artifact/codegen_apps/jacobian3d/vck5000_project/hls/build/hw/temp_dir/link/link/vivado/vpl/prj/prj.runs/my_rm_synth_1/.Xil/Vivado-1965346-acclnode05/realtime/ulp_inst_0_axi_noc_kernel0_0_stub.v:5]
INFO: [Synth 8-6157] synthesizing module 'ulp_inst_0_axi_sc_plram_0' [/home/x_thileeb/repos/ops-hls-pact25-artifact/codegen_apps/jacobian3d/vck5000_project/hls/build/hw/temp_dir/link/link/vivado/vpl/prj/prj.runs/my_rm_synth_1/.Xil/Vivado-1965346-acclnode05/realtime/ulp_inst_0_axi_sc_plram_0_stub.v:5]
INFO: [Synth 8-6155] done synthesizing module 'ulp_inst_0_axi_sc_plram_0' (0#1) [/home/x_thileeb/repos/ops-hls-pact25-artifact/codegen_apps/jacobian3d/vck5000_project/hls/build/hw/temp_dir/link/link/vivado/vpl/prj/prj.runs/my_rm_synth_1/.Xil/Vivado-1965346-acclnode05/realtime/ulp_inst_0_axi_sc_plram_0_stub.v:5]
WARNING: [Synth 8-7071] port 'M00_AXI_awqos' of module 'ulp_inst_0_axi_sc_plram_0' is unconnected for instance 'axi_sc_plram' [/home/x_thileeb/repos/ops-hls-pact25-artifact/codegen_apps/jacobian3d/vck5000_project/hls/build/hw/temp_dir/link/link/vivado/vpl/prj/prj.gen/my_rm/bd/ulp_inst_0/synth/ulp_inst_0.v:1139]
WARNING: [Synth 8-7071] port 'M00_AXI_awuser' of module 'ulp_inst_0_axi_sc_plram_0' is unconnected for instance 'axi_sc_plram' [/home/x_thileeb/repos/ops-hls-pact25-artifact/codegen_apps/jacobian3d/vck5000_project/hls/build/hw/temp_dir/link/link/vivado/vpl/prj/prj.gen/my_rm/bd/ulp_inst_0/synth/ulp_inst_0.v:1139]
WARNING: [Synth 8-7071] port 'M00_AXI_arqos' of module 'ulp_inst_0_axi_sc_plram_0' is unconnected for instance 'axi_sc_plram' [/home/x_thileeb/repos/ops-hls-pact25-artifact/codegen_apps/jacobian3d/vck5000_project/hls/build/hw/temp_dir/link/link/vivado/vpl/prj/prj.gen/my_rm/bd/ulp_inst_0/synth/ulp_inst_0.v:1139]
WARNING: [Synth 8-7071] port 'M00_AXI_aruser' of module 'ulp_inst_0_axi_sc_plram_0' is unconnected for instance 'axi_sc_plram' [/home/x_thileeb/repos/ops-hls-pact25-artifact/codegen_apps/jacobian3d/vck5000_project/hls/build/hw/temp_dir/link/link/vivado/vpl/prj/prj.gen/my_rm/bd/ulp_inst_0/synth/ulp_inst_0.v:1139]
WARNING: [Synth 8-7023] instance 'axi_sc_plram' of module 'ulp_inst_0_axi_sc_plram_0' has 77 connections declared, but only 73 given [/home/x_thileeb/repos/ops-hls-pact25-artifact/codegen_apps/jacobian3d/vck5000_project/hls/build/hw/temp_dir/link/link/vivado/vpl/prj/prj.gen/my_rm/bd/ulp_inst_0/synth/ulp_inst_0.v:1139]
INFO: [Synth 8-6157] synthesizing module 'ulp_inst_0_buffer_datamover_outerloop_0_1_arg0_axis_out_0' [/home/x_thileeb/repos/ops-hls-pact25-artifact/codegen_apps/jacobian3d/vck5000_project/hls/build/hw/temp_dir/link/link/vivado/vpl/prj/prj.runs/my_rm_synth_1/.Xil/Vivado-1965346-acclnode05/realtime/ulp_inst_0_buffer_datamover_outerloop_0_1_arg0_axis_out_0_stub.v:5]
INFO: [Synth 8-6155] done synthesizing module 'ulp_inst_0_buffer_datamover_outerloop_0_1_arg0_axis_out_0' (0#1) [/home/x_thileeb/repos/ops-hls-pact25-artifact/codegen_apps/jacobian3d/vck5000_project/hls/build/hw/temp_dir/link/link/vivado/vpl/prj/prj.runs/my_rm_synth_1/.Xil/Vivado-1965346-acclnode05/realtime/ulp_inst_0_buffer_datamover_outerloop_0_1_arg0_axis_out_0_stub.v:5]
INFO: [Synth 8-6157] synthesizing module 'ulp_inst_0_buffer_kernel_outerloop_0_1_arg1_axis_out_0' [/home/x_thileeb/repos/ops-hls-pact25-artifact/codegen_apps/jacobian3d/vck5000_project/hls/build/hw/temp_dir/link/link/vivado/vpl/prj/prj.runs/my_rm_synth_1/.Xil/Vivado-1965346-acclnode05/realtime/ulp_inst_0_buffer_kernel_outerloop_0_1_arg1_axis_out_0_stub.v:5]
INFO: [Synth 8-6155] done synthesizing module 'ulp_inst_0_buffer_kernel_outerloop_0_1_arg1_axis_out_0' (0#1) [/home/x_thileeb/repos/ops-hls-pact25-artifact/codegen_apps/jacobian3d/vck5000_project/hls/build/hw/temp_dir/link/link/vivado/vpl/prj/prj.runs/my_rm_synth_1/.Xil/Vivado-1965346-acclnode05/realtime/ulp_inst_0_buffer_kernel_outerloop_0_1_arg1_axis_out_0_stub.v:5]
INFO: [Synth 8-6157] synthesizing module 'ulp_inst_0_datamover_outerloop_0_1_0' [/home/x_thileeb/repos/ops-hls-pact25-artifact/codegen_apps/jacobian3d/vck5000_project/hls/build/hw/temp_dir/link/link/vivado/vpl/prj/prj.runs/my_rm_synth_1/.Xil/Vivado-1965346-acclnode05/realtime/ulp_inst_0_datamover_outerloop_0_1_0_stub.v:5]
INFO: [Synth 8-6155] done synthesizing module 'ulp_inst_0_datamover_outerloop_0_1_0' (0#1) [/home/x_thileeb/repos/ops-hls-pact25-artifact/codegen_apps/jacobian3d/vck5000_project/hls/build/hw/temp_dir/link/link/vivado/vpl/prj/prj.runs/my_rm_synth_1/.Xil/Vivado-1965346-acclnode05/realtime/ulp_inst_0_datamover_outerloop_0_1_0_stub.v:5]
INFO: [Synth 8-6157] synthesizing module 'ulp_inst_0_ip_gnd_ext_tog_kernel_00_null_0' [/home/x_thileeb/repos/ops-hls-pact25-artifact/codegen_apps/jacobian3d/vck5000_project/hls/build/hw/temp_dir/link/link/vivado/vpl/prj/prj.gen/my_rm/bd/ulp_inst_0/ip/ulp_inst_0_ip_gnd_ext_tog_kernel_00_null_0/synth/ulp_inst_0_ip_gnd_ext_tog_kernel_00_null_0.v:53]
INFO: [Synth 8-6157] synthesizing module 'xlconstant_v1_1_7_xlconstant' [/home/x_thileeb/repos/ops-hls-pact25-artifact/codegen_apps/jacobian3d/vck5000_project/hls/build/hw/temp_dir/link/link/vivado/vpl/prj/prj.gen/my_rm/bd/ulp_inst_0/ipshared/fcfc/hdl/xlconstant_v1_1_vl_rfs.v:23]
INFO: [Synth 8-6155] done synthesizing module 'xlconstant_v1_1_7_xlconstant' (0#1) [/home/x_thileeb/repos/ops-hls-pact25-artifact/codegen_apps/jacobian3d/vck5000_project/hls/build/hw/temp_dir/link/link/vivado/vpl/prj/prj.gen/my_rm/bd/ulp_inst_0/ipshared/fcfc/hdl/xlconstant_v1_1_vl_rfs.v:23]
INFO: [Synth 8-6155] done synthesizing module 'ulp_inst_0_ip_gnd_ext_tog_kernel_00_null_0' (0#1) [/home/x_thileeb/repos/ops-hls-pact25-artifact/codegen_apps/jacobian3d/vck5000_project/hls/build/hw/temp_dir/link/link/vivado/vpl/prj/prj.gen/my_rm/bd/ulp_inst_0/ip/ulp_inst_0_ip_gnd_ext_tog_kernel_00_null_0/synth/ulp_inst_0_ip_gnd_ext_tog_kernel_00_null_0.v:53]
INFO: [Synth 8-6157] synthesizing module 'ulp_inst_0_ip_gnd_ext_tog_kernel_01_null_0' [/home/x_thileeb/repos/ops-hls-pact25-artifact/codegen_apps/jacobian3d/vck5000_project/hls/build/hw/temp_dir/link/link/vivado/vpl/prj/prj.gen/my_rm/bd/ulp_inst_0/ip/ulp_inst_0_ip_gnd_ext_tog_kernel_01_null_0/synth/ulp_inst_0_ip_gnd_ext_tog_kernel_01_null_0.v:53]
INFO: [Synth 8-6155] done synthesizing module 'ulp_inst_0_ip_gnd_ext_tog_kernel_01_null_0' (0#1) [/home/x_thileeb/repos/ops-hls-pact25-artifact/codegen_apps/jacobian3d/vck5000_project/hls/build/hw/temp_dir/link/link/vivado/vpl/prj/prj.gen/my_rm/bd/ulp_inst_0/ip/ulp_inst_0_ip_gnd_ext_tog_kernel_01_null_0/synth/ulp_inst_0_ip_gnd_ext_tog_kernel_01_null_0.v:53]
INFO: [Synth 8-6157] synthesizing module 'ulp_inst_0_ip_pipe_ext_tog_kernel_00_null_0' [/home/x_thileeb/repos/ops-hls-pact25-artifact/codegen_apps/jacobian3d/vck5000_project/hls/build/hw/temp_dir/link/link/vivado/vpl/prj/prj.runs/my_rm_synth_1/.Xil/Vivado-1965346-acclnode05/realtime/ulp_inst_0_ip_pipe_ext_tog_kernel_00_null_0_stub.v:5]
INFO: [Synth 8-6155] done synthesizing module 'ulp_inst_0_ip_pipe_ext_tog_kernel_00_null_0' (0#1) [/home/x_thileeb/repos/ops-hls-pact25-artifact/codegen_apps/jacobian3d/vck5000_project/hls/build/hw/temp_dir/link/link/vivado/vpl/prj/prj.runs/my_rm_synth_1/.Xil/Vivado-1965346-acclnode05/realtime/ulp_inst_0_ip_pipe_ext_tog_kernel_00_null_0_stub.v:5]
INFO: [Synth 8-6157] synthesizing module 'ulp_inst_0_ip_pipe_ext_tog_kernel_01_null_0' [/home/x_thileeb/repos/ops-hls-pact25-artifact/codegen_apps/jacobian3d/vck5000_project/hls/build/hw/temp_dir/link/link/vivado/vpl/prj/prj.runs/my_rm_synth_1/.Xil/Vivado-1965346-acclnode05/realtime/ulp_inst_0_ip_pipe_ext_tog_kernel_01_null_0_stub.v:5]
INFO: [Synth 8-6155] done synthesizing module 'ulp_inst_0_ip_pipe_ext_tog_kernel_01_null_0' (0#1) [/home/x_thileeb/repos/ops-hls-pact25-artifact/codegen_apps/jacobian3d/vck5000_project/hls/build/hw/temp_dir/link/link/vivado/vpl/prj/prj.runs/my_rm_synth_1/.Xil/Vivado-1965346-acclnode05/realtime/ulp_inst_0_ip_pipe_ext_tog_kernel_01_null_0_stub.v:5]
INFO: [Synth 8-6157] synthesizing module 'ulp_inst_0_irq_const_tieoff_0' [/home/x_thileeb/repos/ops-hls-pact25-artifact/codegen_apps/jacobian3d/vck5000_project/hls/build/hw/temp_dir/link/link/vivado/vpl/prj/prj.gen/my_rm/bd/ulp_inst_0/ip/ulp_inst_0_irq_const_tieoff_0/synth/ulp_inst_0_irq_const_tieoff_0.v:53]
INFO: [Synth 8-6155] done synthesizing module 'ulp_inst_0_irq_const_tieoff_0' (0#1) [/home/x_thileeb/repos/ops-hls-pact25-artifact/codegen_apps/jacobian3d/vck5000_project/hls/build/hw/temp_dir/link/link/vivado/vpl/prj/prj.gen/my_rm/bd/ulp_inst_0/ip/ulp_inst_0_irq_const_tieoff_0/synth/ulp_inst_0_irq_const_tieoff_0.v:53]
INFO: [Synth 8-6157] synthesizing module 'kernel_interrupt_imp_1VOEG4V' [/home/x_thileeb/repos/ops-hls-pact25-artifact/codegen_apps/jacobian3d/vck5000_project/hls/build/hw/temp_dir/link/link/vivado/vpl/prj/prj.gen/my_rm/bd/ulp_inst_0/synth/ulp_inst_0.v:12]
INFO: [Synth 8-6157] synthesizing module 'ulp_inst_0_xlconcat_0_0' [/home/x_thileeb/repos/ops-hls-pact25-artifact/codegen_apps/jacobian3d/vck5000_project/hls/build/hw/temp_dir/link/link/vivado/vpl/prj/prj.gen/my_rm/bd/ulp_inst_0/ip/ulp_inst_0_xlconcat_0_0/synth/ulp_inst_0_xlconcat_0_0.v:53]
INFO: [Synth 8-6157] synthesizing module 'xlconcat_v2_1_4_xlconcat' [/home/x_thileeb/repos/ops-hls-pact25-artifact/codegen_apps/jacobian3d/vck5000_project/hls/build/hw/temp_dir/link/link/vivado/vpl/prj/prj.gen/my_rm/bd/ulp_inst_0/ipshared/4b67/hdl/xlconcat_v2_1_vl_rfs.v:14]
INFO: [Synth 8-6155] done synthesizing module 'xlconcat_v2_1_4_xlconcat' (0#1) [/home/x_thileeb/repos/ops-hls-pact25-artifact/codegen_apps/jacobian3d/vck5000_project/hls/build/hw/temp_dir/link/link/vivado/vpl/prj/prj.gen/my_rm/bd/ulp_inst_0/ipshared/4b67/hdl/xlconcat_v2_1_vl_rfs.v:14]
INFO: [Synth 8-6155] done synthesizing module 'ulp_inst_0_xlconcat_0_0' (0#1) [/home/x_thileeb/repos/ops-hls-pact25-artifact/codegen_apps/jacobian3d/vck5000_project/hls/build/hw/temp_dir/link/link/vivado/vpl/prj/prj.gen/my_rm/bd/ulp_inst_0/ip/ulp_inst_0_xlconcat_0_0/synth/ulp_inst_0_xlconcat_0_0.v:53]
INFO: [Synth 8-6157] synthesizing module 'ulp_inst_0_xlconstant_0_0' [/home/x_thileeb/repos/ops-hls-pact25-artifact/codegen_apps/jacobian3d/vck5000_project/hls/build/hw/temp_dir/link/link/vivado/vpl/prj/prj.gen/my_rm/bd/ulp_inst_0/ip/ulp_inst_0_xlconstant_0_0/synth/ulp_inst_0_xlconstant_0_0.v:53]
INFO: [Synth 8-6157] synthesizing module 'xlconstant_v1_1_7_xlconstant__parameterized0' [/home/x_thileeb/repos/ops-hls-pact25-artifact/codegen_apps/jacobian3d/vck5000_project/hls/build/hw/temp_dir/link/link/vivado/vpl/prj/prj.gen/my_rm/bd/ulp_inst_0/ipshared/fcfc/hdl/xlconstant_v1_1_vl_rfs.v:23]
INFO: [Synth 8-6155] done synthesizing module 'xlconstant_v1_1_7_xlconstant__parameterized0' (0#1) [/home/x_thileeb/repos/ops-hls-pact25-artifact/codegen_apps/jacobian3d/vck5000_project/hls/build/hw/temp_dir/link/link/vivado/vpl/prj/prj.gen/my_rm/bd/ulp_inst_0/ipshared/fcfc/hdl/xlconstant_v1_1_vl_rfs.v:23]
INFO: [Synth 8-6155] done synthesizing module 'ulp_inst_0_xlconstant_0_0' (0#1) [/home/x_thileeb/repos/ops-hls-pact25-artifact/codegen_apps/jacobian3d/vck5000_project/hls/build/hw/temp_dir/link/link/vivado/vpl/prj/prj.gen/my_rm/bd/ulp_inst_0/ip/ulp_inst_0_xlconstant_0_0/synth/ulp_inst_0_xlconstant_0_0.v:53]
INFO: [Synth 8-6155] done synthesizing module 'kernel_interrupt_imp_1VOEG4V' (0#1) [/home/x_thileeb/repos/ops-hls-pact25-artifact/codegen_apps/jacobian3d/vck5000_project/hls/build/hw/temp_dir/link/link/vivado/vpl/prj/prj.gen/my_rm/bd/ulp_inst_0/synth/ulp_inst_0.v:12]
INFO: [Synth 8-6157] synthesizing module 'ulp_inst_0_kernel_interrupt_xlconcat_0_In0_1_interrupt_concat_0' [/home/x_thileeb/repos/ops-hls-pact25-artifact/codegen_apps/jacobian3d/vck5000_project/hls/build/hw/temp_dir/link/link/vivado/vpl/prj/prj.gen/my_rm/bd/ulp_inst_0/ip/ulp_inst_0_kernel_interrupt_xlconcat_0_In0_1_interrupt_concat_0/synth/ulp_inst_0_kernel_interrupt_xlconcat_0_In0_1_interrupt_concat_0.v:53]
INFO: [Synth 8-6157] synthesizing module 'xlconcat_v2_1_4_xlconcat__parameterized0' [/home/x_thileeb/repos/ops-hls-pact25-artifact/codegen_apps/jacobian3d/vck5000_project/hls/build/hw/temp_dir/link/link/vivado/vpl/prj/prj.gen/my_rm/bd/ulp_inst_0/ipshared/4b67/hdl/xlconcat_v2_1_vl_rfs.v:14]
INFO: [Synth 8-6155] done synthesizing module 'xlconcat_v2_1_4_xlconcat__parameterized0' (0#1) [/home/x_thileeb/repos/ops-hls-pact25-artifact/codegen_apps/jacobian3d/vck5000_project/hls/build/hw/temp_dir/link/link/vivado/vpl/prj/prj.gen/my_rm/bd/ulp_inst_0/ipshared/4b67/hdl/xlconcat_v2_1_vl_rfs.v:14]
INFO: [Synth 8-6155] done synthesizing module 'ulp_inst_0_kernel_interrupt_xlconcat_0_In0_1_interrupt_concat_0' (0#1) [/home/x_thileeb/repos/ops-hls-pact25-artifact/codegen_apps/jacobian3d/vck5000_project/hls/build/hw/temp_dir/link/link/vivado/vpl/prj/prj.gen/my_rm/bd/ulp_inst_0/ip/ulp_inst_0_kernel_interrupt_xlconcat_0_In0_1_interrupt_concat_0/synth/ulp_inst_0_kernel_interrupt_xlconcat_0_In0_1_interrupt_concat_0.v:53]
INFO: [Synth 8-6157] synthesizing module 'ulp_inst_0_kernel_outerloop_0_1_0' [/home/x_thileeb/repos/ops-hls-pact25-artifact/codegen_apps/jacobian3d/vck5000_project/hls/build/hw/temp_dir/link/link/vivado/vpl/prj/prj.runs/my_rm_synth_1/.Xil/Vivado-1965346-acclnode05/realtime/ulp_inst_0_kernel_outerloop_0_1_0_stub.v:5]
INFO: [Synth 8-6155] done synthesizing module 'ulp_inst_0_kernel_outerloop_0_1_0' (0#1) [/home/x_thileeb/repos/ops-hls-pact25-artifact/codegen_apps/jacobian3d/vck5000_project/hls/build/hw/temp_dir/link/link/vivado/vpl/prj/prj.runs/my_rm_synth_1/.Xil/Vivado-1965346-acclnode05/realtime/ulp_inst_0_kernel_outerloop_0_1_0_stub.v:5]
INFO: [Synth 8-6157] synthesizing module 'ulp_inst_0_plram_ctrl_0' [/home/x_thileeb/repos/ops-hls-pact25-artifact/codegen_apps/jacobian3d/vck5000_project/hls/build/hw/temp_dir/link/link/vivado/vpl/prj/prj.runs/my_rm_synth_1/.Xil/Vivado-1965346-acclnode05/realtime/ulp_inst_0_plram_ctrl_0_stub.v:5]
INFO: [Synth 8-6155] done synthesizing module 'ulp_inst_0_plram_ctrl_0' (0#1) [/home/x_thileeb/repos/ops-hls-pact25-artifact/codegen_apps/jacobian3d/vck5000_project/hls/build/hw/temp_dir/link/link/vivado/vpl/prj/prj.runs/my_rm_synth_1/.Xil/Vivado-1965346-acclnode05/realtime/ulp_inst_0_plram_ctrl_0_stub.v:5]
INFO: [Synth 8-6157] synthesizing module 'ulp_inst_0_plram_ctrl_bram_0' [/home/x_thileeb/repos/ops-hls-pact25-artifact/codegen_apps/jacobian3d/vck5000_project/hls/build/hw/temp_dir/link/link/vivado/vpl/prj/prj.runs/my_rm_synth_1/.Xil/Vivado-1965346-acclnode05/realtime/ulp_inst_0_plram_ctrl_bram_0_stub.v:5]
INFO: [Synth 8-6155] done synthesizing module 'ulp_inst_0_plram_ctrl_bram_0' (0#1) [/home/x_thileeb/repos/ops-hls-pact25-artifact/codegen_apps/jacobian3d/vck5000_project/hls/build/hw/temp_dir/link/link/vivado/vpl/prj/prj.runs/my_rm_synth_1/.Xil/Vivado-1965346-acclnode05/realtime/ulp_inst_0_plram_ctrl_bram_0_stub.v:5]
INFO: [Synth 8-6157] synthesizing module 'reset_controllers_imp_1KQP16U' [/home/x_thileeb/repos/ops-hls-pact25-artifact/codegen_apps/jacobian3d/vck5000_project/hls/build/hw/temp_dir/link/link/vivado/vpl/prj/prj.gen/my_rm/bd/ulp_inst_0/synth/ulp_inst_0.v:32]
INFO: [Synth 8-6157] synthesizing module 'ulp_inst_0_pipereg_kernel0_0' [/home/x_thileeb/repos/ops-hls-pact25-artifact/codegen_apps/jacobian3d/vck5000_project/hls/build/hw/temp_dir/link/link/vivado/vpl/prj/prj.runs/my_rm_synth_1/.Xil/Vivado-1965346-acclnode05/realtime/ulp_inst_0_pipereg_kernel0_0_stub.v:5]
INFO: [Synth 8-6155] done synthesizing module 'ulp_inst_0_pipereg_kernel0_0' (0#1) [/home/x_thileeb/repos/ops-hls-pact25-artifact/codegen_apps/jacobian3d/vck5000_project/hls/build/hw/temp_dir/link/link/vivado/vpl/prj/prj.runs/my_rm_synth_1/.Xil/Vivado-1965346-acclnode05/realtime/ulp_inst_0_pipereg_kernel0_0_stub.v:5]
INFO: [Synth 8-6157] synthesizing module 'ulp_inst_0_pipereg_kernel1_0' [/home/x_thileeb/repos/ops-hls-pact25-artifact/codegen_apps/jacobian3d/vck5000_project/hls/build/hw/temp_dir/link/link/vivado/vpl/prj/prj.runs/my_rm_synth_1/.Xil/Vivado-1965346-acclnode05/realtime/ulp_inst_0_pipereg_kernel1_0_stub.v:5]
INFO: [Synth 8-6155] done synthesizing module 'ulp_inst_0_pipereg_kernel1_0' (0#1) [/home/x_thileeb/repos/ops-hls-pact25-artifact/codegen_apps/jacobian3d/vck5000_project/hls/build/hw/temp_dir/link/link/vivado/vpl/prj/prj.runs/my_rm_synth_1/.Xil/Vivado-1965346-acclnode05/realtime/ulp_inst_0_pipereg_kernel1_0_stub.v:5]
INFO: [Synth 8-6157] synthesizing module 'ulp_inst_0_pipereg_pcie0_0' [/home/x_thileeb/repos/ops-hls-pact25-artifact/codegen_apps/jacobian3d/vck5000_project/hls/build/hw/temp_dir/link/link/vivado/vpl/prj/prj.runs/my_rm_synth_1/.Xil/Vivado-1965346-acclnode05/realtime/ulp_inst_0_pipereg_pcie0_0_stub.v:5]
INFO: [Synth 8-6155] done synthesizing module 'ulp_inst_0_pipereg_pcie0_0' (0#1) [/home/x_thileeb/repos/ops-hls-pact25-artifact/codegen_apps/jacobian3d/vck5000_project/hls/build/hw/temp_dir/link/link/vivado/vpl/prj/prj.runs/my_rm_synth_1/.Xil/Vivado-1965346-acclnode05/realtime/ulp_inst_0_pipereg_pcie0_0_stub.v:5]
INFO: [Synth 8-6157] synthesizing module 'ulp_inst_0_pipereg_pl_axi0_0' [/home/x_thileeb/repos/ops-hls-pact25-artifact/codegen_apps/jacobian3d/vck5000_project/hls/build/hw/temp_dir/link/link/vivado/vpl/prj/prj.runs/my_rm_synth_1/.Xil/Vivado-1965346-acclnode05/realtime/ulp_inst_0_pipereg_pl_axi0_0_stub.v:5]
INFO: [Synth 8-6155] done synthesizing module 'ulp_inst_0_pipereg_pl_axi0_0' (0#1) [/home/x_thileeb/repos/ops-hls-pact25-artifact/codegen_apps/jacobian3d/vck5000_project/hls/build/hw/temp_dir/link/link/vivado/vpl/prj/prj.runs/my_rm_synth_1/.Xil/Vivado-1965346-acclnode05/realtime/ulp_inst_0_pipereg_pl_axi0_0_stub.v:5]
WARNING: [Synth 8-4446] all outputs are unconnected for this instance and logic may be removed [/home/x_thileeb/repos/ops-hls-pact25-artifact/codegen_apps/jacobian3d/vck5000_project/hls/build/hw/temp_dir/link/link/vivado/vpl/prj/prj.gen/my_rm/bd/ulp_inst_0/synth/ulp_inst_0.v:106]
INFO: [Synth 8-6157] synthesizing module 'ulp_inst_0_reset_sync_fixed_0' [/home/x_thileeb/repos/ops-hls-pact25-artifact/codegen_apps/jacobian3d/vck5000_project/hls/build/hw/temp_dir/link/link/vivado/vpl/prj/prj.runs/my_rm_synth_1/.Xil/Vivado-1965346-acclnode05/realtime/ulp_inst_0_reset_sync_fixed_0_stub.v:5]
INFO: [Synth 8-6155] done synthesizing module 'ulp_inst_0_reset_sync_fixed_0' (0#1) [/home/x_thileeb/repos/ops-hls-pact25-artifact/codegen_apps/jacobian3d/vck5000_project/hls/build/hw/temp_dir/link/link/vivado/vpl/prj/prj.runs/my_rm_synth_1/.Xil/Vivado-1965346-acclnode05/realtime/ulp_inst_0_reset_sync_fixed_0_stub.v:5]
WARNING: [Synth 8-7071] port 'mb_reset' of module 'ulp_inst_0_reset_sync_fixed_0' is unconnected for instance 'reset_sync_fixed' [/home/x_thileeb/repos/ops-hls-pact25-artifact/codegen_apps/jacobian3d/vck5000_project/hls/build/hw/temp_dir/link/link/vivado/vpl/prj/prj.gen/my_rm/bd/ulp_inst_0/synth/ulp_inst_0.v:106]
WARNING: [Synth 8-7071] port 'bus_struct_reset' of module 'ulp_inst_0_reset_sync_fixed_0' is unconnected for instance 'reset_sync_fixed' [/home/x_thileeb/repos/ops-hls-pact25-artifact/codegen_apps/jacobian3d/vck5000_project/hls/build/hw/temp_dir/link/link/vivado/vpl/prj/prj.gen/my_rm/bd/ulp_inst_0/synth/ulp_inst_0.v:106]
WARNING: [Synth 8-7071] port 'peripheral_reset' of module 'ulp_inst_0_reset_sync_fixed_0' is unconnected for instance 'reset_sync_fixed' [/home/x_thileeb/repos/ops-hls-pact25-artifact/codegen_apps/jacobian3d/vck5000_project/hls/build/hw/temp_dir/link/link/vivado/vpl/prj/prj.gen/my_rm/bd/ulp_inst_0/synth/ulp_inst_0.v:106]
WARNING: [Synth 8-7071] port 'interconnect_aresetn' of module 'ulp_inst_0_reset_sync_fixed_0' is unconnected for instance 'reset_sync_fixed' [/home/x_thileeb/repos/ops-hls-pact25-artifact/codegen_apps/jacobian3d/vck5000_project/hls/build/hw/temp_dir/link/link/vivado/vpl/prj/prj.gen/my_rm/bd/ulp_inst_0/synth/ulp_inst_0.v:106]
WARNING: [Synth 8-7071] port 'peripheral_aresetn' of module 'ulp_inst_0_reset_sync_fixed_0' is unconnected for instance 'reset_sync_fixed' [/home/x_thileeb/repos/ops-hls-pact25-artifact/codegen_apps/jacobian3d/vck5000_project/hls/build/hw/temp_dir/link/link/vivado/vpl/prj/prj.gen/my_rm/bd/ulp_inst_0/synth/ulp_inst_0.v:106]
WARNING: [Synth 8-7023] instance 'reset_sync_fixed' of module 'ulp_inst_0_reset_sync_fixed_0' has 10 connections declared, but only 5 given [/home/x_thileeb/repos/ops-hls-pact25-artifact/codegen_apps/jacobian3d/vck5000_project/hls/build/hw/temp_dir/link/link/vivado/vpl/prj/prj.gen/my_rm/bd/ulp_inst_0/synth/ulp_inst_0.v:106]
INFO: [Synth 8-6157] synthesizing module 'ulp_inst_0_reset_sync_kernel0_0' [/home/x_thileeb/repos/ops-hls-pact25-artifact/codegen_apps/jacobian3d/vck5000_project/hls/build/hw/temp_dir/link/link/vivado/vpl/prj/prj.runs/my_rm_synth_1/.Xil/Vivado-1965346-acclnode05/realtime/ulp_inst_0_reset_sync_kernel0_0_stub.v:5]
INFO: [Synth 8-6155] done synthesizing module 'ulp_inst_0_reset_sync_kernel0_0' (0#1) [/home/x_thileeb/repos/ops-hls-pact25-artifact/codegen_apps/jacobian3d/vck5000_project/hls/build/hw/temp_dir/link/link/vivado/vpl/prj/prj.runs/my_rm_synth_1/.Xil/Vivado-1965346-acclnode05/realtime/ulp_inst_0_reset_sync_kernel0_0_stub.v:5]
WARNING: [Synth 8-7071] port 'mb_reset' of module 'ulp_inst_0_reset_sync_kernel0_0' is unconnected for instance 'reset_sync_kernel0' [/home/x_thileeb/repos/ops-hls-pact25-artifact/codegen_apps/jacobian3d/vck5000_project/hls/build/hw/temp_dir/link/link/vivado/vpl/prj/prj.gen/my_rm/bd/ulp_inst_0/synth/ulp_inst_0.v:112]
WARNING: [Synth 8-7071] port 'bus_struct_reset' of module 'ulp_inst_0_reset_sync_kernel0_0' is unconnected for instance 'reset_sync_kernel0' [/home/x_thileeb/repos/ops-hls-pact25-artifact/codegen_apps/jacobian3d/vck5000_project/hls/build/hw/temp_dir/link/link/vivado/vpl/prj/prj.gen/my_rm/bd/ulp_inst_0/synth/ulp_inst_0.v:112]
WARNING: [Synth 8-7071] port 'peripheral_reset' of module 'ulp_inst_0_reset_sync_kernel0_0' is unconnected for instance 'reset_sync_kernel0' [/home/x_thileeb/repos/ops-hls-pact25-artifact/codegen_apps/jacobian3d/vck5000_project/hls/build/hw/temp_dir/link/link/vivado/vpl/prj/prj.gen/my_rm/bd/ulp_inst_0/synth/ulp_inst_0.v:112]
WARNING: [Synth 8-7023] instance 'reset_sync_kernel0' of module 'ulp_inst_0_reset_sync_kernel0_0' has 10 connections declared, but only 7 given [/home/x_thileeb/repos/ops-hls-pact25-artifact/codegen_apps/jacobian3d/vck5000_project/hls/build/hw/temp_dir/link/link/vivado/vpl/prj/prj.gen/my_rm/bd/ulp_inst_0/synth/ulp_inst_0.v:112]
INFO: [Synth 8-6157] synthesizing module 'ulp_inst_0_reset_sync_kernel1_0' [/home/x_thileeb/repos/ops-hls-pact25-artifact/codegen_apps/jacobian3d/vck5000_project/hls/build/hw/temp_dir/link/link/vivado/vpl/prj/prj.runs/my_rm_synth_1/.Xil/Vivado-1965346-acclnode05/realtime/ulp_inst_0_reset_sync_kernel1_0_stub.v:5]
INFO: [Synth 8-6155] done synthesizing module 'ulp_inst_0_reset_sync_kernel1_0' (0#1) [/home/x_thileeb/repos/ops-hls-pact25-artifact/codegen_apps/jacobian3d/vck5000_project/hls/build/hw/temp_dir/link/link/vivado/vpl/prj/prj.runs/my_rm_synth_1/.Xil/Vivado-1965346-acclnode05/realtime/ulp_inst_0_reset_sync_kernel1_0_stub.v:5]
WARNING: [Synth 8-7071] port 'mb_reset' of module 'ulp_inst_0_reset_sync_kernel1_0' is unconnected for instance 'reset_sync_kernel1' [/home/x_thileeb/repos/ops-hls-pact25-artifact/codegen_apps/jacobian3d/vck5000_project/hls/build/hw/temp_dir/link/link/vivado/vpl/prj/prj.gen/my_rm/bd/ulp_inst_0/synth/ulp_inst_0.v:120]
WARNING: [Synth 8-7071] port 'bus_struct_reset' of module 'ulp_inst_0_reset_sync_kernel1_0' is unconnected for instance 'reset_sync_kernel1' [/home/x_thileeb/repos/ops-hls-pact25-artifact/codegen_apps/jacobian3d/vck5000_project/hls/build/hw/temp_dir/link/link/vivado/vpl/prj/prj.gen/my_rm/bd/ulp_inst_0/synth/ulp_inst_0.v:120]
WARNING: [Synth 8-7071] port 'peripheral_reset' of module 'ulp_inst_0_reset_sync_kernel1_0' is unconnected for instance 'reset_sync_kernel1' [/home/x_thileeb/repos/ops-hls-pact25-artifact/codegen_apps/jacobian3d/vck5000_project/hls/build/hw/temp_dir/link/link/vivado/vpl/prj/prj.gen/my_rm/bd/ulp_inst_0/synth/ulp_inst_0.v:120]
WARNING: [Synth 8-7071] port 'peripheral_aresetn' of module 'ulp_inst_0_reset_sync_kernel1_0' is unconnected for instance 'reset_sync_kernel1' [/home/x_thileeb/repos/ops-hls-pact25-artifact/codegen_apps/jacobian3d/vck5000_project/hls/build/hw/temp_dir/link/link/vivado/vpl/prj/prj.gen/my_rm/bd/ulp_inst_0/synth/ulp_inst_0.v:120]
WARNING: [Synth 8-7023] instance 'reset_sync_kernel1' of module 'ulp_inst_0_reset_sync_kernel1_0' has 10 connections declared, but only 6 given [/home/x_thileeb/repos/ops-hls-pact25-artifact/codegen_apps/jacobian3d/vck5000_project/hls/build/hw/temp_dir/link/link/vivado/vpl/prj/prj.gen/my_rm/bd/ulp_inst_0/synth/ulp_inst_0.v:120]
INFO: [Synth 8-6157] synthesizing module 'ulp_inst_0_rstn_const_0' [/home/x_thileeb/repos/ops-hls-pact25-artifact/codegen_apps/jacobian3d/vck5000_project/hls/build/hw/temp_dir/link/link/vivado/vpl/prj/prj.gen/my_rm/bd/ulp_inst_0/ip/ulp_inst_0_rstn_const_0/synth/ulp_inst_0_rstn_const_0.v:53]
INFO: [Synth 8-6157] synthesizing module 'xlconstant_v1_1_7_xlconstant__parameterized1' [/home/x_thileeb/repos/ops-hls-pact25-artifact/codegen_apps/jacobian3d/vck5000_project/hls/build/hw/temp_dir/link/link/vivado/vpl/prj/prj.gen/my_rm/bd/ulp_inst_0/ipshared/fcfc/hdl/xlconstant_v1_1_vl_rfs.v:23]
INFO: [Synth 8-6155] done synthesizing module 'xlconstant_v1_1_7_xlconstant__parameterized1' (0#1) [/home/x_thileeb/repos/ops-hls-pact25-artifact/codegen_apps/jacobian3d/vck5000_project/hls/build/hw/temp_dir/link/link/vivado/vpl/prj/prj.gen/my_rm/bd/ulp_inst_0/ipshared/fcfc/hdl/xlconstant_v1_1_vl_rfs.v:23]
INFO: [Synth 8-6155] done synthesizing module 'ulp_inst_0_rstn_const_0' (0#1) [/home/x_thileeb/repos/ops-hls-pact25-artifact/codegen_apps/jacobian3d/vck5000_project/hls/build/hw/temp_dir/link/link/vivado/vpl/prj/prj.gen/my_rm/bd/ulp_inst_0/ip/ulp_inst_0_rstn_const_0/synth/ulp_inst_0_rstn_const_0.v:53]
INFO: [Synth 8-6155] done synthesizing module 'reset_controllers_imp_1KQP16U' (0#1) [/home/x_thileeb/repos/ops-hls-pact25-artifact/codegen_apps/jacobian3d/vck5000_project/hls/build/hw/temp_dir/link/link/vivado/vpl/prj/prj.gen/my_rm/bd/ulp_inst_0/synth/ulp_inst_0.v:32]
WARNING: [Synth 8-7071] port 'resetn_kernel1_ic' of module 'reset_controllers_imp_1KQP16U' is unconnected for instance 'reset_controllers' [/home/x_thileeb/repos/ops-hls-pact25-artifact/codegen_apps/jacobian3d/vck5000_project/hls/build/hw/temp_dir/link/link/vivado/vpl/prj/prj.gen/my_rm/bd/ulp_inst_0/synth/ulp_inst_0.v:1484]
WARNING: [Synth 8-7023] instance 'reset_controllers' of module 'reset_controllers_imp_1KQP16U' has 11 connections declared, but only 10 given [/home/x_thileeb/repos/ops-hls-pact25-artifact/codegen_apps/jacobian3d/vck5000_project/hls/build/hw/temp_dir/link/link/vivado/vpl/prj/prj.gen/my_rm/bd/ulp_inst_0/synth/ulp_inst_0.v:1484]
INFO: [Synth 8-6155] done synthesizing module 'ulp_inst_0' (0#1) [/home/x_thileeb/repos/ops-hls-pact25-artifact/codegen_apps/jacobian3d/vck5000_project/hls/build/hw/temp_dir/link/link/vivado/vpl/prj/prj.gen/my_rm/bd/ulp_inst_0/synth/ulp_inst_0.v:131]
WARNING: [Synth 8-3848] Net s_axis_aclk in module/entity ai_noc_v1_0_0_ai_noc does not have driver. [/home/x_thileeb/repos/ops-hls-pact25-artifact/codegen_apps/jacobian3d/vck5000_project/hls/build/hw/temp_dir/link/link/vivado/vpl/prj/prj.gen/my_rm/bd/ulp_inst_0/ipshared/fc78/hdl/ai_noc_v1_0_rfs.v:92]
WARNING: [Synth 8-3848] Net s_axis_tready in module/entity ai_noc_v1_0_0_ai_noc does not have driver. [/home/x_thileeb/repos/ops-hls-pact25-artifact/codegen_apps/jacobian3d/vck5000_project/hls/build/hw/temp_dir/link/link/vivado/vpl/prj/prj.gen/my_rm/bd/ulp_inst_0/ipshared/fc78/hdl/ai_noc_v1_0_rfs.v:94]
WARNING: [Synth 8-3848] Net m_axi_aclk in module/entity ai_noc_v1_0_0_ai_noc does not have driver. [/home/x_thileeb/repos/ops-hls-pact25-artifact/codegen_apps/jacobian3d/vck5000_project/hls/build/hw/temp_dir/link/link/vivado/vpl/prj/prj.gen/my_rm/bd/ulp_inst_0/ipshared/fc78/hdl/ai_noc_v1_0_rfs.v:108]
WARNING: [Synth 8-3848] Net m_axi_awid in module/entity ai_noc_v1_0_0_ai_noc does not have driver. [/home/x_thileeb/repos/ops-hls-pact25-artifact/codegen_apps/jacobian3d/vck5000_project/hls/build/hw/temp_dir/link/link/vivado/vpl/prj/prj.gen/my_rm/bd/ulp_inst_0/ipshared/fc78/hdl/ai_noc_v1_0_rfs.v:110]
WARNING: [Synth 8-3848] Net m_axi_awaddr in module/entity ai_noc_v1_0_0_ai_noc does not have driver. [/home/x_thileeb/repos/ops-hls-pact25-artifact/codegen_apps/jacobian3d/vck5000_project/hls/build/hw/temp_dir/link/link/vivado/vpl/prj/prj.gen/my_rm/bd/ulp_inst_0/ipshared/fc78/hdl/ai_noc_v1_0_rfs.v:112]
WARNING: [Synth 8-3848] Net m_axi_awlen in module/entity ai_noc_v1_0_0_ai_noc does not have driver. [/home/x_thileeb/repos/ops-hls-pact25-artifact/codegen_apps/jacobian3d/vck5000_project/hls/build/hw/temp_dir/link/link/vivado/vpl/prj/prj.gen/my_rm/bd/ulp_inst_0/ipshared/fc78/hdl/ai_noc_v1_0_rfs.v:113]
WARNING: [Synth 8-3848] Net m_axi_awsize in module/entity ai_noc_v1_0_0_ai_noc does not have driver. [/home/x_thileeb/repos/ops-hls-pact25-artifact/codegen_apps/jacobian3d/vck5000_project/hls/build/hw/temp_dir/link/link/vivado/vpl/prj/prj.gen/my_rm/bd/ulp_inst_0/ipshared/fc78/hdl/ai_noc_v1_0_rfs.v:114]
WARNING: [Synth 8-3848] Net m_axi_awburst in module/entity ai_noc_v1_0_0_ai_noc does not have driver. [/home/x_thileeb/repos/ops-hls-pact25-artifact/codegen_apps/jacobian3d/vck5000_project/hls/build/hw/temp_dir/link/link/vivado/vpl/prj/prj.gen/my_rm/bd/ulp_inst_0/ipshared/fc78/hdl/ai_noc_v1_0_rfs.v:115]
WARNING: [Synth 8-3848] Net m_axi_awlock in module/entity ai_noc_v1_0_0_ai_noc does not have driver. [/home/x_thileeb/repos/ops-hls-pact25-artifact/codegen_apps/jacobian3d/vck5000_project/hls/build/hw/temp_dir/link/link/vivado/vpl/prj/prj.gen/my_rm/bd/ulp_inst_0/ipshared/fc78/hdl/ai_noc_v1_0_rfs.v:116]
WARNING: [Synth 8-3848] Net m_axi_awcache in module/entity ai_noc_v1_0_0_ai_noc does not have driver. [/home/x_thileeb/repos/ops-hls-pact25-artifact/codegen_apps/jacobian3d/vck5000_project/hls/build/hw/temp_dir/link/link/vivado/vpl/prj/prj.gen/my_rm/bd/ulp_inst_0/ipshared/fc78/hdl/ai_noc_v1_0_rfs.v:117]
WARNING: [Synth 8-3848] Net m_axi_awprot in module/entity ai_noc_v1_0_0_ai_noc does not have driver. [/home/x_thileeb/repos/ops-hls-pact25-artifact/codegen_apps/jacobian3d/vck5000_project/hls/build/hw/temp_dir/link/link/vivado/vpl/prj/prj.gen/my_rm/bd/ulp_inst_0/ipshared/fc78/hdl/ai_noc_v1_0_rfs.v:118]
WARNING: [Synth 8-3848] Net m_axi_awqos in module/entity ai_noc_v1_0_0_ai_noc does not have driver. [/home/x_thileeb/repos/ops-hls-pact25-artifact/codegen_apps/jacobian3d/vck5000_project/hls/build/hw/temp_dir/link/link/vivado/vpl/prj/prj.gen/my_rm/bd/ulp_inst_0/ipshared/fc78/hdl/ai_noc_v1_0_rfs.v:119]
WARNING: [Synth 8-3848] Net m_axi_arregion in module/entity ai_noc_v1_0_0_ai_noc does not have driver. [/home/x_thileeb/repos/ops-hls-pact25-artifact/codegen_apps/jacobian3d/vck5000_project/hls/build/hw/temp_dir/link/link/vivado/vpl/prj/prj.gen/my_rm/bd/ulp_inst_0/ipshared/fc78/hdl/ai_noc_v1_0_rfs.v:120]
WARNING: [Synth 8-3848] Net m_axi_awregion in module/entity ai_noc_v1_0_0_ai_noc does not have driver. [/home/x_thileeb/repos/ops-hls-pact25-artifact/codegen_apps/jacobian3d/vck5000_project/hls/build/hw/temp_dir/link/link/vivado/vpl/prj/prj.gen/my_rm/bd/ulp_inst_0/ipshared/fc78/hdl/ai_noc_v1_0_rfs.v:121]
WARNING: [Synth 8-3848] Net m_axi_awuser in module/entity ai_noc_v1_0_0_ai_noc does not have driver. [/home/x_thileeb/repos/ops-hls-pact25-artifact/codegen_apps/jacobian3d/vck5000_project/hls/build/hw/temp_dir/link/link/vivado/vpl/prj/prj.gen/my_rm/bd/ulp_inst_0/ipshared/fc78/hdl/ai_noc_v1_0_rfs.v:122]
WARNING: [Synth 8-3848] Net m_axi_awvalid in module/entity ai_noc_v1_0_0_ai_noc does not have driver. [/home/x_thileeb/repos/ops-hls-pact25-artifact/codegen_apps/jacobian3d/vck5000_project/hls/build/hw/temp_dir/link/link/vivado/vpl/prj/prj.gen/my_rm/bd/ulp_inst_0/ipshared/fc78/hdl/ai_noc_v1_0_rfs.v:123]
WARNING: [Synth 8-3848] Net m_axi_wdata in module/entity ai_noc_v1_0_0_ai_noc does not have driver. [/home/x_thileeb/repos/ops-hls-pact25-artifact/codegen_apps/jacobian3d/vck5000_project/hls/build/hw/temp_dir/link/link/vivado/vpl/prj/prj.gen/my_rm/bd/ulp_inst_0/ipshared/fc78/hdl/ai_noc_v1_0_rfs.v:125]
WARNING: [Synth 8-3848] Net m_axi_wstrb in module/entity ai_noc_v1_0_0_ai_noc does not have driver. [/home/x_thileeb/repos/ops-hls-pact25-artifact/codegen_apps/jacobian3d/vck5000_project/hls/build/hw/temp_dir/link/link/vivado/vpl/prj/prj.gen/my_rm/bd/ulp_inst_0/ipshared/fc78/hdl/ai_noc_v1_0_rfs.v:126]
WARNING: [Synth 8-3848] Net m_axi_wlast in module/entity ai_noc_v1_0_0_ai_noc does not have driver. [/home/x_thileeb/repos/ops-hls-pact25-artifact/codegen_apps/jacobian3d/vck5000_project/hls/build/hw/temp_dir/link/link/vivado/vpl/prj/prj.gen/my_rm/bd/ulp_inst_0/ipshared/fc78/hdl/ai_noc_v1_0_rfs.v:127]
WARNING: [Synth 8-3848] Net m_axi_wuser in module/entity ai_noc_v1_0_0_ai_noc does not have driver. [/home/x_thileeb/repos/ops-hls-pact25-artifact/codegen_apps/jacobian3d/vck5000_project/hls/build/hw/temp_dir/link/link/vivado/vpl/prj/prj.gen/my_rm/bd/ulp_inst_0/ipshared/fc78/hdl/ai_noc_v1_0_rfs.v:128]
WARNING: [Synth 8-3848] Net m_axi_wvalid in module/entity ai_noc_v1_0_0_ai_noc does not have driver. [/home/x_thileeb/repos/ops-hls-pact25-artifact/codegen_apps/jacobian3d/vck5000_project/hls/build/hw/temp_dir/link/link/vivado/vpl/prj/prj.gen/my_rm/bd/ulp_inst_0/ipshared/fc78/hdl/ai_noc_v1_0_rfs.v:129]
WARNING: [Synth 8-3848] Net m_axi_bready in module/entity ai_noc_v1_0_0_ai_noc does not have driver. [/home/x_thileeb/repos/ops-hls-pact25-artifact/codegen_apps/jacobian3d/vck5000_project/hls/build/hw/temp_dir/link/link/vivado/vpl/prj/prj.gen/my_rm/bd/ulp_inst_0/ipshared/fc78/hdl/ai_noc_v1_0_rfs.v:135]
WARNING: [Synth 8-3848] Net m_axi_arid in module/entity ai_noc_v1_0_0_ai_noc does not have driver. [/home/x_thileeb/repos/ops-hls-pact25-artifact/codegen_apps/jacobian3d/vck5000_project/hls/build/hw/temp_dir/link/link/vivado/vpl/prj/prj.gen/my_rm/bd/ulp_inst_0/ipshared/fc78/hdl/ai_noc_v1_0_rfs.v:136]
WARNING: [Synth 8-3848] Net m_axi_araddr in module/entity ai_noc_v1_0_0_ai_noc does not have driver. [/home/x_thileeb/repos/ops-hls-pact25-artifact/codegen_apps/jacobian3d/vck5000_project/hls/build/hw/temp_dir/link/link/vivado/vpl/prj/prj.gen/my_rm/bd/ulp_inst_0/ipshared/fc78/hdl/ai_noc_v1_0_rfs.v:137]
WARNING: [Synth 8-3848] Net m_axi_arlen in module/entity ai_noc_v1_0_0_ai_noc does not have driver. [/home/x_thileeb/repos/ops-hls-pact25-artifact/codegen_apps/jacobian3d/vck5000_project/hls/build/hw/temp_dir/link/link/vivado/vpl/prj/prj.gen/my_rm/bd/ulp_inst_0/ipshared/fc78/hdl/ai_noc_v1_0_rfs.v:138]
WARNING: [Synth 8-3848] Net m_axi_arsize in module/entity ai_noc_v1_0_0_ai_noc does not have driver. [/home/x_thileeb/repos/ops-hls-pact25-artifact/codegen_apps/jacobian3d/vck5000_project/hls/build/hw/temp_dir/link/link/vivado/vpl/prj/prj.gen/my_rm/bd/ulp_inst_0/ipshared/fc78/hdl/ai_noc_v1_0_rfs.v:139]
WARNING: [Synth 8-3848] Net m_axi_arburst in module/entity ai_noc_v1_0_0_ai_noc does not have driver. [/home/x_thileeb/repos/ops-hls-pact25-artifact/codegen_apps/jacobian3d/vck5000_project/hls/build/hw/temp_dir/link/link/vivado/vpl/prj/prj.gen/my_rm/bd/ulp_inst_0/ipshared/fc78/hdl/ai_noc_v1_0_rfs.v:140]
WARNING: [Synth 8-3848] Net m_axi_arlock in module/entity ai_noc_v1_0_0_ai_noc does not have driver. [/home/x_thileeb/repos/ops-hls-pact25-artifact/codegen_apps/jacobian3d/vck5000_project/hls/build/hw/temp_dir/link/link/vivado/vpl/prj/prj.gen/my_rm/bd/ulp_inst_0/ipshared/fc78/hdl/ai_noc_v1_0_rfs.v:141]
WARNING: [Synth 8-3848] Net m_axi_arcache in module/entity ai_noc_v1_0_0_ai_noc does not have driver. [/home/x_thileeb/repos/ops-hls-pact25-artifact/codegen_apps/jacobian3d/vck5000_project/hls/build/hw/temp_dir/link/link/vivado/vpl/prj/prj.gen/my_rm/bd/ulp_inst_0/ipshared/fc78/hdl/ai_noc_v1_0_rfs.v:142]
WARNING: [Synth 8-3848] Net m_axi_arprot in module/entity ai_noc_v1_0_0_ai_noc does not have driver. [/home/x_thileeb/repos/ops-hls-pact25-artifact/codegen_apps/jacobian3d/vck5000_project/hls/build/hw/temp_dir/link/link/vivado/vpl/prj/prj.gen/my_rm/bd/ulp_inst_0/ipshared/fc78/hdl/ai_noc_v1_0_rfs.v:143]
WARNING: [Synth 8-3848] Net m_axi_arqos in module/entity ai_noc_v1_0_0_ai_noc does not have driver. [/home/x_thileeb/repos/ops-hls-pact25-artifact/codegen_apps/jacobian3d/vck5000_project/hls/build/hw/temp_dir/link/link/vivado/vpl/prj/prj.gen/my_rm/bd/ulp_inst_0/ipshared/fc78/hdl/ai_noc_v1_0_rfs.v:144]
WARNING: [Synth 8-3848] Net m_axi_aruser in module/entity ai_noc_v1_0_0_ai_noc does not have driver. [/home/x_thileeb/repos/ops-hls-pact25-artifact/codegen_apps/jacobian3d/vck5000_project/hls/build/hw/temp_dir/link/link/vivado/vpl/prj/prj.gen/my_rm/bd/ulp_inst_0/ipshared/fc78/hdl/ai_noc_v1_0_rfs.v:145]
WARNING: [Synth 8-3848] Net m_axi_arvalid in module/entity ai_noc_v1_0_0_ai_noc does not have driver. [/home/x_thileeb/repos/ops-hls-pact25-artifact/codegen_apps/jacobian3d/vck5000_project/hls/build/hw/temp_dir/link/link/vivado/vpl/prj/prj.gen/my_rm/bd/ulp_inst_0/ipshared/fc78/hdl/ai_noc_v1_0_rfs.v:146]
WARNING: [Synth 8-3848] Net m_axi_rready in module/entity ai_noc_v1_0_0_ai_noc does not have driver. [/home/x_thileeb/repos/ops-hls-pact25-artifact/codegen_apps/jacobian3d/vck5000_project/hls/build/hw/temp_dir/link/link/vivado/vpl/prj/prj.gen/my_rm/bd/ulp_inst_0/ipshared/fc78/hdl/ai_noc_v1_0_rfs.v:154]
WARNING: [Synth 8-3848] Net m_axi_destid_wr in module/entity ai_noc_v1_0_0_ai_noc does not have driver. [/home/x_thileeb/repos/ops-hls-pact25-artifact/codegen_apps/jacobian3d/vck5000_project/hls/build/hw/temp_dir/link/link/vivado/vpl/prj/prj.gen/my_rm/bd/ulp_inst_0/ipshared/fc78/hdl/ai_noc_v1_0_rfs.v:156]
WARNING: [Synth 8-3848] Net m_axi_destmode_wr in module/entity ai_noc_v1_0_0_ai_noc does not have driver. [/home/x_thileeb/repos/ops-hls-pact25-artifact/codegen_apps/jacobian3d/vck5000_project/hls/build/hw/temp_dir/link/link/vivado/vpl/prj/prj.gen/my_rm/bd/ulp_inst_0/ipshared/fc78/hdl/ai_noc_v1_0_rfs.v:157]
WARNING: [Synth 8-3848] Net m_axi_destid_rd in module/entity ai_noc_v1_0_0_ai_noc does not have driver. [/home/x_thileeb/repos/ops-hls-pact25-artifact/codegen_apps/jacobian3d/vck5000_project/hls/build/hw/temp_dir/link/link/vivado/vpl/prj/prj.gen/my_rm/bd/ulp_inst_0/ipshared/fc78/hdl/ai_noc_v1_0_rfs.v:158]
WARNING: [Synth 8-3848] Net m_axi_destmode_rd in module/entity ai_noc_v1_0_0_ai_noc does not have driver. [/home/x_thileeb/repos/ops-hls-pact25-artifact/codegen_apps/jacobian3d/vck5000_project/hls/build/hw/temp_dir/link/link/vivado/vpl/prj/prj.gen/my_rm/bd/ulp_inst_0/ipshared/fc78/hdl/ai_noc_v1_0_rfs.v:159]
WARNING: [Synth 8-3848] Net m_axis_aclk in module/entity ai_noc_v1_0_0_ai_noc does not have driver. [/home/x_thileeb/repos/ops-hls-pact25-artifact/codegen_apps/jacobian3d/vck5000_project/hls/build/hw/temp_dir/link/link/vivado/vpl/prj/prj.gen/my_rm/bd/ulp_inst_0/ipshared/fc78/hdl/ai_noc_v1_0_rfs.v:161]
WARNING: [Synth 8-3848] Net m_axis_tvalid in module/entity ai_noc_v1_0_0_ai_noc does not have driver. [/home/x_thileeb/repos/ops-hls-pact25-artifact/codegen_apps/jacobian3d/vck5000_project/hls/build/hw/temp_dir/link/link/vivado/vpl/prj/prj.gen/my_rm/bd/ulp_inst_0/ipshared/fc78/hdl/ai_noc_v1_0_rfs.v:163]
WARNING: [Synth 8-3848] Net m_axis_tid in module/entity ai_noc_v1_0_0_ai_noc does not have driver. [/home/x_thileeb/repos/ops-hls-pact25-artifact/codegen_apps/jacobian3d/vck5000_project/hls/build/hw/temp_dir/link/link/vivado/vpl/prj/prj.gen/my_rm/bd/ulp_inst_0/ipshared/fc78/hdl/ai_noc_v1_0_rfs.v:164]
WARNING: [Synth 8-3848] Net m_axis_tdest in module/entity ai_noc_v1_0_0_ai_noc does not have driver. [/home/x_thileeb/repos/ops-hls-pact25-artifact/codegen_apps/jacobian3d/vck5000_project/hls/build/hw/temp_dir/link/link/vivado/vpl/prj/prj.gen/my_rm/bd/ulp_inst_0/ipshared/fc78/hdl/ai_noc_v1_0_rfs.v:165]
WARNING: [Synth 8-3848] Net m_axis_tdata in module/entity ai_noc_v1_0_0_ai_noc does not have driver. [/home/x_thileeb/repos/ops-hls-pact25-artifact/codegen_apps/jacobian3d/vck5000_project/hls/build/hw/temp_dir/link/link/vivado/vpl/prj/prj.gen/my_rm/bd/ulp_inst_0/ipshared/fc78/hdl/ai_noc_v1_0_rfs.v:166]
WARNING: [Synth 8-3848] Net m_axis_tkeep in module/entity ai_noc_v1_0_0_ai_noc does not have driver. [/home/x_thileeb/repos/ops-hls-pact25-artifact/codegen_apps/jacobian3d/vck5000_project/hls/build/hw/temp_dir/link/link/vivado/vpl/prj/prj.gen/my_rm/bd/ulp_inst_0/ipshared/fc78/hdl/ai_noc_v1_0_rfs.v:167]
WARNING: [Synth 8-3848] Net m_axis_tlast in module/entity ai_noc_v1_0_0_ai_noc does not have driver. [/home/x_thileeb/repos/ops-hls-pact25-artifact/codegen_apps/jacobian3d/vck5000_project/hls/build/hw/temp_dir/link/link/vivado/vpl/prj/prj.gen/my_rm/bd/ulp_inst_0/ipshared/fc78/hdl/ai_noc_v1_0_rfs.v:168]
WARNING: [Synth 8-3848] Net qsfp0_4x_gtx_n in module/entity ulp_inst_0 does not have driver. [/home/x_thileeb/repos/ops-hls-pact25-artifact/codegen_apps/jacobian3d/vck5000_project/hls/build/hw/temp_dir/link/link/vivado/vpl/prj/prj.gen/my_rm/bd/ulp_inst_0/synth/ulp_inst_0.v:229]
WARNING: [Synth 8-3848] Net qsfp0_4x_gtx_p in module/entity ulp_inst_0 does not have driver. [/home/x_thileeb/repos/ops-hls-pact25-artifact/codegen_apps/jacobian3d/vck5000_project/hls/build/hw/temp_dir/link/link/vivado/vpl/prj/prj.gen/my_rm/bd/ulp_inst_0/synth/ulp_inst_0.v:230]
WARNING: [Synth 8-3848] Net qsfp1_4x_gtx_n in module/entity ulp_inst_0 does not have driver. [/home/x_thileeb/repos/ops-hls-pact25-artifact/codegen_apps/jacobian3d/vck5000_project/hls/build/hw/temp_dir/link/link/vivado/vpl/prj/prj.gen/my_rm/bd/ulp_inst_0/synth/ulp_inst_0.v:235]
WARNING: [Synth 8-3848] Net qsfp1_4x_gtx_p in module/entity ulp_inst_0 does not have driver. [/home/x_thileeb/repos/ops-hls-pact25-artifact/codegen_apps/jacobian3d/vck5000_project/hls/build/hw/temp_dir/link/link/vivado/vpl/prj/prj.gen/my_rm/bd/ulp_inst_0/synth/ulp_inst_0.v:236]
WARNING: [Synth 8-7129] Port In32[0] in module xlconcat_v2_1_4_xlconcat__parameterized0 is either unconnected or has no load
WARNING: [Synth 8-7129] Port In33[0] in module xlconcat_v2_1_4_xlconcat__parameterized0 is either unconnected or has no load
WARNING: [Synth 8-7129] Port In34[0] in module xlconcat_v2_1_4_xlconcat__parameterized0 is either unconnected or has no load
WARNING: [Synth 8-7129] Port In35[0] in module xlconcat_v2_1_4_xlconcat__parameterized0 is either unconnected or has no load
WARNING: [Synth 8-7129] Port In36[0] in module xlconcat_v2_1_4_xlconcat__parameterized0 is either unconnected or has no load
WARNING: [Synth 8-7129] Port In37[0] in module xlconcat_v2_1_4_xlconcat__parameterized0 is either unconnected or has no load
WARNING: [Synth 8-7129] Port In38[0] in module xlconcat_v2_1_4_xlconcat__parameterized0 is either unconnected or has no load
WARNING: [Synth 8-7129] Port In39[0] in module xlconcat_v2_1_4_xlconcat__parameterized0 is either unconnected or has no load
WARNING: [Synth 8-7129] Port In40[0] in module xlconcat_v2_1_4_xlconcat__parameterized0 is either unconnected or has no load
WARNING: [Synth 8-7129] Port In41[0] in module xlconcat_v2_1_4_xlconcat__parameterized0 is either unconnected or has no load
WARNING: [Synth 8-7129] Port In42[0] in module xlconcat_v2_1_4_xlconcat__parameterized0 is either unconnected or has no load
WARNING: [Synth 8-7129] Port In43[0] in module xlconcat_v2_1_4_xlconcat__parameterized0 is either unconnected or has no load
WARNING: [Synth 8-7129] Port In44[0] in module xlconcat_v2_1_4_xlconcat__parameterized0 is either unconnected or has no load
WARNING: [Synth 8-7129] Port In45[0] in module xlconcat_v2_1_4_xlconcat__parameterized0 is either unconnected or has no load
WARNING: [Synth 8-7129] Port In46[0] in module xlconcat_v2_1_4_xlconcat__parameterized0 is either unconnected or has no load
WARNING: [Synth 8-7129] Port In47[0] in module xlconcat_v2_1_4_xlconcat__parameterized0 is either unconnected or has no load
WARNING: [Synth 8-7129] Port In48[0] in module xlconcat_v2_1_4_xlconcat__parameterized0 is either unconnected or has no load
WARNING: [Synth 8-7129] Port In49[0] in module xlconcat_v2_1_4_xlconcat__parameterized0 is either unconnected or has no load
WARNING: [Synth 8-7129] Port In50[0] in module xlconcat_v2_1_4_xlconcat__parameterized0 is either unconnected or has no load
WARNING: [Synth 8-7129] Port In51[0] in module xlconcat_v2_1_4_xlconcat__parameterized0 is either unconnected or has no load
WARNING: [Synth 8-7129] Port In52[0] in module xlconcat_v2_1_4_xlconcat__parameterized0 is either unconnected or has no load
WARNING: [Synth 8-7129] Port In53[0] in module xlconcat_v2_1_4_xlconcat__parameterized0 is either unconnected or has no load
WARNING: [Synth 8-7129] Port In54[0] in module xlconcat_v2_1_4_xlconcat__parameterized0 is either unconnected or has no load
WARNING: [Synth 8-7129] Port In55[0] in module xlconcat_v2_1_4_xlconcat__parameterized0 is either unconnected or has no load
WARNING: [Synth 8-7129] Port In56[0] in module xlconcat_v2_1_4_xlconcat__parameterized0 is either unconnected or has no load
WARNING: [Synth 8-7129] Port In57[0] in module xlconcat_v2_1_4_xlconcat__parameterized0 is either unconnected or has no load
WARNING: [Synth 8-7129] Port In58[0] in module xlconcat_v2_1_4_xlconcat__parameterized0 is either unconnected or has no load
WARNING: [Synth 8-7129] Port In59[0] in module xlconcat_v2_1_4_xlconcat__parameterized0 is either unconnected or has no load
WARNING: [Synth 8-7129] Port In60[0] in module xlconcat_v2_1_4_xlconcat__parameterized0 is either unconnected or has no load
WARNING: [Synth 8-7129] Port In61[0] in module xlconcat_v2_1_4_xlconcat__parameterized0 is either unconnected or has no load
WARNING: [Synth 8-7129] Port In62[0] in module xlconcat_v2_1_4_xlconcat__parameterized0 is either unconnected or has no load
WARNING: [Synth 8-7129] Port In63[0] in module xlconcat_v2_1_4_xlconcat__parameterized0 is either unconnected or has no load
WARNING: [Synth 8-7129] Port In64[0] in module xlconcat_v2_1_4_xlconcat__parameterized0 is either unconnected or has no load
WARNING: [Synth 8-7129] Port In65[0] in module xlconcat_v2_1_4_xlconcat__parameterized0 is either unconnected or has no load
WARNING: [Synth 8-7129] Port In66[0] in module xlconcat_v2_1_4_xlconcat__parameterized0 is either unconnected or has no load
WARNING: [Synth 8-7129] Port In67[0] in module xlconcat_v2_1_4_xlconcat__parameterized0 is either unconnected or has no load
WARNING: [Synth 8-7129] Port In68[0] in module xlconcat_v2_1_4_xlconcat__parameterized0 is either unconnected or has no load
WARNING: [Synth 8-7129] Port In69[0] in module xlconcat_v2_1_4_xlconcat__parameterized0 is either unconnected or has no load
WARNING: [Synth 8-7129] Port In70[0] in module xlconcat_v2_1_4_xlconcat__parameterized0 is either unconnected or has no load
WARNING: [Synth 8-7129] Port In71[0] in module xlconcat_v2_1_4_xlconcat__parameterized0 is either unconnected or has no load
WARNING: [Synth 8-7129] Port In72[0] in module xlconcat_v2_1_4_xlconcat__parameterized0 is either unconnected or has no load
WARNING: [Synth 8-7129] Port In73[0] in module xlconcat_v2_1_4_xlconcat__parameterized0 is either unconnected or has no load
WARNING: [Synth 8-7129] Port In74[0] in module xlconcat_v2_1_4_xlconcat__parameterized0 is either unconnected or has no load
WARNING: [Synth 8-7129] Port In75[0] in module xlconcat_v2_1_4_xlconcat__parameterized0 is either unconnected or has no load
WARNING: [Synth 8-7129] Port In76[0] in module xlconcat_v2_1_4_xlconcat__parameterized0 is either unconnected or has no load
WARNING: [Synth 8-7129] Port In77[0] in module xlconcat_v2_1_4_xlconcat__parameterized0 is either unconnected or has no load
WARNING: [Synth 8-7129] Port In78[0] in module xlconcat_v2_1_4_xlconcat__parameterized0 is either unconnected or has no load
WARNING: [Synth 8-7129] Port In79[0] in module xlconcat_v2_1_4_xlconcat__parameterized0 is either unconnected or has no load
WARNING: [Synth 8-7129] Port In80[0] in module xlconcat_v2_1_4_xlconcat__parameterized0 is either unconnected or has no load
WARNING: [Synth 8-7129] Port In81[0] in module xlconcat_v2_1_4_xlconcat__parameterized0 is either unconnected or has no load
WARNING: [Synth 8-7129] Port In82[0] in module xlconcat_v2_1_4_xlconcat__parameterized0 is either unconnected or has no load
WARNING: [Synth 8-7129] Port In83[0] in module xlconcat_v2_1_4_xlconcat__parameterized0 is either unconnected or has no load
WARNING: [Synth 8-7129] Port In84[0] in module xlconcat_v2_1_4_xlconcat__parameterized0 is either unconnected or has no load
WARNING: [Synth 8-7129] Port In85[0] in module xlconcat_v2_1_4_xlconcat__parameterized0 is either unconnected or has no load
WARNING: [Synth 8-7129] Port In86[0] in module xlconcat_v2_1_4_xlconcat__parameterized0 is either unconnected or has no load
WARNING: [Synth 8-7129] Port In87[0] in module xlconcat_v2_1_4_xlconcat__parameterized0 is either unconnected or has no load
WARNING: [Synth 8-7129] Port In88[0] in module xlconcat_v2_1_4_xlconcat__parameterized0 is either unconnected or has no load
WARNING: [Synth 8-7129] Port In89[0] in module xlconcat_v2_1_4_xlconcat__parameterized0 is either unconnected or has no load
WARNING: [Synth 8-7129] Port In90[0] in module xlconcat_v2_1_4_xlconcat__parameterized0 is either unconnected or has no load
WARNING: [Synth 8-7129] Port In91[0] in module xlconcat_v2_1_4_xlconcat__parameterized0 is either unconnected or has no load
WARNING: [Synth 8-7129] Port In92[0] in module xlconcat_v2_1_4_xlconcat__parameterized0 is either unconnected or has no load
WARNING: [Synth 8-7129] Port In93[0] in module xlconcat_v2_1_4_xlconcat__parameterized0 is either unconnected or has no load
WARNING: [Synth 8-7129] Port In94[0] in module xlconcat_v2_1_4_xlconcat__parameterized0 is either unconnected or has no load
WARNING: [Synth 8-7129] Port In95[0] in module xlconcat_v2_1_4_xlconcat__parameterized0 is either unconnected or has no load
WARNING: [Synth 8-7129] Port In96[0] in module xlconcat_v2_1_4_xlconcat__parameterized0 is either unconnected or has no load
WARNING: [Synth 8-7129] Port In97[0] in module xlconcat_v2_1_4_xlconcat__parameterized0 is either unconnected or has no load
WARNING: [Synth 8-7129] Port In98[0] in module xlconcat_v2_1_4_xlconcat__parameterized0 is either unconnected or has no load
WARNING: [Synth 8-7129] Port In99[0] in module xlconcat_v2_1_4_xlconcat__parameterized0 is either unconnected or has no load
WARNING: [Synth 8-7129] Port In100[0] in module xlconcat_v2_1_4_xlconcat__parameterized0 is either unconnected or has no load
WARNING: [Synth 8-7129] Port In101[0] in module xlconcat_v2_1_4_xlconcat__parameterized0 is either unconnected or has no load
WARNING: [Synth 8-7129] Port In102[0] in module xlconcat_v2_1_4_xlconcat__parameterized0 is either unconnected or has no load
WARNING: [Synth 8-7129] Port In103[0] in module xlconcat_v2_1_4_xlconcat__parameterized0 is either unconnected or has no load
WARNING: [Synth 8-7129] Port In104[0] in module xlconcat_v2_1_4_xlconcat__parameterized0 is either unconnected or has no load
WARNING: [Synth 8-7129] Port In105[0] in module xlconcat_v2_1_4_xlconcat__parameterized0 is either unconnected or has no load
WARNING: [Synth 8-7129] Port In106[0] in module xlconcat_v2_1_4_xlconcat__parameterized0 is either unconnected or has no load
WARNING: [Synth 8-7129] Port In107[0] in module xlconcat_v2_1_4_xlconcat__parameterized0 is either unconnected or has no load
WARNING: [Synth 8-7129] Port In108[0] in module xlconcat_v2_1_4_xlconcat__parameterized0 is either unconnected or has no load
WARNING: [Synth 8-7129] Port In109[0] in module xlconcat_v2_1_4_xlconcat__parameterized0 is either unconnected or has no load
WARNING: [Synth 8-7129] Port In110[0] in module xlconcat_v2_1_4_xlconcat__parameterized0 is either unconnected or has no load
WARNING: [Synth 8-7129] Port In111[0] in module xlconcat_v2_1_4_xlconcat__parameterized0 is either unconnected or has no load
WARNING: [Synth 8-7129] Port In112[0] in module xlconcat_v2_1_4_xlconcat__parameterized0 is either unconnected or has no load
WARNING: [Synth 8-7129] Port In113[0] in module xlconcat_v2_1_4_xlconcat__parameterized0 is either unconnected or has no load
WARNING: [Synth 8-7129] Port In114[0] in module xlconcat_v2_1_4_xlconcat__parameterized0 is either unconnected or has no load
WARNING: [Synth 8-7129] Port In115[0] in module xlconcat_v2_1_4_xlconcat__parameterized0 is either unconnected or has no load
WARNING: [Synth 8-7129] Port In116[0] in module xlconcat_v2_1_4_xlconcat__parameterized0 is either unconnected or has no load
WARNING: [Synth 8-7129] Port In117[0] in module xlconcat_v2_1_4_xlconcat__parameterized0 is either unconnected or has no load
WARNING: [Synth 8-7129] Port In118[0] in module xlconcat_v2_1_4_xlconcat__parameterized0 is either unconnected or has no load
WARNING: [Synth 8-7129] Port In119[0] in module xlconcat_v2_1_4_xlconcat__parameterized0 is either unconnected or has no load
WARNING: [Synth 8-7129] Port In120[0] in module xlconcat_v2_1_4_xlconcat__parameterized0 is either unconnected or has no load
WARNING: [Synth 8-7129] Port In121[0] in module xlconcat_v2_1_4_xlconcat__parameterized0 is either unconnected or has no load
WARNING: [Synth 8-7129] Port In122[0] in module xlconcat_v2_1_4_xlconcat__parameterized0 is either unconnected or has no load
WARNING: [Synth 8-7129] Port In123[0] in module xlconcat_v2_1_4_xlconcat__parameterized0 is either unconnected or has no load
WARNING: [Synth 8-7129] Port In124[0] in module xlconcat_v2_1_4_xlconcat__parameterized0 is either unconnected or has no load
WARNING: [Synth 8-7129] Port In125[0] in module xlconcat_v2_1_4_xlconcat__parameterized0 is either unconnected or has no load
WARNING: [Synth 8-7129] Port In126[0] in module xlconcat_v2_1_4_xlconcat__parameterized0 is either unconnected or has no load
WARNING: [Synth 8-7129] Port In127[0] in module xlconcat_v2_1_4_xlconcat__parameterized0 is either unconnected or has no load
WARNING: [Synth 8-7129] Port In2[0] in module xlconcat_v2_1_4_xlconcat is either unconnected or has no load
WARNING: [Synth 8-7129] Port In3[0] in module xlconcat_v2_1_4_xlconcat is either unconnected or has no load
WARNING: [Synth 8-7129] Port In4[0] in module xlconcat_v2_1_4_xlconcat is either unconnected or has no load
WARNING: [Synth 8-7129] Port In5[0] in module xlconcat_v2_1_4_xlconcat is either unconnected or has no load
INFO: [Common 17-14] Message 'Synth 8-7129' appears 100 times and further instances of the messages will be disabled. Use the Tcl command set_msg_config to change the current settings.
---------------------------------------------------------------------------------
Finished RTL Elaboration : Time (s): cpu = 00:00:06 ; elapsed = 00:00:06 . Memory (MB): peak = 3337.832 ; gain = 420.734 ; free physical = 148228 ; free virtual = 484446
---------------------------------------------------------------------------------
---------------------------------------------------------------------------------
Start Handling Custom Attributes
---------------------------------------------------------------------------------
---------------------------------------------------------------------------------
Finished Handling Custom Attributes : Time (s): cpu = 00:00:06 ; elapsed = 00:00:07 . Memory (MB): peak = 3355.645 ; gain = 438.547 ; free physical = 148189 ; free virtual = 484407
---------------------------------------------------------------------------------
---------------------------------------------------------------------------------
Finished RTL Optimization Phase 1 : Time (s): cpu = 00:00:06 ; elapsed = 00:00:07 . Memory (MB): peak = 3355.645 ; gain = 438.547 ; free physical = 148189 ; free virtual = 484407
---------------------------------------------------------------------------------
Netlist sorting complete. Time (s): cpu = 00:00:00.04 ; elapsed = 00:00:00.04 . Memory (MB): peak = 3361.582 ; gain = 0.000 ; free physical = 147857 ; free virtual = 484074
INFO: [Constraints 18-6359] No Clock Expansion Window constraints config file entry for device xcvc1902.  GCLK Deskew mode will be Off and cannot be enabled via GCLK_DESKEW override.
INFO: [Constraints 18-5720] The default GCLK Deskew mode is Off.
INFO: [Project 1-570] Preparing netlist for logic optimization

Processing XDC Constraints
Initializing timing engine
Parsing XDC File [/home/x_thileeb/repos/ops-hls-pact25-artifact/codegen_apps/jacobian3d/vck5000_project/hls/build/hw/temp_dir/link/link/vivado/vpl/prj/prj.gen/my_rm/bd/ulp_inst_0/ip/ulp_inst_0_ip_pipe_ext_tog_kernel_00_null_0/ulp_inst_0_ip_pipe_ext_tog_kernel_00_null_0/ulp_inst_0_ip_pipe_ext_tog_kernel_00_null_0_in_context.xdc] for cell 'ip_pipe_ext_tog_kernel_00_null'
Finished Parsing XDC File [/home/x_thileeb/repos/ops-hls-pact25-artifact/codegen_apps/jacobian3d/vck5000_project/hls/build/hw/temp_dir/link/link/vivado/vpl/prj/prj.gen/my_rm/bd/ulp_inst_0/ip/ulp_inst_0_ip_pipe_ext_tog_kernel_00_null_0/ulp_inst_0_ip_pipe_ext_tog_kernel_00_null_0/ulp_inst_0_ip_pipe_ext_tog_kernel_00_null_0_in_context.xdc] for cell 'ip_pipe_ext_tog_kernel_00_null'
Parsing XDC File [/home/x_thileeb/repos/ops-hls-pact25-artifact/codegen_apps/jacobian3d/vck5000_project/hls/build/hw/temp_dir/link/link/vivado/vpl/prj/prj.gen/my_rm/bd/ulp_inst_0/ip/ulp_inst_0_ip_pipe_ext_tog_kernel_01_null_0/ulp_inst_0_ip_pipe_ext_tog_kernel_01_null_0/ulp_inst_0_ip_pipe_ext_tog_kernel_01_null_0_in_context.xdc] for cell 'ip_pipe_ext_tog_kernel_01_null'
Finished Parsing XDC File [/home/x_thileeb/repos/ops-hls-pact25-artifact/codegen_apps/jacobian3d/vck5000_project/hls/build/hw/temp_dir/link/link/vivado/vpl/prj/prj.gen/my_rm/bd/ulp_inst_0/ip/ulp_inst_0_ip_pipe_ext_tog_kernel_01_null_0/ulp_inst_0_ip_pipe_ext_tog_kernel_01_null_0/ulp_inst_0_ip_pipe_ext_tog_kernel_01_null_0_in_context.xdc] for cell 'ip_pipe_ext_tog_kernel_01_null'
Parsing XDC File [/home/x_thileeb/repos/ops-hls-pact25-artifact/codegen_apps/jacobian3d/vck5000_project/hls/build/hw/temp_dir/link/link/vivado/vpl/prj/prj.gen/my_rm/bd/ulp_inst_0/ip/ulp_inst_0_axi_dbg_hub_0/ulp_inst_0_axi_dbg_hub_0/ulp_inst_0_axi_dbg_hub_0_in_context.xdc] for cell 'axi_dbg_hub'
Finished Parsing XDC File [/home/x_thileeb/repos/ops-hls-pact25-artifact/codegen_apps/jacobian3d/vck5000_project/hls/build/hw/temp_dir/link/link/vivado/vpl/prj/prj.gen/my_rm/bd/ulp_inst_0/ip/ulp_inst_0_axi_dbg_hub_0/ulp_inst_0_axi_dbg_hub_0/ulp_inst_0_axi_dbg_hub_0_in_context.xdc] for cell 'axi_dbg_hub'
Parsing XDC File [/home/x_thileeb/repos/ops-hls-pact25-artifact/codegen_apps/jacobian3d/vck5000_project/hls/build/hw/temp_dir/link/link/vivado/vpl/prj/prj.gen/my_rm/bd/ulp_inst_0/ip/ulp_inst_0_axi_gpio_null_user_0/ulp_inst_0_axi_gpio_null_user_0/ulp_inst_0_axi_gpio_null_user_0_in_context.xdc] for cell 'axi_gpio_null_user'
Finished Parsing XDC File [/home/x_thileeb/repos/ops-hls-pact25-artifact/codegen_apps/jacobian3d/vck5000_project/hls/build/hw/temp_dir/link/link/vivado/vpl/prj/prj.gen/my_rm/bd/ulp_inst_0/ip/ulp_inst_0_axi_gpio_null_user_0/ulp_inst_0_axi_gpio_null_user_0/ulp_inst_0_axi_gpio_null_user_0_in_context.xdc] for cell 'axi_gpio_null_user'
Parsing XDC File [/home/x_thileeb/repos/ops-hls-pact25-artifact/codegen_apps/jacobian3d/vck5000_project/hls/build/hw/temp_dir/link/link/vivado/vpl/prj/prj.gen/my_rm/bd/ulp_inst_0/ip/ulp_inst_0_axi_ic_user_0/ulp_inst_0_axi_ic_user_0/ulp_inst_0_axi_ic_user_0_in_context.xdc] for cell 'axi_ic_user'
Finished Parsing XDC File [/home/x_thileeb/repos/ops-hls-pact25-artifact/codegen_apps/jacobian3d/vck5000_project/hls/build/hw/temp_dir/link/link/vivado/vpl/prj/prj.gen/my_rm/bd/ulp_inst_0/ip/ulp_inst_0_axi_ic_user_0/ulp_inst_0_axi_ic_user_0/ulp_inst_0_axi_ic_user_0_in_context.xdc] for cell 'axi_ic_user'
Parsing XDC File [/home/x_thileeb/repos/ops-hls-pact25-artifact/codegen_apps/jacobian3d/vck5000_project/hls/build/hw/temp_dir/link/link/vivado/vpl/prj/prj.gen/my_rm/bd/ulp_inst_0/ip/ulp_inst_0_axi_ic_user_extend_0/ulp_inst_0_axi_ic_user_extend_0/ulp_inst_0_axi_ic_user_extend_0_in_context.xdc] for cell 'axi_ic_user_extend'
Finished Parsing XDC File [/home/x_thileeb/repos/ops-hls-pact25-artifact/codegen_apps/jacobian3d/vck5000_project/hls/build/hw/temp_dir/link/link/vivado/vpl/prj/prj.gen/my_rm/bd/ulp_inst_0/ip/ulp_inst_0_axi_ic_user_extend_0/ulp_inst_0_axi_ic_user_extend_0/ulp_inst_0_axi_ic_user_extend_0_in_context.xdc] for cell 'axi_ic_user_extend'
Parsing XDC File [/home/x_thileeb/repos/ops-hls-pact25-artifact/codegen_apps/jacobian3d/vck5000_project/hls/build/hw/temp_dir/link/link/vivado/vpl/prj/prj.gen/my_rm/bd/ulp_inst_0/ip/ulp_inst_0_axi_noc_kernel0_0/ulp_inst_0_axi_noc_kernel0_0/ulp_inst_0_axi_noc_kernel0_0_in_context.xdc] for cell 'axi_noc_kernel0'
Finished Parsing XDC File [/home/x_thileeb/repos/ops-hls-pact25-artifact/codegen_apps/jacobian3d/vck5000_project/hls/build/hw/temp_dir/link/link/vivado/vpl/prj/prj.gen/my_rm/bd/ulp_inst_0/ip/ulp_inst_0_axi_noc_kernel0_0/ulp_inst_0_axi_noc_kernel0_0/ulp_inst_0_axi_noc_kernel0_0_in_context.xdc] for cell 'axi_noc_kernel0'
Parsing XDC File [/home/x_thileeb/repos/ops-hls-pact25-artifact/codegen_apps/jacobian3d/vck5000_project/hls/build/hw/temp_dir/link/link/vivado/vpl/prj/prj.gen/my_rm/bd/ulp_inst_0/ip/ulp_inst_0_axi_noc_h2c_0/ulp_inst_0_axi_noc_h2c_0/ulp_inst_0_axi_noc_h2c_0_in_context.xdc] for cell 'axi_noc_h2c'
Finished Parsing XDC File [/home/x_thileeb/repos/ops-hls-pact25-artifact/codegen_apps/jacobian3d/vck5000_project/hls/build/hw/temp_dir/link/link/vivado/vpl/prj/prj.gen/my_rm/bd/ulp_inst_0/ip/ulp_inst_0_axi_noc_h2c_0/ulp_inst_0_axi_noc_h2c_0/ulp_inst_0_axi_noc_h2c_0_in_context.xdc] for cell 'axi_noc_h2c'
Parsing XDC File [/home/x_thileeb/repos/ops-hls-pact25-artifact/codegen_apps/jacobian3d/vck5000_project/hls/build/hw/temp_dir/link/link/vivado/vpl/prj/prj.gen/my_rm/bd/ulp_inst_0/ip/ulp_inst_0_axi_sc_plram_0/ulp_inst_0_axi_sc_plram_0/ulp_inst_0_axi_sc_plram_0_in_context.xdc] for cell 'axi_sc_plram'
Finished Parsing XDC File [/home/x_thileeb/repos/ops-hls-pact25-artifact/codegen_apps/jacobian3d/vck5000_project/hls/build/hw/temp_dir/link/link/vivado/vpl/prj/prj.gen/my_rm/bd/ulp_inst_0/ip/ulp_inst_0_axi_sc_plram_0/ulp_inst_0_axi_sc_plram_0/ulp_inst_0_axi_sc_plram_0_in_context.xdc] for cell 'axi_sc_plram'
Parsing XDC File [/home/x_thileeb/repos/ops-hls-pact25-artifact/codegen_apps/jacobian3d/vck5000_project/hls/build/hw/temp_dir/link/link/vivado/vpl/prj/prj.gen/my_rm/bd/ulp_inst_0/ip/ulp_inst_0_plram_ctrl_0/ulp_inst_0_plram_ctrl_0/ulp_inst_0_plram_ctrl_0_in_context.xdc] for cell 'plram_ctrl'
CRITICAL WARNING: [Power 33-705] The voltage setting 3.300 on supply VCCO_503 is different from the voltage setting of 1.800 of the parent 1V8_VCC. [/home/x_thileeb/repos/ops-hls-pact25-artifact/codegen_apps/jacobian3d/vck5000_project/hls/build/hw/temp_dir/link/link/vivado/vpl/prj/prj.gen/my_rm/bd/ulp_inst_0/ip/ulp_inst_0_plram_ctrl_0/ulp_inst_0_plram_ctrl_0/ulp_inst_0_plram_ctrl_0_in_context.xdc:1]
CRITICAL WARNING: [Power 33-704] The voltage setting 1.800 of the 1V8_VCC falls outside the allowed range <3.135-3.465> of VCCO_503 conatined by the rail. [/home/x_thileeb/repos/ops-hls-pact25-artifact/codegen_apps/jacobian3d/vck5000_project/hls/build/hw/temp_dir/link/link/vivado/vpl/prj/prj.gen/my_rm/bd/ulp_inst_0/ip/ulp_inst_0_plram_ctrl_0/ulp_inst_0_plram_ctrl_0/ulp_inst_0_plram_ctrl_0_in_context.xdc:1]
CRITICAL WARNING: [Power 33-705] The voltage setting 3.300 on supply VCCO_500 is different from the voltage setting of 1.800 of the parent 1V8_VCC. [/home/x_thileeb/repos/ops-hls-pact25-artifact/codegen_apps/jacobian3d/vck5000_project/hls/build/hw/temp_dir/link/link/vivado/vpl/prj/prj.gen/my_rm/bd/ulp_inst_0/ip/ulp_inst_0_plram_ctrl_0/ulp_inst_0_plram_ctrl_0/ulp_inst_0_plram_ctrl_0_in_context.xdc:1]
CRITICAL WARNING: [Power 33-704] The voltage setting 1.800 of the 1V8_VCC falls outside the allowed range <3.135-3.465> of VCCO_500 conatined by the rail. [/home/x_thileeb/repos/ops-hls-pact25-artifact/codegen_apps/jacobian3d/vck5000_project/hls/build/hw/temp_dir/link/link/vivado/vpl/prj/prj.gen/my_rm/bd/ulp_inst_0/ip/ulp_inst_0_plram_ctrl_0/ulp_inst_0_plram_ctrl_0/ulp_inst_0_plram_ctrl_0_in_context.xdc:1]
create_clock: Time (s): cpu = 00:00:05 ; elapsed = 00:00:05 . Memory (MB): peak = 3435.449 ; gain = 12.906 ; free physical = 147884 ; free virtual = 484101
Finished Parsing XDC File [/home/x_thileeb/repos/ops-hls-pact25-artifact/codegen_apps/jacobian3d/vck5000_project/hls/build/hw/temp_dir/link/link/vivado/vpl/prj/prj.gen/my_rm/bd/ulp_inst_0/ip/ulp_inst_0_plram_ctrl_0/ulp_inst_0_plram_ctrl_0/ulp_inst_0_plram_ctrl_0_in_context.xdc] for cell 'plram_ctrl'
Parsing XDC File [/home/x_thileeb/repos/ops-hls-pact25-artifact/codegen_apps/jacobian3d/vck5000_project/hls/build/hw/temp_dir/link/link/vivado/vpl/prj/prj.gen/my_rm/bd/ulp_inst_0/ip/ulp_inst_0_plram_ctrl_bram_0/ulp_inst_0_plram_ctrl_bram_0/ulp_inst_0_plram_ctrl_bram_0_in_context.xdc] for cell 'plram_ctrl_bram'
Finished Parsing XDC File [/home/x_thileeb/repos/ops-hls-pact25-artifact/codegen_apps/jacobian3d/vck5000_project/hls/build/hw/temp_dir/link/link/vivado/vpl/prj/prj.gen/my_rm/bd/ulp_inst_0/ip/ulp_inst_0_plram_ctrl_bram_0/ulp_inst_0_plram_ctrl_bram_0/ulp_inst_0_plram_ctrl_bram_0_in_context.xdc] for cell 'plram_ctrl_bram'
Parsing XDC File [/home/x_thileeb/repos/ops-hls-pact25-artifact/codegen_apps/jacobian3d/vck5000_project/hls/build/hw/temp_dir/link/link/vivado/vpl/prj/prj.gen/my_rm/bd/ulp_inst_0/ip/ulp_inst_0_pipereg_kernel0_0/ulp_inst_0_pipereg_kernel0_0/ulp_inst_0_pipereg_kernel0_0_in_context.xdc] for cell 'reset_controllers/pipereg_kernel0'
Finished Parsing XDC File [/home/x_thileeb/repos/ops-hls-pact25-artifact/codegen_apps/jacobian3d/vck5000_project/hls/build/hw/temp_dir/link/link/vivado/vpl/prj/prj.gen/my_rm/bd/ulp_inst_0/ip/ulp_inst_0_pipereg_kernel0_0/ulp_inst_0_pipereg_kernel0_0/ulp_inst_0_pipereg_kernel0_0_in_context.xdc] for cell 'reset_controllers/pipereg_kernel0'
Parsing XDC File [/home/x_thileeb/repos/ops-hls-pact25-artifact/codegen_apps/jacobian3d/vck5000_project/hls/build/hw/temp_dir/link/link/vivado/vpl/prj/prj.gen/my_rm/bd/ulp_inst_0/ip/ulp_inst_0_pipereg_kernel1_0/ulp_inst_0_pipereg_kernel1_0/ulp_inst_0_pipereg_kernel1_0_in_context.xdc] for cell 'reset_controllers/pipereg_kernel1'
Finished Parsing XDC File [/home/x_thileeb/repos/ops-hls-pact25-artifact/codegen_apps/jacobian3d/vck5000_project/hls/build/hw/temp_dir/link/link/vivado/vpl/prj/prj.gen/my_rm/bd/ulp_inst_0/ip/ulp_inst_0_pipereg_kernel1_0/ulp_inst_0_pipereg_kernel1_0/ulp_inst_0_pipereg_kernel1_0_in_context.xdc] for cell 'reset_controllers/pipereg_kernel1'
Parsing XDC File [/home/x_thileeb/repos/ops-hls-pact25-artifact/codegen_apps/jacobian3d/vck5000_project/hls/build/hw/temp_dir/link/link/vivado/vpl/prj/prj.gen/my_rm/bd/ulp_inst_0/ip/ulp_inst_0_pipereg_pcie0_0/ulp_inst_0_pipereg_pcie0_0/ulp_inst_0_pipereg_pcie0_0_in_context.xdc] for cell 'reset_controllers/pipereg_pcie0'
Finished Parsing XDC File [/home/x_thileeb/repos/ops-hls-pact25-artifact/codegen_apps/jacobian3d/vck5000_project/hls/build/hw/temp_dir/link/link/vivado/vpl/prj/prj.gen/my_rm/bd/ulp_inst_0/ip/ulp_inst_0_pipereg_pcie0_0/ulp_inst_0_pipereg_pcie0_0/ulp_inst_0_pipereg_pcie0_0_in_context.xdc] for cell 'reset_controllers/pipereg_pcie0'
Parsing XDC File [/home/x_thileeb/repos/ops-hls-pact25-artifact/codegen_apps/jacobian3d/vck5000_project/hls/build/hw/temp_dir/link/link/vivado/vpl/prj/prj.gen/my_rm/bd/ulp_inst_0/ip/ulp_inst_0_pipereg_pl_axi0_0/ulp_inst_0_pipereg_pl_axi0_0/ulp_inst_0_pipereg_pl_axi0_0_in_context.xdc] for cell 'reset_controllers/pipereg_pl_axi0'
Finished Parsing XDC File [/home/x_thileeb/repos/ops-hls-pact25-artifact/codegen_apps/jacobian3d/vck5000_project/hls/build/hw/temp_dir/link/link/vivado/vpl/prj/prj.gen/my_rm/bd/ulp_inst_0/ip/ulp_inst_0_pipereg_pl_axi0_0/ulp_inst_0_pipereg_pl_axi0_0/ulp_inst_0_pipereg_pl_axi0_0_in_context.xdc] for cell 'reset_controllers/pipereg_pl_axi0'
Parsing XDC File [/home/x_thileeb/repos/ops-hls-pact25-artifact/codegen_apps/jacobian3d/vck5000_project/hls/build/hw/temp_dir/link/link/vivado/vpl/prj/prj.gen/my_rm/bd/ulp_inst_0/ip/ulp_inst_0_reset_sync_kernel0_0/ulp_inst_0_reset_sync_kernel0_0/ulp_inst_0_reset_sync_kernel0_0_in_context.xdc] for cell 'reset_controllers/reset_sync_kernel0'
Finished Parsing XDC File [/home/x_thileeb/repos/ops-hls-pact25-artifact/codegen_apps/jacobian3d/vck5000_project/hls/build/hw/temp_dir/link/link/vivado/vpl/prj/prj.gen/my_rm/bd/ulp_inst_0/ip/ulp_inst_0_reset_sync_kernel0_0/ulp_inst_0_reset_sync_kernel0_0/ulp_inst_0_reset_sync_kernel0_0_in_context.xdc] for cell 'reset_controllers/reset_sync_kernel0'
Parsing XDC File [/home/x_thileeb/repos/ops-hls-pact25-artifact/codegen_apps/jacobian3d/vck5000_project/hls/build/hw/temp_dir/link/link/vivado/vpl/prj/prj.gen/my_rm/bd/ulp_inst_0/ip/ulp_inst_0_reset_sync_kernel1_0/ulp_inst_0_reset_sync_kernel1_0/ulp_inst_0_reset_sync_kernel1_0_in_context.xdc] for cell 'reset_controllers/reset_sync_kernel1'
Finished Parsing XDC File [/home/x_thileeb/repos/ops-hls-pact25-artifact/codegen_apps/jacobian3d/vck5000_project/hls/build/hw/temp_dir/link/link/vivado/vpl/prj/prj.gen/my_rm/bd/ulp_inst_0/ip/ulp_inst_0_reset_sync_kernel1_0/ulp_inst_0_reset_sync_kernel1_0/ulp_inst_0_reset_sync_kernel1_0_in_context.xdc] for cell 'reset_controllers/reset_sync_kernel1'
Parsing XDC File [/home/x_thileeb/repos/ops-hls-pact25-artifact/codegen_apps/jacobian3d/vck5000_project/hls/build/hw/temp_dir/link/link/vivado/vpl/prj/prj.gen/my_rm/bd/ulp_inst_0/ip/ulp_inst_0_reset_sync_fixed_0/ulp_inst_0_reset_sync_fixed_0/ulp_inst_0_reset_sync_fixed_0_in_context.xdc] for cell 'reset_controllers/reset_sync_fixed'
Finished Parsing XDC File [/home/x_thileeb/repos/ops-hls-pact25-artifact/codegen_apps/jacobian3d/vck5000_project/hls/build/hw/temp_dir/link/link/vivado/vpl/prj/prj.gen/my_rm/bd/ulp_inst_0/ip/ulp_inst_0_reset_sync_fixed_0/ulp_inst_0_reset_sync_fixed_0/ulp_inst_0_reset_sync_fixed_0_in_context.xdc] for cell 'reset_controllers/reset_sync_fixed'
Parsing XDC File [/home/x_thileeb/repos/ops-hls-pact25-artifact/codegen_apps/jacobian3d/vck5000_project/hls/build/hw/temp_dir/link/link/vivado/vpl/prj/prj.gen/my_rm/bd/ulp_inst_0/ip/ulp_inst_0_axi_noc_aie_prog_0/ulp_inst_0_axi_noc_aie_prog_0/ulp_inst_0_axi_noc_aie_prog_0_in_context.xdc] for cell 'axi_noc_aie_prog'
Finished Parsing XDC File [/home/x_thileeb/repos/ops-hls-pact25-artifact/codegen_apps/jacobian3d/vck5000_project/hls/build/hw/temp_dir/link/link/vivado/vpl/prj/prj.gen/my_rm/bd/ulp_inst_0/ip/ulp_inst_0_axi_noc_aie_prog_0/ulp_inst_0_axi_noc_aie_prog_0/ulp_inst_0_axi_noc_aie_prog_0_in_context.xdc] for cell 'axi_noc_aie_prog'
Parsing XDC File [/home/x_thileeb/repos/ops-hls-pact25-artifact/codegen_apps/jacobian3d/vck5000_project/hls/build/hw/temp_dir/link/link/vivado/vpl/prj/prj.gen/my_rm/bd/ulp_inst_0/ip/ulp_inst_0_datamover_outerloop_0_1_0/ulp_inst_0_datamover_outerloop_0_1_0/ulp_inst_0_datamover_outerloop_0_1_0_in_context.xdc] for cell 'datamover_outerloop_0_1'
Finished Parsing XDC File [/home/x_thileeb/repos/ops-hls-pact25-artifact/codegen_apps/jacobian3d/vck5000_project/hls/build/hw/temp_dir/link/link/vivado/vpl/prj/prj.gen/my_rm/bd/ulp_inst_0/ip/ulp_inst_0_datamover_outerloop_0_1_0/ulp_inst_0_datamover_outerloop_0_1_0/ulp_inst_0_datamover_outerloop_0_1_0_in_context.xdc] for cell 'datamover_outerloop_0_1'
Parsing XDC File [/home/x_thileeb/repos/ops-hls-pact25-artifact/codegen_apps/jacobian3d/vck5000_project/hls/build/hw/temp_dir/link/link/vivado/vpl/prj/prj.gen/my_rm/bd/ulp_inst_0/ip/ulp_inst_0_kernel_outerloop_0_1_0/ulp_inst_0_kernel_outerloop_0_1_0/ulp_inst_0_kernel_outerloop_0_1_0_in_context.xdc] for cell 'kernel_outerloop_0_1'
Finished Parsing XDC File [/home/x_thileeb/repos/ops-hls-pact25-artifact/codegen_apps/jacobian3d/vck5000_project/hls/build/hw/temp_dir/link/link/vivado/vpl/prj/prj.gen/my_rm/bd/ulp_inst_0/ip/ulp_inst_0_kernel_outerloop_0_1_0/ulp_inst_0_kernel_outerloop_0_1_0/ulp_inst_0_kernel_outerloop_0_1_0_in_context.xdc] for cell 'kernel_outerloop_0_1'
Parsing XDC File [/home/x_thileeb/repos/ops-hls-pact25-artifact/codegen_apps/jacobian3d/vck5000_project/hls/build/hw/temp_dir/link/link/vivado/vpl/prj/prj.gen/my_rm/bd/ulp_inst_0/ip/ulp_inst_0_buffer_datamover_outerloop_0_1_arg0_axis_out_0/ulp_inst_0_buffer_datamover_outerloop_0_1_arg0_axis_out_0/ulp_inst_0_buffer_datamover_outerloop_0_1_arg0_axis_out_0_in_context.xdc] for cell 'buffer_datamover_outerloop_0_1_arg0_axis_out'
Finished Parsing XDC File [/home/x_thileeb/repos/ops-hls-pact25-artifact/codegen_apps/jacobian3d/vck5000_project/hls/build/hw/temp_dir/link/link/vivado/vpl/prj/prj.gen/my_rm/bd/ulp_inst_0/ip/ulp_inst_0_buffer_datamover_outerloop_0_1_arg0_axis_out_0/ulp_inst_0_buffer_datamover_outerloop_0_1_arg0_axis_out_0/ulp_inst_0_buffer_datamover_outerloop_0_1_arg0_axis_out_0_in_context.xdc] for cell 'buffer_datamover_outerloop_0_1_arg0_axis_out'
Parsing XDC File [/home/x_thileeb/repos/ops-hls-pact25-artifact/codegen_apps/jacobian3d/vck5000_project/hls/build/hw/temp_dir/link/link/vivado/vpl/prj/prj.gen/my_rm/bd/ulp_inst_0/ip/ulp_inst_0_buffer_kernel_outerloop_0_1_arg1_axis_out_0/ulp_inst_0_buffer_kernel_outerloop_0_1_arg1_axis_out_0/ulp_inst_0_buffer_kernel_outerloop_0_1_arg1_axis_out_0_in_context.xdc] for cell 'buffer_kernel_outerloop_0_1_arg1_axis_out'
Finished Parsing XDC File [/home/x_thileeb/repos/ops-hls-pact25-artifact/codegen_apps/jacobian3d/vck5000_project/hls/build/hw/temp_dir/link/link/vivado/vpl/prj/prj.gen/my_rm/bd/ulp_inst_0/ip/ulp_inst_0_buffer_kernel_outerloop_0_1_arg1_axis_out_0/ulp_inst_0_buffer_kernel_outerloop_0_1_arg1_axis_out_0/ulp_inst_0_buffer_kernel_outerloop_0_1_arg1_axis_out_0_in_context.xdc] for cell 'buffer_kernel_outerloop_0_1_arg1_axis_out'
Parsing XDC File [/home/x_thileeb/repos/ops-hls-pact25-artifact/codegen_apps/jacobian3d/vck5000_project/hls/build/hw/temp_dir/link/link/vivado/vpl/prj/prj.gen/my_rm/bd/ulp_inst_0/ulp_inst_0_ooc.xdc]
Finished Parsing XDC File [/home/x_thileeb/repos/ops-hls-pact25-artifact/codegen_apps/jacobian3d/vck5000_project/hls/build/hw/temp_dir/link/link/vivado/vpl/prj/prj.gen/my_rm/bd/ulp_inst_0/ulp_inst_0_ooc.xdc]
Parsing XDC File [/home/x_thileeb/repos/ops-hls-pact25-artifact/codegen_apps/jacobian3d/vck5000_project/hls/build/hw/temp_dir/link/link/vivado/vpl/prj/prj.runs/my_rm_synth_1/dont_touch.xdc]
Finished Parsing XDC File [/home/x_thileeb/repos/ops-hls-pact25-artifact/codegen_apps/jacobian3d/vck5000_project/hls/build/hw/temp_dir/link/link/vivado/vpl/prj/prj.runs/my_rm_synth_1/dont_touch.xdc]
Parsing XDC File [/home/x_thileeb/repos/ops-hls-pact25-artifact/codegen_apps/jacobian3d/vck5000_project/hls/build/hw/temp_dir/link/link/vivado/vpl/output/ulp_inst_0_ooc_copy.xdc]
WARNING: [Constraints 18-619] A clock with name 'blp_s_aclk_ctrl_00' already exists, overwriting the previous clock with the same name. [/home/x_thileeb/repos/ops-hls-pact25-artifact/codegen_apps/jacobian3d/vck5000_project/hls/build/hw/temp_dir/link/link/vivado/vpl/output/ulp_inst_0_ooc_copy.xdc:9]
WARNING: [Constraints 18-619] A clock with name 'blp_s_aclk_kernel_00' already exists, overwriting the previous clock with the same name. [/home/x_thileeb/repos/ops-hls-pact25-artifact/codegen_apps/jacobian3d/vck5000_project/hls/build/hw/temp_dir/link/link/vivado/vpl/output/ulp_inst_0_ooc_copy.xdc:10]
WARNING: [Constraints 18-619] A clock with name 'blp_s_aclk_kernel_01' already exists, overwriting the previous clock with the same name. [/home/x_thileeb/repos/ops-hls-pact25-artifact/codegen_apps/jacobian3d/vck5000_project/hls/build/hw/temp_dir/link/link/vivado/vpl/output/ulp_inst_0_ooc_copy.xdc:11]
WARNING: [Constraints 18-619] A clock with name 'blp_s_aclk_pcie_00' already exists, overwriting the previous clock with the same name. [/home/x_thileeb/repos/ops-hls-pact25-artifact/codegen_apps/jacobian3d/vck5000_project/hls/build/hw/temp_dir/link/link/vivado/vpl/output/ulp_inst_0_ooc_copy.xdc:12]
WARNING: [Constraints 18-619] A clock with name 'blp_s_aclk_kernel_00_cont_int' already exists, overwriting the previous clock with the same name. [/home/x_thileeb/repos/ops-hls-pact25-artifact/codegen_apps/jacobian3d/vck5000_project/hls/build/hw/temp_dir/link/link/vivado/vpl/output/ulp_inst_0_ooc_copy.xdc:13]
WARNING: [Constraints 18-619] A clock with name 'blp_s_aclk_kernel_01_cont_int' already exists, overwriting the previous clock with the same name. [/home/x_thileeb/repos/ops-hls-pact25-artifact/codegen_apps/jacobian3d/vck5000_project/hls/build/hw/temp_dir/link/link/vivado/vpl/output/ulp_inst_0_ooc_copy.xdc:14]
Finished Parsing XDC File [/home/x_thileeb/repos/ops-hls-pact25-artifact/codegen_apps/jacobian3d/vck5000_project/hls/build/hw/temp_dir/link/link/vivado/vpl/output/ulp_inst_0_ooc_copy.xdc]
Completed Processing XDC Constraints

Netlist sorting complete. Time (s): cpu = 00:00:00 ; elapsed = 00:00:00 . Memory (MB): peak = 3435.449 ; gain = 0.000 ; free physical = 147844 ; free virtual = 484062
INFO: [Project 1-111] Unisim Transformation Summary:
No Unisim elements were transformed.

Constraint Validation Runtime : Time (s): cpu = 00:00:00.04 ; elapsed = 00:00:00.05 . Memory (MB): peak = 3435.449 ; gain = 0.000 ; free physical = 147816 ; free virtual = 484034
INFO: [Designutils 20-5008] Incremental synthesis strategy off
---------------------------------------------------------------------------------
Finished Constraint Validation : Time (s): cpu = 00:00:18 ; elapsed = 00:00:20 . Memory (MB): peak = 3435.449 ; gain = 518.352 ; free physical = 148285 ; free virtual = 484506
---------------------------------------------------------------------------------
---------------------------------------------------------------------------------
Start Loading Part and Timing Information
---------------------------------------------------------------------------------
Loading part: xcvc1902-vsvd1760-2MP-e-S
INFO: [Synth 8-6742] Reading net delay rules and data
---------------------------------------------------------------------------------
Finished Loading Part and Timing Information : Time (s): cpu = 00:00:18 ; elapsed = 00:00:20 . Memory (MB): peak = 3435.449 ; gain = 518.352 ; free physical = 148285 ; free virtual = 484506
---------------------------------------------------------------------------------
---------------------------------------------------------------------------------
Start Applying 'set_property' XDC Constraints
---------------------------------------------------------------------------------
Applied set_property KEEP_HIERARCHY = SOFT for ip_pipe_ext_tog_kernel_00_null. (constraint file  auto generated constraint).
Applied set_property KEEP_HIERARCHY = SOFT for ip_pipe_ext_tog_kernel_01_null. (constraint file  auto generated constraint).
Applied set_property KEEP_HIERARCHY = SOFT for ip_gnd_ext_tog_kernel_00_null. (constraint file  auto generated constraint).
Applied set_property KEEP_HIERARCHY = SOFT for ip_gnd_ext_tog_kernel_01_null. (constraint file  auto generated constraint).
Applied set_property KEEP_HIERARCHY = SOFT for axi_dbg_hub. (constraint file  auto generated constraint).
Applied set_property KEEP_HIERARCHY = SOFT for axi_gpio_null_user. (constraint file  auto generated constraint).
Applied set_property KEEP_HIERARCHY = SOFT for axi_ic_user. (constraint file  auto generated constraint).
Applied set_property KEEP_HIERARCHY = SOFT for axi_ic_user_extend. (constraint file  auto generated constraint).
Applied set_property KEEP_HIERARCHY = SOFT for axi_noc_kernel0. (constraint file  auto generated constraint).
Applied set_property KEEP_HIERARCHY = SOFT for axi_noc_h2c. (constraint file  auto generated constraint).
Applied set_property KEEP_HIERARCHY = SOFT for axi_sc_plram. (constraint file  auto generated constraint).
Applied set_property KEEP_HIERARCHY = SOFT for kernel_interrupt/xlconcat_0. (constraint file  auto generated constraint).
Applied set_property KEEP_HIERARCHY = SOFT for kernel_interrupt/xlconstant_0. (constraint file  auto generated constraint).
Applied set_property KEEP_HIERARCHY = SOFT for plram_ctrl. (constraint file  auto generated constraint).
Applied set_property KEEP_HIERARCHY = SOFT for plram_ctrl_bram. (constraint file  auto generated constraint).
Applied set_property KEEP_HIERARCHY = SOFT for reset_controllers/pipereg_kernel0. (constraint file  auto generated constraint).
Applied set_property KEEP_HIERARCHY = SOFT for reset_controllers/pipereg_kernel1. (constraint file  auto generated constraint).
Applied set_property KEEP_HIERARCHY = SOFT for reset_controllers/pipereg_pcie0. (constraint file  auto generated constraint).
Applied set_property KEEP_HIERARCHY = SOFT for reset_controllers/pipereg_pl_axi0. (constraint file  auto generated constraint).
Applied set_property KEEP_HIERARCHY = SOFT for reset_controllers/reset_sync_kernel0. (constraint file  auto generated constraint).
Applied set_property KEEP_HIERARCHY = SOFT for reset_controllers/reset_sync_kernel1. (constraint file  auto generated constraint).
Applied set_property KEEP_HIERARCHY = SOFT for reset_controllers/reset_sync_fixed. (constraint file  auto generated constraint).
Applied set_property KEEP_HIERARCHY = SOFT for reset_controllers/rstn_const. (constraint file  auto generated constraint).
Applied set_property KEEP_HIERARCHY = SOFT for axi_noc_aie_prog. (constraint file  auto generated constraint).
Applied set_property KEEP_HIERARCHY = SOFT for ai_engine_0. (constraint file  auto generated constraint).
Applied set_property KEEP_HIERARCHY = SOFT for ai_engine_0/inst. (constraint file  auto generated constraint).
Applied set_property KEEP_HIERARCHY = SOFT for ai_engine_0/inst/noc_ai_mm_0. (constraint file  auto generated constraint).
Applied set_property KEEP_HIERARCHY = SOFT for datamover_outerloop_0_1. (constraint file  auto generated constraint).
Applied set_property KEEP_HIERARCHY = SOFT for kernel_outerloop_0_1. (constraint file  auto generated constraint).
Applied set_property KEEP_HIERARCHY = SOFT for buffer_datamover_outerloop_0_1_arg0_axis_out. (constraint file  auto generated constraint).
Applied set_property KEEP_HIERARCHY = SOFT for buffer_kernel_outerloop_0_1_arg1_axis_out. (constraint file  auto generated constraint).
Applied set_property KEEP_HIERARCHY = SOFT for kernel_interrupt_xlconcat_0_In0_1_interrupt_concat. (constraint file  auto generated constraint).
Applied set_property KEEP_HIERARCHY = SOFT for irq_const_tieoff. (constraint file  auto generated constraint).
---------------------------------------------------------------------------------
Finished applying 'set_property' XDC Constraints : Time (s): cpu = 00:00:18 ; elapsed = 00:00:20 . Memory (MB): peak = 3435.449 ; gain = 518.352 ; free physical = 148285 ; free virtual = 484507
---------------------------------------------------------------------------------
---------------------------------------------------------------------------------
Finished RTL Optimization Phase 2 : Time (s): cpu = 00:00:18 ; elapsed = 00:00:20 . Memory (MB): peak = 3435.449 ; gain = 518.352 ; free physical = 148078 ; free virtual = 484303
---------------------------------------------------------------------------------
---------------------------------------------------------------------------------
Start RTL Component Statistics 
---------------------------------------------------------------------------------
Detailed RTL Component Info : 
---------------------------------------------------------------------------------
Finished RTL Component Statistics 
---------------------------------------------------------------------------------
---------------------------------------------------------------------------------
Start Part Resource Summary
---------------------------------------------------------------------------------
Part Resources:
DSPs: 3936 (col length:164)
BRAMs: 1934 (col length: RAMB18 168 RAMB36 84)
---------------------------------------------------------------------------------
Finished Part Resource Summary
---------------------------------------------------------------------------------
---------------------------------------------------------------------------------
Start Cross Boundary and Area Optimization
---------------------------------------------------------------------------------
WARNING: [Synth 8-7080] Parallel synthesis criteria is not met
---------------------------------------------------------------------------------
Finished Cross Boundary and Area Optimization : Time (s): cpu = 00:00:20 ; elapsed = 00:00:22 . Memory (MB): peak = 3435.449 ; gain = 518.352 ; free physical = 148188 ; free virtual = 484418
---------------------------------------------------------------------------------
---------------------------------------------------------------------------------
Start Applying XDC Timing Constraints
---------------------------------------------------------------------------------
WARNING: [Synth 8-565] redefining clock 'blp_s_aclk_ctrl_00'
WARNING: [Synth 8-565] redefining clock 'blp_s_aclk_kernel_00'
WARNING: [Synth 8-565] redefining clock 'blp_s_aclk_kernel_01'
WARNING: [Synth 8-565] redefining clock 'blp_s_aclk_pcie_00'
WARNING: [Synth 8-565] redefining clock 'blp_s_aclk_kernel_00_cont_int'
WARNING: [Synth 8-565] redefining clock 'blp_s_aclk_kernel_01_cont_int'
---------------------------------------------------------------------------------
Finished Applying XDC Timing Constraints : Time (s): cpu = 00:00:43 ; elapsed = 00:00:53 . Memory (MB): peak = 4186.629 ; gain = 1269.531 ; free physical = 148094 ; free virtual = 484324
---------------------------------------------------------------------------------
---------------------------------------------------------------------------------
Start Timing Optimization
---------------------------------------------------------------------------------
---------------------------------------------------------------------------------
Finished Timing Optimization : Time (s): cpu = 00:00:43 ; elapsed = 00:00:53 . Memory (MB): peak = 4187.629 ; gain = 1270.531 ; free physical = 148094 ; free virtual = 484324
---------------------------------------------------------------------------------
---------------------------------------------------------------------------------
Start Technology Mapping
---------------------------------------------------------------------------------
INFO: [Synth 8-5816] Retiming module `ai_noc_v1_0_0_ai_noc`
   Worst Slack before retiming is -214748368 and worst slack after retiming is -214748368
   Numbers of local forward move = 0, and local backward move = 0


INFO: [Synth 8-5816] Retiming module `ai_noc_v1_0_0_ai_noc' done


INFO: [Synth 8-5816] Retiming module `bd_9d54_noc_ai_mm_0_0`
   Worst Slack before retiming is -214748368 and worst slack after retiming is -214748368
   Numbers of local forward move = 0, and local backward move = 0


INFO: [Synth 8-5816] Retiming module `bd_9d54_noc_ai_mm_0_0' done


INFO: [Synth 8-5816] Retiming module `bd_9d54`
   Worst Slack before retiming is -214748368 and worst slack after retiming is -214748368
   Numbers of local forward move = 0, and local backward move = 0


INFO: [Synth 8-5816] Retiming module `bd_9d54' done


INFO: [Synth 8-5816] Retiming module `ulp_inst_0_ai_engine_0_0`
   Worst Slack before retiming is -214748368 and worst slack after retiming is -214748368
   Numbers of local forward move = 0, and local backward move = 0


INFO: [Synth 8-5816] Retiming module `ulp_inst_0_ai_engine_0_0' done


INFO: [Synth 8-5816] Retiming module `ulp_inst_0_xlconcat_0_0`
   Worst Slack before retiming is -214748368 and worst slack after retiming is -214748368
   Numbers of local forward move = 0, and local backward move = 0


INFO: [Synth 8-5816] Retiming module `ulp_inst_0_xlconcat_0_0' done


INFO: [Synth 8-5816] Retiming module `ulp_inst_0_kernel_interrupt_xlconcat_0_In0_1_interrupt_concat_0`
   Worst Slack before retiming is -214748368 and worst slack after retiming is -214748368
   Numbers of local forward move = 0, and local backward move = 0


INFO: [Synth 8-5816] Retiming module `ulp_inst_0_kernel_interrupt_xlconcat_0_In0_1_interrupt_concat_0' done


INFO: [Synth 8-5816] Retiming module `ulp_inst_0`
   Worst Slack before retiming is -214748368 and worst slack after retiming is -214748368
   Numbers of local forward move = 0, and local backward move = 0


INFO: [Synth 8-5816] Retiming module `ulp_inst_0' done


---------------------------------------------------------------------------------
Finished Technology Mapping : Time (s): cpu = 00:00:43 ; elapsed = 00:00:54 . Memory (MB): peak = 4206.660 ; gain = 1289.562 ; free physical = 148053 ; free virtual = 484283
---------------------------------------------------------------------------------
---------------------------------------------------------------------------------
Start IO Insertion
---------------------------------------------------------------------------------
---------------------------------------------------------------------------------
Start Flattening Before IO Insertion
---------------------------------------------------------------------------------
---------------------------------------------------------------------------------
Finished Flattening Before IO Insertion
---------------------------------------------------------------------------------
---------------------------------------------------------------------------------
Start Final Netlist Cleanup
---------------------------------------------------------------------------------
---------------------------------------------------------------------------------
Finished Final Netlist Cleanup
---------------------------------------------------------------------------------
---------------------------------------------------------------------------------
Finished IO Insertion : Time (s): cpu = 00:00:47 ; elapsed = 00:00:57 . Memory (MB): peak = 4215.566 ; gain = 1298.469 ; free physical = 147989 ; free virtual = 484219
---------------------------------------------------------------------------------
---------------------------------------------------------------------------------
Start Renaming Generated Instances
---------------------------------------------------------------------------------
---------------------------------------------------------------------------------
Finished Renaming Generated Instances : Time (s): cpu = 00:00:47 ; elapsed = 00:00:57 . Memory (MB): peak = 4215.566 ; gain = 1298.469 ; free physical = 147989 ; free virtual = 484219
---------------------------------------------------------------------------------
---------------------------------------------------------------------------------
Start Rebuilding User Hierarchy
---------------------------------------------------------------------------------
---------------------------------------------------------------------------------
Finished Rebuilding User Hierarchy : Time (s): cpu = 00:00:47 ; elapsed = 00:00:57 . Memory (MB): peak = 4215.566 ; gain = 1298.469 ; free physical = 147989 ; free virtual = 484219
---------------------------------------------------------------------------------
---------------------------------------------------------------------------------
Start Renaming Generated Ports
---------------------------------------------------------------------------------
---------------------------------------------------------------------------------
Finished Renaming Generated Ports : Time (s): cpu = 00:00:47 ; elapsed = 00:00:57 . Memory (MB): peak = 4215.566 ; gain = 1298.469 ; free physical = 147989 ; free virtual = 484219
---------------------------------------------------------------------------------
---------------------------------------------------------------------------------
Start Handling Custom Attributes
---------------------------------------------------------------------------------
---------------------------------------------------------------------------------
Finished Handling Custom Attributes : Time (s): cpu = 00:00:47 ; elapsed = 00:00:57 . Memory (MB): peak = 4215.566 ; gain = 1298.469 ; free physical = 147989 ; free virtual = 484219
---------------------------------------------------------------------------------
---------------------------------------------------------------------------------
Start Renaming Generated Nets
---------------------------------------------------------------------------------
---------------------------------------------------------------------------------
Finished Renaming Generated Nets : Time (s): cpu = 00:00:47 ; elapsed = 00:00:57 . Memory (MB): peak = 4215.566 ; gain = 1298.469 ; free physical = 147989 ; free virtual = 484219
---------------------------------------------------------------------------------
---------------------------------------------------------------------------------
Start ROM, RAM, DSP, Shift Register and Retiming Reporting
---------------------------------------------------------------------------------
---------------------------------------------------------------------------------
Finished ROM, RAM, DSP, Shift Register and Retiming Reporting
---------------------------------------------------------------------------------
---------------------------------------------------------------------------------
Start Writing Synthesis Report
---------------------------------------------------------------------------------

Report BlackBoxes: 
+------+----------------------------------------------------------+----------+
|      |BlackBox name                                             |Instances |
+------+----------------------------------------------------------+----------+
|1     |ulp_inst_0_axi_dbg_hub_0                                  |         1|
|2     |ulp_inst_0_axi_gpio_null_user_0                           |         1|
|3     |ulp_inst_0_axi_ic_user_0                                  |         1|
|4     |ulp_inst_0_axi_ic_user_extend_0                           |         1|
|5     |ulp_inst_0_axi_noc_aie_prog_0                             |         1|
|6     |ulp_inst_0_axi_noc_h2c_0                                  |         1|
|7     |ulp_inst_0_axi_noc_kernel0_0                              |         1|
|8     |ulp_inst_0_axi_sc_plram_0                                 |         1|
|9     |ulp_inst_0_buffer_datamover_outerloop_0_1_arg0_axis_out_0 |         1|
|10    |ulp_inst_0_buffer_kernel_outerloop_0_1_arg1_axis_out_0    |         1|
|11    |ulp_inst_0_datamover_outerloop_0_1_0                      |         1|
|12    |ulp_inst_0_ip_pipe_ext_tog_kernel_00_null_0               |         1|
|13    |ulp_inst_0_ip_pipe_ext_tog_kernel_01_null_0               |         1|
|14    |ulp_inst_0_kernel_outerloop_0_1_0                         |         1|
|15    |ulp_inst_0_plram_ctrl_0                                   |         1|
|16    |ulp_inst_0_plram_ctrl_bram_0                              |         1|
|17    |ulp_inst_0_pipereg_kernel0_0                              |         1|
|18    |ulp_inst_0_pipereg_kernel1_0                              |         1|
|19    |ulp_inst_0_pipereg_pcie0_0                                |         1|
|20    |ulp_inst_0_pipereg_pl_axi0_0                              |         1|
|21    |ulp_inst_0_reset_sync_fixed_0                             |         1|
|22    |ulp_inst_0_reset_sync_kernel0_0                           |         1|
|23    |ulp_inst_0_reset_sync_kernel1_0                           |         1|
+------+----------------------------------------------------------+----------+

Report Cell Usage: 
+------+--------------------------------------------------------+------+
|      |Cell                                                    |Count |
+------+--------------------------------------------------------+------+
|1     |ulp_inst_0_axi_dbg_hub                                  |     1|
|2     |ulp_inst_0_axi_gpio_null_user                           |     1|
|3     |ulp_inst_0_axi_ic_user                                  |     1|
|4     |ulp_inst_0_axi_ic_user_extend                           |     1|
|5     |ulp_inst_0_axi_noc_aie_prog                             |     1|
|6     |ulp_inst_0_axi_noc_h2c                                  |     1|
|7     |ulp_inst_0_axi_noc_kernel0                              |     1|
|8     |ulp_inst_0_axi_sc_plram                                 |     1|
|9     |ulp_inst_0_buffer_datamover_outerloop_0_1_arg0_axis_out |     1|
|10    |ulp_inst_0_buffer_kernel_outerloop_0_1_arg1_axis_out    |     1|
|11    |ulp_inst_0_datamover_outerloop_0_1                      |     1|
|12    |ulp_inst_0_ip_pipe_ext_tog_kernel_00_null               |     1|
|13    |ulp_inst_0_ip_pipe_ext_tog_kernel_01_null               |     1|
|14    |ulp_inst_0_kernel_outerloop_0_1                         |     1|
|15    |ulp_inst_0_pipereg_kernel0                              |     1|
|16    |ulp_inst_0_pipereg_kernel1                              |     1|
|17    |ulp_inst_0_pipereg_pcie0                                |     1|
|18    |ulp_inst_0_pipereg_pl_axi0                              |     1|
|19    |ulp_inst_0_plram_ctrl                                   |     1|
|20    |ulp_inst_0_plram_ctrl_bram                              |     1|
|21    |ulp_inst_0_reset_sync_fixed                             |     1|
|22    |ulp_inst_0_reset_sync_kernel0                           |     1|
|23    |ulp_inst_0_reset_sync_kernel1                           |     1|
|24    |AIE_NOC_S_AXI                                           |     1|
+------+--------------------------------------------------------+------+
---------------------------------------------------------------------------------
Finished Writing Synthesis Report : Time (s): cpu = 00:00:47 ; elapsed = 00:00:57 . Memory (MB): peak = 4215.566 ; gain = 1298.469 ; free physical = 147989 ; free virtual = 484219
---------------------------------------------------------------------------------
Synthesis finished with 0 errors, 0 critical warnings and 969 warnings.
Synthesis Optimization Runtime : Time (s): cpu = 00:00:39 ; elapsed = 00:00:49 . Memory (MB): peak = 4215.566 ; gain = 1218.664 ; free physical = 147989 ; free virtual = 484219
Synthesis Optimization Complete : Time (s): cpu = 00:00:47 ; elapsed = 00:00:58 . Memory (MB): peak = 4215.574 ; gain = 1298.469 ; free physical = 147989 ; free virtual = 484219
INFO: [Project 1-571] Translating synthesized netlist
Netlist sorting complete. Time (s): cpu = 00:00:00.03 ; elapsed = 00:00:00.04 . Memory (MB): peak = 4215.574 ; gain = 0.000 ; free physical = 147925 ; free virtual = 484155
INFO: [Constraints 18-6359] No Clock Expansion Window constraints config file entry for device xcvc1902.  GCLK Deskew mode will be Off and cannot be enabled via GCLK_DESKEW override.
INFO: [Constraints 18-5720] The default GCLK Deskew mode is Off.
INFO: [Project 1-570] Preparing netlist for logic optimization
INFO: [Opt 31-138] Pushed 0 inverter(s) to 0 load pin(s).
Netlist sorting complete. Time (s): cpu = 00:00:00 ; elapsed = 00:00:00 . Memory (MB): peak = 4263.223 ; gain = 0.000 ; free physical = 147803 ; free virtual = 484033
INFO: [Project 1-111] Unisim Transformation Summary:
No Unisim elements were transformed.

Synth Design complete, checksum: ffe7b6a4
INFO: [Common 17-83] Releasing license: Synthesis
126 Infos, 245 Warnings, 4 Critical Warnings and 0 Errors encountered.
synth_design completed successfully
synth_design: Time (s): cpu = 00:00:59 ; elapsed = 00:01:07 . Memory (MB): peak = 4263.223 ; gain = 1361.023 ; free physical = 147861 ; free virtual = 484091
INFO: [Common 17-600] The following parameters have non-default value.
general.maxThreads
INFO: [runtcl-6] Synthesis results are not added to the cache due to CRITICAL_WARNING
INFO: [Coretcl 2-1174] Renamed 5 cell refs.
INFO: [Common 17-1381] The checkpoint '/home/x_thileeb/repos/ops-hls-pact25-artifact/codegen_apps/jacobian3d/vck5000_project/hls/build/hw/temp_dir/link/link/vivado/vpl/prj/prj.runs/my_rm_synth_1/ulp_inst_0.dcp' has been generated.
INFO: [Common 17-206] Exiting Vivado at Sun Jul 26 01:46:12 2026...
