iterations,batch_size,grid,runtime(us),num_elements,FLOP_per_cell,throughput(GFLOP/S),power_batch,avg_power(W),power_elapsed_time(ms),total_energy(kJ),energy_per_batch(kJ),est_energy_for_1000_batches(kJ)
60018,1,100x100,17594.08,10000,17,579.9143803,5000,75.51882723,96131,7.259700381,0.00145194,1.451940076
60018,1,200x100,30025.55,20000,17,679.6251859,5000,76.41673252,150109,11.4708393,0.002294168,2.29416786
60018,1,200x200,54807.98,40000,17,744.6404702,5000,73.65900293,273832,20.17019209,0.004034038,4.034038418
60018,1,300x150,60601.85,45000,17,757.6298413,2500,70.8503491,151849,10.75855466,0.004303422,4.303421864
60018,1,300x300,114886.05,90000,17,799.2923423,1000,65.15276679,115465,7.522864217,0.007522864,7.522864217
60018,1,400x200,106546.3,80000,17,766.0939892,500,65.51164834,53836,3.5268851,0.00705377,7.053770201
60018,1,400x300,156074.3,120000,17,784.4771369,500,62.02415596,78612,4.875842948,0.009751686,9.751685897
60018,1,400x400,221014.15,160000,17,738.6357842,500,58.50720167,111108,6.500618163,0.013001236,13.00123633
Max,,,,,,799.2923423,,,,,,