grid_x,grid_y,grid_z,iters,batch_size,batch_id,init_time,main_time,total_time
150,150,150,1800,1,0,100479,1.38021e+06,1.48069e+06
150,150,150,1800,1,1,101045,1.38036e+06,1.4814e+06
150,150,150,1800,1,2,101190,1.38024e+06,1.48143e+06
150,150,150,1800,1,3,100206,1.38017e+06,1.48038e+06
150,150,150,1800,1,4,100967,1.38021e+06,1.48118e+06
