grid_x,grid_y,grid_z,iters,batch_size,batch_id,init_time,main_time,total_time
200,200,200,1800,1,0,223246,3.51288e+06,3.73613e+06
200,200,200,1800,1,1,222936,3.51216e+06,3.73509e+06
200,200,200,1800,1,2,223275,3.51212e+06,3.73539e+06
