grid_x,grid_y,grid_z,average_main_time
100,100,1,9768.064999999999
200,100,1,16117.15
200,200,1,34516.05
300,150,1,38106.0
300,300,1,74716.79999999999
400,200,1,69474.79999999999
400,300,1,100657.5
400,400,1,131348.0
