File,Grid Size X,Grid Size Y,Grid Size Z,Batch Size,Average Power (W),Elapsed Time (ms),Total Energy (kJ),Energy per Batch (kJ),Estimated Energy for 1000 Batches (kJ)
100_100_nvidia_smi_log.csv,100,100,1,100,140.60999999999999,1524.0,0.21428963999999998,0.0021428963999999997,2.1428963999999997
200_100_nvidia_smi_log.csv,200,100,1,100,166.76695652173913,2116.0,0.35287888,0.0035287888,3.5287888
200_200_nvidia_smi_log.csv,200,200,1,100,210.0094594594595,3551.0,0.7457435905405406,0.007457435905405406,7.457435905405406
300_150_nvidia_smi_log.csv,300,150,1,100,226.75888888888892,3886.0,0.8811850422222223,0.008811850422222222,8.811850422222221
300_300_nvidia_smi_log.csv,300,300,1,100,259.89671052631576,6968.0,1.8109602789473682,0.018109602789473683,18.109602789473684
400_200_nvidia_smi_log.csv,400,200,1,100,261.445223880597,6090.0,1.5922014134328355,0.015922014134328356,15.922014134328355
400_300_nvidia_smi_log.csv,400,300,1,100,276.2496842105263,8807.0,2.432930968842105,0.02432930968842105,24.32930968842105
400_400_nvidia_smi_log.csv,400,400,1,100,281.4559829059829,11363.0,3.198184333760684,0.03198184333760684,31.98184333760684
