grid_x,grid_y,grid_z,iters,batch_size,batch_id,init_time,main_time,total_time
200,200,200,60048,1,0,127929,8.92688e+06,9.05481e+06
200,200,200,60048,1,1,127845,8.92695e+06,9.05479e+06
200,200,200,60048,1,2,128698,8.92695e+06,9.05565e+06
200,200,200,60048,1,3,126071,8.92698e+06,9.05305e+06
200,200,200,60048,1,4,126394,8.92696e+06,9.05335e+06
args: -sizex=200 -sizey=200 -sizez=200 -iters=60048 -batch=5 -bsize=1
