grid_x,grid_y,grid_z,iters,batch_size,batch_id,init_time,main_time,total_time
200,200,200,60048,1,0,236609,8.92643e+06,9.16304e+06
200,200,200,60048,1,1,233405,8.92648e+06,9.15988e+06
200,200,200,60048,1,2,233146,8.92648e+06,9.15962e+06
200,200,200,60048,1,3,233139,8.92649e+06,9.15963e+06
200,200,200,60048,1,4,233177,8.92646e+06,9.15964e+06
