grid_x,grid_y,grid_z,iters,batch_size,batch_id,init_time,main_time,total_time
250,250,250,60048,1,0,285934,1.66888e+07,1.69747e+07
250,250,250,60048,1,1,254758,1.66888e+07,1.69435e+07
250,250,250,60048,1,2,248305,1.66888e+07,1.69371e+07
args: -sizex=250 -sizey=250 -sizez=250 -iters=60048 -batch=3 -bsize=1
