File,Grid Size X,Grid Size Y,Grid Size Z,Batch Size,Average Power (W),Elapsed Time (ms),Total Energy (kJ),Energy per Batch (kJ),Estimated Energy for 50 Batches (kJ)
30_30_30_hls_power_profile.csv,30,30,30,2000,52.40619349521989,139649,7.318472515413962,0.003659236257706981,0.18296181288534905
50_50_50_hls_power_profile.csv,50,50,50,2000,58.30621976429637,505996,29.502713975854906,0.014751356987927454,0.7375678493963727
100_100_100_hls_power_profile.csv,100,100,100,2000,39.04471707887554,2752664,107.47698709320586,0.053738493546602935,2.686924677330147
150_150_150_hls_power_profile.csv,150,150,150,500,39.416476138947374,2022421,79.71670908940608,0.15943341817881215,7.971670908940608
200_200_200_hls_power_profile.csv,200,200,200,500,68.75398776069507,4464069,306.9225453888983,0.6138450907777966,30.69225453888983
250_250_250_hls_power_profile.csv,250,250,250,100,45.5651232245509,1670005,76.09398361061614,0.7609398361061613,38.04699180530807
300_300_300_hls_power_profile.csv,300,300,300,100,64.12762661729498,2801521,179.65489264851087,1.7965489264851087,89.82744632425543
