grid_x,grid_y,grid_z,iters,batch_size,batch_id,init_time,main_time,total_time
100,1,1,60060,1,0,2.91405,258.5,261.414
100,1,1,60060,1,1,4.48605,255.15,259.636
100,1,1,60060,1,2,4.93085,256.35,261.281
100,1,1,60060,1,3,4.741,254,258.741
100,1,1,60060,1,4,5.8932,256.5,262.393
args: -sizex=100 -iters=60060 -batch=5 -bsize=20
