grid_x,grid_y,grid_z,iters,batch_id,batch_size,init_time,main_time,total_time
300,150,1,60000,1,100,2.61068,57684,57691.8
300,150,1,60000,2,100,2.60115,57690.2,57698.7
