grid_x,grid_y,grid_z,iters,batch_id,batch_size,init_time,main_time,total_time
400,200,1,60000,1,100,3.61919,96607.9,96617.1
400,200,1,60000,2,100,3.75986,96643,96652.5
