grid_x,grid_y,grid_z,iters,batch_size,batch_id,init_time,main_time,total_time
200,200,200,60000,1,0,205478,5.48119e+06,5.68666e+06
200,200,200,60000,1,1,207708,5.48132e+06,5.68903e+06
200,200,200,60000,1,2,226762,5.48117e+06,5.70793e+06
200,200,200,60000,1,3,224793,5.48129e+06,5.70609e+06
200,200,200,60000,1,4,221583,5.48117e+06,5.70275e+06
args: -sizex=200 -sizey=200 -sizez=200 -iters=60000 -batch=5 -bsize=1
