grid_x,grid_y,grid_z,iters,batch_id,batch_size,init_time,main_time,total_time
20000,1,1,60060,1,1,0.275365,43.6783,43.9537
20000,1,1,60060,2,1,0.258073,41.0344,41.2925
