INFO-FLOW: Workspace /home/x_thileeb/repos/ops-hls-pact25-artifact/codegen_apps/jacobian3d/vck5000_project/hls/build/hw/temp_dir/kernel_outerloop_0/kernel_outerloop_0/kernel_outerloop_0/solution opened at Sun Jul 26 01:23:53 +03 2026
Execute       send_msg_by_id INFO @200-1505@%s%s  vitis 
INFO: [HLS 200-1505] Using flow_target 'vitis'
Execute       get_config_interface -m_axi_latency 
Execute       send_msg_by_id INFO @200-435@%s%s 'open_solution -flow_target vitis' config_interface -m_axi_latency=64 
INFO: [HLS 200-435] Setting 'open_solution -flow_target vitis' configuration: config_interface -m_axi_latency=64
Execute       config_interface -m_axi_latency=64 
Execute       get_config_interface -m_axi_alignment_byte_size 
Execute       send_msg_by_id INFO @200-435@%s%s 'open_solution -flow_target vitis' config_interface -m_axi_alignment_byte_size=64 
INFO: [HLS 200-435] Setting 'open_solution -flow_target vitis' configuration: config_interface -m_axi_alignment_byte_size=64
Execute       config_interface -m_axi_alignment_byte_size=64 
Execute       get_config_interface -m_axi_max_widen_bitwidth 
Execute       send_msg_by_id INFO @200-435@%s%s 'open_solution -flow_target vitis' config_interface -m_axi_max_widen_bitwidth=512 
INFO: [HLS 200-435] Setting 'open_solution -flow_target vitis' configuration: config_interface -m_axi_max_widen_bitwidth=512
Execute       config_interface -m_axi_max_widen_bitwidth=512 
Execute       get_config_interface -default_interface 
INFO-FLOW: Setting macro_cmd open_solution -flow_target vitis configuration: config_interface -default_interface=kernel
Execute       config_interface -default_interface=kernel 
Execute       get_config_rtl -register_reset_num 
Execute       send_msg_by_id INFO @200-435@%s%s 'open_solution -flow_target vitis' config_rtl -register_reset_num=3 
INFO: [HLS 200-435] Setting 'open_solution -flow_target vitis' configuration: config_rtl -register_reset_num=3
Execute       config_rtl -register_reset_num=3 
Execute     set_part xcvc1902-vsvd1760-2MP-e-S 
INFO: [HLS 200-1510] Running: set_part xcvc1902-vsvd1760-2MP-e-S 
Execute       create_platform xcvc1902-vsvd1760-2MP-e-S -board  
DBG:HLSDevice: Trying to load device library: /tools/Xilinx/Vitis_HLS/2022.1/lib/lnx64.o/librdi_hlsvwrap.so
DBG:HLSDevice: first parts/arch.xml in RDI_DATADIR: /tools/Xilinx/Vivado/2022.1/data/parts/arch.xml
DBG:HLSDevice: init success
INFO: [HLS 200-1611] Setting target device to 'xcvc1902-vsvd1760-2MP-e-S'
Command       create_platform done; 2.62 sec.
Execute       source /tools/Xilinx/Vitis_HLS/2022.1/common/technology/xilinx/common/xilinx.gen 
Execute         source /tools/Xilinx/Vitis_HLS/2022.1/common/technology/xilinx/interface/plb46.gen 
Execute         source /tools/Xilinx/Vitis_HLS/2022.1/common/technology/xilinx/interface/axi4.gen 
Execute         source /tools/Xilinx/Vitis_HLS/2022.1/common/technology/xilinx/interface/nativeAXI4.gen 
Execute           source /tools/Xilinx/Vitis_HLS/2022.1/common/technology/xilinx/interface/saxilite.gen 
Execute         source /tools/Xilinx/Vitis_HLS/2022.1/common/technology/xilinx/scripts/xilinxcoregen.gen 
Execute         source /tools/Xilinx/Vitis_HLS/2022.1/common/technology/xilinx/interface/XilEDKCoreGen.gen 
Execute         source /tools/Xilinx/Vitis_HLS/2022.1/common/technology/xilinx/ip/dds_compiler.gen 
Execute         source /tools/Xilinx/Vitis_HLS/2022.1/common/technology/xilinx/ip/xfft.gen 
Command         ap_source done; 0.11 sec.
Execute         source /tools/Xilinx/Vitis_HLS/2022.1/common/technology/xilinx/ip/xfir.gen 
Execute         source /tools/Xilinx/Vitis_HLS/2022.1/common/technology/xilinx/ip/util.gen 
Execute         source /tools/Xilinx/Vitis_HLS/2022.1/common/technology/xilinx/DSP48/dsp48.gen 
Command       ap_source done; 0.14 sec.
Execute       ap_part_info -name xcvc1902-vsvd1760-2MP-e-S -data info 
Execute       config_compile -quiet -complex-mul-dsp=1 
Command     set_part done; 2.8 sec.
Execute     create_clock -period 299.996999MHz -name default 
INFO: [HLS 200-1510] Running: create_clock -period 299.996999MHz -name default 
Execute       ap_set_clock -name default -period 3.333 -unit ns -default=false 
INFO: [SYN 201-201] Setting up clock 'default' with a period of 3.333ns.
Execute     config_dataflow -strict_mode warning 
INFO: [HLS 200-1510] Running: config_dataflow -strict_mode warning 
Execute     config_export -deadlock_detection sim 
INFO: [HLS 200-1510] Running: config_export -deadlock_detection sim 
WARNING: [HLS 200-483] The 'config_export -deadlock_detection' command is deprecated and will be removed in a future release. Use 'config_rtl -deadlock_detection' as its replacement.
INFO: [HLS 200-1907] Replacing 'config_export -deadlock_detection=sim' with 'config_rtl -deadlock_detection=sim' in current solution file
Execute     config_interface -m_axi_conservative_mode=1 
INFO: [HLS 200-1510] Running: config_interface -m_axi_conservative_mode=1 
Execute     config_interface -m_axi_addr64 
INFO: [HLS 200-1510] Running: config_interface -m_axi_addr64 
Execute     config_interface -m_axi_auto_max_ports=0 
INFO: [HLS 200-1510] Running: config_interface -m_axi_auto_max_ports=0 
Execute     config_export -format xo -ipname kernel_outerloop_0 
INFO: [HLS 200-1510] Running: config_export -format xo -ipname kernel_outerloop_0 
INFO: [HLS 200-1907] Replacing 'config_export -deadlock_detection=sim' with 'config_rtl -deadlock_detection=sim' in current solution file
Execute     csynth_design 
INFO: [HLS 200-1510] Running: csynth_design 
Execute       get_config_compile -effort 
Execute       get_config_compile -enable_clang39 
Execute       get_config_compile -g 
Execute       get_config_compile -hw_syn 
Execute       get_config_compile -ng 
Execute       get_config_compile -opt_fp 
Execute       get_config_compile -skip_cdt 
Execute       get_config_compile -skip_syncheck 
Execute       get_config_compile -skip_transform 
Execute       get_config_compile -pre_tcl 
Execute       get_config_compile -keep_printf 
Execute       elaborate -effort=medium -skip_syncheck=0 -keep_printf=0 -skip_cdt=0 -skip_transform=0 -ng=0 -g=0 -opt_fp=0 -from_csynth_design=1 
INFO: [HLS 200-111] Finished File checks and directory preparation: CPU user time: 0.01 seconds. CPU system time: 0 seconds. Elapsed time: 0.01 seconds; current allocated memory: 1.458 GB.
INFO: [HLS 200-10] Analyzing design file '/home/x_thileeb/repos/ops-hls-pact25-artifact/codegen_apps/jacobian3d/vck5000_project/hls/device/src/kernel_outerloop_0.cpp' ... 
INFO-FLOW: Compiling one TU...
Execute         get_config_compile -pragma_strict_mode 
INFO-FLOW: Handling /home/x_thileeb/repos/ops-hls-pact25-artifact/codegen_apps/jacobian3d/vck5000_project/hls/device/src/kernel_outerloop_0.cpp as C++
Execute         ap_part_info -name xcvc1902-vsvd1760-2MP-e-S -data info 
INFO-FLOW: Running: GCC PP 39
INFO-FLOW: Source preprocessing
Execute         ap_eval exec -ignorestderr /tools/Xilinx/Vitis_HLS/2022.1/lnx64/tools/clang-3.9-csynth/bin/clang /home/x_thileeb/repos/ops-hls-pact25-artifact/codegen_apps/jacobian3d/vck5000_project/hls/device/src/kernel_outerloop_0.cpp -foptimization-record-file=/home/x_thileeb/repos/ops-hls-pact25-artifact/codegen_apps/jacobian3d/vck5000_project/hls/build/hw/temp_dir/kernel_outerloop_0/kernel_outerloop_0/kernel_outerloop_0/solution/.autopilot/db/kernel_outerloop_0.cpp.clang.diag.yml -mllvm -pass-remarks-missed=reflow|pasta|unroll -mllvm -pass-remarks=reflow|pasta|unroll|inline -fno-limit-debug-info -gcc-toolchain /tools/Xilinx/Vitis_HLS/2022.1/tps/lnx64/gcc-8.3.0 -fhls -fno-exceptions -E -I/home/x_thileeb/repos/ops-hls-pact25-artifact/OPS/ops/hls/include/device -I/home/x_thileeb/repos/ops-hls-pact25-artifact/OPS/ops/hls/L1/include -I/home/x_thileeb/repos/ops-hls-pact25-artifact/codegen_apps/jacobian3d/vck5000_project/hls/device/include -fno-math-errno -c -emit-llvm -mllvm -disable-llvm-optzns -Werror=implicit-function-declaration -Werror=implicit-hls-streams -Werror=return-type -Wpragmas -Wunused-parameter -Wdump-hls-pragmas -fno-threadsafe-statics -fno-use-cxa-atexit -std=gnu++14 -target fpga64-xilinx-linux-gnu -fno-threadsafe-statics -fno-use-cxa-atexit -D__VITIS_HLS__ -DAESL_SYN -D__SYNTHESIS__ -D__HLS_SYN__ -I /tools/Xilinx/Vitis_HLS/2022.1/common/technology/autopilot -I /tools/Xilinx/Vitis_HLS/2022.1/common/technology/autopilot/ap_sysc -include etc/autopilot_ssdm_op.h -D__DSP58_PRIMARY__ -I /usr/include/x86_64-linux-gnu -o /home/x_thileeb/repos/ops-hls-pact25-artifact/codegen_apps/jacobian3d/vck5000_project/hls/build/hw/temp_dir/kernel_outerloop_0/kernel_outerloop_0/kernel_outerloop_0/solution/.autopilot/db/kernel_outerloop_0.pp.0.cpp -hls-platform-db-name=/tools/Xilinx/Vitis_HLS/2022.1/common/technology/xilinx/common/platform.db -hls-platform-name=versal_medium -device-resource-info=BRAM_1934.000000_DSP_1968.000000_FF_1799680.000000_LUT_899840.000000_SLICE_112480.000000_URAM_463.000000 > /home/x_thileeb/repos/ops-hls-pact25-artifact/codegen_apps/jacobian3d/vck5000_project/hls/build/hw/temp_dir/kernel_outerloop_0/kernel_outerloop_0/kernel_outerloop_0/solution/.autopilot/db/kernel_outerloop_0.cpp.clang.out.log 2> /home/x_thileeb/repos/ops-hls-pact25-artifact/codegen_apps/jacobian3d/vck5000_project/hls/build/hw/temp_dir/kernel_outerloop_0/kernel_outerloop_0/kernel_outerloop_0/solution/.autopilot/db/kernel_outerloop_0.cpp.clang.err.log 
Command         ap_eval done; 0.31 sec.
INFO-FLOW: Done: GCC PP 39 time: 0.3 seconds per iteration
Execute         set_directive_top kernel_outerloop_0 -name=kernel_outerloop_0 
Execute         source /tools/Xilinx/Vitis_HLS/2022.1/tps/tcl/tcllib1.11.1/yaml/huddle.tcl 
Execute         source /tools/Xilinx/Vitis_HLS/2022.1/tps/tcl/tcllib1.11.1/yaml/json2huddle.tcl 
INFO-FLOW: Source syntax check for synthesis
Execute         ap_eval exec -ignorestderr /tools/Xilinx/Vitis_HLS/2022.1/lnx64/tools/clang-3.9-csynth/bin/clang -foptimization-record-file=/home/x_thileeb/repos/ops-hls-pact25-artifact/codegen_apps/jacobian3d/vck5000_project/hls/build/hw/temp_dir/kernel_outerloop_0/kernel_outerloop_0/kernel_outerloop_0/solution/.autopilot/db/clang.diag.yml -mllvm -pass-remarks-missed=reflow|pasta|unroll -mllvm -pass-remarks=reflow|pasta|unroll|inline -fsyntax-only -fhls -target fpga64-xilinx-linux-gnu /home/x_thileeb/repos/ops-hls-pact25-artifact/codegen_apps/jacobian3d/vck5000_project/hls/build/hw/temp_dir/kernel_outerloop_0/kernel_outerloop_0/kernel_outerloop_0/solution/.autopilot/db/kernel_outerloop_0.pp.0.cpp -hls-platform-db-name=/tools/Xilinx/Vitis_HLS/2022.1/common/technology/xilinx/common/platform.db -hls-platform-name=versal_medium -device-resource-info=BRAM_1934.000000_DSP_1968.000000_FF_1799680.000000_LUT_899840.000000_SLICE_112480.000000_URAM_463.000000 > /home/x_thileeb/repos/ops-hls-pact25-artifact/codegen_apps/jacobian3d/vck5000_project/hls/build/hw/temp_dir/kernel_outerloop_0/kernel_outerloop_0/kernel_outerloop_0/solution/.autopilot/db/clang.out.log 2> /home/x_thileeb/repos/ops-hls-pact25-artifact/codegen_apps/jacobian3d/vck5000_project/hls/build/hw/temp_dir/kernel_outerloop_0/kernel_outerloop_0/kernel_outerloop_0/solution/.autopilot/db/clang.err.log 
Command         ap_eval done; 0.79 sec.
WARNING: [HLS 207-4785] attribute 'deprecated' is ignored, place it after "struct" to apply attribute to type declaration (/home/x_thileeb/repos/ops-hls-pact25-artifact/OPS/ops/hls/L1/include/ops_hls_defs.hpp:105:16)
WARNING: [HLS 207-5546] missing argument for 'max' (/home/x_thileeb/repos/ops-hls-pact25-artifact/OPS/ops/hls/include/device/../../L1/include/ops_hls_datamover.hpp:234:9)
WARNING: [HLS 207-5546] missing argument for 'max' (/home/x_thileeb/repos/ops-hls-pact25-artifact/OPS/ops/hls/include/device/../../L1/include/ops_hls_datamover.hpp:372:9)
WARNING: [HLS 207-5546] missing argument for 'max' (/home/x_thileeb/repos/ops-hls-pact25-artifact/OPS/ops/hls/include/device/../../L1/include/ops_hls_datamover.hpp:1478:9)
WARNING: [HLS 207-5546] missing argument for 'max' (/home/x_thileeb/repos/ops-hls-pact25-artifact/OPS/ops/hls/include/device/../../L1/include/ops_hls_datamover.hpp:2092:9)
WARNING: [HLS 207-4949] logical not is only applied to the left hand side of this comparison (/home/x_thileeb/repos/ops-hls-pact25-artifact/OPS/ops/hls/include/device/../../L1/include/ops_hls_datamover.hpp:2197:80)
INFO: [HLS 207-4281] add parentheses after the '!' to evaluate the comparison first (/home/x_thileeb/repos/ops-hls-pact25-artifact/OPS/ops/hls/include/device/../../L1/include/ops_hls_datamover.hpp:2197:80)
INFO: [HLS 207-4282] add parentheses around left hand side expression to silence this warning (/home/x_thileeb/repos/ops-hls-pact25-artifact/OPS/ops/hls/include/device/../../L1/include/ops_hls_datamover.hpp:2197:80)
WARNING: [HLS 207-4949] logical not is only applied to the left hand side of this comparison (/home/x_thileeb/repos/ops-hls-pact25-artifact/OPS/ops/hls/include/device/../../L1/include/ops_hls_datamover.hpp:2468:80)
INFO: [HLS 207-4281] add parentheses after the '!' to evaluate the comparison first (/home/x_thileeb/repos/ops-hls-pact25-artifact/OPS/ops/hls/include/device/../../L1/include/ops_hls_datamover.hpp:2468:80)
INFO: [HLS 207-4282] add parentheses around left hand side expression to silence this warning (/home/x_thileeb/repos/ops-hls-pact25-artifact/OPS/ops/hls/include/device/../../L1/include/ops_hls_datamover.hpp:2468:80)
Execute         clang_tidy xilinx-systemc-detector -desc systemc-detector /home/x_thileeb/repos/ops-hls-pact25-artifact/codegen_apps/jacobian3d/vck5000_project/hls/build/hw/temp_dir/kernel_outerloop_0/kernel_outerloop_0/kernel_outerloop_0/solution/.autopilot/db/kernel_outerloop_0.pp.0.cpp std=gnu++14 -target fpga  -directive=/home/x_thileeb/repos/ops-hls-pact25-artifact/codegen_apps/jacobian3d/vck5000_project/hls/build/hw/temp_dir/kernel_outerloop_0/kernel_outerloop_0/kernel_outerloop_0/solution/.autopilot/db/.systemc_flag 
INFO-FLOW: exec /tools/Xilinx/Vitis_HLS/2022.1/lnx64/tools/clang-3.9-csynth/bin/clang-tidy -header-filter=.* --checks=-*,xilinx-systemc-detector -import-directive=/home/x_thileeb/repos/ops-hls-pact25-artifact/codegen_apps/jacobian3d/vck5000_project/hls/build/hw/temp_dir/kernel_outerloop_0/kernel_outerloop_0/kernel_outerloop_0/solution/.autopilot/db/.systemc_flag -fix-errors /home/x_thileeb/repos/ops-hls-pact25-artifact/codegen_apps/jacobian3d/vck5000_project/hls/build/hw/temp_dir/kernel_outerloop_0/kernel_outerloop_0/kernel_outerloop_0/solution/.autopilot/db/kernel_outerloop_0.pp.0.cpp -- -std=gnu++14 -target fpga -fhls -ferror-limit=0
Command         clang_tidy done; 0.6 sec.
INFO-FLOW: Running: clang-tidy CDT preprocess 39
Execute         clang_tidy xilinx-directive2pragma -desc directive2pragma /home/x_thileeb/repos/ops-hls-pact25-artifact/codegen_apps/jacobian3d/vck5000_project/hls/build/hw/temp_dir/kernel_outerloop_0/kernel_outerloop_0/kernel_outerloop_0/solution/.autopilot/db/kernel_outerloop_0.pp.0.cpp std=gnu++14 -target fpga  -directive=/home/x_thileeb/repos/ops-hls-pact25-artifact/codegen_apps/jacobian3d/vck5000_project/hls/build/hw/temp_dir/kernel_outerloop_0/kernel_outerloop_0/kernel_outerloop_0/solution/.autopilot/db/all.directive.json 
INFO-FLOW: exec /tools/Xilinx/Vitis_HLS/2022.1/lnx64/tools/clang-3.9-csynth/bin/clang-tidy -header-filter=.* --checks=-*,xilinx-directive2pragma -import-directive=/home/x_thileeb/repos/ops-hls-pact25-artifact/codegen_apps/jacobian3d/vck5000_project/hls/build/hw/temp_dir/kernel_outerloop_0/kernel_outerloop_0/kernel_outerloop_0/solution/.autopilot/db/all.directive.json -fix-errors /home/x_thileeb/repos/ops-hls-pact25-artifact/codegen_apps/jacobian3d/vck5000_project/hls/build/hw/temp_dir/kernel_outerloop_0/kernel_outerloop_0/kernel_outerloop_0/solution/.autopilot/db/kernel_outerloop_0.pp.0.cpp -- -std=gnu++14 -target fpga -fhls -ferror-limit=0
Command         clang_tidy done; 0.94 sec.
Execute         clang_tidy xilinx-remove-assert -desc remove-assert /home/x_thileeb/repos/ops-hls-pact25-artifact/codegen_apps/jacobian3d/vck5000_project/hls/build/hw/temp_dir/kernel_outerloop_0/kernel_outerloop_0/kernel_outerloop_0/solution/.autopilot/db/kernel_outerloop_0.pp.0.cpp std=gnu++14 -target fpga  
INFO-FLOW: exec /tools/Xilinx/Vitis_HLS/2022.1/lnx64/tools/clang-3.9-csynth/bin/clang-tidy -header-filter=.* --checks=-*,xilinx-remove-assert -fix-errors /home/x_thileeb/repos/ops-hls-pact25-artifact/codegen_apps/jacobian3d/vck5000_project/hls/build/hw/temp_dir/kernel_outerloop_0/kernel_outerloop_0/kernel_outerloop_0/solution/.autopilot/db/kernel_outerloop_0.pp.0.cpp -- -std=gnu++14 -target fpga -fhls -ferror-limit=0
Command         clang_tidy done; 0.6 sec.
INFO-FLOW: Done: clang-tidy CDT preprocess 39 time: 1.5 seconds per iteration
INFO-FLOW: Calling xilinx-label-all-loops ... 
INFO-FLOW: Calling xilinx-aggregate-on-hls-vector ... 
Execute         clang_tidy -errorcheck -desc loop-label xilinx-label-all-loops,xilinx-aggregate-on-hls-vector,,xilinx-warn-mayneed-no-ctor-attribute /home/x_thileeb/repos/ops-hls-pact25-artifact/codegen_apps/jacobian3d/vck5000_project/hls/build/hw/temp_dir/kernel_outerloop_0/kernel_outerloop_0/kernel_outerloop_0/solution/.autopilot/db/kernel_outerloop_0.pp.0.cpp std=gnu++14 -target fpga  
Execute           ap_eval exec -ignorestderr /tools/Xilinx/Vitis_HLS/2022.1/lnx64/tools/clang-3.9-csynth/bin/clang-tidy -export-fixes=/home/x_thileeb/repos/ops-hls-pact25-artifact/codegen_apps/jacobian3d/vck5000_project/hls/build/hw/temp_dir/kernel_outerloop_0/kernel_outerloop_0/kernel_outerloop_0/solution/.autopilot/db/kernel_outerloop_0.pp.0.cpp.clang-tidy.loop-label.diag.yml -header-filter=.* --checks=-*,xilinx-label-all-loops,xilinx-aggregate-on-hls-vector,,xilinx-warn-mayneed-no-ctor-attribute -fix-errors /home/x_thileeb/repos/ops-hls-pact25-artifact/codegen_apps/jacobian3d/vck5000_project/hls/build/hw/temp_dir/kernel_outerloop_0/kernel_outerloop_0/kernel_outerloop_0/solution/.autopilot/db/kernel_outerloop_0.pp.0.cpp -- -std=gnu++14 -target fpga -fhls -ferror-limit=0 > /home/x_thileeb/repos/ops-hls-pact25-artifact/codegen_apps/jacobian3d/vck5000_project/hls/build/hw/temp_dir/kernel_outerloop_0/kernel_outerloop_0/kernel_outerloop_0/solution/.autopilot/db/kernel_outerloop_0.pp.0.cpp.clang-tidy.loop-label.out.log 2> /home/x_thileeb/repos/ops-hls-pact25-artifact/codegen_apps/jacobian3d/vck5000_project/hls/build/hw/temp_dir/kernel_outerloop_0/kernel_outerloop_0/kernel_outerloop_0/solution/.autopilot/db/kernel_outerloop_0.pp.0.cpp.clang-tidy.loop-label.err.log 
Command           ap_eval done; 1.56 sec.
Execute           source /tools/Xilinx/Vitis_HLS/2022.1/tps/tcl/tcllib1.11.1/yaml/yaml.tcl 
Command         clang_tidy done; 1.86 sec.
Execute         get_config_dataflow -strict_mode 
Execute         ap_eval exec -ignorestderr /tools/Xilinx/Vitis_HLS/2022.1/lnx64/tools/clang-3.9-csynth/bin/xilinx-dataflow-lawyer -export-fixes=/home/x_thileeb/repos/ops-hls-pact25-artifact/codegen_apps/jacobian3d/vck5000_project/hls/build/hw/temp_dir/kernel_outerloop_0/kernel_outerloop_0/kernel_outerloop_0/solution/.autopilot/db/kernel_outerloop_0.pp.0.cpp.xilinx-dataflow-lawyer.diag.yml /home/x_thileeb/repos/ops-hls-pact25-artifact/codegen_apps/jacobian3d/vck5000_project/hls/build/hw/temp_dir/kernel_outerloop_0/kernel_outerloop_0/kernel_outerloop_0/solution/.autopilot/db/kernel_outerloop_0.pp.0.cpp -- -std=gnu++14 -target fpga -fhls -ferror-limit=0 -fstrict-dataflow > /home/x_thileeb/repos/ops-hls-pact25-artifact/codegen_apps/jacobian3d/vck5000_project/hls/build/hw/temp_dir/kernel_outerloop_0/kernel_outerloop_0/kernel_outerloop_0/solution/.autopilot/db/kernel_outerloop_0.pp.0.cpp.xilinx-dataflow-lawyer.out.log 2> /home/x_thileeb/repos/ops-hls-pact25-artifact/codegen_apps/jacobian3d/vck5000_project/hls/build/hw/temp_dir/kernel_outerloop_0/kernel_outerloop_0/kernel_outerloop_0/solution/.autopilot/db/kernel_outerloop_0.pp.0.cpp.xilinx-dataflow-lawyer.err.log 
Command         ap_eval done; 0.62 sec.
Execute         ap_part_info -name xcvc1902-vsvd1760-2MP-e-S -data info 
INFO-FLOW: compiling source code to llvm bc
Execute         ap_eval exec -ignorestderr /tools/Xilinx/Vitis_HLS/2022.1/lnx64/tools/clang-3.9-csynth/bin/clang -foptimization-record-file=/home/x_thileeb/repos/ops-hls-pact25-artifact/codegen_apps/jacobian3d/vck5000_project/hls/build/hw/temp_dir/kernel_outerloop_0/kernel_outerloop_0/kernel_outerloop_0/solution/.autopilot/db/kernel_outerloop_0.pp.0.cpp.clang.diag.yml -mllvm -pass-remarks-missed=reflow|pasta|unroll -mllvm -pass-remarks=reflow|pasta|unroll|inline -fno-limit-debug-info -fhls -flto -fno-exceptions -Wno-error=c++11-narrowing /home/x_thileeb/repos/ops-hls-pact25-artifact/codegen_apps/jacobian3d/vck5000_project/hls/build/hw/temp_dir/kernel_outerloop_0/kernel_outerloop_0/kernel_outerloop_0/solution/.autopilot/db/kernel_outerloop_0.pp.0.cpp -I/home/x_thileeb/repos/ops-hls-pact25-artifact/OPS/ops/hls/include/device -I/home/x_thileeb/repos/ops-hls-pact25-artifact/OPS/ops/hls/L1/include -I/home/x_thileeb/repos/ops-hls-pact25-artifact/codegen_apps/jacobian3d/vck5000_project/hls/device/include -fno-math-errno -c -emit-llvm -mllvm -disable-llvm-optzns -Werror=implicit-function-declaration -Werror=implicit-hls-streams -Werror=return-type -Wpragmas -Wunused-parameter -Wdump-hls-pragmas -fno-threadsafe-statics -fno-use-cxa-atexit -std=gnu++14 -target fpga64-xilinx-linux-gnu -D__VITIS_HLS__ -DAESL_SYN -D__SYNTHESIS__ -D__HLS_SYN__ -I /tools/Xilinx/Vitis_HLS/2022.1/common/technology/autopilot -I /tools/Xilinx/Vitis_HLS/2022.1/common/technology/autopilot/ap_sysc -include etc/autopilot_ssdm_op.h -D__DSP58_PRIMARY__ -g -o /home/x_thileeb/repos/ops-hls-pact25-artifact/codegen_apps/jacobian3d/vck5000_project/hls/build/hw/temp_dir/kernel_outerloop_0/kernel_outerloop_0/kernel_outerloop_0/solution/.autopilot/db/kernel_outerloop_0.bc -hls-platform-db-name=/tools/Xilinx/Vitis_HLS/2022.1/common/technology/xilinx/common/platform.db -hls-platform-name=versal_medium -device-resource-info=BRAM_1934.000000_DSP_1968.000000_FF_1799680.000000_LUT_899840.000000_SLICE_112480.000000_URAM_463.000000 > /home/x_thileeb/repos/ops-hls-pact25-artifact/codegen_apps/jacobian3d/vck5000_project/hls/build/hw/temp_dir/kernel_outerloop_0/kernel_outerloop_0/kernel_outerloop_0/solution/.autopilot/db/kernel_outerloop_0.pp.0.cpp.clang.out.log 2> /home/x_thileeb/repos/ops-hls-pact25-artifact/codegen_apps/jacobian3d/vck5000_project/hls/build/hw/temp_dir/kernel_outerloop_0/kernel_outerloop_0/kernel_outerloop_0/solution/.autopilot/db/kernel_outerloop_0.pp.0.cpp.clang.err.log 
Command         ap_eval done; 0.68 sec.
WARNING: [HLS 207-5292] unused parameter 'size' (/home/x_thileeb/repos/ops-hls-pact25-artifact/OPS/ops/hls/include/device/../../L1/include/ops_hls_datamover.hpp:189:20)
WARNING: [HLS 207-5292] unused parameter 'size' (/home/x_thileeb/repos/ops-hls-pact25-artifact/OPS/ops/hls/include/device/../../L1/include/ops_hls_datamover.hpp:326:20)
INFO: [HLS 200-111] Finished Source Code Analysis and Preprocessing: CPU user time: 6.05 seconds. CPU system time: 1.35 seconds. Elapsed time: 6.76 seconds; current allocated memory: 465.250 MB.
INFO-FLOW: Linking Debug ...
INFO-FLOW: Linking dut bc code.
Execute         run_link_or_opt -out /home/x_thileeb/repos/ops-hls-pact25-artifact/codegen_apps/jacobian3d/vck5000_project/hls/build/hw/temp_dir/kernel_outerloop_0/kernel_outerloop_0/kernel_outerloop_0/solution/.autopilot/db/a.g.ld.0.bc -args  "/home/x_thileeb/repos/ops-hls-pact25-artifact/codegen_apps/jacobian3d/vck5000_project/hls/build/hw/temp_dir/kernel_outerloop_0/kernel_outerloop_0/kernel_outerloop_0/solution/.autopilot/db/kernel_outerloop_0.g.bc"  
Execute           ap_eval exec -ignorestderr /tools/Xilinx/Vitis_HLS/2022.1/lnx64/tools/clang-3.9-csynth/bin/llvm-link /home/x_thileeb/repos/ops-hls-pact25-artifact/codegen_apps/jacobian3d/vck5000_project/hls/build/hw/temp_dir/kernel_outerloop_0/kernel_outerloop_0/kernel_outerloop_0/solution/.autopilot/db/kernel_outerloop_0.g.bc -o /home/x_thileeb/repos/ops-hls-pact25-artifact/codegen_apps/jacobian3d/vck5000_project/hls/build/hw/temp_dir/kernel_outerloop_0/kernel_outerloop_0/kernel_outerloop_0/solution/.autopilot/db/a.g.ld.0.bc > /home/x_thileeb/repos/ops-hls-pact25-artifact/codegen_apps/jacobian3d/vck5000_project/hls/build/hw/temp_dir/kernel_outerloop_0/kernel_outerloop_0/kernel_outerloop_0/solution/.autopilot/db/a.g.ld.0.bc.llvm-link.out.log 2> /home/x_thileeb/repos/ops-hls-pact25-artifact/codegen_apps/jacobian3d/vck5000_project/hls/build/hw/temp_dir/kernel_outerloop_0/kernel_outerloop_0/kernel_outerloop_0/solution/.autopilot/db/a.g.ld.0.bc.llvm-link.err.log 
INFO-FLOW: 
Execute         run_link_or_opt -opt -out /home/x_thileeb/repos/ops-hls-pact25-artifact/codegen_apps/jacobian3d/vck5000_project/hls/build/hw/temp_dir/kernel_outerloop_0/kernel_outerloop_0/kernel_outerloop_0/solution/.autopilot/db/a.g.ld.1.lower.bc -args /home/x_thileeb/repos/ops-hls-pact25-artifact/codegen_apps/jacobian3d/vck5000_project/hls/build/hw/temp_dir/kernel_outerloop_0/kernel_outerloop_0/kernel_outerloop_0/solution/.autopilot/db/a.g.ld.0.bc -reflow-lower-math-intrinsics 
Execute           ap_eval exec -ignorestderr /tools/Xilinx/Vitis_HLS/2022.1/lnx64/tools/clang-3.9-csynth/bin/opt -pass-remarks-missed=reflow|pasta|unroll -pass-remarks=reflow|pasta|unroll|inline -pass-remarks-output=/home/x_thileeb/repos/ops-hls-pact25-artifact/codegen_apps/jacobian3d/vck5000_project/hls/build/hw/temp_dir/kernel_outerloop_0/kernel_outerloop_0/kernel_outerloop_0/solution/.autopilot/db/a.g.ld.1.lower.bc.opt.diag.yml /home/x_thileeb/repos/ops-hls-pact25-artifact/codegen_apps/jacobian3d/vck5000_project/hls/build/hw/temp_dir/kernel_outerloop_0/kernel_outerloop_0/kernel_outerloop_0/solution/.autopilot/db/a.g.ld.0.bc -reflow-lower-math-intrinsics -o /home/x_thileeb/repos/ops-hls-pact25-artifact/codegen_apps/jacobian3d/vck5000_project/hls/build/hw/temp_dir/kernel_outerloop_0/kernel_outerloop_0/kernel_outerloop_0/solution/.autopilot/db/a.g.ld.1.lower.bc > /home/x_thileeb/repos/ops-hls-pact25-artifact/codegen_apps/jacobian3d/vck5000_project/hls/build/hw/temp_dir/kernel_outerloop_0/kernel_outerloop_0/kernel_outerloop_0/solution/.autopilot/db/a.g.ld.1.lower.bc.opt.out.log 2> /home/x_thileeb/repos/ops-hls-pact25-artifact/codegen_apps/jacobian3d/vck5000_project/hls/build/hw/temp_dir/kernel_outerloop_0/kernel_outerloop_0/kernel_outerloop_0/solution/.autopilot/db/a.g.ld.1.lower.bc.opt.err.log 
INFO-FLOW: 
INFO-FLOW: Linking math bc lib
Execute         run_link_or_opt -out /home/x_thileeb/repos/ops-hls-pact25-artifact/codegen_apps/jacobian3d/vck5000_project/hls/build/hw/temp_dir/kernel_outerloop_0/kernel_outerloop_0/kernel_outerloop_0/solution/.autopilot/db/a.g.ld.2.m1.bc -args /home/x_thileeb/repos/ops-hls-pact25-artifact/codegen_apps/jacobian3d/vck5000_project/hls/build/hw/temp_dir/kernel_outerloop_0/kernel_outerloop_0/kernel_outerloop_0/solution/.autopilot/db/a.g.ld.1.lower.bc -only-needed /tools/Xilinx/Vitis_HLS/2022.1/lnx64/lib/libhlsm_39.bc /tools/Xilinx/Vitis_HLS/2022.1/lnx64/lib/libhlsmc++_39.bc 
Execute           ap_eval exec -ignorestderr /tools/Xilinx/Vitis_HLS/2022.1/lnx64/tools/clang-3.9-csynth/bin/llvm-link /home/x_thileeb/repos/ops-hls-pact25-artifact/codegen_apps/jacobian3d/vck5000_project/hls/build/hw/temp_dir/kernel_outerloop_0/kernel_outerloop_0/kernel_outerloop_0/solution/.autopilot/db/a.g.ld.1.lower.bc -only-needed /tools/Xilinx/Vitis_HLS/2022.1/lnx64/lib/libhlsm_39.bc /tools/Xilinx/Vitis_HLS/2022.1/lnx64/lib/libhlsmc++_39.bc -o /home/x_thileeb/repos/ops-hls-pact25-artifact/codegen_apps/jacobian3d/vck5000_project/hls/build/hw/temp_dir/kernel_outerloop_0/kernel_outerloop_0/kernel_outerloop_0/solution/.autopilot/db/a.g.ld.2.m1.bc > /home/x_thileeb/repos/ops-hls-pact25-artifact/codegen_apps/jacobian3d/vck5000_project/hls/build/hw/temp_dir/kernel_outerloop_0/kernel_outerloop_0/kernel_outerloop_0/solution/.autopilot/db/a.g.ld.2.m1.bc.llvm-link.out.log 2> /home/x_thileeb/repos/ops-hls-pact25-artifact/codegen_apps/jacobian3d/vck5000_project/hls/build/hw/temp_dir/kernel_outerloop_0/kernel_outerloop_0/kernel_outerloop_0/solution/.autopilot/db/a.g.ld.2.m1.bc.llvm-link.err.log 
Command           ap_eval done; 2.93 sec.
INFO-FLOW: 
Command         run_link_or_opt done; 2.94 sec.
Execute         run_link_or_opt -opt -out /home/x_thileeb/repos/ops-hls-pact25-artifact/codegen_apps/jacobian3d/vck5000_project/hls/build/hw/temp_dir/kernel_outerloop_0/kernel_outerloop_0/kernel_outerloop_0/solution/.autopilot/db/a.g.ld.3.fpc.bc -args /home/x_thileeb/repos/ops-hls-pact25-artifact/codegen_apps/jacobian3d/vck5000_project/hls/build/hw/temp_dir/kernel_outerloop_0/kernel_outerloop_0/kernel_outerloop_0/solution/.autopilot/db/a.g.ld.2.m1.bc -reflow-globaldce -hls-top-function-name=kernel_outerloop_0 -reflow-float-conversion 
Execute           ap_eval exec -ignorestderr /tools/Xilinx/Vitis_HLS/2022.1/lnx64/tools/clang-3.9-csynth/bin/opt -pass-remarks-missed=reflow|pasta|unroll -pass-remarks=reflow|pasta|unroll|inline -pass-remarks-output=/home/x_thileeb/repos/ops-hls-pact25-artifact/codegen_apps/jacobian3d/vck5000_project/hls/build/hw/temp_dir/kernel_outerloop_0/kernel_outerloop_0/kernel_outerloop_0/solution/.autopilot/db/a.g.ld.3.fpc.bc.opt.diag.yml /home/x_thileeb/repos/ops-hls-pact25-artifact/codegen_apps/jacobian3d/vck5000_project/hls/build/hw/temp_dir/kernel_outerloop_0/kernel_outerloop_0/kernel_outerloop_0/solution/.autopilot/db/a.g.ld.2.m1.bc -reflow-globaldce -hls-top-function-name=kernel_outerloop_0 -reflow-float-conversion -o /home/x_thileeb/repos/ops-hls-pact25-artifact/codegen_apps/jacobian3d/vck5000_project/hls/build/hw/temp_dir/kernel_outerloop_0/kernel_outerloop_0/kernel_outerloop_0/solution/.autopilot/db/a.g.ld.3.fpc.bc > /home/x_thileeb/repos/ops-hls-pact25-artifact/codegen_apps/jacobian3d/vck5000_project/hls/build/hw/temp_dir/kernel_outerloop_0/kernel_outerloop_0/kernel_outerloop_0/solution/.autopilot/db/a.g.ld.3.fpc.bc.opt.out.log 2> /home/x_thileeb/repos/ops-hls-pact25-artifact/codegen_apps/jacobian3d/vck5000_project/hls/build/hw/temp_dir/kernel_outerloop_0/kernel_outerloop_0/kernel_outerloop_0/solution/.autopilot/db/a.g.ld.3.fpc.bc.opt.err.log 
Command           ap_eval done; 1.13 sec.
INFO-FLOW: 
Command         run_link_or_opt done; 1.14 sec.
Execute         run_link_or_opt -out /home/x_thileeb/repos/ops-hls-pact25-artifact/codegen_apps/jacobian3d/vck5000_project/hls/build/hw/temp_dir/kernel_outerloop_0/kernel_outerloop_0/kernel_outerloop_0/solution/.autopilot/db/a.g.ld.4.m2.bc -args /home/x_thileeb/repos/ops-hls-pact25-artifact/codegen_apps/jacobian3d/vck5000_project/hls/build/hw/temp_dir/kernel_outerloop_0/kernel_outerloop_0/kernel_outerloop_0/solution/.autopilot/db/a.g.ld.3.fpc.bc -only-needed /tools/Xilinx/Vitis_HLS/2022.1/lnx64/lib/libfloatconversion_39.bc 
Execute           ap_eval exec -ignorestderr /tools/Xilinx/Vitis_HLS/2022.1/lnx64/tools/clang-3.9-csynth/bin/llvm-link /home/x_thileeb/repos/ops-hls-pact25-artifact/codegen_apps/jacobian3d/vck5000_project/hls/build/hw/temp_dir/kernel_outerloop_0/kernel_outerloop_0/kernel_outerloop_0/solution/.autopilot/db/a.g.ld.3.fpc.bc -only-needed /tools/Xilinx/Vitis_HLS/2022.1/lnx64/lib/libfloatconversion_39.bc -o /home/x_thileeb/repos/ops-hls-pact25-artifact/codegen_apps/jacobian3d/vck5000_project/hls/build/hw/temp_dir/kernel_outerloop_0/kernel_outerloop_0/kernel_outerloop_0/solution/.autopilot/db/a.g.ld.4.m2.bc > /home/x_thileeb/repos/ops-hls-pact25-artifact/codegen_apps/jacobian3d/vck5000_project/hls/build/hw/temp_dir/kernel_outerloop_0/kernel_outerloop_0/kernel_outerloop_0/solution/.autopilot/db/a.g.ld.4.m2.bc.llvm-link.out.log 2> /home/x_thileeb/repos/ops-hls-pact25-artifact/codegen_apps/jacobian3d/vck5000_project/hls/build/hw/temp_dir/kernel_outerloop_0/kernel_outerloop_0/kernel_outerloop_0/solution/.autopilot/db/a.g.ld.4.m2.bc.llvm-link.err.log 
Command           ap_eval done; 0.12 sec.
INFO-FLOW: 
Command         run_link_or_opt done; 0.12 sec.
Execute         run_link_or_opt -opt -out /home/x_thileeb/repos/ops-hls-pact25-artifact/codegen_apps/jacobian3d/vck5000_project/hls/build/hw/temp_dir/kernel_outerloop_0/kernel_outerloop_0/kernel_outerloop_0/solution/.autopilot/db/a.g.ld.5.gdce.bc -args /home/x_thileeb/repos/ops-hls-pact25-artifact/codegen_apps/jacobian3d/vck5000_project/hls/build/hw/temp_dir/kernel_outerloop_0/kernel_outerloop_0/kernel_outerloop_0/solution/.autopilot/db/a.g.ld.4.m2.bc -reflow-globaldce -hls-top-function-name=kernel_outerloop_0 
Execute           ap_eval exec -ignorestderr /tools/Xilinx/Vitis_HLS/2022.1/lnx64/tools/clang-3.9-csynth/bin/opt -pass-remarks-missed=reflow|pasta|unroll -pass-remarks=reflow|pasta|unroll|inline -pass-remarks-output=/home/x_thileeb/repos/ops-hls-pact25-artifact/codegen_apps/jacobian3d/vck5000_project/hls/build/hw/temp_dir/kernel_outerloop_0/kernel_outerloop_0/kernel_outerloop_0/solution/.autopilot/db/a.g.ld.5.gdce.bc.opt.diag.yml /home/x_thileeb/repos/ops-hls-pact25-artifact/codegen_apps/jacobian3d/vck5000_project/hls/build/hw/temp_dir/kernel_outerloop_0/kernel_outerloop_0/kernel_outerloop_0/solution/.autopilot/db/a.g.ld.4.m2.bc -reflow-globaldce -hls-top-function-name=kernel_outerloop_0 -o /home/x_thileeb/repos/ops-hls-pact25-artifact/codegen_apps/jacobian3d/vck5000_project/hls/build/hw/temp_dir/kernel_outerloop_0/kernel_outerloop_0/kernel_outerloop_0/solution/.autopilot/db/a.g.ld.5.gdce.bc > /home/x_thileeb/repos/ops-hls-pact25-artifact/codegen_apps/jacobian3d/vck5000_project/hls/build/hw/temp_dir/kernel_outerloop_0/kernel_outerloop_0/kernel_outerloop_0/solution/.autopilot/db/a.g.ld.5.gdce.bc.opt.out.log 2> /home/x_thileeb/repos/ops-hls-pact25-artifact/codegen_apps/jacobian3d/vck5000_project/hls/build/hw/temp_dir/kernel_outerloop_0/kernel_outerloop_0/kernel_outerloop_0/solution/.autopilot/db/a.g.ld.5.gdce.bc.opt.err.log 
Command           ap_eval done; 0.15 sec.
INFO-FLOW: 
Command         run_link_or_opt done; 0.15 sec.
Execute         get_solution -flow_target 
Execute         get_config_rtl -module_prefix 
Execute         get_config_interface -default_slave_interface 
Execute         get_solution -flow_target 
Execute         get_config_interface -m_axi_offset 
Execute         get_config_interface -m_axi_latency 
Execute         get_config_interface -m_axi_alignment_byte_size 
Execute         get_config_interface -m_axi_min_bitwidth 
Execute         get_config_interface -m_axi_max_bitwidth 
Execute         get_config_interface -m_axi_max_widen_bitwidth 
Execute         get_config_interface -m_axi_num_read_outstanding 
Execute         get_config_interface -m_axi_num_write_outstanding 
Execute         get_config_interface -m_axi_max_read_burst_length 
Execute         get_config_interface -m_axi_max_write_burst_length 
Execute         get_config_interface -m_axi_min_bitwidth 
Execute         get_config_interface -m_axi_max_bitwidth 
Execute         get_config_interface -m_axi_latency 
Execute         get_config_interface -m_axi_min_bitwidth 
Execute         get_config_interface -m_axi_max_bitwidth 
Execute         get_config_interface -m_axi_max_widen_bitwidth 
Execute         get_config_interface -m_axi_auto_max_ports 
Execute         get_config_interface -m_axi_num_read_outstanding 
Execute         get_config_interface -m_axi_num_write_outstanding 
Execute         get_config_interface -m_axi_max_read_burst_length 
Execute         get_config_interface -m_axi_max_write_burst_length 
Execute         get_config_interface -s_axilite_data64 
Execute         get_config_compile -instruction_warning_threshold 
Execute         get_config_compile -pipeline_loops 
Execute         get_config_interface -m_axi_alignment_byte_size 
Execute         get_config_compile -pragma_strict_mode 
Execute         get_config_compile -pipeline_style 
Execute         get_config_dataflow -strict_mode 
Execute         get_config_array_partition -throughput_driven 
Execute         send_msg_by_id INFO @200-777@%s Vitis 
INFO: [HLS 200-777] Using interface defaults for 'Vitis' flow target.
Execute         is_m_axi_addr64 
Execute         get_clock_period -ns -default 
INFO-FLOW: Doing LTO.
Execute         ap_eval exec -ignorestderr /tools/Xilinx/Vitis_HLS/2022.1/lnx64/tools/clang-3.9-csynth/bin/clang -foptimization-record-file=/home/x_thileeb/repos/ops-hls-pact25-artifact/codegen_apps/jacobian3d/vck5000_project/hls/build/hw/temp_dir/kernel_outerloop_0/kernel_outerloop_0/kernel_outerloop_0/solution/.autopilot/db/a.g.ld.0.bc.clang.diag.yml -mllvm -pass-remarks-missed=reflow|pasta|unroll -mllvm -pass-remarks=reflow|pasta|unroll|inline -fhls -mllvm -hls-top-function-name=kernel_outerloop_0 -mllvm -hls-db-dir -mllvm /home/x_thileeb/repos/ops-hls-pact25-artifact/codegen_apps/jacobian3d/vck5000_project/hls/build/hw/temp_dir/kernel_outerloop_0/kernel_outerloop_0/kernel_outerloop_0/solution/.autopilot/db -emit-llvm -c -target fpga64-xilinx-none -mllvm -xcl-xmlinfo=/home/x_thileeb/repos/ops-hls-pact25-artifact/codegen_apps/jacobian3d/vck5000_project/hls/build/hw/temp_dir/kernel_outerloop_0/kernel_outerloop_0/kernel_outerloop_0/solution/.autopilot/db/../../../kernel.xml -mllvm -top-io-mapping-info=/home/x_thileeb/repos/ops-hls-pact25-artifact/codegen_apps/jacobian3d/vck5000_project/hls/build/hw/temp_dir/kernel_outerloop_0/kernel_outerloop_0/kernel_outerloop_0/solution/.autopilot/db/top-io-fe.xml -mllvm -hls-bitcode-version=3.1 -mllvm -reflow-enable-slave-interface-default-setting=true -mllvm -gen-kernel-xml=true -mllvm -default-maxi-offset=slave -mllvm -maxi-latency=64 -mllvm -hls-maxi-data-size-in-bits=8 -mllvm -hls-maxi-max-data-size-in-bits=1024 -mllvm -hls-max-widen-size-in-bits=512 -mllvm -xcl-kernel-max-mem-ports=0 -mllvm -maxi-read-trans=16 -mllvm -maxi-write-trans=16 -mllvm -maxi-read-burst-len=16 -mllvm -maxi-write-burst-len=16 -mllvm -reflow-enable-saxi-64bits=0 -mllvm -reflow-basic-block-instr-threshold=200000 -mllvm -reflow-auto-pipeline-threshold=64 -mllvm -assume-maxi-align=64 -mllvm -no-unaligned-maxi-accesses=false -mllvm -reflow-pipeline-style-llvm-setting=2 -mllvm -reflow-enable-dataflow-strict-mode-checking=1 -mllvm -reflow-auto-array-partition-mode=default -mllvm -reflow-enable-auto-array-partition=true -mllvm -reflow-enable-auto-parallel-performance-driven=true -mllvm -reflow-enable-partition-for-automation=true -mllvm -reflow-aggregate-bitwidth-threshold=4096 -mllvm -hls -mllvm -disable-inlined-alloca-merging=true -mllvm -enable-reflow-vitis-flow-setting=true -x ir /home/x_thileeb/repos/ops-hls-pact25-artifact/codegen_apps/jacobian3d/vck5000_project/hls/build/hw/temp_dir/kernel_outerloop_0/kernel_outerloop_0/kernel_outerloop_0/solution/.autopilot/db/a.g.ld.5.gdce.bc -o /home/x_thileeb/repos/ops-hls-pact25-artifact/codegen_apps/jacobian3d/vck5000_project/hls/build/hw/temp_dir/kernel_outerloop_0/kernel_outerloop_0/kernel_outerloop_0/solution/.autopilot/db/a.g.lto.bc -hls-platform-db-name=/tools/Xilinx/Vitis_HLS/2022.1/common/technology/xilinx/common/platform.db -hls-platform-name=versal_medium -device-resource-info=BRAM_1934.000000_DSP_1968.000000_FF_1799680.000000_LUT_899840.000000_SLICE_112480.000000_URAM_463.000000 > /home/x_thileeb/repos/ops-hls-pact25-artifact/codegen_apps/jacobian3d/vck5000_project/hls/build/hw/temp_dir/kernel_outerloop_0/kernel_outerloop_0/kernel_outerloop_0/solution/.autopilot/db/a.g.ld.0.bc.clang.out.log 2> /home/x_thileeb/repos/ops-hls-pact25-artifact/codegen_apps/jacobian3d/vck5000_project/hls/build/hw/temp_dir/kernel_outerloop_0/kernel_outerloop_0/kernel_outerloop_0/solution/.autopilot/db/a.g.ld.0.bc.clang.err.log 
Command         ap_eval done; 1.83 sec.
WARNING: [HLS 214-273] In function 'kernel_outerloop_0_dataflow_region_cascaded(unsigned short const&, ops::hls::StencilConfigCore const&, hls::stream<ap_uint<256>, 0>*)', Pragma conflict happens on 'INLINE' and DATAFLOW pragmas: Inline into dataflow region may break the canonical form (/home/x_thileeb/repos/ops-hls-pact25-artifact/codegen_apps/jacobian3d/vck5000_project/hls/device/src/kernel_outerloop_0.cpp:24:0)
INFO: [HLS 214-131] Inlining function 'kernel_outerloop_0_dataflow_region_cascaded(unsigned short const&, ops::hls::StencilConfigCore const&, hls::stream<ap_uint<256>, 0>*)' into 'kernel_outerloop_0_dataflow_region(unsigned short const&, ops::hls::StencilConfigCore const&, unsigned int, hls::stream<hls::axis<ap_uint<256>, 0ul, 0ul, 0ul>, 0>&, hls::stream<hls::axis<ap_uint<256>, 0ul, 0ul, 0ul>, 0>&)' (/home/x_thileeb/repos/ops-hls-pact25-artifact/codegen_apps/jacobian3d/vck5000_project/hls/device/src/kernel_outerloop_0.cpp:47:9)
INFO: [HLS 214-210] Disaggregating variable 'stencilConfig' (/home/x_thileeb/repos/ops-hls-pact25-artifact/codegen_apps/jacobian3d/vck5000_project/hls/device/include/PE_jac3D_kernel_stencil.hpp:89:39)
INFO: [HLS 214-291] Loop 'vec2arr' is marked as complete unroll implied by the pipeline pragma (/home/x_thileeb/repos/ops-hls-pact25-artifact/codegen_apps/jacobian3d/vck5000_project/hls/device/include/PE_jac3D_kernel_stencil.hpp:355:22)
INFO: [HLS 214-291] Loop 'process' is marked as complete unroll implied by the pipeline pragma (/home/x_thileeb/repos/ops-hls-pact25-artifact/codegen_apps/jacobian3d/vck5000_project/hls/device/include/PE_jac3D_kernel_stencil.hpp:389:22)
INFO: [HLS 214-186] Unrolling loop 'VITIS_LOOP_29_1' (/home/x_thileeb/repos/ops-hls-pact25-artifact/codegen_apps/jacobian3d/vck5000_project/hls/device/src/kernel_outerloop_0.cpp:29:22) in function 'kernel_outerloop_0_dataflow_region' completely with a factor of 14 (/home/x_thileeb/repos/ops-hls-pact25-artifact/codegen_apps/jacobian3d/vck5000_project/hls/device/src/kernel_outerloop_0.cpp:40:0)
INFO: [HLS 214-186] Unrolling loop 'vec2arr' (/home/x_thileeb/repos/ops-hls-pact25-artifact/codegen_apps/jacobian3d/vck5000_project/hls/device/include/PE_jac3D_kernel_stencil.hpp:355:22) in function 'Stencil_jac3D_kernel_stencil::stencilRun' completely with a factor of 8 (/home/x_thileeb/repos/ops-hls-pact25-artifact/codegen_apps/jacobian3d/vck5000_project/hls/device/include/PE_jac3D_kernel_stencil.hpp:85:0)
INFO: [HLS 214-186] Unrolling loop 'process' (/home/x_thileeb/repos/ops-hls-pact25-artifact/codegen_apps/jacobian3d/vck5000_project/hls/device/include/PE_jac3D_kernel_stencil.hpp:389:22) in function 'Stencil_jac3D_kernel_stencil::stencilRun' completely with a factor of 8 (/home/x_thileeb/repos/ops-hls-pact25-artifact/codegen_apps/jacobian3d/vck5000_project/hls/device/include/PE_jac3D_kernel_stencil.hpp:85:0)
INFO: [HLS 214-178] Inlining function 'ops::hls::StencilCoreV2<float, (unsigned short)7, (unsigned short)8, (ops::hls::CoefTypes)0, (unsigned short)3, (unsigned short)3>::setConfig(short const&, ops::hls::StencilConfigCore const&)' into 'kernel_jac3D_kernel_stencil_PE(short const&, ops::hls::StencilConfigCore const&, hls::stream<ap_uint<256>, 0>&, hls::stream<ap_uint<256>, 0>&)' (/home/x_thileeb/repos/ops-hls-pact25-artifact/codegen_apps/jacobian3d/vck5000_project/hls/device/include/PE_jac3D_kernel_stencil.hpp:472:0)
INFO: [HLS 214-178] Inlining function 'kernel_jac3D_kernel_stencil_PE(short const&, ops::hls::StencilConfigCore const&, hls::stream<ap_uint<256>, 0>&, hls::stream<ap_uint<256>, 0>&)' into 'joint_PE_outerloop_0(unsigned short, ops::hls::StencilConfigCore const&, hls::stream<ap_uint<256>, 0>&, hls::stream<ap_uint<256>, 0>&)' (/home/x_thileeb/repos/ops-hls-pact25-artifact/codegen_apps/jacobian3d/vck5000_project/hls/device/src/kernel_outerloop_0.cpp:9:0)
INFO: [HLS 214-248] Applying array_partition to 'arg0_widenStencilValues': Complete partitioning on dimension 1. (/home/x_thileeb/repos/ops-hls-pact25-artifact/codegen_apps/jacobian3d/vck5000_project/hls/device/include/PE_jac3D_kernel_stencil.hpp:167:41)
INFO: [HLS 214-248] Applying array_partition to 'arg0_rowArr_1_0': Complete partitioning on dimension 1. (/home/x_thileeb/repos/ops-hls-pact25-artifact/codegen_apps/jacobian3d/vck5000_project/hls/device/include/PE_jac3D_kernel_stencil.hpp:179:15)
INFO: [HLS 214-248] Applying array_partition to 'arg0_rowArr_0_1': Complete partitioning on dimension 1. (/home/x_thileeb/repos/ops-hls-pact25-artifact/codegen_apps/jacobian3d/vck5000_project/hls/device/include/PE_jac3D_kernel_stencil.hpp:181:15)
INFO: [HLS 214-248] Applying array_partition to 'arg0_rowArr_1_1': Complete partitioning on dimension 1. (/home/x_thileeb/repos/ops-hls-pact25-artifact/codegen_apps/jacobian3d/vck5000_project/hls/device/include/PE_jac3D_kernel_stencil.hpp:183:15)
INFO: [HLS 214-248] Applying array_partition to 'arg0_rowArr_2_1': Complete partitioning on dimension 1. (/home/x_thileeb/repos/ops-hls-pact25-artifact/codegen_apps/jacobian3d/vck5000_project/hls/device/include/PE_jac3D_kernel_stencil.hpp:185:15)
INFO: [HLS 214-248] Applying array_partition to 'arg0_rowArr_1_2': Complete partitioning on dimension 1. (/home/x_thileeb/repos/ops-hls-pact25-artifact/codegen_apps/jacobian3d/vck5000_project/hls/device/include/PE_jac3D_kernel_stencil.hpp:187:15)
INFO: [HLS 214-248] Applying array_partition to 'arg0_arg1_streams': Complete partitioning on dimension 1. (/home/x_thileeb/repos/ops-hls-pact25-artifact/codegen_apps/jacobian3d/vck5000_project/hls/device/src/kernel_outerloop_0.cpp:42:41)
INFO: [HLS 214-241] Aggregating fifo (hls::stream) variable 'arg0_arg1_streams_0' with compact=bit mode in 256-bits (/home/x_thileeb/repos/ops-hls-pact25-artifact/codegen_apps/jacobian3d/vck5000_project/hls/device/src/kernel_outerloop_0.cpp:42:41)
INFO: [HLS 214-241] Aggregating fifo (hls::stream) variable 'arg0_arg1_streams_1' with compact=bit mode in 256-bits (/home/x_thileeb/repos/ops-hls-pact25-artifact/codegen_apps/jacobian3d/vck5000_project/hls/device/src/kernel_outerloop_0.cpp:42:41)
INFO: [HLS 214-241] Aggregating fifo (hls::stream) variable 'arg0_arg1_streams_2' with compact=bit mode in 256-bits (/home/x_thileeb/repos/ops-hls-pact25-artifact/codegen_apps/jacobian3d/vck5000_project/hls/device/src/kernel_outerloop_0.cpp:42:41)
INFO: [HLS 214-241] Aggregating fifo (hls::stream) variable 'arg0_arg1_streams_3' with compact=bit mode in 256-bits (/home/x_thileeb/repos/ops-hls-pact25-artifact/codegen_apps/jacobian3d/vck5000_project/hls/device/src/kernel_outerloop_0.cpp:42:41)
INFO: [HLS 214-241] Aggregating fifo (hls::stream) variable 'arg0_arg1_streams_4' with compact=bit mode in 256-bits (/home/x_thileeb/repos/ops-hls-pact25-artifact/codegen_apps/jacobian3d/vck5000_project/hls/device/src/kernel_outerloop_0.cpp:42:41)
INFO: [HLS 214-241] Aggregating fifo (hls::stream) variable 'arg0_arg1_streams_5' with compact=bit mode in 256-bits (/home/x_thileeb/repos/ops-hls-pact25-artifact/codegen_apps/jacobian3d/vck5000_project/hls/device/src/kernel_outerloop_0.cpp:42:41)
INFO: [HLS 214-241] Aggregating fifo (hls::stream) variable 'arg0_arg1_streams_6' with compact=bit mode in 256-bits (/home/x_thileeb/repos/ops-hls-pact25-artifact/codegen_apps/jacobian3d/vck5000_project/hls/device/src/kernel_outerloop_0.cpp:42:41)
INFO: [HLS 214-241] Aggregating fifo (hls::stream) variable 'arg0_arg1_streams_7' with compact=bit mode in 256-bits (/home/x_thileeb/repos/ops-hls-pact25-artifact/codegen_apps/jacobian3d/vck5000_project/hls/device/src/kernel_outerloop_0.cpp:42:41)
INFO: [HLS 214-241] Aggregating fifo (hls::stream) variable 'arg0_arg1_streams_8' with compact=bit mode in 256-bits (/home/x_thileeb/repos/ops-hls-pact25-artifact/codegen_apps/jacobian3d/vck5000_project/hls/device/src/kernel_outerloop_0.cpp:42:41)
INFO: [HLS 214-241] Aggregating fifo (hls::stream) variable 'arg0_arg1_streams_9' with compact=bit mode in 256-bits (/home/x_thileeb/repos/ops-hls-pact25-artifact/codegen_apps/jacobian3d/vck5000_project/hls/device/src/kernel_outerloop_0.cpp:42:41)
INFO: [HLS 214-241] Aggregating fifo (hls::stream) variable 'arg0_arg1_streams_10' with compact=bit mode in 256-bits (/home/x_thileeb/repos/ops-hls-pact25-artifact/codegen_apps/jacobian3d/vck5000_project/hls/device/src/kernel_outerloop_0.cpp:42:41)
INFO: [HLS 214-241] Aggregating fifo (hls::stream) variable 'arg0_arg1_streams_11' with compact=bit mode in 256-bits (/home/x_thileeb/repos/ops-hls-pact25-artifact/codegen_apps/jacobian3d/vck5000_project/hls/device/src/kernel_outerloop_0.cpp:42:41)
INFO: [HLS 214-241] Aggregating fifo (hls::stream) variable 'arg0_arg1_streams_12' with compact=bit mode in 256-bits (/home/x_thileeb/repos/ops-hls-pact25-artifact/codegen_apps/jacobian3d/vck5000_project/hls/device/src/kernel_outerloop_0.cpp:42:41)
INFO: [HLS 214-241] Aggregating fifo (hls::stream) variable 'arg0_arg1_streams_13' with compact=bit mode in 256-bits (/home/x_thileeb/repos/ops-hls-pact25-artifact/codegen_apps/jacobian3d/vck5000_project/hls/device/src/kernel_outerloop_0.cpp:42:41)
INFO: [HLS 214-241] Aggregating fifo (hls::stream) variable 'arg0_arg1_streams_14' with compact=bit mode in 256-bits (/home/x_thileeb/repos/ops-hls-pact25-artifact/codegen_apps/jacobian3d/vck5000_project/hls/device/src/kernel_outerloop_0.cpp:42:41)
INFO: [HLS 214-131] Inlining function '_llvm.fpga.unpack.none.s_struct.ap_uint<256>s.i256' into 'void ops::hls::axis2stream<256u, 256u>(hls::stream<hls::axis<ap_uint<256u>, 0ul, 0ul, 0ul>, 0>&, hls::stream<ap_uint<256u>, 0>&, unsigned int) (.1)' (/tools/Xilinx/Vitis_HLS/2022.1/common/technology/autopilot/ap_axi_sdata.h:293:5)
INFO: [HLS 214-131] Inlining function '_llvm.fpga.pack.none.i256.s_struct.ap_uint<256>s' into 'void ops::hls::axis2stream<256u, 256u>(hls::stream<hls::axis<ap_uint<256u>, 0ul, 0ul, 0ul>, 0>&, hls::stream<ap_uint<256u>, 0>&, unsigned int) (.1)' (/tools/Xilinx/Vitis_HLS/2022.1/common/technology/autopilot/hls_stream_39.h:174:9)
INFO: [HLS 214-131] Inlining function '_llvm.fpga.unpack.none.s_struct.ap_uint<1>s.i1' into 'void ops::hls::axis2stream<256u, 256u>(hls::stream<hls::axis<ap_uint<256u>, 0ul, 0ul, 0ul>, 0>&, hls::stream<ap_uint<256u>, 0>&, unsigned int) (.1)' (/tools/Xilinx/Vitis_HLS/2022.1/common/technology/autopilot/ap_axi_sdata.h:293:5)
INFO: [HLS 214-131] Inlining function '_llvm.fpga.unpack.none.s_struct.ap_uint<32>s.i32' into 'void ops::hls::axis2stream<256u, 256u>(hls::stream<hls::axis<ap_uint<256u>, 0ul, 0ul, 0ul>, 0>&, hls::stream<ap_uint<256u>, 0>&, unsigned int) (.1)' (/tools/Xilinx/Vitis_HLS/2022.1/common/technology/autopilot/ap_axi_sdata.h:293:5)
INFO: [HLS 214-131] Inlining function '_llvm.fpga.pack.none.i256.s_struct.ap_uint<256>s' into 'Stencil_jac3D_kernel_stencil::stencilRun(hls::stream<ap_uint<256>, 0>&, hls::stream<ap_uint<256>, 0>&) (.1)' (/tools/Xilinx/Vitis_HLS/2022.1/common/technology/autopilot/hls_stream_39.h:174:9)
INFO: [HLS 214-131] Inlining function '_llvm.fpga.pack.none.i256.s_struct.ap_uint<256>s' into 'void ops::hls::stream2axis<256u, 256u>(hls::stream<hls::axis<ap_uint<256u>, 0ul, 0ul, 0ul>, 0>&, hls::stream<ap_uint<256u>, 0>&, unsigned int) (.1)' (/tools/Xilinx/Vitis_HLS/2022.1/common/technology/autopilot/ap_axi_sdata.h:304:5)
INFO: [HLS 214-131] Inlining function '_llvm.fpga.pack.none.i1.s_struct.ap_uint<1>s' into 'void ops::hls::stream2axis<256u, 256u>(hls::stream<hls::axis<ap_uint<256u>, 0ul, 0ul, 0ul>, 0>&, hls::stream<ap_uint<256u>, 0>&, unsigned int) (.1)' (/tools/Xilinx/Vitis_HLS/2022.1/common/technology/autopilot/ap_axi_sdata.h:304:5)
INFO: [HLS 214-131] Inlining function '_llvm.fpga.pack.none.i32.s_struct.ap_uint<32>s' into 'void ops::hls::stream2axis<256u, 256u>(hls::stream<hls::axis<ap_uint<256u>, 0ul, 0ul, 0ul>, 0>&, hls::stream<ap_uint<256u>, 0>&, unsigned int) (.1)' (/tools/Xilinx/Vitis_HLS/2022.1/common/technology/autopilot/ap_axi_sdata.h:304:5)
INFO-FLOW: DBG:PUTS: copy_raw_kernel_xml ap_link_39: copying raw kernel.xml: /home/x_thileeb/repos/ops-hls-pact25-artifact/codegen_apps/jacobian3d/vck5000_project/hls/build/hw/temp_dir/kernel_outerloop_0/kernel_outerloop_0/kernel_outerloop_0/solution/.autopilot/db/../../../kernel.xml -> /home/x_thileeb/repos/ops-hls-pact25-artifact/codegen_apps/jacobian3d/vck5000_project/hls/build/hw/temp_dir/kernel_outerloop_0/kernel_outerloop_0/kernel_outerloop_0/solution/.autopilot/db/kernel.internal.xml
INFO: [HLS 200-111] Finished Compiling Optimization and Transform: CPU user time: 5.08 seconds. CPU system time: 1.55 seconds. Elapsed time: 6.82 seconds; current allocated memory: 465.527 MB.
INFO: [HLS 200-111] Finished Checking Pragmas: CPU user time: 0 seconds. CPU system time: 0 seconds. Elapsed time: 0 seconds; current allocated memory: 465.527 MB.
Execute         opt_and_import_c a -opt_level=2 -skip_syncheck=0 -ng=0 -keep_printf=0 
Execute           cleanup_all_models 
INFO: [HLS 200-10] Starting code transformations ...
INFO-FLOW: Running Standard Transforms...
Execute           transform -hls -share-std-xform -demangle-name -inline-byval-memcpy -always-inline -promote-dbg-pointer -interface-preproc -mem2reg -scalarrepl -mem2reg -keep-read-access -instcombine -dce -promote-dbg-pointer -bitop-raise -loop-simplify -indvarspre -indvars -loop-simplify -xunroll -constprop -instcombine -simplifycfg -indvars -simplifycfg -dce -globaldce -basicaa -simplifycfg -mem2reg -globalopt -global-constprop -deadargelim -instcombine -simplifycfg -scalarrepl -instcombine -reassociate -licm -simplifycfg -loop-simplify -indvars -instcombine -simplifycfg -mem2reg -loop-simplify -indvars -instcombine -gvn -gvn -instcombine -adce -break-crit-edges -simplifycfg -loop-delete -global-array-opt -dce -dse -adce -find-syn-modules -top kernel_outerloop_0 -deadargelim -mem2reg -instcombine -dce -presyn-prepare -auto-rom-infer -interface-preproc -syn-check -check-rec-only -find-region -simplifycfg -func-extr -function-inline -globaldce -mem2reg -instcombine -dce -gvn -globaldce -adce -adse -constprop -instcombine -bit-constprop -instcombine -dce -simplifycfg -bitop-raise -simplifycfg -dce -loop-delete -reassociate -globalopt -global-privatize -mem2reg -dce -global-constprop -pointer-simplify -constprop -dce -func-inst -deadargelim -auto-shift-reg-idiom -promote-dbg-pointer -norm-name /home/x_thileeb/repos/ops-hls-pact25-artifact/codegen_apps/jacobian3d/vck5000_project/hls/build/hw/temp_dir/kernel_outerloop_0/kernel_outerloop_0/kernel_outerloop_0/solution/.autopilot/db/a.g.0.bc -o /home/x_thileeb/repos/ops-hls-pact25-artifact/codegen_apps/jacobian3d/vck5000_project/hls/build/hw/temp_dir/kernel_outerloop_0/kernel_outerloop_0/kernel_outerloop_0/solution/.autopilot/db/a.g.1.bc -f -phase std-opt 
Command           transform done; 0.21 sec.
INFO: [HLS 200-111] Finished Standard Transforms: CPU user time: 0.18 seconds. CPU system time: 0.03 seconds. Elapsed time: 0.23 seconds; current allocated memory: 496.156 MB.
INFO: [HLS 200-10] Checking synthesizability ...
INFO-FLOW: Checking Synthesizability 1/2..
Execute           transform -hls -syn-check -check-rec-only -scalarrepl -norm-name -dce -mem2reg -instcombine -function-uniquify -directive-preproc -mem2reg -dse -dce -auto-rom-infer -dce -pag -array-normalize -instcombine -dce -array-seg-normalize -instcombine -dce -data-pack -instcombine -dce -inst-simplify -array-flatten -instcombine -dce -array-burst -dce -deadargelim -promote-global-argument -simplifycfg -mem2reg -globaldce -dce -deadargelim -dce -instcombine -function-inline -globaldce -dce -doublePtrSimplify -doublePtrElim -dce -doublePtrSimplify -promote-dbg-pointer -dce -scalarrepl -dse -adse -instcombine -ptrLegalization -simplifycfg -dce -instcombine -pointer-simplify -ptrArgReplace -dce -instcombine -resolve-double-ptr -scalarrepl -norm-name -dce -mem2reg -instcombine -ptrLegalization -simplifycfg -deadargelim -instcombine -dce -inst-simplify -function-uniquify -directive-preproc -mem2reg -dse -dce -globaldce /home/x_thileeb/repos/ops-hls-pact25-artifact/codegen_apps/jacobian3d/vck5000_project/hls/build/hw/temp_dir/kernel_outerloop_0/kernel_outerloop_0/kernel_outerloop_0/solution/.autopilot/db/a.g.1.bc -o /home/x_thileeb/repos/ops-hls-pact25-artifact/codegen_apps/jacobian3d/vck5000_project/hls/build/hw/temp_dir/kernel_outerloop_0/kernel_outerloop_0/kernel_outerloop_0/solution/.autopilot/db/a.g.2.prechk.bc -f 
Command           transform done; 0.41 sec.
INFO-FLOW: Checking Synthesizability 2/2..
Execute           transform -syn-check /home/x_thileeb/repos/ops-hls-pact25-artifact/codegen_apps/jacobian3d/vck5000_project/hls/build/hw/temp_dir/kernel_outerloop_0/kernel_outerloop_0/kernel_outerloop_0/solution/.autopilot/db/a.g.2.prechk.bc -o /home/x_thileeb/repos/ops-hls-pact25-artifact/codegen_apps/jacobian3d/vck5000_project/hls/build/hw/temp_dir/kernel_outerloop_0/kernel_outerloop_0/kernel_outerloop_0/solution/.autopilot/db/a.g.2.bc -f -phase syn-check 
Command           transform done; 0.19 sec.
INFO: [HLS 200-111] Finished Checking Synthesizability: CPU user time: 0.55 seconds. CPU system time: 0.04 seconds. Elapsed time: 0.6 seconds; current allocated memory: 541.629 MB.
INFO-FLOW: Compiler optimizing ...
INFO-FLOW: Share syncheck's 1.bc for syn flow: copy /home/x_thileeb/repos/ops-hls-pact25-artifact/codegen_apps/jacobian3d/vck5000_project/hls/build/hw/temp_dir/kernel_outerloop_0/kernel_outerloop_0/kernel_outerloop_0/solution/.autopilot/db/a.g.1.bc to /home/x_thileeb/repos/ops-hls-pact25-artifact/codegen_apps/jacobian3d/vck5000_project/hls/build/hw/temp_dir/kernel_outerloop_0/kernel_outerloop_0/kernel_outerloop_0/solution/.autopilot/db/a.o.1.bc
INFO-FLOW: Presyn 1...
Execute           transform -hls -tmp /home/x_thileeb/repos/ops-hls-pact25-artifact/codegen_apps/jacobian3d/vck5000_project/hls/build/hw/temp_dir/kernel_outerloop_0/kernel_outerloop_0/kernel_outerloop_0/solution/.autopilot/db -interface-port-rename -function-uniquify -directive-preproc -mem2reg -dse -dce -scalarrepl -norm-name -deadargelim -mem2reg -instcombine -dce -simplifycfg -auto-rom-infer -dce -function-uniquify -resource-proc -clib-intrinsic-prepare -dce -func-buffer -dce -pag -array-normalize -func-legal -instcombine -gvn -constprop -dce -simplifycfg -mem2reg -globaldce -resolve-double-ptr -dce -deadargelim -dce -instcombine -ptrArgReplace -mem2reg -dce -array-seg-normalize -deadargelim -instcombine -dce -function-uniquify -directive-preproc -mem2reg -dse -dce -pointer-simplify -dce -port-alignment -dce -interface-preproc -data-pack -instcombine -dce -basicaa -aggr-aa -aggrmodref-aa -aggr-aa -gvn -gvn -basicaa -aggr-aa -aggrmodref-aa -aggr-aa -dse -adse -adce -loop-simplify -indvars -instcombine -gvn -loop-simplify -mem2reg -dce -find-region -instcombine -auto-loop-pipeline -inst-simplify -interface-preproc -cfgopt -instcombine -indvars -auto-loop-unroll -loop-simplify -loop-bound -xunroll -constprop -instcombine -simplifycfg -indvars -simplifycfg -dce -globaldce -clean-region -attach-range -gvn -inst-simplify -constprop -simplifycfg -dce -pointer-simplify -dce -globalopt -constprop -dce -array-promote -scalar-auto-dep-elim -constprop -dce -ptrArgReplace -mem2reg -simplifycfg -dce -instcombine -dce -array-transform-check -array-reshape -instcombine -simplifycfg -dce -ptrArgReplace -deadargelim -mem2reg -instcombine -simplifycfg -dce -indvars -loop-simplify -loop-bound -xunroll -constprop -instcombine -simplifycfg -indvars -simplifycfg -dce -globaldce -basicaa -aggr-aa -aggrmodref-aa -aggr-aa -dse -duplicate-dataflow-processes -globaldce -instcombine -array-partition -prepare-dynamic-array-partition -instcombine -simplifycfg -dce -ptrArgReplace -global-constprop -deadargelim -mem2reg -func-legal -dce -global-constprop -deadargelim -mem2reg -simplifycfg -dce -merge-param -deadargelim -globalopt -constprop -dce -array-promote -scalar-auto-dep-elim -constprop -dce -ptrArgReplace -mem2reg -simplifycfg -dce -mem-intrinsic-preproc -dce -global-internalize -global-privatize -mem2reg -globaldce -promote-global-argument -ptrArgReplace -mem2reg -dce -globalopt -mergereturn -simplify-global-access -mem2reg -dce -pointer-simplify -dce -functionattrs -basicaa -aggr-aa -aggrmodref-aa -aggr-aa -gvn -gvn -basicaa -aggr-aa -aggrmodref-aa -aggr-aa -dse -adse -adce -dce -norm-name -basicaa -aggr-aa -aggrmodref-aa -aggr-aa -accesses-merge -function-inline -complex-op-raise -inst-simplify -globaldce -func-inst -constprop -instcombine -simplifycfg -dce -func-legal -dce -loop-bound -arraycheck -bitwidthmin2 -bitwidthmin2 -on-by-dataflow -loop-delete -instcombine -simplifycfg -globaldce -dce -gvn -deadargelim -dce -loop-simplify -clean-region -simplifycfg -propagate-stable-arguments -loop-stream -instcombine -simplifycfg -dce -globaldce -duplicate-dataflow-processes -stream-intrinsic-preproc -dce -check-ap-stream -loop-simplify -eliminate-keepreads -extract-dataflow-in-loop -loop-simplify -dce -gvn -deadargelim -dse -duplicate-dataflow-processes -check-dataflow-syntax -legalize-stream-variable -legalize-global -extract-subproc -dce -dead-channel-elimination -canonicalize-gep -globaldce -dce -gvn -hls-dead-arg-elim -deadargelim -directive-preproc -annotate-dataflow-channels -canonicalize-dataflow -dce -globaldce -scalar-preprocessing -scalar-propagation2 -deadargelim -globaldce -mem2reg -check-dataflow-channels -function-stream -dce -globaldce -prop-fifo-spec -internal-stream-gen -canonicalize-gep -globaldce -dce -gvn -deadargelim -mergereturn -indvars -loop-simplify -instcombine -array-stream -array-seg-normalize -array-partition -func-legal -instcombine -simplifycfg -dce -bundle-memfifo-ops -deadargelim -function-uniquify -directive-preproc -mem2reg -dse -dce -group-axi-access -licm -simplifycfg -dce -loop-delete -hls-display -norm-name /home/x_thileeb/repos/ops-hls-pact25-artifact/codegen_apps/jacobian3d/vck5000_project/hls/build/hw/temp_dir/kernel_outerloop_0/kernel_outerloop_0/kernel_outerloop_0/solution/.autopilot/db/a.o.1.bc -o /home/x_thileeb/repos/ops-hls-pact25-artifact/codegen_apps/jacobian3d/vck5000_project/hls/build/hw/temp_dir/kernel_outerloop_0/kernel_outerloop_0/kernel_outerloop_0/solution/.autopilot/db/a.o.1.tmp.bc -f 
INFO: [XFORM 203-510] Pipelining loop 'VITIS_LOOP_1897_1' (/home/x_thileeb/repos/ops-hls-pact25-artifact/OPS/ops/hls/include/device/../../L1/include/ops_hls_datamover.hpp:1897) in function 'ops::hls::stream2axis<256u, 256u>' automatically.
INFO: [XFORM 203-510] Pipelining loop 'VITIS_LOOP_1521_1' (/home/x_thileeb/repos/ops-hls-pact25-artifact/OPS/ops/hls/include/device/../../L1/include/ops_hls_datamover.hpp:1521) in function 'ops::hls::axis2stream<256u, 256u>' automatically.
INFO: [XFORM 203-102] Partitioning array 'stencil.m_stencilConfig.grid_size' (/home/x_thileeb/repos/ops-hls-pact25-artifact/codegen_apps/jacobian3d/vck5000_project/hls/device/include/PE_jac3D_kernel_stencil.hpp:473) automatically.
INFO: [XFORM 203-102] Partitioning array 'stencil.m_stencilConfig.lower_limit' (/home/x_thileeb/repos/ops-hls-pact25-artifact/codegen_apps/jacobian3d/vck5000_project/hls/device/include/PE_jac3D_kernel_stencil.hpp:473) automatically.
INFO: [XFORM 203-102] Partitioning array 'stencil.m_stencilConfig.upper_limit' (/home/x_thileeb/repos/ops-hls-pact25-artifact/codegen_apps/jacobian3d/vck5000_project/hls/device/include/PE_jac3D_kernel_stencil.hpp:473) automatically.
INFO: [XFORM 203-102] Partitioning array 'stencil.m_stencilConfig.grid_size' (/home/x_thileeb/repos/ops-hls-pact25-artifact/codegen_apps/jacobian3d/vck5000_project/hls/device/include/PE_jac3D_kernel_stencil.hpp:473) automatically.
INFO: [XFORM 203-102] Partitioning array 'stencil.m_stencilConfig.lower_limit' (/home/x_thileeb/repos/ops-hls-pact25-artifact/codegen_apps/jacobian3d/vck5000_project/hls/device/include/PE_jac3D_kernel_stencil.hpp:473) automatically.
INFO: [XFORM 203-102] Partitioning array 'stencil.m_stencilConfig.upper_limit' (/home/x_thileeb/repos/ops-hls-pact25-artifact/codegen_apps/jacobian3d/vck5000_project/hls/device/include/PE_jac3D_kernel_stencil.hpp:473) automatically.
INFO: [XFORM 203-102] Partitioning array 'stencil.m_stencilConfig.grid_size' (/home/x_thileeb/repos/ops-hls-pact25-artifact/codegen_apps/jacobian3d/vck5000_project/hls/device/include/PE_jac3D_kernel_stencil.hpp:473) automatically.
INFO: [XFORM 203-102] Partitioning array 'stencil.m_stencilConfig.lower_limit' (/home/x_thileeb/repos/ops-hls-pact25-artifact/codegen_apps/jacobian3d/vck5000_project/hls/device/include/PE_jac3D_kernel_stencil.hpp:473) automatically.
INFO: [XFORM 203-102] Partitioning array 'stencil.m_stencilConfig.upper_limit' (/home/x_thileeb/repos/ops-hls-pact25-artifact/codegen_apps/jacobian3d/vck5000_project/hls/device/include/PE_jac3D_kernel_stencil.hpp:473) automatically.
INFO: [XFORM 203-102] Partitioning array 'stencil.m_stencilConfig.grid_size' (/home/x_thileeb/repos/ops-hls-pact25-artifact/codegen_apps/jacobian3d/vck5000_project/hls/device/include/PE_jac3D_kernel_stencil.hpp:473) automatically.
INFO: [XFORM 203-102] Partitioning array 'stencil.m_stencilConfig.lower_limit' (/home/x_thileeb/repos/ops-hls-pact25-artifact/codegen_apps/jacobian3d/vck5000_project/hls/device/include/PE_jac3D_kernel_stencil.hpp:473) automatically.
INFO: [XFORM 203-102] Partitioning array 'stencil.m_stencilConfig.upper_limit' (/home/x_thileeb/repos/ops-hls-pact25-artifact/codegen_apps/jacobian3d/vck5000_project/hls/device/include/PE_jac3D_kernel_stencil.hpp:473) automatically.
INFO: [XFORM 203-102] Partitioning array 'stencil.m_stencilConfig.grid_size' (/home/x_thileeb/repos/ops-hls-pact25-artifact/codegen_apps/jacobian3d/vck5000_project/hls/device/include/PE_jac3D_kernel_stencil.hpp:473) automatically.
INFO: [XFORM 203-102] Partitioning array 'stencil.m_stencilConfig.lower_limit' (/home/x_thileeb/repos/ops-hls-pact25-artifact/codegen_apps/jacobian3d/vck5000_project/hls/device/include/PE_jac3D_kernel_stencil.hpp:473) automatically.
INFO: [XFORM 203-102] Partitioning array 'stencil.m_stencilConfig.upper_limit' (/home/x_thileeb/repos/ops-hls-pact25-artifact/codegen_apps/jacobian3d/vck5000_project/hls/device/include/PE_jac3D_kernel_stencil.hpp:473) automatically.
INFO: [XFORM 203-102] Partitioning array 'stencil.m_stencilConfig.grid_size' (/home/x_thileeb/repos/ops-hls-pact25-artifact/codegen_apps/jacobian3d/vck5000_project/hls/device/include/PE_jac3D_kernel_stencil.hpp:473) automatically.
INFO: [XFORM 203-102] Partitioning array 'stencil.m_stencilConfig.lower_limit' (/home/x_thileeb/repos/ops-hls-pact25-artifact/codegen_apps/jacobian3d/vck5000_project/hls/device/include/PE_jac3D_kernel_stencil.hpp:473) automatically.
INFO: [XFORM 203-102] Partitioning array 'stencil.m_stencilConfig.upper_limit' (/home/x_thileeb/repos/ops-hls-pact25-artifact/codegen_apps/jacobian3d/vck5000_project/hls/device/include/PE_jac3D_kernel_stencil.hpp:473) automatically.
INFO: [XFORM 203-102] Partitioning array 'stencil.m_stencilConfig.grid_size' (/home/x_thileeb/repos/ops-hls-pact25-artifact/codegen_apps/jacobian3d/vck5000_project/hls/device/include/PE_jac3D_kernel_stencil.hpp:473) automatically.
INFO: [XFORM 203-102] Partitioning array 'stencil.m_stencilConfig.lower_limit' (/home/x_thileeb/repos/ops-hls-pact25-artifact/codegen_apps/jacobian3d/vck5000_project/hls/device/include/PE_jac3D_kernel_stencil.hpp:473) automatically.
INFO: [XFORM 203-102] Partitioning array 'stencil.m_stencilConfig.upper_limit' (/home/x_thileeb/repos/ops-hls-pact25-artifact/codegen_apps/jacobian3d/vck5000_project/hls/device/include/PE_jac3D_kernel_stencil.hpp:473) automatically.
INFO: [XFORM 203-102] Partitioning array 'stencil.m_stencilConfig.grid_size' (/home/x_thileeb/repos/ops-hls-pact25-artifact/codegen_apps/jacobian3d/vck5000_project/hls/device/include/PE_jac3D_kernel_stencil.hpp:473) automatically.
INFO: [XFORM 203-102] Partitioning array 'stencil.m_stencilConfig.lower_limit' (/home/x_thileeb/repos/ops-hls-pact25-artifact/codegen_apps/jacobian3d/vck5000_project/hls/device/include/PE_jac3D_kernel_stencil.hpp:473) automatically.
INFO: [XFORM 203-102] Partitioning array 'stencil.m_stencilConfig.upper_limit' (/home/x_thileeb/repos/ops-hls-pact25-artifact/codegen_apps/jacobian3d/vck5000_project/hls/device/include/PE_jac3D_kernel_stencil.hpp:473) automatically.
INFO: [XFORM 203-102] Partitioning array 'stencil.m_stencilConfig.grid_size' (/home/x_thileeb/repos/ops-hls-pact25-artifact/codegen_apps/jacobian3d/vck5000_project/hls/device/include/PE_jac3D_kernel_stencil.hpp:473) automatically.
INFO: [XFORM 203-102] Partitioning array 'stencil.m_stencilConfig.lower_limit' (/home/x_thileeb/repos/ops-hls-pact25-artifact/codegen_apps/jacobian3d/vck5000_project/hls/device/include/PE_jac3D_kernel_stencil.hpp:473) automatically.
INFO: [XFORM 203-102] Partitioning array 'stencil.m_stencilConfig.upper_limit' (/home/x_thileeb/repos/ops-hls-pact25-artifact/codegen_apps/jacobian3d/vck5000_project/hls/device/include/PE_jac3D_kernel_stencil.hpp:473) automatically.
INFO: [XFORM 203-102] Partitioning array 'stencil.m_stencilConfig.grid_size' (/home/x_thileeb/repos/ops-hls-pact25-artifact/codegen_apps/jacobian3d/vck5000_project/hls/device/include/PE_jac3D_kernel_stencil.hpp:473) automatically.
INFO: [XFORM 203-102] Partitioning array 'stencil.m_stencilConfig.lower_limit' (/home/x_thileeb/repos/ops-hls-pact25-artifact/codegen_apps/jacobian3d/vck5000_project/hls/device/include/PE_jac3D_kernel_stencil.hpp:473) automatically.
INFO: [XFORM 203-102] Partitioning array 'stencil.m_stencilConfig.upper_limit' (/home/x_thileeb/repos/ops-hls-pact25-artifact/codegen_apps/jacobian3d/vck5000_project/hls/device/include/PE_jac3D_kernel_stencil.hpp:473) automatically.
INFO: [XFORM 203-102] Partitioning array 'stencil.m_stencilConfig.grid_size' (/home/x_thileeb/repos/ops-hls-pact25-artifact/codegen_apps/jacobian3d/vck5000_project/hls/device/include/PE_jac3D_kernel_stencil.hpp:473) automatically.
INFO: [XFORM 203-102] Partitioning array 'stencil.m_stencilConfig.lower_limit' (/home/x_thileeb/repos/ops-hls-pact25-artifact/codegen_apps/jacobian3d/vck5000_project/hls/device/include/PE_jac3D_kernel_stencil.hpp:473) automatically.
INFO: [XFORM 203-102] Partitioning array 'stencil.m_stencilConfig.upper_limit' (/home/x_thileeb/repos/ops-hls-pact25-artifact/codegen_apps/jacobian3d/vck5000_project/hls/device/include/PE_jac3D_kernel_stencil.hpp:473) automatically.
INFO: [XFORM 203-102] Partitioning array 'stencil.m_stencilConfig.grid_size' (/home/x_thileeb/repos/ops-hls-pact25-artifact/codegen_apps/jacobian3d/vck5000_project/hls/device/include/PE_jac3D_kernel_stencil.hpp:473) automatically.
INFO: [XFORM 203-102] Partitioning array 'stencil.m_stencilConfig.lower_limit' (/home/x_thileeb/repos/ops-hls-pact25-artifact/codegen_apps/jacobian3d/vck5000_project/hls/device/include/PE_jac3D_kernel_stencil.hpp:473) automatically.
INFO: [XFORM 203-102] Partitioning array 'stencil.m_stencilConfig.upper_limit' (/home/x_thileeb/repos/ops-hls-pact25-artifact/codegen_apps/jacobian3d/vck5000_project/hls/device/include/PE_jac3D_kernel_stencil.hpp:473) automatically.
INFO: [XFORM 203-102] Partitioning array 'stencil.m_stencilConfig.grid_size' (/home/x_thileeb/repos/ops-hls-pact25-artifact/codegen_apps/jacobian3d/vck5000_project/hls/device/include/PE_jac3D_kernel_stencil.hpp:473) automatically.
INFO: [XFORM 203-102] Partitioning array 'stencil.m_stencilConfig.lower_limit' (/home/x_thileeb/repos/ops-hls-pact25-artifact/codegen_apps/jacobian3d/vck5000_project/hls/device/include/PE_jac3D_kernel_stencil.hpp:473) automatically.
INFO: [XFORM 203-102] Partitioning array 'stencil.m_stencilConfig.upper_limit' (/home/x_thileeb/repos/ops-hls-pact25-artifact/codegen_apps/jacobian3d/vck5000_project/hls/device/include/PE_jac3D_kernel_stencil.hpp:473) automatically.
INFO: [XFORM 203-102] Partitioning array 'stencil.m_stencilConfig.grid_size' (/home/x_thileeb/repos/ops-hls-pact25-artifact/codegen_apps/jacobian3d/vck5000_project/hls/device/include/PE_jac3D_kernel_stencil.hpp:473) automatically.
INFO: [XFORM 203-102] Partitioning array 'stencil.m_stencilConfig.lower_limit' (/home/x_thileeb/repos/ops-hls-pact25-artifact/codegen_apps/jacobian3d/vck5000_project/hls/device/include/PE_jac3D_kernel_stencil.hpp:473) automatically.
INFO: [XFORM 203-102] Partitioning array 'stencil.m_stencilConfig.upper_limit' (/home/x_thileeb/repos/ops-hls-pact25-artifact/codegen_apps/jacobian3d/vck5000_project/hls/device/include/PE_jac3D_kernel_stencil.hpp:473) automatically.
INFO: [XFORM 203-102] Partitioning array 'stencilConfig.grid_size' (/home/x_thileeb/repos/ops-hls-pact25-artifact/codegen_apps/jacobian3d/vck5000_project/hls/device/src/kernel_outerloop_0.cpp:99) automatically.
INFO: [XFORM 203-102] Partitioning array 'stencilConfig.lower_limit' (/home/x_thileeb/repos/ops-hls-pact25-artifact/codegen_apps/jacobian3d/vck5000_project/hls/device/src/kernel_outerloop_0.cpp:99) automatically.
INFO: [XFORM 203-102] Partitioning array 'stencilConfig.upper_limit' (/home/x_thileeb/repos/ops-hls-pact25-artifact/codegen_apps/jacobian3d/vck5000_project/hls/device/src/kernel_outerloop_0.cpp:99) automatically.
INFO: [XFORM 203-712] Applying dataflow to function 'kernel_outerloop_0_dataflow_region' (/home/x_thileeb/repos/ops-hls-pact25-artifact/codegen_apps/jacobian3d/vck5000_project/hls/device/src/kernel_outerloop_0.cpp:32:1), detected/extracted 17 process function(s): 
	 'entry_proc'
	 'ops::hls::axis2stream<256u, 256u>'
	 'joint_PE_outerloop_0'
	 'joint_PE_outerloop_0.1'
	 'joint_PE_outerloop_0.2'
	 'joint_PE_outerloop_0.3'
	 'joint_PE_outerloop_0.4'
	 'joint_PE_outerloop_0.5'
	 'joint_PE_outerloop_0.6'
	 'joint_PE_outerloop_0.7'
	 'joint_PE_outerloop_0.8'
	 'joint_PE_outerloop_0.9'
	 'joint_PE_outerloop_0.10'
	 'joint_PE_outerloop_0.11'
	 'joint_PE_outerloop_0.12'
	 'joint_PE_outerloop_0.13'
	 'ops::hls::stream2axis<256u, 256u>'.
Command           transform done; 0.71 sec.
INFO-FLOW: Presyn 2...
Execute           transform -hls -keep-callgraph -scalarrepl -mem2reg -port-alignment -attach-range -dce -pipe-mux-gen -indvars -loop-bound -inst-simplify -instcombine -dce -merge-array-access -mem2reg -dce -clean-region -mergereturn -if-conv -instcombine -dce -constprop -basicaa -aggr-aa -aggrmodref-aa -aggr-aa -gvn -gvn -basicaa -aggr-aa -aggrmodref-aa -aggr-aa -dse -adse -adce -scalarrepl -mem2reg -global-constprop -deadargelim -deadargelim -instcombine -dce -simplifycfg -ptrArgReplace -mem2reg -function-inline -globaldce -mem2reg -instcombine -dce -expr-balance -instcombine -dce -bitwidthmin2 -bitwidthmin2 -interface-preproc -directive-preproc -inst-rectify -instcombine -dce -functionattrs -constprop -instcombine -bit-constprop -simplify-global-access -globalopt -globaldce -inst-simplify -instcombine -elimdeaddata -dce -loop-delete -simplifycfg -loop-simplify -auto-burst -barrier -norm-name /home/x_thileeb/repos/ops-hls-pact25-artifact/codegen_apps/jacobian3d/vck5000_project/hls/build/hw/temp_dir/kernel_outerloop_0/kernel_outerloop_0/kernel_outerloop_0/solution/.autopilot/db/a.o.1.tmp.bc -o /home/x_thileeb/repos/ops-hls-pact25-artifact/codegen_apps/jacobian3d/vck5000_project/hls/build/hw/temp_dir/kernel_outerloop_0/kernel_outerloop_0/kernel_outerloop_0/solution/.autopilot/db/a.o.2.bc -f -phase presyn 
INFO: [XFORM 203-11] Balancing expressions in function 'Stencil_jac3D_kernel_stencil::stencilRun' (/home/x_thileeb/repos/ops-hls-pact25-artifact/codegen_apps/jacobian3d/vck5000_project/hls/device/include/PE_jac3D_kernel_stencil.hpp:96:17)...32 expression(s) balanced.
Command           transform done; 0.52 sec.
INFO: [HLS 200-111] Finished Loop, function and other optimizations: CPU user time: 1.04 seconds. CPU system time: 0.09 seconds. Elapsed time: 1.23 seconds; current allocated memory: 611.547 MB.
Execute           get_config_compile -enable_auto_rewind 
Execute           get_config_compile -enable_loop_extract 
INFO-FLOW: Building ssdm...
Execute           transform -hls -function-uniquify -auto-function-inline -globaldce -ptrArgReplace -mem2reg -dce -reset-lda -loop-simplify -indvars -aggr-aa -licm -loop-dep -loop-bound -licm -loop-simplify -loop-sink-hoist -flattenloopnest -array-flatten -gvn -instcombine -dce -array-map -dce -func-legal -gvn -adce -instcombine -cfgopt -simplifycfg -loop-simplify -array-burst -promote-global-argument -dce -array-seg-normalize -basicaa -aggrmodref-aa -globalsmodref-aa -aggr-aa -gvn -gvn -basicaa -aggrmodref-aa -globalsmodref-aa -aggr-aa -dse -adse -adce -licm -inst-simplify -dce -globaldce -instcombine -array-stream -eliminate-keepreads -instcombine -dce -deadargelim -doublePtrSimplify -doublePtrElim -dce -doublePtrSimplify -promote-dbg-pointer -dce -scalarrepl -mem2reg -norm-name -mem2reg -instcombine -dse -adse -adce -ptrLegalization -dce -auto-rom-infer -array-flatten -dce -instcombine -check-doubleptr -loop-rot -constprop -cfgopt -simplifycfg -loop-simplify -indvars -pointer-simplify -dce -loop-bound -loop-simplify -loop-preproc -constprop -global-constprop -gvn -mem2reg -instcombine -dce -loop-bound -loop-merge -dce -deadargelim -dce -canonicalize-dataflow -dce -deadargelim -globaldce -mem2reg -bram-byte-enable -load-elim -read-loop-dep -loop-simplify -loop-extract-inner -directive-preproc -bitwidthmin2 -bitwidthmin2 -read-loop-dep -interface-preproc -directive-preproc -interface-gen -bram-byte-enable-spec-prop -deadargelim -inst-simplify -dce -gvn -mem2reg -instcombine -dce -adse -loop-bound -instcombine -cfgopt -simplifycfg -loop-simplify -clean-region -io-protocol -find-region -mem2reg -bitop-raise -complex-op-raise -inst-simplify -inst-rectify -instcombine -adce -deadargelim -float-op-raise -loop-simplify -phi-opt -bitop-raise -cfgopt -simplifycfg -strip-dead-prototypes -interface-lower -bitop-lower -intrinsic-lower -auto-function-inline -basicaa -aggrmodref-aa -globalsmodref-aa -aggr-aa -inst-simplify -simplifycfg -loop-simplify -mergereturn -inst-simplify -inst-rectify -dce -load-elim -bitop-lower -float-op-raise -fma-raise -loop-rewind -pointer-simplify -dce -cfgopt -dce -loop-bound -loop-dep -read-loop-dep -dce -dyn-mem-reuse -dce -recurrence-min -dce -share-scalar-alloca -deadargelim -dce -check-stream -norm-name -legalize -validate-dataflow -inst-clarity -bitwidth -dump-loop-dep-to-ir -check-all-ssdm -cdfg-build /home/x_thileeb/repos/ops-hls-pact25-artifact/codegen_apps/jacobian3d/vck5000_project/hls/build/hw/temp_dir/kernel_outerloop_0/kernel_outerloop_0/kernel_outerloop_0/solution/.autopilot/db/a.o.2.bc -o /home/x_thileeb/repos/ops-hls-pact25-artifact/codegen_apps/jacobian3d/vck5000_project/hls/build/hw/temp_dir/kernel_outerloop_0/kernel_outerloop_0/kernel_outerloop_0/solution/.autopilot/db/a.o.3.bc -f -phase build-ssdm 
INFO: [HLS 200-472] Inferring partial write operation for 'arg0_buf_p0_1.V' (/home/x_thileeb/repos/ops-hls-pact25-artifact/codegen_apps/jacobian3d/vck5000_project/hls/device/include/PE_jac3D_kernel_stencil.hpp:257:52)
INFO: [HLS 200-472] Inferring partial write operation for 'arg0_buf_r0_1_p1.V' (/home/x_thileeb/repos/ops-hls-pact25-artifact/codegen_apps/jacobian3d/vck5000_project/hls/device/include/PE_jac3D_kernel_stencil.hpp:261:58)
INFO: [HLS 200-472] Inferring partial write operation for 'arg0_buf_r1_2_p1.V' (/home/x_thileeb/repos/ops-hls-pact25-artifact/codegen_apps/jacobian3d/vck5000_project/hls/device/include/PE_jac3D_kernel_stencil.hpp:263:58)
INFO: [HLS 200-472] Inferring partial write operation for 'arg0_buf_p1_2.V' (/home/x_thileeb/repos/ops-hls-pact25-artifact/codegen_apps/jacobian3d/vck5000_project/hls/device/include/PE_jac3D_kernel_stencil.hpp:265:52)
Command           transform done; 0.76 sec.
INFO: [HLS 200-111] Finished Architecture Synthesis: CPU user time: 0.65 seconds. CPU system time: 0.1 seconds. Elapsed time: 0.76 seconds; current allocated memory: 850.023 MB.
INFO-FLOW: Finish building internal data model.
Command         opt_and_import_c done; 2.83 sec.
Command       elaborate done; 16.43 sec.
Execute       ap_eval exec zip -j /home/x_thileeb/repos/ops-hls-pact25-artifact/codegen_apps/jacobian3d/vck5000_project/hls/build/hw/temp_dir/kernel_outerloop_0/kernel_outerloop_0/kernel_outerloop_0/solution/.autopilot/db/dut.hcp $dbDir/a.o.3.bc $dbDir/${topname}.rtl_wrap.cfg.tcl $dbDir/apatb_${topname}.cpp $dbDir/apatb_${topname}_util.cpp $dbDir/apatb_${topname}_ir.ll $dbDir/mapper_${topname}.cpp $dbDir/top-io-fe.xml $dbDir/kernel.internal.xml $workdir/../hls.app 
Command       ap_eval done; 0.15 sec.
Execute       autosyn -from_csynth_design=1 
INFO: [HLS 200-10] Starting hardware synthesis ...
INFO-FLOW: Synthesizing C/C++ design ...
INFO: [HLS 200-10] Synthesizing 'kernel_outerloop_0' ...
Execute         ap_set_top_model kernel_outerloop_0 
WARNING: [SYN 201-103] Legalizing function name 'axis2stream<256u, 256u>_Pipeline_VITIS_LOOP_1521_1' to 'axis2stream_256u_256u_Pipeline_VITIS_LOOP_1521_1'.
WARNING: [SYN 201-103] Legalizing function name 'axis2stream<256u, 256u>' to 'axis2stream_256u_256u_s'.
WARNING: [SYN 201-103] Legalizing function name 'joint_PE_outerloop_0.1' to 'joint_PE_outerloop_0_1'.
WARNING: [SYN 201-103] Legalizing function name 'joint_PE_outerloop_0.2' to 'joint_PE_outerloop_0_2'.
WARNING: [SYN 201-103] Legalizing function name 'joint_PE_outerloop_0.3' to 'joint_PE_outerloop_0_3'.
WARNING: [SYN 201-103] Legalizing function name 'joint_PE_outerloop_0.4' to 'joint_PE_outerloop_0_4'.
WARNING: [SYN 201-103] Legalizing function name 'joint_PE_outerloop_0.5' to 'joint_PE_outerloop_0_5'.
WARNING: [SYN 201-103] Legalizing function name 'joint_PE_outerloop_0.6' to 'joint_PE_outerloop_0_6'.
WARNING: [SYN 201-103] Legalizing function name 'joint_PE_outerloop_0.7' to 'joint_PE_outerloop_0_7'.
WARNING: [SYN 201-103] Legalizing function name 'joint_PE_outerloop_0.8' to 'joint_PE_outerloop_0_8'.
WARNING: [SYN 201-103] Legalizing function name 'joint_PE_outerloop_0.9' to 'joint_PE_outerloop_0_9'.
WARNING: [SYN 201-103] Legalizing function name 'joint_PE_outerloop_0.10' to 'joint_PE_outerloop_0_10'.
WARNING: [SYN 201-103] Legalizing function name 'joint_PE_outerloop_0.11' to 'joint_PE_outerloop_0_11'.
WARNING: [SYN 201-103] Legalizing function name 'joint_PE_outerloop_0.12' to 'joint_PE_outerloop_0_12'.
WARNING: [SYN 201-103] Legalizing function name 'joint_PE_outerloop_0.13' to 'joint_PE_outerloop_0_13'.
WARNING: [SYN 201-103] Legalizing function name 'stream2axis<256u, 256u>_Pipeline_VITIS_LOOP_1897_1' to 'stream2axis_256u_256u_Pipeline_VITIS_LOOP_1897_1'.
WARNING: [SYN 201-103] Legalizing function name 'stream2axis<256u, 256u>' to 'stream2axis_256u_256u_s'.
Execute         get_model_list kernel_outerloop_0 -filter all-wo-channel -topdown 
Execute         preproc_iomode -model kernel_outerloop_0 
Execute         preproc_iomode -model kernel_outerloop_0_dataflow_region 
Execute         preproc_iomode -model stream2axis<256u, 256u> 
Execute         preproc_iomode -model stream2axis<256u, 256u>_Pipeline_VITIS_LOOP_1897_1 
Execute         preproc_iomode -model joint_PE_outerloop_0.13 
Execute         preproc_iomode -model joint_PE_outerloop_0.12 
Execute         preproc_iomode -model joint_PE_outerloop_0.11 
Execute         preproc_iomode -model joint_PE_outerloop_0.10 
Execute         preproc_iomode -model joint_PE_outerloop_0.9 
Execute         preproc_iomode -model joint_PE_outerloop_0.8 
Execute         preproc_iomode -model joint_PE_outerloop_0.7 
Execute         preproc_iomode -model joint_PE_outerloop_0.6 
Execute         preproc_iomode -model joint_PE_outerloop_0.5 
Execute         preproc_iomode -model joint_PE_outerloop_0.4 
Execute         preproc_iomode -model joint_PE_outerloop_0.3 
Execute         preproc_iomode -model joint_PE_outerloop_0.2 
Execute         preproc_iomode -model joint_PE_outerloop_0.1 
Execute         preproc_iomode -model joint_PE_outerloop_0 
Execute         preproc_iomode -model stencilRun 
Execute         preproc_iomode -model stencilRun_Pipeline_VITIS_LOOP_194_1 
Execute         preproc_iomode -model kernel_jac3D_kernel_stencil_core 
Execute         preproc_iomode -model axis2stream<256u, 256u> 
Execute         preproc_iomode -model axis2stream<256u, 256u>_Pipeline_VITIS_LOOP_1521_1 
Execute         preproc_iomode -model entry_proc 
Execute         get_model_list kernel_outerloop_0 -filter all-wo-channel 
INFO-FLOW: Model list for configure: entry_proc {axis2stream<256u, 256u>_Pipeline_VITIS_LOOP_1521_1} {axis2stream<256u, 256u>} kernel_jac3D_kernel_stencil_core stencilRun_Pipeline_VITIS_LOOP_194_1 stencilRun joint_PE_outerloop_0 joint_PE_outerloop_0.1 joint_PE_outerloop_0.2 joint_PE_outerloop_0.3 joint_PE_outerloop_0.4 joint_PE_outerloop_0.5 joint_PE_outerloop_0.6 joint_PE_outerloop_0.7 joint_PE_outerloop_0.8 joint_PE_outerloop_0.9 joint_PE_outerloop_0.10 joint_PE_outerloop_0.11 joint_PE_outerloop_0.12 joint_PE_outerloop_0.13 {stream2axis<256u, 256u>_Pipeline_VITIS_LOOP_1897_1} {stream2axis<256u, 256u>} kernel_outerloop_0_dataflow_region kernel_outerloop_0
INFO-FLOW: Configuring Module : entry_proc ...
Execute         set_default_model entry_proc 
Execute         apply_spec_resource_limit entry_proc 
INFO-FLOW: Configuring Module : axis2stream<256u, 256u>_Pipeline_VITIS_LOOP_1521_1 ...
Execute         set_default_model axis2stream<256u, 256u>_Pipeline_VITIS_LOOP_1521_1 
Execute         apply_spec_resource_limit axis2stream<256u, 256u>_Pipeline_VITIS_LOOP_1521_1 
INFO-FLOW: Configuring Module : axis2stream<256u, 256u> ...
Execute         set_default_model axis2stream<256u, 256u> 
Execute         apply_spec_resource_limit axis2stream<256u, 256u> 
INFO-FLOW: Configuring Module : kernel_jac3D_kernel_stencil_core ...
Execute         set_default_model kernel_jac3D_kernel_stencil_core 
Execute         apply_spec_resource_limit kernel_jac3D_kernel_stencil_core 
INFO-FLOW: Configuring Module : stencilRun_Pipeline_VITIS_LOOP_194_1 ...
Execute         set_default_model stencilRun_Pipeline_VITIS_LOOP_194_1 
Execute         apply_spec_resource_limit stencilRun_Pipeline_VITIS_LOOP_194_1 
INFO-FLOW: Configuring Module : stencilRun ...
Execute         set_default_model stencilRun 
Execute         apply_spec_resource_limit stencilRun 
INFO-FLOW: Configuring Module : joint_PE_outerloop_0 ...
Execute         set_default_model joint_PE_outerloop_0 
Execute         apply_spec_resource_limit joint_PE_outerloop_0 
INFO-FLOW: Configuring Module : joint_PE_outerloop_0.1 ...
Execute         set_default_model joint_PE_outerloop_0.1 
Execute         apply_spec_resource_limit joint_PE_outerloop_0.1 
INFO-FLOW: Configuring Module : joint_PE_outerloop_0.2 ...
Execute         set_default_model joint_PE_outerloop_0.2 
Execute         apply_spec_resource_limit joint_PE_outerloop_0.2 
INFO-FLOW: Configuring Module : joint_PE_outerloop_0.3 ...
Execute         set_default_model joint_PE_outerloop_0.3 
Execute         apply_spec_resource_limit joint_PE_outerloop_0.3 
INFO-FLOW: Configuring Module : joint_PE_outerloop_0.4 ...
Execute         set_default_model joint_PE_outerloop_0.4 
Execute         apply_spec_resource_limit joint_PE_outerloop_0.4 
INFO-FLOW: Configuring Module : joint_PE_outerloop_0.5 ...
Execute         set_default_model joint_PE_outerloop_0.5 
Execute         apply_spec_resource_limit joint_PE_outerloop_0.5 
INFO-FLOW: Configuring Module : joint_PE_outerloop_0.6 ...
Execute         set_default_model joint_PE_outerloop_0.6 
Execute         apply_spec_resource_limit joint_PE_outerloop_0.6 
INFO-FLOW: Configuring Module : joint_PE_outerloop_0.7 ...
Execute         set_default_model joint_PE_outerloop_0.7 
Execute         apply_spec_resource_limit joint_PE_outerloop_0.7 
INFO-FLOW: Configuring Module : joint_PE_outerloop_0.8 ...
Execute         set_default_model joint_PE_outerloop_0.8 
Execute         apply_spec_resource_limit joint_PE_outerloop_0.8 
INFO-FLOW: Configuring Module : joint_PE_outerloop_0.9 ...
Execute         set_default_model joint_PE_outerloop_0.9 
Execute         apply_spec_resource_limit joint_PE_outerloop_0.9 
INFO-FLOW: Configuring Module : joint_PE_outerloop_0.10 ...
Execute         set_default_model joint_PE_outerloop_0.10 
Execute         apply_spec_resource_limit joint_PE_outerloop_0.10 
INFO-FLOW: Configuring Module : joint_PE_outerloop_0.11 ...
Execute         set_default_model joint_PE_outerloop_0.11 
Execute         apply_spec_resource_limit joint_PE_outerloop_0.11 
INFO-FLOW: Configuring Module : joint_PE_outerloop_0.12 ...
Execute         set_default_model joint_PE_outerloop_0.12 
Execute         apply_spec_resource_limit joint_PE_outerloop_0.12 
INFO-FLOW: Configuring Module : joint_PE_outerloop_0.13 ...
Execute         set_default_model joint_PE_outerloop_0.13 
Execute         apply_spec_resource_limit joint_PE_outerloop_0.13 
INFO-FLOW: Configuring Module : stream2axis<256u, 256u>_Pipeline_VITIS_LOOP_1897_1 ...
Execute         set_default_model stream2axis<256u, 256u>_Pipeline_VITIS_LOOP_1897_1 
Execute         apply_spec_resource_limit stream2axis<256u, 256u>_Pipeline_VITIS_LOOP_1897_1 
INFO-FLOW: Configuring Module : stream2axis<256u, 256u> ...
Execute         set_default_model stream2axis<256u, 256u> 
Execute         apply_spec_resource_limit stream2axis<256u, 256u> 
INFO-FLOW: Configuring Module : kernel_outerloop_0_dataflow_region ...
Execute         set_default_model kernel_outerloop_0_dataflow_region 
Execute         apply_spec_resource_limit kernel_outerloop_0_dataflow_region 
INFO-FLOW: Configuring Module : kernel_outerloop_0 ...
Execute         set_default_model kernel_outerloop_0 
Execute         apply_spec_resource_limit kernel_outerloop_0 
INFO-FLOW: Model list for preprocess: entry_proc {axis2stream<256u, 256u>_Pipeline_VITIS_LOOP_1521_1} {axis2stream<256u, 256u>} kernel_jac3D_kernel_stencil_core stencilRun_Pipeline_VITIS_LOOP_194_1 stencilRun joint_PE_outerloop_0 joint_PE_outerloop_0.1 joint_PE_outerloop_0.2 joint_PE_outerloop_0.3 joint_PE_outerloop_0.4 joint_PE_outerloop_0.5 joint_PE_outerloop_0.6 joint_PE_outerloop_0.7 joint_PE_outerloop_0.8 joint_PE_outerloop_0.9 joint_PE_outerloop_0.10 joint_PE_outerloop_0.11 joint_PE_outerloop_0.12 joint_PE_outerloop_0.13 {stream2axis<256u, 256u>_Pipeline_VITIS_LOOP_1897_1} {stream2axis<256u, 256u>} kernel_outerloop_0_dataflow_region kernel_outerloop_0
INFO-FLOW: Preprocessing Module: entry_proc ...
Execute         set_default_model entry_proc 
Execute         cdfg_preprocess -model entry_proc 
Execute         rtl_gen_preprocess entry_proc 
INFO-FLOW: Preprocessing Module: axis2stream<256u, 256u>_Pipeline_VITIS_LOOP_1521_1 ...
Execute         set_default_model axis2stream<256u, 256u>_Pipeline_VITIS_LOOP_1521_1 
Execute         cdfg_preprocess -model axis2stream<256u, 256u>_Pipeline_VITIS_LOOP_1521_1 
Execute         rtl_gen_preprocess axis2stream<256u, 256u>_Pipeline_VITIS_LOOP_1521_1 
INFO-FLOW: Preprocessing Module: axis2stream<256u, 256u> ...
Execute         set_default_model axis2stream<256u, 256u> 
Execute         cdfg_preprocess -model axis2stream<256u, 256u> 
Execute         rtl_gen_preprocess axis2stream<256u, 256u> 
INFO-FLOW: Preprocessing Module: kernel_jac3D_kernel_stencil_core ...
Execute         set_default_model kernel_jac3D_kernel_stencil_core 
Execute         cdfg_preprocess -model kernel_jac3D_kernel_stencil_core 
Execute         rtl_gen_preprocess kernel_jac3D_kernel_stencil_core 
INFO-FLOW: Preprocessing Module: stencilRun_Pipeline_VITIS_LOOP_194_1 ...
Execute         set_default_model stencilRun_Pipeline_VITIS_LOOP_194_1 
Execute         cdfg_preprocess -model stencilRun_Pipeline_VITIS_LOOP_194_1 
Execute         rtl_gen_preprocess stencilRun_Pipeline_VITIS_LOOP_194_1 
INFO-FLOW: Preprocessing Module: stencilRun ...
Execute         set_default_model stencilRun 
Execute         cdfg_preprocess -model stencilRun 
Execute         rtl_gen_preprocess stencilRun 
INFO-FLOW: Preprocessing Module: joint_PE_outerloop_0 ...
Execute         set_default_model joint_PE_outerloop_0 
Execute         cdfg_preprocess -model joint_PE_outerloop_0 
Execute         rtl_gen_preprocess joint_PE_outerloop_0 
INFO-FLOW: Preprocessing Module: joint_PE_outerloop_0.1 ...
Execute         set_default_model joint_PE_outerloop_0.1 
Execute         cdfg_preprocess -model joint_PE_outerloop_0.1 
Execute         rtl_gen_preprocess joint_PE_outerloop_0.1 
INFO-FLOW: Preprocessing Module: joint_PE_outerloop_0.2 ...
Execute         set_default_model joint_PE_outerloop_0.2 
Execute         cdfg_preprocess -model joint_PE_outerloop_0.2 
Execute         rtl_gen_preprocess joint_PE_outerloop_0.2 
INFO-FLOW: Preprocessing Module: joint_PE_outerloop_0.3 ...
Execute         set_default_model joint_PE_outerloop_0.3 
Execute         cdfg_preprocess -model joint_PE_outerloop_0.3 
Execute         rtl_gen_preprocess joint_PE_outerloop_0.3 
INFO-FLOW: Preprocessing Module: joint_PE_outerloop_0.4 ...
Execute         set_default_model joint_PE_outerloop_0.4 
Execute         cdfg_preprocess -model joint_PE_outerloop_0.4 
Execute         rtl_gen_preprocess joint_PE_outerloop_0.4 
INFO-FLOW: Preprocessing Module: joint_PE_outerloop_0.5 ...
Execute         set_default_model joint_PE_outerloop_0.5 
Execute         cdfg_preprocess -model joint_PE_outerloop_0.5 
Execute         rtl_gen_preprocess joint_PE_outerloop_0.5 
INFO-FLOW: Preprocessing Module: joint_PE_outerloop_0.6 ...
Execute         set_default_model joint_PE_outerloop_0.6 
Execute         cdfg_preprocess -model joint_PE_outerloop_0.6 
Execute         rtl_gen_preprocess joint_PE_outerloop_0.6 
INFO-FLOW: Preprocessing Module: joint_PE_outerloop_0.7 ...
Execute         set_default_model joint_PE_outerloop_0.7 
Execute         cdfg_preprocess -model joint_PE_outerloop_0.7 
Execute         rtl_gen_preprocess joint_PE_outerloop_0.7 
INFO-FLOW: Preprocessing Module: joint_PE_outerloop_0.8 ...
Execute         set_default_model joint_PE_outerloop_0.8 
Execute         cdfg_preprocess -model joint_PE_outerloop_0.8 
Execute         rtl_gen_preprocess joint_PE_outerloop_0.8 
INFO-FLOW: Preprocessing Module: joint_PE_outerloop_0.9 ...
Execute         set_default_model joint_PE_outerloop_0.9 
Execute         cdfg_preprocess -model joint_PE_outerloop_0.9 
Execute         rtl_gen_preprocess joint_PE_outerloop_0.9 
INFO-FLOW: Preprocessing Module: joint_PE_outerloop_0.10 ...
Execute         set_default_model joint_PE_outerloop_0.10 
Execute         cdfg_preprocess -model joint_PE_outerloop_0.10 
Execute         rtl_gen_preprocess joint_PE_outerloop_0.10 
INFO-FLOW: Preprocessing Module: joint_PE_outerloop_0.11 ...
Execute         set_default_model joint_PE_outerloop_0.11 
Execute         cdfg_preprocess -model joint_PE_outerloop_0.11 
Execute         rtl_gen_preprocess joint_PE_outerloop_0.11 
INFO-FLOW: Preprocessing Module: joint_PE_outerloop_0.12 ...
Execute         set_default_model joint_PE_outerloop_0.12 
Execute         cdfg_preprocess -model joint_PE_outerloop_0.12 
Execute         rtl_gen_preprocess joint_PE_outerloop_0.12 
INFO-FLOW: Preprocessing Module: joint_PE_outerloop_0.13 ...
Execute         set_default_model joint_PE_outerloop_0.13 
Execute         cdfg_preprocess -model joint_PE_outerloop_0.13 
Execute         rtl_gen_preprocess joint_PE_outerloop_0.13 
INFO-FLOW: Preprocessing Module: stream2axis<256u, 256u>_Pipeline_VITIS_LOOP_1897_1 ...
Execute         set_default_model stream2axis<256u, 256u>_Pipeline_VITIS_LOOP_1897_1 
Execute         cdfg_preprocess -model stream2axis<256u, 256u>_Pipeline_VITIS_LOOP_1897_1 
Execute         rtl_gen_preprocess stream2axis<256u, 256u>_Pipeline_VITIS_LOOP_1897_1 
INFO-FLOW: Preprocessing Module: stream2axis<256u, 256u> ...
Execute         set_default_model stream2axis<256u, 256u> 
Execute         cdfg_preprocess -model stream2axis<256u, 256u> 
Execute         rtl_gen_preprocess stream2axis<256u, 256u> 
INFO-FLOW: Preprocessing Module: kernel_outerloop_0_dataflow_region ...
Execute         set_default_model kernel_outerloop_0_dataflow_region 
Execute         cdfg_preprocess -model kernel_outerloop_0_dataflow_region 
Execute         rtl_gen_preprocess kernel_outerloop_0_dataflow_region 
INFO-FLOW: Preprocessing Module: kernel_outerloop_0 ...
Execute         set_default_model kernel_outerloop_0 
Execute         cdfg_preprocess -model kernel_outerloop_0 
Execute         rtl_gen_preprocess kernel_outerloop_0 
INFO-FLOW: Model list for synthesis: entry_proc {axis2stream<256u, 256u>_Pipeline_VITIS_LOOP_1521_1} {axis2stream<256u, 256u>} kernel_jac3D_kernel_stencil_core stencilRun_Pipeline_VITIS_LOOP_194_1 stencilRun joint_PE_outerloop_0 joint_PE_outerloop_0.1 joint_PE_outerloop_0.2 joint_PE_outerloop_0.3 joint_PE_outerloop_0.4 joint_PE_outerloop_0.5 joint_PE_outerloop_0.6 joint_PE_outerloop_0.7 joint_PE_outerloop_0.8 joint_PE_outerloop_0.9 joint_PE_outerloop_0.10 joint_PE_outerloop_0.11 joint_PE_outerloop_0.12 joint_PE_outerloop_0.13 {stream2axis<256u, 256u>_Pipeline_VITIS_LOOP_1897_1} {stream2axis<256u, 256u>} kernel_outerloop_0_dataflow_region kernel_outerloop_0
INFO: [HLS 200-10] ----------------------------------------------------------------
INFO: [HLS 200-42] -- Implementing module 'entry_proc' 
INFO: [HLS 200-10] ----------------------------------------------------------------
Execute         set_default_model entry_proc 
Execute         schedule -model entry_proc 
INFO: [SCHED 204-11] Starting scheduling ...
INFO: [SCHED 204-11] Finished scheduling.
INFO: [HLS 200-111] Finished Scheduling: CPU user time: 0.24 seconds. CPU system time: 0.11 seconds. Elapsed time: 0.4 seconds; current allocated memory: 851.070 MB.
Execute         syn_report -verbosereport -o /home/x_thileeb/repos/ops-hls-pact25-artifact/codegen_apps/jacobian3d/vck5000_project/hls/build/hw/temp_dir/kernel_outerloop_0/kernel_outerloop_0/kernel_outerloop_0/solution/.autopilot/db/entry_proc.verbose.sched.rpt 
Execute           AP::get_flow_target_display_name
Execute             get_solution -flow_target 
Execute         db_write -o /home/x_thileeb/repos/ops-hls-pact25-artifact/codegen_apps/jacobian3d/vck5000_project/hls/build/hw/temp_dir/kernel_outerloop_0/kernel_outerloop_0/kernel_outerloop_0/solution/.autopilot/db/entry_proc.sched.adb -f 
INFO-FLOW: Finish scheduling entry_proc.
Execute         set_default_model entry_proc 
Execute         bind -model entry_proc 
INFO: [BIND 205-100] Starting micro-architecture generation ...
INFO: [BIND 205-101] Performing variable lifetime analysis.
INFO: [BIND 205-101] Exploring resource sharing.
INFO: [BIND 205-101] Binding ...
INFO: [BIND 205-100] Finished micro-architecture generation.
INFO: [HLS 200-111] Finished Binding: CPU user time: 0.02 seconds. CPU system time: 0 seconds. Elapsed time: 0.04 seconds; current allocated memory: 852.066 MB.
Execute         syn_report -verbosereport -o /home/x_thileeb/repos/ops-hls-pact25-artifact/codegen_apps/jacobian3d/vck5000_project/hls/build/hw/temp_dir/kernel_outerloop_0/kernel_outerloop_0/kernel_outerloop_0/solution/.autopilot/db/entry_proc.verbose.bind.rpt 
Execute           AP::get_flow_target_display_name
Execute             get_solution -flow_target 
Execute         db_write -o /home/x_thileeb/repos/ops-hls-pact25-artifact/codegen_apps/jacobian3d/vck5000_project/hls/build/hw/temp_dir/kernel_outerloop_0/kernel_outerloop_0/kernel_outerloop_0/solution/.autopilot/db/entry_proc.bind.adb -f 
INFO-FLOW: Finish binding entry_proc.
INFO: [HLS 200-10] ----------------------------------------------------------------
INFO: [HLS 200-42] -- Implementing module 'axis2stream_256u_256u_Pipeline_VITIS_LOOP_1521_1' 
INFO: [HLS 200-10] ----------------------------------------------------------------
Execute         set_default_model axis2stream<256u, 256u>_Pipeline_VITIS_LOOP_1521_1 
Execute         schedule -model axis2stream<256u, 256u>_Pipeline_VITIS_LOOP_1521_1 
INFO: [SCHED 204-11] Starting scheduling ...
INFO: [SCHED 204-61] Pipelining loop 'VITIS_LOOP_1521_1'.
Execute           get_top
Execute             get_top 
Execute           get_files -fullpath
Execute             get_files -fullpath 
INFO: [HLS 200-1470] Pipelining result : Target II = NA, Final II = 1, Depth = 2, loop 'VITIS_LOOP_1521_1'
INFO: [SCHED 204-11] Finished scheduling.
INFO: [HLS 200-111] Finished Scheduling: CPU user time: 0.07 seconds. CPU system time: 0.01 seconds. Elapsed time: 0.09 seconds; current allocated memory: 860.266 MB.
Execute         syn_report -verbosereport -o /home/x_thileeb/repos/ops-hls-pact25-artifact/codegen_apps/jacobian3d/vck5000_project/hls/build/hw/temp_dir/kernel_outerloop_0/kernel_outerloop_0/kernel_outerloop_0/solution/.autopilot/db/axis2stream_256u_256u_Pipeline_VITIS_LOOP_1521_1.verbose.sched.rpt 
Execute           AP::get_flow_target_display_name
Execute             get_solution -flow_target 
Execute         db_write -o /home/x_thileeb/repos/ops-hls-pact25-artifact/codegen_apps/jacobian3d/vck5000_project/hls/build/hw/temp_dir/kernel_outerloop_0/kernel_outerloop_0/kernel_outerloop_0/solution/.autopilot/db/axis2stream_256u_256u_Pipeline_VITIS_LOOP_1521_1.sched.adb -f 
INFO-FLOW: Finish scheduling axis2stream<256u, 256u>_Pipeline_VITIS_LOOP_1521_1.
Execute         set_default_model axis2stream<256u, 256u>_Pipeline_VITIS_LOOP_1521_1 
Execute         bind -model axis2stream<256u, 256u>_Pipeline_VITIS_LOOP_1521_1 
INFO: [BIND 205-100] Starting micro-architecture generation ...
INFO: [BIND 205-101] Performing variable lifetime analysis.
INFO: [BIND 205-101] Exploring resource sharing.
INFO: [BIND 205-101] Binding ...
INFO: [BIND 205-100] Finished micro-architecture generation.
INFO: [HLS 200-111] Finished Binding: CPU user time: 0.03 seconds. CPU system time: 0 seconds. Elapsed time: 0.04 seconds; current allocated memory: 860.484 MB.
Execute         syn_report -verbosereport -o /home/x_thileeb/repos/ops-hls-pact25-artifact/codegen_apps/jacobian3d/vck5000_project/hls/build/hw/temp_dir/kernel_outerloop_0/kernel_outerloop_0/kernel_outerloop_0/solution/.autopilot/db/axis2stream_256u_256u_Pipeline_VITIS_LOOP_1521_1.verbose.bind.rpt 
Execute           AP::get_flow_target_display_name
Execute             get_solution -flow_target 
Execute         db_write -o /home/x_thileeb/repos/ops-hls-pact25-artifact/codegen_apps/jacobian3d/vck5000_project/hls/build/hw/temp_dir/kernel_outerloop_0/kernel_outerloop_0/kernel_outerloop_0/solution/.autopilot/db/axis2stream_256u_256u_Pipeline_VITIS_LOOP_1521_1.bind.adb -f 
INFO-FLOW: Finish binding axis2stream<256u, 256u>_Pipeline_VITIS_LOOP_1521_1.
INFO: [HLS 200-10] ----------------------------------------------------------------
INFO: [HLS 200-42] -- Implementing module 'axis2stream_256u_256u_s' 
INFO: [HLS 200-10] ----------------------------------------------------------------
Execute         set_default_model axis2stream<256u, 256u> 
Execute         schedule -model axis2stream<256u, 256u> 
INFO: [SCHED 204-11] Starting scheduling ...
INFO: [SCHED 204-11] Finished scheduling.
INFO: [HLS 200-111] Finished Scheduling: CPU user time: 0.04 seconds. CPU system time: 0 seconds. Elapsed time: 0.05 seconds; current allocated memory: 860.586 MB.
Execute         syn_report -verbosereport -o /home/x_thileeb/repos/ops-hls-pact25-artifact/codegen_apps/jacobian3d/vck5000_project/hls/build/hw/temp_dir/kernel_outerloop_0/kernel_outerloop_0/kernel_outerloop_0/solution/.autopilot/db/axis2stream_256u_256u_s.verbose.sched.rpt 
Execute           AP::get_flow_target_display_name
Execute             get_solution -flow_target 
Execute         db_write -o /home/x_thileeb/repos/ops-hls-pact25-artifact/codegen_apps/jacobian3d/vck5000_project/hls/build/hw/temp_dir/kernel_outerloop_0/kernel_outerloop_0/kernel_outerloop_0/solution/.autopilot/db/axis2stream_256u_256u_s.sched.adb -f 
INFO-FLOW: Finish scheduling axis2stream<256u, 256u>.
Execute         set_default_model axis2stream<256u, 256u> 
Execute         bind -model axis2stream<256u, 256u> 
INFO: [BIND 205-100] Starting micro-architecture generation ...
INFO: [BIND 205-101] Performing variable lifetime analysis.
INFO: [BIND 205-101] Exploring resource sharing.
INFO: [BIND 205-101] Binding ...
INFO: [BIND 205-100] Finished micro-architecture generation.
INFO: [HLS 200-111] Finished Binding: CPU user time: 0.03 seconds. CPU system time: 0 seconds. Elapsed time: 0.05 seconds; current allocated memory: 860.660 MB.
Execute         syn_report -verbosereport -o /home/x_thileeb/repos/ops-hls-pact25-artifact/codegen_apps/jacobian3d/vck5000_project/hls/build/hw/temp_dir/kernel_outerloop_0/kernel_outerloop_0/kernel_outerloop_0/solution/.autopilot/db/axis2stream_256u_256u_s.verbose.bind.rpt 
Execute           AP::get_flow_target_display_name
Execute             get_solution -flow_target 
Execute         db_write -o /home/x_thileeb/repos/ops-hls-pact25-artifact/codegen_apps/jacobian3d/vck5000_project/hls/build/hw/temp_dir/kernel_outerloop_0/kernel_outerloop_0/kernel_outerloop_0/solution/.autopilot/db/axis2stream_256u_256u_s.bind.adb -f 
INFO-FLOW: Finish binding axis2stream<256u, 256u>.
INFO: [HLS 200-10] ----------------------------------------------------------------
INFO: [HLS 200-42] -- Implementing module 'kernel_jac3D_kernel_stencil_core' 
INFO: [HLS 200-10] ----------------------------------------------------------------
Execute         set_default_model kernel_jac3D_kernel_stencil_core 
Execute         schedule -model kernel_jac3D_kernel_stencil_core 
INFO: [SCHED 204-11] Starting scheduling ...
INFO: [SCHED 204-61] Pipelining function 'kernel_jac3D_kernel_stencil_core'.
INFO: [HLS 200-1470] Pipelining result : Target II = 0, Final II = 1, Depth = 10, function 'kernel_jac3D_kernel_stencil_core'
INFO: [SCHED 204-11] Finished scheduling.
Command         schedule done; 0.23 sec.
INFO: [HLS 200-111] Finished Scheduling: CPU user time: 0.26 seconds. CPU system time: 0.01 seconds. Elapsed time: 0.28 seconds; current allocated memory: 860.754 MB.
Execute         syn_report -verbosereport -o /home/x_thileeb/repos/ops-hls-pact25-artifact/codegen_apps/jacobian3d/vck5000_project/hls/build/hw/temp_dir/kernel_outerloop_0/kernel_outerloop_0/kernel_outerloop_0/solution/.autopilot/db/kernel_jac3D_kernel_stencil_core.verbose.sched.rpt 
Execute           AP::get_flow_target_display_name
Execute             get_solution -flow_target 
Execute         db_write -o /home/x_thileeb/repos/ops-hls-pact25-artifact/codegen_apps/jacobian3d/vck5000_project/hls/build/hw/temp_dir/kernel_outerloop_0/kernel_outerloop_0/kernel_outerloop_0/solution/.autopilot/db/kernel_jac3D_kernel_stencil_core.sched.adb -f 
INFO-FLOW: Finish scheduling kernel_jac3D_kernel_stencil_core.
Execute         set_default_model kernel_jac3D_kernel_stencil_core 
Execute         bind -model kernel_jac3D_kernel_stencil_core 
INFO: [BIND 205-100] Starting micro-architecture generation ...
INFO: [BIND 205-101] Performing variable lifetime analysis.
INFO: [BIND 205-101] Exploring resource sharing.
INFO: [BIND 205-101] Binding ...
INFO: [BIND 205-100] Finished micro-architecture generation.
Command         bind done; 0.11 sec.
INFO: [HLS 200-111] Finished Binding: CPU user time: 0.2 seconds. CPU system time: 0 seconds. Elapsed time: 0.21 seconds; current allocated memory: 860.973 MB.
Execute         syn_report -verbosereport -o /home/x_thileeb/repos/ops-hls-pact25-artifact/codegen_apps/jacobian3d/vck5000_project/hls/build/hw/temp_dir/kernel_outerloop_0/kernel_outerloop_0/kernel_outerloop_0/solution/.autopilot/db/kernel_jac3D_kernel_stencil_core.verbose.bind.rpt 
Execute           AP::get_flow_target_display_name
Execute             get_solution -flow_target 
Command         syn_report done; 0.11 sec.
Execute         db_write -o /home/x_thileeb/repos/ops-hls-pact25-artifact/codegen_apps/jacobian3d/vck5000_project/hls/build/hw/temp_dir/kernel_outerloop_0/kernel_outerloop_0/kernel_outerloop_0/solution/.autopilot/db/kernel_jac3D_kernel_stencil_core.bind.adb -f 
INFO-FLOW: Finish binding kernel_jac3D_kernel_stencil_core.
INFO: [HLS 200-10] ----------------------------------------------------------------
INFO: [HLS 200-42] -- Implementing module 'stencilRun_Pipeline_VITIS_LOOP_194_1' 
INFO: [HLS 200-10] ----------------------------------------------------------------
Execute         set_default_model stencilRun_Pipeline_VITIS_LOOP_194_1 
Execute         schedule -model stencilRun_Pipeline_VITIS_LOOP_194_1 
INFO: [SCHED 204-11] Starting scheduling ...
INFO: [SCHED 204-61] Pipelining loop 'VITIS_LOOP_194_1'.
INFO: [HLS 200-1470] Pipelining result : Target II = 1, Final II = 1, Depth = 20, loop 'VITIS_LOOP_194_1'
INFO: [SCHED 204-11] Finished scheduling.
Command         schedule done; 0.8 sec.
INFO: [HLS 200-111] Finished Scheduling: CPU user time: 0.9 seconds. CPU system time: 0.01 seconds. Elapsed time: 0.92 seconds; current allocated memory: 866.523 MB.
Execute         syn_report -verbosereport -o /home/x_thileeb/repos/ops-hls-pact25-artifact/codegen_apps/jacobian3d/vck5000_project/hls/build/hw/temp_dir/kernel_outerloop_0/kernel_outerloop_0/kernel_outerloop_0/solution/.autopilot/db/stencilRun_Pipeline_VITIS_LOOP_194_1.verbose.sched.rpt 
Execute           AP::get_flow_target_display_name
Execute             get_solution -flow_target 
Command         syn_report done; 0.32 sec.
Execute         db_write -o /home/x_thileeb/repos/ops-hls-pact25-artifact/codegen_apps/jacobian3d/vck5000_project/hls/build/hw/temp_dir/kernel_outerloop_0/kernel_outerloop_0/kernel_outerloop_0/solution/.autopilot/db/stencilRun_Pipeline_VITIS_LOOP_194_1.sched.adb -f 
INFO-FLOW: Finish scheduling stencilRun_Pipeline_VITIS_LOOP_194_1.
Execute         set_default_model stencilRun_Pipeline_VITIS_LOOP_194_1 
Execute         bind -model stencilRun_Pipeline_VITIS_LOOP_194_1 
INFO: [BIND 205-100] Starting micro-architecture generation ...
INFO: [BIND 205-101] Performing variable lifetime analysis.
INFO: [BIND 205-101] Exploring resource sharing.
INFO: [BIND 205-101] Binding ...
INFO: [BIND 205-100] Finished micro-architecture generation.
Command         bind done; 0.73 sec.
INFO: [HLS 200-111] Finished Binding: CPU user time: 1.07 seconds. CPU system time: 0.01 seconds. Elapsed time: 1.09 seconds; current allocated memory: 866.523 MB.
Execute         syn_report -verbosereport -o /home/x_thileeb/repos/ops-hls-pact25-artifact/codegen_apps/jacobian3d/vck5000_project/hls/build/hw/temp_dir/kernel_outerloop_0/kernel_outerloop_0/kernel_outerloop_0/solution/.autopilot/db/stencilRun_Pipeline_VITIS_LOOP_194_1.verbose.bind.rpt 
Execute           AP::get_flow_target_display_name
Execute             get_solution -flow_target 
Command         syn_report done; 1.83 sec.
Execute         db_write -o /home/x_thileeb/repos/ops-hls-pact25-artifact/codegen_apps/jacobian3d/vck5000_project/hls/build/hw/temp_dir/kernel_outerloop_0/kernel_outerloop_0/kernel_outerloop_0/solution/.autopilot/db/stencilRun_Pipeline_VITIS_LOOP_194_1.bind.adb -f 
INFO-FLOW: Finish binding stencilRun_Pipeline_VITIS_LOOP_194_1.
INFO: [HLS 200-10] ----------------------------------------------------------------
INFO: [HLS 200-42] -- Implementing module 'stencilRun' 
INFO: [HLS 200-10] ----------------------------------------------------------------
Execute         set_default_model stencilRun 
Execute         schedule -model stencilRun 
INFO: [SCHED 204-11] Starting scheduling ...
INFO: [HLS 200-486] Changing DSP latency (root=mul_ln147) to 3 in order to utilize available DSP registers.
INFO: [HLS 200-486] Changing DSP latency (root=mul_ln96) to 3 in order to utilize available DSP registers.
INFO: [SCHED 204-11] Finished scheduling.
Command         schedule done; 0.19 sec.
INFO: [HLS 200-111] Finished Scheduling: CPU user time: 2.05 seconds. CPU system time: 0 seconds. Elapsed time: 2.08 seconds; current allocated memory: 866.523 MB.
Execute         syn_report -verbosereport -o /home/x_thileeb/repos/ops-hls-pact25-artifact/codegen_apps/jacobian3d/vck5000_project/hls/build/hw/temp_dir/kernel_outerloop_0/kernel_outerloop_0/kernel_outerloop_0/solution/.autopilot/db/stencilRun.verbose.sched.rpt 
Execute           AP::get_flow_target_display_name
Execute             get_solution -flow_target 
Execute         db_write -o /home/x_thileeb/repos/ops-hls-pact25-artifact/codegen_apps/jacobian3d/vck5000_project/hls/build/hw/temp_dir/kernel_outerloop_0/kernel_outerloop_0/kernel_outerloop_0/solution/.autopilot/db/stencilRun.sched.adb -f 
INFO-FLOW: Finish scheduling stencilRun.
Execute         set_default_model stencilRun 
Execute         bind -model stencilRun 
INFO: [BIND 205-100] Starting micro-architecture generation ...
INFO: [BIND 205-101] Performing variable lifetime analysis.
INFO: [BIND 205-101] Exploring resource sharing.
INFO: [BIND 205-101] Binding ...
INFO: [BIND 205-100] Finished micro-architecture generation.
Command         bind done; 0.64 sec.
INFO: [HLS 200-111] Finished Binding: CPU user time: 0.71 seconds. CPU system time: 0.01 seconds. Elapsed time: 0.72 seconds; current allocated memory: 866.523 MB.
Execute         syn_report -verbosereport -o /home/x_thileeb/repos/ops-hls-pact25-artifact/codegen_apps/jacobian3d/vck5000_project/hls/build/hw/temp_dir/kernel_outerloop_0/kernel_outerloop_0/kernel_outerloop_0/solution/.autopilot/db/stencilRun.verbose.bind.rpt 
Execute           AP::get_flow_target_display_name
Execute             get_solution -flow_target 
Command         syn_report done; 1.72 sec.
Execute         db_write -o /home/x_thileeb/repos/ops-hls-pact25-artifact/codegen_apps/jacobian3d/vck5000_project/hls/build/hw/temp_dir/kernel_outerloop_0/kernel_outerloop_0/kernel_outerloop_0/solution/.autopilot/db/stencilRun.bind.adb -f 
INFO-FLOW: Finish binding stencilRun.
INFO: [HLS 200-10] ----------------------------------------------------------------
INFO: [HLS 200-42] -- Implementing module 'joint_PE_outerloop_0' 
INFO: [HLS 200-10] ----------------------------------------------------------------
Execute         set_default_model joint_PE_outerloop_0 
Execute         schedule -model joint_PE_outerloop_0 
INFO: [SCHED 204-11] Starting scheduling ...
INFO: [SCHED 204-11] Finished scheduling.
INFO: [HLS 200-111] Finished Scheduling: CPU user time: 1.76 seconds. CPU system time: 0 seconds. Elapsed time: 1.78 seconds; current allocated memory: 866.523 MB.
Execute         syn_report -verbosereport -o /home/x_thileeb/repos/ops-hls-pact25-artifact/codegen_apps/jacobian3d/vck5000_project/hls/build/hw/temp_dir/kernel_outerloop_0/kernel_outerloop_0/kernel_outerloop_0/solution/.autopilot/db/joint_PE_outerloop_0.verbose.sched.rpt 
Execute           AP::get_flow_target_display_name
Execute             get_solution -flow_target 
Execute         db_write -o /home/x_thileeb/repos/ops-hls-pact25-artifact/codegen_apps/jacobian3d/vck5000_project/hls/build/hw/temp_dir/kernel_outerloop_0/kernel_outerloop_0/kernel_outerloop_0/solution/.autopilot/db/joint_PE_outerloop_0.sched.adb -f 
INFO-FLOW: Finish scheduling joint_PE_outerloop_0.
Execute         set_default_model joint_PE_outerloop_0 
Execute         bind -model joint_PE_outerloop_0 
INFO: [BIND 205-100] Starting micro-architecture generation ...
INFO: [BIND 205-101] Performing variable lifetime analysis.
INFO: [BIND 205-101] Exploring resource sharing.
INFO: [BIND 205-101] Binding ...
INFO: [BIND 205-100] Finished micro-architecture generation.
Command         bind done; 0.46 sec.
INFO: [HLS 200-111] Finished Binding: CPU user time: 0.47 seconds. CPU system time: 0 seconds. Elapsed time: 0.49 seconds; current allocated memory: 866.523 MB.
Execute         syn_report -verbosereport -o /home/x_thileeb/repos/ops-hls-pact25-artifact/codegen_apps/jacobian3d/vck5000_project/hls/build/hw/temp_dir/kernel_outerloop_0/kernel_outerloop_0/kernel_outerloop_0/solution/.autopilot/db/joint_PE_outerloop_0.verbose.bind.rpt 
Execute           AP::get_flow_target_display_name
Execute             get_solution -flow_target 
Command         syn_report done; 1.65 sec.
Execute         db_write -o /home/x_thileeb/repos/ops-hls-pact25-artifact/codegen_apps/jacobian3d/vck5000_project/hls/build/hw/temp_dir/kernel_outerloop_0/kernel_outerloop_0/kernel_outerloop_0/solution/.autopilot/db/joint_PE_outerloop_0.bind.adb -f 
INFO-FLOW: Finish binding joint_PE_outerloop_0.
INFO: [HLS 200-10] ----------------------------------------------------------------
INFO: [HLS 200-42] -- Implementing module 'joint_PE_outerloop_0_1' 
INFO: [HLS 200-10] ----------------------------------------------------------------
Execute         set_default_model joint_PE_outerloop_0.1 
Execute         schedule -model joint_PE_outerloop_0.1 
INFO: [SCHED 204-11] Starting scheduling ...
INFO: [SCHED 204-11] Finished scheduling.
INFO: [HLS 200-111] Finished Scheduling: CPU user time: 1.67 seconds. CPU system time: 0 seconds. Elapsed time: 1.7 seconds; current allocated memory: 866.523 MB.
Execute         syn_report -verbosereport -o /home/x_thileeb/repos/ops-hls-pact25-artifact/codegen_apps/jacobian3d/vck5000_project/hls/build/hw/temp_dir/kernel_outerloop_0/kernel_outerloop_0/kernel_outerloop_0/solution/.autopilot/db/joint_PE_outerloop_0_1.verbose.sched.rpt 
Execute           AP::get_flow_target_display_name
Execute             get_solution -flow_target 
Execute         db_write -o /home/x_thileeb/repos/ops-hls-pact25-artifact/codegen_apps/jacobian3d/vck5000_project/hls/build/hw/temp_dir/kernel_outerloop_0/kernel_outerloop_0/kernel_outerloop_0/solution/.autopilot/db/joint_PE_outerloop_0_1.sched.adb -f 
INFO-FLOW: Finish scheduling joint_PE_outerloop_0.1.
Execute         set_default_model joint_PE_outerloop_0.1 
Execute         bind -model joint_PE_outerloop_0.1 
INFO: [BIND 205-100] Starting micro-architecture generation ...
INFO: [BIND 205-101] Performing variable lifetime analysis.
INFO: [BIND 205-101] Exploring resource sharing.
INFO: [BIND 205-101] Binding ...
INFO: [BIND 205-100] Finished micro-architecture generation.
Command         bind done; 0.63 sec.
INFO: [HLS 200-111] Finished Binding: CPU user time: 0.64 seconds. CPU system time: 0.01 seconds. Elapsed time: 0.66 seconds; current allocated memory: 866.523 MB.
Execute         syn_report -verbosereport -o /home/x_thileeb/repos/ops-hls-pact25-artifact/codegen_apps/jacobian3d/vck5000_project/hls/build/hw/temp_dir/kernel_outerloop_0/kernel_outerloop_0/kernel_outerloop_0/solution/.autopilot/db/joint_PE_outerloop_0_1.verbose.bind.rpt 
Execute           AP::get_flow_target_display_name
Execute             get_solution -flow_target 
Command         syn_report done; 1.81 sec.
Execute         db_write -o /home/x_thileeb/repos/ops-hls-pact25-artifact/codegen_apps/jacobian3d/vck5000_project/hls/build/hw/temp_dir/kernel_outerloop_0/kernel_outerloop_0/kernel_outerloop_0/solution/.autopilot/db/joint_PE_outerloop_0_1.bind.adb -f 
INFO-FLOW: Finish binding joint_PE_outerloop_0.1.
INFO: [HLS 200-10] ----------------------------------------------------------------
INFO: [HLS 200-42] -- Implementing module 'joint_PE_outerloop_0_2' 
INFO: [HLS 200-10] ----------------------------------------------------------------
Execute         set_default_model joint_PE_outerloop_0.2 
Execute         schedule -model joint_PE_outerloop_0.2 
INFO: [SCHED 204-11] Starting scheduling ...
INFO: [SCHED 204-11] Finished scheduling.
INFO: [HLS 200-111] Finished Scheduling: CPU user time: 1.84 seconds. CPU system time: 0 seconds. Elapsed time: 1.85 seconds; current allocated memory: 866.523 MB.
Execute         syn_report -verbosereport -o /home/x_thileeb/repos/ops-hls-pact25-artifact/codegen_apps/jacobian3d/vck5000_project/hls/build/hw/temp_dir/kernel_outerloop_0/kernel_outerloop_0/kernel_outerloop_0/solution/.autopilot/db/joint_PE_outerloop_0_2.verbose.sched.rpt 
Execute           AP::get_flow_target_display_name
Execute             get_solution -flow_target 
Execute         db_write -o /home/x_thileeb/repos/ops-hls-pact25-artifact/codegen_apps/jacobian3d/vck5000_project/hls/build/hw/temp_dir/kernel_outerloop_0/kernel_outerloop_0/kernel_outerloop_0/solution/.autopilot/db/joint_PE_outerloop_0_2.sched.adb -f 
INFO-FLOW: Finish scheduling joint_PE_outerloop_0.2.
Execute         set_default_model joint_PE_outerloop_0.2 
Execute         bind -model joint_PE_outerloop_0.2 
INFO: [BIND 205-100] Starting micro-architecture generation ...
INFO: [BIND 205-101] Performing variable lifetime analysis.
INFO: [BIND 205-101] Exploring resource sharing.
INFO: [BIND 205-101] Binding ...
INFO: [BIND 205-100] Finished micro-architecture generation.
Command         bind done; 0.62 sec.
INFO: [HLS 200-111] Finished Binding: CPU user time: 0.62 seconds. CPU system time: 0 seconds. Elapsed time: 0.64 seconds; current allocated memory: 866.781 MB.
Execute         syn_report -verbosereport -o /home/x_thileeb/repos/ops-hls-pact25-artifact/codegen_apps/jacobian3d/vck5000_project/hls/build/hw/temp_dir/kernel_outerloop_0/kernel_outerloop_0/kernel_outerloop_0/solution/.autopilot/db/joint_PE_outerloop_0_2.verbose.bind.rpt 
Execute           AP::get_flow_target_display_name
Execute             get_solution -flow_target 
Command         syn_report done; 1.76 sec.
Execute         db_write -o /home/x_thileeb/repos/ops-hls-pact25-artifact/codegen_apps/jacobian3d/vck5000_project/hls/build/hw/temp_dir/kernel_outerloop_0/kernel_outerloop_0/kernel_outerloop_0/solution/.autopilot/db/joint_PE_outerloop_0_2.bind.adb -f 
INFO-FLOW: Finish binding joint_PE_outerloop_0.2.
INFO: [HLS 200-10] ----------------------------------------------------------------
INFO: [HLS 200-42] -- Implementing module 'joint_PE_outerloop_0_3' 
INFO: [HLS 200-10] ----------------------------------------------------------------
Execute         set_default_model joint_PE_outerloop_0.3 
Execute         schedule -model joint_PE_outerloop_0.3 
INFO: [SCHED 204-11] Starting scheduling ...
INFO: [SCHED 204-11] Finished scheduling.
INFO: [HLS 200-111] Finished Scheduling: CPU user time: 1.79 seconds. CPU system time: 0 seconds. Elapsed time: 1.81 seconds; current allocated memory: 866.988 MB.
Execute         syn_report -verbosereport -o /home/x_thileeb/repos/ops-hls-pact25-artifact/codegen_apps/jacobian3d/vck5000_project/hls/build/hw/temp_dir/kernel_outerloop_0/kernel_outerloop_0/kernel_outerloop_0/solution/.autopilot/db/joint_PE_outerloop_0_3.verbose.sched.rpt 
Execute           AP::get_flow_target_display_name
Execute             get_solution -flow_target 
Execute         db_write -o /home/x_thileeb/repos/ops-hls-pact25-artifact/codegen_apps/jacobian3d/vck5000_project/hls/build/hw/temp_dir/kernel_outerloop_0/kernel_outerloop_0/kernel_outerloop_0/solution/.autopilot/db/joint_PE_outerloop_0_3.sched.adb -f 
INFO-FLOW: Finish scheduling joint_PE_outerloop_0.3.
Execute         set_default_model joint_PE_outerloop_0.3 
Execute         bind -model joint_PE_outerloop_0.3 
INFO: [BIND 205-100] Starting micro-architecture generation ...
INFO: [BIND 205-101] Performing variable lifetime analysis.
INFO: [BIND 205-101] Exploring resource sharing.
INFO: [BIND 205-101] Binding ...
INFO: [BIND 205-100] Finished micro-architecture generation.
Command         bind done; 0.61 sec.
INFO: [HLS 200-111] Finished Binding: CPU user time: 0.61 seconds. CPU system time: 0.01 seconds. Elapsed time: 0.63 seconds; current allocated memory: 867.281 MB.
Execute         syn_report -verbosereport -o /home/x_thileeb/repos/ops-hls-pact25-artifact/codegen_apps/jacobian3d/vck5000_project/hls/build/hw/temp_dir/kernel_outerloop_0/kernel_outerloop_0/kernel_outerloop_0/solution/.autopilot/db/joint_PE_outerloop_0_3.verbose.bind.rpt 
Execute           AP::get_flow_target_display_name
Execute             get_solution -flow_target 
Command         syn_report done; 1.77 sec.
Execute         db_write -o /home/x_thileeb/repos/ops-hls-pact25-artifact/codegen_apps/jacobian3d/vck5000_project/hls/build/hw/temp_dir/kernel_outerloop_0/kernel_outerloop_0/kernel_outerloop_0/solution/.autopilot/db/joint_PE_outerloop_0_3.bind.adb -f 
INFO-FLOW: Finish binding joint_PE_outerloop_0.3.
INFO: [HLS 200-10] ----------------------------------------------------------------
INFO: [HLS 200-42] -- Implementing module 'joint_PE_outerloop_0_4' 
INFO: [HLS 200-10] ----------------------------------------------------------------
Execute         set_default_model joint_PE_outerloop_0.4 
Execute         schedule -model joint_PE_outerloop_0.4 
INFO: [SCHED 204-11] Starting scheduling ...
INFO: [SCHED 204-11] Finished scheduling.
INFO: [HLS 200-111] Finished Scheduling: CPU user time: 1.8 seconds. CPU system time: 0 seconds. Elapsed time: 1.82 seconds; current allocated memory: 867.523 MB.
Execute         syn_report -verbosereport -o /home/x_thileeb/repos/ops-hls-pact25-artifact/codegen_apps/jacobian3d/vck5000_project/hls/build/hw/temp_dir/kernel_outerloop_0/kernel_outerloop_0/kernel_outerloop_0/solution/.autopilot/db/joint_PE_outerloop_0_4.verbose.sched.rpt 
Execute           AP::get_flow_target_display_name
Execute             get_solution -flow_target 
Execute         db_write -o /home/x_thileeb/repos/ops-hls-pact25-artifact/codegen_apps/jacobian3d/vck5000_project/hls/build/hw/temp_dir/kernel_outerloop_0/kernel_outerloop_0/kernel_outerloop_0/solution/.autopilot/db/joint_PE_outerloop_0_4.sched.adb -f 
INFO-FLOW: Finish scheduling joint_PE_outerloop_0.4.
Execute         set_default_model joint_PE_outerloop_0.4 
Execute         bind -model joint_PE_outerloop_0.4 
INFO: [BIND 205-100] Starting micro-architecture generation ...
INFO: [BIND 205-101] Performing variable lifetime analysis.
INFO: [BIND 205-101] Exploring resource sharing.
INFO: [BIND 205-101] Binding ...
INFO: [BIND 205-100] Finished micro-architecture generation.
Command         bind done; 0.52 sec.
INFO: [HLS 200-111] Finished Binding: CPU user time: 0.53 seconds. CPU system time: 0 seconds. Elapsed time: 0.54 seconds; current allocated memory: 867.816 MB.
Execute         syn_report -verbosereport -o /home/x_thileeb/repos/ops-hls-pact25-artifact/codegen_apps/jacobian3d/vck5000_project/hls/build/hw/temp_dir/kernel_outerloop_0/kernel_outerloop_0/kernel_outerloop_0/solution/.autopilot/db/joint_PE_outerloop_0_4.verbose.bind.rpt 
Execute           AP::get_flow_target_display_name
Execute             get_solution -flow_target 
Command         syn_report done; 1.72 sec.
Execute         db_write -o /home/x_thileeb/repos/ops-hls-pact25-artifact/codegen_apps/jacobian3d/vck5000_project/hls/build/hw/temp_dir/kernel_outerloop_0/kernel_outerloop_0/kernel_outerloop_0/solution/.autopilot/db/joint_PE_outerloop_0_4.bind.adb -f 
INFO-FLOW: Finish binding joint_PE_outerloop_0.4.
INFO: [HLS 200-10] ----------------------------------------------------------------
INFO: [HLS 200-42] -- Implementing module 'joint_PE_outerloop_0_5' 
INFO: [HLS 200-10] ----------------------------------------------------------------
Execute         set_default_model joint_PE_outerloop_0.5 
Execute         schedule -model joint_PE_outerloop_0.5 
INFO: [SCHED 204-11] Starting scheduling ...
INFO: [SCHED 204-11] Finished scheduling.
INFO: [HLS 200-111] Finished Scheduling: CPU user time: 1.79 seconds. CPU system time: 0 seconds. Elapsed time: 1.81 seconds; current allocated memory: 867.996 MB.
Execute         syn_report -verbosereport -o /home/x_thileeb/repos/ops-hls-pact25-artifact/codegen_apps/jacobian3d/vck5000_project/hls/build/hw/temp_dir/kernel_outerloop_0/kernel_outerloop_0/kernel_outerloop_0/solution/.autopilot/db/joint_PE_outerloop_0_5.verbose.sched.rpt 
Execute           AP::get_flow_target_display_name
Execute             get_solution -flow_target 
Execute         db_write -o /home/x_thileeb/repos/ops-hls-pact25-artifact/codegen_apps/jacobian3d/vck5000_project/hls/build/hw/temp_dir/kernel_outerloop_0/kernel_outerloop_0/kernel_outerloop_0/solution/.autopilot/db/joint_PE_outerloop_0_5.sched.adb -f 
INFO-FLOW: Finish scheduling joint_PE_outerloop_0.5.
Execute         set_default_model joint_PE_outerloop_0.5 
Execute         bind -model joint_PE_outerloop_0.5 
INFO: [BIND 205-100] Starting micro-architecture generation ...
INFO: [BIND 205-101] Performing variable lifetime analysis.
INFO: [BIND 205-101] Exploring resource sharing.
INFO: [BIND 205-101] Binding ...
INFO: [BIND 205-100] Finished micro-architecture generation.
Command         bind done; 0.51 sec.
INFO: [HLS 200-111] Finished Binding: CPU user time: 0.53 seconds. CPU system time: 0 seconds. Elapsed time: 0.54 seconds; current allocated memory: 868.305 MB.
Execute         syn_report -verbosereport -o /home/x_thileeb/repos/ops-hls-pact25-artifact/codegen_apps/jacobian3d/vck5000_project/hls/build/hw/temp_dir/kernel_outerloop_0/kernel_outerloop_0/kernel_outerloop_0/solution/.autopilot/db/joint_PE_outerloop_0_5.verbose.bind.rpt 
Execute           AP::get_flow_target_display_name
Execute             get_solution -flow_target 
Command         syn_report done; 1.56 sec.
Execute         db_write -o /home/x_thileeb/repos/ops-hls-pact25-artifact/codegen_apps/jacobian3d/vck5000_project/hls/build/hw/temp_dir/kernel_outerloop_0/kernel_outerloop_0/kernel_outerloop_0/solution/.autopilot/db/joint_PE_outerloop_0_5.bind.adb -f 
INFO-FLOW: Finish binding joint_PE_outerloop_0.5.
INFO: [HLS 200-10] ----------------------------------------------------------------
INFO: [HLS 200-42] -- Implementing module 'joint_PE_outerloop_0_6' 
INFO: [HLS 200-10] ----------------------------------------------------------------
Execute         set_default_model joint_PE_outerloop_0.6 
Execute         schedule -model joint_PE_outerloop_0.6 
INFO: [SCHED 204-11] Starting scheduling ...
INFO: [SCHED 204-11] Finished scheduling.
INFO: [HLS 200-111] Finished Scheduling: CPU user time: 1.59 seconds. CPU system time: 0 seconds. Elapsed time: 1.6 seconds; current allocated memory: 868.484 MB.
Execute         syn_report -verbosereport -o /home/x_thileeb/repos/ops-hls-pact25-artifact/codegen_apps/jacobian3d/vck5000_project/hls/build/hw/temp_dir/kernel_outerloop_0/kernel_outerloop_0/kernel_outerloop_0/solution/.autopilot/db/joint_PE_outerloop_0_6.verbose.sched.rpt 
Execute           AP::get_flow_target_display_name
Execute             get_solution -flow_target 
Execute         db_write -o /home/x_thileeb/repos/ops-hls-pact25-artifact/codegen_apps/jacobian3d/vck5000_project/hls/build/hw/temp_dir/kernel_outerloop_0/kernel_outerloop_0/kernel_outerloop_0/solution/.autopilot/db/joint_PE_outerloop_0_6.sched.adb -f 
INFO-FLOW: Finish scheduling joint_PE_outerloop_0.6.
Execute         set_default_model joint_PE_outerloop_0.6 
Execute         bind -model joint_PE_outerloop_0.6 
INFO: [BIND 205-100] Starting micro-architecture generation ...
INFO: [BIND 205-101] Performing variable lifetime analysis.
INFO: [BIND 205-101] Exploring resource sharing.
INFO: [BIND 205-101] Binding ...
INFO: [BIND 205-100] Finished micro-architecture generation.
Command         bind done; 0.64 sec.
INFO: [HLS 200-111] Finished Binding: CPU user time: 0.64 seconds. CPU system time: 0 seconds. Elapsed time: 0.66 seconds; current allocated memory: 868.777 MB.
Execute         syn_report -verbosereport -o /home/x_thileeb/repos/ops-hls-pact25-artifact/codegen_apps/jacobian3d/vck5000_project/hls/build/hw/temp_dir/kernel_outerloop_0/kernel_outerloop_0/kernel_outerloop_0/solution/.autopilot/db/joint_PE_outerloop_0_6.verbose.bind.rpt 
Execute           AP::get_flow_target_display_name
Execute             get_solution -flow_target 
Command         syn_report done; 1.8 sec.
Execute         db_write -o /home/x_thileeb/repos/ops-hls-pact25-artifact/codegen_apps/jacobian3d/vck5000_project/hls/build/hw/temp_dir/kernel_outerloop_0/kernel_outerloop_0/kernel_outerloop_0/solution/.autopilot/db/joint_PE_outerloop_0_6.bind.adb -f 
INFO-FLOW: Finish binding joint_PE_outerloop_0.6.
INFO: [HLS 200-10] ----------------------------------------------------------------
INFO: [HLS 200-42] -- Implementing module 'joint_PE_outerloop_0_7' 
INFO: [HLS 200-10] ----------------------------------------------------------------
Execute         set_default_model joint_PE_outerloop_0.7 
Execute         schedule -model joint_PE_outerloop_0.7 
INFO: [SCHED 204-11] Starting scheduling ...
INFO: [SCHED 204-11] Finished scheduling.
INFO: [HLS 200-111] Finished Scheduling: CPU user time: 1.83 seconds. CPU system time: 0 seconds. Elapsed time: 1.85 seconds; current allocated memory: 868.984 MB.
Execute         syn_report -verbosereport -o /home/x_thileeb/repos/ops-hls-pact25-artifact/codegen_apps/jacobian3d/vck5000_project/hls/build/hw/temp_dir/kernel_outerloop_0/kernel_outerloop_0/kernel_outerloop_0/solution/.autopilot/db/joint_PE_outerloop_0_7.verbose.sched.rpt 
Execute           AP::get_flow_target_display_name
Execute             get_solution -flow_target 
Execute         db_write -o /home/x_thileeb/repos/ops-hls-pact25-artifact/codegen_apps/jacobian3d/vck5000_project/hls/build/hw/temp_dir/kernel_outerloop_0/kernel_outerloop_0/kernel_outerloop_0/solution/.autopilot/db/joint_PE_outerloop_0_7.sched.adb -f 
INFO-FLOW: Finish scheduling joint_PE_outerloop_0.7.
Execute         set_default_model joint_PE_outerloop_0.7 
Execute         bind -model joint_PE_outerloop_0.7 
INFO: [BIND 205-100] Starting micro-architecture generation ...
INFO: [BIND 205-101] Performing variable lifetime analysis.
INFO: [BIND 205-101] Exploring resource sharing.
INFO: [BIND 205-101] Binding ...
INFO: [BIND 205-100] Finished micro-architecture generation.
Command         bind done; 0.64 sec.
INFO: [HLS 200-111] Finished Binding: CPU user time: 0.65 seconds. CPU system time: 0 seconds. Elapsed time: 0.66 seconds; current allocated memory: 869.344 MB.
Execute         syn_report -verbosereport -o /home/x_thileeb/repos/ops-hls-pact25-artifact/codegen_apps/jacobian3d/vck5000_project/hls/build/hw/temp_dir/kernel_outerloop_0/kernel_outerloop_0/kernel_outerloop_0/solution/.autopilot/db/joint_PE_outerloop_0_7.verbose.bind.rpt 
Execute           AP::get_flow_target_display_name
Execute             get_solution -flow_target 
Command         syn_report done; 1.74 sec.
Execute         db_write -o /home/x_thileeb/repos/ops-hls-pact25-artifact/codegen_apps/jacobian3d/vck5000_project/hls/build/hw/temp_dir/kernel_outerloop_0/kernel_outerloop_0/kernel_outerloop_0/solution/.autopilot/db/joint_PE_outerloop_0_7.bind.adb -f 
INFO-FLOW: Finish binding joint_PE_outerloop_0.7.
INFO: [HLS 200-10] ----------------------------------------------------------------
INFO: [HLS 200-42] -- Implementing module 'joint_PE_outerloop_0_8' 
INFO: [HLS 200-10] ----------------------------------------------------------------
Execute         set_default_model joint_PE_outerloop_0.8 
Execute         schedule -model joint_PE_outerloop_0.8 
INFO: [SCHED 204-11] Starting scheduling ...
INFO: [SCHED 204-11] Finished scheduling.
INFO: [HLS 200-111] Finished Scheduling: CPU user time: 1.77 seconds. CPU system time: 0 seconds. Elapsed time: 1.79 seconds; current allocated memory: 869.520 MB.
Execute         syn_report -verbosereport -o /home/x_thileeb/repos/ops-hls-pact25-artifact/codegen_apps/jacobian3d/vck5000_project/hls/build/hw/temp_dir/kernel_outerloop_0/kernel_outerloop_0/kernel_outerloop_0/solution/.autopilot/db/joint_PE_outerloop_0_8.verbose.sched.rpt 
Execute           AP::get_flow_target_display_name
Execute             get_solution -flow_target 
Execute         db_write -o /home/x_thileeb/repos/ops-hls-pact25-artifact/codegen_apps/jacobian3d/vck5000_project/hls/build/hw/temp_dir/kernel_outerloop_0/kernel_outerloop_0/kernel_outerloop_0/solution/.autopilot/db/joint_PE_outerloop_0_8.sched.adb -f 
INFO-FLOW: Finish scheduling joint_PE_outerloop_0.8.
Execute         set_default_model joint_PE_outerloop_0.8 
Execute         bind -model joint_PE_outerloop_0.8 
INFO: [BIND 205-100] Starting micro-architecture generation ...
INFO: [BIND 205-101] Performing variable lifetime analysis.
INFO: [BIND 205-101] Exploring resource sharing.
INFO: [BIND 205-101] Binding ...
INFO: [BIND 205-100] Finished micro-architecture generation.
Command         bind done; 0.51 sec.
INFO: [HLS 200-111] Finished Binding: CPU user time: 0.52 seconds. CPU system time: 0 seconds. Elapsed time: 0.53 seconds; current allocated memory: 869.816 MB.
Execute         syn_report -verbosereport -o /home/x_thileeb/repos/ops-hls-pact25-artifact/codegen_apps/jacobian3d/vck5000_project/hls/build/hw/temp_dir/kernel_outerloop_0/kernel_outerloop_0/kernel_outerloop_0/solution/.autopilot/db/joint_PE_outerloop_0_8.verbose.bind.rpt 
Execute           AP::get_flow_target_display_name
Execute             get_solution -flow_target 
Command         syn_report done; 1.4 sec.
Execute         db_write -o /home/x_thileeb/repos/ops-hls-pact25-artifact/codegen_apps/jacobian3d/vck5000_project/hls/build/hw/temp_dir/kernel_outerloop_0/kernel_outerloop_0/kernel_outerloop_0/solution/.autopilot/db/joint_PE_outerloop_0_8.bind.adb -f 
INFO-FLOW: Finish binding joint_PE_outerloop_0.8.
INFO: [HLS 200-10] ----------------------------------------------------------------
INFO: [HLS 200-42] -- Implementing module 'joint_PE_outerloop_0_9' 
INFO: [HLS 200-10] ----------------------------------------------------------------
Execute         set_default_model joint_PE_outerloop_0.9 
Execute         schedule -model joint_PE_outerloop_0.9 
INFO: [SCHED 204-11] Starting scheduling ...
INFO: [SCHED 204-11] Finished scheduling.
INFO: [HLS 200-111] Finished Scheduling: CPU user time: 1.44 seconds. CPU system time: 0 seconds. Elapsed time: 1.45 seconds; current allocated memory: 869.992 MB.
Execute         syn_report -verbosereport -o /home/x_thileeb/repos/ops-hls-pact25-artifact/codegen_apps/jacobian3d/vck5000_project/hls/build/hw/temp_dir/kernel_outerloop_0/kernel_outerloop_0/kernel_outerloop_0/solution/.autopilot/db/joint_PE_outerloop_0_9.verbose.sched.rpt 
Execute           AP::get_flow_target_display_name
Execute             get_solution -flow_target 
Execute         db_write -o /home/x_thileeb/repos/ops-hls-pact25-artifact/codegen_apps/jacobian3d/vck5000_project/hls/build/hw/temp_dir/kernel_outerloop_0/kernel_outerloop_0/kernel_outerloop_0/solution/.autopilot/db/joint_PE_outerloop_0_9.sched.adb -f 
INFO-FLOW: Finish scheduling joint_PE_outerloop_0.9.
Execute         set_default_model joint_PE_outerloop_0.9 
Execute         bind -model joint_PE_outerloop_0.9 
INFO: [BIND 205-100] Starting micro-architecture generation ...
INFO: [BIND 205-101] Performing variable lifetime analysis.
INFO: [BIND 205-101] Exploring resource sharing.
INFO: [BIND 205-101] Binding ...
INFO: [BIND 205-100] Finished micro-architecture generation.
Command         bind done; 0.5 sec.
INFO: [HLS 200-111] Finished Binding: CPU user time: 0.51 seconds. CPU system time: 0 seconds. Elapsed time: 0.52 seconds; current allocated memory: 870.289 MB.
Execute         syn_report -verbosereport -o /home/x_thileeb/repos/ops-hls-pact25-artifact/codegen_apps/jacobian3d/vck5000_project/hls/build/hw/temp_dir/kernel_outerloop_0/kernel_outerloop_0/kernel_outerloop_0/solution/.autopilot/db/joint_PE_outerloop_0_9.verbose.bind.rpt 
Execute           AP::get_flow_target_display_name
Execute             get_solution -flow_target 
Command         syn_report done; 1.41 sec.
Execute         db_write -o /home/x_thileeb/repos/ops-hls-pact25-artifact/codegen_apps/jacobian3d/vck5000_project/hls/build/hw/temp_dir/kernel_outerloop_0/kernel_outerloop_0/kernel_outerloop_0/solution/.autopilot/db/joint_PE_outerloop_0_9.bind.adb -f 
INFO-FLOW: Finish binding joint_PE_outerloop_0.9.
INFO: [HLS 200-10] ----------------------------------------------------------------
INFO: [HLS 200-42] -- Implementing module 'joint_PE_outerloop_0_10' 
INFO: [HLS 200-10] ----------------------------------------------------------------
Execute         set_default_model joint_PE_outerloop_0.10 
Execute         schedule -model joint_PE_outerloop_0.10 
INFO: [SCHED 204-11] Starting scheduling ...
INFO: [SCHED 204-11] Finished scheduling.
INFO: [HLS 200-111] Finished Scheduling: CPU user time: 1.44 seconds. CPU system time: 0 seconds. Elapsed time: 1.46 seconds; current allocated memory: 870.480 MB.
Execute         syn_report -verbosereport -o /home/x_thileeb/repos/ops-hls-pact25-artifact/codegen_apps/jacobian3d/vck5000_project/hls/build/hw/temp_dir/kernel_outerloop_0/kernel_outerloop_0/kernel_outerloop_0/solution/.autopilot/db/joint_PE_outerloop_0_10.verbose.sched.rpt 
Execute           AP::get_flow_target_display_name
Execute             get_solution -flow_target 
Execute         db_write -o /home/x_thileeb/repos/ops-hls-pact25-artifact/codegen_apps/jacobian3d/vck5000_project/hls/build/hw/temp_dir/kernel_outerloop_0/kernel_outerloop_0/kernel_outerloop_0/solution/.autopilot/db/joint_PE_outerloop_0_10.sched.adb -f 
INFO-FLOW: Finish scheduling joint_PE_outerloop_0.10.
Execute         set_default_model joint_PE_outerloop_0.10 
Execute         bind -model joint_PE_outerloop_0.10 
INFO: [BIND 205-100] Starting micro-architecture generation ...
INFO: [BIND 205-101] Performing variable lifetime analysis.
INFO: [BIND 205-101] Exploring resource sharing.
INFO: [BIND 205-101] Binding ...
INFO: [BIND 205-100] Finished micro-architecture generation.
Command         bind done; 0.66 sec.
INFO: [HLS 200-111] Finished Binding: CPU user time: 0.67 seconds. CPU system time: 0 seconds. Elapsed time: 0.68 seconds; current allocated memory: 870.777 MB.
Execute         syn_report -verbosereport -o /home/x_thileeb/repos/ops-hls-pact25-artifact/codegen_apps/jacobian3d/vck5000_project/hls/build/hw/temp_dir/kernel_outerloop_0/kernel_outerloop_0/kernel_outerloop_0/solution/.autopilot/db/joint_PE_outerloop_0_10.verbose.bind.rpt 
Execute           AP::get_flow_target_display_name
Execute             get_solution -flow_target 
Command         syn_report done; 1.71 sec.
Execute         db_write -o /home/x_thileeb/repos/ops-hls-pact25-artifact/codegen_apps/jacobian3d/vck5000_project/hls/build/hw/temp_dir/kernel_outerloop_0/kernel_outerloop_0/kernel_outerloop_0/solution/.autopilot/db/joint_PE_outerloop_0_10.bind.adb -f 
INFO-FLOW: Finish binding joint_PE_outerloop_0.10.
INFO: [HLS 200-10] ----------------------------------------------------------------
INFO: [HLS 200-42] -- Implementing module 'joint_PE_outerloop_0_11' 
INFO: [HLS 200-10] ----------------------------------------------------------------
Execute         set_default_model joint_PE_outerloop_0.11 
Execute         schedule -model joint_PE_outerloop_0.11 
INFO: [SCHED 204-11] Starting scheduling ...
INFO: [SCHED 204-11] Finished scheduling.
INFO: [HLS 200-111] Finished Scheduling: CPU user time: 1.77 seconds. CPU system time: 0.01 seconds. Elapsed time: 1.79 seconds; current allocated memory: 870.953 MB.
Execute         syn_report -verbosereport -o /home/x_thileeb/repos/ops-hls-pact25-artifact/codegen_apps/jacobian3d/vck5000_project/hls/build/hw/temp_dir/kernel_outerloop_0/kernel_outerloop_0/kernel_outerloop_0/solution/.autopilot/db/joint_PE_outerloop_0_11.verbose.sched.rpt 
Execute           AP::get_flow_target_display_name
Execute             get_solution -flow_target 
Execute         db_write -o /home/x_thileeb/repos/ops-hls-pact25-artifact/codegen_apps/jacobian3d/vck5000_project/hls/build/hw/temp_dir/kernel_outerloop_0/kernel_outerloop_0/kernel_outerloop_0/solution/.autopilot/db/joint_PE_outerloop_0_11.sched.adb -f 
INFO-FLOW: Finish scheduling joint_PE_outerloop_0.11.
Execute         set_default_model joint_PE_outerloop_0.11 
Execute         bind -model joint_PE_outerloop_0.11 
INFO: [BIND 205-100] Starting micro-architecture generation ...
INFO: [BIND 205-101] Performing variable lifetime analysis.
INFO: [BIND 205-101] Exploring resource sharing.
INFO: [BIND 205-101] Binding ...
INFO: [BIND 205-100] Finished micro-architecture generation.
Command         bind done; 0.63 sec.
INFO: [HLS 200-111] Finished Binding: CPU user time: 0.64 seconds. CPU system time: 0 seconds. Elapsed time: 0.66 seconds; current allocated memory: 871.250 MB.
Execute         syn_report -verbosereport -o /home/x_thileeb/repos/ops-hls-pact25-artifact/codegen_apps/jacobian3d/vck5000_project/hls/build/hw/temp_dir/kernel_outerloop_0/kernel_outerloop_0/kernel_outerloop_0/solution/.autopilot/db/joint_PE_outerloop_0_11.verbose.bind.rpt 
Execute           AP::get_flow_target_display_name
Execute             get_solution -flow_target 
Command         syn_report done; 1.74 sec.
Execute         db_write -o /home/x_thileeb/repos/ops-hls-pact25-artifact/codegen_apps/jacobian3d/vck5000_project/hls/build/hw/temp_dir/kernel_outerloop_0/kernel_outerloop_0/kernel_outerloop_0/solution/.autopilot/db/joint_PE_outerloop_0_11.bind.adb -f 
INFO-FLOW: Finish binding joint_PE_outerloop_0.11.
INFO: [HLS 200-10] ----------------------------------------------------------------
INFO: [HLS 200-42] -- Implementing module 'joint_PE_outerloop_0_12' 
INFO: [HLS 200-10] ----------------------------------------------------------------
Execute         set_default_model joint_PE_outerloop_0.12 
Execute         schedule -model joint_PE_outerloop_0.12 
INFO: [SCHED 204-11] Starting scheduling ...
INFO: [SCHED 204-11] Finished scheduling.
INFO: [HLS 200-111] Finished Scheduling: CPU user time: 1.79 seconds. CPU system time: 0.01 seconds. Elapsed time: 1.81 seconds; current allocated memory: 871.426 MB.
Execute         syn_report -verbosereport -o /home/x_thileeb/repos/ops-hls-pact25-artifact/codegen_apps/jacobian3d/vck5000_project/hls/build/hw/temp_dir/kernel_outerloop_0/kernel_outerloop_0/kernel_outerloop_0/solution/.autopilot/db/joint_PE_outerloop_0_12.verbose.sched.rpt 
Execute           AP::get_flow_target_display_name
Execute             get_solution -flow_target 
Execute         db_write -o /home/x_thileeb/repos/ops-hls-pact25-artifact/codegen_apps/jacobian3d/vck5000_project/hls/build/hw/temp_dir/kernel_outerloop_0/kernel_outerloop_0/kernel_outerloop_0/solution/.autopilot/db/joint_PE_outerloop_0_12.sched.adb -f 
INFO-FLOW: Finish scheduling joint_PE_outerloop_0.12.
Execute         set_default_model joint_PE_outerloop_0.12 
Execute         bind -model joint_PE_outerloop_0.12 
INFO: [BIND 205-100] Starting micro-architecture generation ...
INFO: [BIND 205-101] Performing variable lifetime analysis.
INFO: [BIND 205-101] Exploring resource sharing.
INFO: [BIND 205-101] Binding ...
INFO: [BIND 205-100] Finished micro-architecture generation.
Command         bind done; 0.54 sec.
INFO: [HLS 200-111] Finished Binding: CPU user time: 0.54 seconds. CPU system time: 0 seconds. Elapsed time: 0.56 seconds; current allocated memory: 871.723 MB.
Execute         syn_report -verbosereport -o /home/x_thileeb/repos/ops-hls-pact25-artifact/codegen_apps/jacobian3d/vck5000_project/hls/build/hw/temp_dir/kernel_outerloop_0/kernel_outerloop_0/kernel_outerloop_0/solution/.autopilot/db/joint_PE_outerloop_0_12.verbose.bind.rpt 
Execute           AP::get_flow_target_display_name
Execute             get_solution -flow_target 
Command         syn_report done; 1.73 sec.
Execute         db_write -o /home/x_thileeb/repos/ops-hls-pact25-artifact/codegen_apps/jacobian3d/vck5000_project/hls/build/hw/temp_dir/kernel_outerloop_0/kernel_outerloop_0/kernel_outerloop_0/solution/.autopilot/db/joint_PE_outerloop_0_12.bind.adb -f 
INFO-FLOW: Finish binding joint_PE_outerloop_0.12.
INFO: [HLS 200-10] ----------------------------------------------------------------
INFO: [HLS 200-42] -- Implementing module 'joint_PE_outerloop_0_13' 
INFO: [HLS 200-10] ----------------------------------------------------------------
Execute         set_default_model joint_PE_outerloop_0.13 
Execute         schedule -model joint_PE_outerloop_0.13 
INFO: [SCHED 204-11] Starting scheduling ...
INFO: [SCHED 204-11] Finished scheduling.
INFO: [HLS 200-111] Finished Scheduling: CPU user time: 1.78 seconds. CPU system time: 0 seconds. Elapsed time: 1.79 seconds; current allocated memory: 871.898 MB.
Execute         syn_report -verbosereport -o /home/x_thileeb/repos/ops-hls-pact25-artifact/codegen_apps/jacobian3d/vck5000_project/hls/build/hw/temp_dir/kernel_outerloop_0/kernel_outerloop_0/kernel_outerloop_0/solution/.autopilot/db/joint_PE_outerloop_0_13.verbose.sched.rpt 
Execute           AP::get_flow_target_display_name
Execute             get_solution -flow_target 
Execute         db_write -o /home/x_thileeb/repos/ops-hls-pact25-artifact/codegen_apps/jacobian3d/vck5000_project/hls/build/hw/temp_dir/kernel_outerloop_0/kernel_outerloop_0/kernel_outerloop_0/solution/.autopilot/db/joint_PE_outerloop_0_13.sched.adb -f 
INFO-FLOW: Finish scheduling joint_PE_outerloop_0.13.
Execute         set_default_model joint_PE_outerloop_0.13 
Execute         bind -model joint_PE_outerloop_0.13 
INFO: [BIND 205-100] Starting micro-architecture generation ...
INFO: [BIND 205-101] Performing variable lifetime analysis.
INFO: [BIND 205-101] Exploring resource sharing.
INFO: [BIND 205-101] Binding ...
INFO: [BIND 205-100] Finished micro-architecture generation.
Command         bind done; 0.58 sec.
INFO: [HLS 200-111] Finished Binding: CPU user time: 0.6 seconds. CPU system time: 0 seconds. Elapsed time: 0.61 seconds; current allocated memory: 872.133 MB.
Execute         syn_report -verbosereport -o /home/x_thileeb/repos/ops-hls-pact25-artifact/codegen_apps/jacobian3d/vck5000_project/hls/build/hw/temp_dir/kernel_outerloop_0/kernel_outerloop_0/kernel_outerloop_0/solution/.autopilot/db/joint_PE_outerloop_0_13.verbose.bind.rpt 
Execute           AP::get_flow_target_display_name
Execute             get_solution -flow_target 
Command         syn_report done; 1.66 sec.
Execute         db_write -o /home/x_thileeb/repos/ops-hls-pact25-artifact/codegen_apps/jacobian3d/vck5000_project/hls/build/hw/temp_dir/kernel_outerloop_0/kernel_outerloop_0/kernel_outerloop_0/solution/.autopilot/db/joint_PE_outerloop_0_13.bind.adb -f 
INFO-FLOW: Finish binding joint_PE_outerloop_0.13.
INFO: [HLS 200-10] ----------------------------------------------------------------
INFO: [HLS 200-42] -- Implementing module 'stream2axis_256u_256u_Pipeline_VITIS_LOOP_1897_1' 
INFO: [HLS 200-10] ----------------------------------------------------------------
Execute         set_default_model stream2axis<256u, 256u>_Pipeline_VITIS_LOOP_1897_1 
Execute         schedule -model stream2axis<256u, 256u>_Pipeline_VITIS_LOOP_1897_1 
INFO: [SCHED 204-11] Starting scheduling ...
INFO: [SCHED 204-61] Pipelining loop 'VITIS_LOOP_1897_1'.
INFO: [HLS 200-1470] Pipelining result : Target II = NA, Final II = 1, Depth = 2, loop 'VITIS_LOOP_1897_1'
INFO: [SCHED 204-11] Finished scheduling.
INFO: [HLS 200-111] Finished Scheduling: CPU user time: 1.7 seconds. CPU system time: 0.01 seconds. Elapsed time: 1.72 seconds; current allocated memory: 872.309 MB.
Execute         syn_report -verbosereport -o /home/x_thileeb/repos/ops-hls-pact25-artifact/codegen_apps/jacobian3d/vck5000_project/hls/build/hw/temp_dir/kernel_outerloop_0/kernel_outerloop_0/kernel_outerloop_0/solution/.autopilot/db/stream2axis_256u_256u_Pipeline_VITIS_LOOP_1897_1.verbose.sched.rpt 
Execute           AP::get_flow_target_display_name
Execute             get_solution -flow_target 
Execute         db_write -o /home/x_thileeb/repos/ops-hls-pact25-artifact/codegen_apps/jacobian3d/vck5000_project/hls/build/hw/temp_dir/kernel_outerloop_0/kernel_outerloop_0/kernel_outerloop_0/solution/.autopilot/db/stream2axis_256u_256u_Pipeline_VITIS_LOOP_1897_1.sched.adb -f 
INFO-FLOW: Finish scheduling stream2axis<256u, 256u>_Pipeline_VITIS_LOOP_1897_1.
Execute         set_default_model stream2axis<256u, 256u>_Pipeline_VITIS_LOOP_1897_1 
Execute         bind -model stream2axis<256u, 256u>_Pipeline_VITIS_LOOP_1897_1 
INFO: [BIND 205-100] Starting micro-architecture generation ...
INFO: [BIND 205-101] Performing variable lifetime analysis.
INFO: [BIND 205-101] Exploring resource sharing.
INFO: [BIND 205-101] Binding ...
INFO: [BIND 205-100] Finished micro-architecture generation.
INFO: [HLS 200-111] Finished Binding: CPU user time: 0.03 seconds. CPU system time: 0 seconds. Elapsed time: 0.04 seconds; current allocated memory: 872.473 MB.
Execute         syn_report -verbosereport -o /home/x_thileeb/repos/ops-hls-pact25-artifact/codegen_apps/jacobian3d/vck5000_project/hls/build/hw/temp_dir/kernel_outerloop_0/kernel_outerloop_0/kernel_outerloop_0/solution/.autopilot/db/stream2axis_256u_256u_Pipeline_VITIS_LOOP_1897_1.verbose.bind.rpt 
Execute           AP::get_flow_target_display_name
Execute             get_solution -flow_target 
Execute         db_write -o /home/x_thileeb/repos/ops-hls-pact25-artifact/codegen_apps/jacobian3d/vck5000_project/hls/build/hw/temp_dir/kernel_outerloop_0/kernel_outerloop_0/kernel_outerloop_0/solution/.autopilot/db/stream2axis_256u_256u_Pipeline_VITIS_LOOP_1897_1.bind.adb -f 
INFO-FLOW: Finish binding stream2axis<256u, 256u>_Pipeline_VITIS_LOOP_1897_1.
INFO: [HLS 200-10] ----------------------------------------------------------------
INFO: [HLS 200-42] -- Implementing module 'stream2axis_256u_256u_s' 
INFO: [HLS 200-10] ----------------------------------------------------------------
Execute         set_default_model stream2axis<256u, 256u> 
Execute         schedule -model stream2axis<256u, 256u> 
INFO: [SCHED 204-11] Starting scheduling ...
INFO: [SCHED 204-11] Finished scheduling.
INFO: [HLS 200-111] Finished Scheduling: CPU user time: 0.06 seconds. CPU system time: 0 seconds. Elapsed time: 0.07 seconds; current allocated memory: 872.500 MB.
Execute         syn_report -verbosereport -o /home/x_thileeb/repos/ops-hls-pact25-artifact/codegen_apps/jacobian3d/vck5000_project/hls/build/hw/temp_dir/kernel_outerloop_0/kernel_outerloop_0/kernel_outerloop_0/solution/.autopilot/db/stream2axis_256u_256u_s.verbose.sched.rpt 
Execute           AP::get_flow_target_display_name
Execute             get_solution -flow_target 
Execute         db_write -o /home/x_thileeb/repos/ops-hls-pact25-artifact/codegen_apps/jacobian3d/vck5000_project/hls/build/hw/temp_dir/kernel_outerloop_0/kernel_outerloop_0/kernel_outerloop_0/solution/.autopilot/db/stream2axis_256u_256u_s.sched.adb -f 
INFO-FLOW: Finish scheduling stream2axis<256u, 256u>.
Execute         set_default_model stream2axis<256u, 256u> 
Execute         bind -model stream2axis<256u, 256u> 
INFO: [BIND 205-100] Starting micro-architecture generation ...
INFO: [BIND 205-101] Performing variable lifetime analysis.
INFO: [BIND 205-101] Exploring resource sharing.
INFO: [BIND 205-101] Binding ...
INFO: [BIND 205-100] Finished micro-architecture generation.
INFO: [HLS 200-111] Finished Binding: CPU user time: 0.06 seconds. CPU system time: 0.01 seconds. Elapsed time: 0.09 seconds; current allocated memory: 872.637 MB.
Execute         syn_report -verbosereport -o /home/x_thileeb/repos/ops-hls-pact25-artifact/codegen_apps/jacobian3d/vck5000_project/hls/build/hw/temp_dir/kernel_outerloop_0/kernel_outerloop_0/kernel_outerloop_0/solution/.autopilot/db/stream2axis_256u_256u_s.verbose.bind.rpt 
Execute           AP::get_flow_target_display_name
Execute             get_solution -flow_target 
Execute         db_write -o /home/x_thileeb/repos/ops-hls-pact25-artifact/codegen_apps/jacobian3d/vck5000_project/hls/build/hw/temp_dir/kernel_outerloop_0/kernel_outerloop_0/kernel_outerloop_0/solution/.autopilot/db/stream2axis_256u_256u_s.bind.adb -f 
INFO-FLOW: Finish binding stream2axis<256u, 256u>.
INFO: [HLS 200-10] ----------------------------------------------------------------
INFO: [HLS 200-42] -- Implementing module 'kernel_outerloop_0_dataflow_region' 
INFO: [HLS 200-10] ----------------------------------------------------------------
Execute         set_default_model kernel_outerloop_0_dataflow_region 
Execute         schedule -model kernel_outerloop_0_dataflow_region 
INFO: [SCHED 204-11] Starting scheduling ...
INFO: [SCHED 204-11] Finished scheduling.
Command         schedule done; 0.32 sec.
INFO: [HLS 200-111] Finished Scheduling: CPU user time: 0.34 seconds. CPU system time: 0 seconds. Elapsed time: 0.37 seconds; current allocated memory: 874.316 MB.
Execute         syn_report -verbosereport -o /home/x_thileeb/repos/ops-hls-pact25-artifact/codegen_apps/jacobian3d/vck5000_project/hls/build/hw/temp_dir/kernel_outerloop_0/kernel_outerloop_0/kernel_outerloop_0/solution/.autopilot/db/kernel_outerloop_0_dataflow_region.verbose.sched.rpt 
Execute           AP::get_flow_target_display_name
Execute             get_solution -flow_target 
Command         syn_report done; 0.17 sec.
Execute         db_write -o /home/x_thileeb/repos/ops-hls-pact25-artifact/codegen_apps/jacobian3d/vck5000_project/hls/build/hw/temp_dir/kernel_outerloop_0/kernel_outerloop_0/kernel_outerloop_0/solution/.autopilot/db/kernel_outerloop_0_dataflow_region.sched.adb -f 
INFO-FLOW: Finish scheduling kernel_outerloop_0_dataflow_region.
Execute         set_default_model kernel_outerloop_0_dataflow_region 
Execute         bind -model kernel_outerloop_0_dataflow_region 
INFO: [BIND 205-100] Starting micro-architecture generation ...
INFO: [BIND 205-101] Performing variable lifetime analysis.
INFO: [BIND 205-101] Exploring resource sharing.
INFO: [BIND 205-101] Binding ...
INFO: [BIND 205-100] Finished micro-architecture generation.
Command         bind done; 7.28 sec.
INFO: [HLS 200-111] Finished Binding: CPU user time: 7.45 seconds. CPU system time: 0.02 seconds. Elapsed time: 7.49 seconds; current allocated memory: 875.684 MB.
Execute         syn_report -verbosereport -o /home/x_thileeb/repos/ops-hls-pact25-artifact/codegen_apps/jacobian3d/vck5000_project/hls/build/hw/temp_dir/kernel_outerloop_0/kernel_outerloop_0/kernel_outerloop_0/solution/.autopilot/db/kernel_outerloop_0_dataflow_region.verbose.bind.rpt 
Execute           AP::get_flow_target_display_name
Execute             get_solution -flow_target 
Command         syn_report done; 22.69 sec.
Execute         db_write -o /home/x_thileeb/repos/ops-hls-pact25-artifact/codegen_apps/jacobian3d/vck5000_project/hls/build/hw/temp_dir/kernel_outerloop_0/kernel_outerloop_0/kernel_outerloop_0/solution/.autopilot/db/kernel_outerloop_0_dataflow_region.bind.adb -f 
INFO-FLOW: Finish binding kernel_outerloop_0_dataflow_region.
INFO: [HLS 200-10] ----------------------------------------------------------------
INFO: [HLS 200-42] -- Implementing module 'kernel_outerloop_0' 
INFO: [HLS 200-10] ----------------------------------------------------------------
Execute         set_default_model kernel_outerloop_0 
Execute         schedule -model kernel_outerloop_0 
INFO: [SCHED 204-11] Starting scheduling ...
INFO: [SCHED 204-11] Finished scheduling.
INFO: [HLS 200-111] Finished Scheduling: CPU user time: 22.8 seconds. CPU system time: 0 seconds. Elapsed time: 22.83 seconds; current allocated memory: 876.824 MB.
Execute         syn_report -verbosereport -o /home/x_thileeb/repos/ops-hls-pact25-artifact/codegen_apps/jacobian3d/vck5000_project/hls/build/hw/temp_dir/kernel_outerloop_0/kernel_outerloop_0/kernel_outerloop_0/solution/.autopilot/db/kernel_outerloop_0.verbose.sched.rpt 
Execute           AP::get_flow_target_display_name
Execute             get_solution -flow_target 
Execute         db_write -o /home/x_thileeb/repos/ops-hls-pact25-artifact/codegen_apps/jacobian3d/vck5000_project/hls/build/hw/temp_dir/kernel_outerloop_0/kernel_outerloop_0/kernel_outerloop_0/solution/.autopilot/db/kernel_outerloop_0.sched.adb -f 
INFO-FLOW: Finish scheduling kernel_outerloop_0.
Execute         set_default_model kernel_outerloop_0 
Execute         bind -model kernel_outerloop_0 
INFO: [BIND 205-100] Starting micro-architecture generation ...
INFO: [BIND 205-101] Performing variable lifetime analysis.
INFO: [BIND 205-101] Exploring resource sharing.
INFO: [BIND 205-101] Binding ...
INFO: [BIND 205-100] Finished micro-architecture generation.
Command         bind done; 6.95 sec.
INFO: [HLS 200-111] Finished Binding: CPU user time: 6.95 seconds. CPU system time: 0.01 seconds. Elapsed time: 6.98 seconds; current allocated memory: 877.281 MB.
Execute         syn_report -verbosereport -o /home/x_thileeb/repos/ops-hls-pact25-artifact/codegen_apps/jacobian3d/vck5000_project/hls/build/hw/temp_dir/kernel_outerloop_0/kernel_outerloop_0/kernel_outerloop_0/solution/.autopilot/db/kernel_outerloop_0.verbose.bind.rpt 
Execute           AP::get_flow_target_display_name
Execute             get_solution -flow_target 
Command         syn_report done; 23.78 sec.
Execute         db_write -o /home/x_thileeb/repos/ops-hls-pact25-artifact/codegen_apps/jacobian3d/vck5000_project/hls/build/hw/temp_dir/kernel_outerloop_0/kernel_outerloop_0/kernel_outerloop_0/solution/.autopilot/db/kernel_outerloop_0.bind.adb -f 
INFO-FLOW: Finish binding kernel_outerloop_0.
Execute         get_model_list kernel_outerloop_0 -filter all-wo-channel 
INFO-FLOW: Preprocessing for RTLGen ...
Execute         rtl_gen_preprocess entry_proc 
Execute         rtl_gen_preprocess axis2stream<256u, 256u>_Pipeline_VITIS_LOOP_1521_1 
Execute         rtl_gen_preprocess axis2stream<256u, 256u> 
Execute         rtl_gen_preprocess kernel_jac3D_kernel_stencil_core 
Execute         rtl_gen_preprocess stencilRun_Pipeline_VITIS_LOOP_194_1 
Execute         rtl_gen_preprocess stencilRun 
Execute         rtl_gen_preprocess joint_PE_outerloop_0 
Execute         rtl_gen_preprocess joint_PE_outerloop_0.1 
Execute         rtl_gen_preprocess joint_PE_outerloop_0.2 
Execute         rtl_gen_preprocess joint_PE_outerloop_0.3 
Execute         rtl_gen_preprocess joint_PE_outerloop_0.4 
Execute         rtl_gen_preprocess joint_PE_outerloop_0.5 
Execute         rtl_gen_preprocess joint_PE_outerloop_0.6 
Execute         rtl_gen_preprocess joint_PE_outerloop_0.7 
Execute         rtl_gen_preprocess joint_PE_outerloop_0.8 
Execute         rtl_gen_preprocess joint_PE_outerloop_0.9 
Execute         rtl_gen_preprocess joint_PE_outerloop_0.10 
Execute         rtl_gen_preprocess joint_PE_outerloop_0.11 
Execute         rtl_gen_preprocess joint_PE_outerloop_0.12 
Execute         rtl_gen_preprocess joint_PE_outerloop_0.13 
Execute         rtl_gen_preprocess stream2axis<256u, 256u>_Pipeline_VITIS_LOOP_1897_1 
Execute         rtl_gen_preprocess stream2axis<256u, 256u> 
Execute         rtl_gen_preprocess kernel_outerloop_0_dataflow_region 
Execute         rtl_gen_preprocess kernel_outerloop_0 
INFO-FLOW: Model list for RTL generation: entry_proc {axis2stream<256u, 256u>_Pipeline_VITIS_LOOP_1521_1} {axis2stream<256u, 256u>} kernel_jac3D_kernel_stencil_core stencilRun_Pipeline_VITIS_LOOP_194_1 stencilRun joint_PE_outerloop_0 joint_PE_outerloop_0.1 joint_PE_outerloop_0.2 joint_PE_outerloop_0.3 joint_PE_outerloop_0.4 joint_PE_outerloop_0.5 joint_PE_outerloop_0.6 joint_PE_outerloop_0.7 joint_PE_outerloop_0.8 joint_PE_outerloop_0.9 joint_PE_outerloop_0.10 joint_PE_outerloop_0.11 joint_PE_outerloop_0.12 joint_PE_outerloop_0.13 {stream2axis<256u, 256u>_Pipeline_VITIS_LOOP_1897_1} {stream2axis<256u, 256u>} kernel_outerloop_0_dataflow_region kernel_outerloop_0
INFO: [HLS 200-10] ----------------------------------------------------------------
INFO: [HLS 200-10] -- Generating RTL for module 'entry_proc' 
INFO: [HLS 200-10] ----------------------------------------------------------------
Execute         get_config_rtl -module_prefix 
Execute         get_config_rtl -module_auto_prefix 
Execute         get_config_rtl -module_prefix 
Execute         get_config_rtl -module_auto_prefix 
Execute         create_rtl_model entry_proc -top_prefix kernel_outerloop_0_ -sub_prefix kernel_outerloop_0_ -mg_file /home/x_thileeb/repos/ops-hls-pact25-artifact/codegen_apps/jacobian3d/vck5000_project/hls/build/hw/temp_dir/kernel_outerloop_0/kernel_outerloop_0/kernel_outerloop_0/solution/.autopilot/db/entry_proc.compgen.tcl 
INFO: [RTGEN 206-100] Finished creating RTL model for 'entry_proc'.
INFO: [HLS 200-111] Finished Creating RTL model: CPU user time: 23.8 seconds. CPU system time: 0 seconds. Elapsed time: 23.84 seconds; current allocated memory: 877.492 MB.
Execute         source /home/x_thileeb/repos/ops-hls-pact25-artifact/codegen_apps/jacobian3d/vck5000_project/hls/build/hw/temp_dir/kernel_outerloop_0/kernel_outerloop_0/kernel_outerloop_0/solution/.autopilot/db/kernel_outerloop_0.rtl_wrap.cfg.tcl 
Execute         gen_rtl entry_proc -style xilinx -f -lang vhdl -o /home/x_thileeb/repos/ops-hls-pact25-artifact/codegen_apps/jacobian3d/vck5000_project/hls/build/hw/temp_dir/kernel_outerloop_0/kernel_outerloop_0/kernel_outerloop_0/solution/syn/vhdl/kernel_outerloop_0_entry_proc 
Execute         gen_rtl entry_proc -style xilinx -f -lang vlog -o /home/x_thileeb/repos/ops-hls-pact25-artifact/codegen_apps/jacobian3d/vck5000_project/hls/build/hw/temp_dir/kernel_outerloop_0/kernel_outerloop_0/kernel_outerloop_0/solution/syn/verilog/kernel_outerloop_0_entry_proc 
Execute         syn_report -csynth -model entry_proc -o /home/x_thileeb/repos/ops-hls-pact25-artifact/codegen_apps/jacobian3d/vck5000_project/hls/build/hw/temp_dir/kernel_outerloop_0/kernel_outerloop_0/kernel_outerloop_0/solution/syn/report/entry_proc_csynth.rpt 
Execute           AP::get_flow_target_display_name
Execute             get_solution -flow_target 
Execute         syn_report -rtlxml -model entry_proc -o /home/x_thileeb/repos/ops-hls-pact25-artifact/codegen_apps/jacobian3d/vck5000_project/hls/build/hw/temp_dir/kernel_outerloop_0/kernel_outerloop_0/kernel_outerloop_0/solution/syn/report/entry_proc_csynth.xml 
Execute           get_solution -flow_target
Execute             get_solution -flow_target 
Execute         syn_report -verbosereport -model entry_proc -o /home/x_thileeb/repos/ops-hls-pact25-artifact/codegen_apps/jacobian3d/vck5000_project/hls/build/hw/temp_dir/kernel_outerloop_0/kernel_outerloop_0/kernel_outerloop_0/solution/.autopilot/db/entry_proc.verbose.rpt 
Execute           AP::get_flow_target_display_name
Execute             get_solution -flow_target 
Execute         db_write -model entry_proc -f -o /home/x_thileeb/repos/ops-hls-pact25-artifact/codegen_apps/jacobian3d/vck5000_project/hls/build/hw/temp_dir/kernel_outerloop_0/kernel_outerloop_0/kernel_outerloop_0/solution/.autopilot/db/entry_proc.adb 
Execute         db_write -model entry_proc -bindview -o /home/x_thileeb/repos/ops-hls-pact25-artifact/codegen_apps/jacobian3d/vck5000_project/hls/build/hw/temp_dir/kernel_outerloop_0/kernel_outerloop_0/kernel_outerloop_0/solution/.autopilot/db/design.bindinfo.xml 
Execute         gen_tb_info entry_proc -p /home/x_thileeb/repos/ops-hls-pact25-artifact/codegen_apps/jacobian3d/vck5000_project/hls/build/hw/temp_dir/kernel_outerloop_0/kernel_outerloop_0/kernel_outerloop_0/solution/.autopilot/db -o /home/x_thileeb/repos/ops-hls-pact25-artifact/codegen_apps/jacobian3d/vck5000_project/hls/build/hw/temp_dir/kernel_outerloop_0/kernel_outerloop_0/kernel_outerloop_0/solution/.autopilot/db/entry_proc 
INFO: [HLS 200-10] ----------------------------------------------------------------
INFO: [HLS 200-10] -- Generating RTL for module 'axis2stream_256u_256u_Pipeline_VITIS_LOOP_1521_1' 
INFO: [HLS 200-10] ----------------------------------------------------------------
Execute         get_config_rtl -module_prefix 
Execute         get_config_rtl -module_auto_prefix 
Execute         get_config_rtl -module_prefix 
Execute         get_config_rtl -module_auto_prefix 
Execute         create_rtl_model axis2stream<256u, 256u>_Pipeline_VITIS_LOOP_1521_1 -top_prefix kernel_outerloop_0_ -sub_prefix kernel_outerloop_0_ -mg_file /home/x_thileeb/repos/ops-hls-pact25-artifact/codegen_apps/jacobian3d/vck5000_project/hls/build/hw/temp_dir/kernel_outerloop_0/kernel_outerloop_0/kernel_outerloop_0/solution/.autopilot/db/axis2stream_256u_256u_Pipeline_VITIS_LOOP_1521_1.compgen.tcl 
INFO: [HLS 200-1030] Apply Unified Pipeline Control on module 'axis2stream_256u_256u_Pipeline_VITIS_LOOP_1521_1' pipeline 'VITIS_LOOP_1521_1' pipeline type 'loop pipeline'
INFO: [RTGEN 206-100] Finished creating RTL model for 'axis2stream_256u_256u_Pipeline_VITIS_LOOP_1521_1'.
INFO: [HLS 200-111] Finished Creating RTL model: CPU user time: 0.1 seconds. CPU system time: 0.02 seconds. Elapsed time: 0.14 seconds; current allocated memory: 877.832 MB.
Execute         source /home/x_thileeb/repos/ops-hls-pact25-artifact/codegen_apps/jacobian3d/vck5000_project/hls/build/hw/temp_dir/kernel_outerloop_0/kernel_outerloop_0/kernel_outerloop_0/solution/.autopilot/db/kernel_outerloop_0.rtl_wrap.cfg.tcl 
Execute         gen_rtl axis2stream<256u, 256u>_Pipeline_VITIS_LOOP_1521_1 -style xilinx -f -lang vhdl -o /home/x_thileeb/repos/ops-hls-pact25-artifact/codegen_apps/jacobian3d/vck5000_project/hls/build/hw/temp_dir/kernel_outerloop_0/kernel_outerloop_0/kernel_outerloop_0/solution/syn/vhdl/kernel_outerloop_0_axis2stream_256u_256u_Pipeline_VITIS_LOOP_1521_1 
Execute         gen_rtl axis2stream<256u, 256u>_Pipeline_VITIS_LOOP_1521_1 -style xilinx -f -lang vlog -o /home/x_thileeb/repos/ops-hls-pact25-artifact/codegen_apps/jacobian3d/vck5000_project/hls/build/hw/temp_dir/kernel_outerloop_0/kernel_outerloop_0/kernel_outerloop_0/solution/syn/verilog/kernel_outerloop_0_axis2stream_256u_256u_Pipeline_VITIS_LOOP_1521_1 
Execute         syn_report -csynth -model axis2stream<256u, 256u>_Pipeline_VITIS_LOOP_1521_1 -o /home/x_thileeb/repos/ops-hls-pact25-artifact/codegen_apps/jacobian3d/vck5000_project/hls/build/hw/temp_dir/kernel_outerloop_0/kernel_outerloop_0/kernel_outerloop_0/solution/syn/report/axis2stream_256u_256u_Pipeline_VITIS_LOOP_1521_1_csynth.rpt 
Execute           AP::get_flow_target_display_name
Execute             get_solution -flow_target 
Execute         syn_report -rtlxml -model axis2stream<256u, 256u>_Pipeline_VITIS_LOOP_1521_1 -o /home/x_thileeb/repos/ops-hls-pact25-artifact/codegen_apps/jacobian3d/vck5000_project/hls/build/hw/temp_dir/kernel_outerloop_0/kernel_outerloop_0/kernel_outerloop_0/solution/syn/report/axis2stream_256u_256u_Pipeline_VITIS_LOOP_1521_1_csynth.xml 
Execute           get_solution -flow_target
Execute             get_solution -flow_target 
Execute         syn_report -verbosereport -model axis2stream<256u, 256u>_Pipeline_VITIS_LOOP_1521_1 -o /home/x_thileeb/repos/ops-hls-pact25-artifact/codegen_apps/jacobian3d/vck5000_project/hls/build/hw/temp_dir/kernel_outerloop_0/kernel_outerloop_0/kernel_outerloop_0/solution/.autopilot/db/axis2stream_256u_256u_Pipeline_VITIS_LOOP_1521_1.verbose.rpt 
Execute           AP::get_flow_target_display_name
Execute             get_solution -flow_target 
Execute         db_write -model axis2stream<256u, 256u>_Pipeline_VITIS_LOOP_1521_1 -f -o /home/x_thileeb/repos/ops-hls-pact25-artifact/codegen_apps/jacobian3d/vck5000_project/hls/build/hw/temp_dir/kernel_outerloop_0/kernel_outerloop_0/kernel_outerloop_0/solution/.autopilot/db/axis2stream_256u_256u_Pipeline_VITIS_LOOP_1521_1.adb 
Execute         db_write -model axis2stream<256u, 256u>_Pipeline_VITIS_LOOP_1521_1 -bindview -o /home/x_thileeb/repos/ops-hls-pact25-artifact/codegen_apps/jacobian3d/vck5000_project/hls/build/hw/temp_dir/kernel_outerloop_0/kernel_outerloop_0/kernel_outerloop_0/solution/.autopilot/db/design.bindinfo.xml 
Execute         gen_tb_info axis2stream<256u, 256u>_Pipeline_VITIS_LOOP_1521_1 -p /home/x_thileeb/repos/ops-hls-pact25-artifact/codegen_apps/jacobian3d/vck5000_project/hls/build/hw/temp_dir/kernel_outerloop_0/kernel_outerloop_0/kernel_outerloop_0/solution/.autopilot/db -o /home/x_thileeb/repos/ops-hls-pact25-artifact/codegen_apps/jacobian3d/vck5000_project/hls/build/hw/temp_dir/kernel_outerloop_0/kernel_outerloop_0/kernel_outerloop_0/solution/.autopilot/db/axis2stream_256u_256u_Pipeline_VITIS_LOOP_1521_1 
INFO: [HLS 200-10] ----------------------------------------------------------------
INFO: [HLS 200-10] -- Generating RTL for module 'axis2stream_256u_256u_s' 
INFO: [HLS 200-10] ----------------------------------------------------------------
Execute         get_config_rtl -module_prefix 
Execute         get_config_rtl -module_auto_prefix 
Execute         get_config_rtl -module_prefix 
Execute         get_config_rtl -module_auto_prefix 
Execute         create_rtl_model axis2stream<256u, 256u> -top_prefix kernel_outerloop_0_ -sub_prefix kernel_outerloop_0_ -mg_file /home/x_thileeb/repos/ops-hls-pact25-artifact/codegen_apps/jacobian3d/vck5000_project/hls/build/hw/temp_dir/kernel_outerloop_0/kernel_outerloop_0/kernel_outerloop_0/solution/.autopilot/db/axis2stream_256u_256u_s.compgen.tcl 
INFO: [RTGEN 206-100] Finished creating RTL model for 'axis2stream_256u_256u_s'.
INFO: [HLS 200-111] Finished Creating RTL model: CPU user time: 0.17 seconds. CPU system time: 0 seconds. Elapsed time: 0.19 seconds; current allocated memory: 878.680 MB.
Execute         source /home/x_thileeb/repos/ops-hls-pact25-artifact/codegen_apps/jacobian3d/vck5000_project/hls/build/hw/temp_dir/kernel_outerloop_0/kernel_outerloop_0/kernel_outerloop_0/solution/.autopilot/db/kernel_outerloop_0.rtl_wrap.cfg.tcl 
Execute         gen_rtl axis2stream<256u, 256u> -style xilinx -f -lang vhdl -o /home/x_thileeb/repos/ops-hls-pact25-artifact/codegen_apps/jacobian3d/vck5000_project/hls/build/hw/temp_dir/kernel_outerloop_0/kernel_outerloop_0/kernel_outerloop_0/solution/syn/vhdl/kernel_outerloop_0_axis2stream_256u_256u_s 
Execute         gen_rtl axis2stream<256u, 256u> -style xilinx -f -lang vlog -o /home/x_thileeb/repos/ops-hls-pact25-artifact/codegen_apps/jacobian3d/vck5000_project/hls/build/hw/temp_dir/kernel_outerloop_0/kernel_outerloop_0/kernel_outerloop_0/solution/syn/verilog/kernel_outerloop_0_axis2stream_256u_256u_s 
Execute         syn_report -csynth -model axis2stream<256u, 256u> -o /home/x_thileeb/repos/ops-hls-pact25-artifact/codegen_apps/jacobian3d/vck5000_project/hls/build/hw/temp_dir/kernel_outerloop_0/kernel_outerloop_0/kernel_outerloop_0/solution/syn/report/axis2stream_256u_256u_s_csynth.rpt 
Execute           AP::get_flow_target_display_name
Execute             get_solution -flow_target 
Execute         syn_report -rtlxml -model axis2stream<256u, 256u> -o /home/x_thileeb/repos/ops-hls-pact25-artifact/codegen_apps/jacobian3d/vck5000_project/hls/build/hw/temp_dir/kernel_outerloop_0/kernel_outerloop_0/kernel_outerloop_0/solution/syn/report/axis2stream_256u_256u_s_csynth.xml 
Execute           get_solution -flow_target
Execute             get_solution -flow_target 
Execute         syn_report -verbosereport -model axis2stream<256u, 256u> -o /home/x_thileeb/repos/ops-hls-pact25-artifact/codegen_apps/jacobian3d/vck5000_project/hls/build/hw/temp_dir/kernel_outerloop_0/kernel_outerloop_0/kernel_outerloop_0/solution/.autopilot/db/axis2stream_256u_256u_s.verbose.rpt 
Execute           AP::get_flow_target_display_name
Execute             get_solution -flow_target 
Execute         db_write -model axis2stream<256u, 256u> -f -o /home/x_thileeb/repos/ops-hls-pact25-artifact/codegen_apps/jacobian3d/vck5000_project/hls/build/hw/temp_dir/kernel_outerloop_0/kernel_outerloop_0/kernel_outerloop_0/solution/.autopilot/db/axis2stream_256u_256u_s.adb 
Execute         db_write -model axis2stream<256u, 256u> -bindview -o /home/x_thileeb/repos/ops-hls-pact25-artifact/codegen_apps/jacobian3d/vck5000_project/hls/build/hw/temp_dir/kernel_outerloop_0/kernel_outerloop_0/kernel_outerloop_0/solution/.autopilot/db/design.bindinfo.xml 
Execute         gen_tb_info axis2stream<256u, 256u> -p /home/x_thileeb/repos/ops-hls-pact25-artifact/codegen_apps/jacobian3d/vck5000_project/hls/build/hw/temp_dir/kernel_outerloop_0/kernel_outerloop_0/kernel_outerloop_0/solution/.autopilot/db -o /home/x_thileeb/repos/ops-hls-pact25-artifact/codegen_apps/jacobian3d/vck5000_project/hls/build/hw/temp_dir/kernel_outerloop_0/kernel_outerloop_0/kernel_outerloop_0/solution/.autopilot/db/axis2stream_256u_256u_s 
INFO: [HLS 200-10] ----------------------------------------------------------------
INFO: [HLS 200-10] -- Generating RTL for module 'kernel_jac3D_kernel_stencil_core' 
INFO: [HLS 200-10] ----------------------------------------------------------------
Execute         get_config_rtl -module_prefix 
Execute         get_config_rtl -module_auto_prefix 
Execute         get_config_rtl -module_prefix 
Execute         get_config_rtl -module_auto_prefix 
Execute         create_rtl_model kernel_jac3D_kernel_stencil_core -top_prefix kernel_outerloop_0_ -sub_prefix kernel_outerloop_0_ -mg_file /home/x_thileeb/repos/ops-hls-pact25-artifact/codegen_apps/jacobian3d/vck5000_project/hls/build/hw/temp_dir/kernel_outerloop_0/kernel_outerloop_0/kernel_outerloop_0/solution/.autopilot/db/kernel_jac3D_kernel_stencil_core.compgen.tcl 
INFO: [RTGEN 206-100] Generating core module 'fadd_32ns_32ns_32_2_primitive_dsp_0': 2 instance(s).
INFO: [RTGEN 206-100] Generating core module 'fmadd_32ns_32ns_32ns_32ns_32_3_primitive_dsp_0': 4 instance(s).
INFO: [RTGEN 206-100] Generating core module 'fmul_32ns_32ns_32_3_primitive_dsp_0': 3 instance(s).
INFO: [RTGEN 206-100] Finished creating RTL model for 'kernel_jac3D_kernel_stencil_core'.
INFO: [HLS 200-111] Finished Creating RTL model: CPU user time: 0.15 seconds. CPU system time: 0.01 seconds. Elapsed time: 0.22 seconds; current allocated memory: 879.641 MB.
Execute         source /home/x_thileeb/repos/ops-hls-pact25-artifact/codegen_apps/jacobian3d/vck5000_project/hls/build/hw/temp_dir/kernel_outerloop_0/kernel_outerloop_0/kernel_outerloop_0/solution/.autopilot/db/kernel_outerloop_0.rtl_wrap.cfg.tcl 
Execute         gen_rtl kernel_jac3D_kernel_stencil_core -style xilinx -f -lang vhdl -o /home/x_thileeb/repos/ops-hls-pact25-artifact/codegen_apps/jacobian3d/vck5000_project/hls/build/hw/temp_dir/kernel_outerloop_0/kernel_outerloop_0/kernel_outerloop_0/solution/syn/vhdl/kernel_outerloop_0_kernel_jac3D_kernel_stencil_core 
Execute         gen_rtl kernel_jac3D_kernel_stencil_core -style xilinx -f -lang vlog -o /home/x_thileeb/repos/ops-hls-pact25-artifact/codegen_apps/jacobian3d/vck5000_project/hls/build/hw/temp_dir/kernel_outerloop_0/kernel_outerloop_0/kernel_outerloop_0/solution/syn/verilog/kernel_outerloop_0_kernel_jac3D_kernel_stencil_core 
Execute         syn_report -csynth -model kernel_jac3D_kernel_stencil_core -o /home/x_thileeb/repos/ops-hls-pact25-artifact/codegen_apps/jacobian3d/vck5000_project/hls/build/hw/temp_dir/kernel_outerloop_0/kernel_outerloop_0/kernel_outerloop_0/solution/syn/report/kernel_jac3D_kernel_stencil_core_csynth.rpt 
Execute           AP::get_flow_target_display_name
Execute             get_solution -flow_target 
Execute         syn_report -rtlxml -model kernel_jac3D_kernel_stencil_core -o /home/x_thileeb/repos/ops-hls-pact25-artifact/codegen_apps/jacobian3d/vck5000_project/hls/build/hw/temp_dir/kernel_outerloop_0/kernel_outerloop_0/kernel_outerloop_0/solution/syn/report/kernel_jac3D_kernel_stencil_core_csynth.xml 
Execute           get_solution -flow_target
Execute             get_solution -flow_target 
Execute         syn_report -verbosereport -model kernel_jac3D_kernel_stencil_core -o /home/x_thileeb/repos/ops-hls-pact25-artifact/codegen_apps/jacobian3d/vck5000_project/hls/build/hw/temp_dir/kernel_outerloop_0/kernel_outerloop_0/kernel_outerloop_0/solution/.autopilot/db/kernel_jac3D_kernel_stencil_core.verbose.rpt 
Execute           AP::get_flow_target_display_name
Execute             get_solution -flow_target 
Command         syn_report done; 0.15 sec.
Execute         db_write -model kernel_jac3D_kernel_stencil_core -f -o /home/x_thileeb/repos/ops-hls-pact25-artifact/codegen_apps/jacobian3d/vck5000_project/hls/build/hw/temp_dir/kernel_outerloop_0/kernel_outerloop_0/kernel_outerloop_0/solution/.autopilot/db/kernel_jac3D_kernel_stencil_core.adb 
Execute         db_write -model kernel_jac3D_kernel_stencil_core -bindview -o /home/x_thileeb/repos/ops-hls-pact25-artifact/codegen_apps/jacobian3d/vck5000_project/hls/build/hw/temp_dir/kernel_outerloop_0/kernel_outerloop_0/kernel_outerloop_0/solution/.autopilot/db/design.bindinfo.xml 
Execute         gen_tb_info kernel_jac3D_kernel_stencil_core -p /home/x_thileeb/repos/ops-hls-pact25-artifact/codegen_apps/jacobian3d/vck5000_project/hls/build/hw/temp_dir/kernel_outerloop_0/kernel_outerloop_0/kernel_outerloop_0/solution/.autopilot/db -o /home/x_thileeb/repos/ops-hls-pact25-artifact/codegen_apps/jacobian3d/vck5000_project/hls/build/hw/temp_dir/kernel_outerloop_0/kernel_outerloop_0/kernel_outerloop_0/solution/.autopilot/db/kernel_jac3D_kernel_stencil_core 
INFO: [HLS 200-10] ----------------------------------------------------------------
INFO: [HLS 200-10] -- Generating RTL for module 'stencilRun_Pipeline_VITIS_LOOP_194_1' 
INFO: [HLS 200-10] ----------------------------------------------------------------
Execute         get_config_rtl -module_prefix 
Execute         get_config_rtl -module_auto_prefix 
Execute         get_config_rtl -module_prefix 
Execute         get_config_rtl -module_auto_prefix 
Execute         create_rtl_model stencilRun_Pipeline_VITIS_LOOP_194_1 -top_prefix kernel_outerloop_0_ -sub_prefix kernel_outerloop_0_ -mg_file /home/x_thileeb/repos/ops-hls-pact25-artifact/codegen_apps/jacobian3d/vck5000_project/hls/build/hw/temp_dir/kernel_outerloop_0/kernel_outerloop_0/kernel_outerloop_0/solution/.autopilot/db/stencilRun_Pipeline_VITIS_LOOP_194_1.compgen.tcl 
INFO: [HLS 200-1030] Apply Unified Pipeline Control on module 'stencilRun_Pipeline_VITIS_LOOP_194_1' pipeline 'VITIS_LOOP_194_1' pipeline type 'loop pipeline'
INFO: [RTGEN 206-104] Estimated max fanout for 'stencilRun_Pipeline_VITIS_LOOP_194_1' is 5912 from HDL expression: (1'b0 == ap_block_pp0_stage0_11001)
INFO: [RTGEN 206-100] Finished creating RTL model for 'stencilRun_Pipeline_VITIS_LOOP_194_1'.
Command         create_rtl_model done; 0.21 sec.
INFO: [HLS 200-111] Finished Creating RTL model: CPU user time: 0.55 seconds. CPU system time: 0.01 seconds. Elapsed time: 0.6 seconds; current allocated memory: 885.523 MB.
Execute         source /home/x_thileeb/repos/ops-hls-pact25-artifact/codegen_apps/jacobian3d/vck5000_project/hls/build/hw/temp_dir/kernel_outerloop_0/kernel_outerloop_0/kernel_outerloop_0/solution/.autopilot/db/kernel_outerloop_0.rtl_wrap.cfg.tcl 
Execute         gen_rtl stencilRun_Pipeline_VITIS_LOOP_194_1 -style xilinx -f -lang vhdl -o /home/x_thileeb/repos/ops-hls-pact25-artifact/codegen_apps/jacobian3d/vck5000_project/hls/build/hw/temp_dir/kernel_outerloop_0/kernel_outerloop_0/kernel_outerloop_0/solution/syn/vhdl/kernel_outerloop_0_stencilRun_Pipeline_VITIS_LOOP_194_1 
Execute         gen_rtl stencilRun_Pipeline_VITIS_LOOP_194_1 -style xilinx -f -lang vlog -o /home/x_thileeb/repos/ops-hls-pact25-artifact/codegen_apps/jacobian3d/vck5000_project/hls/build/hw/temp_dir/kernel_outerloop_0/kernel_outerloop_0/kernel_outerloop_0/solution/syn/verilog/kernel_outerloop_0_stencilRun_Pipeline_VITIS_LOOP_194_1 
Execute         syn_report -csynth -model stencilRun_Pipeline_VITIS_LOOP_194_1 -o /home/x_thileeb/repos/ops-hls-pact25-artifact/codegen_apps/jacobian3d/vck5000_project/hls/build/hw/temp_dir/kernel_outerloop_0/kernel_outerloop_0/kernel_outerloop_0/solution/syn/report/stencilRun_Pipeline_VITIS_LOOP_194_1_csynth.rpt 
Execute           AP::get_flow_target_display_name
Execute             get_solution -flow_target 
Command         syn_report done; 0.92 sec.
Execute         syn_report -rtlxml -model stencilRun_Pipeline_VITIS_LOOP_194_1 -o /home/x_thileeb/repos/ops-hls-pact25-artifact/codegen_apps/jacobian3d/vck5000_project/hls/build/hw/temp_dir/kernel_outerloop_0/kernel_outerloop_0/kernel_outerloop_0/solution/syn/report/stencilRun_Pipeline_VITIS_LOOP_194_1_csynth.xml 
Execute           get_solution -flow_target
Execute             get_solution -flow_target 
Command         syn_report done; 0.53 sec.
Execute         syn_report -verbosereport -model stencilRun_Pipeline_VITIS_LOOP_194_1 -o /home/x_thileeb/repos/ops-hls-pact25-artifact/codegen_apps/jacobian3d/vck5000_project/hls/build/hw/temp_dir/kernel_outerloop_0/kernel_outerloop_0/kernel_outerloop_0/solution/.autopilot/db/stencilRun_Pipeline_VITIS_LOOP_194_1.verbose.rpt 
Execute           AP::get_flow_target_display_name
Execute             get_solution -flow_target 
Command         syn_report done; 2.17 sec.
Execute         db_write -model stencilRun_Pipeline_VITIS_LOOP_194_1 -f -o /home/x_thileeb/repos/ops-hls-pact25-artifact/codegen_apps/jacobian3d/vck5000_project/hls/build/hw/temp_dir/kernel_outerloop_0/kernel_outerloop_0/kernel_outerloop_0/solution/.autopilot/db/stencilRun_Pipeline_VITIS_LOOP_194_1.adb 
Command         db_write done; 0.58 sec.
Execute         db_write -model stencilRun_Pipeline_VITIS_LOOP_194_1 -bindview -o /home/x_thileeb/repos/ops-hls-pact25-artifact/codegen_apps/jacobian3d/vck5000_project/hls/build/hw/temp_dir/kernel_outerloop_0/kernel_outerloop_0/kernel_outerloop_0/solution/.autopilot/db/design.bindinfo.xml 
Execute         gen_tb_info stencilRun_Pipeline_VITIS_LOOP_194_1 -p /home/x_thileeb/repos/ops-hls-pact25-artifact/codegen_apps/jacobian3d/vck5000_project/hls/build/hw/temp_dir/kernel_outerloop_0/kernel_outerloop_0/kernel_outerloop_0/solution/.autopilot/db -o /home/x_thileeb/repos/ops-hls-pact25-artifact/codegen_apps/jacobian3d/vck5000_project/hls/build/hw/temp_dir/kernel_outerloop_0/kernel_outerloop_0/kernel_outerloop_0/solution/.autopilot/db/stencilRun_Pipeline_VITIS_LOOP_194_1 
INFO: [HLS 200-10] ----------------------------------------------------------------
INFO: [HLS 200-10] -- Generating RTL for module 'stencilRun' 
INFO: [HLS 200-10] ----------------------------------------------------------------
Execute         get_config_rtl -module_prefix 
Execute         get_config_rtl -module_auto_prefix 
Execute         get_config_rtl -module_prefix 
Execute         get_config_rtl -module_auto_prefix 
Execute         create_rtl_model stencilRun -top_prefix kernel_outerloop_0_ -sub_prefix kernel_outerloop_0_ -mg_file /home/x_thileeb/repos/ops-hls-pact25-artifact/codegen_apps/jacobian3d/vck5000_project/hls/build/hw/temp_dir/kernel_outerloop_0/kernel_outerloop_0/kernel_outerloop_0/solution/.autopilot/db/stencilRun.compgen.tcl 
INFO: [RTGEN 206-100] Generating core module 'mac_muladd_16ns_16ns_1s_16_4_1': 1 instance(s).
INFO: [RTGEN 206-100] Generating core module 'mul_32s_16ns_32_3_1': 2 instance(s).
INFO: [RTGEN 206-100] Generating core module 'mul_mul_16ns_16ns_32_4_1': 1 instance(s).
INFO: [RTGEN 206-100] Finished creating RTL model for 'stencilRun'.
INFO: [HLS 200-111] Finished Creating RTL model: CPU user time: 4.35 seconds. CPU system time: 0.08 seconds. Elapsed time: 4.48 seconds; current allocated memory: 894.945 MB.
Execute         source /home/x_thileeb/repos/ops-hls-pact25-artifact/codegen_apps/jacobian3d/vck5000_project/hls/build/hw/temp_dir/kernel_outerloop_0/kernel_outerloop_0/kernel_outerloop_0/solution/.autopilot/db/kernel_outerloop_0.rtl_wrap.cfg.tcl 
Execute         gen_rtl stencilRun -style xilinx -f -lang vhdl -o /home/x_thileeb/repos/ops-hls-pact25-artifact/codegen_apps/jacobian3d/vck5000_project/hls/build/hw/temp_dir/kernel_outerloop_0/kernel_outerloop_0/kernel_outerloop_0/solution/syn/vhdl/kernel_outerloop_0_stencilRun 
Execute         gen_rtl stencilRun -style xilinx -f -lang vlog -o /home/x_thileeb/repos/ops-hls-pact25-artifact/codegen_apps/jacobian3d/vck5000_project/hls/build/hw/temp_dir/kernel_outerloop_0/kernel_outerloop_0/kernel_outerloop_0/solution/syn/verilog/kernel_outerloop_0_stencilRun 
Execute         syn_report -csynth -model stencilRun -o /home/x_thileeb/repos/ops-hls-pact25-artifact/codegen_apps/jacobian3d/vck5000_project/hls/build/hw/temp_dir/kernel_outerloop_0/kernel_outerloop_0/kernel_outerloop_0/solution/syn/report/stencilRun_csynth.rpt 
Execute           AP::get_flow_target_display_name
Execute             get_solution -flow_target 
Command         syn_report done; 0.12 sec.
Execute         syn_report -rtlxml -model stencilRun -o /home/x_thileeb/repos/ops-hls-pact25-artifact/codegen_apps/jacobian3d/vck5000_project/hls/build/hw/temp_dir/kernel_outerloop_0/kernel_outerloop_0/kernel_outerloop_0/solution/syn/report/stencilRun_csynth.xml 
Execute           get_solution -flow_target
Execute             get_solution -flow_target 
Execute         syn_report -verbosereport -model stencilRun -o /home/x_thileeb/repos/ops-hls-pact25-artifact/codegen_apps/jacobian3d/vck5000_project/hls/build/hw/temp_dir/kernel_outerloop_0/kernel_outerloop_0/kernel_outerloop_0/solution/.autopilot/db/stencilRun.verbose.rpt 
Execute           AP::get_flow_target_display_name
Execute             get_solution -flow_target 
Command         syn_report done; 1.73 sec.
Execute         db_write -model stencilRun -f -o /home/x_thileeb/repos/ops-hls-pact25-artifact/codegen_apps/jacobian3d/vck5000_project/hls/build/hw/temp_dir/kernel_outerloop_0/kernel_outerloop_0/kernel_outerloop_0/solution/.autopilot/db/stencilRun.adb 
Execute         db_write -model stencilRun -bindview -o /home/x_thileeb/repos/ops-hls-pact25-artifact/codegen_apps/jacobian3d/vck5000_project/hls/build/hw/temp_dir/kernel_outerloop_0/kernel_outerloop_0/kernel_outerloop_0/solution/.autopilot/db/design.bindinfo.xml 
Execute         gen_tb_info stencilRun -p /home/x_thileeb/repos/ops-hls-pact25-artifact/codegen_apps/jacobian3d/vck5000_project/hls/build/hw/temp_dir/kernel_outerloop_0/kernel_outerloop_0/kernel_outerloop_0/solution/.autopilot/db -o /home/x_thileeb/repos/ops-hls-pact25-artifact/codegen_apps/jacobian3d/vck5000_project/hls/build/hw/temp_dir/kernel_outerloop_0/kernel_outerloop_0/kernel_outerloop_0/solution/.autopilot/db/stencilRun 
INFO: [HLS 200-10] ----------------------------------------------------------------
INFO: [HLS 200-10] -- Generating RTL for module 'joint_PE_outerloop_0' 
INFO: [HLS 200-10] ----------------------------------------------------------------
Execute         get_config_rtl -module_prefix 
Execute         get_config_rtl -module_auto_prefix 
Execute         get_config_rtl -module_prefix 
Execute         get_config_rtl -module_auto_prefix 
Execute         create_rtl_model joint_PE_outerloop_0 -top_prefix kernel_outerloop_0_ -sub_prefix kernel_outerloop_0_ -mg_file /home/x_thileeb/repos/ops-hls-pact25-artifact/codegen_apps/jacobian3d/vck5000_project/hls/build/hw/temp_dir/kernel_outerloop_0/kernel_outerloop_0/kernel_outerloop_0/solution/.autopilot/db/joint_PE_outerloop_0.compgen.tcl 
INFO: [RTGEN 206-100] Finished creating RTL model for 'joint_PE_outerloop_0'.
INFO: [HLS 200-111] Finished Creating RTL model: CPU user time: 2.03 seconds. CPU system time: 0.01 seconds. Elapsed time: 2.06 seconds; current allocated memory: 895.359 MB.
Execute         source /home/x_thileeb/repos/ops-hls-pact25-artifact/codegen_apps/jacobian3d/vck5000_project/hls/build/hw/temp_dir/kernel_outerloop_0/kernel_outerloop_0/kernel_outerloop_0/solution/.autopilot/db/kernel_outerloop_0.rtl_wrap.cfg.tcl 
Execute         gen_rtl joint_PE_outerloop_0 -style xilinx -f -lang vhdl -o /home/x_thileeb/repos/ops-hls-pact25-artifact/codegen_apps/jacobian3d/vck5000_project/hls/build/hw/temp_dir/kernel_outerloop_0/kernel_outerloop_0/kernel_outerloop_0/solution/syn/vhdl/kernel_outerloop_0_joint_PE_outerloop_0 
Execute         gen_rtl joint_PE_outerloop_0 -style xilinx -f -lang vlog -o /home/x_thileeb/repos/ops-hls-pact25-artifact/codegen_apps/jacobian3d/vck5000_project/hls/build/hw/temp_dir/kernel_outerloop_0/kernel_outerloop_0/kernel_outerloop_0/solution/syn/verilog/kernel_outerloop_0_joint_PE_outerloop_0 
Execute         syn_report -csynth -model joint_PE_outerloop_0 -o /home/x_thileeb/repos/ops-hls-pact25-artifact/codegen_apps/jacobian3d/vck5000_project/hls/build/hw/temp_dir/kernel_outerloop_0/kernel_outerloop_0/kernel_outerloop_0/solution/syn/report/joint_PE_outerloop_0_csynth.rpt 
Execute           AP::get_flow_target_display_name
Execute             get_solution -flow_target 
Execute         syn_report -rtlxml -model joint_PE_outerloop_0 -o /home/x_thileeb/repos/ops-hls-pact25-artifact/codegen_apps/jacobian3d/vck5000_project/hls/build/hw/temp_dir/kernel_outerloop_0/kernel_outerloop_0/kernel_outerloop_0/solution/syn/report/joint_PE_outerloop_0_csynth.xml 
Execute           get_solution -flow_target
Execute             get_solution -flow_target 
Execute         syn_report -verbosereport -model joint_PE_outerloop_0 -o /home/x_thileeb/repos/ops-hls-pact25-artifact/codegen_apps/jacobian3d/vck5000_project/hls/build/hw/temp_dir/kernel_outerloop_0/kernel_outerloop_0/kernel_outerloop_0/solution/.autopilot/db/joint_PE_outerloop_0.verbose.rpt 
Execute           AP::get_flow_target_display_name
Execute             get_solution -flow_target 
Command         syn_report done; 1.8 sec.
Execute         db_write -model joint_PE_outerloop_0 -f -o /home/x_thileeb/repos/ops-hls-pact25-artifact/codegen_apps/jacobian3d/vck5000_project/hls/build/hw/temp_dir/kernel_outerloop_0/kernel_outerloop_0/kernel_outerloop_0/solution/.autopilot/db/joint_PE_outerloop_0.adb 
Execute         db_write -model joint_PE_outerloop_0 -bindview -o /home/x_thileeb/repos/ops-hls-pact25-artifact/codegen_apps/jacobian3d/vck5000_project/hls/build/hw/temp_dir/kernel_outerloop_0/kernel_outerloop_0/kernel_outerloop_0/solution/.autopilot/db/design.bindinfo.xml 
Execute         gen_tb_info joint_PE_outerloop_0 -p /home/x_thileeb/repos/ops-hls-pact25-artifact/codegen_apps/jacobian3d/vck5000_project/hls/build/hw/temp_dir/kernel_outerloop_0/kernel_outerloop_0/kernel_outerloop_0/solution/.autopilot/db -o /home/x_thileeb/repos/ops-hls-pact25-artifact/codegen_apps/jacobian3d/vck5000_project/hls/build/hw/temp_dir/kernel_outerloop_0/kernel_outerloop_0/kernel_outerloop_0/solution/.autopilot/db/joint_PE_outerloop_0 
INFO: [HLS 200-10] ----------------------------------------------------------------
INFO: [HLS 200-10] -- Generating RTL for module 'joint_PE_outerloop_0_1' 
INFO: [HLS 200-10] ----------------------------------------------------------------
Execute         get_config_rtl -module_prefix 
Execute         get_config_rtl -module_auto_prefix 
Execute         get_config_rtl -module_prefix 
Execute         get_config_rtl -module_auto_prefix 
Execute         create_rtl_model joint_PE_outerloop_0.1 -top_prefix kernel_outerloop_0_ -sub_prefix kernel_outerloop_0_ -mg_file /home/x_thileeb/repos/ops-hls-pact25-artifact/codegen_apps/jacobian3d/vck5000_project/hls/build/hw/temp_dir/kernel_outerloop_0/kernel_outerloop_0/kernel_outerloop_0/solution/.autopilot/db/joint_PE_outerloop_0_1.compgen.tcl 
INFO: [RTGEN 206-100] Finished creating RTL model for 'joint_PE_outerloop_0_1'.
INFO: [HLS 200-111] Finished Creating RTL model: CPU user time: 1.97 seconds. CPU system time: 0 seconds. Elapsed time: 2.02 seconds; current allocated memory: 896.723 MB.
Execute         source /home/x_thileeb/repos/ops-hls-pact25-artifact/codegen_apps/jacobian3d/vck5000_project/hls/build/hw/temp_dir/kernel_outerloop_0/kernel_outerloop_0/kernel_outerloop_0/solution/.autopilot/db/kernel_outerloop_0.rtl_wrap.cfg.tcl 
Execute         gen_rtl joint_PE_outerloop_0.1 -style xilinx -f -lang vhdl -o /home/x_thileeb/repos/ops-hls-pact25-artifact/codegen_apps/jacobian3d/vck5000_project/hls/build/hw/temp_dir/kernel_outerloop_0/kernel_outerloop_0/kernel_outerloop_0/solution/syn/vhdl/kernel_outerloop_0_joint_PE_outerloop_0_1 
Execute         gen_rtl joint_PE_outerloop_0.1 -style xilinx -f -lang vlog -o /home/x_thileeb/repos/ops-hls-pact25-artifact/codegen_apps/jacobian3d/vck5000_project/hls/build/hw/temp_dir/kernel_outerloop_0/kernel_outerloop_0/kernel_outerloop_0/solution/syn/verilog/kernel_outerloop_0_joint_PE_outerloop_0_1 
Execute         syn_report -csynth -model joint_PE_outerloop_0.1 -o /home/x_thileeb/repos/ops-hls-pact25-artifact/codegen_apps/jacobian3d/vck5000_project/hls/build/hw/temp_dir/kernel_outerloop_0/kernel_outerloop_0/kernel_outerloop_0/solution/syn/report/joint_PE_outerloop_0_1_csynth.rpt 
Execute           AP::get_flow_target_display_name
Execute             get_solution -flow_target 
Execute         syn_report -rtlxml -model joint_PE_outerloop_0.1 -o /home/x_thileeb/repos/ops-hls-pact25-artifact/codegen_apps/jacobian3d/vck5000_project/hls/build/hw/temp_dir/kernel_outerloop_0/kernel_outerloop_0/kernel_outerloop_0/solution/syn/report/joint_PE_outerloop_0_1_csynth.xml 
Execute           get_solution -flow_target
Execute             get_solution -flow_target 
Execute         syn_report -verbosereport -model joint_PE_outerloop_0.1 -o /home/x_thileeb/repos/ops-hls-pact25-artifact/codegen_apps/jacobian3d/vck5000_project/hls/build/hw/temp_dir/kernel_outerloop_0/kernel_outerloop_0/kernel_outerloop_0/solution/.autopilot/db/joint_PE_outerloop_0_1.verbose.rpt 
Execute           AP::get_flow_target_display_name
Execute             get_solution -flow_target 
Command         syn_report done; 1.74 sec.
Execute         db_write -model joint_PE_outerloop_0.1 -f -o /home/x_thileeb/repos/ops-hls-pact25-artifact/codegen_apps/jacobian3d/vck5000_project/hls/build/hw/temp_dir/kernel_outerloop_0/kernel_outerloop_0/kernel_outerloop_0/solution/.autopilot/db/joint_PE_outerloop_0_1.adb 
Execute         db_write -model joint_PE_outerloop_0.1 -bindview -o /home/x_thileeb/repos/ops-hls-pact25-artifact/codegen_apps/jacobian3d/vck5000_project/hls/build/hw/temp_dir/kernel_outerloop_0/kernel_outerloop_0/kernel_outerloop_0/solution/.autopilot/db/design.bindinfo.xml 
Execute         gen_tb_info joint_PE_outerloop_0.1 -p /home/x_thileeb/repos/ops-hls-pact25-artifact/codegen_apps/jacobian3d/vck5000_project/hls/build/hw/temp_dir/kernel_outerloop_0/kernel_outerloop_0/kernel_outerloop_0/solution/.autopilot/db -o /home/x_thileeb/repos/ops-hls-pact25-artifact/codegen_apps/jacobian3d/vck5000_project/hls/build/hw/temp_dir/kernel_outerloop_0/kernel_outerloop_0/kernel_outerloop_0/solution/.autopilot/db/joint_PE_outerloop_0_1 
INFO: [HLS 200-10] ----------------------------------------------------------------
INFO: [HLS 200-10] -- Generating RTL for module 'joint_PE_outerloop_0_2' 
INFO: [HLS 200-10] ----------------------------------------------------------------
Execute         get_config_rtl -module_prefix 
Execute         get_config_rtl -module_auto_prefix 
Execute         get_config_rtl -module_prefix 
Execute         get_config_rtl -module_auto_prefix 
Execute         create_rtl_model joint_PE_outerloop_0.2 -top_prefix kernel_outerloop_0_ -sub_prefix kernel_outerloop_0_ -mg_file /home/x_thileeb/repos/ops-hls-pact25-artifact/codegen_apps/jacobian3d/vck5000_project/hls/build/hw/temp_dir/kernel_outerloop_0/kernel_outerloop_0/kernel_outerloop_0/solution/.autopilot/db/joint_PE_outerloop_0_2.compgen.tcl 
INFO: [RTGEN 206-100] Finished creating RTL model for 'joint_PE_outerloop_0_2'.
INFO: [HLS 200-111] Finished Creating RTL model: CPU user time: 1.93 seconds. CPU system time: 0.01 seconds. Elapsed time: 1.97 seconds; current allocated memory: 898.035 MB.
Execute         source /home/x_thileeb/repos/ops-hls-pact25-artifact/codegen_apps/jacobian3d/vck5000_project/hls/build/hw/temp_dir/kernel_outerloop_0/kernel_outerloop_0/kernel_outerloop_0/solution/.autopilot/db/kernel_outerloop_0.rtl_wrap.cfg.tcl 
Execute         gen_rtl joint_PE_outerloop_0.2 -style xilinx -f -lang vhdl -o /home/x_thileeb/repos/ops-hls-pact25-artifact/codegen_apps/jacobian3d/vck5000_project/hls/build/hw/temp_dir/kernel_outerloop_0/kernel_outerloop_0/kernel_outerloop_0/solution/syn/vhdl/kernel_outerloop_0_joint_PE_outerloop_0_2 
Execute         gen_rtl joint_PE_outerloop_0.2 -style xilinx -f -lang vlog -o /home/x_thileeb/repos/ops-hls-pact25-artifact/codegen_apps/jacobian3d/vck5000_project/hls/build/hw/temp_dir/kernel_outerloop_0/kernel_outerloop_0/kernel_outerloop_0/solution/syn/verilog/kernel_outerloop_0_joint_PE_outerloop_0_2 
Execute         syn_report -csynth -model joint_PE_outerloop_0.2 -o /home/x_thileeb/repos/ops-hls-pact25-artifact/codegen_apps/jacobian3d/vck5000_project/hls/build/hw/temp_dir/kernel_outerloop_0/kernel_outerloop_0/kernel_outerloop_0/solution/syn/report/joint_PE_outerloop_0_2_csynth.rpt 
Execute           AP::get_flow_target_display_name
Execute             get_solution -flow_target 
Execute         syn_report -rtlxml -model joint_PE_outerloop_0.2 -o /home/x_thileeb/repos/ops-hls-pact25-artifact/codegen_apps/jacobian3d/vck5000_project/hls/build/hw/temp_dir/kernel_outerloop_0/kernel_outerloop_0/kernel_outerloop_0/solution/syn/report/joint_PE_outerloop_0_2_csynth.xml 
Execute           get_solution -flow_target
Execute             get_solution -flow_target 
Execute         syn_report -verbosereport -model joint_PE_outerloop_0.2 -o /home/x_thileeb/repos/ops-hls-pact25-artifact/codegen_apps/jacobian3d/vck5000_project/hls/build/hw/temp_dir/kernel_outerloop_0/kernel_outerloop_0/kernel_outerloop_0/solution/.autopilot/db/joint_PE_outerloop_0_2.verbose.rpt 
Execute           AP::get_flow_target_display_name
Execute             get_solution -flow_target 
Command         syn_report done; 1.83 sec.
Execute         db_write -model joint_PE_outerloop_0.2 -f -o /home/x_thileeb/repos/ops-hls-pact25-artifact/codegen_apps/jacobian3d/vck5000_project/hls/build/hw/temp_dir/kernel_outerloop_0/kernel_outerloop_0/kernel_outerloop_0/solution/.autopilot/db/joint_PE_outerloop_0_2.adb 
Execute         db_write -model joint_PE_outerloop_0.2 -bindview -o /home/x_thileeb/repos/ops-hls-pact25-artifact/codegen_apps/jacobian3d/vck5000_project/hls/build/hw/temp_dir/kernel_outerloop_0/kernel_outerloop_0/kernel_outerloop_0/solution/.autopilot/db/design.bindinfo.xml 
Execute         gen_tb_info joint_PE_outerloop_0.2 -p /home/x_thileeb/repos/ops-hls-pact25-artifact/codegen_apps/jacobian3d/vck5000_project/hls/build/hw/temp_dir/kernel_outerloop_0/kernel_outerloop_0/kernel_outerloop_0/solution/.autopilot/db -o /home/x_thileeb/repos/ops-hls-pact25-artifact/codegen_apps/jacobian3d/vck5000_project/hls/build/hw/temp_dir/kernel_outerloop_0/kernel_outerloop_0/kernel_outerloop_0/solution/.autopilot/db/joint_PE_outerloop_0_2 
INFO: [HLS 200-10] ----------------------------------------------------------------
INFO: [HLS 200-10] -- Generating RTL for module 'joint_PE_outerloop_0_3' 
INFO: [HLS 200-10] ----------------------------------------------------------------
Execute         get_config_rtl -module_prefix 
Execute         get_config_rtl -module_auto_prefix 
Execute         get_config_rtl -module_prefix 
Execute         get_config_rtl -module_auto_prefix 
Execute         create_rtl_model joint_PE_outerloop_0.3 -top_prefix kernel_outerloop_0_ -sub_prefix kernel_outerloop_0_ -mg_file /home/x_thileeb/repos/ops-hls-pact25-artifact/codegen_apps/jacobian3d/vck5000_project/hls/build/hw/temp_dir/kernel_outerloop_0/kernel_outerloop_0/kernel_outerloop_0/solution/.autopilot/db/joint_PE_outerloop_0_3.compgen.tcl 
INFO: [RTGEN 206-100] Finished creating RTL model for 'joint_PE_outerloop_0_3'.
INFO: [HLS 200-111] Finished Creating RTL model: CPU user time: 2.01 seconds. CPU system time: 0.01 seconds. Elapsed time: 2.04 seconds; current allocated memory: 899.418 MB.
Execute         source /home/x_thileeb/repos/ops-hls-pact25-artifact/codegen_apps/jacobian3d/vck5000_project/hls/build/hw/temp_dir/kernel_outerloop_0/kernel_outerloop_0/kernel_outerloop_0/solution/.autopilot/db/kernel_outerloop_0.rtl_wrap.cfg.tcl 
Execute         gen_rtl joint_PE_outerloop_0.3 -style xilinx -f -lang vhdl -o /home/x_thileeb/repos/ops-hls-pact25-artifact/codegen_apps/jacobian3d/vck5000_project/hls/build/hw/temp_dir/kernel_outerloop_0/kernel_outerloop_0/kernel_outerloop_0/solution/syn/vhdl/kernel_outerloop_0_joint_PE_outerloop_0_3 
Execute         gen_rtl joint_PE_outerloop_0.3 -style xilinx -f -lang vlog -o /home/x_thileeb/repos/ops-hls-pact25-artifact/codegen_apps/jacobian3d/vck5000_project/hls/build/hw/temp_dir/kernel_outerloop_0/kernel_outerloop_0/kernel_outerloop_0/solution/syn/verilog/kernel_outerloop_0_joint_PE_outerloop_0_3 
Execute         syn_report -csynth -model joint_PE_outerloop_0.3 -o /home/x_thileeb/repos/ops-hls-pact25-artifact/codegen_apps/jacobian3d/vck5000_project/hls/build/hw/temp_dir/kernel_outerloop_0/kernel_outerloop_0/kernel_outerloop_0/solution/syn/report/joint_PE_outerloop_0_3_csynth.rpt 
Execute           AP::get_flow_target_display_name
Execute             get_solution -flow_target 
Execute         syn_report -rtlxml -model joint_PE_outerloop_0.3 -o /home/x_thileeb/repos/ops-hls-pact25-artifact/codegen_apps/jacobian3d/vck5000_project/hls/build/hw/temp_dir/kernel_outerloop_0/kernel_outerloop_0/kernel_outerloop_0/solution/syn/report/joint_PE_outerloop_0_3_csynth.xml 
Execute           get_solution -flow_target
Execute             get_solution -flow_target 
Execute         syn_report -verbosereport -model joint_PE_outerloop_0.3 -o /home/x_thileeb/repos/ops-hls-pact25-artifact/codegen_apps/jacobian3d/vck5000_project/hls/build/hw/temp_dir/kernel_outerloop_0/kernel_outerloop_0/kernel_outerloop_0/solution/.autopilot/db/joint_PE_outerloop_0_3.verbose.rpt 
Execute           AP::get_flow_target_display_name
Execute             get_solution -flow_target 
Command         syn_report done; 1.55 sec.
Execute         db_write -model joint_PE_outerloop_0.3 -f -o /home/x_thileeb/repos/ops-hls-pact25-artifact/codegen_apps/jacobian3d/vck5000_project/hls/build/hw/temp_dir/kernel_outerloop_0/kernel_outerloop_0/kernel_outerloop_0/solution/.autopilot/db/joint_PE_outerloop_0_3.adb 
Execute         db_write -model joint_PE_outerloop_0.3 -bindview -o /home/x_thileeb/repos/ops-hls-pact25-artifact/codegen_apps/jacobian3d/vck5000_project/hls/build/hw/temp_dir/kernel_outerloop_0/kernel_outerloop_0/kernel_outerloop_0/solution/.autopilot/db/design.bindinfo.xml 
Execute         gen_tb_info joint_PE_outerloop_0.3 -p /home/x_thileeb/repos/ops-hls-pact25-artifact/codegen_apps/jacobian3d/vck5000_project/hls/build/hw/temp_dir/kernel_outerloop_0/kernel_outerloop_0/kernel_outerloop_0/solution/.autopilot/db -o /home/x_thileeb/repos/ops-hls-pact25-artifact/codegen_apps/jacobian3d/vck5000_project/hls/build/hw/temp_dir/kernel_outerloop_0/kernel_outerloop_0/kernel_outerloop_0/solution/.autopilot/db/joint_PE_outerloop_0_3 
INFO: [HLS 200-10] ----------------------------------------------------------------
INFO: [HLS 200-10] -- Generating RTL for module 'joint_PE_outerloop_0_4' 
INFO: [HLS 200-10] ----------------------------------------------------------------
Execute         get_config_rtl -module_prefix 
Execute         get_config_rtl -module_auto_prefix 
Execute         get_config_rtl -module_prefix 
Execute         get_config_rtl -module_auto_prefix 
Execute         create_rtl_model joint_PE_outerloop_0.4 -top_prefix kernel_outerloop_0_ -sub_prefix kernel_outerloop_0_ -mg_file /home/x_thileeb/repos/ops-hls-pact25-artifact/codegen_apps/jacobian3d/vck5000_project/hls/build/hw/temp_dir/kernel_outerloop_0/kernel_outerloop_0/kernel_outerloop_0/solution/.autopilot/db/joint_PE_outerloop_0_4.compgen.tcl 
INFO: [RTGEN 206-100] Finished creating RTL model for 'joint_PE_outerloop_0_4'.
INFO: [HLS 200-111] Finished Creating RTL model: CPU user time: 1.74 seconds. CPU system time: 0.01 seconds. Elapsed time: 1.78 seconds; current allocated memory: 900.746 MB.
Execute         source /home/x_thileeb/repos/ops-hls-pact25-artifact/codegen_apps/jacobian3d/vck5000_project/hls/build/hw/temp_dir/kernel_outerloop_0/kernel_outerloop_0/kernel_outerloop_0/solution/.autopilot/db/kernel_outerloop_0.rtl_wrap.cfg.tcl 
Execute         gen_rtl joint_PE_outerloop_0.4 -style xilinx -f -lang vhdl -o /home/x_thileeb/repos/ops-hls-pact25-artifact/codegen_apps/jacobian3d/vck5000_project/hls/build/hw/temp_dir/kernel_outerloop_0/kernel_outerloop_0/kernel_outerloop_0/solution/syn/vhdl/kernel_outerloop_0_joint_PE_outerloop_0_4 
Execute         gen_rtl joint_PE_outerloop_0.4 -style xilinx -f -lang vlog -o /home/x_thileeb/repos/ops-hls-pact25-artifact/codegen_apps/jacobian3d/vck5000_project/hls/build/hw/temp_dir/kernel_outerloop_0/kernel_outerloop_0/kernel_outerloop_0/solution/syn/verilog/kernel_outerloop_0_joint_PE_outerloop_0_4 
Execute         syn_report -csynth -model joint_PE_outerloop_0.4 -o /home/x_thileeb/repos/ops-hls-pact25-artifact/codegen_apps/jacobian3d/vck5000_project/hls/build/hw/temp_dir/kernel_outerloop_0/kernel_outerloop_0/kernel_outerloop_0/solution/syn/report/joint_PE_outerloop_0_4_csynth.rpt 
Execute           AP::get_flow_target_display_name
Execute             get_solution -flow_target 
Execute         syn_report -rtlxml -model joint_PE_outerloop_0.4 -o /home/x_thileeb/repos/ops-hls-pact25-artifact/codegen_apps/jacobian3d/vck5000_project/hls/build/hw/temp_dir/kernel_outerloop_0/kernel_outerloop_0/kernel_outerloop_0/solution/syn/report/joint_PE_outerloop_0_4_csynth.xml 
Execute           get_solution -flow_target
Execute             get_solution -flow_target 
Execute         syn_report -verbosereport -model joint_PE_outerloop_0.4 -o /home/x_thileeb/repos/ops-hls-pact25-artifact/codegen_apps/jacobian3d/vck5000_project/hls/build/hw/temp_dir/kernel_outerloop_0/kernel_outerloop_0/kernel_outerloop_0/solution/.autopilot/db/joint_PE_outerloop_0_4.verbose.rpt 
Execute           AP::get_flow_target_display_name
Execute             get_solution -flow_target 
Command         syn_report done; 1.79 sec.
Execute         db_write -model joint_PE_outerloop_0.4 -f -o /home/x_thileeb/repos/ops-hls-pact25-artifact/codegen_apps/jacobian3d/vck5000_project/hls/build/hw/temp_dir/kernel_outerloop_0/kernel_outerloop_0/kernel_outerloop_0/solution/.autopilot/db/joint_PE_outerloop_0_4.adb 
Execute         db_write -model joint_PE_outerloop_0.4 -bindview -o /home/x_thileeb/repos/ops-hls-pact25-artifact/codegen_apps/jacobian3d/vck5000_project/hls/build/hw/temp_dir/kernel_outerloop_0/kernel_outerloop_0/kernel_outerloop_0/solution/.autopilot/db/design.bindinfo.xml 
Execute         gen_tb_info joint_PE_outerloop_0.4 -p /home/x_thileeb/repos/ops-hls-pact25-artifact/codegen_apps/jacobian3d/vck5000_project/hls/build/hw/temp_dir/kernel_outerloop_0/kernel_outerloop_0/kernel_outerloop_0/solution/.autopilot/db -o /home/x_thileeb/repos/ops-hls-pact25-artifact/codegen_apps/jacobian3d/vck5000_project/hls/build/hw/temp_dir/kernel_outerloop_0/kernel_outerloop_0/kernel_outerloop_0/solution/.autopilot/db/joint_PE_outerloop_0_4 
INFO: [HLS 200-10] ----------------------------------------------------------------
INFO: [HLS 200-10] -- Generating RTL for module 'joint_PE_outerloop_0_5' 
INFO: [HLS 200-10] ----------------------------------------------------------------
Execute         get_config_rtl -module_prefix 
Execute         get_config_rtl -module_auto_prefix 
Execute         get_config_rtl -module_prefix 
Execute         get_config_rtl -module_auto_prefix 
Execute         create_rtl_model joint_PE_outerloop_0.5 -top_prefix kernel_outerloop_0_ -sub_prefix kernel_outerloop_0_ -mg_file /home/x_thileeb/repos/ops-hls-pact25-artifact/codegen_apps/jacobian3d/vck5000_project/hls/build/hw/temp_dir/kernel_outerloop_0/kernel_outerloop_0/kernel_outerloop_0/solution/.autopilot/db/joint_PE_outerloop_0_5.compgen.tcl 
INFO: [RTGEN 206-100] Finished creating RTL model for 'joint_PE_outerloop_0_5'.
INFO: [HLS 200-111] Finished Creating RTL model: CPU user time: 1.98 seconds. CPU system time: 0.01 seconds. Elapsed time: 2.02 seconds; current allocated memory: 902.164 MB.
Execute         source /home/x_thileeb/repos/ops-hls-pact25-artifact/codegen_apps/jacobian3d/vck5000_project/hls/build/hw/temp_dir/kernel_outerloop_0/kernel_outerloop_0/kernel_outerloop_0/solution/.autopilot/db/kernel_outerloop_0.rtl_wrap.cfg.tcl 
Execute         gen_rtl joint_PE_outerloop_0.5 -style xilinx -f -lang vhdl -o /home/x_thileeb/repos/ops-hls-pact25-artifact/codegen_apps/jacobian3d/vck5000_project/hls/build/hw/temp_dir/kernel_outerloop_0/kernel_outerloop_0/kernel_outerloop_0/solution/syn/vhdl/kernel_outerloop_0_joint_PE_outerloop_0_5 
Execute         gen_rtl joint_PE_outerloop_0.5 -style xilinx -f -lang vlog -o /home/x_thileeb/repos/ops-hls-pact25-artifact/codegen_apps/jacobian3d/vck5000_project/hls/build/hw/temp_dir/kernel_outerloop_0/kernel_outerloop_0/kernel_outerloop_0/solution/syn/verilog/kernel_outerloop_0_joint_PE_outerloop_0_5 
Execute         syn_report -csynth -model joint_PE_outerloop_0.5 -o /home/x_thileeb/repos/ops-hls-pact25-artifact/codegen_apps/jacobian3d/vck5000_project/hls/build/hw/temp_dir/kernel_outerloop_0/kernel_outerloop_0/kernel_outerloop_0/solution/syn/report/joint_PE_outerloop_0_5_csynth.rpt 
Execute           AP::get_flow_target_display_name
Execute             get_solution -flow_target 
Execute         syn_report -rtlxml -model joint_PE_outerloop_0.5 -o /home/x_thileeb/repos/ops-hls-pact25-artifact/codegen_apps/jacobian3d/vck5000_project/hls/build/hw/temp_dir/kernel_outerloop_0/kernel_outerloop_0/kernel_outerloop_0/solution/syn/report/joint_PE_outerloop_0_5_csynth.xml 
Execute           get_solution -flow_target
Execute             get_solution -flow_target 
Execute         syn_report -verbosereport -model joint_PE_outerloop_0.5 -o /home/x_thileeb/repos/ops-hls-pact25-artifact/codegen_apps/jacobian3d/vck5000_project/hls/build/hw/temp_dir/kernel_outerloop_0/kernel_outerloop_0/kernel_outerloop_0/solution/.autopilot/db/joint_PE_outerloop_0_5.verbose.rpt 
Execute           AP::get_flow_target_display_name
Execute             get_solution -flow_target 
Command         syn_report done; 1.76 sec.
Execute         db_write -model joint_PE_outerloop_0.5 -f -o /home/x_thileeb/repos/ops-hls-pact25-artifact/codegen_apps/jacobian3d/vck5000_project/hls/build/hw/temp_dir/kernel_outerloop_0/kernel_outerloop_0/kernel_outerloop_0/solution/.autopilot/db/joint_PE_outerloop_0_5.adb 
Execute         db_write -model joint_PE_outerloop_0.5 -bindview -o /home/x_thileeb/repos/ops-hls-pact25-artifact/codegen_apps/jacobian3d/vck5000_project/hls/build/hw/temp_dir/kernel_outerloop_0/kernel_outerloop_0/kernel_outerloop_0/solution/.autopilot/db/design.bindinfo.xml 
Execute         gen_tb_info joint_PE_outerloop_0.5 -p /home/x_thileeb/repos/ops-hls-pact25-artifact/codegen_apps/jacobian3d/vck5000_project/hls/build/hw/temp_dir/kernel_outerloop_0/kernel_outerloop_0/kernel_outerloop_0/solution/.autopilot/db -o /home/x_thileeb/repos/ops-hls-pact25-artifact/codegen_apps/jacobian3d/vck5000_project/hls/build/hw/temp_dir/kernel_outerloop_0/kernel_outerloop_0/kernel_outerloop_0/solution/.autopilot/db/joint_PE_outerloop_0_5 
INFO: [HLS 200-10] ----------------------------------------------------------------
INFO: [HLS 200-10] -- Generating RTL for module 'joint_PE_outerloop_0_6' 
INFO: [HLS 200-10] ----------------------------------------------------------------
Execute         get_config_rtl -module_prefix 
Execute         get_config_rtl -module_auto_prefix 
Execute         get_config_rtl -module_prefix 
Execute         get_config_rtl -module_auto_prefix 
Execute         create_rtl_model joint_PE_outerloop_0.6 -top_prefix kernel_outerloop_0_ -sub_prefix kernel_outerloop_0_ -mg_file /home/x_thileeb/repos/ops-hls-pact25-artifact/codegen_apps/jacobian3d/vck5000_project/hls/build/hw/temp_dir/kernel_outerloop_0/kernel_outerloop_0/kernel_outerloop_0/solution/.autopilot/db/joint_PE_outerloop_0_6.compgen.tcl 
INFO: [RTGEN 206-100] Finished creating RTL model for 'joint_PE_outerloop_0_6'.
INFO: [HLS 200-111] Finished Creating RTL model: CPU user time: 1.97 seconds. CPU system time: 0 seconds. Elapsed time: 2.01 seconds; current allocated memory: 903.492 MB.
Execute         source /home/x_thileeb/repos/ops-hls-pact25-artifact/codegen_apps/jacobian3d/vck5000_project/hls/build/hw/temp_dir/kernel_outerloop_0/kernel_outerloop_0/kernel_outerloop_0/solution/.autopilot/db/kernel_outerloop_0.rtl_wrap.cfg.tcl 
Execute         gen_rtl joint_PE_outerloop_0.6 -style xilinx -f -lang vhdl -o /home/x_thileeb/repos/ops-hls-pact25-artifact/codegen_apps/jacobian3d/vck5000_project/hls/build/hw/temp_dir/kernel_outerloop_0/kernel_outerloop_0/kernel_outerloop_0/solution/syn/vhdl/kernel_outerloop_0_joint_PE_outerloop_0_6 
Execute         gen_rtl joint_PE_outerloop_0.6 -style xilinx -f -lang vlog -o /home/x_thileeb/repos/ops-hls-pact25-artifact/codegen_apps/jacobian3d/vck5000_project/hls/build/hw/temp_dir/kernel_outerloop_0/kernel_outerloop_0/kernel_outerloop_0/solution/syn/verilog/kernel_outerloop_0_joint_PE_outerloop_0_6 
Execute         syn_report -csynth -model joint_PE_outerloop_0.6 -o /home/x_thileeb/repos/ops-hls-pact25-artifact/codegen_apps/jacobian3d/vck5000_project/hls/build/hw/temp_dir/kernel_outerloop_0/kernel_outerloop_0/kernel_outerloop_0/solution/syn/report/joint_PE_outerloop_0_6_csynth.rpt 
Execute           AP::get_flow_target_display_name
Execute             get_solution -flow_target 
Execute         syn_report -rtlxml -model joint_PE_outerloop_0.6 -o /home/x_thileeb/repos/ops-hls-pact25-artifact/codegen_apps/jacobian3d/vck5000_project/hls/build/hw/temp_dir/kernel_outerloop_0/kernel_outerloop_0/kernel_outerloop_0/solution/syn/report/joint_PE_outerloop_0_6_csynth.xml 
Execute           get_solution -flow_target
Execute             get_solution -flow_target 
Execute         syn_report -verbosereport -model joint_PE_outerloop_0.6 -o /home/x_thileeb/repos/ops-hls-pact25-artifact/codegen_apps/jacobian3d/vck5000_project/hls/build/hw/temp_dir/kernel_outerloop_0/kernel_outerloop_0/kernel_outerloop_0/solution/.autopilot/db/joint_PE_outerloop_0_6.verbose.rpt 
Execute           AP::get_flow_target_display_name
Execute             get_solution -flow_target 
Command         syn_report done; 1.78 sec.
Execute         db_write -model joint_PE_outerloop_0.6 -f -o /home/x_thileeb/repos/ops-hls-pact25-artifact/codegen_apps/jacobian3d/vck5000_project/hls/build/hw/temp_dir/kernel_outerloop_0/kernel_outerloop_0/kernel_outerloop_0/solution/.autopilot/db/joint_PE_outerloop_0_6.adb 
Execute         db_write -model joint_PE_outerloop_0.6 -bindview -o /home/x_thileeb/repos/ops-hls-pact25-artifact/codegen_apps/jacobian3d/vck5000_project/hls/build/hw/temp_dir/kernel_outerloop_0/kernel_outerloop_0/kernel_outerloop_0/solution/.autopilot/db/design.bindinfo.xml 
Execute         gen_tb_info joint_PE_outerloop_0.6 -p /home/x_thileeb/repos/ops-hls-pact25-artifact/codegen_apps/jacobian3d/vck5000_project/hls/build/hw/temp_dir/kernel_outerloop_0/kernel_outerloop_0/kernel_outerloop_0/solution/.autopilot/db -o /home/x_thileeb/repos/ops-hls-pact25-artifact/codegen_apps/jacobian3d/vck5000_project/hls/build/hw/temp_dir/kernel_outerloop_0/kernel_outerloop_0/kernel_outerloop_0/solution/.autopilot/db/joint_PE_outerloop_0_6 
INFO: [HLS 200-10] ----------------------------------------------------------------
INFO: [HLS 200-10] -- Generating RTL for module 'joint_PE_outerloop_0_7' 
INFO: [HLS 200-10] ----------------------------------------------------------------
Execute         get_config_rtl -module_prefix 
Execute         get_config_rtl -module_auto_prefix 
Execute         get_config_rtl -module_prefix 
Execute         get_config_rtl -module_auto_prefix 
Execute         create_rtl_model joint_PE_outerloop_0.7 -top_prefix kernel_outerloop_0_ -sub_prefix kernel_outerloop_0_ -mg_file /home/x_thileeb/repos/ops-hls-pact25-artifact/codegen_apps/jacobian3d/vck5000_project/hls/build/hw/temp_dir/kernel_outerloop_0/kernel_outerloop_0/kernel_outerloop_0/solution/.autopilot/db/joint_PE_outerloop_0_7.compgen.tcl 
INFO: [RTGEN 206-100] Finished creating RTL model for 'joint_PE_outerloop_0_7'.
INFO: [HLS 200-111] Finished Creating RTL model: CPU user time: 1.97 seconds. CPU system time: 0 seconds. Elapsed time: 2 seconds; current allocated memory: 904.859 MB.
Execute         source /home/x_thileeb/repos/ops-hls-pact25-artifact/codegen_apps/jacobian3d/vck5000_project/hls/build/hw/temp_dir/kernel_outerloop_0/kernel_outerloop_0/kernel_outerloop_0/solution/.autopilot/db/kernel_outerloop_0.rtl_wrap.cfg.tcl 
Execute         gen_rtl joint_PE_outerloop_0.7 -style xilinx -f -lang vhdl -o /home/x_thileeb/repos/ops-hls-pact25-artifact/codegen_apps/jacobian3d/vck5000_project/hls/build/hw/temp_dir/kernel_outerloop_0/kernel_outerloop_0/kernel_outerloop_0/solution/syn/vhdl/kernel_outerloop_0_joint_PE_outerloop_0_7 
Execute         gen_rtl joint_PE_outerloop_0.7 -style xilinx -f -lang vlog -o /home/x_thileeb/repos/ops-hls-pact25-artifact/codegen_apps/jacobian3d/vck5000_project/hls/build/hw/temp_dir/kernel_outerloop_0/kernel_outerloop_0/kernel_outerloop_0/solution/syn/verilog/kernel_outerloop_0_joint_PE_outerloop_0_7 
Execute         syn_report -csynth -model joint_PE_outerloop_0.7 -o /home/x_thileeb/repos/ops-hls-pact25-artifact/codegen_apps/jacobian3d/vck5000_project/hls/build/hw/temp_dir/kernel_outerloop_0/kernel_outerloop_0/kernel_outerloop_0/solution/syn/report/joint_PE_outerloop_0_7_csynth.rpt 
Execute           AP::get_flow_target_display_name
Execute             get_solution -flow_target 
Execute         syn_report -rtlxml -model joint_PE_outerloop_0.7 -o /home/x_thileeb/repos/ops-hls-pact25-artifact/codegen_apps/jacobian3d/vck5000_project/hls/build/hw/temp_dir/kernel_outerloop_0/kernel_outerloop_0/kernel_outerloop_0/solution/syn/report/joint_PE_outerloop_0_7_csynth.xml 
Execute           get_solution -flow_target
Execute             get_solution -flow_target 
Execute         syn_report -verbosereport -model joint_PE_outerloop_0.7 -o /home/x_thileeb/repos/ops-hls-pact25-artifact/codegen_apps/jacobian3d/vck5000_project/hls/build/hw/temp_dir/kernel_outerloop_0/kernel_outerloop_0/kernel_outerloop_0/solution/.autopilot/db/joint_PE_outerloop_0_7.verbose.rpt 
Execute           AP::get_flow_target_display_name
Execute             get_solution -flow_target 
Command         syn_report done; 1.45 sec.
Execute         db_write -model joint_PE_outerloop_0.7 -f -o /home/x_thileeb/repos/ops-hls-pact25-artifact/codegen_apps/jacobian3d/vck5000_project/hls/build/hw/temp_dir/kernel_outerloop_0/kernel_outerloop_0/kernel_outerloop_0/solution/.autopilot/db/joint_PE_outerloop_0_7.adb 
Execute         db_write -model joint_PE_outerloop_0.7 -bindview -o /home/x_thileeb/repos/ops-hls-pact25-artifact/codegen_apps/jacobian3d/vck5000_project/hls/build/hw/temp_dir/kernel_outerloop_0/kernel_outerloop_0/kernel_outerloop_0/solution/.autopilot/db/design.bindinfo.xml 
Execute         gen_tb_info joint_PE_outerloop_0.7 -p /home/x_thileeb/repos/ops-hls-pact25-artifact/codegen_apps/jacobian3d/vck5000_project/hls/build/hw/temp_dir/kernel_outerloop_0/kernel_outerloop_0/kernel_outerloop_0/solution/.autopilot/db -o /home/x_thileeb/repos/ops-hls-pact25-artifact/codegen_apps/jacobian3d/vck5000_project/hls/build/hw/temp_dir/kernel_outerloop_0/kernel_outerloop_0/kernel_outerloop_0/solution/.autopilot/db/joint_PE_outerloop_0_7 
INFO: [HLS 200-10] ----------------------------------------------------------------
INFO: [HLS 200-10] -- Generating RTL for module 'joint_PE_outerloop_0_8' 
INFO: [HLS 200-10] ----------------------------------------------------------------
Execute         get_config_rtl -module_prefix 
Execute         get_config_rtl -module_auto_prefix 
Execute         get_config_rtl -module_prefix 
Execute         get_config_rtl -module_auto_prefix 
Execute         create_rtl_model joint_PE_outerloop_0.8 -top_prefix kernel_outerloop_0_ -sub_prefix kernel_outerloop_0_ -mg_file /home/x_thileeb/repos/ops-hls-pact25-artifact/codegen_apps/jacobian3d/vck5000_project/hls/build/hw/temp_dir/kernel_outerloop_0/kernel_outerloop_0/kernel_outerloop_0/solution/.autopilot/db/joint_PE_outerloop_0_8.compgen.tcl 
INFO: [RTGEN 206-100] Finished creating RTL model for 'joint_PE_outerloop_0_8'.
INFO: [HLS 200-111] Finished Creating RTL model: CPU user time: 1.59 seconds. CPU system time: 0.01 seconds. Elapsed time: 1.64 seconds; current allocated memory: 906.277 MB.
Execute         source /home/x_thileeb/repos/ops-hls-pact25-artifact/codegen_apps/jacobian3d/vck5000_project/hls/build/hw/temp_dir/kernel_outerloop_0/kernel_outerloop_0/kernel_outerloop_0/solution/.autopilot/db/kernel_outerloop_0.rtl_wrap.cfg.tcl 
Execute         gen_rtl joint_PE_outerloop_0.8 -style xilinx -f -lang vhdl -o /home/x_thileeb/repos/ops-hls-pact25-artifact/codegen_apps/jacobian3d/vck5000_project/hls/build/hw/temp_dir/kernel_outerloop_0/kernel_outerloop_0/kernel_outerloop_0/solution/syn/vhdl/kernel_outerloop_0_joint_PE_outerloop_0_8 
Execute         gen_rtl joint_PE_outerloop_0.8 -style xilinx -f -lang vlog -o /home/x_thileeb/repos/ops-hls-pact25-artifact/codegen_apps/jacobian3d/vck5000_project/hls/build/hw/temp_dir/kernel_outerloop_0/kernel_outerloop_0/kernel_outerloop_0/solution/syn/verilog/kernel_outerloop_0_joint_PE_outerloop_0_8 
Execute         syn_report -csynth -model joint_PE_outerloop_0.8 -o /home/x_thileeb/repos/ops-hls-pact25-artifact/codegen_apps/jacobian3d/vck5000_project/hls/build/hw/temp_dir/kernel_outerloop_0/kernel_outerloop_0/kernel_outerloop_0/solution/syn/report/joint_PE_outerloop_0_8_csynth.rpt 
Execute           AP::get_flow_target_display_name
Execute             get_solution -flow_target 
Command         syn_report done; 0.11 sec.
Execute         syn_report -rtlxml -model joint_PE_outerloop_0.8 -o /home/x_thileeb/repos/ops-hls-pact25-artifact/codegen_apps/jacobian3d/vck5000_project/hls/build/hw/temp_dir/kernel_outerloop_0/kernel_outerloop_0/kernel_outerloop_0/solution/syn/report/joint_PE_outerloop_0_8_csynth.xml 
Execute           get_solution -flow_target
Execute             get_solution -flow_target 
Execute         syn_report -verbosereport -model joint_PE_outerloop_0.8 -o /home/x_thileeb/repos/ops-hls-pact25-artifact/codegen_apps/jacobian3d/vck5000_project/hls/build/hw/temp_dir/kernel_outerloop_0/kernel_outerloop_0/kernel_outerloop_0/solution/.autopilot/db/joint_PE_outerloop_0_8.verbose.rpt 
Execute           AP::get_flow_target_display_name
Execute             get_solution -flow_target 
Command         syn_report done; 1.73 sec.
Execute         db_write -model joint_PE_outerloop_0.8 -f -o /home/x_thileeb/repos/ops-hls-pact25-artifact/codegen_apps/jacobian3d/vck5000_project/hls/build/hw/temp_dir/kernel_outerloop_0/kernel_outerloop_0/kernel_outerloop_0/solution/.autopilot/db/joint_PE_outerloop_0_8.adb 
Execute         db_write -model joint_PE_outerloop_0.8 -bindview -o /home/x_thileeb/repos/ops-hls-pact25-artifact/codegen_apps/jacobian3d/vck5000_project/hls/build/hw/temp_dir/kernel_outerloop_0/kernel_outerloop_0/kernel_outerloop_0/solution/.autopilot/db/design.bindinfo.xml 
Execute         gen_tb_info joint_PE_outerloop_0.8 -p /home/x_thileeb/repos/ops-hls-pact25-artifact/codegen_apps/jacobian3d/vck5000_project/hls/build/hw/temp_dir/kernel_outerloop_0/kernel_outerloop_0/kernel_outerloop_0/solution/.autopilot/db -o /home/x_thileeb/repos/ops-hls-pact25-artifact/codegen_apps/jacobian3d/vck5000_project/hls/build/hw/temp_dir/kernel_outerloop_0/kernel_outerloop_0/kernel_outerloop_0/solution/.autopilot/db/joint_PE_outerloop_0_8 
INFO: [HLS 200-10] ----------------------------------------------------------------
INFO: [HLS 200-10] -- Generating RTL for module 'joint_PE_outerloop_0_9' 
INFO: [HLS 200-10] ----------------------------------------------------------------
Execute         get_config_rtl -module_prefix 
Execute         get_config_rtl -module_auto_prefix 
Execute         get_config_rtl -module_prefix 
Execute         get_config_rtl -module_auto_prefix 
Execute         create_rtl_model joint_PE_outerloop_0.9 -top_prefix kernel_outerloop_0_ -sub_prefix kernel_outerloop_0_ -mg_file /home/x_thileeb/repos/ops-hls-pact25-artifact/codegen_apps/jacobian3d/vck5000_project/hls/build/hw/temp_dir/kernel_outerloop_0/kernel_outerloop_0/kernel_outerloop_0/solution/.autopilot/db/joint_PE_outerloop_0_9.compgen.tcl 
INFO: [RTGEN 206-100] Finished creating RTL model for 'joint_PE_outerloop_0_9'.
INFO: [HLS 200-111] Finished Creating RTL model: CPU user time: 1.94 seconds. CPU system time: 0.01 seconds. Elapsed time: 1.99 seconds; current allocated memory: 907.602 MB.
Execute         source /home/x_thileeb/repos/ops-hls-pact25-artifact/codegen_apps/jacobian3d/vck5000_project/hls/build/hw/temp_dir/kernel_outerloop_0/kernel_outerloop_0/kernel_outerloop_0/solution/.autopilot/db/kernel_outerloop_0.rtl_wrap.cfg.tcl 
Execute         gen_rtl joint_PE_outerloop_0.9 -style xilinx -f -lang vhdl -o /home/x_thileeb/repos/ops-hls-pact25-artifact/codegen_apps/jacobian3d/vck5000_project/hls/build/hw/temp_dir/kernel_outerloop_0/kernel_outerloop_0/kernel_outerloop_0/solution/syn/vhdl/kernel_outerloop_0_joint_PE_outerloop_0_9 
Execute         gen_rtl joint_PE_outerloop_0.9 -style xilinx -f -lang vlog -o /home/x_thileeb/repos/ops-hls-pact25-artifact/codegen_apps/jacobian3d/vck5000_project/hls/build/hw/temp_dir/kernel_outerloop_0/kernel_outerloop_0/kernel_outerloop_0/solution/syn/verilog/kernel_outerloop_0_joint_PE_outerloop_0_9 
Execute         syn_report -csynth -model joint_PE_outerloop_0.9 -o /home/x_thileeb/repos/ops-hls-pact25-artifact/codegen_apps/jacobian3d/vck5000_project/hls/build/hw/temp_dir/kernel_outerloop_0/kernel_outerloop_0/kernel_outerloop_0/solution/syn/report/joint_PE_outerloop_0_9_csynth.rpt 
Execute           AP::get_flow_target_display_name
Execute             get_solution -flow_target 
Execute         syn_report -rtlxml -model joint_PE_outerloop_0.9 -o /home/x_thileeb/repos/ops-hls-pact25-artifact/codegen_apps/jacobian3d/vck5000_project/hls/build/hw/temp_dir/kernel_outerloop_0/kernel_outerloop_0/kernel_outerloop_0/solution/syn/report/joint_PE_outerloop_0_9_csynth.xml 
Execute           get_solution -flow_target
Execute             get_solution -flow_target 
Execute         syn_report -verbosereport -model joint_PE_outerloop_0.9 -o /home/x_thileeb/repos/ops-hls-pact25-artifact/codegen_apps/jacobian3d/vck5000_project/hls/build/hw/temp_dir/kernel_outerloop_0/kernel_outerloop_0/kernel_outerloop_0/solution/.autopilot/db/joint_PE_outerloop_0_9.verbose.rpt 
Execute           AP::get_flow_target_display_name
Execute             get_solution -flow_target 
Command         syn_report done; 1.83 sec.
Execute         db_write -model joint_PE_outerloop_0.9 -f -o /home/x_thileeb/repos/ops-hls-pact25-artifact/codegen_apps/jacobian3d/vck5000_project/hls/build/hw/temp_dir/kernel_outerloop_0/kernel_outerloop_0/kernel_outerloop_0/solution/.autopilot/db/joint_PE_outerloop_0_9.adb 
Execute         db_write -model joint_PE_outerloop_0.9 -bindview -o /home/x_thileeb/repos/ops-hls-pact25-artifact/codegen_apps/jacobian3d/vck5000_project/hls/build/hw/temp_dir/kernel_outerloop_0/kernel_outerloop_0/kernel_outerloop_0/solution/.autopilot/db/design.bindinfo.xml 
Execute         gen_tb_info joint_PE_outerloop_0.9 -p /home/x_thileeb/repos/ops-hls-pact25-artifact/codegen_apps/jacobian3d/vck5000_project/hls/build/hw/temp_dir/kernel_outerloop_0/kernel_outerloop_0/kernel_outerloop_0/solution/.autopilot/db -o /home/x_thileeb/repos/ops-hls-pact25-artifact/codegen_apps/jacobian3d/vck5000_project/hls/build/hw/temp_dir/kernel_outerloop_0/kernel_outerloop_0/kernel_outerloop_0/solution/.autopilot/db/joint_PE_outerloop_0_9 
INFO: [HLS 200-10] ----------------------------------------------------------------
INFO: [HLS 200-10] -- Generating RTL for module 'joint_PE_outerloop_0_10' 
INFO: [HLS 200-10] ----------------------------------------------------------------
Execute         get_config_rtl -module_prefix 
Execute         get_config_rtl -module_auto_prefix 
Execute         get_config_rtl -module_prefix 
Execute         get_config_rtl -module_auto_prefix 
Execute         create_rtl_model joint_PE_outerloop_0.10 -top_prefix kernel_outerloop_0_ -sub_prefix kernel_outerloop_0_ -mg_file /home/x_thileeb/repos/ops-hls-pact25-artifact/codegen_apps/jacobian3d/vck5000_project/hls/build/hw/temp_dir/kernel_outerloop_0/kernel_outerloop_0/kernel_outerloop_0/solution/.autopilot/db/joint_PE_outerloop_0_10.compgen.tcl 
INFO: [RTGEN 206-100] Finished creating RTL model for 'joint_PE_outerloop_0_10'.
INFO: [HLS 200-111] Finished Creating RTL model: CPU user time: 2.01 seconds. CPU system time: 0.01 seconds. Elapsed time: 2.06 seconds; current allocated memory: 908.973 MB.
Execute         source /home/x_thileeb/repos/ops-hls-pact25-artifact/codegen_apps/jacobian3d/vck5000_project/hls/build/hw/temp_dir/kernel_outerloop_0/kernel_outerloop_0/kernel_outerloop_0/solution/.autopilot/db/kernel_outerloop_0.rtl_wrap.cfg.tcl 
Execute         gen_rtl joint_PE_outerloop_0.10 -style xilinx -f -lang vhdl -o /home/x_thileeb/repos/ops-hls-pact25-artifact/codegen_apps/jacobian3d/vck5000_project/hls/build/hw/temp_dir/kernel_outerloop_0/kernel_outerloop_0/kernel_outerloop_0/solution/syn/vhdl/kernel_outerloop_0_joint_PE_outerloop_0_10 
Execute         gen_rtl joint_PE_outerloop_0.10 -style xilinx -f -lang vlog -o /home/x_thileeb/repos/ops-hls-pact25-artifact/codegen_apps/jacobian3d/vck5000_project/hls/build/hw/temp_dir/kernel_outerloop_0/kernel_outerloop_0/kernel_outerloop_0/solution/syn/verilog/kernel_outerloop_0_joint_PE_outerloop_0_10 
Execute         syn_report -csynth -model joint_PE_outerloop_0.10 -o /home/x_thileeb/repos/ops-hls-pact25-artifact/codegen_apps/jacobian3d/vck5000_project/hls/build/hw/temp_dir/kernel_outerloop_0/kernel_outerloop_0/kernel_outerloop_0/solution/syn/report/joint_PE_outerloop_0_10_csynth.rpt 
Execute           AP::get_flow_target_display_name
Execute             get_solution -flow_target 
Execute         syn_report -rtlxml -model joint_PE_outerloop_0.10 -o /home/x_thileeb/repos/ops-hls-pact25-artifact/codegen_apps/jacobian3d/vck5000_project/hls/build/hw/temp_dir/kernel_outerloop_0/kernel_outerloop_0/kernel_outerloop_0/solution/syn/report/joint_PE_outerloop_0_10_csynth.xml 
Execute           get_solution -flow_target
Execute             get_solution -flow_target 
Execute         syn_report -verbosereport -model joint_PE_outerloop_0.10 -o /home/x_thileeb/repos/ops-hls-pact25-artifact/codegen_apps/jacobian3d/vck5000_project/hls/build/hw/temp_dir/kernel_outerloop_0/kernel_outerloop_0/kernel_outerloop_0/solution/.autopilot/db/joint_PE_outerloop_0_10.verbose.rpt 
Execute           AP::get_flow_target_display_name
Execute             get_solution -flow_target 
Command         syn_report done; 1.82 sec.
Execute         db_write -model joint_PE_outerloop_0.10 -f -o /home/x_thileeb/repos/ops-hls-pact25-artifact/codegen_apps/jacobian3d/vck5000_project/hls/build/hw/temp_dir/kernel_outerloop_0/kernel_outerloop_0/kernel_outerloop_0/solution/.autopilot/db/joint_PE_outerloop_0_10.adb 
Execute         db_write -model joint_PE_outerloop_0.10 -bindview -o /home/x_thileeb/repos/ops-hls-pact25-artifact/codegen_apps/jacobian3d/vck5000_project/hls/build/hw/temp_dir/kernel_outerloop_0/kernel_outerloop_0/kernel_outerloop_0/solution/.autopilot/db/design.bindinfo.xml 
Execute         gen_tb_info joint_PE_outerloop_0.10 -p /home/x_thileeb/repos/ops-hls-pact25-artifact/codegen_apps/jacobian3d/vck5000_project/hls/build/hw/temp_dir/kernel_outerloop_0/kernel_outerloop_0/kernel_outerloop_0/solution/.autopilot/db -o /home/x_thileeb/repos/ops-hls-pact25-artifact/codegen_apps/jacobian3d/vck5000_project/hls/build/hw/temp_dir/kernel_outerloop_0/kernel_outerloop_0/kernel_outerloop_0/solution/.autopilot/db/joint_PE_outerloop_0_10 
INFO: [HLS 200-10] ----------------------------------------------------------------
INFO: [HLS 200-10] -- Generating RTL for module 'joint_PE_outerloop_0_11' 
INFO: [HLS 200-10] ----------------------------------------------------------------
Execute         get_config_rtl -module_prefix 
Execute         get_config_rtl -module_auto_prefix 
Execute         get_config_rtl -module_prefix 
Execute         get_config_rtl -module_auto_prefix 
Execute         create_rtl_model joint_PE_outerloop_0.11 -top_prefix kernel_outerloop_0_ -sub_prefix kernel_outerloop_0_ -mg_file /home/x_thileeb/repos/ops-hls-pact25-artifact/codegen_apps/jacobian3d/vck5000_project/hls/build/hw/temp_dir/kernel_outerloop_0/kernel_outerloop_0/kernel_outerloop_0/solution/.autopilot/db/joint_PE_outerloop_0_11.compgen.tcl 
INFO: [RTGEN 206-100] Finished creating RTL model for 'joint_PE_outerloop_0_11'.
INFO: [HLS 200-111] Finished Creating RTL model: CPU user time: 1.97 seconds. CPU system time: 0.01 seconds. Elapsed time: 2.02 seconds; current allocated memory: 910.328 MB.
Execute         source /home/x_thileeb/repos/ops-hls-pact25-artifact/codegen_apps/jacobian3d/vck5000_project/hls/build/hw/temp_dir/kernel_outerloop_0/kernel_outerloop_0/kernel_outerloop_0/solution/.autopilot/db/kernel_outerloop_0.rtl_wrap.cfg.tcl 
Execute         gen_rtl joint_PE_outerloop_0.11 -style xilinx -f -lang vhdl -o /home/x_thileeb/repos/ops-hls-pact25-artifact/codegen_apps/jacobian3d/vck5000_project/hls/build/hw/temp_dir/kernel_outerloop_0/kernel_outerloop_0/kernel_outerloop_0/solution/syn/vhdl/kernel_outerloop_0_joint_PE_outerloop_0_11 
Execute         gen_rtl joint_PE_outerloop_0.11 -style xilinx -f -lang vlog -o /home/x_thileeb/repos/ops-hls-pact25-artifact/codegen_apps/jacobian3d/vck5000_project/hls/build/hw/temp_dir/kernel_outerloop_0/kernel_outerloop_0/kernel_outerloop_0/solution/syn/verilog/kernel_outerloop_0_joint_PE_outerloop_0_11 
Execute         syn_report -csynth -model joint_PE_outerloop_0.11 -o /home/x_thileeb/repos/ops-hls-pact25-artifact/codegen_apps/jacobian3d/vck5000_project/hls/build/hw/temp_dir/kernel_outerloop_0/kernel_outerloop_0/kernel_outerloop_0/solution/syn/report/joint_PE_outerloop_0_11_csynth.rpt 
Execute           AP::get_flow_target_display_name
Execute             get_solution -flow_target 
Execute         syn_report -rtlxml -model joint_PE_outerloop_0.11 -o /home/x_thileeb/repos/ops-hls-pact25-artifact/codegen_apps/jacobian3d/vck5000_project/hls/build/hw/temp_dir/kernel_outerloop_0/kernel_outerloop_0/kernel_outerloop_0/solution/syn/report/joint_PE_outerloop_0_11_csynth.xml 
Execute           get_solution -flow_target
Execute             get_solution -flow_target 
Execute         syn_report -verbosereport -model joint_PE_outerloop_0.11 -o /home/x_thileeb/repos/ops-hls-pact25-artifact/codegen_apps/jacobian3d/vck5000_project/hls/build/hw/temp_dir/kernel_outerloop_0/kernel_outerloop_0/kernel_outerloop_0/solution/.autopilot/db/joint_PE_outerloop_0_11.verbose.rpt 
Execute           AP::get_flow_target_display_name
Execute             get_solution -flow_target 
Command         syn_report done; 1.81 sec.
Execute         db_write -model joint_PE_outerloop_0.11 -f -o /home/x_thileeb/repos/ops-hls-pact25-artifact/codegen_apps/jacobian3d/vck5000_project/hls/build/hw/temp_dir/kernel_outerloop_0/kernel_outerloop_0/kernel_outerloop_0/solution/.autopilot/db/joint_PE_outerloop_0_11.adb 
Execute         db_write -model joint_PE_outerloop_0.11 -bindview -o /home/x_thileeb/repos/ops-hls-pact25-artifact/codegen_apps/jacobian3d/vck5000_project/hls/build/hw/temp_dir/kernel_outerloop_0/kernel_outerloop_0/kernel_outerloop_0/solution/.autopilot/db/design.bindinfo.xml 
Execute         gen_tb_info joint_PE_outerloop_0.11 -p /home/x_thileeb/repos/ops-hls-pact25-artifact/codegen_apps/jacobian3d/vck5000_project/hls/build/hw/temp_dir/kernel_outerloop_0/kernel_outerloop_0/kernel_outerloop_0/solution/.autopilot/db -o /home/x_thileeb/repos/ops-hls-pact25-artifact/codegen_apps/jacobian3d/vck5000_project/hls/build/hw/temp_dir/kernel_outerloop_0/kernel_outerloop_0/kernel_outerloop_0/solution/.autopilot/db/joint_PE_outerloop_0_11 
INFO: [HLS 200-10] ----------------------------------------------------------------
INFO: [HLS 200-10] -- Generating RTL for module 'joint_PE_outerloop_0_12' 
INFO: [HLS 200-10] ----------------------------------------------------------------
Execute         get_config_rtl -module_prefix 
Execute         get_config_rtl -module_auto_prefix 
Execute         get_config_rtl -module_prefix 
Execute         get_config_rtl -module_auto_prefix 
Execute         create_rtl_model joint_PE_outerloop_0.12 -top_prefix kernel_outerloop_0_ -sub_prefix kernel_outerloop_0_ -mg_file /home/x_thileeb/repos/ops-hls-pact25-artifact/codegen_apps/jacobian3d/vck5000_project/hls/build/hw/temp_dir/kernel_outerloop_0/kernel_outerloop_0/kernel_outerloop_0/solution/.autopilot/db/joint_PE_outerloop_0_12.compgen.tcl 
INFO: [RTGEN 206-100] Finished creating RTL model for 'joint_PE_outerloop_0_12'.
INFO: [HLS 200-111] Finished Creating RTL model: CPU user time: 1.99 seconds. CPU system time: 0.01 seconds. Elapsed time: 2.05 seconds; current allocated memory: 911.711 MB.
Execute         source /home/x_thileeb/repos/ops-hls-pact25-artifact/codegen_apps/jacobian3d/vck5000_project/hls/build/hw/temp_dir/kernel_outerloop_0/kernel_outerloop_0/kernel_outerloop_0/solution/.autopilot/db/kernel_outerloop_0.rtl_wrap.cfg.tcl 
Execute         gen_rtl joint_PE_outerloop_0.12 -style xilinx -f -lang vhdl -o /home/x_thileeb/repos/ops-hls-pact25-artifact/codegen_apps/jacobian3d/vck5000_project/hls/build/hw/temp_dir/kernel_outerloop_0/kernel_outerloop_0/kernel_outerloop_0/solution/syn/vhdl/kernel_outerloop_0_joint_PE_outerloop_0_12 
Execute         gen_rtl joint_PE_outerloop_0.12 -style xilinx -f -lang vlog -o /home/x_thileeb/repos/ops-hls-pact25-artifact/codegen_apps/jacobian3d/vck5000_project/hls/build/hw/temp_dir/kernel_outerloop_0/kernel_outerloop_0/kernel_outerloop_0/solution/syn/verilog/kernel_outerloop_0_joint_PE_outerloop_0_12 
Execute         syn_report -csynth -model joint_PE_outerloop_0.12 -o /home/x_thileeb/repos/ops-hls-pact25-artifact/codegen_apps/jacobian3d/vck5000_project/hls/build/hw/temp_dir/kernel_outerloop_0/kernel_outerloop_0/kernel_outerloop_0/solution/syn/report/joint_PE_outerloop_0_12_csynth.rpt 
Execute           AP::get_flow_target_display_name
Execute             get_solution -flow_target 
Execute         syn_report -rtlxml -model joint_PE_outerloop_0.12 -o /home/x_thileeb/repos/ops-hls-pact25-artifact/codegen_apps/jacobian3d/vck5000_project/hls/build/hw/temp_dir/kernel_outerloop_0/kernel_outerloop_0/kernel_outerloop_0/solution/syn/report/joint_PE_outerloop_0_12_csynth.xml 
Execute           get_solution -flow_target
Execute             get_solution -flow_target 
Execute         syn_report -verbosereport -model joint_PE_outerloop_0.12 -o /home/x_thileeb/repos/ops-hls-pact25-artifact/codegen_apps/jacobian3d/vck5000_project/hls/build/hw/temp_dir/kernel_outerloop_0/kernel_outerloop_0/kernel_outerloop_0/solution/.autopilot/db/joint_PE_outerloop_0_12.verbose.rpt 
Execute           AP::get_flow_target_display_name
Execute             get_solution -flow_target 
Command         syn_report done; 1.58 sec.
Execute         db_write -model joint_PE_outerloop_0.12 -f -o /home/x_thileeb/repos/ops-hls-pact25-artifact/codegen_apps/jacobian3d/vck5000_project/hls/build/hw/temp_dir/kernel_outerloop_0/kernel_outerloop_0/kernel_outerloop_0/solution/.autopilot/db/joint_PE_outerloop_0_12.adb 
Execute         db_write -model joint_PE_outerloop_0.12 -bindview -o /home/x_thileeb/repos/ops-hls-pact25-artifact/codegen_apps/jacobian3d/vck5000_project/hls/build/hw/temp_dir/kernel_outerloop_0/kernel_outerloop_0/kernel_outerloop_0/solution/.autopilot/db/design.bindinfo.xml 
Execute         gen_tb_info joint_PE_outerloop_0.12 -p /home/x_thileeb/repos/ops-hls-pact25-artifact/codegen_apps/jacobian3d/vck5000_project/hls/build/hw/temp_dir/kernel_outerloop_0/kernel_outerloop_0/kernel_outerloop_0/solution/.autopilot/db -o /home/x_thileeb/repos/ops-hls-pact25-artifact/codegen_apps/jacobian3d/vck5000_project/hls/build/hw/temp_dir/kernel_outerloop_0/kernel_outerloop_0/kernel_outerloop_0/solution/.autopilot/db/joint_PE_outerloop_0_12 
INFO: [HLS 200-10] ----------------------------------------------------------------
INFO: [HLS 200-10] -- Generating RTL for module 'joint_PE_outerloop_0_13' 
INFO: [HLS 200-10] ----------------------------------------------------------------
Execute         get_config_rtl -module_prefix 
Execute         get_config_rtl -module_auto_prefix 
Execute         get_config_rtl -module_prefix 
Execute         get_config_rtl -module_auto_prefix 
Execute         create_rtl_model joint_PE_outerloop_0.13 -top_prefix kernel_outerloop_0_ -sub_prefix kernel_outerloop_0_ -mg_file /home/x_thileeb/repos/ops-hls-pact25-artifact/codegen_apps/jacobian3d/vck5000_project/hls/build/hw/temp_dir/kernel_outerloop_0/kernel_outerloop_0/kernel_outerloop_0/solution/.autopilot/db/joint_PE_outerloop_0_13.compgen.tcl 
INFO: [RTGEN 206-100] Finished creating RTL model for 'joint_PE_outerloop_0_13'.
INFO: [HLS 200-111] Finished Creating RTL model: CPU user time: 1.73 seconds. CPU system time: 0.01 seconds. Elapsed time: 1.77 seconds; current allocated memory: 912.840 MB.
Execute         source /home/x_thileeb/repos/ops-hls-pact25-artifact/codegen_apps/jacobian3d/vck5000_project/hls/build/hw/temp_dir/kernel_outerloop_0/kernel_outerloop_0/kernel_outerloop_0/solution/.autopilot/db/kernel_outerloop_0.rtl_wrap.cfg.tcl 
Execute         gen_rtl joint_PE_outerloop_0.13 -style xilinx -f -lang vhdl -o /home/x_thileeb/repos/ops-hls-pact25-artifact/codegen_apps/jacobian3d/vck5000_project/hls/build/hw/temp_dir/kernel_outerloop_0/kernel_outerloop_0/kernel_outerloop_0/solution/syn/vhdl/kernel_outerloop_0_joint_PE_outerloop_0_13 
Execute         gen_rtl joint_PE_outerloop_0.13 -style xilinx -f -lang vlog -o /home/x_thileeb/repos/ops-hls-pact25-artifact/codegen_apps/jacobian3d/vck5000_project/hls/build/hw/temp_dir/kernel_outerloop_0/kernel_outerloop_0/kernel_outerloop_0/solution/syn/verilog/kernel_outerloop_0_joint_PE_outerloop_0_13 
Execute         syn_report -csynth -model joint_PE_outerloop_0.13 -o /home/x_thileeb/repos/ops-hls-pact25-artifact/codegen_apps/jacobian3d/vck5000_project/hls/build/hw/temp_dir/kernel_outerloop_0/kernel_outerloop_0/kernel_outerloop_0/solution/syn/report/joint_PE_outerloop_0_13_csynth.rpt 
Execute           AP::get_flow_target_display_name
Execute             get_solution -flow_target 
Execute         syn_report -rtlxml -model joint_PE_outerloop_0.13 -o /home/x_thileeb/repos/ops-hls-pact25-artifact/codegen_apps/jacobian3d/vck5000_project/hls/build/hw/temp_dir/kernel_outerloop_0/kernel_outerloop_0/kernel_outerloop_0/solution/syn/report/joint_PE_outerloop_0_13_csynth.xml 
Execute           get_solution -flow_target
Execute             get_solution -flow_target 
Execute         syn_report -verbosereport -model joint_PE_outerloop_0.13 -o /home/x_thileeb/repos/ops-hls-pact25-artifact/codegen_apps/jacobian3d/vck5000_project/hls/build/hw/temp_dir/kernel_outerloop_0/kernel_outerloop_0/kernel_outerloop_0/solution/.autopilot/db/joint_PE_outerloop_0_13.verbose.rpt 
Execute           AP::get_flow_target_display_name
Execute             get_solution -flow_target 
Command         syn_report done; 1.49 sec.
Execute         db_write -model joint_PE_outerloop_0.13 -f -o /home/x_thileeb/repos/ops-hls-pact25-artifact/codegen_apps/jacobian3d/vck5000_project/hls/build/hw/temp_dir/kernel_outerloop_0/kernel_outerloop_0/kernel_outerloop_0/solution/.autopilot/db/joint_PE_outerloop_0_13.adb 
Execute         db_write -model joint_PE_outerloop_0.13 -bindview -o /home/x_thileeb/repos/ops-hls-pact25-artifact/codegen_apps/jacobian3d/vck5000_project/hls/build/hw/temp_dir/kernel_outerloop_0/kernel_outerloop_0/kernel_outerloop_0/solution/.autopilot/db/design.bindinfo.xml 
Execute         gen_tb_info joint_PE_outerloop_0.13 -p /home/x_thileeb/repos/ops-hls-pact25-artifact/codegen_apps/jacobian3d/vck5000_project/hls/build/hw/temp_dir/kernel_outerloop_0/kernel_outerloop_0/kernel_outerloop_0/solution/.autopilot/db -o /home/x_thileeb/repos/ops-hls-pact25-artifact/codegen_apps/jacobian3d/vck5000_project/hls/build/hw/temp_dir/kernel_outerloop_0/kernel_outerloop_0/kernel_outerloop_0/solution/.autopilot/db/joint_PE_outerloop_0_13 
INFO: [HLS 200-10] ----------------------------------------------------------------
INFO: [HLS 200-10] -- Generating RTL for module 'stream2axis_256u_256u_Pipeline_VITIS_LOOP_1897_1' 
INFO: [HLS 200-10] ----------------------------------------------------------------
Execute         get_config_rtl -module_prefix 
Execute         get_config_rtl -module_auto_prefix 
Execute         get_config_rtl -module_prefix 
Execute         get_config_rtl -module_auto_prefix 
Execute         create_rtl_model stream2axis<256u, 256u>_Pipeline_VITIS_LOOP_1897_1 -top_prefix kernel_outerloop_0_ -sub_prefix kernel_outerloop_0_ -mg_file /home/x_thileeb/repos/ops-hls-pact25-artifact/codegen_apps/jacobian3d/vck5000_project/hls/build/hw/temp_dir/kernel_outerloop_0/kernel_outerloop_0/kernel_outerloop_0/solution/.autopilot/db/stream2axis_256u_256u_Pipeline_VITIS_LOOP_1897_1.compgen.tcl 
INFO: [HLS 200-1030] Apply Unified Pipeline Control on module 'stream2axis_256u_256u_Pipeline_VITIS_LOOP_1897_1' pipeline 'VITIS_LOOP_1897_1' pipeline type 'loop pipeline'
INFO: [RTGEN 206-100] Finished creating RTL model for 'stream2axis_256u_256u_Pipeline_VITIS_LOOP_1897_1'.
INFO: [HLS 200-111] Finished Creating RTL model: CPU user time: 1.62 seconds. CPU system time: 0 seconds. Elapsed time: 1.65 seconds; current allocated memory: 913.621 MB.
Execute         source /home/x_thileeb/repos/ops-hls-pact25-artifact/codegen_apps/jacobian3d/vck5000_project/hls/build/hw/temp_dir/kernel_outerloop_0/kernel_outerloop_0/kernel_outerloop_0/solution/.autopilot/db/kernel_outerloop_0.rtl_wrap.cfg.tcl 
Execute         gen_rtl stream2axis<256u, 256u>_Pipeline_VITIS_LOOP_1897_1 -style xilinx -f -lang vhdl -o /home/x_thileeb/repos/ops-hls-pact25-artifact/codegen_apps/jacobian3d/vck5000_project/hls/build/hw/temp_dir/kernel_outerloop_0/kernel_outerloop_0/kernel_outerloop_0/solution/syn/vhdl/kernel_outerloop_0_stream2axis_256u_256u_Pipeline_VITIS_LOOP_1897_1 
Execute         gen_rtl stream2axis<256u, 256u>_Pipeline_VITIS_LOOP_1897_1 -style xilinx -f -lang vlog -o /home/x_thileeb/repos/ops-hls-pact25-artifact/codegen_apps/jacobian3d/vck5000_project/hls/build/hw/temp_dir/kernel_outerloop_0/kernel_outerloop_0/kernel_outerloop_0/solution/syn/verilog/kernel_outerloop_0_stream2axis_256u_256u_Pipeline_VITIS_LOOP_1897_1 
Execute         syn_report -csynth -model stream2axis<256u, 256u>_Pipeline_VITIS_LOOP_1897_1 -o /home/x_thileeb/repos/ops-hls-pact25-artifact/codegen_apps/jacobian3d/vck5000_project/hls/build/hw/temp_dir/kernel_outerloop_0/kernel_outerloop_0/kernel_outerloop_0/solution/syn/report/stream2axis_256u_256u_Pipeline_VITIS_LOOP_1897_1_csynth.rpt 
Execute           AP::get_flow_target_display_name
Execute             get_solution -flow_target 
Execute         syn_report -rtlxml -model stream2axis<256u, 256u>_Pipeline_VITIS_LOOP_1897_1 -o /home/x_thileeb/repos/ops-hls-pact25-artifact/codegen_apps/jacobian3d/vck5000_project/hls/build/hw/temp_dir/kernel_outerloop_0/kernel_outerloop_0/kernel_outerloop_0/solution/syn/report/stream2axis_256u_256u_Pipeline_VITIS_LOOP_1897_1_csynth.xml 
Execute           get_solution -flow_target
Execute             get_solution -flow_target 
Execute         syn_report -verbosereport -model stream2axis<256u, 256u>_Pipeline_VITIS_LOOP_1897_1 -o /home/x_thileeb/repos/ops-hls-pact25-artifact/codegen_apps/jacobian3d/vck5000_project/hls/build/hw/temp_dir/kernel_outerloop_0/kernel_outerloop_0/kernel_outerloop_0/solution/.autopilot/db/stream2axis_256u_256u_Pipeline_VITIS_LOOP_1897_1.verbose.rpt 
Execute           AP::get_flow_target_display_name
Execute             get_solution -flow_target 
Execute         db_write -model stream2axis<256u, 256u>_Pipeline_VITIS_LOOP_1897_1 -f -o /home/x_thileeb/repos/ops-hls-pact25-artifact/codegen_apps/jacobian3d/vck5000_project/hls/build/hw/temp_dir/kernel_outerloop_0/kernel_outerloop_0/kernel_outerloop_0/solution/.autopilot/db/stream2axis_256u_256u_Pipeline_VITIS_LOOP_1897_1.adb 
Execute         db_write -model stream2axis<256u, 256u>_Pipeline_VITIS_LOOP_1897_1 -bindview -o /home/x_thileeb/repos/ops-hls-pact25-artifact/codegen_apps/jacobian3d/vck5000_project/hls/build/hw/temp_dir/kernel_outerloop_0/kernel_outerloop_0/kernel_outerloop_0/solution/.autopilot/db/design.bindinfo.xml 
Execute         gen_tb_info stream2axis<256u, 256u>_Pipeline_VITIS_LOOP_1897_1 -p /home/x_thileeb/repos/ops-hls-pact25-artifact/codegen_apps/jacobian3d/vck5000_project/hls/build/hw/temp_dir/kernel_outerloop_0/kernel_outerloop_0/kernel_outerloop_0/solution/.autopilot/db -o /home/x_thileeb/repos/ops-hls-pact25-artifact/codegen_apps/jacobian3d/vck5000_project/hls/build/hw/temp_dir/kernel_outerloop_0/kernel_outerloop_0/kernel_outerloop_0/solution/.autopilot/db/stream2axis_256u_256u_Pipeline_VITIS_LOOP_1897_1 
INFO: [HLS 200-10] ----------------------------------------------------------------
INFO: [HLS 200-10] -- Generating RTL for module 'stream2axis_256u_256u_s' 
INFO: [HLS 200-10] ----------------------------------------------------------------
Execute         get_config_rtl -module_prefix 
Execute         get_config_rtl -module_auto_prefix 
Execute         get_config_rtl -module_prefix 
Execute         get_config_rtl -module_auto_prefix 
Execute         create_rtl_model stream2axis<256u, 256u> -top_prefix kernel_outerloop_0_ -sub_prefix kernel_outerloop_0_ -mg_file /home/x_thileeb/repos/ops-hls-pact25-artifact/codegen_apps/jacobian3d/vck5000_project/hls/build/hw/temp_dir/kernel_outerloop_0/kernel_outerloop_0/kernel_outerloop_0/solution/.autopilot/db/stream2axis_256u_256u_s.compgen.tcl 
INFO: [RTGEN 206-100] Finished creating RTL model for 'stream2axis_256u_256u_s'.
INFO: [HLS 200-111] Finished Creating RTL model: CPU user time: 0.1 seconds. CPU system time: 0.01 seconds. Elapsed time: 0.13 seconds; current allocated memory: 914.297 MB.
Execute         source /home/x_thileeb/repos/ops-hls-pact25-artifact/codegen_apps/jacobian3d/vck5000_project/hls/build/hw/temp_dir/kernel_outerloop_0/kernel_outerloop_0/kernel_outerloop_0/solution/.autopilot/db/kernel_outerloop_0.rtl_wrap.cfg.tcl 
Execute         gen_rtl stream2axis<256u, 256u> -style xilinx -f -lang vhdl -o /home/x_thileeb/repos/ops-hls-pact25-artifact/codegen_apps/jacobian3d/vck5000_project/hls/build/hw/temp_dir/kernel_outerloop_0/kernel_outerloop_0/kernel_outerloop_0/solution/syn/vhdl/kernel_outerloop_0_stream2axis_256u_256u_s 
Execute         gen_rtl stream2axis<256u, 256u> -style xilinx -f -lang vlog -o /home/x_thileeb/repos/ops-hls-pact25-artifact/codegen_apps/jacobian3d/vck5000_project/hls/build/hw/temp_dir/kernel_outerloop_0/kernel_outerloop_0/kernel_outerloop_0/solution/syn/verilog/kernel_outerloop_0_stream2axis_256u_256u_s 
Execute         syn_report -csynth -model stream2axis<256u, 256u> -o /home/x_thileeb/repos/ops-hls-pact25-artifact/codegen_apps/jacobian3d/vck5000_project/hls/build/hw/temp_dir/kernel_outerloop_0/kernel_outerloop_0/kernel_outerloop_0/solution/syn/report/stream2axis_256u_256u_s_csynth.rpt 
Execute           AP::get_flow_target_display_name
Execute             get_solution -flow_target 
Execute         syn_report -rtlxml -model stream2axis<256u, 256u> -o /home/x_thileeb/repos/ops-hls-pact25-artifact/codegen_apps/jacobian3d/vck5000_project/hls/build/hw/temp_dir/kernel_outerloop_0/kernel_outerloop_0/kernel_outerloop_0/solution/syn/report/stream2axis_256u_256u_s_csynth.xml 
Execute           get_solution -flow_target
Execute             get_solution -flow_target 
Execute         syn_report -verbosereport -model stream2axis<256u, 256u> -o /home/x_thileeb/repos/ops-hls-pact25-artifact/codegen_apps/jacobian3d/vck5000_project/hls/build/hw/temp_dir/kernel_outerloop_0/kernel_outerloop_0/kernel_outerloop_0/solution/.autopilot/db/stream2axis_256u_256u_s.verbose.rpt 
Execute           AP::get_flow_target_display_name
Execute             get_solution -flow_target 
Execute         db_write -model stream2axis<256u, 256u> -f -o /home/x_thileeb/repos/ops-hls-pact25-artifact/codegen_apps/jacobian3d/vck5000_project/hls/build/hw/temp_dir/kernel_outerloop_0/kernel_outerloop_0/kernel_outerloop_0/solution/.autopilot/db/stream2axis_256u_256u_s.adb 
Execute         db_write -model stream2axis<256u, 256u> -bindview -o /home/x_thileeb/repos/ops-hls-pact25-artifact/codegen_apps/jacobian3d/vck5000_project/hls/build/hw/temp_dir/kernel_outerloop_0/kernel_outerloop_0/kernel_outerloop_0/solution/.autopilot/db/design.bindinfo.xml 
Execute         gen_tb_info stream2axis<256u, 256u> -p /home/x_thileeb/repos/ops-hls-pact25-artifact/codegen_apps/jacobian3d/vck5000_project/hls/build/hw/temp_dir/kernel_outerloop_0/kernel_outerloop_0/kernel_outerloop_0/solution/.autopilot/db -o /home/x_thileeb/repos/ops-hls-pact25-artifact/codegen_apps/jacobian3d/vck5000_project/hls/build/hw/temp_dir/kernel_outerloop_0/kernel_outerloop_0/kernel_outerloop_0/solution/.autopilot/db/stream2axis_256u_256u_s 
INFO: [HLS 200-10] ----------------------------------------------------------------
INFO: [HLS 200-10] -- Generating RTL for module 'kernel_outerloop_0_dataflow_region' 
INFO: [HLS 200-10] ----------------------------------------------------------------
Execute         get_config_rtl -module_prefix 
Execute         get_config_rtl -module_auto_prefix 
Execute         get_config_rtl -module_prefix 
Execute         get_config_rtl -module_auto_prefix 
Execute         create_rtl_model kernel_outerloop_0_dataflow_region -top_prefix kernel_outerloop_0_ -sub_prefix kernel_outerloop_0_ -mg_file /home/x_thileeb/repos/ops-hls-pact25-artifact/codegen_apps/jacobian3d/vck5000_project/hls/build/hw/temp_dir/kernel_outerloop_0/kernel_outerloop_0/kernel_outerloop_0/solution/.autopilot/db/kernel_outerloop_0_dataflow_region.compgen.tcl 
INFO: [RTGEN 206-100] Finished creating RTL model for 'kernel_outerloop_0_dataflow_region'.
INFO: [HLS 200-111] Finished Creating RTL model: CPU user time: 0.17 seconds. CPU system time: 0.03 seconds. Elapsed time: 0.23 seconds; current allocated memory: 925.109 MB.
Execute         source /home/x_thileeb/repos/ops-hls-pact25-artifact/codegen_apps/jacobian3d/vck5000_project/hls/build/hw/temp_dir/kernel_outerloop_0/kernel_outerloop_0/kernel_outerloop_0/solution/.autopilot/db/kernel_outerloop_0.rtl_wrap.cfg.tcl 
Execute         gen_rtl kernel_outerloop_0_dataflow_region -style xilinx -f -lang vhdl -o /home/x_thileeb/repos/ops-hls-pact25-artifact/codegen_apps/jacobian3d/vck5000_project/hls/build/hw/temp_dir/kernel_outerloop_0/kernel_outerloop_0/kernel_outerloop_0/solution/syn/vhdl/kernel_outerloop_0_kernel_outerloop_0_dataflow_region 
Execute         gen_rtl kernel_outerloop_0_dataflow_region -style xilinx -f -lang vlog -o /home/x_thileeb/repos/ops-hls-pact25-artifact/codegen_apps/jacobian3d/vck5000_project/hls/build/hw/temp_dir/kernel_outerloop_0/kernel_outerloop_0/kernel_outerloop_0/solution/syn/verilog/kernel_outerloop_0_kernel_outerloop_0_dataflow_region 
Execute         syn_report -csynth -model kernel_outerloop_0_dataflow_region -o /home/x_thileeb/repos/ops-hls-pact25-artifact/codegen_apps/jacobian3d/vck5000_project/hls/build/hw/temp_dir/kernel_outerloop_0/kernel_outerloop_0/kernel_outerloop_0/solution/syn/report/kernel_outerloop_0_dataflow_region_csynth.rpt 
Execute           AP::get_flow_target_display_name
Execute             get_solution -flow_target 
Command         syn_report done; 0.33 sec.
Execute         syn_report -rtlxml -model kernel_outerloop_0_dataflow_region -o /home/x_thileeb/repos/ops-hls-pact25-artifact/codegen_apps/jacobian3d/vck5000_project/hls/build/hw/temp_dir/kernel_outerloop_0/kernel_outerloop_0/kernel_outerloop_0/solution/syn/report/kernel_outerloop_0_dataflow_region_csynth.xml 
Execute           get_solution -flow_target
Execute             get_solution -flow_target 
Command         syn_report done; 0.12 sec.
Execute         syn_report -verbosereport -model kernel_outerloop_0_dataflow_region -o /home/x_thileeb/repos/ops-hls-pact25-artifact/codegen_apps/jacobian3d/vck5000_project/hls/build/hw/temp_dir/kernel_outerloop_0/kernel_outerloop_0/kernel_outerloop_0/solution/.autopilot/db/kernel_outerloop_0_dataflow_region.verbose.rpt 
Execute           AP::get_flow_target_display_name
Execute             get_solution -flow_target 
Command         syn_report done; 22.05 sec.
Execute         db_write -model kernel_outerloop_0_dataflow_region -f -o /home/x_thileeb/repos/ops-hls-pact25-artifact/codegen_apps/jacobian3d/vck5000_project/hls/build/hw/temp_dir/kernel_outerloop_0/kernel_outerloop_0/kernel_outerloop_0/solution/.autopilot/db/kernel_outerloop_0_dataflow_region.adb 
Command         db_write done; 0.13 sec.
Execute         db_write -model kernel_outerloop_0_dataflow_region -bindview -o /home/x_thileeb/repos/ops-hls-pact25-artifact/codegen_apps/jacobian3d/vck5000_project/hls/build/hw/temp_dir/kernel_outerloop_0/kernel_outerloop_0/kernel_outerloop_0/solution/.autopilot/db/design.bindinfo.xml 
Execute         gen_tb_info kernel_outerloop_0_dataflow_region -p /home/x_thileeb/repos/ops-hls-pact25-artifact/codegen_apps/jacobian3d/vck5000_project/hls/build/hw/temp_dir/kernel_outerloop_0/kernel_outerloop_0/kernel_outerloop_0/solution/.autopilot/db -o /home/x_thileeb/repos/ops-hls-pact25-artifact/codegen_apps/jacobian3d/vck5000_project/hls/build/hw/temp_dir/kernel_outerloop_0/kernel_outerloop_0/kernel_outerloop_0/solution/.autopilot/db/kernel_outerloop_0_dataflow_region 
INFO: [HLS 200-10] ----------------------------------------------------------------
INFO: [HLS 200-10] -- Generating RTL for module 'kernel_outerloop_0' 
INFO: [HLS 200-10] ----------------------------------------------------------------
Execute         get_config_rtl -module_prefix 
Execute         get_config_rtl -module_prefix 
Execute         get_config_rtl -module_auto_prefix 
Execute         create_rtl_model kernel_outerloop_0 -top_prefix  -sub_prefix kernel_outerloop_0_ -mg_file /home/x_thileeb/repos/ops-hls-pact25-artifact/codegen_apps/jacobian3d/vck5000_project/hls/build/hw/temp_dir/kernel_outerloop_0/kernel_outerloop_0/kernel_outerloop_0/solution/.autopilot/db/kernel_outerloop_0.compgen.tcl 
WARNING: [RTGEN 206-101] Design contains AXI ports. Reset is fixed to synchronous and active low.
INFO: [RTGEN 206-500] Setting interface mode on port 'kernel_outerloop_0/slr_region' to 's_axilite & ap_none'.
INFO: [RTGEN 206-500] Setting interface mode on port 'kernel_outerloop_0/outer_itr' to 's_axilite & ap_none'.
INFO: [RTGEN 206-500] Setting interface mode on port 'kernel_outerloop_0/stencilConfig_grid_size_0' to 's_axilite & ap_none'.
INFO: [RTGEN 206-500] Setting interface mode on port 'kernel_outerloop_0/stencilConfig_grid_size_1' to 's_axilite & ap_none'.
INFO: [RTGEN 206-500] Setting interface mode on port 'kernel_outerloop_0/stencilConfig_grid_size_2' to 's_axilite & ap_none'.
INFO: [RTGEN 206-500] Setting interface mode on port 'kernel_outerloop_0/stencilConfig_dim' to 's_axilite & ap_none'.
INFO: [RTGEN 206-500] Setting interface mode on port 'kernel_outerloop_0/stencilConfig_total_itr' to 's_axilite & ap_none'.
INFO: [RTGEN 206-500] Setting interface mode on port 'kernel_outerloop_0/stencilConfig_lower_limit_0' to 's_axilite & ap_none'.
INFO: [RTGEN 206-500] Setting interface mode on port 'kernel_outerloop_0/stencilConfig_lower_limit_1' to 's_axilite & ap_none'.
INFO: [RTGEN 206-500] Setting interface mode on port 'kernel_outerloop_0/stencilConfig_lower_limit_2' to 's_axilite & ap_none'.
INFO: [RTGEN 206-500] Setting interface mode on port 'kernel_outerloop_0/stencilConfig_upper_limit_0' to 's_axilite & ap_none'.
INFO: [RTGEN 206-500] Setting interface mode on port 'kernel_outerloop_0/stencilConfig_upper_limit_1' to 's_axilite & ap_none'.
INFO: [RTGEN 206-500] Setting interface mode on port 'kernel_outerloop_0/stencilConfig_upper_limit_2' to 's_axilite & ap_none'.
INFO: [RTGEN 206-500] Setting interface mode on port 'kernel_outerloop_0/stencilConfig_outer_loop_limit' to 's_axilite & ap_none'.
INFO: [RTGEN 206-500] Setting interface mode on port 'kernel_outerloop_0/arg0_axis_in_V_data_V' to 'axis' (register, both mode).
INFO: [RTGEN 206-500] Setting interface mode on port 'kernel_outerloop_0/arg0_axis_in_V_keep_V' to 'axis' (register, both mode).
INFO: [RTGEN 206-500] Setting interface mode on port 'kernel_outerloop_0/arg0_axis_in_V_strb_V' to 'axis' (register, both mode).
INFO: [RTGEN 206-500] Setting interface mode on port 'kernel_outerloop_0/arg0_axis_in_V_last_V' to 'axis' (register, both mode).
INFO: [RTGEN 206-500] Setting interface mode on port 'kernel_outerloop_0/arg1_axis_out_V_data_V' to 'axis' (register, both mode).
INFO: [RTGEN 206-500] Setting interface mode on port 'kernel_outerloop_0/arg1_axis_out_V_keep_V' to 'axis' (register, both mode).
INFO: [RTGEN 206-500] Setting interface mode on port 'kernel_outerloop_0/arg1_axis_out_V_strb_V' to 'axis' (register, both mode).
INFO: [RTGEN 206-500] Setting interface mode on port 'kernel_outerloop_0/arg1_axis_out_V_last_V' to 'axis' (register, both mode).
INFO: [RTGEN 206-500] Setting interface mode on function 'kernel_outerloop_0' to 's_axilite & ap_ctrl_chain'.
INFO: [RTGEN 206-100] Bundling port 'slr_region', 'outer_itr', 'stencilConfig_grid_size_0', 'stencilConfig_grid_size_1', 'stencilConfig_grid_size_2', 'stencilConfig_dim', 'stencilConfig_total_itr', 'stencilConfig_lower_limit_0', 'stencilConfig_lower_limit_1', 'stencilConfig_lower_limit_2', 'stencilConfig_upper_limit_0', 'stencilConfig_upper_limit_1', 'stencilConfig_upper_limit_2', 'stencilConfig_outer_loop_limit' and 'return' to AXI-Lite port control.
INFO: [RTGEN 206-100] Finished creating RTL model for 'kernel_outerloop_0'.
Command         create_rtl_model done; 0.22 sec.
INFO: [HLS 200-111] Finished Creating RTL model: CPU user time: 22.9 seconds. CPU system time: 0.03 seconds. Elapsed time: 23.02 seconds; current allocated memory: 930.797 MB.
Execute         source /home/x_thileeb/repos/ops-hls-pact25-artifact/codegen_apps/jacobian3d/vck5000_project/hls/build/hw/temp_dir/kernel_outerloop_0/kernel_outerloop_0/kernel_outerloop_0/solution/.autopilot/db/kernel_outerloop_0.rtl_wrap.cfg.tcl 
Execute         gen_rtl kernel_outerloop_0 -istop -style xilinx -f -lang vhdl -o /home/x_thileeb/repos/ops-hls-pact25-artifact/codegen_apps/jacobian3d/vck5000_project/hls/build/hw/temp_dir/kernel_outerloop_0/kernel_outerloop_0/kernel_outerloop_0/solution/syn/vhdl/kernel_outerloop_0 
Execute         gen_rtl kernel_outerloop_0 -istop -style xilinx -f -lang vlog -o /home/x_thileeb/repos/ops-hls-pact25-artifact/codegen_apps/jacobian3d/vck5000_project/hls/build/hw/temp_dir/kernel_outerloop_0/kernel_outerloop_0/kernel_outerloop_0/solution/syn/verilog/kernel_outerloop_0 
Execute         syn_report -csynth -model kernel_outerloop_0 -o /home/x_thileeb/repos/ops-hls-pact25-artifact/codegen_apps/jacobian3d/vck5000_project/hls/build/hw/temp_dir/kernel_outerloop_0/kernel_outerloop_0/kernel_outerloop_0/solution/syn/report/kernel_outerloop_0_csynth.rpt 
Execute           AP::get_flow_target_display_name
Execute             get_solution -flow_target 
Execute         syn_report -rtlxml -model kernel_outerloop_0 -o /home/x_thileeb/repos/ops-hls-pact25-artifact/codegen_apps/jacobian3d/vck5000_project/hls/build/hw/temp_dir/kernel_outerloop_0/kernel_outerloop_0/kernel_outerloop_0/solution/syn/report/kernel_outerloop_0_csynth.xml 
Execute           get_solution -flow_target
Execute             get_solution -flow_target 
Execute         syn_report -verbosereport -model kernel_outerloop_0 -o /home/x_thileeb/repos/ops-hls-pact25-artifact/codegen_apps/jacobian3d/vck5000_project/hls/build/hw/temp_dir/kernel_outerloop_0/kernel_outerloop_0/kernel_outerloop_0/solution/.autopilot/db/kernel_outerloop_0.verbose.rpt 
Execute           AP::get_flow_target_display_name
Execute             get_solution -flow_target 
Command         syn_report done; 24.07 sec.
Execute         db_write -model kernel_outerloop_0 -f -o /home/x_thileeb/repos/ops-hls-pact25-artifact/codegen_apps/jacobian3d/vck5000_project/hls/build/hw/temp_dir/kernel_outerloop_0/kernel_outerloop_0/kernel_outerloop_0/solution/.autopilot/db/kernel_outerloop_0.adb 
Execute         db_write -model kernel_outerloop_0 -bindview -o /home/x_thileeb/repos/ops-hls-pact25-artifact/codegen_apps/jacobian3d/vck5000_project/hls/build/hw/temp_dir/kernel_outerloop_0/kernel_outerloop_0/kernel_outerloop_0/solution/.autopilot/db/design.bindinfo.xml 
Execute         gen_tb_info kernel_outerloop_0 -p /home/x_thileeb/repos/ops-hls-pact25-artifact/codegen_apps/jacobian3d/vck5000_project/hls/build/hw/temp_dir/kernel_outerloop_0/kernel_outerloop_0/kernel_outerloop_0/solution/.autopilot/db -o /home/x_thileeb/repos/ops-hls-pact25-artifact/codegen_apps/jacobian3d/vck5000_project/hls/build/hw/temp_dir/kernel_outerloop_0/kernel_outerloop_0/kernel_outerloop_0/solution/.autopilot/db/kernel_outerloop_0 
Execute         export_constraint_db -f -tool general -o /home/x_thileeb/repos/ops-hls-pact25-artifact/codegen_apps/jacobian3d/vck5000_project/hls/build/hw/temp_dir/kernel_outerloop_0/kernel_outerloop_0/kernel_outerloop_0/solution/.autopilot/db/kernel_outerloop_0.constraint.tcl 
Execute         syn_report -designview -model kernel_outerloop_0 -o /home/x_thileeb/repos/ops-hls-pact25-artifact/codegen_apps/jacobian3d/vck5000_project/hls/build/hw/temp_dir/kernel_outerloop_0/kernel_outerloop_0/kernel_outerloop_0/solution/.autopilot/db/kernel_outerloop_0.design.xml 
Command         syn_report done; 2.41 sec.
Execute         syn_report -csynthDesign -model kernel_outerloop_0 -o /home/x_thileeb/repos/ops-hls-pact25-artifact/codegen_apps/jacobian3d/vck5000_project/hls/build/hw/temp_dir/kernel_outerloop_0/kernel_outerloop_0/kernel_outerloop_0/solution/syn/report/csynth.rpt 
Execute           AP::get_flow_target_display_name
Execute             get_solution -flow_target 
Execute         get_config_rtl -disable_wave_debug 
Execute         syn_report -wcfg -model kernel_outerloop_0 -o /home/x_thileeb/repos/ops-hls-pact25-artifact/codegen_apps/jacobian3d/vck5000_project/hls/build/hw/temp_dir/kernel_outerloop_0/kernel_outerloop_0/kernel_outerloop_0/solution/.autopilot/db/kernel_outerloop_0_dataflow_ana.wcfg 
Execute         syn_report -protoinst -model kernel_outerloop_0 -o /home/x_thileeb/repos/ops-hls-pact25-artifact/codegen_apps/jacobian3d/vck5000_project/hls/build/hw/temp_dir/kernel_outerloop_0/kernel_outerloop_0/kernel_outerloop_0/solution/.autopilot/db/kernel_outerloop_0.protoinst 
Execute         get_config_debug -directory 
Execute         sc_get_clocks kernel_outerloop_0 
Execute         get_config_export -vivado_clock 
Execute         get_config_rtl -module_prefix 
Execute         get_config_rtl -module_prefix 
Execute         get_config_rtl -module_auto_prefix 
Execute         sc_get_portdomain kernel_outerloop_0 
INFO-FLOW: Model list for RTL component generation: entry_proc {axis2stream<256u, 256u>_Pipeline_VITIS_LOOP_1521_1} {axis2stream<256u, 256u>} kernel_jac3D_kernel_stencil_core stencilRun_Pipeline_VITIS_LOOP_194_1 stencilRun joint_PE_outerloop_0 joint_PE_outerloop_0.1 joint_PE_outerloop_0.2 joint_PE_outerloop_0.3 joint_PE_outerloop_0.4 joint_PE_outerloop_0.5 joint_PE_outerloop_0.6 joint_PE_outerloop_0.7 joint_PE_outerloop_0.8 joint_PE_outerloop_0.9 joint_PE_outerloop_0.10 joint_PE_outerloop_0.11 joint_PE_outerloop_0.12 joint_PE_outerloop_0.13 {stream2axis<256u, 256u>_Pipeline_VITIS_LOOP_1897_1} {stream2axis<256u, 256u>} kernel_outerloop_0_dataflow_region kernel_outerloop_0
INFO-FLOW: Handling components in module [entry_proc] ... 
Execute         source /home/x_thileeb/repos/ops-hls-pact25-artifact/codegen_apps/jacobian3d/vck5000_project/hls/build/hw/temp_dir/kernel_outerloop_0/kernel_outerloop_0/kernel_outerloop_0/solution/.autopilot/db/entry_proc.compgen.tcl 
INFO-FLOW: Handling components in module [axis2stream_256u_256u_Pipeline_VITIS_LOOP_1521_1] ... 
Execute         source /home/x_thileeb/repos/ops-hls-pact25-artifact/codegen_apps/jacobian3d/vck5000_project/hls/build/hw/temp_dir/kernel_outerloop_0/kernel_outerloop_0/kernel_outerloop_0/solution/.autopilot/db/axis2stream_256u_256u_Pipeline_VITIS_LOOP_1521_1.compgen.tcl 
INFO-FLOW: Found component kernel_outerloop_0_flow_control_loop_pipe_sequential_init.
INFO-FLOW: Append model kernel_outerloop_0_flow_control_loop_pipe_sequential_init
INFO-FLOW: Handling components in module [axis2stream_256u_256u_s] ... 
Execute         source /home/x_thileeb/repos/ops-hls-pact25-artifact/codegen_apps/jacobian3d/vck5000_project/hls/build/hw/temp_dir/kernel_outerloop_0/kernel_outerloop_0/kernel_outerloop_0/solution/.autopilot/db/axis2stream_256u_256u_s.compgen.tcl 
INFO-FLOW: Handling components in module [kernel_jac3D_kernel_stencil_core] ... 
Execute         source /home/x_thileeb/repos/ops-hls-pact25-artifact/codegen_apps/jacobian3d/vck5000_project/hls/build/hw/temp_dir/kernel_outerloop_0/kernel_outerloop_0/kernel_outerloop_0/solution/.autopilot/db/kernel_jac3D_kernel_stencil_core.compgen.tcl 
INFO-FLOW: Found component kernel_outerloop_0_fadd_32ns_32ns_32_2_primitive_dsp_0.
INFO-FLOW: Append model kernel_outerloop_0_fadd_32ns_32ns_32_2_primitive_dsp_0
INFO-FLOW: Found component kernel_outerloop_0_fmul_32ns_32ns_32_3_primitive_dsp_0.
INFO-FLOW: Append model kernel_outerloop_0_fmul_32ns_32ns_32_3_primitive_dsp_0
INFO-FLOW: Found component kernel_outerloop_0_fmadd_32ns_32ns_32ns_32ns_32_3_primitive_dsp_0.
INFO-FLOW: Append model kernel_outerloop_0_fmadd_32ns_32ns_32ns_32ns_32_3_primitive_dsp_0
INFO-FLOW: Handling components in module [stencilRun_Pipeline_VITIS_LOOP_194_1] ... 
Execute         source /home/x_thileeb/repos/ops-hls-pact25-artifact/codegen_apps/jacobian3d/vck5000_project/hls/build/hw/temp_dir/kernel_outerloop_0/kernel_outerloop_0/kernel_outerloop_0/solution/.autopilot/db/stencilRun_Pipeline_VITIS_LOOP_194_1.compgen.tcl 
INFO-FLOW: Found component kernel_outerloop_0_flow_control_loop_pipe_sequential_init.
INFO-FLOW: Append model kernel_outerloop_0_flow_control_loop_pipe_sequential_init
INFO-FLOW: Handling components in module [stencilRun] ... 
Execute         source /home/x_thileeb/repos/ops-hls-pact25-artifact/codegen_apps/jacobian3d/vck5000_project/hls/build/hw/temp_dir/kernel_outerloop_0/kernel_outerloop_0/kernel_outerloop_0/solution/.autopilot/db/stencilRun.compgen.tcl 
INFO-FLOW: Found component kernel_outerloop_0_mul_32s_16ns_32_3_1.
INFO-FLOW: Append model kernel_outerloop_0_mul_32s_16ns_32_3_1
INFO-FLOW: Found component kernel_outerloop_0_mul_mul_16ns_16ns_32_4_1.
INFO-FLOW: Append model kernel_outerloop_0_mul_mul_16ns_16ns_32_4_1
INFO-FLOW: Found component kernel_outerloop_0_mac_muladd_16ns_16ns_1s_16_4_1.
INFO-FLOW: Append model kernel_outerloop_0_mac_muladd_16ns_16ns_1s_16_4_1
INFO-FLOW: Found component kernel_outerloop_0_stencilRun_arg0_buf_p0_1_V_RAM_S2P_URAM_2R1W.
INFO-FLOW: Append model kernel_outerloop_0_stencilRun_arg0_buf_p0_1_V_RAM_S2P_URAM_2R1W
INFO-FLOW: Found component kernel_outerloop_0_stencilRun_arg0_buf_r0_1_p1_V_RAM_S2P_BRAM_2R1W.
INFO-FLOW: Append model kernel_outerloop_0_stencilRun_arg0_buf_r0_1_p1_V_RAM_S2P_BRAM_2R1W
INFO-FLOW: Handling components in module [joint_PE_outerloop_0] ... 
Execute         source /home/x_thileeb/repos/ops-hls-pact25-artifact/codegen_apps/jacobian3d/vck5000_project/hls/build/hw/temp_dir/kernel_outerloop_0/kernel_outerloop_0/kernel_outerloop_0/solution/.autopilot/db/joint_PE_outerloop_0.compgen.tcl 
INFO-FLOW: Handling components in module [joint_PE_outerloop_0_1] ... 
Execute         source /home/x_thileeb/repos/ops-hls-pact25-artifact/codegen_apps/jacobian3d/vck5000_project/hls/build/hw/temp_dir/kernel_outerloop_0/kernel_outerloop_0/kernel_outerloop_0/solution/.autopilot/db/joint_PE_outerloop_0_1.compgen.tcl 
INFO-FLOW: Handling components in module [joint_PE_outerloop_0_2] ... 
Execute         source /home/x_thileeb/repos/ops-hls-pact25-artifact/codegen_apps/jacobian3d/vck5000_project/hls/build/hw/temp_dir/kernel_outerloop_0/kernel_outerloop_0/kernel_outerloop_0/solution/.autopilot/db/joint_PE_outerloop_0_2.compgen.tcl 
INFO-FLOW: Handling components in module [joint_PE_outerloop_0_3] ... 
Execute         source /home/x_thileeb/repos/ops-hls-pact25-artifact/codegen_apps/jacobian3d/vck5000_project/hls/build/hw/temp_dir/kernel_outerloop_0/kernel_outerloop_0/kernel_outerloop_0/solution/.autopilot/db/joint_PE_outerloop_0_3.compgen.tcl 
INFO-FLOW: Handling components in module [joint_PE_outerloop_0_4] ... 
Execute         source /home/x_thileeb/repos/ops-hls-pact25-artifact/codegen_apps/jacobian3d/vck5000_project/hls/build/hw/temp_dir/kernel_outerloop_0/kernel_outerloop_0/kernel_outerloop_0/solution/.autopilot/db/joint_PE_outerloop_0_4.compgen.tcl 
INFO-FLOW: Handling components in module [joint_PE_outerloop_0_5] ... 
Execute         source /home/x_thileeb/repos/ops-hls-pact25-artifact/codegen_apps/jacobian3d/vck5000_project/hls/build/hw/temp_dir/kernel_outerloop_0/kernel_outerloop_0/kernel_outerloop_0/solution/.autopilot/db/joint_PE_outerloop_0_5.compgen.tcl 
INFO-FLOW: Handling components in module [joint_PE_outerloop_0_6] ... 
Execute         source /home/x_thileeb/repos/ops-hls-pact25-artifact/codegen_apps/jacobian3d/vck5000_project/hls/build/hw/temp_dir/kernel_outerloop_0/kernel_outerloop_0/kernel_outerloop_0/solution/.autopilot/db/joint_PE_outerloop_0_6.compgen.tcl 
INFO-FLOW: Handling components in module [joint_PE_outerloop_0_7] ... 
Execute         source /home/x_thileeb/repos/ops-hls-pact25-artifact/codegen_apps/jacobian3d/vck5000_project/hls/build/hw/temp_dir/kernel_outerloop_0/kernel_outerloop_0/kernel_outerloop_0/solution/.autopilot/db/joint_PE_outerloop_0_7.compgen.tcl 
INFO-FLOW: Handling components in module [joint_PE_outerloop_0_8] ... 
Execute         source /home/x_thileeb/repos/ops-hls-pact25-artifact/codegen_apps/jacobian3d/vck5000_project/hls/build/hw/temp_dir/kernel_outerloop_0/kernel_outerloop_0/kernel_outerloop_0/solution/.autopilot/db/joint_PE_outerloop_0_8.compgen.tcl 
INFO-FLOW: Handling components in module [joint_PE_outerloop_0_9] ... 
Execute         source /home/x_thileeb/repos/ops-hls-pact25-artifact/codegen_apps/jacobian3d/vck5000_project/hls/build/hw/temp_dir/kernel_outerloop_0/kernel_outerloop_0/kernel_outerloop_0/solution/.autopilot/db/joint_PE_outerloop_0_9.compgen.tcl 
INFO-FLOW: Handling components in module [joint_PE_outerloop_0_10] ... 
Execute         source /home/x_thileeb/repos/ops-hls-pact25-artifact/codegen_apps/jacobian3d/vck5000_project/hls/build/hw/temp_dir/kernel_outerloop_0/kernel_outerloop_0/kernel_outerloop_0/solution/.autopilot/db/joint_PE_outerloop_0_10.compgen.tcl 
INFO-FLOW: Handling components in module [joint_PE_outerloop_0_11] ... 
Execute         source /home/x_thileeb/repos/ops-hls-pact25-artifact/codegen_apps/jacobian3d/vck5000_project/hls/build/hw/temp_dir/kernel_outerloop_0/kernel_outerloop_0/kernel_outerloop_0/solution/.autopilot/db/joint_PE_outerloop_0_11.compgen.tcl 
INFO-FLOW: Handling components in module [joint_PE_outerloop_0_12] ... 
Execute         source /home/x_thileeb/repos/ops-hls-pact25-artifact/codegen_apps/jacobian3d/vck5000_project/hls/build/hw/temp_dir/kernel_outerloop_0/kernel_outerloop_0/kernel_outerloop_0/solution/.autopilot/db/joint_PE_outerloop_0_12.compgen.tcl 
INFO-FLOW: Handling components in module [joint_PE_outerloop_0_13] ... 
Execute         source /home/x_thileeb/repos/ops-hls-pact25-artifact/codegen_apps/jacobian3d/vck5000_project/hls/build/hw/temp_dir/kernel_outerloop_0/kernel_outerloop_0/kernel_outerloop_0/solution/.autopilot/db/joint_PE_outerloop_0_13.compgen.tcl 
INFO-FLOW: Handling components in module [stream2axis_256u_256u_Pipeline_VITIS_LOOP_1897_1] ... 
Execute         source /home/x_thileeb/repos/ops-hls-pact25-artifact/codegen_apps/jacobian3d/vck5000_project/hls/build/hw/temp_dir/kernel_outerloop_0/kernel_outerloop_0/kernel_outerloop_0/solution/.autopilot/db/stream2axis_256u_256u_Pipeline_VITIS_LOOP_1897_1.compgen.tcl 
INFO-FLOW: Found component kernel_outerloop_0_flow_control_loop_pipe_sequential_init.
INFO-FLOW: Append model kernel_outerloop_0_flow_control_loop_pipe_sequential_init
INFO-FLOW: Handling components in module [stream2axis_256u_256u_s] ... 
Execute         source /home/x_thileeb/repos/ops-hls-pact25-artifact/codegen_apps/jacobian3d/vck5000_project/hls/build/hw/temp_dir/kernel_outerloop_0/kernel_outerloop_0/kernel_outerloop_0/solution/.autopilot/db/stream2axis_256u_256u_s.compgen.tcl 
INFO-FLOW: Handling components in module [kernel_outerloop_0_dataflow_region] ... 
Execute         source /home/x_thileeb/repos/ops-hls-pact25-artifact/codegen_apps/jacobian3d/vck5000_project/hls/build/hw/temp_dir/kernel_outerloop_0/kernel_outerloop_0/kernel_outerloop_0/solution/.autopilot/db/kernel_outerloop_0_dataflow_region.compgen.tcl 
INFO-FLOW: Found component kernel_outerloop_0_fifo_w16_d3_S.
INFO-FLOW: Append model kernel_outerloop_0_fifo_w16_d3_S
INFO-FLOW: Found component kernel_outerloop_0_fifo_w16_d3_S.
INFO-FLOW: Append model kernel_outerloop_0_fifo_w16_d3_S
INFO-FLOW: Found component kernel_outerloop_0_fifo_w16_d3_S.
INFO-FLOW: Append model kernel_outerloop_0_fifo_w16_d3_S
INFO-FLOW: Found component kernel_outerloop_0_fifo_w16_d3_S.
INFO-FLOW: Append model kernel_outerloop_0_fifo_w16_d3_S
INFO-FLOW: Found component kernel_outerloop_0_fifo_w16_d3_S.
INFO-FLOW: Append model kernel_outerloop_0_fifo_w16_d3_S
INFO-FLOW: Found component kernel_outerloop_0_fifo_w16_d3_S.
INFO-FLOW: Append model kernel_outerloop_0_fifo_w16_d3_S
INFO-FLOW: Found component kernel_outerloop_0_fifo_w16_d3_S.
INFO-FLOW: Append model kernel_outerloop_0_fifo_w16_d3_S
INFO-FLOW: Found component kernel_outerloop_0_fifo_w16_d3_S.
INFO-FLOW: Append model kernel_outerloop_0_fifo_w16_d3_S
INFO-FLOW: Found component kernel_outerloop_0_fifo_w16_d3_S.
INFO-FLOW: Append model kernel_outerloop_0_fifo_w16_d3_S
INFO-FLOW: Found component kernel_outerloop_0_fifo_w16_d3_S.
INFO-FLOW: Append model kernel_outerloop_0_fifo_w16_d3_S
INFO-FLOW: Found component kernel_outerloop_0_fifo_w256_d10_A.
INFO-FLOW: Append model kernel_outerloop_0_fifo_w256_d10_A
INFO-FLOW: Found component kernel_outerloop_0_fifo_w32_d16_S.
INFO-FLOW: Append model kernel_outerloop_0_fifo_w32_d16_S
INFO-FLOW: Found component kernel_outerloop_0_fifo_w256_d10_A.
INFO-FLOW: Append model kernel_outerloop_0_fifo_w256_d10_A
INFO-FLOW: Found component kernel_outerloop_0_fifo_w16_d2_S.
INFO-FLOW: Append model kernel_outerloop_0_fifo_w16_d2_S
INFO-FLOW: Found component kernel_outerloop_0_fifo_w16_d2_S.
INFO-FLOW: Append model kernel_outerloop_0_fifo_w16_d2_S
INFO-FLOW: Found component kernel_outerloop_0_fifo_w16_d2_S.
INFO-FLOW: Append model kernel_outerloop_0_fifo_w16_d2_S
INFO-FLOW: Found component kernel_outerloop_0_fifo_w16_d2_S.
INFO-FLOW: Append model kernel_outerloop_0_fifo_w16_d2_S
INFO-FLOW: Found component kernel_outerloop_0_fifo_w16_d2_S.
INFO-FLOW: Append model kernel_outerloop_0_fifo_w16_d2_S
INFO-FLOW: Found component kernel_outerloop_0_fifo_w16_d2_S.
INFO-FLOW: Append model kernel_outerloop_0_fifo_w16_d2_S
INFO-FLOW: Found component kernel_outerloop_0_fifo_w16_d2_S.
INFO-FLOW: Append model kernel_outerloop_0_fifo_w16_d2_S
INFO-FLOW: Found component kernel_outerloop_0_fifo_w16_d2_S.
INFO-FLOW: Append model kernel_outerloop_0_fifo_w16_d2_S
INFO-FLOW: Found component kernel_outerloop_0_fifo_w16_d2_S.
INFO-FLOW: Append model kernel_outerloop_0_fifo_w16_d2_S
INFO-FLOW: Found component kernel_outerloop_0_fifo_w16_d2_S.
INFO-FLOW: Append model kernel_outerloop_0_fifo_w16_d2_S
INFO-FLOW: Found component kernel_outerloop_0_fifo_w256_d10_A.
INFO-FLOW: Append model kernel_outerloop_0_fifo_w256_d10_A
INFO-FLOW: Found component kernel_outerloop_0_fifo_w16_d2_S.
INFO-FLOW: Append model kernel_outerloop_0_fifo_w16_d2_S
INFO-FLOW: Found component kernel_outerloop_0_fifo_w16_d2_S.
INFO-FLOW: Append model kernel_outerloop_0_fifo_w16_d2_S
INFO-FLOW: Found component kernel_outerloop_0_fifo_w16_d2_S.
INFO-FLOW: Append model kernel_outerloop_0_fifo_w16_d2_S
INFO-FLOW: Found component kernel_outerloop_0_fifo_w16_d2_S.
INFO-FLOW: Append model kernel_outerloop_0_fifo_w16_d2_S
INFO-FLOW: Found component kernel_outerloop_0_fifo_w16_d2_S.
INFO-FLOW: Append model kernel_outerloop_0_fifo_w16_d2_S
INFO-FLOW: Found component kernel_outerloop_0_fifo_w16_d2_S.
INFO-FLOW: Append model kernel_outerloop_0_fifo_w16_d2_S
INFO-FLOW: Found component kernel_outerloop_0_fifo_w16_d2_S.
INFO-FLOW: Append model kernel_outerloop_0_fifo_w16_d2_S
INFO-FLOW: Found component kernel_outerloop_0_fifo_w16_d2_S.
INFO-FLOW: Append model kernel_outerloop_0_fifo_w16_d2_S
INFO-FLOW: Found component kernel_outerloop_0_fifo_w16_d2_S.
INFO-FLOW: Append model kernel_outerloop_0_fifo_w16_d2_S
INFO-FLOW: Found component kernel_outerloop_0_fifo_w16_d2_S.
INFO-FLOW: Append model kernel_outerloop_0_fifo_w16_d2_S
INFO-FLOW: Found component kernel_outerloop_0_fifo_w256_d10_A.
INFO-FLOW: Append model kernel_outerloop_0_fifo_w256_d10_A
INFO-FLOW: Found component kernel_outerloop_0_fifo_w16_d2_S.
INFO-FLOW: Append model kernel_outerloop_0_fifo_w16_d2_S
INFO-FLOW: Found component kernel_outerloop_0_fifo_w16_d2_S.
INFO-FLOW: Append model kernel_outerloop_0_fifo_w16_d2_S
INFO-FLOW: Found component kernel_outerloop_0_fifo_w16_d2_S.
INFO-FLOW: Append model kernel_outerloop_0_fifo_w16_d2_S
INFO-FLOW: Found component kernel_outerloop_0_fifo_w16_d2_S.
INFO-FLOW: Append model kernel_outerloop_0_fifo_w16_d2_S
INFO-FLOW: Found component kernel_outerloop_0_fifo_w16_d2_S.
INFO-FLOW: Append model kernel_outerloop_0_fifo_w16_d2_S
INFO-FLOW: Found component kernel_outerloop_0_fifo_w16_d2_S.
INFO-FLOW: Append model kernel_outerloop_0_fifo_w16_d2_S
INFO-FLOW: Found component kernel_outerloop_0_fifo_w16_d2_S.
INFO-FLOW: Append model kernel_outerloop_0_fifo_w16_d2_S
INFO-FLOW: Found component kernel_outerloop_0_fifo_w16_d2_S.
INFO-FLOW: Append model kernel_outerloop_0_fifo_w16_d2_S
INFO-FLOW: Found component kernel_outerloop_0_fifo_w16_d2_S.
INFO-FLOW: Append model kernel_outerloop_0_fifo_w16_d2_S
INFO-FLOW: Found component kernel_outerloop_0_fifo_w16_d2_S.
INFO-FLOW: Append model kernel_outerloop_0_fifo_w16_d2_S
INFO-FLOW: Found component kernel_outerloop_0_fifo_w256_d10_A.
INFO-FLOW: Append model kernel_outerloop_0_fifo_w256_d10_A
INFO-FLOW: Found component kernel_outerloop_0_fifo_w16_d2_S.
INFO-FLOW: Append model kernel_outerloop_0_fifo_w16_d2_S
INFO-FLOW: Found component kernel_outerloop_0_fifo_w16_d2_S.
INFO-FLOW: Append model kernel_outerloop_0_fifo_w16_d2_S
INFO-FLOW: Found component kernel_outerloop_0_fifo_w16_d2_S.
INFO-FLOW: Append model kernel_outerloop_0_fifo_w16_d2_S
INFO-FLOW: Found component kernel_outerloop_0_fifo_w16_d2_S.
INFO-FLOW: Append model kernel_outerloop_0_fifo_w16_d2_S
INFO-FLOW: Found component kernel_outerloop_0_fifo_w16_d2_S.
INFO-FLOW: Append model kernel_outerloop_0_fifo_w16_d2_S
INFO-FLOW: Found component kernel_outerloop_0_fifo_w16_d2_S.
INFO-FLOW: Append model kernel_outerloop_0_fifo_w16_d2_S
INFO-FLOW: Found component kernel_outerloop_0_fifo_w16_d2_S.
INFO-FLOW: Append model kernel_outerloop_0_fifo_w16_d2_S
INFO-FLOW: Found component kernel_outerloop_0_fifo_w16_d2_S.
INFO-FLOW: Append model kernel_outerloop_0_fifo_w16_d2_S
INFO-FLOW: Found component kernel_outerloop_0_fifo_w16_d2_S.
INFO-FLOW: Append model kernel_outerloop_0_fifo_w16_d2_S
INFO-FLOW: Found component kernel_outerloop_0_fifo_w16_d2_S.
INFO-FLOW: Append model kernel_outerloop_0_fifo_w16_d2_S
INFO-FLOW: Found component kernel_outerloop_0_fifo_w256_d10_A.
INFO-FLOW: Append model kernel_outerloop_0_fifo_w256_d10_A
INFO-FLOW: Found component kernel_outerloop_0_fifo_w16_d2_S.
INFO-FLOW: Append model kernel_outerloop_0_fifo_w16_d2_S
INFO-FLOW: Found component kernel_outerloop_0_fifo_w16_d2_S.
INFO-FLOW: Append model kernel_outerloop_0_fifo_w16_d2_S
INFO-FLOW: Found component kernel_outerloop_0_fifo_w16_d2_S.
INFO-FLOW: Append model kernel_outerloop_0_fifo_w16_d2_S
INFO-FLOW: Found component kernel_outerloop_0_fifo_w16_d2_S.
INFO-FLOW: Append model kernel_outerloop_0_fifo_w16_d2_S
INFO-FLOW: Found component kernel_outerloop_0_fifo_w16_d2_S.
INFO-FLOW: Append model kernel_outerloop_0_fifo_w16_d2_S
INFO-FLOW: Found component kernel_outerloop_0_fifo_w16_d2_S.
INFO-FLOW: Append model kernel_outerloop_0_fifo_w16_d2_S
INFO-FLOW: Found component kernel_outerloop_0_fifo_w16_d2_S.
INFO-FLOW: Append model kernel_outerloop_0_fifo_w16_d2_S
INFO-FLOW: Found component kernel_outerloop_0_fifo_w16_d2_S.
INFO-FLOW: Append model kernel_outerloop_0_fifo_w16_d2_S
INFO-FLOW: Found component kernel_outerloop_0_fifo_w16_d2_S.
INFO-FLOW: Append model kernel_outerloop_0_fifo_w16_d2_S
INFO-FLOW: Found component kernel_outerloop_0_fifo_w16_d2_S.
INFO-FLOW: Append model kernel_outerloop_0_fifo_w16_d2_S
INFO-FLOW: Found component kernel_outerloop_0_fifo_w256_d10_A.
INFO-FLOW: Append model kernel_outerloop_0_fifo_w256_d10_A
INFO-FLOW: Found component kernel_outerloop_0_fifo_w16_d2_S.
INFO-FLOW: Append model kernel_outerloop_0_fifo_w16_d2_S
INFO-FLOW: Found component kernel_outerloop_0_fifo_w16_d2_S.
INFO-FLOW: Append model kernel_outerloop_0_fifo_w16_d2_S
INFO-FLOW: Found component kernel_outerloop_0_fifo_w16_d2_S.
INFO-FLOW: Append model kernel_outerloop_0_fifo_w16_d2_S
INFO-FLOW: Found component kernel_outerloop_0_fifo_w16_d2_S.
INFO-FLOW: Append model kernel_outerloop_0_fifo_w16_d2_S
INFO-FLOW: Found component kernel_outerloop_0_fifo_w16_d2_S.
INFO-FLOW: Append model kernel_outerloop_0_fifo_w16_d2_S
INFO-FLOW: Found component kernel_outerloop_0_fifo_w16_d2_S.
INFO-FLOW: Append model kernel_outerloop_0_fifo_w16_d2_S
INFO-FLOW: Found component kernel_outerloop_0_fifo_w16_d2_S.
INFO-FLOW: Append model kernel_outerloop_0_fifo_w16_d2_S
INFO-FLOW: Found component kernel_outerloop_0_fifo_w16_d2_S.
INFO-FLOW: Append model kernel_outerloop_0_fifo_w16_d2_S
INFO-FLOW: Found component kernel_outerloop_0_fifo_w16_d2_S.
INFO-FLOW: Append model kernel_outerloop_0_fifo_w16_d2_S
INFO-FLOW: Found component kernel_outerloop_0_fifo_w16_d2_S.
INFO-FLOW: Append model kernel_outerloop_0_fifo_w16_d2_S
INFO-FLOW: Found component kernel_outerloop_0_fifo_w256_d10_A.
INFO-FLOW: Append model kernel_outerloop_0_fifo_w256_d10_A
INFO-FLOW: Found component kernel_outerloop_0_fifo_w16_d2_S.
INFO-FLOW: Append model kernel_outerloop_0_fifo_w16_d2_S
INFO-FLOW: Found component kernel_outerloop_0_fifo_w16_d2_S.
INFO-FLOW: Append model kernel_outerloop_0_fifo_w16_d2_S
INFO-FLOW: Found component kernel_outerloop_0_fifo_w16_d2_S.
INFO-FLOW: Append model kernel_outerloop_0_fifo_w16_d2_S
INFO-FLOW: Found component kernel_outerloop_0_fifo_w16_d2_S.
INFO-FLOW: Append model kernel_outerloop_0_fifo_w16_d2_S
INFO-FLOW: Found component kernel_outerloop_0_fifo_w16_d2_S.
INFO-FLOW: Append model kernel_outerloop_0_fifo_w16_d2_S
INFO-FLOW: Found component kernel_outerloop_0_fifo_w16_d2_S.
INFO-FLOW: Append model kernel_outerloop_0_fifo_w16_d2_S
INFO-FLOW: Found component kernel_outerloop_0_fifo_w16_d2_S.
INFO-FLOW: Append model kernel_outerloop_0_fifo_w16_d2_S
INFO-FLOW: Found component kernel_outerloop_0_fifo_w16_d2_S.
INFO-FLOW: Append model kernel_outerloop_0_fifo_w16_d2_S
INFO-FLOW: Found component kernel_outerloop_0_fifo_w16_d2_S.
INFO-FLOW: Append model kernel_outerloop_0_fifo_w16_d2_S
INFO-FLOW: Found component kernel_outerloop_0_fifo_w16_d2_S.
INFO-FLOW: Append model kernel_outerloop_0_fifo_w16_d2_S
INFO-FLOW: Found component kernel_outerloop_0_fifo_w256_d10_A.
INFO-FLOW: Append model kernel_outerloop_0_fifo_w256_d10_A
INFO-FLOW: Found component kernel_outerloop_0_fifo_w16_d2_S.
INFO-FLOW: Append model kernel_outerloop_0_fifo_w16_d2_S
INFO-FLOW: Found component kernel_outerloop_0_fifo_w16_d2_S.
INFO-FLOW: Append model kernel_outerloop_0_fifo_w16_d2_S
INFO-FLOW: Found component kernel_outerloop_0_fifo_w16_d2_S.
INFO-FLOW: Append model kernel_outerloop_0_fifo_w16_d2_S
INFO-FLOW: Found component kernel_outerloop_0_fifo_w16_d2_S.
INFO-FLOW: Append model kernel_outerloop_0_fifo_w16_d2_S
INFO-FLOW: Found component kernel_outerloop_0_fifo_w16_d2_S.
INFO-FLOW: Append model kernel_outerloop_0_fifo_w16_d2_S
INFO-FLOW: Found component kernel_outerloop_0_fifo_w16_d2_S.
INFO-FLOW: Append model kernel_outerloop_0_fifo_w16_d2_S
INFO-FLOW: Found component kernel_outerloop_0_fifo_w16_d2_S.
INFO-FLOW: Append model kernel_outerloop_0_fifo_w16_d2_S
INFO-FLOW: Found component kernel_outerloop_0_fifo_w16_d2_S.
INFO-FLOW: Append model kernel_outerloop_0_fifo_w16_d2_S
INFO-FLOW: Found component kernel_outerloop_0_fifo_w16_d2_S.
INFO-FLOW: Append model kernel_outerloop_0_fifo_w16_d2_S
INFO-FLOW: Found component kernel_outerloop_0_fifo_w16_d2_S.
INFO-FLOW: Append model kernel_outerloop_0_fifo_w16_d2_S
INFO-FLOW: Found component kernel_outerloop_0_fifo_w256_d10_A.
INFO-FLOW: Append model kernel_outerloop_0_fifo_w256_d10_A
INFO-FLOW: Found component kernel_outerloop_0_fifo_w16_d2_S.
INFO-FLOW: Append model kernel_outerloop_0_fifo_w16_d2_S
INFO-FLOW: Found component kernel_outerloop_0_fifo_w16_d2_S.
INFO-FLOW: Append model kernel_outerloop_0_fifo_w16_d2_S
INFO-FLOW: Found component kernel_outerloop_0_fifo_w16_d2_S.
INFO-FLOW: Append model kernel_outerloop_0_fifo_w16_d2_S
INFO-FLOW: Found component kernel_outerloop_0_fifo_w16_d2_S.
INFO-FLOW: Append model kernel_outerloop_0_fifo_w16_d2_S
INFO-FLOW: Found component kernel_outerloop_0_fifo_w16_d2_S.
INFO-FLOW: Append model kernel_outerloop_0_fifo_w16_d2_S
INFO-FLOW: Found component kernel_outerloop_0_fifo_w16_d2_S.
INFO-FLOW: Append model kernel_outerloop_0_fifo_w16_d2_S
INFO-FLOW: Found component kernel_outerloop_0_fifo_w16_d2_S.
INFO-FLOW: Append model kernel_outerloop_0_fifo_w16_d2_S
INFO-FLOW: Found component kernel_outerloop_0_fifo_w16_d2_S.
INFO-FLOW: Append model kernel_outerloop_0_fifo_w16_d2_S
INFO-FLOW: Found component kernel_outerloop_0_fifo_w16_d2_S.
INFO-FLOW: Append model kernel_outerloop_0_fifo_w16_d2_S
INFO-FLOW: Found component kernel_outerloop_0_fifo_w16_d2_S.
INFO-FLOW: Append model kernel_outerloop_0_fifo_w16_d2_S
INFO-FLOW: Found component kernel_outerloop_0_fifo_w256_d10_A.
INFO-FLOW: Append model kernel_outerloop_0_fifo_w256_d10_A
INFO-FLOW: Found component kernel_outerloop_0_fifo_w16_d2_S.
INFO-FLOW: Append model kernel_outerloop_0_fifo_w16_d2_S
INFO-FLOW: Found component kernel_outerloop_0_fifo_w16_d2_S.
INFO-FLOW: Append model kernel_outerloop_0_fifo_w16_d2_S
INFO-FLOW: Found component kernel_outerloop_0_fifo_w16_d2_S.
INFO-FLOW: Append model kernel_outerloop_0_fifo_w16_d2_S
INFO-FLOW: Found component kernel_outerloop_0_fifo_w16_d2_S.
INFO-FLOW: Append model kernel_outerloop_0_fifo_w16_d2_S
INFO-FLOW: Found component kernel_outerloop_0_fifo_w16_d2_S.
INFO-FLOW: Append model kernel_outerloop_0_fifo_w16_d2_S
INFO-FLOW: Found component kernel_outerloop_0_fifo_w16_d2_S.
INFO-FLOW: Append model kernel_outerloop_0_fifo_w16_d2_S
INFO-FLOW: Found component kernel_outerloop_0_fifo_w16_d2_S.
INFO-FLOW: Append model kernel_outerloop_0_fifo_w16_d2_S
INFO-FLOW: Found component kernel_outerloop_0_fifo_w16_d2_S.
INFO-FLOW: Append model kernel_outerloop_0_fifo_w16_d2_S
INFO-FLOW: Found component kernel_outerloop_0_fifo_w16_d2_S.
INFO-FLOW: Append model kernel_outerloop_0_fifo_w16_d2_S
INFO-FLOW: Found component kernel_outerloop_0_fifo_w16_d2_S.
INFO-FLOW: Append model kernel_outerloop_0_fifo_w16_d2_S
INFO-FLOW: Found component kernel_outerloop_0_fifo_w256_d10_A.
INFO-FLOW: Append model kernel_outerloop_0_fifo_w256_d10_A
INFO-FLOW: Found component kernel_outerloop_0_fifo_w16_d2_S.
INFO-FLOW: Append model kernel_outerloop_0_fifo_w16_d2_S
INFO-FLOW: Found component kernel_outerloop_0_fifo_w16_d2_S.
INFO-FLOW: Append model kernel_outerloop_0_fifo_w16_d2_S
INFO-FLOW: Found component kernel_outerloop_0_fifo_w16_d2_S.
INFO-FLOW: Append model kernel_outerloop_0_fifo_w16_d2_S
INFO-FLOW: Found component kernel_outerloop_0_fifo_w16_d2_S.
INFO-FLOW: Append model kernel_outerloop_0_fifo_w16_d2_S
INFO-FLOW: Found component kernel_outerloop_0_fifo_w16_d2_S.
INFO-FLOW: Append model kernel_outerloop_0_fifo_w16_d2_S
INFO-FLOW: Found component kernel_outerloop_0_fifo_w16_d2_S.
INFO-FLOW: Append model kernel_outerloop_0_fifo_w16_d2_S
INFO-FLOW: Found component kernel_outerloop_0_fifo_w16_d2_S.
INFO-FLOW: Append model kernel_outerloop_0_fifo_w16_d2_S
INFO-FLOW: Found component kernel_outerloop_0_fifo_w16_d2_S.
INFO-FLOW: Append model kernel_outerloop_0_fifo_w16_d2_S
INFO-FLOW: Found component kernel_outerloop_0_fifo_w16_d2_S.
INFO-FLOW: Append model kernel_outerloop_0_fifo_w16_d2_S
INFO-FLOW: Found component kernel_outerloop_0_fifo_w16_d2_S.
INFO-FLOW: Append model kernel_outerloop_0_fifo_w16_d2_S
INFO-FLOW: Found component kernel_outerloop_0_fifo_w256_d10_A.
INFO-FLOW: Append model kernel_outerloop_0_fifo_w256_d10_A
INFO-FLOW: Found component kernel_outerloop_0_fifo_w16_d2_S.
INFO-FLOW: Append model kernel_outerloop_0_fifo_w16_d2_S
INFO-FLOW: Found component kernel_outerloop_0_fifo_w16_d2_S.
INFO-FLOW: Append model kernel_outerloop_0_fifo_w16_d2_S
INFO-FLOW: Found component kernel_outerloop_0_fifo_w16_d2_S.
INFO-FLOW: Append model kernel_outerloop_0_fifo_w16_d2_S
INFO-FLOW: Found component kernel_outerloop_0_fifo_w16_d2_S.
INFO-FLOW: Append model kernel_outerloop_0_fifo_w16_d2_S
INFO-FLOW: Found component kernel_outerloop_0_fifo_w16_d2_S.
INFO-FLOW: Append model kernel_outerloop_0_fifo_w16_d2_S
INFO-FLOW: Found component kernel_outerloop_0_fifo_w16_d2_S.
INFO-FLOW: Append model kernel_outerloop_0_fifo_w16_d2_S
INFO-FLOW: Found component kernel_outerloop_0_fifo_w16_d2_S.
INFO-FLOW: Append model kernel_outerloop_0_fifo_w16_d2_S
INFO-FLOW: Found component kernel_outerloop_0_fifo_w16_d2_S.
INFO-FLOW: Append model kernel_outerloop_0_fifo_w16_d2_S
INFO-FLOW: Found component kernel_outerloop_0_fifo_w16_d2_S.
INFO-FLOW: Append model kernel_outerloop_0_fifo_w16_d2_S
INFO-FLOW: Found component kernel_outerloop_0_fifo_w16_d2_S.
INFO-FLOW: Append model kernel_outerloop_0_fifo_w16_d2_S
INFO-FLOW: Found component kernel_outerloop_0_fifo_w256_d10_A.
INFO-FLOW: Append model kernel_outerloop_0_fifo_w256_d10_A
INFO-FLOW: Found component kernel_outerloop_0_fifo_w16_d2_S.
INFO-FLOW: Append model kernel_outerloop_0_fifo_w16_d2_S
INFO-FLOW: Found component kernel_outerloop_0_fifo_w16_d2_S.
INFO-FLOW: Append model kernel_outerloop_0_fifo_w16_d2_S
INFO-FLOW: Found component kernel_outerloop_0_fifo_w16_d2_S.
INFO-FLOW: Append model kernel_outerloop_0_fifo_w16_d2_S
INFO-FLOW: Found component kernel_outerloop_0_fifo_w16_d2_S.
INFO-FLOW: Append model kernel_outerloop_0_fifo_w16_d2_S
INFO-FLOW: Found component kernel_outerloop_0_fifo_w16_d2_S.
INFO-FLOW: Append model kernel_outerloop_0_fifo_w16_d2_S
INFO-FLOW: Found component kernel_outerloop_0_fifo_w16_d2_S.
INFO-FLOW: Append model kernel_outerloop_0_fifo_w16_d2_S
INFO-FLOW: Found component kernel_outerloop_0_fifo_w16_d2_S.
INFO-FLOW: Append model kernel_outerloop_0_fifo_w16_d2_S
INFO-FLOW: Found component kernel_outerloop_0_fifo_w16_d2_S.
INFO-FLOW: Append model kernel_outerloop_0_fifo_w16_d2_S
INFO-FLOW: Found component kernel_outerloop_0_fifo_w16_d2_S.
INFO-FLOW: Append model kernel_outerloop_0_fifo_w16_d2_S
INFO-FLOW: Found component kernel_outerloop_0_fifo_w16_d2_S.
INFO-FLOW: Append model kernel_outerloop_0_fifo_w16_d2_S
INFO-FLOW: Found component kernel_outerloop_0_fifo_w256_d10_A.
INFO-FLOW: Append model kernel_outerloop_0_fifo_w256_d10_A
INFO-FLOW: Found component kernel_outerloop_0_start_for_joint_PE_outerloop_0_U0.
INFO-FLOW: Append model kernel_outerloop_0_start_for_joint_PE_outerloop_0_U0
INFO-FLOW: Found component kernel_outerloop_0_start_for_stream2axis_256u_256u_U0.
INFO-FLOW: Append model kernel_outerloop_0_start_for_stream2axis_256u_256u_U0
INFO-FLOW: Found component kernel_outerloop_0_start_for_joint_PE_outerloop_0_1_U0.
INFO-FLOW: Append model kernel_outerloop_0_start_for_joint_PE_outerloop_0_1_U0
INFO-FLOW: Found component kernel_outerloop_0_start_for_joint_PE_outerloop_0_2_U0.
INFO-FLOW: Append model kernel_outerloop_0_start_for_joint_PE_outerloop_0_2_U0
INFO-FLOW: Found component kernel_outerloop_0_start_for_joint_PE_outerloop_0_3_U0.
INFO-FLOW: Append model kernel_outerloop_0_start_for_joint_PE_outerloop_0_3_U0
INFO-FLOW: Found component kernel_outerloop_0_start_for_joint_PE_outerloop_0_4_U0.
INFO-FLOW: Append model kernel_outerloop_0_start_for_joint_PE_outerloop_0_4_U0
INFO-FLOW: Found component kernel_outerloop_0_start_for_joint_PE_outerloop_0_5_U0.
INFO-FLOW: Append model kernel_outerloop_0_start_for_joint_PE_outerloop_0_5_U0
INFO-FLOW: Found component kernel_outerloop_0_start_for_joint_PE_outerloop_0_6_U0.
INFO-FLOW: Append model kernel_outerloop_0_start_for_joint_PE_outerloop_0_6_U0
INFO-FLOW: Found component kernel_outerloop_0_start_for_joint_PE_outerloop_0_7_U0.
INFO-FLOW: Append model kernel_outerloop_0_start_for_joint_PE_outerloop_0_7_U0
INFO-FLOW: Found component kernel_outerloop_0_start_for_joint_PE_outerloop_0_8_U0.
INFO-FLOW: Append model kernel_outerloop_0_start_for_joint_PE_outerloop_0_8_U0
INFO-FLOW: Found component kernel_outerloop_0_start_for_joint_PE_outerloop_0_9_U0.
INFO-FLOW: Append model kernel_outerloop_0_start_for_joint_PE_outerloop_0_9_U0
INFO-FLOW: Found component kernel_outerloop_0_start_for_joint_PE_outerloop_0_10_U0.
INFO-FLOW: Append model kernel_outerloop_0_start_for_joint_PE_outerloop_0_10_U0
INFO-FLOW: Found component kernel_outerloop_0_start_for_joint_PE_outerloop_0_11_U0.
INFO-FLOW: Append model kernel_outerloop_0_start_for_joint_PE_outerloop_0_11_U0
INFO-FLOW: Found component kernel_outerloop_0_start_for_joint_PE_outerloop_0_12_U0.
INFO-FLOW: Append model kernel_outerloop_0_start_for_joint_PE_outerloop_0_12_U0
INFO-FLOW: Found component kernel_outerloop_0_start_for_joint_PE_outerloop_0_13_U0.
INFO-FLOW: Append model kernel_outerloop_0_start_for_joint_PE_outerloop_0_13_U0
INFO-FLOW: Handling components in module [kernel_outerloop_0] ... 
Execute         source /home/x_thileeb/repos/ops-hls-pact25-artifact/codegen_apps/jacobian3d/vck5000_project/hls/build/hw/temp_dir/kernel_outerloop_0/kernel_outerloop_0/kernel_outerloop_0/solution/.autopilot/db/kernel_outerloop_0.compgen.tcl 
INFO-FLOW: Found component kernel_outerloop_0_control_s_axi.
INFO-FLOW: Append model kernel_outerloop_0_control_s_axi
INFO-FLOW: Found component kernel_outerloop_0_regslice_both.
INFO-FLOW: Append model kernel_outerloop_0_regslice_both
INFO-FLOW: Found component kernel_outerloop_0_regslice_both.
INFO-FLOW: Append model kernel_outerloop_0_regslice_both
INFO-FLOW: Found component kernel_outerloop_0_regslice_both.
INFO-FLOW: Append model kernel_outerloop_0_regslice_both
INFO-FLOW: Found component kernel_outerloop_0_regslice_both.
INFO-FLOW: Append model kernel_outerloop_0_regslice_both
INFO-FLOW: Found component kernel_outerloop_0_regslice_both.
INFO-FLOW: Append model kernel_outerloop_0_regslice_both
INFO-FLOW: Found component kernel_outerloop_0_regslice_both.
INFO-FLOW: Append model kernel_outerloop_0_regslice_both
INFO-FLOW: Found component kernel_outerloop_0_regslice_both.
INFO-FLOW: Append model kernel_outerloop_0_regslice_both
INFO-FLOW: Found component kernel_outerloop_0_regslice_both.
INFO-FLOW: Append model kernel_outerloop_0_regslice_both
INFO-FLOW: Append model entry_proc
INFO-FLOW: Append model axis2stream_256u_256u_Pipeline_VITIS_LOOP_1521_1
INFO-FLOW: Append model axis2stream_256u_256u_s
INFO-FLOW: Append model kernel_jac3D_kernel_stencil_core
INFO-FLOW: Append model stencilRun_Pipeline_VITIS_LOOP_194_1
INFO-FLOW: Append model stencilRun
INFO-FLOW: Append model joint_PE_outerloop_0
INFO-FLOW: Append model joint_PE_outerloop_0_1
INFO-FLOW: Append model joint_PE_outerloop_0_2
INFO-FLOW: Append model joint_PE_outerloop_0_3
INFO-FLOW: Append model joint_PE_outerloop_0_4
INFO-FLOW: Append model joint_PE_outerloop_0_5
INFO-FLOW: Append model joint_PE_outerloop_0_6
INFO-FLOW: Append model joint_PE_outerloop_0_7
INFO-FLOW: Append model joint_PE_outerloop_0_8
INFO-FLOW: Append model joint_PE_outerloop_0_9
INFO-FLOW: Append model joint_PE_outerloop_0_10
INFO-FLOW: Append model joint_PE_outerloop_0_11
INFO-FLOW: Append model joint_PE_outerloop_0_12
INFO-FLOW: Append model joint_PE_outerloop_0_13
INFO-FLOW: Append model stream2axis_256u_256u_Pipeline_VITIS_LOOP_1897_1
INFO-FLOW: Append model stream2axis_256u_256u_s
INFO-FLOW: Append model kernel_outerloop_0_dataflow_region
INFO-FLOW: Append model kernel_outerloop_0
INFO-FLOW: Generating RTL model list ...
INFO-FLOW: All models in this session: kernel_outerloop_0_flow_control_loop_pipe_sequential_init kernel_outerloop_0_fadd_32ns_32ns_32_2_primitive_dsp_0 kernel_outerloop_0_fmul_32ns_32ns_32_3_primitive_dsp_0 kernel_outerloop_0_fmadd_32ns_32ns_32ns_32ns_32_3_primitive_dsp_0 kernel_outerloop_0_flow_control_loop_pipe_sequential_init kernel_outerloop_0_mul_32s_16ns_32_3_1 kernel_outerloop_0_mul_mul_16ns_16ns_32_4_1 kernel_outerloop_0_mac_muladd_16ns_16ns_1s_16_4_1 kernel_outerloop_0_stencilRun_arg0_buf_p0_1_V_RAM_S2P_URAM_2R1W kernel_outerloop_0_stencilRun_arg0_buf_r0_1_p1_V_RAM_S2P_BRAM_2R1W kernel_outerloop_0_flow_control_loop_pipe_sequential_init kernel_outerloop_0_fifo_w16_d3_S kernel_outerloop_0_fifo_w16_d3_S kernel_outerloop_0_fifo_w16_d3_S kernel_outerloop_0_fifo_w16_d3_S kernel_outerloop_0_fifo_w16_d3_S kernel_outerloop_0_fifo_w16_d3_S kernel_outerloop_0_fifo_w16_d3_S kernel_outerloop_0_fifo_w16_d3_S kernel_outerloop_0_fifo_w16_d3_S kernel_outerloop_0_fifo_w16_d3_S kernel_outerloop_0_fifo_w256_d10_A kernel_outerloop_0_fifo_w32_d16_S kernel_outerloop_0_fifo_w256_d10_A kernel_outerloop_0_fifo_w16_d2_S kernel_outerloop_0_fifo_w16_d2_S kernel_outerloop_0_fifo_w16_d2_S kernel_outerloop_0_fifo_w16_d2_S kernel_outerloop_0_fifo_w16_d2_S kernel_outerloop_0_fifo_w16_d2_S kernel_outerloop_0_fifo_w16_d2_S kernel_outerloop_0_fifo_w16_d2_S kernel_outerloop_0_fifo_w16_d2_S kernel_outerloop_0_fifo_w16_d2_S kernel_outerloop_0_fifo_w256_d10_A kernel_outerloop_0_fifo_w16_d2_S kernel_outerloop_0_fifo_w16_d2_S kernel_outerloop_0_fifo_w16_d2_S kernel_outerloop_0_fifo_w16_d2_S kernel_outerloop_0_fifo_w16_d2_S kernel_outerloop_0_fifo_w16_d2_S kernel_outerloop_0_fifo_w16_d2_S kernel_outerloop_0_fifo_w16_d2_S kernel_outerloop_0_fifo_w16_d2_S kernel_outerloop_0_fifo_w16_d2_S kernel_outerloop_0_fifo_w256_d10_A kernel_outerloop_0_fifo_w16_d2_S kernel_outerloop_0_fifo_w16_d2_S kernel_outerloop_0_fifo_w16_d2_S kernel_outerloop_0_fifo_w16_d2_S kernel_outerloop_0_fifo_w16_d2_S kernel_outerloop_0_fifo_w16_d2_S kernel_outerloop_0_fifo_w16_d2_S kernel_outerloop_0_fifo_w16_d2_S kernel_outerloop_0_fifo_w16_d2_S kernel_outerloop_0_fifo_w16_d2_S kernel_outerloop_0_fifo_w256_d10_A kernel_outerloop_0_fifo_w16_d2_S kernel_outerloop_0_fifo_w16_d2_S kernel_outerloop_0_fifo_w16_d2_S kernel_outerloop_0_fifo_w16_d2_S kernel_outerloop_0_fifo_w16_d2_S kernel_outerloop_0_fifo_w16_d2_S kernel_outerloop_0_fifo_w16_d2_S kernel_outerloop_0_fifo_w16_d2_S kernel_outerloop_0_fifo_w16_d2_S kernel_outerloop_0_fifo_w16_d2_S kernel_outerloop_0_fifo_w256_d10_A kernel_outerloop_0_fifo_w16_d2_S kernel_outerloop_0_fifo_w16_d2_S kernel_outerloop_0_fifo_w16_d2_S kernel_outerloop_0_fifo_w16_d2_S kernel_outerloop_0_fifo_w16_d2_S kernel_outerloop_0_fifo_w16_d2_S kernel_outerloop_0_fifo_w16_d2_S kernel_outerloop_0_fifo_w16_d2_S kernel_outerloop_0_fifo_w16_d2_S kernel_outerloop_0_fifo_w16_d2_S kernel_outerloop_0_fifo_w256_d10_A kernel_outerloop_0_fifo_w16_d2_S kernel_outerloop_0_fifo_w16_d2_S kernel_outerloop_0_fifo_w16_d2_S kernel_outerloop_0_fifo_w16_d2_S kernel_outerloop_0_fifo_w16_d2_S kernel_outerloop_0_fifo_w16_d2_S kernel_outerloop_0_fifo_w16_d2_S kernel_outerloop_0_fifo_w16_d2_S kernel_outerloop_0_fifo_w16_d2_S kernel_outerloop_0_fifo_w16_d2_S kernel_outerloop_0_fifo_w256_d10_A kernel_outerloop_0_fifo_w16_d2_S kernel_outerloop_0_fifo_w16_d2_S kernel_outerloop_0_fifo_w16_d2_S kernel_outerloop_0_fifo_w16_d2_S kernel_outerloop_0_fifo_w16_d2_S kernel_outerloop_0_fifo_w16_d2_S kernel_outerloop_0_fifo_w16_d2_S kernel_outerloop_0_fifo_w16_d2_S kernel_outerloop_0_fifo_w16_d2_S kernel_outerloop_0_fifo_w16_d2_S kernel_outerloop_0_fifo_w256_d10_A kernel_outerloop_0_fifo_w16_d2_S kernel_outerloop_0_fifo_w16_d2_S kernel_outerloop_0_fifo_w16_d2_S kernel_outerloop_0_fifo_w16_d2_S kernel_outerloop_0_fifo_w16_d2_S kernel_outerloop_0_fifo_w16_d2_S kernel_outerloop_0_fifo_w16_d2_S kernel_outerloop_0_fifo_w16_d2_S kernel_outerloop_0_fifo_w16_d2_S kernel_outerloop_0_fifo_w16_d2_S kernel_outerloop_0_fifo_w256_d10_A kernel_outerloop_0_fifo_w16_d2_S kernel_outerloop_0_fifo_w16_d2_S kernel_outerloop_0_fifo_w16_d2_S kernel_outerloop_0_fifo_w16_d2_S kernel_outerloop_0_fifo_w16_d2_S kernel_outerloop_0_fifo_w16_d2_S kernel_outerloop_0_fifo_w16_d2_S kernel_outerloop_0_fifo_w16_d2_S kernel_outerloop_0_fifo_w16_d2_S kernel_outerloop_0_fifo_w16_d2_S kernel_outerloop_0_fifo_w256_d10_A kernel_outerloop_0_fifo_w16_d2_S kernel_outerloop_0_fifo_w16_d2_S kernel_outerloop_0_fifo_w16_d2_S kernel_outerloop_0_fifo_w16_d2_S kernel_outerloop_0_fifo_w16_d2_S kernel_outerloop_0_fifo_w16_d2_S kernel_outerloop_0_fifo_w16_d2_S kernel_outerloop_0_fifo_w16_d2_S kernel_outerloop_0_fifo_w16_d2_S kernel_outerloop_0_fifo_w16_d2_S kernel_outerloop_0_fifo_w256_d10_A kernel_outerloop_0_fifo_w16_d2_S kernel_outerloop_0_fifo_w16_d2_S kernel_outerloop_0_fifo_w16_d2_S kernel_outerloop_0_fifo_w16_d2_S kernel_outerloop_0_fifo_w16_d2_S kernel_outerloop_0_fifo_w16_d2_S kernel_outerloop_0_fifo_w16_d2_S kernel_outerloop_0_fifo_w16_d2_S kernel_outerloop_0_fifo_w16_d2_S kernel_outerloop_0_fifo_w16_d2_S kernel_outerloop_0_fifo_w256_d10_A kernel_outerloop_0_fifo_w16_d2_S kernel_outerloop_0_fifo_w16_d2_S kernel_outerloop_0_fifo_w16_d2_S kernel_outerloop_0_fifo_w16_d2_S kernel_outerloop_0_fifo_w16_d2_S kernel_outerloop_0_fifo_w16_d2_S kernel_outerloop_0_fifo_w16_d2_S kernel_outerloop_0_fifo_w16_d2_S kernel_outerloop_0_fifo_w16_d2_S kernel_outerloop_0_fifo_w16_d2_S kernel_outerloop_0_fifo_w256_d10_A kernel_outerloop_0_fifo_w16_d2_S kernel_outerloop_0_fifo_w16_d2_S kernel_outerloop_0_fifo_w16_d2_S kernel_outerloop_0_fifo_w16_d2_S kernel_outerloop_0_fifo_w16_d2_S kernel_outerloop_0_fifo_w16_d2_S kernel_outerloop_0_fifo_w16_d2_S kernel_outerloop_0_fifo_w16_d2_S kernel_outerloop_0_fifo_w16_d2_S kernel_outerloop_0_fifo_w16_d2_S kernel_outerloop_0_fifo_w256_d10_A kernel_outerloop_0_start_for_joint_PE_outerloop_0_U0 kernel_outerloop_0_start_for_stream2axis_256u_256u_U0 kernel_outerloop_0_start_for_joint_PE_outerloop_0_1_U0 kernel_outerloop_0_start_for_joint_PE_outerloop_0_2_U0 kernel_outerloop_0_start_for_joint_PE_outerloop_0_3_U0 kernel_outerloop_0_start_for_joint_PE_outerloop_0_4_U0 kernel_outerloop_0_start_for_joint_PE_outerloop_0_5_U0 kernel_outerloop_0_start_for_joint_PE_outerloop_0_6_U0 kernel_outerloop_0_start_for_joint_PE_outerloop_0_7_U0 kernel_outerloop_0_start_for_joint_PE_outerloop_0_8_U0 kernel_outerloop_0_start_for_joint_PE_outerloop_0_9_U0 kernel_outerloop_0_start_for_joint_PE_outerloop_0_10_U0 kernel_outerloop_0_start_for_joint_PE_outerloop_0_11_U0 kernel_outerloop_0_start_for_joint_PE_outerloop_0_12_U0 kernel_outerloop_0_start_for_joint_PE_outerloop_0_13_U0 kernel_outerloop_0_control_s_axi kernel_outerloop_0_regslice_both kernel_outerloop_0_regslice_both kernel_outerloop_0_regslice_both kernel_outerloop_0_regslice_both kernel_outerloop_0_regslice_both kernel_outerloop_0_regslice_both kernel_outerloop_0_regslice_both kernel_outerloop_0_regslice_both entry_proc axis2stream_256u_256u_Pipeline_VITIS_LOOP_1521_1 axis2stream_256u_256u_s kernel_jac3D_kernel_stencil_core stencilRun_Pipeline_VITIS_LOOP_194_1 stencilRun joint_PE_outerloop_0 joint_PE_outerloop_0_1 joint_PE_outerloop_0_2 joint_PE_outerloop_0_3 joint_PE_outerloop_0_4 joint_PE_outerloop_0_5 joint_PE_outerloop_0_6 joint_PE_outerloop_0_7 joint_PE_outerloop_0_8 joint_PE_outerloop_0_9 joint_PE_outerloop_0_10 joint_PE_outerloop_0_11 joint_PE_outerloop_0_12 joint_PE_outerloop_0_13 stream2axis_256u_256u_Pipeline_VITIS_LOOP_1897_1 stream2axis_256u_256u_s kernel_outerloop_0_dataflow_region kernel_outerloop_0
INFO-FLOW: Generating /home/x_thileeb/repos/ops-hls-pact25-artifact/codegen_apps/jacobian3d/vck5000_project/hls/build/hw/temp_dir/kernel_outerloop_0/kernel_outerloop_0/kernel_outerloop_0/solution/.autopilot/db/autopilot.rtl.models.txt file...
INFO-FLOW: To file: write model kernel_outerloop_0_flow_control_loop_pipe_sequential_init
INFO-FLOW: To file: write model kernel_outerloop_0_fadd_32ns_32ns_32_2_primitive_dsp_0
INFO-FLOW: To file: write model kernel_outerloop_0_fmul_32ns_32ns_32_3_primitive_dsp_0
INFO-FLOW: To file: write model kernel_outerloop_0_fmadd_32ns_32ns_32ns_32ns_32_3_primitive_dsp_0
INFO-FLOW: To file: write model kernel_outerloop_0_flow_control_loop_pipe_sequential_init
INFO-FLOW: To file: write model kernel_outerloop_0_mul_32s_16ns_32_3_1
INFO-FLOW: To file: write model kernel_outerloop_0_mul_mul_16ns_16ns_32_4_1
INFO-FLOW: To file: write model kernel_outerloop_0_mac_muladd_16ns_16ns_1s_16_4_1
INFO-FLOW: To file: write model kernel_outerloop_0_stencilRun_arg0_buf_p0_1_V_RAM_S2P_URAM_2R1W
INFO-FLOW: To file: write model kernel_outerloop_0_stencilRun_arg0_buf_r0_1_p1_V_RAM_S2P_BRAM_2R1W
INFO-FLOW: To file: write model kernel_outerloop_0_flow_control_loop_pipe_sequential_init
INFO-FLOW: To file: write model kernel_outerloop_0_fifo_w16_d3_S
INFO-FLOW: To file: write model kernel_outerloop_0_fifo_w16_d3_S
INFO-FLOW: To file: write model kernel_outerloop_0_fifo_w16_d3_S
INFO-FLOW: To file: write model kernel_outerloop_0_fifo_w16_d3_S
INFO-FLOW: To file: write model kernel_outerloop_0_fifo_w16_d3_S
INFO-FLOW: To file: write model kernel_outerloop_0_fifo_w16_d3_S
INFO-FLOW: To file: write model kernel_outerloop_0_fifo_w16_d3_S
INFO-FLOW: To file: write model kernel_outerloop_0_fifo_w16_d3_S
INFO-FLOW: To file: write model kernel_outerloop_0_fifo_w16_d3_S
INFO-FLOW: To file: write model kernel_outerloop_0_fifo_w16_d3_S
INFO-FLOW: To file: write model kernel_outerloop_0_fifo_w256_d10_A
INFO-FLOW: To file: write model kernel_outerloop_0_fifo_w32_d16_S
INFO-FLOW: To file: write model kernel_outerloop_0_fifo_w256_d10_A
INFO-FLOW: To file: write model kernel_outerloop_0_fifo_w16_d2_S
INFO-FLOW: To file: write model kernel_outerloop_0_fifo_w16_d2_S
INFO-FLOW: To file: write model kernel_outerloop_0_fifo_w16_d2_S
INFO-FLOW: To file: write model kernel_outerloop_0_fifo_w16_d2_S
INFO-FLOW: To file: write model kernel_outerloop_0_fifo_w16_d2_S
INFO-FLOW: To file: write model kernel_outerloop_0_fifo_w16_d2_S
INFO-FLOW: To file: write model kernel_outerloop_0_fifo_w16_d2_S
INFO-FLOW: To file: write model kernel_outerloop_0_fifo_w16_d2_S
INFO-FLOW: To file: write model kernel_outerloop_0_fifo_w16_d2_S
INFO-FLOW: To file: write model kernel_outerloop_0_fifo_w16_d2_S
INFO-FLOW: To file: write model kernel_outerloop_0_fifo_w256_d10_A
INFO-FLOW: To file: write model kernel_outerloop_0_fifo_w16_d2_S
INFO-FLOW: To file: write model kernel_outerloop_0_fifo_w16_d2_S
INFO-FLOW: To file: write model kernel_outerloop_0_fifo_w16_d2_S
INFO-FLOW: To file: write model kernel_outerloop_0_fifo_w16_d2_S
INFO-FLOW: To file: write model kernel_outerloop_0_fifo_w16_d2_S
INFO-FLOW: To file: write model kernel_outerloop_0_fifo_w16_d2_S
INFO-FLOW: To file: write model kernel_outerloop_0_fifo_w16_d2_S
INFO-FLOW: To file: write model kernel_outerloop_0_fifo_w16_d2_S
INFO-FLOW: To file: write model kernel_outerloop_0_fifo_w16_d2_S
INFO-FLOW: To file: write model kernel_outerloop_0_fifo_w16_d2_S
INFO-FLOW: To file: write model kernel_outerloop_0_fifo_w256_d10_A
INFO-FLOW: To file: write model kernel_outerloop_0_fifo_w16_d2_S
INFO-FLOW: To file: write model kernel_outerloop_0_fifo_w16_d2_S
INFO-FLOW: To file: write model kernel_outerloop_0_fifo_w16_d2_S
INFO-FLOW: To file: write model kernel_outerloop_0_fifo_w16_d2_S
INFO-FLOW: To file: write model kernel_outerloop_0_fifo_w16_d2_S
INFO-FLOW: To file: write model kernel_outerloop_0_fifo_w16_d2_S
INFO-FLOW: To file: write model kernel_outerloop_0_fifo_w16_d2_S
INFO-FLOW: To file: write model kernel_outerloop_0_fifo_w16_d2_S
INFO-FLOW: To file: write model kernel_outerloop_0_fifo_w16_d2_S
INFO-FLOW: To file: write model kernel_outerloop_0_fifo_w16_d2_S
INFO-FLOW: To file: write model kernel_outerloop_0_fifo_w256_d10_A
INFO-FLOW: To file: write model kernel_outerloop_0_fifo_w16_d2_S
INFO-FLOW: To file: write model kernel_outerloop_0_fifo_w16_d2_S
INFO-FLOW: To file: write model kernel_outerloop_0_fifo_w16_d2_S
INFO-FLOW: To file: write model kernel_outerloop_0_fifo_w16_d2_S
INFO-FLOW: To file: write model kernel_outerloop_0_fifo_w16_d2_S
INFO-FLOW: To file: write model kernel_outerloop_0_fifo_w16_d2_S
INFO-FLOW: To file: write model kernel_outerloop_0_fifo_w16_d2_S
INFO-FLOW: To file: write model kernel_outerloop_0_fifo_w16_d2_S
INFO-FLOW: To file: write model kernel_outerloop_0_fifo_w16_d2_S
INFO-FLOW: To file: write model kernel_outerloop_0_fifo_w16_d2_S
INFO-FLOW: To file: write model kernel_outerloop_0_fifo_w256_d10_A
INFO-FLOW: To file: write model kernel_outerloop_0_fifo_w16_d2_S
INFO-FLOW: To file: write model kernel_outerloop_0_fifo_w16_d2_S
INFO-FLOW: To file: write model kernel_outerloop_0_fifo_w16_d2_S
INFO-FLOW: To file: write model kernel_outerloop_0_fifo_w16_d2_S
INFO-FLOW: To file: write model kernel_outerloop_0_fifo_w16_d2_S
INFO-FLOW: To file: write model kernel_outerloop_0_fifo_w16_d2_S
INFO-FLOW: To file: write model kernel_outerloop_0_fifo_w16_d2_S
INFO-FLOW: To file: write model kernel_outerloop_0_fifo_w16_d2_S
INFO-FLOW: To file: write model kernel_outerloop_0_fifo_w16_d2_S
INFO-FLOW: To file: write model kernel_outerloop_0_fifo_w16_d2_S
INFO-FLOW: To file: write model kernel_outerloop_0_fifo_w256_d10_A
INFO-FLOW: To file: write model kernel_outerloop_0_fifo_w16_d2_S
INFO-FLOW: To file: write model kernel_outerloop_0_fifo_w16_d2_S
INFO-FLOW: To file: write model kernel_outerloop_0_fifo_w16_d2_S
INFO-FLOW: To file: write model kernel_outerloop_0_fifo_w16_d2_S
INFO-FLOW: To file: write model kernel_outerloop_0_fifo_w16_d2_S
INFO-FLOW: To file: write model kernel_outerloop_0_fifo_w16_d2_S
INFO-FLOW: To file: write model kernel_outerloop_0_fifo_w16_d2_S
INFO-FLOW: To file: write model kernel_outerloop_0_fifo_w16_d2_S
INFO-FLOW: To file: write model kernel_outerloop_0_fifo_w16_d2_S
INFO-FLOW: To file: write model kernel_outerloop_0_fifo_w16_d2_S
INFO-FLOW: To file: write model kernel_outerloop_0_fifo_w256_d10_A
INFO-FLOW: To file: write model kernel_outerloop_0_fifo_w16_d2_S
INFO-FLOW: To file: write model kernel_outerloop_0_fifo_w16_d2_S
INFO-FLOW: To file: write model kernel_outerloop_0_fifo_w16_d2_S
INFO-FLOW: To file: write model kernel_outerloop_0_fifo_w16_d2_S
INFO-FLOW: To file: write model kernel_outerloop_0_fifo_w16_d2_S
INFO-FLOW: To file: write model kernel_outerloop_0_fifo_w16_d2_S
INFO-FLOW: To file: write model kernel_outerloop_0_fifo_w16_d2_S
INFO-FLOW: To file: write model kernel_outerloop_0_fifo_w16_d2_S
INFO-FLOW: To file: write model kernel_outerloop_0_fifo_w16_d2_S
INFO-FLOW: To file: write model kernel_outerloop_0_fifo_w16_d2_S
INFO-FLOW: To file: write model kernel_outerloop_0_fifo_w256_d10_A
INFO-FLOW: To file: write model kernel_outerloop_0_fifo_w16_d2_S
INFO-FLOW: To file: write model kernel_outerloop_0_fifo_w16_d2_S
INFO-FLOW: To file: write model kernel_outerloop_0_fifo_w16_d2_S
INFO-FLOW: To file: write model kernel_outerloop_0_fifo_w16_d2_S
INFO-FLOW: To file: write model kernel_outerloop_0_fifo_w16_d2_S
INFO-FLOW: To file: write model kernel_outerloop_0_fifo_w16_d2_S
INFO-FLOW: To file: write model kernel_outerloop_0_fifo_w16_d2_S
INFO-FLOW: To file: write model kernel_outerloop_0_fifo_w16_d2_S
INFO-FLOW: To file: write model kernel_outerloop_0_fifo_w16_d2_S
INFO-FLOW: To file: write model kernel_outerloop_0_fifo_w16_d2_S
INFO-FLOW: To file: write model kernel_outerloop_0_fifo_w256_d10_A
INFO-FLOW: To file: write model kernel_outerloop_0_fifo_w16_d2_S
INFO-FLOW: To file: write model kernel_outerloop_0_fifo_w16_d2_S
INFO-FLOW: To file: write model kernel_outerloop_0_fifo_w16_d2_S
INFO-FLOW: To file: write model kernel_outerloop_0_fifo_w16_d2_S
INFO-FLOW: To file: write model kernel_outerloop_0_fifo_w16_d2_S
INFO-FLOW: To file: write model kernel_outerloop_0_fifo_w16_d2_S
INFO-FLOW: To file: write model kernel_outerloop_0_fifo_w16_d2_S
INFO-FLOW: To file: write model kernel_outerloop_0_fifo_w16_d2_S
INFO-FLOW: To file: write model kernel_outerloop_0_fifo_w16_d2_S
INFO-FLOW: To file: write model kernel_outerloop_0_fifo_w16_d2_S
INFO-FLOW: To file: write model kernel_outerloop_0_fifo_w256_d10_A
INFO-FLOW: To file: write model kernel_outerloop_0_fifo_w16_d2_S
INFO-FLOW: To file: write model kernel_outerloop_0_fifo_w16_d2_S
INFO-FLOW: To file: write model kernel_outerloop_0_fifo_w16_d2_S
INFO-FLOW: To file: write model kernel_outerloop_0_fifo_w16_d2_S
INFO-FLOW: To file: write model kernel_outerloop_0_fifo_w16_d2_S
INFO-FLOW: To file: write model kernel_outerloop_0_fifo_w16_d2_S
INFO-FLOW: To file: write model kernel_outerloop_0_fifo_w16_d2_S
INFO-FLOW: To file: write model kernel_outerloop_0_fifo_w16_d2_S
INFO-FLOW: To file: write model kernel_outerloop_0_fifo_w16_d2_S
INFO-FLOW: To file: write model kernel_outerloop_0_fifo_w16_d2_S
INFO-FLOW: To file: write model kernel_outerloop_0_fifo_w256_d10_A
INFO-FLOW: To file: write model kernel_outerloop_0_fifo_w16_d2_S
INFO-FLOW: To file: write model kernel_outerloop_0_fifo_w16_d2_S
INFO-FLOW: To file: write model kernel_outerloop_0_fifo_w16_d2_S
INFO-FLOW: To file: write model kernel_outerloop_0_fifo_w16_d2_S
INFO-FLOW: To file: write model kernel_outerloop_0_fifo_w16_d2_S
INFO-FLOW: To file: write model kernel_outerloop_0_fifo_w16_d2_S
INFO-FLOW: To file: write model kernel_outerloop_0_fifo_w16_d2_S
INFO-FLOW: To file: write model kernel_outerloop_0_fifo_w16_d2_S
INFO-FLOW: To file: write model kernel_outerloop_0_fifo_w16_d2_S
INFO-FLOW: To file: write model kernel_outerloop_0_fifo_w16_d2_S
INFO-FLOW: To file: write model kernel_outerloop_0_fifo_w256_d10_A
INFO-FLOW: To file: write model kernel_outerloop_0_fifo_w16_d2_S
INFO-FLOW: To file: write model kernel_outerloop_0_fifo_w16_d2_S
INFO-FLOW: To file: write model kernel_outerloop_0_fifo_w16_d2_S
INFO-FLOW: To file: write model kernel_outerloop_0_fifo_w16_d2_S
INFO-FLOW: To file: write model kernel_outerloop_0_fifo_w16_d2_S
INFO-FLOW: To file: write model kernel_outerloop_0_fifo_w16_d2_S
INFO-FLOW: To file: write model kernel_outerloop_0_fifo_w16_d2_S
INFO-FLOW: To file: write model kernel_outerloop_0_fifo_w16_d2_S
INFO-FLOW: To file: write model kernel_outerloop_0_fifo_w16_d2_S
INFO-FLOW: To file: write model kernel_outerloop_0_fifo_w16_d2_S
INFO-FLOW: To file: write model kernel_outerloop_0_fifo_w256_d10_A
INFO-FLOW: To file: write model kernel_outerloop_0_fifo_w16_d2_S
INFO-FLOW: To file: write model kernel_outerloop_0_fifo_w16_d2_S
INFO-FLOW: To file: write model kernel_outerloop_0_fifo_w16_d2_S
INFO-FLOW: To file: write model kernel_outerloop_0_fifo_w16_d2_S
INFO-FLOW: To file: write model kernel_outerloop_0_fifo_w16_d2_S
INFO-FLOW: To file: write model kernel_outerloop_0_fifo_w16_d2_S
INFO-FLOW: To file: write model kernel_outerloop_0_fifo_w16_d2_S
INFO-FLOW: To file: write model kernel_outerloop_0_fifo_w16_d2_S
INFO-FLOW: To file: write model kernel_outerloop_0_fifo_w16_d2_S
INFO-FLOW: To file: write model kernel_outerloop_0_fifo_w16_d2_S
INFO-FLOW: To file: write model kernel_outerloop_0_fifo_w256_d10_A
INFO-FLOW: To file: write model kernel_outerloop_0_start_for_joint_PE_outerloop_0_U0
INFO-FLOW: To file: write model kernel_outerloop_0_start_for_stream2axis_256u_256u_U0
INFO-FLOW: To file: write model kernel_outerloop_0_start_for_joint_PE_outerloop_0_1_U0
INFO-FLOW: To file: write model kernel_outerloop_0_start_for_joint_PE_outerloop_0_2_U0
INFO-FLOW: To file: write model kernel_outerloop_0_start_for_joint_PE_outerloop_0_3_U0
INFO-FLOW: To file: write model kernel_outerloop_0_start_for_joint_PE_outerloop_0_4_U0
INFO-FLOW: To file: write model kernel_outerloop_0_start_for_joint_PE_outerloop_0_5_U0
INFO-FLOW: To file: write model kernel_outerloop_0_start_for_joint_PE_outerloop_0_6_U0
INFO-FLOW: To file: write model kernel_outerloop_0_start_for_joint_PE_outerloop_0_7_U0
INFO-FLOW: To file: write model kernel_outerloop_0_start_for_joint_PE_outerloop_0_8_U0
INFO-FLOW: To file: write model kernel_outerloop_0_start_for_joint_PE_outerloop_0_9_U0
INFO-FLOW: To file: write model kernel_outerloop_0_start_for_joint_PE_outerloop_0_10_U0
INFO-FLOW: To file: write model kernel_outerloop_0_start_for_joint_PE_outerloop_0_11_U0
INFO-FLOW: To file: write model kernel_outerloop_0_start_for_joint_PE_outerloop_0_12_U0
INFO-FLOW: To file: write model kernel_outerloop_0_start_for_joint_PE_outerloop_0_13_U0
INFO-FLOW: To file: write model kernel_outerloop_0_control_s_axi
INFO-FLOW: To file: write model kernel_outerloop_0_regslice_both
INFO-FLOW: To file: write model kernel_outerloop_0_regslice_both
INFO-FLOW: To file: write model kernel_outerloop_0_regslice_both
INFO-FLOW: To file: write model kernel_outerloop_0_regslice_both
INFO-FLOW: To file: write model kernel_outerloop_0_regslice_both
INFO-FLOW: To file: write model kernel_outerloop_0_regslice_both
INFO-FLOW: To file: write model kernel_outerloop_0_regslice_both
INFO-FLOW: To file: write model kernel_outerloop_0_regslice_both
INFO-FLOW: To file: write model entry_proc
INFO-FLOW: To file: write model axis2stream_256u_256u_Pipeline_VITIS_LOOP_1521_1
INFO-FLOW: To file: write model axis2stream_256u_256u_s
INFO-FLOW: To file: write model kernel_jac3D_kernel_stencil_core
INFO-FLOW: To file: write model stencilRun_Pipeline_VITIS_LOOP_194_1
INFO-FLOW: To file: write model stencilRun
INFO-FLOW: To file: write model joint_PE_outerloop_0
INFO-FLOW: To file: write model joint_PE_outerloop_0_1
INFO-FLOW: To file: write model joint_PE_outerloop_0_2
INFO-FLOW: To file: write model joint_PE_outerloop_0_3
INFO-FLOW: To file: write model joint_PE_outerloop_0_4
INFO-FLOW: To file: write model joint_PE_outerloop_0_5
INFO-FLOW: To file: write model joint_PE_outerloop_0_6
INFO-FLOW: To file: write model joint_PE_outerloop_0_7
INFO-FLOW: To file: write model joint_PE_outerloop_0_8
INFO-FLOW: To file: write model joint_PE_outerloop_0_9
INFO-FLOW: To file: write model joint_PE_outerloop_0_10
INFO-FLOW: To file: write model joint_PE_outerloop_0_11
INFO-FLOW: To file: write model joint_PE_outerloop_0_12
INFO-FLOW: To file: write model joint_PE_outerloop_0_13
INFO-FLOW: To file: write model stream2axis_256u_256u_Pipeline_VITIS_LOOP_1897_1
INFO-FLOW: To file: write model stream2axis_256u_256u_s
INFO-FLOW: To file: write model kernel_outerloop_0_dataflow_region
INFO-FLOW: To file: write model kernel_outerloop_0
INFO-FLOW: Generating /home/x_thileeb/repos/ops-hls-pact25-artifact/codegen_apps/jacobian3d/vck5000_project/hls/build/hw/temp_dir/kernel_outerloop_0/kernel_outerloop_0/kernel_outerloop_0/solution/.autopilot/db/autopilot.rtl.models.tcl file...
INFO-FLOW: Finished generating RTL model list.


INFO-FLOW: RTL Generation done.
INFO-FLOW: CAS Generation done.
INFO-FLOW: CBC Generation done.
INFO-FLOW: DBG:PROC: ::AESL_AUTOMG::auto_generate_csynth_design
Execute         get_top 
Execute         get_config_export -ipname 
INFO-FLOW: DBG:PUTS: read_platform_lib /home/x_thileeb/repos/ops-hls-pact25-artifact/codegen_apps/jacobian3d/vck5000_project/hls/build/hw/temp_dir/kernel_outerloop_0/kernel_outerloop_0/kernel_outerloop_0/solution/.autopilot/db/global.setting.tcl
Execute         source /tools/Xilinx/Vitis_HLS/2022.1/common/technology/generic/autopilot/common.gen 
Execute           source /tools/Xilinx/Vitis_HLS/2022.1/common/technology/generic/autopilot/APCoreGen.gen 
Execute         source /tools/Xilinx/Vitis_HLS/2022.1/common/technology/generic/autopilot/op.gen 
Execute         source /tools/Xilinx/Vitis_HLS/2022.1/common/technology/generic/autopilot/op_simcore.gen 
Execute         source /tools/Xilinx/Vitis_HLS/2022.1/common/technology/generic/autopilot/interface.gen 
Execute         source /home/x_thileeb/repos/ops-hls-pact25-artifact/codegen_apps/jacobian3d/vck5000_project/hls/build/hw/temp_dir/kernel_outerloop_0/kernel_outerloop_0/kernel_outerloop_0/solution/.autopilot/db/global.setting.tcl 
Execute         ap_family_info -name versalprimees1 -data parts 
Execute         source /tools/Xilinx/Vitis_HLS/2022.1/common/technology/xilinx/common/xilinx.gen 
Execute           source /tools/Xilinx/Vitis_HLS/2022.1/common/technology/xilinx/interface/plb46.gen 
Execute           source /tools/Xilinx/Vitis_HLS/2022.1/common/technology/xilinx/interface/axi4.gen 
Execute           source /tools/Xilinx/Vitis_HLS/2022.1/common/technology/xilinx/interface/nativeAXI4.gen 
Execute             source /tools/Xilinx/Vitis_HLS/2022.1/common/technology/xilinx/interface/saxilite.gen 
Execute           source /tools/Xilinx/Vitis_HLS/2022.1/common/technology/xilinx/scripts/xilinxcoregen.gen 
Execute           source /tools/Xilinx/Vitis_HLS/2022.1/common/technology/xilinx/interface/XilEDKCoreGen.gen 
Execute           source /tools/Xilinx/Vitis_HLS/2022.1/common/technology/xilinx/ip/dds_compiler.gen 
Execute           source /tools/Xilinx/Vitis_HLS/2022.1/common/technology/xilinx/ip/xfft.gen 
Execute           source /tools/Xilinx/Vitis_HLS/2022.1/common/technology/xilinx/ip/xfir.gen 
Execute           source /tools/Xilinx/Vitis_HLS/2022.1/common/technology/xilinx/ip/util.gen 
Execute           source /tools/Xilinx/Vitis_HLS/2022.1/common/technology/xilinx/DSP48/dsp48.gen 
INFO-FLOW: DBG:PUTS:   using AESL_AUTOCG::g_clock_period=3.333 (was NA)
INFO-FLOW: DBG:PROC: ::AESL_AUTOMG::generate_ip_cores gen_sim_model='1' gen_fp_models='0' gen_for_export='0' dstSCDir='' dstVhdlDir='/home/x_thileeb/repos/ops-hls-pact25-artifact/codegen_apps/jacobian3d/vck5000_project/hls/build/hw/temp_dir/kernel_outerloop_0/kernel_outerloop_0/kernel_outerloop_0/solution/.autopilot/db/vhdl' dstVlogDir='/home/x_thileeb/repos/ops-hls-pact25-artifact/codegen_apps/jacobian3d/vck5000_project/hls/build/hw/temp_dir/kernel_outerloop_0/kernel_outerloop_0/kernel_outerloop_0/solution/.autopilot/db/vlog' tclDir='/home/x_thileeb/repos/ops-hls-pact25-artifact/codegen_apps/jacobian3d/vck5000_project/hls/build/hw/temp_dir/kernel_outerloop_0/kernel_outerloop_0/kernel_outerloop_0/solution/.autopilot/db' modelList='kernel_outerloop_0_flow_control_loop_pipe_sequential_init
kernel_outerloop_0_fadd_32ns_32ns_32_2_primitive_dsp_0
kernel_outerloop_0_fmul_32ns_32ns_32_3_primitive_dsp_0
kernel_outerloop_0_fmadd_32ns_32ns_32ns_32ns_32_3_primitive_dsp_0
kernel_outerloop_0_flow_control_loop_pipe_sequential_init
kernel_outerloop_0_mul_32s_16ns_32_3_1
kernel_outerloop_0_mul_mul_16ns_16ns_32_4_1
kernel_outerloop_0_mac_muladd_16ns_16ns_1s_16_4_1
kernel_outerloop_0_stencilRun_arg0_buf_p0_1_V_RAM_S2P_URAM_2R1W
kernel_outerloop_0_stencilRun_arg0_buf_r0_1_p1_V_RAM_S2P_BRAM_2R1W
kernel_outerloop_0_flow_control_loop_pipe_sequential_init
kernel_outerloop_0_fifo_w16_d3_S
kernel_outerloop_0_fifo_w16_d3_S
kernel_outerloop_0_fifo_w16_d3_S
kernel_outerloop_0_fifo_w16_d3_S
kernel_outerloop_0_fifo_w16_d3_S
kernel_outerloop_0_fifo_w16_d3_S
kernel_outerloop_0_fifo_w16_d3_S
kernel_outerloop_0_fifo_w16_d3_S
kernel_outerloop_0_fifo_w16_d3_S
kernel_outerloop_0_fifo_w16_d3_S
kernel_outerloop_0_fifo_w256_d10_A
kernel_outerloop_0_fifo_w32_d16_S
kernel_outerloop_0_fifo_w256_d10_A
kernel_outerloop_0_fifo_w16_d2_S
kernel_outerloop_0_fifo_w16_d2_S
kernel_outerloop_0_fifo_w16_d2_S
kernel_outerloop_0_fifo_w16_d2_S
kernel_outerloop_0_fifo_w16_d2_S
kernel_outerloop_0_fifo_w16_d2_S
kernel_outerloop_0_fifo_w16_d2_S
kernel_outerloop_0_fifo_w16_d2_S
kernel_outerloop_0_fifo_w16_d2_S
kernel_outerloop_0_fifo_w16_d2_S
kernel_outerloop_0_fifo_w256_d10_A
kernel_outerloop_0_fifo_w16_d2_S
kernel_outerloop_0_fifo_w16_d2_S
kernel_outerloop_0_fifo_w16_d2_S
kernel_outerloop_0_fifo_w16_d2_S
kernel_outerloop_0_fifo_w16_d2_S
kernel_outerloop_0_fifo_w16_d2_S
kernel_outerloop_0_fifo_w16_d2_S
kernel_outerloop_0_fifo_w16_d2_S
kernel_outerloop_0_fifo_w16_d2_S
kernel_outerloop_0_fifo_w16_d2_S
kernel_outerloop_0_fifo_w256_d10_A
kernel_outerloop_0_fifo_w16_d2_S
kernel_outerloop_0_fifo_w16_d2_S
kernel_outerloop_0_fifo_w16_d2_S
kernel_outerloop_0_fifo_w16_d2_S
kernel_outerloop_0_fifo_w16_d2_S
kernel_outerloop_0_fifo_w16_d2_S
kernel_outerloop_0_fifo_w16_d2_S
kernel_outerloop_0_fifo_w16_d2_S
kernel_outerloop_0_fifo_w16_d2_S
kernel_outerloop_0_fifo_w16_d2_S
kernel_outerloop_0_fifo_w256_d10_A
kernel_outerloop_0_fifo_w16_d2_S
kernel_outerloop_0_fifo_w16_d2_S
kernel_outerloop_0_fifo_w16_d2_S
kernel_outerloop_0_fifo_w16_d2_S
kernel_outerloop_0_fifo_w16_d2_S
kernel_outerloop_0_fifo_w16_d2_S
kernel_outerloop_0_fifo_w16_d2_S
kernel_outerloop_0_fifo_w16_d2_S
kernel_outerloop_0_fifo_w16_d2_S
kernel_outerloop_0_fifo_w16_d2_S
kernel_outerloop_0_fifo_w256_d10_A
kernel_outerloop_0_fifo_w16_d2_S
kernel_outerloop_0_fifo_w16_d2_S
kernel_outerloop_0_fifo_w16_d2_S
kernel_outerloop_0_fifo_w16_d2_S
kernel_outerloop_0_fifo_w16_d2_S
kernel_outerloop_0_fifo_w16_d2_S
kernel_outerloop_0_fifo_w16_d2_S
kernel_outerloop_0_fifo_w16_d2_S
kernel_outerloop_0_fifo_w16_d2_S
kernel_outerloop_0_fifo_w16_d2_S
kernel_outerloop_0_fifo_w256_d10_A
kernel_outerloop_0_fifo_w16_d2_S
kernel_outerloop_0_fifo_w16_d2_S
kernel_outerloop_0_fifo_w16_d2_S
kernel_outerloop_0_fifo_w16_d2_S
kernel_outerloop_0_fifo_w16_d2_S
kernel_outerloop_0_fifo_w16_d2_S
kernel_outerloop_0_fifo_w16_d2_S
kernel_outerloop_0_fifo_w16_d2_S
kernel_outerloop_0_fifo_w16_d2_S
kernel_outerloop_0_fifo_w16_d2_S
kernel_outerloop_0_fifo_w256_d10_A
kernel_outerloop_0_fifo_w16_d2_S
kernel_outerloop_0_fifo_w16_d2_S
kernel_outerloop_0_fifo_w16_d2_S
kernel_outerloop_0_fifo_w16_d2_S
kernel_outerloop_0_fifo_w16_d2_S
kernel_outerloop_0_fifo_w16_d2_S
kernel_outerloop_0_fifo_w16_d2_S
kernel_outerloop_0_fifo_w16_d2_S
kernel_outerloop_0_fifo_w16_d2_S
kernel_outerloop_0_fifo_w16_d2_S
kernel_outerloop_0_fifo_w256_d10_A
kernel_outerloop_0_fifo_w16_d2_S
kernel_outerloop_0_fifo_w16_d2_S
kernel_outerloop_0_fifo_w16_d2_S
kernel_outerloop_0_fifo_w16_d2_S
kernel_outerloop_0_fifo_w16_d2_S
kernel_outerloop_0_fifo_w16_d2_S
kernel_outerloop_0_fifo_w16_d2_S
kernel_outerloop_0_fifo_w16_d2_S
kernel_outerloop_0_fifo_w16_d2_S
kernel_outerloop_0_fifo_w16_d2_S
kernel_outerloop_0_fifo_w256_d10_A
kernel_outerloop_0_fifo_w16_d2_S
kernel_outerloop_0_fifo_w16_d2_S
kernel_outerloop_0_fifo_w16_d2_S
kernel_outerloop_0_fifo_w16_d2_S
kernel_outerloop_0_fifo_w16_d2_S
kernel_outerloop_0_fifo_w16_d2_S
kernel_outerloop_0_fifo_w16_d2_S
kernel_outerloop_0_fifo_w16_d2_S
kernel_outerloop_0_fifo_w16_d2_S
kernel_outerloop_0_fifo_w16_d2_S
kernel_outerloop_0_fifo_w256_d10_A
kernel_outerloop_0_fifo_w16_d2_S
kernel_outerloop_0_fifo_w16_d2_S
kernel_outerloop_0_fifo_w16_d2_S
kernel_outerloop_0_fifo_w16_d2_S
kernel_outerloop_0_fifo_w16_d2_S
kernel_outerloop_0_fifo_w16_d2_S
kernel_outerloop_0_fifo_w16_d2_S
kernel_outerloop_0_fifo_w16_d2_S
kernel_outerloop_0_fifo_w16_d2_S
kernel_outerloop_0_fifo_w16_d2_S
kernel_outerloop_0_fifo_w256_d10_A
kernel_outerloop_0_fifo_w16_d2_S
kernel_outerloop_0_fifo_w16_d2_S
kernel_outerloop_0_fifo_w16_d2_S
kernel_outerloop_0_fifo_w16_d2_S
kernel_outerloop_0_fifo_w16_d2_S
kernel_outerloop_0_fifo_w16_d2_S
kernel_outerloop_0_fifo_w16_d2_S
kernel_outerloop_0_fifo_w16_d2_S
kernel_outerloop_0_fifo_w16_d2_S
kernel_outerloop_0_fifo_w16_d2_S
kernel_outerloop_0_fifo_w256_d10_A
kernel_outerloop_0_fifo_w16_d2_S
kernel_outerloop_0_fifo_w16_d2_S
kernel_outerloop_0_fifo_w16_d2_S
kernel_outerloop_0_fifo_w16_d2_S
kernel_outerloop_0_fifo_w16_d2_S
kernel_outerloop_0_fifo_w16_d2_S
kernel_outerloop_0_fifo_w16_d2_S
kernel_outerloop_0_fifo_w16_d2_S
kernel_outerloop_0_fifo_w16_d2_S
kernel_outerloop_0_fifo_w16_d2_S
kernel_outerloop_0_fifo_w256_d10_A
kernel_outerloop_0_fifo_w16_d2_S
kernel_outerloop_0_fifo_w16_d2_S
kernel_outerloop_0_fifo_w16_d2_S
kernel_outerloop_0_fifo_w16_d2_S
kernel_outerloop_0_fifo_w16_d2_S
kernel_outerloop_0_fifo_w16_d2_S
kernel_outerloop_0_fifo_w16_d2_S
kernel_outerloop_0_fifo_w16_d2_S
kernel_outerloop_0_fifo_w16_d2_S
kernel_outerloop_0_fifo_w16_d2_S
kernel_outerloop_0_fifo_w256_d10_A
kernel_outerloop_0_start_for_joint_PE_outerloop_0_U0
kernel_outerloop_0_start_for_stream2axis_256u_256u_U0
kernel_outerloop_0_start_for_joint_PE_outerloop_0_1_U0
kernel_outerloop_0_start_for_joint_PE_outerloop_0_2_U0
kernel_outerloop_0_start_for_joint_PE_outerloop_0_3_U0
kernel_outerloop_0_start_for_joint_PE_outerloop_0_4_U0
kernel_outerloop_0_start_for_joint_PE_outerloop_0_5_U0
kernel_outerloop_0_start_for_joint_PE_outerloop_0_6_U0
kernel_outerloop_0_start_for_joint_PE_outerloop_0_7_U0
kernel_outerloop_0_start_for_joint_PE_outerloop_0_8_U0
kernel_outerloop_0_start_for_joint_PE_outerloop_0_9_U0
kernel_outerloop_0_start_for_joint_PE_outerloop_0_10_U0
kernel_outerloop_0_start_for_joint_PE_outerloop_0_11_U0
kernel_outerloop_0_start_for_joint_PE_outerloop_0_12_U0
kernel_outerloop_0_start_for_joint_PE_outerloop_0_13_U0
kernel_outerloop_0_control_s_axi
kernel_outerloop_0_regslice_both
kernel_outerloop_0_regslice_both
kernel_outerloop_0_regslice_both
kernel_outerloop_0_regslice_both
kernel_outerloop_0_regslice_both
kernel_outerloop_0_regslice_both
kernel_outerloop_0_regslice_both
kernel_outerloop_0_regslice_both
entry_proc
axis2stream_256u_256u_Pipeline_VITIS_LOOP_1521_1
axis2stream_256u_256u_s
kernel_jac3D_kernel_stencil_core
stencilRun_Pipeline_VITIS_LOOP_194_1
stencilRun
joint_PE_outerloop_0
joint_PE_outerloop_0_1
joint_PE_outerloop_0_2
joint_PE_outerloop_0_3
joint_PE_outerloop_0_4
joint_PE_outerloop_0_5
joint_PE_outerloop_0_6
joint_PE_outerloop_0_7
joint_PE_outerloop_0_8
joint_PE_outerloop_0_9
joint_PE_outerloop_0_10
joint_PE_outerloop_0_11
joint_PE_outerloop_0_12
joint_PE_outerloop_0_13
stream2axis_256u_256u_Pipeline_VITIS_LOOP_1897_1
stream2axis_256u_256u_s
kernel_outerloop_0_dataflow_region
kernel_outerloop_0
' expOnly='0'
Execute         source /home/x_thileeb/repos/ops-hls-pact25-artifact/codegen_apps/jacobian3d/vck5000_project/hls/build/hw/temp_dir/kernel_outerloop_0/kernel_outerloop_0/kernel_outerloop_0/solution/.autopilot/db/global.setting.tcl 
Execute         ap_part_info -name xcvc1902-vsvd1760-2MP-e-S -data names -quiet 
Execute         ap_part_info -name xcvc1902-vsvd1760-2MP-e-S -data info -quiet 
Execute         source /home/x_thileeb/repos/ops-hls-pact25-artifact/codegen_apps/jacobian3d/vck5000_project/hls/build/hw/temp_dir/kernel_outerloop_0/kernel_outerloop_0/kernel_outerloop_0/solution/.autopilot/db/global.setting.tcl 
Execute         source /home/x_thileeb/repos/ops-hls-pact25-artifact/codegen_apps/jacobian3d/vck5000_project/hls/build/hw/temp_dir/kernel_outerloop_0/kernel_outerloop_0/kernel_outerloop_0/solution/.autopilot/db/global.setting.tcl 
Execute         source /home/x_thileeb/repos/ops-hls-pact25-artifact/codegen_apps/jacobian3d/vck5000_project/hls/build/hw/temp_dir/kernel_outerloop_0/kernel_outerloop_0/kernel_outerloop_0/solution/.autopilot/db/entry_proc.compgen.tcl 
Execute         source /home/x_thileeb/repos/ops-hls-pact25-artifact/codegen_apps/jacobian3d/vck5000_project/hls/build/hw/temp_dir/kernel_outerloop_0/kernel_outerloop_0/kernel_outerloop_0/solution/.autopilot/db/axis2stream_256u_256u_Pipeline_VITIS_LOOP_1521_1.compgen.tcl 
Execute         source /home/x_thileeb/repos/ops-hls-pact25-artifact/codegen_apps/jacobian3d/vck5000_project/hls/build/hw/temp_dir/kernel_outerloop_0/kernel_outerloop_0/kernel_outerloop_0/solution/.autopilot/db/axis2stream_256u_256u_s.compgen.tcl 
Execute         source /home/x_thileeb/repos/ops-hls-pact25-artifact/codegen_apps/jacobian3d/vck5000_project/hls/build/hw/temp_dir/kernel_outerloop_0/kernel_outerloop_0/kernel_outerloop_0/solution/.autopilot/db/kernel_jac3D_kernel_stencil_core.compgen.tcl 
Execute         source /home/x_thileeb/repos/ops-hls-pact25-artifact/codegen_apps/jacobian3d/vck5000_project/hls/build/hw/temp_dir/kernel_outerloop_0/kernel_outerloop_0/kernel_outerloop_0/solution/.autopilot/db/stencilRun_Pipeline_VITIS_LOOP_194_1.compgen.tcl 
Execute         source /home/x_thileeb/repos/ops-hls-pact25-artifact/codegen_apps/jacobian3d/vck5000_project/hls/build/hw/temp_dir/kernel_outerloop_0/kernel_outerloop_0/kernel_outerloop_0/solution/.autopilot/db/stencilRun.compgen.tcl 
Execute           ap_part_info -name xcvc1902-vsvd1760-2MP-e-S -data names -quiet 
Execute           ap_part_info -name xcvc1902-vsvd1760-2MP-e-S -data info -quiet 
Execute           ap_part_info -name xcvc1902-vsvd1760-2MP-e-S -data names -quiet 
Execute           ap_part_info -name xcvc1902-vsvd1760-2MP-e-S -data info -quiet 
Execute           ap_part_info -name xcvc1902-vsvd1760-2MP-e-S -data info 
INFO: [RTMG 210-278] Implementing memory 'kernel_outerloop_0_stencilRun_arg0_buf_p0_1_V_RAM_S2P_URAM_2R1W_ram (RAM_S2P_URAM)' using ultra RAMs.
Execute           ap_part_info -name xcvc1902-vsvd1760-2MP-e-S -data names -quiet 
Execute           ap_part_info -name xcvc1902-vsvd1760-2MP-e-S -data info -quiet 
INFO: [RTMG 210-278] Implementing memory 'kernel_outerloop_0_stencilRun_arg0_buf_r0_1_p1_V_RAM_S2P_BRAM_2R1W_ram (RAM_S2P_BRAM)' using block RAMs.
Execute           ap_part_info -name xcvc1902-vsvd1760-2MP-e-S -data names -quiet 
Execute           ap_part_info -name xcvc1902-vsvd1760-2MP-e-S -data info -quiet 
Command         ap_source done; 0.18 sec.
Execute         source /home/x_thileeb/repos/ops-hls-pact25-artifact/codegen_apps/jacobian3d/vck5000_project/hls/build/hw/temp_dir/kernel_outerloop_0/kernel_outerloop_0/kernel_outerloop_0/solution/.autopilot/db/joint_PE_outerloop_0.compgen.tcl 
Execute         source /home/x_thileeb/repos/ops-hls-pact25-artifact/codegen_apps/jacobian3d/vck5000_project/hls/build/hw/temp_dir/kernel_outerloop_0/kernel_outerloop_0/kernel_outerloop_0/solution/.autopilot/db/joint_PE_outerloop_0_1.compgen.tcl 
Execute         source /home/x_thileeb/repos/ops-hls-pact25-artifact/codegen_apps/jacobian3d/vck5000_project/hls/build/hw/temp_dir/kernel_outerloop_0/kernel_outerloop_0/kernel_outerloop_0/solution/.autopilot/db/joint_PE_outerloop_0_2.compgen.tcl 
Execute         source /home/x_thileeb/repos/ops-hls-pact25-artifact/codegen_apps/jacobian3d/vck5000_project/hls/build/hw/temp_dir/kernel_outerloop_0/kernel_outerloop_0/kernel_outerloop_0/solution/.autopilot/db/joint_PE_outerloop_0_3.compgen.tcl 
Execute         source /home/x_thileeb/repos/ops-hls-pact25-artifact/codegen_apps/jacobian3d/vck5000_project/hls/build/hw/temp_dir/kernel_outerloop_0/kernel_outerloop_0/kernel_outerloop_0/solution/.autopilot/db/joint_PE_outerloop_0_4.compgen.tcl 
Execute         source /home/x_thileeb/repos/ops-hls-pact25-artifact/codegen_apps/jacobian3d/vck5000_project/hls/build/hw/temp_dir/kernel_outerloop_0/kernel_outerloop_0/kernel_outerloop_0/solution/.autopilot/db/joint_PE_outerloop_0_5.compgen.tcl 
Execute         source /home/x_thileeb/repos/ops-hls-pact25-artifact/codegen_apps/jacobian3d/vck5000_project/hls/build/hw/temp_dir/kernel_outerloop_0/kernel_outerloop_0/kernel_outerloop_0/solution/.autopilot/db/joint_PE_outerloop_0_6.compgen.tcl 
Execute         source /home/x_thileeb/repos/ops-hls-pact25-artifact/codegen_apps/jacobian3d/vck5000_project/hls/build/hw/temp_dir/kernel_outerloop_0/kernel_outerloop_0/kernel_outerloop_0/solution/.autopilot/db/joint_PE_outerloop_0_7.compgen.tcl 
Execute         source /home/x_thileeb/repos/ops-hls-pact25-artifact/codegen_apps/jacobian3d/vck5000_project/hls/build/hw/temp_dir/kernel_outerloop_0/kernel_outerloop_0/kernel_outerloop_0/solution/.autopilot/db/joint_PE_outerloop_0_8.compgen.tcl 
Execute         source /home/x_thileeb/repos/ops-hls-pact25-artifact/codegen_apps/jacobian3d/vck5000_project/hls/build/hw/temp_dir/kernel_outerloop_0/kernel_outerloop_0/kernel_outerloop_0/solution/.autopilot/db/joint_PE_outerloop_0_9.compgen.tcl 
Execute         source /home/x_thileeb/repos/ops-hls-pact25-artifact/codegen_apps/jacobian3d/vck5000_project/hls/build/hw/temp_dir/kernel_outerloop_0/kernel_outerloop_0/kernel_outerloop_0/solution/.autopilot/db/joint_PE_outerloop_0_10.compgen.tcl 
Execute         source /home/x_thileeb/repos/ops-hls-pact25-artifact/codegen_apps/jacobian3d/vck5000_project/hls/build/hw/temp_dir/kernel_outerloop_0/kernel_outerloop_0/kernel_outerloop_0/solution/.autopilot/db/joint_PE_outerloop_0_11.compgen.tcl 
Execute         source /home/x_thileeb/repos/ops-hls-pact25-artifact/codegen_apps/jacobian3d/vck5000_project/hls/build/hw/temp_dir/kernel_outerloop_0/kernel_outerloop_0/kernel_outerloop_0/solution/.autopilot/db/joint_PE_outerloop_0_12.compgen.tcl 
Execute         source /home/x_thileeb/repos/ops-hls-pact25-artifact/codegen_apps/jacobian3d/vck5000_project/hls/build/hw/temp_dir/kernel_outerloop_0/kernel_outerloop_0/kernel_outerloop_0/solution/.autopilot/db/joint_PE_outerloop_0_13.compgen.tcl 
Execute         source /home/x_thileeb/repos/ops-hls-pact25-artifact/codegen_apps/jacobian3d/vck5000_project/hls/build/hw/temp_dir/kernel_outerloop_0/kernel_outerloop_0/kernel_outerloop_0/solution/.autopilot/db/stream2axis_256u_256u_Pipeline_VITIS_LOOP_1897_1.compgen.tcl 
Execute         source /home/x_thileeb/repos/ops-hls-pact25-artifact/codegen_apps/jacobian3d/vck5000_project/hls/build/hw/temp_dir/kernel_outerloop_0/kernel_outerloop_0/kernel_outerloop_0/solution/.autopilot/db/stream2axis_256u_256u_s.compgen.tcl 
Execute         source /home/x_thileeb/repos/ops-hls-pact25-artifact/codegen_apps/jacobian3d/vck5000_project/hls/build/hw/temp_dir/kernel_outerloop_0/kernel_outerloop_0/kernel_outerloop_0/solution/.autopilot/db/kernel_outerloop_0_dataflow_region.compgen.tcl 
Execute           ap_part_info -name xcvc1902-vsvd1760-2MP-e-S -data names -quiet 
Execute           ap_part_info -name xcvc1902-vsvd1760-2MP-e-S -data info -quiet 
INFO: [RTMG 210-285] Implementing FIFO 'stencilConfig_grid_size_0_c47_U(kernel_outerloop_0_fifo_w16_d3_S)' using Shift Registers.
Execute           ap_part_info -name xcvc1902-vsvd1760-2MP-e-S -data names -quiet 
Execute           ap_part_info -name xcvc1902-vsvd1760-2MP-e-S -data info -quiet 
INFO: [RTMG 210-285] Implementing FIFO 'stencilConfig_grid_size_1_c60_U(kernel_outerloop_0_fifo_w16_d3_S)' using Shift Registers.
Execute           ap_part_info -name xcvc1902-vsvd1760-2MP-e-S -data names -quiet 
Execute           ap_part_info -name xcvc1902-vsvd1760-2MP-e-S -data info -quiet 
INFO: [RTMG 210-285] Implementing FIFO 'stencilConfig_grid_size_2_c73_U(kernel_outerloop_0_fifo_w16_d3_S)' using Shift Registers.
Execute           ap_part_info -name xcvc1902-vsvd1760-2MP-e-S -data names -quiet 
Execute           ap_part_info -name xcvc1902-vsvd1760-2MP-e-S -data info -quiet 
INFO: [RTMG 210-285] Implementing FIFO 'stencilConfig_lower_limit_0_c86_U(kernel_outerloop_0_fifo_w16_d3_S)' using Shift Registers.
Execute           ap_part_info -name xcvc1902-vsvd1760-2MP-e-S -data names -quiet 
Execute           ap_part_info -name xcvc1902-vsvd1760-2MP-e-S -data info -quiet 
INFO: [RTMG 210-285] Implementing FIFO 'stencilConfig_lower_limit_1_c99_U(kernel_outerloop_0_fifo_w16_d3_S)' using Shift Registers.
Execute           ap_part_info -name xcvc1902-vsvd1760-2MP-e-S -data names -quiet 
Execute           ap_part_info -name xcvc1902-vsvd1760-2MP-e-S -data info -quiet 
INFO: [RTMG 210-285] Implementing FIFO 'stencilConfig_lower_limit_2_c112_U(kernel_outerloop_0_fifo_w16_d3_S)' using Shift Registers.
Execute           ap_part_info -name xcvc1902-vsvd1760-2MP-e-S -data names -quiet 
Execute           ap_part_info -name xcvc1902-vsvd1760-2MP-e-S -data info -quiet 
INFO: [RTMG 210-285] Implementing FIFO 'stencilConfig_upper_limit_0_c125_U(kernel_outerloop_0_fifo_w16_d3_S)' using Shift Registers.
Execute           ap_part_info -name xcvc1902-vsvd1760-2MP-e-S -data names -quiet 
Execute           ap_part_info -name xcvc1902-vsvd1760-2MP-e-S -data info -quiet 
INFO: [RTMG 210-285] Implementing FIFO 'stencilConfig_upper_limit_1_c138_U(kernel_outerloop_0_fifo_w16_d3_S)' using Shift Registers.
Execute           ap_part_info -name xcvc1902-vsvd1760-2MP-e-S -data names -quiet 
Execute           ap_part_info -name xcvc1902-vsvd1760-2MP-e-S -data info -quiet 
INFO: [RTMG 210-285] Implementing FIFO 'stencilConfig_upper_limit_2_c151_U(kernel_outerloop_0_fifo_w16_d3_S)' using Shift Registers.
Execute           ap_part_info -name xcvc1902-vsvd1760-2MP-e-S -data names -quiet 
Execute           ap_part_info -name xcvc1902-vsvd1760-2MP-e-S -data info -quiet 
INFO: [RTMG 210-285] Implementing FIFO 'stencilConfig_outer_loop_limit_c164_U(kernel_outerloop_0_fifo_w16_d3_S)' using Shift Registers.
Execute           ap_part_info -name xcvc1902-vsvd1760-2MP-e-S -data names -quiet 
Execute           ap_part_info -name xcvc1902-vsvd1760-2MP-e-S -data info -quiet 
INFO: [RTMG 210-285] Implementing FIFO 'arg0_arg1_streams_0_U(kernel_outerloop_0_fifo_w256_d10_A)' using Vivado Default RAMs.
Execute           ap_part_info -name xcvc1902-vsvd1760-2MP-e-S -data names -quiet 
Execute           ap_part_info -name xcvc1902-vsvd1760-2MP-e-S -data info -quiet 
INFO: [RTMG 210-285] Implementing FIFO 'total_bytes_c_U(kernel_outerloop_0_fifo_w32_d16_S)' using Shift Registers.
Execute           ap_part_info -name xcvc1902-vsvd1760-2MP-e-S -data names -quiet 
Execute           ap_part_info -name xcvc1902-vsvd1760-2MP-e-S -data info -quiet 
INFO: [RTMG 210-285] Implementing FIFO 'arg0_arg1_streams_1_U(kernel_outerloop_0_fifo_w256_d10_A)' using Vivado Default RAMs.
Execute           ap_part_info -name xcvc1902-vsvd1760-2MP-e-S -data names -quiet 
Execute           ap_part_info -name xcvc1902-vsvd1760-2MP-e-S -data info -quiet 
INFO: [RTMG 210-285] Implementing FIFO 'stencilConfig_grid_size_0_c46_U(kernel_outerloop_0_fifo_w16_d2_S)' using Shift Registers.
Execute           ap_part_info -name xcvc1902-vsvd1760-2MP-e-S -data names -quiet 
Execute           ap_part_info -name xcvc1902-vsvd1760-2MP-e-S -data info -quiet 
INFO: [RTMG 210-285] Implementing FIFO 'stencilConfig_grid_size_1_c59_U(kernel_outerloop_0_fifo_w16_d2_S)' using Shift Registers.
Execute           ap_part_info -name xcvc1902-vsvd1760-2MP-e-S -data names -quiet 
Execute           ap_part_info -name xcvc1902-vsvd1760-2MP-e-S -data info -quiet 
INFO: [RTMG 210-285] Implementing FIFO 'stencilConfig_grid_size_2_c72_U(kernel_outerloop_0_fifo_w16_d2_S)' using Shift Registers.
Execute           ap_part_info -name xcvc1902-vsvd1760-2MP-e-S -data names -quiet 
Execute           ap_part_info -name xcvc1902-vsvd1760-2MP-e-S -data info -quiet 
INFO: [RTMG 210-285] Implementing FIFO 'stencilConfig_lower_limit_0_c85_U(kernel_outerloop_0_fifo_w16_d2_S)' using Shift Registers.
Execute           ap_part_info -name xcvc1902-vsvd1760-2MP-e-S -data names -quiet 
Execute           ap_part_info -name xcvc1902-vsvd1760-2MP-e-S -data info -quiet 
INFO: [RTMG 210-285] Implementing FIFO 'stencilConfig_lower_limit_1_c98_U(kernel_outerloop_0_fifo_w16_d2_S)' using Shift Registers.
Execute           ap_part_info -name xcvc1902-vsvd1760-2MP-e-S -data names -quiet 
Execute           ap_part_info -name xcvc1902-vsvd1760-2MP-e-S -data info -quiet 
INFO: [RTMG 210-285] Implementing FIFO 'stencilConfig_lower_limit_2_c111_U(kernel_outerloop_0_fifo_w16_d2_S)' using Shift Registers.
Execute           ap_part_info -name xcvc1902-vsvd1760-2MP-e-S -data names -quiet 
Execute           ap_part_info -name xcvc1902-vsvd1760-2MP-e-S -data info -quiet 
INFO: [RTMG 210-285] Implementing FIFO 'stencilConfig_upper_limit_0_c124_U(kernel_outerloop_0_fifo_w16_d2_S)' using Shift Registers.
Execute           ap_part_info -name xcvc1902-vsvd1760-2MP-e-S -data names -quiet 
Execute           ap_part_info -name xcvc1902-vsvd1760-2MP-e-S -data info -quiet 
INFO: [RTMG 210-285] Implementing FIFO 'stencilConfig_upper_limit_1_c137_U(kernel_outerloop_0_fifo_w16_d2_S)' using Shift Registers.
Execute           ap_part_info -name xcvc1902-vsvd1760-2MP-e-S -data names -quiet 
Execute           ap_part_info -name xcvc1902-vsvd1760-2MP-e-S -data info -quiet 
INFO: [RTMG 210-285] Implementing FIFO 'stencilConfig_upper_limit_2_c150_U(kernel_outerloop_0_fifo_w16_d2_S)' using Shift Registers.
Execute           ap_part_info -name xcvc1902-vsvd1760-2MP-e-S -data names -quiet 
Execute           ap_part_info -name xcvc1902-vsvd1760-2MP-e-S -data info -quiet 
INFO: [RTMG 210-285] Implementing FIFO 'stencilConfig_outer_loop_limit_c163_U(kernel_outerloop_0_fifo_w16_d2_S)' using Shift Registers.
Execute           ap_part_info -name xcvc1902-vsvd1760-2MP-e-S -data names -quiet 
Execute           ap_part_info -name xcvc1902-vsvd1760-2MP-e-S -data info -quiet 
INFO: [RTMG 210-285] Implementing FIFO 'arg0_arg1_streams_2_U(kernel_outerloop_0_fifo_w256_d10_A)' using Vivado Default RAMs.
Execute           ap_part_info -name xcvc1902-vsvd1760-2MP-e-S -data names -quiet 
Execute           ap_part_info -name xcvc1902-vsvd1760-2MP-e-S -data info -quiet 
INFO: [RTMG 210-285] Implementing FIFO 'stencilConfig_grid_size_0_c45_U(kernel_outerloop_0_fifo_w16_d2_S)' using Shift Registers.
Execute           ap_part_info -name xcvc1902-vsvd1760-2MP-e-S -data names -quiet 
Execute           ap_part_info -name xcvc1902-vsvd1760-2MP-e-S -data info -quiet 
INFO: [RTMG 210-285] Implementing FIFO 'stencilConfig_grid_size_1_c58_U(kernel_outerloop_0_fifo_w16_d2_S)' using Shift Registers.
Execute           ap_part_info -name xcvc1902-vsvd1760-2MP-e-S -data names -quiet 
Execute           ap_part_info -name xcvc1902-vsvd1760-2MP-e-S -data info -quiet 
INFO: [RTMG 210-285] Implementing FIFO 'stencilConfig_grid_size_2_c71_U(kernel_outerloop_0_fifo_w16_d2_S)' using Shift Registers.
Execute           ap_part_info -name xcvc1902-vsvd1760-2MP-e-S -data names -quiet 
Execute           ap_part_info -name xcvc1902-vsvd1760-2MP-e-S -data info -quiet 
INFO: [RTMG 210-285] Implementing FIFO 'stencilConfig_lower_limit_0_c84_U(kernel_outerloop_0_fifo_w16_d2_S)' using Shift Registers.
Execute           ap_part_info -name xcvc1902-vsvd1760-2MP-e-S -data names -quiet 
Execute           ap_part_info -name xcvc1902-vsvd1760-2MP-e-S -data info -quiet 
INFO: [RTMG 210-285] Implementing FIFO 'stencilConfig_lower_limit_1_c97_U(kernel_outerloop_0_fifo_w16_d2_S)' using Shift Registers.
Execute           ap_part_info -name xcvc1902-vsvd1760-2MP-e-S -data names -quiet 
Execute           ap_part_info -name xcvc1902-vsvd1760-2MP-e-S -data info -quiet 
INFO: [RTMG 210-285] Implementing FIFO 'stencilConfig_lower_limit_2_c110_U(kernel_outerloop_0_fifo_w16_d2_S)' using Shift Registers.
Execute           ap_part_info -name xcvc1902-vsvd1760-2MP-e-S -data names -quiet 
Execute           ap_part_info -name xcvc1902-vsvd1760-2MP-e-S -data info -quiet 
INFO: [RTMG 210-285] Implementing FIFO 'stencilConfig_upper_limit_0_c123_U(kernel_outerloop_0_fifo_w16_d2_S)' using Shift Registers.
Execute           ap_part_info -name xcvc1902-vsvd1760-2MP-e-S -data names -quiet 
Execute           ap_part_info -name xcvc1902-vsvd1760-2MP-e-S -data info -quiet 
INFO: [RTMG 210-285] Implementing FIFO 'stencilConfig_upper_limit_1_c136_U(kernel_outerloop_0_fifo_w16_d2_S)' using Shift Registers.
Execute           ap_part_info -name xcvc1902-vsvd1760-2MP-e-S -data names -quiet 
Execute           ap_part_info -name xcvc1902-vsvd1760-2MP-e-S -data info -quiet 
INFO: [RTMG 210-285] Implementing FIFO 'stencilConfig_upper_limit_2_c149_U(kernel_outerloop_0_fifo_w16_d2_S)' using Shift Registers.
Execute           ap_part_info -name xcvc1902-vsvd1760-2MP-e-S -data names -quiet 
Execute           ap_part_info -name xcvc1902-vsvd1760-2MP-e-S -data info -quiet 
INFO: [RTMG 210-285] Implementing FIFO 'stencilConfig_outer_loop_limit_c162_U(kernel_outerloop_0_fifo_w16_d2_S)' using Shift Registers.
Execute           ap_part_info -name xcvc1902-vsvd1760-2MP-e-S -data names -quiet 
Execute           ap_part_info -name xcvc1902-vsvd1760-2MP-e-S -data info -quiet 
INFO: [RTMG 210-285] Implementing FIFO 'arg0_arg1_streams_3_U(kernel_outerloop_0_fifo_w256_d10_A)' using Vivado Default RAMs.
Execute           ap_part_info -name xcvc1902-vsvd1760-2MP-e-S -data names -quiet 
Execute           ap_part_info -name xcvc1902-vsvd1760-2MP-e-S -data info -quiet 
INFO: [RTMG 210-285] Implementing FIFO 'stencilConfig_grid_size_0_c44_U(kernel_outerloop_0_fifo_w16_d2_S)' using Shift Registers.
Execute           ap_part_info -name xcvc1902-vsvd1760-2MP-e-S -data names -quiet 
Execute           ap_part_info -name xcvc1902-vsvd1760-2MP-e-S -data info -quiet 
INFO: [RTMG 210-285] Implementing FIFO 'stencilConfig_grid_size_1_c57_U(kernel_outerloop_0_fifo_w16_d2_S)' using Shift Registers.
Execute           ap_part_info -name xcvc1902-vsvd1760-2MP-e-S -data names -quiet 
Execute           ap_part_info -name xcvc1902-vsvd1760-2MP-e-S -data info -quiet 
INFO: [RTMG 210-285] Implementing FIFO 'stencilConfig_grid_size_2_c70_U(kernel_outerloop_0_fifo_w16_d2_S)' using Shift Registers.
Execute           ap_part_info -name xcvc1902-vsvd1760-2MP-e-S -data names -quiet 
Execute           ap_part_info -name xcvc1902-vsvd1760-2MP-e-S -data info -quiet 
INFO: [RTMG 210-285] Implementing FIFO 'stencilConfig_lower_limit_0_c83_U(kernel_outerloop_0_fifo_w16_d2_S)' using Shift Registers.
Execute           ap_part_info -name xcvc1902-vsvd1760-2MP-e-S -data names -quiet 
Execute           ap_part_info -name xcvc1902-vsvd1760-2MP-e-S -data info -quiet 
INFO: [RTMG 210-285] Implementing FIFO 'stencilConfig_lower_limit_1_c96_U(kernel_outerloop_0_fifo_w16_d2_S)' using Shift Registers.
Execute           ap_part_info -name xcvc1902-vsvd1760-2MP-e-S -data names -quiet 
Execute           ap_part_info -name xcvc1902-vsvd1760-2MP-e-S -data info -quiet 
INFO: [RTMG 210-285] Implementing FIFO 'stencilConfig_lower_limit_2_c109_U(kernel_outerloop_0_fifo_w16_d2_S)' using Shift Registers.
Execute           ap_part_info -name xcvc1902-vsvd1760-2MP-e-S -data names -quiet 
Execute           ap_part_info -name xcvc1902-vsvd1760-2MP-e-S -data info -quiet 
INFO: [RTMG 210-285] Implementing FIFO 'stencilConfig_upper_limit_0_c122_U(kernel_outerloop_0_fifo_w16_d2_S)' using Shift Registers.
Execute           ap_part_info -name xcvc1902-vsvd1760-2MP-e-S -data names -quiet 
Execute           ap_part_info -name xcvc1902-vsvd1760-2MP-e-S -data info -quiet 
INFO: [RTMG 210-285] Implementing FIFO 'stencilConfig_upper_limit_1_c135_U(kernel_outerloop_0_fifo_w16_d2_S)' using Shift Registers.
Execute           ap_part_info -name xcvc1902-vsvd1760-2MP-e-S -data names -quiet 
Execute           ap_part_info -name xcvc1902-vsvd1760-2MP-e-S -data info -quiet 
INFO: [RTMG 210-285] Implementing FIFO 'stencilConfig_upper_limit_2_c148_U(kernel_outerloop_0_fifo_w16_d2_S)' using Shift Registers.
Execute           ap_part_info -name xcvc1902-vsvd1760-2MP-e-S -data names -quiet 
Execute           ap_part_info -name xcvc1902-vsvd1760-2MP-e-S -data info -quiet 
INFO: [RTMG 210-285] Implementing FIFO 'stencilConfig_outer_loop_limit_c161_U(kernel_outerloop_0_fifo_w16_d2_S)' using Shift Registers.
Execute           ap_part_info -name xcvc1902-vsvd1760-2MP-e-S -data names -quiet 
Execute           ap_part_info -name xcvc1902-vsvd1760-2MP-e-S -data info -quiet 
INFO: [RTMG 210-285] Implementing FIFO 'arg0_arg1_streams_4_U(kernel_outerloop_0_fifo_w256_d10_A)' using Vivado Default RAMs.
Execute           ap_part_info -name xcvc1902-vsvd1760-2MP-e-S -data names -quiet 
Execute           ap_part_info -name xcvc1902-vsvd1760-2MP-e-S -data info -quiet 
INFO: [RTMG 210-285] Implementing FIFO 'stencilConfig_grid_size_0_c43_U(kernel_outerloop_0_fifo_w16_d2_S)' using Shift Registers.
Execute           ap_part_info -name xcvc1902-vsvd1760-2MP-e-S -data names -quiet 
Execute           ap_part_info -name xcvc1902-vsvd1760-2MP-e-S -data info -quiet 
INFO: [RTMG 210-285] Implementing FIFO 'stencilConfig_grid_size_1_c56_U(kernel_outerloop_0_fifo_w16_d2_S)' using Shift Registers.
Execute           ap_part_info -name xcvc1902-vsvd1760-2MP-e-S -data names -quiet 
Execute           ap_part_info -name xcvc1902-vsvd1760-2MP-e-S -data info -quiet 
INFO: [RTMG 210-285] Implementing FIFO 'stencilConfig_grid_size_2_c69_U(kernel_outerloop_0_fifo_w16_d2_S)' using Shift Registers.
Execute           ap_part_info -name xcvc1902-vsvd1760-2MP-e-S -data names -quiet 
Execute           ap_part_info -name xcvc1902-vsvd1760-2MP-e-S -data info -quiet 
INFO: [RTMG 210-285] Implementing FIFO 'stencilConfig_lower_limit_0_c82_U(kernel_outerloop_0_fifo_w16_d2_S)' using Shift Registers.
Execute           ap_part_info -name xcvc1902-vsvd1760-2MP-e-S -data names -quiet 
Execute           ap_part_info -name xcvc1902-vsvd1760-2MP-e-S -data info -quiet 
INFO: [RTMG 210-285] Implementing FIFO 'stencilConfig_lower_limit_1_c95_U(kernel_outerloop_0_fifo_w16_d2_S)' using Shift Registers.
Execute           ap_part_info -name xcvc1902-vsvd1760-2MP-e-S -data names -quiet 
Execute           ap_part_info -name xcvc1902-vsvd1760-2MP-e-S -data info -quiet 
INFO: [RTMG 210-285] Implementing FIFO 'stencilConfig_lower_limit_2_c108_U(kernel_outerloop_0_fifo_w16_d2_S)' using Shift Registers.
Execute           ap_part_info -name xcvc1902-vsvd1760-2MP-e-S -data names -quiet 
Execute           ap_part_info -name xcvc1902-vsvd1760-2MP-e-S -data info -quiet 
INFO: [RTMG 210-285] Implementing FIFO 'stencilConfig_upper_limit_0_c121_U(kernel_outerloop_0_fifo_w16_d2_S)' using Shift Registers.
Execute           ap_part_info -name xcvc1902-vsvd1760-2MP-e-S -data names -quiet 
Execute           ap_part_info -name xcvc1902-vsvd1760-2MP-e-S -data info -quiet 
INFO: [RTMG 210-285] Implementing FIFO 'stencilConfig_upper_limit_1_c134_U(kernel_outerloop_0_fifo_w16_d2_S)' using Shift Registers.
Execute           ap_part_info -name xcvc1902-vsvd1760-2MP-e-S -data names -quiet 
Execute           ap_part_info -name xcvc1902-vsvd1760-2MP-e-S -data info -quiet 
INFO: [RTMG 210-285] Implementing FIFO 'stencilConfig_upper_limit_2_c147_U(kernel_outerloop_0_fifo_w16_d2_S)' using Shift Registers.
Execute           ap_part_info -name xcvc1902-vsvd1760-2MP-e-S -data names -quiet 
Execute           ap_part_info -name xcvc1902-vsvd1760-2MP-e-S -data info -quiet 
INFO: [RTMG 210-285] Implementing FIFO 'stencilConfig_outer_loop_limit_c160_U(kernel_outerloop_0_fifo_w16_d2_S)' using Shift Registers.
Execute           ap_part_info -name xcvc1902-vsvd1760-2MP-e-S -data names -quiet 
Execute           ap_part_info -name xcvc1902-vsvd1760-2MP-e-S -data info -quiet 
INFO: [RTMG 210-285] Implementing FIFO 'arg0_arg1_streams_5_U(kernel_outerloop_0_fifo_w256_d10_A)' using Vivado Default RAMs.
Execute           ap_part_info -name xcvc1902-vsvd1760-2MP-e-S -data names -quiet 
Execute           ap_part_info -name xcvc1902-vsvd1760-2MP-e-S -data info -quiet 
INFO: [RTMG 210-285] Implementing FIFO 'stencilConfig_grid_size_0_c42_U(kernel_outerloop_0_fifo_w16_d2_S)' using Shift Registers.
Execute           ap_part_info -name xcvc1902-vsvd1760-2MP-e-S -data names -quiet 
Execute           ap_part_info -name xcvc1902-vsvd1760-2MP-e-S -data info -quiet 
INFO: [RTMG 210-285] Implementing FIFO 'stencilConfig_grid_size_1_c55_U(kernel_outerloop_0_fifo_w16_d2_S)' using Shift Registers.
Execute           ap_part_info -name xcvc1902-vsvd1760-2MP-e-S -data names -quiet 
Execute           ap_part_info -name xcvc1902-vsvd1760-2MP-e-S -data info -quiet 
INFO: [RTMG 210-285] Implementing FIFO 'stencilConfig_grid_size_2_c68_U(kernel_outerloop_0_fifo_w16_d2_S)' using Shift Registers.
Execute           ap_part_info -name xcvc1902-vsvd1760-2MP-e-S -data names -quiet 
Execute           ap_part_info -name xcvc1902-vsvd1760-2MP-e-S -data info -quiet 
INFO: [RTMG 210-285] Implementing FIFO 'stencilConfig_lower_limit_0_c81_U(kernel_outerloop_0_fifo_w16_d2_S)' using Shift Registers.
Execute           ap_part_info -name xcvc1902-vsvd1760-2MP-e-S -data names -quiet 
Execute           ap_part_info -name xcvc1902-vsvd1760-2MP-e-S -data info -quiet 
INFO: [RTMG 210-285] Implementing FIFO 'stencilConfig_lower_limit_1_c94_U(kernel_outerloop_0_fifo_w16_d2_S)' using Shift Registers.
Execute           ap_part_info -name xcvc1902-vsvd1760-2MP-e-S -data names -quiet 
Execute           ap_part_info -name xcvc1902-vsvd1760-2MP-e-S -data info -quiet 
INFO: [RTMG 210-285] Implementing FIFO 'stencilConfig_lower_limit_2_c107_U(kernel_outerloop_0_fifo_w16_d2_S)' using Shift Registers.
Execute           ap_part_info -name xcvc1902-vsvd1760-2MP-e-S -data names -quiet 
Execute           ap_part_info -name xcvc1902-vsvd1760-2MP-e-S -data info -quiet 
INFO: [RTMG 210-285] Implementing FIFO 'stencilConfig_upper_limit_0_c120_U(kernel_outerloop_0_fifo_w16_d2_S)' using Shift Registers.
Execute           ap_part_info -name xcvc1902-vsvd1760-2MP-e-S -data names -quiet 
Execute           ap_part_info -name xcvc1902-vsvd1760-2MP-e-S -data info -quiet 
INFO: [RTMG 210-285] Implementing FIFO 'stencilConfig_upper_limit_1_c133_U(kernel_outerloop_0_fifo_w16_d2_S)' using Shift Registers.
Execute           ap_part_info -name xcvc1902-vsvd1760-2MP-e-S -data names -quiet 
Execute           ap_part_info -name xcvc1902-vsvd1760-2MP-e-S -data info -quiet 
INFO: [RTMG 210-285] Implementing FIFO 'stencilConfig_upper_limit_2_c146_U(kernel_outerloop_0_fifo_w16_d2_S)' using Shift Registers.
Execute           ap_part_info -name xcvc1902-vsvd1760-2MP-e-S -data names -quiet 
Execute           ap_part_info -name xcvc1902-vsvd1760-2MP-e-S -data info -quiet 
INFO: [RTMG 210-285] Implementing FIFO 'stencilConfig_outer_loop_limit_c159_U(kernel_outerloop_0_fifo_w16_d2_S)' using Shift Registers.
Execute           ap_part_info -name xcvc1902-vsvd1760-2MP-e-S -data names -quiet 
Execute           ap_part_info -name xcvc1902-vsvd1760-2MP-e-S -data info -quiet 
INFO: [RTMG 210-285] Implementing FIFO 'arg0_arg1_streams_6_U(kernel_outerloop_0_fifo_w256_d10_A)' using Vivado Default RAMs.
Execute           ap_part_info -name xcvc1902-vsvd1760-2MP-e-S -data names -quiet 
Execute           ap_part_info -name xcvc1902-vsvd1760-2MP-e-S -data info -quiet 
INFO: [RTMG 210-285] Implementing FIFO 'stencilConfig_grid_size_0_c41_U(kernel_outerloop_0_fifo_w16_d2_S)' using Shift Registers.
Execute           ap_part_info -name xcvc1902-vsvd1760-2MP-e-S -data names -quiet 
Execute           ap_part_info -name xcvc1902-vsvd1760-2MP-e-S -data info -quiet 
INFO: [RTMG 210-285] Implementing FIFO 'stencilConfig_grid_size_1_c54_U(kernel_outerloop_0_fifo_w16_d2_S)' using Shift Registers.
Execute           ap_part_info -name xcvc1902-vsvd1760-2MP-e-S -data names -quiet 
Execute           ap_part_info -name xcvc1902-vsvd1760-2MP-e-S -data info -quiet 
INFO: [RTMG 210-285] Implementing FIFO 'stencilConfig_grid_size_2_c67_U(kernel_outerloop_0_fifo_w16_d2_S)' using Shift Registers.
Execute           ap_part_info -name xcvc1902-vsvd1760-2MP-e-S -data names -quiet 
Execute           ap_part_info -name xcvc1902-vsvd1760-2MP-e-S -data info -quiet 
INFO: [RTMG 210-285] Implementing FIFO 'stencilConfig_lower_limit_0_c80_U(kernel_outerloop_0_fifo_w16_d2_S)' using Shift Registers.
Execute           ap_part_info -name xcvc1902-vsvd1760-2MP-e-S -data names -quiet 
Execute           ap_part_info -name xcvc1902-vsvd1760-2MP-e-S -data info -quiet 
INFO: [RTMG 210-285] Implementing FIFO 'stencilConfig_lower_limit_1_c93_U(kernel_outerloop_0_fifo_w16_d2_S)' using Shift Registers.
Execute           ap_part_info -name xcvc1902-vsvd1760-2MP-e-S -data names -quiet 
Execute           ap_part_info -name xcvc1902-vsvd1760-2MP-e-S -data info -quiet 
INFO: [RTMG 210-285] Implementing FIFO 'stencilConfig_lower_limit_2_c106_U(kernel_outerloop_0_fifo_w16_d2_S)' using Shift Registers.
Execute           ap_part_info -name xcvc1902-vsvd1760-2MP-e-S -data names -quiet 
Execute           ap_part_info -name xcvc1902-vsvd1760-2MP-e-S -data info -quiet 
INFO: [RTMG 210-285] Implementing FIFO 'stencilConfig_upper_limit_0_c119_U(kernel_outerloop_0_fifo_w16_d2_S)' using Shift Registers.
Execute           ap_part_info -name xcvc1902-vsvd1760-2MP-e-S -data names -quiet 
Execute           ap_part_info -name xcvc1902-vsvd1760-2MP-e-S -data info -quiet 
INFO: [RTMG 210-285] Implementing FIFO 'stencilConfig_upper_limit_1_c132_U(kernel_outerloop_0_fifo_w16_d2_S)' using Shift Registers.
Execute           ap_part_info -name xcvc1902-vsvd1760-2MP-e-S -data names -quiet 
Execute           ap_part_info -name xcvc1902-vsvd1760-2MP-e-S -data info -quiet 
INFO: [RTMG 210-285] Implementing FIFO 'stencilConfig_upper_limit_2_c145_U(kernel_outerloop_0_fifo_w16_d2_S)' using Shift Registers.
Execute           ap_part_info -name xcvc1902-vsvd1760-2MP-e-S -data names -quiet 
Execute           ap_part_info -name xcvc1902-vsvd1760-2MP-e-S -data info -quiet 
INFO: [RTMG 210-285] Implementing FIFO 'stencilConfig_outer_loop_limit_c158_U(kernel_outerloop_0_fifo_w16_d2_S)' using Shift Registers.
Execute           ap_part_info -name xcvc1902-vsvd1760-2MP-e-S -data names -quiet 
Execute           ap_part_info -name xcvc1902-vsvd1760-2MP-e-S -data info -quiet 
INFO: [RTMG 210-285] Implementing FIFO 'arg0_arg1_streams_7_U(kernel_outerloop_0_fifo_w256_d10_A)' using Vivado Default RAMs.
Execute           ap_part_info -name xcvc1902-vsvd1760-2MP-e-S -data names -quiet 
Execute           ap_part_info -name xcvc1902-vsvd1760-2MP-e-S -data info -quiet 
INFO: [RTMG 210-285] Implementing FIFO 'stencilConfig_grid_size_0_c40_U(kernel_outerloop_0_fifo_w16_d2_S)' using Shift Registers.
Execute           ap_part_info -name xcvc1902-vsvd1760-2MP-e-S -data names -quiet 
Execute           ap_part_info -name xcvc1902-vsvd1760-2MP-e-S -data info -quiet 
INFO: [RTMG 210-285] Implementing FIFO 'stencilConfig_grid_size_1_c53_U(kernel_outerloop_0_fifo_w16_d2_S)' using Shift Registers.
Execute           ap_part_info -name xcvc1902-vsvd1760-2MP-e-S -data names -quiet 
Execute           ap_part_info -name xcvc1902-vsvd1760-2MP-e-S -data info -quiet 
INFO: [RTMG 210-285] Implementing FIFO 'stencilConfig_grid_size_2_c66_U(kernel_outerloop_0_fifo_w16_d2_S)' using Shift Registers.
Execute           ap_part_info -name xcvc1902-vsvd1760-2MP-e-S -data names -quiet 
Execute           ap_part_info -name xcvc1902-vsvd1760-2MP-e-S -data info -quiet 
INFO: [RTMG 210-285] Implementing FIFO 'stencilConfig_lower_limit_0_c79_U(kernel_outerloop_0_fifo_w16_d2_S)' using Shift Registers.
Execute           ap_part_info -name xcvc1902-vsvd1760-2MP-e-S -data names -quiet 
Execute           ap_part_info -name xcvc1902-vsvd1760-2MP-e-S -data info -quiet 
INFO: [RTMG 210-285] Implementing FIFO 'stencilConfig_lower_limit_1_c92_U(kernel_outerloop_0_fifo_w16_d2_S)' using Shift Registers.
Execute           ap_part_info -name xcvc1902-vsvd1760-2MP-e-S -data names -quiet 
Execute           ap_part_info -name xcvc1902-vsvd1760-2MP-e-S -data info -quiet 
INFO: [RTMG 210-285] Implementing FIFO 'stencilConfig_lower_limit_2_c105_U(kernel_outerloop_0_fifo_w16_d2_S)' using Shift Registers.
Execute           ap_part_info -name xcvc1902-vsvd1760-2MP-e-S -data names -quiet 
Execute           ap_part_info -name xcvc1902-vsvd1760-2MP-e-S -data info -quiet 
INFO: [RTMG 210-285] Implementing FIFO 'stencilConfig_upper_limit_0_c118_U(kernel_outerloop_0_fifo_w16_d2_S)' using Shift Registers.
Execute           ap_part_info -name xcvc1902-vsvd1760-2MP-e-S -data names -quiet 
Execute           ap_part_info -name xcvc1902-vsvd1760-2MP-e-S -data info -quiet 
INFO: [RTMG 210-285] Implementing FIFO 'stencilConfig_upper_limit_1_c131_U(kernel_outerloop_0_fifo_w16_d2_S)' using Shift Registers.
Execute           ap_part_info -name xcvc1902-vsvd1760-2MP-e-S -data names -quiet 
Execute           ap_part_info -name xcvc1902-vsvd1760-2MP-e-S -data info -quiet 
INFO: [RTMG 210-285] Implementing FIFO 'stencilConfig_upper_limit_2_c144_U(kernel_outerloop_0_fifo_w16_d2_S)' using Shift Registers.
Execute           ap_part_info -name xcvc1902-vsvd1760-2MP-e-S -data names -quiet 
Execute           ap_part_info -name xcvc1902-vsvd1760-2MP-e-S -data info -quiet 
INFO: [RTMG 210-285] Implementing FIFO 'stencilConfig_outer_loop_limit_c157_U(kernel_outerloop_0_fifo_w16_d2_S)' using Shift Registers.
Execute           ap_part_info -name xcvc1902-vsvd1760-2MP-e-S -data names -quiet 
Execute           ap_part_info -name xcvc1902-vsvd1760-2MP-e-S -data info -quiet 
INFO: [RTMG 210-285] Implementing FIFO 'arg0_arg1_streams_8_U(kernel_outerloop_0_fifo_w256_d10_A)' using Vivado Default RAMs.
Execute           ap_part_info -name xcvc1902-vsvd1760-2MP-e-S -data names -quiet 
Execute           ap_part_info -name xcvc1902-vsvd1760-2MP-e-S -data info -quiet 
INFO: [RTMG 210-285] Implementing FIFO 'stencilConfig_grid_size_0_c39_U(kernel_outerloop_0_fifo_w16_d2_S)' using Shift Registers.
Execute           ap_part_info -name xcvc1902-vsvd1760-2MP-e-S -data names -quiet 
Execute           ap_part_info -name xcvc1902-vsvd1760-2MP-e-S -data info -quiet 
INFO: [RTMG 210-285] Implementing FIFO 'stencilConfig_grid_size_1_c52_U(kernel_outerloop_0_fifo_w16_d2_S)' using Shift Registers.
Execute           ap_part_info -name xcvc1902-vsvd1760-2MP-e-S -data names -quiet 
Execute           ap_part_info -name xcvc1902-vsvd1760-2MP-e-S -data info -quiet 
INFO: [RTMG 210-285] Implementing FIFO 'stencilConfig_grid_size_2_c65_U(kernel_outerloop_0_fifo_w16_d2_S)' using Shift Registers.
Execute           ap_part_info -name xcvc1902-vsvd1760-2MP-e-S -data names -quiet 
Execute           ap_part_info -name xcvc1902-vsvd1760-2MP-e-S -data info -quiet 
INFO: [RTMG 210-285] Implementing FIFO 'stencilConfig_lower_limit_0_c78_U(kernel_outerloop_0_fifo_w16_d2_S)' using Shift Registers.
Execute           ap_part_info -name xcvc1902-vsvd1760-2MP-e-S -data names -quiet 
Execute           ap_part_info -name xcvc1902-vsvd1760-2MP-e-S -data info -quiet 
INFO: [RTMG 210-285] Implementing FIFO 'stencilConfig_lower_limit_1_c91_U(kernel_outerloop_0_fifo_w16_d2_S)' using Shift Registers.
Execute           ap_part_info -name xcvc1902-vsvd1760-2MP-e-S -data names -quiet 
Execute           ap_part_info -name xcvc1902-vsvd1760-2MP-e-S -data info -quiet 
INFO: [RTMG 210-285] Implementing FIFO 'stencilConfig_lower_limit_2_c104_U(kernel_outerloop_0_fifo_w16_d2_S)' using Shift Registers.
Execute           ap_part_info -name xcvc1902-vsvd1760-2MP-e-S -data names -quiet 
Execute           ap_part_info -name xcvc1902-vsvd1760-2MP-e-S -data info -quiet 
INFO: [RTMG 210-285] Implementing FIFO 'stencilConfig_upper_limit_0_c117_U(kernel_outerloop_0_fifo_w16_d2_S)' using Shift Registers.
Execute           ap_part_info -name xcvc1902-vsvd1760-2MP-e-S -data names -quiet 
Execute           ap_part_info -name xcvc1902-vsvd1760-2MP-e-S -data info -quiet 
INFO: [RTMG 210-285] Implementing FIFO 'stencilConfig_upper_limit_1_c130_U(kernel_outerloop_0_fifo_w16_d2_S)' using Shift Registers.
Execute           ap_part_info -name xcvc1902-vsvd1760-2MP-e-S -data names -quiet 
Execute           ap_part_info -name xcvc1902-vsvd1760-2MP-e-S -data info -quiet 
INFO: [RTMG 210-285] Implementing FIFO 'stencilConfig_upper_limit_2_c143_U(kernel_outerloop_0_fifo_w16_d2_S)' using Shift Registers.
Execute           ap_part_info -name xcvc1902-vsvd1760-2MP-e-S -data names -quiet 
Execute           ap_part_info -name xcvc1902-vsvd1760-2MP-e-S -data info -quiet 
INFO: [RTMG 210-285] Implementing FIFO 'stencilConfig_outer_loop_limit_c156_U(kernel_outerloop_0_fifo_w16_d2_S)' using Shift Registers.
Execute           ap_part_info -name xcvc1902-vsvd1760-2MP-e-S -data names -quiet 
Execute           ap_part_info -name xcvc1902-vsvd1760-2MP-e-S -data info -quiet 
INFO: [RTMG 210-285] Implementing FIFO 'arg0_arg1_streams_9_U(kernel_outerloop_0_fifo_w256_d10_A)' using Vivado Default RAMs.
Execute           ap_part_info -name xcvc1902-vsvd1760-2MP-e-S -data names -quiet 
Execute           ap_part_info -name xcvc1902-vsvd1760-2MP-e-S -data info -quiet 
INFO: [RTMG 210-285] Implementing FIFO 'stencilConfig_grid_size_0_c38_U(kernel_outerloop_0_fifo_w16_d2_S)' using Shift Registers.
Execute           ap_part_info -name xcvc1902-vsvd1760-2MP-e-S -data names -quiet 
Execute           ap_part_info -name xcvc1902-vsvd1760-2MP-e-S -data info -quiet 
INFO: [RTMG 210-285] Implementing FIFO 'stencilConfig_grid_size_1_c51_U(kernel_outerloop_0_fifo_w16_d2_S)' using Shift Registers.
Execute           ap_part_info -name xcvc1902-vsvd1760-2MP-e-S -data names -quiet 
Execute           ap_part_info -name xcvc1902-vsvd1760-2MP-e-S -data info -quiet 
INFO: [RTMG 210-285] Implementing FIFO 'stencilConfig_grid_size_2_c64_U(kernel_outerloop_0_fifo_w16_d2_S)' using Shift Registers.
Execute           ap_part_info -name xcvc1902-vsvd1760-2MP-e-S -data names -quiet 
Execute           ap_part_info -name xcvc1902-vsvd1760-2MP-e-S -data info -quiet 
INFO: [RTMG 210-285] Implementing FIFO 'stencilConfig_lower_limit_0_c77_U(kernel_outerloop_0_fifo_w16_d2_S)' using Shift Registers.
Execute           ap_part_info -name xcvc1902-vsvd1760-2MP-e-S -data names -quiet 
Execute           ap_part_info -name xcvc1902-vsvd1760-2MP-e-S -data info -quiet 
INFO: [RTMG 210-285] Implementing FIFO 'stencilConfig_lower_limit_1_c90_U(kernel_outerloop_0_fifo_w16_d2_S)' using Shift Registers.
Execute           ap_part_info -name xcvc1902-vsvd1760-2MP-e-S -data names -quiet 
Execute           ap_part_info -name xcvc1902-vsvd1760-2MP-e-S -data info -quiet 
INFO: [RTMG 210-285] Implementing FIFO 'stencilConfig_lower_limit_2_c103_U(kernel_outerloop_0_fifo_w16_d2_S)' using Shift Registers.
Execute           ap_part_info -name xcvc1902-vsvd1760-2MP-e-S -data names -quiet 
Execute           ap_part_info -name xcvc1902-vsvd1760-2MP-e-S -data info -quiet 
INFO: [RTMG 210-285] Implementing FIFO 'stencilConfig_upper_limit_0_c116_U(kernel_outerloop_0_fifo_w16_d2_S)' using Shift Registers.
Execute           ap_part_info -name xcvc1902-vsvd1760-2MP-e-S -data names -quiet 
Execute           ap_part_info -name xcvc1902-vsvd1760-2MP-e-S -data info -quiet 
INFO: [RTMG 210-285] Implementing FIFO 'stencilConfig_upper_limit_1_c129_U(kernel_outerloop_0_fifo_w16_d2_S)' using Shift Registers.
Execute           ap_part_info -name xcvc1902-vsvd1760-2MP-e-S -data names -quiet 
Execute           ap_part_info -name xcvc1902-vsvd1760-2MP-e-S -data info -quiet 
INFO: [RTMG 210-285] Implementing FIFO 'stencilConfig_upper_limit_2_c142_U(kernel_outerloop_0_fifo_w16_d2_S)' using Shift Registers.
Execute           ap_part_info -name xcvc1902-vsvd1760-2MP-e-S -data names -quiet 
Execute           ap_part_info -name xcvc1902-vsvd1760-2MP-e-S -data info -quiet 
INFO: [RTMG 210-285] Implementing FIFO 'stencilConfig_outer_loop_limit_c155_U(kernel_outerloop_0_fifo_w16_d2_S)' using Shift Registers.
Execute           ap_part_info -name xcvc1902-vsvd1760-2MP-e-S -data names -quiet 
Execute           ap_part_info -name xcvc1902-vsvd1760-2MP-e-S -data info -quiet 
INFO: [RTMG 210-285] Implementing FIFO 'arg0_arg1_streams_10_U(kernel_outerloop_0_fifo_w256_d10_A)' using Vivado Default RAMs.
Execute           ap_part_info -name xcvc1902-vsvd1760-2MP-e-S -data names -quiet 
Execute           ap_part_info -name xcvc1902-vsvd1760-2MP-e-S -data info -quiet 
INFO: [RTMG 210-285] Implementing FIFO 'stencilConfig_grid_size_0_c37_U(kernel_outerloop_0_fifo_w16_d2_S)' using Shift Registers.
Execute           ap_part_info -name xcvc1902-vsvd1760-2MP-e-S -data names -quiet 
Execute           ap_part_info -name xcvc1902-vsvd1760-2MP-e-S -data info -quiet 
INFO: [RTMG 210-285] Implementing FIFO 'stencilConfig_grid_size_1_c50_U(kernel_outerloop_0_fifo_w16_d2_S)' using Shift Registers.
Execute           ap_part_info -name xcvc1902-vsvd1760-2MP-e-S -data names -quiet 
Execute           ap_part_info -name xcvc1902-vsvd1760-2MP-e-S -data info -quiet 
INFO: [RTMG 210-285] Implementing FIFO 'stencilConfig_grid_size_2_c63_U(kernel_outerloop_0_fifo_w16_d2_S)' using Shift Registers.
Execute           ap_part_info -name xcvc1902-vsvd1760-2MP-e-S -data names -quiet 
Execute           ap_part_info -name xcvc1902-vsvd1760-2MP-e-S -data info -quiet 
INFO: [RTMG 210-285] Implementing FIFO 'stencilConfig_lower_limit_0_c76_U(kernel_outerloop_0_fifo_w16_d2_S)' using Shift Registers.
Execute           ap_part_info -name xcvc1902-vsvd1760-2MP-e-S -data names -quiet 
Execute           ap_part_info -name xcvc1902-vsvd1760-2MP-e-S -data info -quiet 
INFO: [RTMG 210-285] Implementing FIFO 'stencilConfig_lower_limit_1_c89_U(kernel_outerloop_0_fifo_w16_d2_S)' using Shift Registers.
Execute           ap_part_info -name xcvc1902-vsvd1760-2MP-e-S -data names -quiet 
Execute           ap_part_info -name xcvc1902-vsvd1760-2MP-e-S -data info -quiet 
INFO: [RTMG 210-285] Implementing FIFO 'stencilConfig_lower_limit_2_c102_U(kernel_outerloop_0_fifo_w16_d2_S)' using Shift Registers.
Execute           ap_part_info -name xcvc1902-vsvd1760-2MP-e-S -data names -quiet 
Execute           ap_part_info -name xcvc1902-vsvd1760-2MP-e-S -data info -quiet 
INFO: [RTMG 210-285] Implementing FIFO 'stencilConfig_upper_limit_0_c115_U(kernel_outerloop_0_fifo_w16_d2_S)' using Shift Registers.
Execute           ap_part_info -name xcvc1902-vsvd1760-2MP-e-S -data names -quiet 
Execute           ap_part_info -name xcvc1902-vsvd1760-2MP-e-S -data info -quiet 
INFO: [RTMG 210-285] Implementing FIFO 'stencilConfig_upper_limit_1_c128_U(kernel_outerloop_0_fifo_w16_d2_S)' using Shift Registers.
Execute           ap_part_info -name xcvc1902-vsvd1760-2MP-e-S -data names -quiet 
Execute           ap_part_info -name xcvc1902-vsvd1760-2MP-e-S -data info -quiet 
INFO: [RTMG 210-285] Implementing FIFO 'stencilConfig_upper_limit_2_c141_U(kernel_outerloop_0_fifo_w16_d2_S)' using Shift Registers.
Execute           ap_part_info -name xcvc1902-vsvd1760-2MP-e-S -data names -quiet 
Execute           ap_part_info -name xcvc1902-vsvd1760-2MP-e-S -data info -quiet 
INFO: [RTMG 210-285] Implementing FIFO 'stencilConfig_outer_loop_limit_c154_U(kernel_outerloop_0_fifo_w16_d2_S)' using Shift Registers.
Execute           ap_part_info -name xcvc1902-vsvd1760-2MP-e-S -data names -quiet 
Execute           ap_part_info -name xcvc1902-vsvd1760-2MP-e-S -data info -quiet 
INFO: [RTMG 210-285] Implementing FIFO 'arg0_arg1_streams_11_U(kernel_outerloop_0_fifo_w256_d10_A)' using Vivado Default RAMs.
Execute           ap_part_info -name xcvc1902-vsvd1760-2MP-e-S -data names -quiet 
Execute           ap_part_info -name xcvc1902-vsvd1760-2MP-e-S -data info -quiet 
INFO: [RTMG 210-285] Implementing FIFO 'stencilConfig_grid_size_0_c36_U(kernel_outerloop_0_fifo_w16_d2_S)' using Shift Registers.
Execute           ap_part_info -name xcvc1902-vsvd1760-2MP-e-S -data names -quiet 
Execute           ap_part_info -name xcvc1902-vsvd1760-2MP-e-S -data info -quiet 
INFO: [RTMG 210-285] Implementing FIFO 'stencilConfig_grid_size_1_c49_U(kernel_outerloop_0_fifo_w16_d2_S)' using Shift Registers.
Execute           ap_part_info -name xcvc1902-vsvd1760-2MP-e-S -data names -quiet 
Execute           ap_part_info -name xcvc1902-vsvd1760-2MP-e-S -data info -quiet 
INFO: [RTMG 210-285] Implementing FIFO 'stencilConfig_grid_size_2_c62_U(kernel_outerloop_0_fifo_w16_d2_S)' using Shift Registers.
Execute           ap_part_info -name xcvc1902-vsvd1760-2MP-e-S -data names -quiet 
Execute           ap_part_info -name xcvc1902-vsvd1760-2MP-e-S -data info -quiet 
INFO: [RTMG 210-285] Implementing FIFO 'stencilConfig_lower_limit_0_c75_U(kernel_outerloop_0_fifo_w16_d2_S)' using Shift Registers.
Execute           ap_part_info -name xcvc1902-vsvd1760-2MP-e-S -data names -quiet 
Execute           ap_part_info -name xcvc1902-vsvd1760-2MP-e-S -data info -quiet 
INFO: [RTMG 210-285] Implementing FIFO 'stencilConfig_lower_limit_1_c88_U(kernel_outerloop_0_fifo_w16_d2_S)' using Shift Registers.
Execute           ap_part_info -name xcvc1902-vsvd1760-2MP-e-S -data names -quiet 
Execute           ap_part_info -name xcvc1902-vsvd1760-2MP-e-S -data info -quiet 
INFO: [RTMG 210-285] Implementing FIFO 'stencilConfig_lower_limit_2_c101_U(kernel_outerloop_0_fifo_w16_d2_S)' using Shift Registers.
Execute           ap_part_info -name xcvc1902-vsvd1760-2MP-e-S -data names -quiet 
Execute           ap_part_info -name xcvc1902-vsvd1760-2MP-e-S -data info -quiet 
INFO: [RTMG 210-285] Implementing FIFO 'stencilConfig_upper_limit_0_c114_U(kernel_outerloop_0_fifo_w16_d2_S)' using Shift Registers.
Execute           ap_part_info -name xcvc1902-vsvd1760-2MP-e-S -data names -quiet 
Execute           ap_part_info -name xcvc1902-vsvd1760-2MP-e-S -data info -quiet 
INFO: [RTMG 210-285] Implementing FIFO 'stencilConfig_upper_limit_1_c127_U(kernel_outerloop_0_fifo_w16_d2_S)' using Shift Registers.
Execute           ap_part_info -name xcvc1902-vsvd1760-2MP-e-S -data names -quiet 
Execute           ap_part_info -name xcvc1902-vsvd1760-2MP-e-S -data info -quiet 
INFO: [RTMG 210-285] Implementing FIFO 'stencilConfig_upper_limit_2_c140_U(kernel_outerloop_0_fifo_w16_d2_S)' using Shift Registers.
Execute           ap_part_info -name xcvc1902-vsvd1760-2MP-e-S -data names -quiet 
Execute           ap_part_info -name xcvc1902-vsvd1760-2MP-e-S -data info -quiet 
INFO: [RTMG 210-285] Implementing FIFO 'stencilConfig_outer_loop_limit_c153_U(kernel_outerloop_0_fifo_w16_d2_S)' using Shift Registers.
Execute           ap_part_info -name xcvc1902-vsvd1760-2MP-e-S -data names -quiet 
Execute           ap_part_info -name xcvc1902-vsvd1760-2MP-e-S -data info -quiet 
INFO: [RTMG 210-285] Implementing FIFO 'arg0_arg1_streams_12_U(kernel_outerloop_0_fifo_w256_d10_A)' using Vivado Default RAMs.
Execute           ap_part_info -name xcvc1902-vsvd1760-2MP-e-S -data names -quiet 
Execute           ap_part_info -name xcvc1902-vsvd1760-2MP-e-S -data info -quiet 
INFO: [RTMG 210-285] Implementing FIFO 'stencilConfig_grid_size_0_c35_U(kernel_outerloop_0_fifo_w16_d2_S)' using Shift Registers.
Execute           ap_part_info -name xcvc1902-vsvd1760-2MP-e-S -data names -quiet 
Execute           ap_part_info -name xcvc1902-vsvd1760-2MP-e-S -data info -quiet 
INFO: [RTMG 210-285] Implementing FIFO 'stencilConfig_grid_size_1_c48_U(kernel_outerloop_0_fifo_w16_d2_S)' using Shift Registers.
Execute           ap_part_info -name xcvc1902-vsvd1760-2MP-e-S -data names -quiet 
Execute           ap_part_info -name xcvc1902-vsvd1760-2MP-e-S -data info -quiet 
INFO: [RTMG 210-285] Implementing FIFO 'stencilConfig_grid_size_2_c61_U(kernel_outerloop_0_fifo_w16_d2_S)' using Shift Registers.
Execute           ap_part_info -name xcvc1902-vsvd1760-2MP-e-S -data names -quiet 
Execute           ap_part_info -name xcvc1902-vsvd1760-2MP-e-S -data info -quiet 
INFO: [RTMG 210-285] Implementing FIFO 'stencilConfig_lower_limit_0_c74_U(kernel_outerloop_0_fifo_w16_d2_S)' using Shift Registers.
Execute           ap_part_info -name xcvc1902-vsvd1760-2MP-e-S -data names -quiet 
Execute           ap_part_info -name xcvc1902-vsvd1760-2MP-e-S -data info -quiet 
INFO: [RTMG 210-285] Implementing FIFO 'stencilConfig_lower_limit_1_c87_U(kernel_outerloop_0_fifo_w16_d2_S)' using Shift Registers.
Execute           ap_part_info -name xcvc1902-vsvd1760-2MP-e-S -data names -quiet 
Execute           ap_part_info -name xcvc1902-vsvd1760-2MP-e-S -data info -quiet 
INFO: [RTMG 210-285] Implementing FIFO 'stencilConfig_lower_limit_2_c100_U(kernel_outerloop_0_fifo_w16_d2_S)' using Shift Registers.
Execute           ap_part_info -name xcvc1902-vsvd1760-2MP-e-S -data names -quiet 
Execute           ap_part_info -name xcvc1902-vsvd1760-2MP-e-S -data info -quiet 
INFO: [RTMG 210-285] Implementing FIFO 'stencilConfig_upper_limit_0_c113_U(kernel_outerloop_0_fifo_w16_d2_S)' using Shift Registers.
Execute           ap_part_info -name xcvc1902-vsvd1760-2MP-e-S -data names -quiet 
Execute           ap_part_info -name xcvc1902-vsvd1760-2MP-e-S -data info -quiet 
INFO: [RTMG 210-285] Implementing FIFO 'stencilConfig_upper_limit_1_c126_U(kernel_outerloop_0_fifo_w16_d2_S)' using Shift Registers.
Execute           ap_part_info -name xcvc1902-vsvd1760-2MP-e-S -data names -quiet 
Execute           ap_part_info -name xcvc1902-vsvd1760-2MP-e-S -data info -quiet 
INFO: [RTMG 210-285] Implementing FIFO 'stencilConfig_upper_limit_2_c139_U(kernel_outerloop_0_fifo_w16_d2_S)' using Shift Registers.
Execute           ap_part_info -name xcvc1902-vsvd1760-2MP-e-S -data names -quiet 
Execute           ap_part_info -name xcvc1902-vsvd1760-2MP-e-S -data info -quiet 
INFO: [RTMG 210-285] Implementing FIFO 'stencilConfig_outer_loop_limit_c152_U(kernel_outerloop_0_fifo_w16_d2_S)' using Shift Registers.
Execute           ap_part_info -name xcvc1902-vsvd1760-2MP-e-S -data names -quiet 
Execute           ap_part_info -name xcvc1902-vsvd1760-2MP-e-S -data info -quiet 
INFO: [RTMG 210-285] Implementing FIFO 'arg0_arg1_streams_13_U(kernel_outerloop_0_fifo_w256_d10_A)' using Vivado Default RAMs.
Execute           ap_part_info -name xcvc1902-vsvd1760-2MP-e-S -data names -quiet 
Execute           ap_part_info -name xcvc1902-vsvd1760-2MP-e-S -data info -quiet 
INFO: [RTMG 210-285] Implementing FIFO 'stencilConfig_grid_size_0_c_U(kernel_outerloop_0_fifo_w16_d2_S)' using Shift Registers.
Execute           ap_part_info -name xcvc1902-vsvd1760-2MP-e-S -data names -quiet 
Execute           ap_part_info -name xcvc1902-vsvd1760-2MP-e-S -data info -quiet 
INFO: [RTMG 210-285] Implementing FIFO 'stencilConfig_grid_size_1_c_U(kernel_outerloop_0_fifo_w16_d2_S)' using Shift Registers.
Execute           ap_part_info -name xcvc1902-vsvd1760-2MP-e-S -data names -quiet 
Execute           ap_part_info -name xcvc1902-vsvd1760-2MP-e-S -data info -quiet 
INFO: [RTMG 210-285] Implementing FIFO 'stencilConfig_grid_size_2_c_U(kernel_outerloop_0_fifo_w16_d2_S)' using Shift Registers.
Execute           ap_part_info -name xcvc1902-vsvd1760-2MP-e-S -data names -quiet 
Execute           ap_part_info -name xcvc1902-vsvd1760-2MP-e-S -data info -quiet 
INFO: [RTMG 210-285] Implementing FIFO 'stencilConfig_lower_limit_0_c_U(kernel_outerloop_0_fifo_w16_d2_S)' using Shift Registers.
Execute           ap_part_info -name xcvc1902-vsvd1760-2MP-e-S -data names -quiet 
Execute           ap_part_info -name xcvc1902-vsvd1760-2MP-e-S -data info -quiet 
INFO: [RTMG 210-285] Implementing FIFO 'stencilConfig_lower_limit_1_c_U(kernel_outerloop_0_fifo_w16_d2_S)' using Shift Registers.
Execute           ap_part_info -name xcvc1902-vsvd1760-2MP-e-S -data names -quiet 
Execute           ap_part_info -name xcvc1902-vsvd1760-2MP-e-S -data info -quiet 
INFO: [RTMG 210-285] Implementing FIFO 'stencilConfig_lower_limit_2_c_U(kernel_outerloop_0_fifo_w16_d2_S)' using Shift Registers.
Execute           ap_part_info -name xcvc1902-vsvd1760-2MP-e-S -data names -quiet 
Execute           ap_part_info -name xcvc1902-vsvd1760-2MP-e-S -data info -quiet 
INFO: [RTMG 210-285] Implementing FIFO 'stencilConfig_upper_limit_0_c_U(kernel_outerloop_0_fifo_w16_d2_S)' using Shift Registers.
Execute           ap_part_info -name xcvc1902-vsvd1760-2MP-e-S -data names -quiet 
Execute           ap_part_info -name xcvc1902-vsvd1760-2MP-e-S -data info -quiet 
INFO: [RTMG 210-285] Implementing FIFO 'stencilConfig_upper_limit_1_c_U(kernel_outerloop_0_fifo_w16_d2_S)' using Shift Registers.
Execute           ap_part_info -name xcvc1902-vsvd1760-2MP-e-S -data names -quiet 
Execute           ap_part_info -name xcvc1902-vsvd1760-2MP-e-S -data info -quiet 
INFO: [RTMG 210-285] Implementing FIFO 'stencilConfig_upper_limit_2_c_U(kernel_outerloop_0_fifo_w16_d2_S)' using Shift Registers.
Execute           ap_part_info -name xcvc1902-vsvd1760-2MP-e-S -data names -quiet 
Execute           ap_part_info -name xcvc1902-vsvd1760-2MP-e-S -data info -quiet 
INFO: [RTMG 210-285] Implementing FIFO 'stencilConfig_outer_loop_limit_c_U(kernel_outerloop_0_fifo_w16_d2_S)' using Shift Registers.
Execute           ap_part_info -name xcvc1902-vsvd1760-2MP-e-S -data names -quiet 
Execute           ap_part_info -name xcvc1902-vsvd1760-2MP-e-S -data info -quiet 
INFO: [RTMG 210-285] Implementing FIFO 'arg0_arg1_streams_14_U(kernel_outerloop_0_fifo_w256_d10_A)' using Vivado Default RAMs.
Execute           ap_part_info -name xcvc1902-vsvd1760-2MP-e-S -data names -quiet 
Execute           ap_part_info -name xcvc1902-vsvd1760-2MP-e-S -data info -quiet 
INFO: [RTMG 210-285] Implementing FIFO 'start_for_joint_PE_outerloop_0_U0_U(kernel_outerloop_0_start_for_joint_PE_outerloop_0_U0)' using Shift Registers.
Execute           ap_part_info -name xcvc1902-vsvd1760-2MP-e-S -data names -quiet 
Execute           ap_part_info -name xcvc1902-vsvd1760-2MP-e-S -data info -quiet 
INFO: [RTMG 210-285] Implementing FIFO 'start_for_stream2axis_256u_256u_U0_U(kernel_outerloop_0_start_for_stream2axis_256u_256u_U0)' using Shift Registers.
Execute           ap_part_info -name xcvc1902-vsvd1760-2MP-e-S -data names -quiet 
Execute           ap_part_info -name xcvc1902-vsvd1760-2MP-e-S -data info -quiet 
INFO: [RTMG 210-285] Implementing FIFO 'start_for_joint_PE_outerloop_0_1_U0_U(kernel_outerloop_0_start_for_joint_PE_outerloop_0_1_U0)' using Shift Registers.
Execute           ap_part_info -name xcvc1902-vsvd1760-2MP-e-S -data names -quiet 
Execute           ap_part_info -name xcvc1902-vsvd1760-2MP-e-S -data info -quiet 
INFO: [RTMG 210-285] Implementing FIFO 'start_for_joint_PE_outerloop_0_2_U0_U(kernel_outerloop_0_start_for_joint_PE_outerloop_0_2_U0)' using Shift Registers.
Execute           ap_part_info -name xcvc1902-vsvd1760-2MP-e-S -data names -quiet 
Execute           ap_part_info -name xcvc1902-vsvd1760-2MP-e-S -data info -quiet 
INFO: [RTMG 210-285] Implementing FIFO 'start_for_joint_PE_outerloop_0_3_U0_U(kernel_outerloop_0_start_for_joint_PE_outerloop_0_3_U0)' using Shift Registers.
Execute           ap_part_info -name xcvc1902-vsvd1760-2MP-e-S -data names -quiet 
Execute           ap_part_info -name xcvc1902-vsvd1760-2MP-e-S -data info -quiet 
INFO: [RTMG 210-285] Implementing FIFO 'start_for_joint_PE_outerloop_0_4_U0_U(kernel_outerloop_0_start_for_joint_PE_outerloop_0_4_U0)' using Shift Registers.
Execute           ap_part_info -name xcvc1902-vsvd1760-2MP-e-S -data names -quiet 
Execute           ap_part_info -name xcvc1902-vsvd1760-2MP-e-S -data info -quiet 
INFO: [RTMG 210-285] Implementing FIFO 'start_for_joint_PE_outerloop_0_5_U0_U(kernel_outerloop_0_start_for_joint_PE_outerloop_0_5_U0)' using Shift Registers.
Execute           ap_part_info -name xcvc1902-vsvd1760-2MP-e-S -data names -quiet 
Execute           ap_part_info -name xcvc1902-vsvd1760-2MP-e-S -data info -quiet 
INFO: [RTMG 210-285] Implementing FIFO 'start_for_joint_PE_outerloop_0_6_U0_U(kernel_outerloop_0_start_for_joint_PE_outerloop_0_6_U0)' using Shift Registers.
Execute           ap_part_info -name xcvc1902-vsvd1760-2MP-e-S -data names -quiet 
Execute           ap_part_info -name xcvc1902-vsvd1760-2MP-e-S -data info -quiet 
INFO: [RTMG 210-285] Implementing FIFO 'start_for_joint_PE_outerloop_0_7_U0_U(kernel_outerloop_0_start_for_joint_PE_outerloop_0_7_U0)' using Shift Registers.
Execute           ap_part_info -name xcvc1902-vsvd1760-2MP-e-S -data names -quiet 
Execute           ap_part_info -name xcvc1902-vsvd1760-2MP-e-S -data info -quiet 
INFO: [RTMG 210-285] Implementing FIFO 'start_for_joint_PE_outerloop_0_8_U0_U(kernel_outerloop_0_start_for_joint_PE_outerloop_0_8_U0)' using Shift Registers.
Execute           ap_part_info -name xcvc1902-vsvd1760-2MP-e-S -data names -quiet 
Execute           ap_part_info -name xcvc1902-vsvd1760-2MP-e-S -data info -quiet 
INFO: [RTMG 210-285] Implementing FIFO 'start_for_joint_PE_outerloop_0_9_U0_U(kernel_outerloop_0_start_for_joint_PE_outerloop_0_9_U0)' using Shift Registers.
Execute           ap_part_info -name xcvc1902-vsvd1760-2MP-e-S -data names -quiet 
Execute           ap_part_info -name xcvc1902-vsvd1760-2MP-e-S -data info -quiet 
INFO: [RTMG 210-285] Implementing FIFO 'start_for_joint_PE_outerloop_0_10_U0_U(kernel_outerloop_0_start_for_joint_PE_outerloop_0_10_U0)' using Shift Registers.
Execute           ap_part_info -name xcvc1902-vsvd1760-2MP-e-S -data names -quiet 
Execute           ap_part_info -name xcvc1902-vsvd1760-2MP-e-S -data info -quiet 
INFO: [RTMG 210-285] Implementing FIFO 'start_for_joint_PE_outerloop_0_11_U0_U(kernel_outerloop_0_start_for_joint_PE_outerloop_0_11_U0)' using Shift Registers.
Execute           ap_part_info -name xcvc1902-vsvd1760-2MP-e-S -data names -quiet 
Execute           ap_part_info -name xcvc1902-vsvd1760-2MP-e-S -data info -quiet 
INFO: [RTMG 210-285] Implementing FIFO 'start_for_joint_PE_outerloop_0_12_U0_U(kernel_outerloop_0_start_for_joint_PE_outerloop_0_12_U0)' using Shift Registers.
Execute           ap_part_info -name xcvc1902-vsvd1760-2MP-e-S -data names -quiet 
Execute           ap_part_info -name xcvc1902-vsvd1760-2MP-e-S -data info -quiet 
INFO: [RTMG 210-285] Implementing FIFO 'start_for_joint_PE_outerloop_0_13_U0_U(kernel_outerloop_0_start_for_joint_PE_outerloop_0_13_U0)' using Shift Registers.
Command         ap_source done; 8.3 sec.
Execute         source /home/x_thileeb/repos/ops-hls-pact25-artifact/codegen_apps/jacobian3d/vck5000_project/hls/build/hw/temp_dir/kernel_outerloop_0/kernel_outerloop_0/kernel_outerloop_0/solution/.autopilot/db/kernel_outerloop_0.compgen.tcl 
Execute           source ./control.slave.tcl 
INFO: [HLS 200-111] Finished Generating all RTL models: CPU user time: 33.9 seconds. CPU system time: 0.87 seconds. Elapsed time: 37.41 seconds; current allocated memory: 937.961 MB.
INFO-FLOW: DBG:PROC: ::HLSREPORTS::create_csynth_xml bind_info_var='bind_info' RtlSubPrefix='kernel_outerloop_0_' outfile=''
INFO-FLOW: Running: create_csynth_xml read xml data
INFO-FLOW: Done: create_csynth_xml read xml data time: 0 seconds per iteration
INFO-FLOW: Running: create_csynth_xml bind info
INFO-FLOW: No bind nodes found for module_name entry_proc
INFO-FLOW: No bind nodes found for module_name joint_PE_outerloop_0
INFO-FLOW: No bind nodes found for module_name joint_PE_outerloop_0_1
INFO-FLOW: No bind nodes found for module_name joint_PE_outerloop_0_2
INFO-FLOW: No bind nodes found for module_name joint_PE_outerloop_0_3
INFO-FLOW: No bind nodes found for module_name joint_PE_outerloop_0_4
INFO-FLOW: No bind nodes found for module_name joint_PE_outerloop_0_5
INFO-FLOW: No bind nodes found for module_name joint_PE_outerloop_0_6
INFO-FLOW: No bind nodes found for module_name joint_PE_outerloop_0_7
INFO-FLOW: No bind nodes found for module_name joint_PE_outerloop_0_8
INFO-FLOW: No bind nodes found for module_name joint_PE_outerloop_0_9
INFO-FLOW: No bind nodes found for module_name joint_PE_outerloop_0_10
INFO-FLOW: No bind nodes found for module_name joint_PE_outerloop_0_11
INFO-FLOW: No bind nodes found for module_name joint_PE_outerloop_0_12
INFO-FLOW: No bind nodes found for module_name joint_PE_outerloop_0_13
INFO-FLOW: Done: create_csynth_xml bind info time: 0 seconds per iteration
INFO-FLOW: Running: create_csynth_xml config info
Execute         get_config_op mul -impl 
Execute         get_config_op mul -latency 
Execute         get_config_op mul -precision 
Execute         get_config_op add -impl 
Execute         get_config_op add -latency 
Execute         get_config_op add -precision 
Execute         get_config_op sub -impl 
Execute         get_config_op sub -latency 
Execute         get_config_op sub -precision 
Execute         get_config_op fadd -impl 
Execute         get_config_op fadd -latency 
Execute         get_config_op fadd -precision 
Execute         get_config_op fsub -impl 
Execute         get_config_op fsub -latency 
Execute         get_config_op fsub -precision 
Execute         get_config_op fdiv -impl 
Execute         get_config_op fdiv -latency 
Execute         get_config_op fdiv -precision 
Execute         get_config_op fexp -impl 
Execute         get_config_op fexp -latency 
Execute         get_config_op fexp -precision 
Execute         get_config_op flog -impl 
Execute         get_config_op flog -latency 
Execute         get_config_op flog -precision 
Execute         get_config_op fmul -impl 
Execute         get_config_op fmul -latency 
Execute         get_config_op fmul -precision 
Execute         get_config_op frsqrt -impl 
Execute         get_config_op frsqrt -latency 
Execute         get_config_op frsqrt -precision 
Execute         get_config_op frecip -impl 
Execute         get_config_op frecip -latency 
Execute         get_config_op frecip -precision 
Execute         get_config_op fsqrt -impl 
Execute         get_config_op fsqrt -latency 
Execute         get_config_op fsqrt -precision 
Execute         get_config_op dadd -impl 
Execute         get_config_op dadd -latency 
Execute         get_config_op dadd -precision 
Execute         get_config_op dsub -impl 
Execute         get_config_op dsub -latency 
Execute         get_config_op dsub -precision 
Execute         get_config_op ddiv -impl 
Execute         get_config_op ddiv -latency 
Execute         get_config_op ddiv -precision 
Execute         get_config_op dexp -impl 
Execute         get_config_op dexp -latency 
Execute         get_config_op dexp -precision 
Execute         get_config_op dlog -impl 
Execute         get_config_op dlog -latency 
Execute         get_config_op dlog -precision 
Execute         get_config_op dmul -impl 
Execute         get_config_op dmul -latency 
Execute         get_config_op dmul -precision 
Execute         get_config_op drsqrt -impl 
Execute         get_config_op drsqrt -latency 
Execute         get_config_op drsqrt -precision 
Execute         get_config_op drecip -impl 
Execute         get_config_op drecip -latency 
Execute         get_config_op drecip -precision 
Execute         get_config_op dsqrt -impl 
Execute         get_config_op dsqrt -latency 
Execute         get_config_op dsqrt -precision 
Execute         get_config_op hadd -impl 
Execute         get_config_op hadd -latency 
Execute         get_config_op hadd -precision 
Execute         get_config_op hsub -impl 
Execute         get_config_op hsub -latency 
Execute         get_config_op hsub -precision 
Execute         get_config_op hdiv -impl 
Execute         get_config_op hdiv -latency 
Execute         get_config_op hdiv -precision 
Execute         get_config_op hmul -impl 
Execute         get_config_op hmul -latency 
Execute         get_config_op hmul -precision 
Execute         get_config_op hsqrt -impl 
Execute         get_config_op hsqrt -latency 
Execute         get_config_op hsqrt -precision 
Execute         get_config_op facc -impl 
Execute         get_config_op facc -latency 
Execute         get_config_op facc -precision 
Execute         get_config_op fmacc -impl 
Execute         get_config_op fmacc -latency 
Execute         get_config_op fmacc -precision 
Execute         get_config_op fmadd -impl 
Execute         get_config_op fmadd -latency 
Execute         get_config_op fmadd -precision 
Execute         get_config_storage fifo -auto_srl_max_bits 
Execute         get_config_storage fifo -auto_srl_max_depth 
Execute         get_config_storage fifo -impl 
Execute         get_solution -flow_target 
Execute         get_config_array_partition -complete_threshold 
Execute         get_config_array_partition -throughput_driven 
Execute         get_config_compile -enable_auto_rewind 
Execute         get_config_compile -ignore_long_run_time 
Execute         get_config_compile -name_max_length 
Execute         get_config_compile -no_signed_zeros 
Execute         get_config_compile -pipeline_loops 
Execute         get_config_compile -pipeline_style 
Execute         get_config_compile -pragma_strict_mode 
Execute         get_config_compile -pre_tcl 
Execute         get_config_compile -unsafe_math_optimizations 
Execute         get_config_dataflow -default_channel 
Execute         get_config_dataflow -disable_fifo_sizing_opt 
Execute         get_config_dataflow -fifo_depth 
Execute         get_config_dataflow -override_user_fifo_depth 
Execute         get_config_dataflow -scalar_fifo_depth 
Execute         get_config_dataflow -start_fifo_depth 
Execute         get_config_dataflow -strict_mode 
Execute         get_config_dataflow -strict_stable_sync 
Execute         get_config_dataflow -task_level_fifo_depth 
Execute         get_config_debug -directory 
Execute         get_config_debug -enable 
Execute         get_config_export -description 
Execute         get_config_export -display_name 
Execute         get_config_export -format 
Execute         get_config_export -ip_xdc_file 
Execute         get_config_export -ip_xdc_ooc_file 
Execute         get_config_export -ipname 
Execute         get_config_export -library 
Execute         get_config_export -output 
Execute         get_config_export -rtl 
Execute         get_config_export -taxonomy 
Execute         get_config_export -vendor 
Execute         get_config_export -version 
Execute         get_config_export -vivado_clock 
Execute         get_config_export -vivado_impl_strategy 
Execute         get_config_export -vivado_max_timing_paths 
Execute         get_config_export -vivado_optimization_level 
Execute         get_config_export -vivado_pblock 
Execute         get_config_export -vivado_phys_opt 
Execute         get_config_export -vivado_report_level 
Execute         get_config_export -vivado_synth_design_args 
Execute         get_config_export -vivado_synth_strategy 
Execute         get_config_interface -clock_enable 
Execute         get_config_interface -default_slave_interface 
Execute         get_config_interface -m_axi_addr64 
Execute         get_config_interface -m_axi_alignment_byte_size 
Execute         get_config_interface -m_axi_auto_max_ports 
Execute         get_config_interface -m_axi_buffer_impl 
Execute         get_config_interface -m_axi_conservative_mode 
Execute         get_config_interface -m_axi_flush_mode 
Execute         get_config_interface -m_axi_latency 
Execute         get_config_interface -m_axi_max_bitwidth 
Execute         get_config_interface -m_axi_max_read_burst_length 
Execute         get_config_interface -m_axi_max_widen_bitwidth 
Execute         get_config_interface -m_axi_max_write_burst_length 
Execute         get_config_interface -m_axi_min_bitwidth 
Execute         get_config_interface -m_axi_num_read_outstanding 
Execute         get_config_interface -m_axi_num_write_outstanding 
Execute         get_config_interface -m_axi_offset 
Execute         get_config_interface -register_io 
Execute         get_config_interface -s_axilite_auto_restart_counter 
Execute         get_config_interface -s_axilite_data64 
Execute         get_config_interface -s_axilite_interrupt_mode 
Execute         get_config_interface -s_axilite_mailbox 
Execute         get_config_interface -s_axilite_status_regs 
Execute         get_config_interface -s_axilite_sw_reset 
Execute         get_config_rtl -deadlock_detection 
Execute         get_config_rtl -header 
Execute         get_config_rtl -kernel_profile 
Execute         get_config_rtl -module_auto_prefix 
Execute         get_config_rtl -module_prefix 
Execute         get_config_rtl -mult_keep_attribute 
Execute         get_config_rtl -register_all_io 
Execute         get_config_rtl -register_reset_num 
Execute         get_config_rtl -reset 
Execute         get_config_rtl -reset_async 
Execute         get_config_rtl -reset_level 
Execute         get_config_schedule -enable_dsp_full_reg 
Execute         get_config_unroll -tripcount_threshold 
INFO-FLOW: Done: create_csynth_xml config info time: 0.1 seconds per iteration
INFO-FLOW: Running: create_csynth_xml write xml
INFO-FLOW: Done: create_csynth_xml write xml time: 0 seconds per iteration
INFO-FLOW: DBG:PUTS:      create_csynth_xml wrote csynth_xml=/home/x_thileeb/repos/ops-hls-pact25-artifact/codegen_apps/jacobian3d/vck5000_project/hls/build/hw/temp_dir/kernel_outerloop_0/kernel_outerloop_0/kernel_outerloop_0/solution/syn/report/csynth.xml
INFO-FLOW: DBG:PROC: ::AP::DESIGN_DATA::generate_json generate_bd_files='0' generate_xo_files='0' modelList='kernel_outerloop_0_flow_control_loop_pipe_sequential_init
kernel_outerloop_0_fadd_32ns_32ns_32_2_primitive_dsp_0
kernel_outerloop_0_fmul_32ns_32ns_32_3_primitive_dsp_0
kernel_outerloop_0_fmadd_32ns_32ns_32ns_32ns_32_3_primitive_dsp_0
kernel_outerloop_0_flow_control_loop_pipe_sequential_init
kernel_outerloop_0_mul_32s_16ns_32_3_1
kernel_outerloop_0_mul_mul_16ns_16ns_32_4_1
kernel_outerloop_0_mac_muladd_16ns_16ns_1s_16_4_1
kernel_outerloop_0_stencilRun_arg0_buf_p0_1_V_RAM_S2P_URAM_2R1W
kernel_outerloop_0_stencilRun_arg0_buf_r0_1_p1_V_RAM_S2P_BRAM_2R1W
kernel_outerloop_0_flow_control_loop_pipe_sequential_init
kernel_outerloop_0_fifo_w16_d3_S
kernel_outerloop_0_fifo_w16_d3_S
kernel_outerloop_0_fifo_w16_d3_S
kernel_outerloop_0_fifo_w16_d3_S
kernel_outerloop_0_fifo_w16_d3_S
kernel_outerloop_0_fifo_w16_d3_S
kernel_outerloop_0_fifo_w16_d3_S
kernel_outerloop_0_fifo_w16_d3_S
kernel_outerloop_0_fifo_w16_d3_S
kernel_outerloop_0_fifo_w16_d3_S
kernel_outerloop_0_fifo_w256_d10_A
kernel_outerloop_0_fifo_w32_d16_S
kernel_outerloop_0_fifo_w256_d10_A
kernel_outerloop_0_fifo_w16_d2_S
kernel_outerloop_0_fifo_w16_d2_S
kernel_outerloop_0_fifo_w16_d2_S
kernel_outerloop_0_fifo_w16_d2_S
kernel_outerloop_0_fifo_w16_d2_S
kernel_outerloop_0_fifo_w16_d2_S
kernel_outerloop_0_fifo_w16_d2_S
kernel_outerloop_0_fifo_w16_d2_S
kernel_outerloop_0_fifo_w16_d2_S
kernel_outerloop_0_fifo_w16_d2_S
kernel_outerloop_0_fifo_w256_d10_A
kernel_outerloop_0_fifo_w16_d2_S
kernel_outerloop_0_fifo_w16_d2_S
kernel_outerloop_0_fifo_w16_d2_S
kernel_outerloop_0_fifo_w16_d2_S
kernel_outerloop_0_fifo_w16_d2_S
kernel_outerloop_0_fifo_w16_d2_S
kernel_outerloop_0_fifo_w16_d2_S
kernel_outerloop_0_fifo_w16_d2_S
kernel_outerloop_0_fifo_w16_d2_S
kernel_outerloop_0_fifo_w16_d2_S
kernel_outerloop_0_fifo_w256_d10_A
kernel_outerloop_0_fifo_w16_d2_S
kernel_outerloop_0_fifo_w16_d2_S
kernel_outerloop_0_fifo_w16_d2_S
kernel_outerloop_0_fifo_w16_d2_S
kernel_outerloop_0_fifo_w16_d2_S
kernel_outerloop_0_fifo_w16_d2_S
kernel_outerloop_0_fifo_w16_d2_S
kernel_outerloop_0_fifo_w16_d2_S
kernel_outerloop_0_fifo_w16_d2_S
kernel_outerloop_0_fifo_w16_d2_S
kernel_outerloop_0_fifo_w256_d10_A
kernel_outerloop_0_fifo_w16_d2_S
kernel_outerloop_0_fifo_w16_d2_S
kernel_outerloop_0_fifo_w16_d2_S
kernel_outerloop_0_fifo_w16_d2_S
kernel_outerloop_0_fifo_w16_d2_S
kernel_outerloop_0_fifo_w16_d2_S
kernel_outerloop_0_fifo_w16_d2_S
kernel_outerloop_0_fifo_w16_d2_S
kernel_outerloop_0_fifo_w16_d2_S
kernel_outerloop_0_fifo_w16_d2_S
kernel_outerloop_0_fifo_w256_d10_A
kernel_outerloop_0_fifo_w16_d2_S
kernel_outerloop_0_fifo_w16_d2_S
kernel_outerloop_0_fifo_w16_d2_S
kernel_outerloop_0_fifo_w16_d2_S
kernel_outerloop_0_fifo_w16_d2_S
kernel_outerloop_0_fifo_w16_d2_S
kernel_outerloop_0_fifo_w16_d2_S
kernel_outerloop_0_fifo_w16_d2_S
kernel_outerloop_0_fifo_w16_d2_S
kernel_outerloop_0_fifo_w16_d2_S
kernel_outerloop_0_fifo_w256_d10_A
kernel_outerloop_0_fifo_w16_d2_S
kernel_outerloop_0_fifo_w16_d2_S
kernel_outerloop_0_fifo_w16_d2_S
kernel_outerloop_0_fifo_w16_d2_S
kernel_outerloop_0_fifo_w16_d2_S
kernel_outerloop_0_fifo_w16_d2_S
kernel_outerloop_0_fifo_w16_d2_S
kernel_outerloop_0_fifo_w16_d2_S
kernel_outerloop_0_fifo_w16_d2_S
kernel_outerloop_0_fifo_w16_d2_S
kernel_outerloop_0_fifo_w256_d10_A
kernel_outerloop_0_fifo_w16_d2_S
kernel_outerloop_0_fifo_w16_d2_S
kernel_outerloop_0_fifo_w16_d2_S
kernel_outerloop_0_fifo_w16_d2_S
kernel_outerloop_0_fifo_w16_d2_S
kernel_outerloop_0_fifo_w16_d2_S
kernel_outerloop_0_fifo_w16_d2_S
kernel_outerloop_0_fifo_w16_d2_S
kernel_outerloop_0_fifo_w16_d2_S
kernel_outerloop_0_fifo_w16_d2_S
kernel_outerloop_0_fifo_w256_d10_A
kernel_outerloop_0_fifo_w16_d2_S
kernel_outerloop_0_fifo_w16_d2_S
kernel_outerloop_0_fifo_w16_d2_S
kernel_outerloop_0_fifo_w16_d2_S
kernel_outerloop_0_fifo_w16_d2_S
kernel_outerloop_0_fifo_w16_d2_S
kernel_outerloop_0_fifo_w16_d2_S
kernel_outerloop_0_fifo_w16_d2_S
kernel_outerloop_0_fifo_w16_d2_S
kernel_outerloop_0_fifo_w16_d2_S
kernel_outerloop_0_fifo_w256_d10_A
kernel_outerloop_0_fifo_w16_d2_S
kernel_outerloop_0_fifo_w16_d2_S
kernel_outerloop_0_fifo_w16_d2_S
kernel_outerloop_0_fifo_w16_d2_S
kernel_outerloop_0_fifo_w16_d2_S
kernel_outerloop_0_fifo_w16_d2_S
kernel_outerloop_0_fifo_w16_d2_S
kernel_outerloop_0_fifo_w16_d2_S
kernel_outerloop_0_fifo_w16_d2_S
kernel_outerloop_0_fifo_w16_d2_S
kernel_outerloop_0_fifo_w256_d10_A
kernel_outerloop_0_fifo_w16_d2_S
kernel_outerloop_0_fifo_w16_d2_S
kernel_outerloop_0_fifo_w16_d2_S
kernel_outerloop_0_fifo_w16_d2_S
kernel_outerloop_0_fifo_w16_d2_S
kernel_outerloop_0_fifo_w16_d2_S
kernel_outerloop_0_fifo_w16_d2_S
kernel_outerloop_0_fifo_w16_d2_S
kernel_outerloop_0_fifo_w16_d2_S
kernel_outerloop_0_fifo_w16_d2_S
kernel_outerloop_0_fifo_w256_d10_A
kernel_outerloop_0_fifo_w16_d2_S
kernel_outerloop_0_fifo_w16_d2_S
kernel_outerloop_0_fifo_w16_d2_S
kernel_outerloop_0_fifo_w16_d2_S
kernel_outerloop_0_fifo_w16_d2_S
kernel_outerloop_0_fifo_w16_d2_S
kernel_outerloop_0_fifo_w16_d2_S
kernel_outerloop_0_fifo_w16_d2_S
kernel_outerloop_0_fifo_w16_d2_S
kernel_outerloop_0_fifo_w16_d2_S
kernel_outerloop_0_fifo_w256_d10_A
kernel_outerloop_0_fifo_w16_d2_S
kernel_outerloop_0_fifo_w16_d2_S
kernel_outerloop_0_fifo_w16_d2_S
kernel_outerloop_0_fifo_w16_d2_S
kernel_outerloop_0_fifo_w16_d2_S
kernel_outerloop_0_fifo_w16_d2_S
kernel_outerloop_0_fifo_w16_d2_S
kernel_outerloop_0_fifo_w16_d2_S
kernel_outerloop_0_fifo_w16_d2_S
kernel_outerloop_0_fifo_w16_d2_S
kernel_outerloop_0_fifo_w256_d10_A
kernel_outerloop_0_fifo_w16_d2_S
kernel_outerloop_0_fifo_w16_d2_S
kernel_outerloop_0_fifo_w16_d2_S
kernel_outerloop_0_fifo_w16_d2_S
kernel_outerloop_0_fifo_w16_d2_S
kernel_outerloop_0_fifo_w16_d2_S
kernel_outerloop_0_fifo_w16_d2_S
kernel_outerloop_0_fifo_w16_d2_S
kernel_outerloop_0_fifo_w16_d2_S
kernel_outerloop_0_fifo_w16_d2_S
kernel_outerloop_0_fifo_w256_d10_A
kernel_outerloop_0_start_for_joint_PE_outerloop_0_U0
kernel_outerloop_0_start_for_stream2axis_256u_256u_U0
kernel_outerloop_0_start_for_joint_PE_outerloop_0_1_U0
kernel_outerloop_0_start_for_joint_PE_outerloop_0_2_U0
kernel_outerloop_0_start_for_joint_PE_outerloop_0_3_U0
kernel_outerloop_0_start_for_joint_PE_outerloop_0_4_U0
kernel_outerloop_0_start_for_joint_PE_outerloop_0_5_U0
kernel_outerloop_0_start_for_joint_PE_outerloop_0_6_U0
kernel_outerloop_0_start_for_joint_PE_outerloop_0_7_U0
kernel_outerloop_0_start_for_joint_PE_outerloop_0_8_U0
kernel_outerloop_0_start_for_joint_PE_outerloop_0_9_U0
kernel_outerloop_0_start_for_joint_PE_outerloop_0_10_U0
kernel_outerloop_0_start_for_joint_PE_outerloop_0_11_U0
kernel_outerloop_0_start_for_joint_PE_outerloop_0_12_U0
kernel_outerloop_0_start_for_joint_PE_outerloop_0_13_U0
kernel_outerloop_0_control_s_axi
kernel_outerloop_0_regslice_both
kernel_outerloop_0_regslice_both
kernel_outerloop_0_regslice_both
kernel_outerloop_0_regslice_both
kernel_outerloop_0_regslice_both
kernel_outerloop_0_regslice_both
kernel_outerloop_0_regslice_both
kernel_outerloop_0_regslice_both
entry_proc
axis2stream_256u_256u_Pipeline_VITIS_LOOP_1521_1
axis2stream_256u_256u_s
kernel_jac3D_kernel_stencil_core
stencilRun_Pipeline_VITIS_LOOP_194_1
stencilRun
joint_PE_outerloop_0
joint_PE_outerloop_0_1
joint_PE_outerloop_0_2
joint_PE_outerloop_0_3
joint_PE_outerloop_0_4
joint_PE_outerloop_0_5
joint_PE_outerloop_0_6
joint_PE_outerloop_0_7
joint_PE_outerloop_0_8
joint_PE_outerloop_0_9
joint_PE_outerloop_0_10
joint_PE_outerloop_0_11
joint_PE_outerloop_0_12
joint_PE_outerloop_0_13
stream2axis_256u_256u_Pipeline_VITIS_LOOP_1897_1
stream2axis_256u_256u_s
kernel_outerloop_0_dataflow_region
kernel_outerloop_0
' rtl_lang='both' bootstrap_tcl='false' outdir='' outfilename=''
Execute         source /home/x_thileeb/repos/ops-hls-pact25-artifact/codegen_apps/jacobian3d/vck5000_project/hls/build/hw/temp_dir/kernel_outerloop_0/kernel_outerloop_0/kernel_outerloop_0/solution/.autopilot/db/global.setting.tcl 
Execute         source /home/x_thileeb/repos/ops-hls-pact25-artifact/codegen_apps/jacobian3d/vck5000_project/hls/build/hw/temp_dir/kernel_outerloop_0/kernel_outerloop_0/kernel_outerloop_0/solution/.autopilot/db/global.setting.tcl 
Execute         get_solution -flow_target 
Execute         source /home/x_thileeb/repos/ops-hls-pact25-artifact/codegen_apps/jacobian3d/vck5000_project/hls/build/hw/temp_dir/kernel_outerloop_0/kernel_outerloop_0/kernel_outerloop_0/solution/.autopilot/db/top-io-be.tcl 
Execute         source /home/x_thileeb/repos/ops-hls-pact25-artifact/codegen_apps/jacobian3d/vck5000_project/hls/build/hw/temp_dir/kernel_outerloop_0/kernel_outerloop_0/kernel_outerloop_0/solution/.autopilot/db/kernel_outerloop_0.tbgen.tcl 
Execute         source /home/x_thileeb/repos/ops-hls-pact25-artifact/codegen_apps/jacobian3d/vck5000_project/hls/build/hw/temp_dir/kernel_outerloop_0/kernel_outerloop_0/kernel_outerloop_0/solution/.autopilot/db/kernel_outerloop_0.compgen.dataonly.tcl 
Execute         get_config_interface -s_axilite_interrupt_mode 
Execute         source /home/x_thileeb/repos/ops-hls-pact25-artifact/codegen_apps/jacobian3d/vck5000_project/hls/build/hw/temp_dir/kernel_outerloop_0/kernel_outerloop_0/kernel_outerloop_0/solution/.autopilot/db/kernel_outerloop_0.compgen.dataonly.tcl 
Execute         source /home/x_thileeb/repos/ops-hls-pact25-artifact/codegen_apps/jacobian3d/vck5000_project/hls/build/hw/temp_dir/kernel_outerloop_0/kernel_outerloop_0/kernel_outerloop_0/solution/.autopilot/db/kernel_outerloop_0.rtl_wrap.cfg.tcl 
Execute         source /home/x_thileeb/repos/ops-hls-pact25-artifact/codegen_apps/jacobian3d/vck5000_project/hls/build/hw/temp_dir/kernel_outerloop_0/kernel_outerloop_0/kernel_outerloop_0/solution/.autopilot/db/kernel_outerloop_0.compgen.dataonly.tcl 
Execute         get_config_export -format 
Execute         get_config_export -output 
Execute         get_config_export -vendor 
Execute         get_config_export -library 
Execute         get_config_export -version 
Execute         get_config_export -ipname 
Execute         get_config_export -taxonomy 
Execute         get_config_export -description 
Execute         get_config_export -display_name 
Execute         source /home/x_thileeb/repos/ops-hls-pact25-artifact/codegen_apps/jacobian3d/vck5000_project/hls/build/hw/temp_dir/kernel_outerloop_0/kernel_outerloop_0/kernel_outerloop_0/solution/.autopilot/db/entry_proc.tbgen.tcl 
Execute         source /home/x_thileeb/repos/ops-hls-pact25-artifact/codegen_apps/jacobian3d/vck5000_project/hls/build/hw/temp_dir/kernel_outerloop_0/kernel_outerloop_0/kernel_outerloop_0/solution/.autopilot/db/axis2stream_256u_256u_Pipeline_VITIS_LOOP_1521_1.tbgen.tcl 
Execute         source /home/x_thileeb/repos/ops-hls-pact25-artifact/codegen_apps/jacobian3d/vck5000_project/hls/build/hw/temp_dir/kernel_outerloop_0/kernel_outerloop_0/kernel_outerloop_0/solution/.autopilot/db/axis2stream_256u_256u_s.tbgen.tcl 
Execute         source /home/x_thileeb/repos/ops-hls-pact25-artifact/codegen_apps/jacobian3d/vck5000_project/hls/build/hw/temp_dir/kernel_outerloop_0/kernel_outerloop_0/kernel_outerloop_0/solution/.autopilot/db/kernel_jac3D_kernel_stencil_core.tbgen.tcl 
Execute         source /home/x_thileeb/repos/ops-hls-pact25-artifact/codegen_apps/jacobian3d/vck5000_project/hls/build/hw/temp_dir/kernel_outerloop_0/kernel_outerloop_0/kernel_outerloop_0/solution/.autopilot/db/stencilRun_Pipeline_VITIS_LOOP_194_1.tbgen.tcl 
Execute         source /home/x_thileeb/repos/ops-hls-pact25-artifact/codegen_apps/jacobian3d/vck5000_project/hls/build/hw/temp_dir/kernel_outerloop_0/kernel_outerloop_0/kernel_outerloop_0/solution/.autopilot/db/stencilRun.tbgen.tcl 
Execute         source /home/x_thileeb/repos/ops-hls-pact25-artifact/codegen_apps/jacobian3d/vck5000_project/hls/build/hw/temp_dir/kernel_outerloop_0/kernel_outerloop_0/kernel_outerloop_0/solution/.autopilot/db/joint_PE_outerloop_0.tbgen.tcl 
Execute         source /home/x_thileeb/repos/ops-hls-pact25-artifact/codegen_apps/jacobian3d/vck5000_project/hls/build/hw/temp_dir/kernel_outerloop_0/kernel_outerloop_0/kernel_outerloop_0/solution/.autopilot/db/joint_PE_outerloop_0_1.tbgen.tcl 
Execute         source /home/x_thileeb/repos/ops-hls-pact25-artifact/codegen_apps/jacobian3d/vck5000_project/hls/build/hw/temp_dir/kernel_outerloop_0/kernel_outerloop_0/kernel_outerloop_0/solution/.autopilot/db/joint_PE_outerloop_0_2.tbgen.tcl 
Execute         source /home/x_thileeb/repos/ops-hls-pact25-artifact/codegen_apps/jacobian3d/vck5000_project/hls/build/hw/temp_dir/kernel_outerloop_0/kernel_outerloop_0/kernel_outerloop_0/solution/.autopilot/db/joint_PE_outerloop_0_3.tbgen.tcl 
Execute         source /home/x_thileeb/repos/ops-hls-pact25-artifact/codegen_apps/jacobian3d/vck5000_project/hls/build/hw/temp_dir/kernel_outerloop_0/kernel_outerloop_0/kernel_outerloop_0/solution/.autopilot/db/joint_PE_outerloop_0_4.tbgen.tcl 
Execute         source /home/x_thileeb/repos/ops-hls-pact25-artifact/codegen_apps/jacobian3d/vck5000_project/hls/build/hw/temp_dir/kernel_outerloop_0/kernel_outerloop_0/kernel_outerloop_0/solution/.autopilot/db/joint_PE_outerloop_0_5.tbgen.tcl 
Execute         source /home/x_thileeb/repos/ops-hls-pact25-artifact/codegen_apps/jacobian3d/vck5000_project/hls/build/hw/temp_dir/kernel_outerloop_0/kernel_outerloop_0/kernel_outerloop_0/solution/.autopilot/db/joint_PE_outerloop_0_6.tbgen.tcl 
Execute         source /home/x_thileeb/repos/ops-hls-pact25-artifact/codegen_apps/jacobian3d/vck5000_project/hls/build/hw/temp_dir/kernel_outerloop_0/kernel_outerloop_0/kernel_outerloop_0/solution/.autopilot/db/joint_PE_outerloop_0_7.tbgen.tcl 
Execute         source /home/x_thileeb/repos/ops-hls-pact25-artifact/codegen_apps/jacobian3d/vck5000_project/hls/build/hw/temp_dir/kernel_outerloop_0/kernel_outerloop_0/kernel_outerloop_0/solution/.autopilot/db/joint_PE_outerloop_0_8.tbgen.tcl 
Execute         source /home/x_thileeb/repos/ops-hls-pact25-artifact/codegen_apps/jacobian3d/vck5000_project/hls/build/hw/temp_dir/kernel_outerloop_0/kernel_outerloop_0/kernel_outerloop_0/solution/.autopilot/db/joint_PE_outerloop_0_9.tbgen.tcl 
Execute         source /home/x_thileeb/repos/ops-hls-pact25-artifact/codegen_apps/jacobian3d/vck5000_project/hls/build/hw/temp_dir/kernel_outerloop_0/kernel_outerloop_0/kernel_outerloop_0/solution/.autopilot/db/joint_PE_outerloop_0_10.tbgen.tcl 
Execute         source /home/x_thileeb/repos/ops-hls-pact25-artifact/codegen_apps/jacobian3d/vck5000_project/hls/build/hw/temp_dir/kernel_outerloop_0/kernel_outerloop_0/kernel_outerloop_0/solution/.autopilot/db/joint_PE_outerloop_0_11.tbgen.tcl 
Execute         source /home/x_thileeb/repos/ops-hls-pact25-artifact/codegen_apps/jacobian3d/vck5000_project/hls/build/hw/temp_dir/kernel_outerloop_0/kernel_outerloop_0/kernel_outerloop_0/solution/.autopilot/db/joint_PE_outerloop_0_12.tbgen.tcl 
Execute         source /home/x_thileeb/repos/ops-hls-pact25-artifact/codegen_apps/jacobian3d/vck5000_project/hls/build/hw/temp_dir/kernel_outerloop_0/kernel_outerloop_0/kernel_outerloop_0/solution/.autopilot/db/joint_PE_outerloop_0_13.tbgen.tcl 
Execute         source /home/x_thileeb/repos/ops-hls-pact25-artifact/codegen_apps/jacobian3d/vck5000_project/hls/build/hw/temp_dir/kernel_outerloop_0/kernel_outerloop_0/kernel_outerloop_0/solution/.autopilot/db/stream2axis_256u_256u_Pipeline_VITIS_LOOP_1897_1.tbgen.tcl 
Execute         source /home/x_thileeb/repos/ops-hls-pact25-artifact/codegen_apps/jacobian3d/vck5000_project/hls/build/hw/temp_dir/kernel_outerloop_0/kernel_outerloop_0/kernel_outerloop_0/solution/.autopilot/db/stream2axis_256u_256u_s.tbgen.tcl 
Execute         source /home/x_thileeb/repos/ops-hls-pact25-artifact/codegen_apps/jacobian3d/vck5000_project/hls/build/hw/temp_dir/kernel_outerloop_0/kernel_outerloop_0/kernel_outerloop_0/solution/.autopilot/db/kernel_outerloop_0_dataflow_region.tbgen.tcl 
Execute         source /home/x_thileeb/repos/ops-hls-pact25-artifact/codegen_apps/jacobian3d/vck5000_project/hls/build/hw/temp_dir/kernel_outerloop_0/kernel_outerloop_0/kernel_outerloop_0/solution/.autopilot/db/kernel_outerloop_0.tbgen.tcl 
Execute         source /home/x_thileeb/repos/ops-hls-pact25-artifact/codegen_apps/jacobian3d/vck5000_project/hls/build/hw/temp_dir/kernel_outerloop_0/kernel_outerloop_0/kernel_outerloop_0/solution/.autopilot/db/global.setting.tcl 
Execute         ap_part_info -name xcvc1902-vsvd1760-2MP-e-S -data names -quiet 
Execute         ap_part_info -name xcvc1902-vsvd1760-2MP-e-S -data info -quiet 
Execute         get_solution -flow_target 
Execute         get_config_rtl -kernel_profile 
Execute         get_config_rtl -kernel_profile 
Execute         get_config_rtl -stall_sig_gen 
Execute         get_config_rtl -profile 
Execute         source /home/x_thileeb/repos/ops-hls-pact25-artifact/codegen_apps/jacobian3d/vck5000_project/hls/build/hw/temp_dir/kernel_outerloop_0/kernel_outerloop_0/kernel_outerloop_0/solution/.autopilot/db/kernel_outerloop_0.constraint.tcl 
Execute         sc_get_clocks kernel_outerloop_0 
Execute         source /home/x_thileeb/repos/ops-hls-pact25-artifact/codegen_apps/jacobian3d/vck5000_project/hls/build/hw/temp_dir/kernel_outerloop_0/kernel_outerloop_0/kernel_outerloop_0/solution/.autopilot/db/global.setting.tcl 
Execute         get_config_export -ip_xdc_file 
Execute         get_config_export -ip_xdc_ooc_file 
Execute         get_config_debug -directory 
Execute         source /home/x_thileeb/repos/ops-hls-pact25-artifact/codegen_apps/jacobian3d/vck5000_project/hls/build/hw/temp_dir/kernel_outerloop_0/kernel_outerloop_0/kernel_outerloop_0/solution/impl/misc/kernel_outerloop_0_fadd_32ns_32ns_32_2_primitive_dsp_0_ip.tcl 
Execute         source /home/x_thileeb/repos/ops-hls-pact25-artifact/codegen_apps/jacobian3d/vck5000_project/hls/build/hw/temp_dir/kernel_outerloop_0/kernel_outerloop_0/kernel_outerloop_0/solution/impl/misc/kernel_outerloop_0_fmadd_32ns_32ns_32ns_32ns_32_3_primitive_dsp_0_ip.tcl 
Execute         source /home/x_thileeb/repos/ops-hls-pact25-artifact/codegen_apps/jacobian3d/vck5000_project/hls/build/hw/temp_dir/kernel_outerloop_0/kernel_outerloop_0/kernel_outerloop_0/solution/impl/misc/kernel_outerloop_0_fmul_32ns_32ns_32_3_primitive_dsp_0_ip.tcl 
INFO-FLOW: DBG:PROC: ::HLSREPORTS::add_csynth_report_sections bind_info_dict='adapter_nodes {{BINDTYPE adapter DISPLAY {bind_adapter axilite} ID {} IMPL {} LATENCY {} OPTYPE {} PRAGMA yes RTLNAME control_s_axi_U SOURCE {} VARIABLE {} MODULE kernel_outerloop_0 LOOP {} BUNDLEDNAME control DSP 0 BRAM 0 URAM 0}} report_dict {TOPINST kernel_outerloop_0 MODULE2INSTS {kernel_outerloop_0 kernel_outerloop_0 kernel_outerloop_0_dataflow_region grp_kernel_outerloop_0_dataflow_region_fu_188 entry_proc entry_proc_U0 axis2stream_256u_256u_s axis2stream_256u_256u_U0 axis2stream_256u_256u_Pipeline_VITIS_LOOP_1521_1 grp_axis2stream_256u_256u_Pipeline_VITIS_LOOP_1521_1_fu_66 joint_PE_outerloop_0 joint_PE_outerloop_0_U0 stencilRun {grp_stencilRun_fu_210 grp_stencilRun_fu_210 grp_stencilRun_fu_210 grp_stencilRun_fu_210 grp_stencilRun_fu_210 grp_stencilRun_fu_210 grp_stencilRun_fu_210 grp_stencilRun_fu_210 grp_stencilRun_fu_210 grp_stencilRun_fu_210 grp_stencilRun_fu_210 grp_stencilRun_fu_210 grp_stencilRun_fu_210 grp_stencilRun_fu_108} stencilRun_Pipeline_VITIS_LOOP_194_1 {grp_stencilRun_Pipeline_VITIS_LOOP_194_1_fu_132 grp_stencilRun_Pipeline_VITIS_LOOP_194_1_fu_132 grp_stencilRun_Pipeline_VITIS_LOOP_194_1_fu_132 grp_stencilRun_Pipeline_VITIS_LOOP_194_1_fu_132 grp_stencilRun_Pipeline_VITIS_LOOP_194_1_fu_132 grp_stencilRun_Pipeline_VITIS_LOOP_194_1_fu_132 grp_stencilRun_Pipeline_VITIS_LOOP_194_1_fu_132 grp_stencilRun_Pipeline_VITIS_LOOP_194_1_fu_132 grp_stencilRun_Pipeline_VITIS_LOOP_194_1_fu_132 grp_stencilRun_Pipeline_VITIS_LOOP_194_1_fu_132 grp_stencilRun_Pipeline_VITIS_LOOP_194_1_fu_132 grp_stencilRun_Pipeline_VITIS_LOOP_194_1_fu_132 grp_stencilRun_Pipeline_VITIS_LOOP_194_1_fu_132 grp_stencilRun_Pipeline_VITIS_LOOP_194_1_fu_132} kernel_jac3D_kernel_stencil_core {grp_kernel_jac3D_kernel_stencil_core_fu_509 grp_kernel_jac3D_kernel_stencil_core_fu_521 grp_kernel_jac3D_kernel_stencil_core_fu_533 grp_kernel_jac3D_kernel_stencil_core_fu_545 grp_kernel_jac3D_kernel_stencil_core_fu_557 grp_kernel_jac3D_kernel_stencil_core_fu_569 grp_kernel_jac3D_kernel_stencil_core_fu_580 grp_kernel_jac3D_kernel_stencil_core_fu_591 grp_kernel_jac3D_kernel_stencil_core_fu_509 grp_kernel_jac3D_kernel_stencil_core_fu_521 grp_kernel_jac3D_kernel_stencil_core_fu_533 grp_kernel_jac3D_kernel_stencil_core_fu_545 grp_kernel_jac3D_kernel_stencil_core_fu_557 grp_kernel_jac3D_kernel_stencil_core_fu_569 grp_kernel_jac3D_kernel_stencil_core_fu_580 grp_kernel_jac3D_kernel_stencil_core_fu_591 grp_kernel_jac3D_kernel_stencil_core_fu_509 grp_kernel_jac3D_kernel_stencil_core_fu_521 grp_kernel_jac3D_kernel_stencil_core_fu_533 grp_kernel_jac3D_kernel_stencil_core_fu_545 grp_kernel_jac3D_kernel_stencil_core_fu_557 grp_kernel_jac3D_kernel_stencil_core_fu_569 grp_kernel_jac3D_kernel_stencil_core_fu_580 grp_kernel_jac3D_kernel_stencil_core_fu_591 grp_kernel_jac3D_kernel_stencil_core_fu_509 grp_kernel_jac3D_kernel_stencil_core_fu_521 grp_kernel_jac3D_kernel_stencil_core_fu_533 grp_kernel_jac3D_kernel_stencil_core_fu_545 grp_kernel_jac3D_kernel_stencil_core_fu_557 grp_kernel_jac3D_kernel_stencil_core_fu_569 grp_kernel_jac3D_kernel_stencil_core_fu_580 grp_kernel_jac3D_kernel_stencil_core_fu_591 grp_kernel_jac3D_kernel_stencil_core_fu_509 grp_kernel_jac3D_kernel_stencil_core_fu_521 grp_kernel_jac3D_kernel_stencil_core_fu_533 grp_kernel_jac3D_kernel_stencil_core_fu_545 grp_kernel_jac3D_kernel_stencil_core_fu_557 grp_kernel_jac3D_kernel_stencil_core_fu_569 grp_kernel_jac3D_kernel_stencil_core_fu_580 grp_kernel_jac3D_kernel_stencil_core_fu_591 grp_kernel_jac3D_kernel_stencil_core_fu_509 grp_kernel_jac3D_kernel_stencil_core_fu_521 grp_kernel_jac3D_kernel_stencil_core_fu_533 grp_kernel_jac3D_kernel_stencil_core_fu_545 grp_kernel_jac3D_kernel_stencil_core_fu_557 grp_kernel_jac3D_kernel_stencil_core_fu_569 grp_kernel_jac3D_kernel_stencil_core_fu_580 grp_kernel_jac3D_kernel_stencil_core_fu_591 grp_kernel_jac3D_kernel_stencil_core_fu_509 grp_kernel_jac3D_kernel_stencil_core_fu_521 grp_kernel_jac3D_kernel_stencil_core_fu_533 grp_kernel_jac3D_kernel_stencil_core_fu_545 grp_kernel_jac3D_kernel_stencil_core_fu_557 grp_kernel_jac3D_kernel_stencil_core_fu_569 grp_kernel_jac3D_kernel_stencil_core_fu_580 grp_kernel_jac3D_kernel_stencil_core_fu_591 grp_kernel_jac3D_kernel_stencil_core_fu_509 grp_kernel_jac3D_kernel_stencil_core_fu_521 grp_kernel_jac3D_kernel_stencil_core_fu_533 grp_kernel_jac3D_kernel_stencil_core_fu_545 grp_kernel_jac3D_kernel_stencil_core_fu_557 grp_kernel_jac3D_kernel_stencil_core_fu_569 grp_kernel_jac3D_kernel_stencil_core_fu_580 grp_kernel_jac3D_kernel_stencil_core_fu_591 grp_kernel_jac3D_kernel_stencil_core_fu_509 grp_kernel_jac3D_kernel_stencil_core_fu_521 grp_kernel_jac3D_kernel_stencil_core_fu_533 grp_kernel_jac3D_kernel_stencil_core_fu_545 grp_kernel_jac3D_kernel_stencil_core_fu_557 grp_kernel_jac3D_kernel_stencil_core_fu_569 grp_kernel_jac3D_kernel_stencil_core_fu_580 grp_kernel_jac3D_kernel_stencil_core_fu_591 grp_kernel_jac3D_kernel_stencil_core_fu_509 grp_kernel_jac3D_kernel_stencil_core_fu_521 grp_kernel_jac3D_kernel_stencil_core_fu_533 grp_kernel_jac3D_kernel_stencil_core_fu_545 grp_kernel_jac3D_kernel_stencil_core_fu_557 grp_kernel_jac3D_kernel_stencil_core_fu_569 grp_kernel_jac3D_kernel_stencil_core_fu_580 grp_kernel_jac3D_kernel_stencil_core_fu_591 grp_kernel_jac3D_kernel_stencil_core_fu_509 grp_kernel_jac3D_kernel_stencil_core_fu_521 grp_kernel_jac3D_kernel_stencil_core_fu_533 grp_kernel_jac3D_kernel_stencil_core_fu_545 grp_kernel_jac3D_kernel_stencil_core_fu_557 grp_kernel_jac3D_kernel_stencil_core_fu_569 grp_kernel_jac3D_kernel_stencil_core_fu_580 grp_kernel_jac3D_kernel_stencil_core_fu_591 grp_kernel_jac3D_kernel_stencil_core_fu_509 grp_kernel_jac3D_kernel_stencil_core_fu_521 grp_kernel_jac3D_kernel_stencil_core_fu_533 grp_kernel_jac3D_kernel_stencil_core_fu_545 grp_kernel_jac3D_kernel_stencil_core_fu_557 grp_kernel_jac3D_kernel_stencil_core_fu_569 grp_kernel_jac3D_kernel_stencil_core_fu_580 grp_kernel_jac3D_kernel_stencil_core_fu_591 grp_kernel_jac3D_kernel_stencil_core_fu_509 grp_kernel_jac3D_kernel_stencil_core_fu_521 grp_kernel_jac3D_kernel_stencil_core_fu_533 grp_kernel_jac3D_kernel_stencil_core_fu_545 grp_kernel_jac3D_kernel_stencil_core_fu_557 grp_kernel_jac3D_kernel_stencil_core_fu_569 grp_kernel_jac3D_kernel_stencil_core_fu_580 grp_kernel_jac3D_kernel_stencil_core_fu_591 grp_kernel_jac3D_kernel_stencil_core_fu_509 grp_kernel_jac3D_kernel_stencil_core_fu_521 grp_kernel_jac3D_kernel_stencil_core_fu_533 grp_kernel_jac3D_kernel_stencil_core_fu_545 grp_kernel_jac3D_kernel_stencil_core_fu_557 grp_kernel_jac3D_kernel_stencil_core_fu_569 grp_kernel_jac3D_kernel_stencil_core_fu_580 grp_kernel_jac3D_kernel_stencil_core_fu_591} joint_PE_outerloop_0_1 joint_PE_outerloop_0_1_U0 joint_PE_outerloop_0_2 joint_PE_outerloop_0_2_U0 joint_PE_outerloop_0_3 joint_PE_outerloop_0_3_U0 joint_PE_outerloop_0_4 joint_PE_outerloop_0_4_U0 joint_PE_outerloop_0_5 joint_PE_outerloop_0_5_U0 joint_PE_outerloop_0_6 joint_PE_outerloop_0_6_U0 joint_PE_outerloop_0_7 joint_PE_outerloop_0_7_U0 joint_PE_outerloop_0_8 joint_PE_outerloop_0_8_U0 joint_PE_outerloop_0_9 joint_PE_outerloop_0_9_U0 joint_PE_outerloop_0_10 joint_PE_outerloop_0_10_U0 joint_PE_outerloop_0_11 joint_PE_outerloop_0_11_U0 joint_PE_outerloop_0_12 joint_PE_outerloop_0_12_U0 joint_PE_outerloop_0_13 joint_PE_outerloop_0_13_U0 stream2axis_256u_256u_s stream2axis_256u_256u_U0 stream2axis_256u_256u_Pipeline_VITIS_LOOP_1897_1 grp_stream2axis_256u_256u_Pipeline_VITIS_LOOP_1897_1_fu_54} INST2MODULE {kernel_outerloop_0 kernel_outerloop_0 grp_kernel_outerloop_0_dataflow_region_fu_188 kernel_outerloop_0_dataflow_region entry_proc_U0 entry_proc axis2stream_256u_256u_U0 axis2stream_256u_256u_s grp_axis2stream_256u_256u_Pipeline_VITIS_LOOP_1521_1_fu_66 axis2stream_256u_256u_Pipeline_VITIS_LOOP_1521_1 joint_PE_outerloop_0_U0 joint_PE_outerloop_0 grp_stencilRun_fu_210 stencilRun grp_stencilRun_Pipeline_VITIS_LOOP_194_1_fu_132 stencilRun_Pipeline_VITIS_LOOP_194_1 grp_kernel_jac3D_kernel_stencil_core_fu_509 kernel_jac3D_kernel_stencil_core grp_kernel_jac3D_kernel_stencil_core_fu_521 kernel_jac3D_kernel_stencil_core grp_kernel_jac3D_kernel_stencil_core_fu_533 kernel_jac3D_kernel_stencil_core grp_kernel_jac3D_kernel_stencil_core_fu_545 kernel_jac3D_kernel_stencil_core grp_kernel_jac3D_kernel_stencil_core_fu_557 kernel_jac3D_kernel_stencil_core grp_kernel_jac3D_kernel_stencil_core_fu_569 kernel_jac3D_kernel_stencil_core grp_kernel_jac3D_kernel_stencil_core_fu_580 kernel_jac3D_kernel_stencil_core grp_kernel_jac3D_kernel_stencil_core_fu_591 kernel_jac3D_kernel_stencil_core joint_PE_outerloop_0_1_U0 joint_PE_outerloop_0_1 joint_PE_outerloop_0_2_U0 joint_PE_outerloop_0_2 joint_PE_outerloop_0_3_U0 joint_PE_outerloop_0_3 joint_PE_outerloop_0_4_U0 joint_PE_outerloop_0_4 joint_PE_outerloop_0_5_U0 joint_PE_outerloop_0_5 joint_PE_outerloop_0_6_U0 joint_PE_outerloop_0_6 joint_PE_outerloop_0_7_U0 joint_PE_outerloop_0_7 joint_PE_outerloop_0_8_U0 joint_PE_outerloop_0_8 joint_PE_outerloop_0_9_U0 joint_PE_outerloop_0_9 joint_PE_outerloop_0_10_U0 joint_PE_outerloop_0_10 joint_PE_outerloop_0_11_U0 joint_PE_outerloop_0_11 joint_PE_outerloop_0_12_U0 joint_PE_outerloop_0_12 joint_PE_outerloop_0_13_U0 joint_PE_outerloop_0_13 grp_stencilRun_fu_108 stencilRun stream2axis_256u_256u_U0 stream2axis_256u_256u_s grp_stream2axis_256u_256u_Pipeline_VITIS_LOOP_1897_1_fu_54 stream2axis_256u_256u_Pipeline_VITIS_LOOP_1897_1} INSTDATA {kernel_outerloop_0 {DEPTH 1 CHILDREN grp_kernel_outerloop_0_dataflow_region_fu_188} grp_kernel_outerloop_0_dataflow_region_fu_188 {DEPTH 2 CHILDREN {entry_proc_U0 axis2stream_256u_256u_U0 joint_PE_outerloop_0_U0 joint_PE_outerloop_0_1_U0 joint_PE_outerloop_0_2_U0 joint_PE_outerloop_0_3_U0 joint_PE_outerloop_0_4_U0 joint_PE_outerloop_0_5_U0 joint_PE_outerloop_0_6_U0 joint_PE_outerloop_0_7_U0 joint_PE_outerloop_0_8_U0 joint_PE_outerloop_0_9_U0 joint_PE_outerloop_0_10_U0 joint_PE_outerloop_0_11_U0 joint_PE_outerloop_0_12_U0 joint_PE_outerloop_0_13_U0 stream2axis_256u_256u_U0}} entry_proc_U0 {DEPTH 3 CHILDREN {}} axis2stream_256u_256u_U0 {DEPTH 3 CHILDREN grp_axis2stream_256u_256u_Pipeline_VITIS_LOOP_1521_1_fu_66} grp_axis2stream_256u_256u_Pipeline_VITIS_LOOP_1521_1_fu_66 {DEPTH 4 CHILDREN {}} joint_PE_outerloop_0_U0 {DEPTH 3 CHILDREN grp_stencilRun_fu_210} grp_stencilRun_fu_210 {DEPTH 4 CHILDREN grp_stencilRun_Pipeline_VITIS_LOOP_194_1_fu_132} grp_stencilRun_Pipeline_VITIS_LOOP_194_1_fu_132 {DEPTH 5 CHILDREN {grp_kernel_jac3D_kernel_stencil_core_fu_509 grp_kernel_jac3D_kernel_stencil_core_fu_521 grp_kernel_jac3D_kernel_stencil_core_fu_533 grp_kernel_jac3D_kernel_stencil_core_fu_545 grp_kernel_jac3D_kernel_stencil_core_fu_557 grp_kernel_jac3D_kernel_stencil_core_fu_569 grp_kernel_jac3D_kernel_stencil_core_fu_580 grp_kernel_jac3D_kernel_stencil_core_fu_591}} grp_kernel_jac3D_kernel_stencil_core_fu_509 {DEPTH 6 CHILDREN {}} grp_kernel_jac3D_kernel_stencil_core_fu_521 {DEPTH 6 CHILDREN {}} grp_kernel_jac3D_kernel_stencil_core_fu_533 {DEPTH 6 CHILDREN {}} grp_kernel_jac3D_kernel_stencil_core_fu_545 {DEPTH 6 CHILDREN {}} grp_kernel_jac3D_kernel_stencil_core_fu_557 {DEPTH 6 CHILDREN {}} grp_kernel_jac3D_kernel_stencil_core_fu_569 {DEPTH 6 CHILDREN {}} grp_kernel_jac3D_kernel_stencil_core_fu_580 {DEPTH 6 CHILDREN {}} grp_kernel_jac3D_kernel_stencil_core_fu_591 {DEPTH 6 CHILDREN {}} joint_PE_outerloop_0_1_U0 {DEPTH 3 CHILDREN grp_stencilRun_fu_210} joint_PE_outerloop_0_2_U0 {DEPTH 3 CHILDREN grp_stencilRun_fu_210} joint_PE_outerloop_0_3_U0 {DEPTH 3 CHILDREN grp_stencilRun_fu_210} joint_PE_outerloop_0_4_U0 {DEPTH 3 CHILDREN grp_stencilRun_fu_210} joint_PE_outerloop_0_5_U0 {DEPTH 3 CHILDREN grp_stencilRun_fu_210} joint_PE_outerloop_0_6_U0 {DEPTH 3 CHILDREN grp_stencilRun_fu_210} joint_PE_outerloop_0_7_U0 {DEPTH 3 CHILDREN grp_stencilRun_fu_210} joint_PE_outerloop_0_8_U0 {DEPTH 3 CHILDREN grp_stencilRun_fu_210} joint_PE_outerloop_0_9_U0 {DEPTH 3 CHILDREN grp_stencilRun_fu_210} joint_PE_outerloop_0_10_U0 {DEPTH 3 CHILDREN grp_stencilRun_fu_210} joint_PE_outerloop_0_11_U0 {DEPTH 3 CHILDREN grp_stencilRun_fu_210} joint_PE_outerloop_0_12_U0 {DEPTH 3 CHILDREN grp_stencilRun_fu_210} joint_PE_outerloop_0_13_U0 {DEPTH 3 CHILDREN grp_stencilRun_fu_108} grp_stencilRun_fu_108 {DEPTH 4 CHILDREN grp_stencilRun_Pipeline_VITIS_LOOP_194_1_fu_132} stream2axis_256u_256u_U0 {DEPTH 3 CHILDREN grp_stream2axis_256u_256u_Pipeline_VITIS_LOOP_1897_1_fu_54} grp_stream2axis_256u_256u_Pipeline_VITIS_LOOP_1897_1_fu_54 {DEPTH 4 CHILDREN {}}} MODULEDATA {axis2stream_256u_256u_Pipeline_VITIS_LOOP_1521_1 {BINDINFO {{BINDTYPE op ID {} IMPL fabric LATENCY 0 OPTYPE add PRAGMA {} RTLNAME itr_5_fu_83_p2 SOURCE /home/x_thileeb/repos/ops-hls-pact25-artifact/OPS/ops/hls/include/device/../../L1/include/ops_hls_datamover.hpp:1521 VARIABLE itr_5 LOOP VITIS_LOOP_1521_1 BUNDLEDNAME {} DSP 0 BRAM 0 URAM 0 DISPNAME {bind_op add}}} AREA {DSP 0 BRAM 0 URAM 0}} axis2stream_256u_256u_s {BINDINFO {{BINDTYPE op ID {} IMPL fabric LATENCY 0 OPTYPE add PRAGMA {} RTLNAME add_ln1512_fu_81_p2 SOURCE /home/x_thileeb/repos/ops-hls-pact25-artifact/OPS/ops/hls/include/device/../../L1/include/ops_hls_datamover.hpp:1512 VARIABLE add_ln1512 LOOP {} BUNDLEDNAME {} DSP 0 BRAM 0 URAM 0 DISPNAME {bind_op add}}} AREA {DSP 0 BRAM 0 URAM 0}} kernel_jac3D_kernel_stencil_core {BINDINFO {{BINDTYPE op ID {} IMPL primitivedsp LATENCY 2 OPTYPE fmul PRAGMA {} RTLNAME fmul_32ns_32ns_32_3_primitive_dsp_0_U36 SOURCE /home/x_thileeb/repos/ops-hls-pact25-artifact/codegen_apps/jacobian3d/vck5000_project/hls/device/include/PE_jac3D_kernel_stencil.hpp:45 VARIABLE tmp2 LOOP {} BUNDLEDNAME {} DSP 1 BRAM 0 URAM 0 DISPNAME {bind_op fmul}} {BINDTYPE op ID {} IMPL primitivedsp LATENCY 2 OPTYPE fmul PRAGMA {} RTLNAME fmul_32ns_32ns_32_3_primitive_dsp_0_U37 SOURCE /home/x_thileeb/repos/ops-hls-pact25-artifact/codegen_apps/jacobian3d/vck5000_project/hls/device/include/PE_jac3D_kernel_stencil.hpp:47 VARIABLE tmp4 LOOP {} BUNDLEDNAME {} DSP 1 BRAM 0 URAM 0 DISPNAME {bind_op fmul}} {BINDTYPE op ID {} IMPL primitivedsp LATENCY 2 OPTYPE fmul PRAGMA {} RTLNAME fmul_32ns_32ns_32_3_primitive_dsp_0_U38 SOURCE /home/x_thileeb/repos/ops-hls-pact25-artifact/codegen_apps/jacobian3d/vck5000_project/hls/device/include/PE_jac3D_kernel_stencil.hpp:49 VARIABLE tmp6 LOOP {} BUNDLEDNAME {} DSP 1 BRAM 0 URAM 0 DISPNAME {bind_op fmul}} {BINDTYPE op ID {} IMPL primitivedsp LATENCY 1 OPTYPE fadd PRAGMA {} RTLNAME fadd_32ns_32ns_32_2_primitive_dsp_0_U34 SOURCE /home/x_thileeb/repos/ops-hls-pact25-artifact/codegen_apps/jacobian3d/vck5000_project/hls/device/include/PE_jac3D_kernel_stencil.hpp:55 VARIABLE tmp12 LOOP {} BUNDLEDNAME {} DSP 1 BRAM 0 URAM 0 DISPNAME {bind_op fadd}} {BINDTYPE op ID {} IMPL primitivedsp LATENCY 1 OPTYPE fadd PRAGMA {} RTLNAME fadd_32ns_32ns_32_2_primitive_dsp_0_U35 SOURCE /home/x_thileeb/repos/ops-hls-pact25-artifact/codegen_apps/jacobian3d/vck5000_project/hls/device/include/PE_jac3D_kernel_stencil.hpp:56 VARIABLE reg_1_0_write_assign LOOP {} BUNDLEDNAME {} DSP 1 BRAM 0 URAM 0 DISPNAME {bind_op fadd}}} AREA {DSP 9 BRAM 0 URAM 0}} stencilRun_Pipeline_VITIS_LOOP_194_1 {BINDINFO {{BINDTYPE op ID {} IMPL fabric LATENCY 0 OPTYPE add PRAGMA {} RTLNAME itr_fu_734_p2 SOURCE /home/x_thileeb/repos/ops-hls-pact25-artifact/codegen_apps/jacobian3d/vck5000_project/hls/device/include/PE_jac3D_kernel_stencil.hpp:194 VARIABLE itr LOOP VITIS_LOOP_194_1 BUNDLEDNAME {} DSP 0 BRAM 0 URAM 0 DISPNAME {bind_op add}} {BINDTYPE op ID {} IMPL fabric LATENCY 0 OPTYPE add PRAGMA {} RTLNAME i_1_fu_1182_p2 SOURCE /home/x_thileeb/repos/ops-hls-pact25-artifact/codegen_apps/jacobian3d/vck5000_project/hls/device/include/PE_jac3D_kernel_stencil.hpp:233 VARIABLE i_1 LOOP VITIS_LOOP_194_1 BUNDLEDNAME {} DSP 0 BRAM 0 URAM 0 DISPNAME {bind_op add}} {BINDTYPE op ID {} IMPL fabric LATENCY 0 OPTYPE add PRAGMA {} RTLNAME add_ln237_fu_1214_p2 SOURCE /home/x_thileeb/repos/ops-hls-pact25-artifact/codegen_apps/jacobian3d/vck5000_project/hls/device/include/PE_jac3D_kernel_stencil.hpp:237 VARIABLE add_ln237 LOOP VITIS_LOOP_194_1 BUNDLEDNAME {} DSP 0 BRAM 0 URAM 0 DISPNAME {bind_op add}} {BINDTYPE op ID {} IMPL fabric LATENCY 0 OPTYPE add PRAGMA {} RTLNAME add_ln241_fu_1627_p2 SOURCE /home/x_thileeb/repos/ops-hls-pact25-artifact/codegen_apps/jacobian3d/vck5000_project/hls/device/include/PE_jac3D_kernel_stencil.hpp:241 VARIABLE add_ln241 LOOP VITIS_LOOP_194_1 BUNDLEDNAME {} DSP 0 BRAM 0 URAM 0 DISPNAME {bind_op add}} {BINDTYPE op ID {} IMPL fabric LATENCY 0 OPTYPE add PRAGMA {} RTLNAME S3D_7PT_buf_p0_1_rd_1_fu_1875_p2 SOURCE /home/x_thileeb/repos/ops-hls-pact25-artifact/codegen_apps/jacobian3d/vck5000_project/hls/device/include/PE_jac3D_kernel_stencil.hpp:273 VARIABLE S3D_7PT_buf_p0_1_rd_1 LOOP VITIS_LOOP_194_1 BUNDLEDNAME {} DSP 0 BRAM 0 URAM 0 DISPNAME {bind_op add}} {BINDTYPE op ID {} IMPL fabric LATENCY 0 OPTYPE add PRAGMA {} RTLNAME S3D_7PT_buf_p0_1_wr_1_fu_1681_p2 SOURCE /home/x_thileeb/repos/ops-hls-pact25-artifact/codegen_apps/jacobian3d/vck5000_project/hls/device/include/PE_jac3D_kernel_stencil.hpp:278 VARIABLE S3D_7PT_buf_p0_1_wr_1 LOOP VITIS_LOOP_194_1 BUNDLEDNAME {} DSP 0 BRAM 0 URAM 0 DISPNAME {bind_op add}} {BINDTYPE op ID {} IMPL fabric LATENCY 0 OPTYPE add PRAGMA {} RTLNAME S3D_7PT_buf_r0_1_p1_rd_1_fu_1282_p2 SOURCE /home/x_thileeb/repos/ops-hls-pact25-artifact/codegen_apps/jacobian3d/vck5000_project/hls/device/include/PE_jac3D_kernel_stencil.hpp:285 VARIABLE S3D_7PT_buf_r0_1_p1_rd_1 LOOP VITIS_LOOP_194_1 BUNDLEDNAME {} DSP 0 BRAM 0 URAM 0 DISPNAME {bind_op add}} {BINDTYPE op ID {} IMPL fabric LATENCY 0 OPTYPE add PRAGMA {} RTLNAME S3D_7PT_buf_r0_1_p1_wr_1_fu_1110_p2 SOURCE /home/x_thileeb/repos/ops-hls-pact25-artifact/codegen_apps/jacobian3d/vck5000_project/hls/device/include/PE_jac3D_kernel_stencil.hpp:290 VARIABLE S3D_7PT_buf_r0_1_p1_wr_1 LOOP VITIS_LOOP_194_1 BUNDLEDNAME {} DSP 0 BRAM 0 URAM 0 DISPNAME {bind_op add}} {BINDTYPE op ID {} IMPL fabric LATENCY 0 OPTYPE add PRAGMA {} RTLNAME S3D_7PT_buf_r1_2_p1_rd_1_fu_1139_p2 SOURCE /home/x_thileeb/repos/ops-hls-pact25-artifact/codegen_apps/jacobian3d/vck5000_project/hls/device/include/PE_jac3D_kernel_stencil.hpp:297 VARIABLE S3D_7PT_buf_r1_2_p1_rd_1 LOOP VITIS_LOOP_194_1 BUNDLEDNAME {} DSP 0 BRAM 0 URAM 0 DISPNAME {bind_op add}} {BINDTYPE op ID {} IMPL fabric LATENCY 0 OPTYPE add PRAGMA {} RTLNAME S3D_7PT_buf_r1_2_p1_wr_1_fu_966_p2 SOURCE /home/x_thileeb/repos/ops-hls-pact25-artifact/codegen_apps/jacobian3d/vck5000_project/hls/device/include/PE_jac3D_kernel_stencil.hpp:302 VARIABLE S3D_7PT_buf_r1_2_p1_wr_1 LOOP VITIS_LOOP_194_1 BUNDLEDNAME {} DSP 0 BRAM 0 URAM 0 DISPNAME {bind_op add}} {BINDTYPE op ID {} IMPL fabric LATENCY 0 OPTYPE add PRAGMA {} RTLNAME S3D_7PT_buf_p1_2_rd_1_fu_836_p2 SOURCE /home/x_thileeb/repos/ops-hls-pact25-artifact/codegen_apps/jacobian3d/vck5000_project/hls/device/include/PE_jac3D_kernel_stencil.hpp:309 VARIABLE S3D_7PT_buf_p1_2_rd_1 LOOP VITIS_LOOP_194_1 BUNDLEDNAME {} DSP 0 BRAM 0 URAM 0 DISPNAME {bind_op add}} {BINDTYPE op ID {} IMPL fabric LATENCY 0 OPTYPE add PRAGMA {} RTLNAME S3D_7PT_buf_p1_2_wr_1_fu_781_p2 SOURCE /home/x_thileeb/repos/ops-hls-pact25-artifact/codegen_apps/jacobian3d/vck5000_project/hls/device/include/PE_jac3D_kernel_stencil.hpp:314 VARIABLE S3D_7PT_buf_p1_2_wr_1 LOOP VITIS_LOOP_194_1 BUNDLEDNAME {} DSP 0 BRAM 0 URAM 0 DISPNAME {bind_op add}}} AREA {DSP 72 BRAM 0 URAM 0}} stencilRun {BINDINFO {{BINDTYPE storage ID {} IMPL uram LATENCY 1 OPTYPE ram_s2p PRAGMA yes RTLNAME arg0_buf_p0_1_V_U SOURCE /home/x_thileeb/repos/ops-hls-pact25-artifact/codegen_apps/jacobian3d/vck5000_project/hls/device/include/PE_jac3D_kernel_stencil.hpp:170 VARIABLE arg0_buf_p0_1_V LOOP {} BUNDLEDNAME {} DSP 0 BRAM 0 URAM 8 DISPNAME {bind_storage ram_s2p}} {BINDTYPE storage ID {} IMPL bram LATENCY 1 OPTYPE ram_s2p PRAGMA yes RTLNAME arg0_buf_r0_1_p1_V_U SOURCE /home/x_thileeb/repos/ops-hls-pact25-artifact/codegen_apps/jacobian3d/vck5000_project/hls/device/include/PE_jac3D_kernel_stencil.hpp:172 VARIABLE arg0_buf_r0_1_p1_V LOOP {} BUNDLEDNAME {} DSP 0 BRAM 8 URAM 0 DISPNAME {bind_storage ram_s2p}} {BINDTYPE storage ID {} IMPL bram LATENCY 1 OPTYPE ram_s2p PRAGMA yes RTLNAME arg0_buf_r1_2_p1_V_U SOURCE /home/x_thileeb/repos/ops-hls-pact25-artifact/codegen_apps/jacobian3d/vck5000_project/hls/device/include/PE_jac3D_kernel_stencil.hpp:174 VARIABLE arg0_buf_r1_2_p1_V LOOP {} BUNDLEDNAME {} DSP 0 BRAM 8 URAM 0 DISPNAME {bind_storage ram_s2p}} {BINDTYPE storage ID {} IMPL uram LATENCY 1 OPTYPE ram_s2p PRAGMA yes RTLNAME arg0_buf_p1_2_V_U SOURCE /home/x_thileeb/repos/ops-hls-pact25-artifact/codegen_apps/jacobian3d/vck5000_project/hls/device/include/PE_jac3D_kernel_stencil.hpp:176 VARIABLE arg0_buf_p1_2_V LOOP {} BUNDLEDNAME {} DSP 0 BRAM 0 URAM 8 DISPNAME {bind_storage ram_s2p}} {BINDTYPE op ID {} IMPL dsp48 LATENCY 3 OPTYPE mul PRAGMA {} RTLNAME mac_muladd_16ns_16ns_1s_16_4_1_U76 SOURCE /home/x_thileeb/repos/ops-hls-pact25-artifact/codegen_apps/jacobian3d/vck5000_project/hls/device/include/PE_jac3D_kernel_stencil.hpp:96 VARIABLE mul_ln96 LOOP {} BUNDLEDNAME {} DSP 1 BRAM 0 URAM 0 DISPNAME {bind_op mul}} {BINDTYPE op ID {} IMPL dsp48 LATENCY 3 OPTYPE add PRAGMA {} RTLNAME mac_muladd_16ns_16ns_1s_16_4_1_U76 SOURCE /home/x_thileeb/repos/ops-hls-pact25-artifact/codegen_apps/jacobian3d/vck5000_project/hls/device/include/PE_jac3D_kernel_stencil.hpp:96 VARIABLE plane_diff LOOP {} BUNDLEDNAME {} DSP 1 BRAM 0 URAM 0 DISPNAME {bind_op add}} {BINDTYPE op ID {} IMPL dsp48 LATENCY 3 OPTYPE mul PRAGMA {} RTLNAME mul_mul_16ns_16ns_32_4_1_U75 SOURCE /home/x_thileeb/repos/ops-hls-pact25-artifact/codegen_apps/jacobian3d/vck5000_project/hls/device/include/PE_jac3D_kernel_stencil.hpp:147 VARIABLE mul_ln147 LOOP {} BUNDLEDNAME {} DSP 1 BRAM 0 URAM 0 DISPNAME {bind_op mul}} {BINDTYPE op ID {} IMPL auto LATENCY 2 OPTYPE mul PRAGMA {} RTLNAME mul_32s_16ns_32_3_1_U73 SOURCE /home/x_thileeb/repos/ops-hls-pact25-artifact/codegen_apps/jacobian3d/vck5000_project/hls/device/include/PE_jac3D_kernel_stencil.hpp:148 VARIABLE iter_limit LOOP {} BUNDLEDNAME {} DSP 2 BRAM 0 URAM 0 DISPNAME {bind_op mul}} {BINDTYPE op ID {} IMPL auto LATENCY 2 OPTYPE mul PRAGMA {} RTLNAME mul_32s_16ns_32_3_1_U74 SOURCE /home/x_thileeb/repos/ops-hls-pact25-artifact/codegen_apps/jacobian3d/vck5000_project/hls/device/include/PE_jac3D_kernel_stencil.hpp:152 VARIABLE S3D_7PT_read_ub_itr LOOP {} BUNDLEDNAME {} DSP 2 BRAM 0 URAM 0 DISPNAME {bind_op mul}} {BINDTYPE op ID {} IMPL fabric LATENCY 0 OPTYPE add PRAGMA {} RTLNAME add_ln190_fu_189_p2 SOURCE /home/x_thileeb/repos/ops-hls-pact25-artifact/codegen_apps/jacobian3d/vck5000_project/hls/device/include/PE_jac3D_kernel_stencil.hpp:190 VARIABLE add_ln190 LOOP {} BUNDLEDNAME {} DSP 0 BRAM 0 URAM 0 DISPNAME {bind_op add}} {BINDTYPE op ID {} IMPL fabric LATENCY 0 OPTYPE add PRAGMA {} RTLNAME cond_x_val_fu_196_p2 SOURCE /home/x_thileeb/repos/ops-hls-pact25-artifact/codegen_apps/jacobian3d/vck5000_project/hls/device/include/PE_jac3D_kernel_stencil.hpp:190 VARIABLE cond_x_val LOOP {} BUNDLEDNAME {} DSP 0 BRAM 0 URAM 0 DISPNAME {bind_op add}} {BINDTYPE op ID {} IMPL fabric LATENCY 0 OPTYPE add PRAGMA {} RTLNAME cond_y_val_fu_202_p2 SOURCE /home/x_thileeb/repos/ops-hls-pact25-artifact/codegen_apps/jacobian3d/vck5000_project/hls/device/include/PE_jac3D_kernel_stencil.hpp:191 VARIABLE cond_y_val LOOP {} BUNDLEDNAME {} DSP 0 BRAM 0 URAM 0 DISPNAME {bind_op add}} {BINDTYPE op ID {} IMPL fabric LATENCY 0 OPTYPE add PRAGMA {} RTLNAME cond_z_val_fu_208_p2 SOURCE /home/x_thileeb/repos/ops-hls-pact25-artifact/codegen_apps/jacobian3d/vck5000_project/hls/device/include/PE_jac3D_kernel_stencil.hpp:192 VARIABLE cond_z_val LOOP {} BUNDLEDNAME {} DSP 0 BRAM 0 URAM 0 DISPNAME {bind_op add}}} AREA {DSP 78 BRAM 16 URAM 16}} stream2axis_256u_256u_Pipeline_VITIS_LOOP_1897_1 {BINDINFO {{BINDTYPE op ID {} IMPL fabric LATENCY 0 OPTYPE add PRAGMA {} RTLNAME itr_2_fu_94_p2 SOURCE /home/x_thileeb/repos/ops-hls-pact25-artifact/OPS/ops/hls/include/device/../../L1/include/ops_hls_datamover.hpp:1897 VARIABLE itr_2 LOOP VITIS_LOOP_1897_1 BUNDLEDNAME {} DSP 0 BRAM 0 URAM 0 DISPNAME {bind_op add}}} AREA {DSP 0 BRAM 0 URAM 0}} stream2axis_256u_256u_s {BINDINFO {{BINDTYPE op ID {} IMPL fabric LATENCY 0 OPTYPE add PRAGMA {} RTLNAME add_ln1889_fu_69_p2 SOURCE /home/x_thileeb/repos/ops-hls-pact25-artifact/OPS/ops/hls/include/device/../../L1/include/ops_hls_datamover.hpp:1889 VARIABLE add_ln1889 LOOP {} BUNDLEDNAME {} DSP 0 BRAM 0 URAM 0 DISPNAME {bind_op add}}} AREA {DSP 0 BRAM 0 URAM 0}} kernel_outerloop_0_dataflow_region {BINDINFO {{BINDTYPE storage ID {} IMPL srl LATENCY 0 OPTYPE fifo PRAGMA {} RTLNAME total_bytes_c_U SOURCE {} VARIABLE total_bytes_c LOOP {} BUNDLEDNAME {} DSP 0 BRAM 0 URAM 0 DISPNAME {bind_storage fifo}} {BINDTYPE storage ID {} IMPL srl LATENCY 0 OPTYPE fifo PRAGMA {} RTLNAME stencilConfig_outer_loop_limit_c164_U SOURCE {} VARIABLE stencilConfig_outer_loop_limit_c164 LOOP {} BUNDLEDNAME {} DSP 0 BRAM 0 URAM 0 DISPNAME {bind_storage fifo}} {BINDTYPE storage ID {} IMPL srl LATENCY 0 OPTYPE fifo PRAGMA {} RTLNAME stencilConfig_outer_loop_limit_c163_U SOURCE {} VARIABLE stencilConfig_outer_loop_limit_c163 LOOP {} BUNDLEDNAME {} DSP 0 BRAM 0 URAM 0 DISPNAME {bind_storage fifo}} {BINDTYPE storage ID {} IMPL srl LATENCY 0 OPTYPE fifo PRAGMA {} RTLNAME stencilConfig_outer_loop_limit_c162_U SOURCE {} VARIABLE stencilConfig_outer_loop_limit_c162 LOOP {} BUNDLEDNAME {} DSP 0 BRAM 0 URAM 0 DISPNAME {bind_storage fifo}} {BINDTYPE storage ID {} IMPL srl LATENCY 0 OPTYPE fifo PRAGMA {} RTLNAME stencilConfig_outer_loop_limit_c161_U SOURCE {} VARIABLE stencilConfig_outer_loop_limit_c161 LOOP {} BUNDLEDNAME {} DSP 0 BRAM 0 URAM 0 DISPNAME {bind_storage fifo}} {BINDTYPE storage ID {} IMPL srl LATENCY 0 OPTYPE fifo PRAGMA {} RTLNAME stencilConfig_outer_loop_limit_c160_U SOURCE {} VARIABLE stencilConfig_outer_loop_limit_c160 LOOP {} BUNDLEDNAME {} DSP 0 BRAM 0 URAM 0 DISPNAME {bind_storage fifo}} {BINDTYPE storage ID {} IMPL srl LATENCY 0 OPTYPE fifo PRAGMA {} RTLNAME stencilConfig_outer_loop_limit_c159_U SOURCE {} VARIABLE stencilConfig_outer_loop_limit_c159 LOOP {} BUNDLEDNAME {} DSP 0 BRAM 0 URAM 0 DISPNAME {bind_storage fifo}} {BINDTYPE storage ID {} IMPL srl LATENCY 0 OPTYPE fifo PRAGMA {} RTLNAME stencilConfig_outer_loop_limit_c158_U SOURCE {} VARIABLE stencilConfig_outer_loop_limit_c158 LOOP {} BUNDLEDNAME {} DSP 0 BRAM 0 URAM 0 DISPNAME {bind_storage fifo}} {BINDTYPE storage ID {} IMPL srl LATENCY 0 OPTYPE fifo PRAGMA {} RTLNAME stencilConfig_outer_loop_limit_c157_U SOURCE {} VARIABLE stencilConfig_outer_loop_limit_c157 LOOP {} BUNDLEDNAME {} DSP 0 BRAM 0 URAM 0 DISPNAME {bind_storage fifo}} {BINDTYPE storage ID {} IMPL srl LATENCY 0 OPTYPE fifo PRAGMA {} RTLNAME stencilConfig_outer_loop_limit_c156_U SOURCE {} VARIABLE stencilConfig_outer_loop_limit_c156 LOOP {} BUNDLEDNAME {} DSP 0 BRAM 0 URAM 0 DISPNAME {bind_storage fifo}} {BINDTYPE storage ID {} IMPL srl LATENCY 0 OPTYPE fifo PRAGMA {} RTLNAME stencilConfig_outer_loop_limit_c155_U SOURCE {} VARIABLE stencilConfig_outer_loop_limit_c155 LOOP {} BUNDLEDNAME {} DSP 0 BRAM 0 URAM 0 DISPNAME {bind_storage fifo}} {BINDTYPE storage ID {} IMPL srl LATENCY 0 OPTYPE fifo PRAGMA {} RTLNAME stencilConfig_outer_loop_limit_c154_U SOURCE {} VARIABLE stencilConfig_outer_loop_limit_c154 LOOP {} BUNDLEDNAME {} DSP 0 BRAM 0 URAM 0 DISPNAME {bind_storage fifo}} {BINDTYPE storage ID {} IMPL srl LATENCY 0 OPTYPE fifo PRAGMA {} RTLNAME stencilConfig_outer_loop_limit_c153_U SOURCE {} VARIABLE stencilConfig_outer_loop_limit_c153 LOOP {} BUNDLEDNAME {} DSP 0 BRAM 0 URAM 0 DISPNAME {bind_storage fifo}} {BINDTYPE storage ID {} IMPL srl LATENCY 0 OPTYPE fifo PRAGMA {} RTLNAME stencilConfig_outer_loop_limit_c152_U SOURCE {} VARIABLE stencilConfig_outer_loop_limit_c152 LOOP {} BUNDLEDNAME {} DSP 0 BRAM 0 URAM 0 DISPNAME {bind_storage fifo}} {BINDTYPE storage ID {} IMPL srl LATENCY 0 OPTYPE fifo PRAGMA {} RTLNAME stencilConfig_outer_loop_limit_c_U SOURCE {} VARIABLE stencilConfig_outer_loop_limit_c LOOP {} BUNDLEDNAME {} DSP 0 BRAM 0 URAM 0 DISPNAME {bind_storage fifo}} {BINDTYPE storage ID {} IMPL srl LATENCY 0 OPTYPE fifo PRAGMA {} RTLNAME stencilConfig_upper_limit_2_c151_U SOURCE {} VARIABLE stencilConfig_upper_limit_2_c151 LOOP {} BUNDLEDNAME {} DSP 0 BRAM 0 URAM 0 DISPNAME {bind_storage fifo}} {BINDTYPE storage ID {} IMPL srl LATENCY 0 OPTYPE fifo PRAGMA {} RTLNAME stencilConfig_upper_limit_2_c150_U SOURCE {} VARIABLE stencilConfig_upper_limit_2_c150 LOOP {} BUNDLEDNAME {} DSP 0 BRAM 0 URAM 0 DISPNAME {bind_storage fifo}} {BINDTYPE storage ID {} IMPL srl LATENCY 0 OPTYPE fifo PRAGMA {} RTLNAME stencilConfig_upper_limit_2_c149_U SOURCE {} VARIABLE stencilConfig_upper_limit_2_c149 LOOP {} BUNDLEDNAME {} DSP 0 BRAM 0 URAM 0 DISPNAME {bind_storage fifo}} {BINDTYPE storage ID {} IMPL srl LATENCY 0 OPTYPE fifo PRAGMA {} RTLNAME stencilConfig_upper_limit_2_c148_U SOURCE {} VARIABLE stencilConfig_upper_limit_2_c148 LOOP {} BUNDLEDNAME {} DSP 0 BRAM 0 URAM 0 DISPNAME {bind_storage fifo}} {BINDTYPE storage ID {} IMPL srl LATENCY 0 OPTYPE fifo PRAGMA {} RTLNAME stencilConfig_upper_limit_2_c147_U SOURCE {} VARIABLE stencilConfig_upper_limit_2_c147 LOOP {} BUNDLEDNAME {} DSP 0 BRAM 0 URAM 0 DISPNAME {bind_storage fifo}} {BINDTYPE storage ID {} IMPL srl LATENCY 0 OPTYPE fifo PRAGMA {} RTLNAME stencilConfig_upper_limit_2_c146_U SOURCE {} VARIABLE stencilConfig_upper_limit_2_c146 LOOP {} BUNDLEDNAME {} DSP 0 BRAM 0 URAM 0 DISPNAME {bind_storage fifo}} {BINDTYPE storage ID {} IMPL srl LATENCY 0 OPTYPE fifo PRAGMA {} RTLNAME stencilConfig_upper_limit_2_c145_U SOURCE {} VARIABLE stencilConfig_upper_limit_2_c145 LOOP {} BUNDLEDNAME {} DSP 0 BRAM 0 URAM 0 DISPNAME {bind_storage fifo}} {BINDTYPE storage ID {} IMPL srl LATENCY 0 OPTYPE fifo PRAGMA {} RTLNAME stencilConfig_upper_limit_2_c144_U SOURCE {} VARIABLE stencilConfig_upper_limit_2_c144 LOOP {} BUNDLEDNAME {} DSP 0 BRAM 0 URAM 0 DISPNAME {bind_storage fifo}} {BINDTYPE storage ID {} IMPL srl LATENCY 0 OPTYPE fifo PRAGMA {} RTLNAME stencilConfig_upper_limit_2_c143_U SOURCE {} VARIABLE stencilConfig_upper_limit_2_c143 LOOP {} BUNDLEDNAME {} DSP 0 BRAM 0 URAM 0 DISPNAME {bind_storage fifo}} {BINDTYPE storage ID {} IMPL srl LATENCY 0 OPTYPE fifo PRAGMA {} RTLNAME stencilConfig_upper_limit_2_c142_U SOURCE {} VARIABLE stencilConfig_upper_limit_2_c142 LOOP {} BUNDLEDNAME {} DSP 0 BRAM 0 URAM 0 DISPNAME {bind_storage fifo}} {BINDTYPE storage ID {} IMPL srl LATENCY 0 OPTYPE fifo PRAGMA {} RTLNAME stencilConfig_upper_limit_2_c141_U SOURCE {} VARIABLE stencilConfig_upper_limit_2_c141 LOOP {} BUNDLEDNAME {} DSP 0 BRAM 0 URAM 0 DISPNAME {bind_storage fifo}} {BINDTYPE storage ID {} IMPL srl LATENCY 0 OPTYPE fifo PRAGMA {} RTLNAME stencilConfig_upper_limit_2_c140_U SOURCE {} VARIABLE stencilConfig_upper_limit_2_c140 LOOP {} BUNDLEDNAME {} DSP 0 BRAM 0 URAM 0 DISPNAME {bind_storage fifo}} {BINDTYPE storage ID {} IMPL srl LATENCY 0 OPTYPE fifo PRAGMA {} RTLNAME stencilConfig_upper_limit_2_c139_U SOURCE {} VARIABLE stencilConfig_upper_limit_2_c139 LOOP {} BUNDLEDNAME {} DSP 0 BRAM 0 URAM 0 DISPNAME {bind_storage fifo}} {BINDTYPE storage ID {} IMPL srl LATENCY 0 OPTYPE fifo PRAGMA {} RTLNAME stencilConfig_upper_limit_2_c_U SOURCE {} VARIABLE stencilConfig_upper_limit_2_c LOOP {} BUNDLEDNAME {} DSP 0 BRAM 0 URAM 0 DISPNAME {bind_storage fifo}} {BINDTYPE storage ID {} IMPL srl LATENCY 0 OPTYPE fifo PRAGMA {} RTLNAME stencilConfig_upper_limit_1_c138_U SOURCE {} VARIABLE stencilConfig_upper_limit_1_c138 LOOP {} BUNDLEDNAME {} DSP 0 BRAM 0 URAM 0 DISPNAME {bind_storage fifo}} {BINDTYPE storage ID {} IMPL srl LATENCY 0 OPTYPE fifo PRAGMA {} RTLNAME stencilConfig_upper_limit_1_c137_U SOURCE {} VARIABLE stencilConfig_upper_limit_1_c137 LOOP {} BUNDLEDNAME {} DSP 0 BRAM 0 URAM 0 DISPNAME {bind_storage fifo}} {BINDTYPE storage ID {} IMPL srl LATENCY 0 OPTYPE fifo PRAGMA {} RTLNAME stencilConfig_upper_limit_1_c136_U SOURCE {} VARIABLE stencilConfig_upper_limit_1_c136 LOOP {} BUNDLEDNAME {} DSP 0 BRAM 0 URAM 0 DISPNAME {bind_storage fifo}} {BINDTYPE storage ID {} IMPL srl LATENCY 0 OPTYPE fifo PRAGMA {} RTLNAME stencilConfig_upper_limit_1_c135_U SOURCE {} VARIABLE stencilConfig_upper_limit_1_c135 LOOP {} BUNDLEDNAME {} DSP 0 BRAM 0 URAM 0 DISPNAME {bind_storage fifo}} {BINDTYPE storage ID {} IMPL srl LATENCY 0 OPTYPE fifo PRAGMA {} RTLNAME stencilConfig_upper_limit_1_c134_U SOURCE {} VARIABLE stencilConfig_upper_limit_1_c134 LOOP {} BUNDLEDNAME {} DSP 0 BRAM 0 URAM 0 DISPNAME {bind_storage fifo}} {BINDTYPE storage ID {} IMPL srl LATENCY 0 OPTYPE fifo PRAGMA {} RTLNAME stencilConfig_upper_limit_1_c133_U SOURCE {} VARIABLE stencilConfig_upper_limit_1_c133 LOOP {} BUNDLEDNAME {} DSP 0 BRAM 0 URAM 0 DISPNAME {bind_storage fifo}} {BINDTYPE storage ID {} IMPL srl LATENCY 0 OPTYPE fifo PRAGMA {} RTLNAME stencilConfig_upper_limit_1_c132_U SOURCE {} VARIABLE stencilConfig_upper_limit_1_c132 LOOP {} BUNDLEDNAME {} DSP 0 BRAM 0 URAM 0 DISPNAME {bind_storage fifo}} {BINDTYPE storage ID {} IMPL srl LATENCY 0 OPTYPE fifo PRAGMA {} RTLNAME stencilConfig_upper_limit_1_c131_U SOURCE {} VARIABLE stencilConfig_upper_limit_1_c131 LOOP {} BUNDLEDNAME {} DSP 0 BRAM 0 URAM 0 DISPNAME {bind_storage fifo}} {BINDTYPE storage ID {} IMPL srl LATENCY 0 OPTYPE fifo PRAGMA {} RTLNAME stencilConfig_upper_limit_1_c130_U SOURCE {} VARIABLE stencilConfig_upper_limit_1_c130 LOOP {} BUNDLEDNAME {} DSP 0 BRAM 0 URAM 0 DISPNAME {bind_storage fifo}} {BINDTYPE storage ID {} IMPL srl LATENCY 0 OPTYPE fifo PRAGMA {} RTLNAME stencilConfig_upper_limit_1_c129_U SOURCE {} VARIABLE stencilConfig_upper_limit_1_c129 LOOP {} BUNDLEDNAME {} DSP 0 BRAM 0 URAM 0 DISPNAME {bind_storage fifo}} {BINDTYPE storage ID {} IMPL srl LATENCY 0 OPTYPE fifo PRAGMA {} RTLNAME stencilConfig_upper_limit_1_c128_U SOURCE {} VARIABLE stencilConfig_upper_limit_1_c128 LOOP {} BUNDLEDNAME {} DSP 0 BRAM 0 URAM 0 DISPNAME {bind_storage fifo}} {BINDTYPE storage ID {} IMPL srl LATENCY 0 OPTYPE fifo PRAGMA {} RTLNAME stencilConfig_upper_limit_1_c127_U SOURCE {} VARIABLE stencilConfig_upper_limit_1_c127 LOOP {} BUNDLEDNAME {} DSP 0 BRAM 0 URAM 0 DISPNAME {bind_storage fifo}} {BINDTYPE storage ID {} IMPL srl LATENCY 0 OPTYPE fifo PRAGMA {} RTLNAME stencilConfig_upper_limit_1_c126_U SOURCE {} VARIABLE stencilConfig_upper_limit_1_c126 LOOP {} BUNDLEDNAME {} DSP 0 BRAM 0 URAM 0 DISPNAME {bind_storage fifo}} {BINDTYPE storage ID {} IMPL srl LATENCY 0 OPTYPE fifo PRAGMA {} RTLNAME stencilConfig_upper_limit_1_c_U SOURCE {} VARIABLE stencilConfig_upper_limit_1_c LOOP {} BUNDLEDNAME {} DSP 0 BRAM 0 URAM 0 DISPNAME {bind_storage fifo}} {BINDTYPE storage ID {} IMPL srl LATENCY 0 OPTYPE fifo PRAGMA {} RTLNAME stencilConfig_upper_limit_0_c125_U SOURCE {} VARIABLE stencilConfig_upper_limit_0_c125 LOOP {} BUNDLEDNAME {} DSP 0 BRAM 0 URAM 0 DISPNAME {bind_storage fifo}} {BINDTYPE storage ID {} IMPL srl LATENCY 0 OPTYPE fifo PRAGMA {} RTLNAME stencilConfig_upper_limit_0_c124_U SOURCE {} VARIABLE stencilConfig_upper_limit_0_c124 LOOP {} BUNDLEDNAME {} DSP 0 BRAM 0 URAM 0 DISPNAME {bind_storage fifo}} {BINDTYPE storage ID {} IMPL srl LATENCY 0 OPTYPE fifo PRAGMA {} RTLNAME stencilConfig_upper_limit_0_c123_U SOURCE {} VARIABLE stencilConfig_upper_limit_0_c123 LOOP {} BUNDLEDNAME {} DSP 0 BRAM 0 URAM 0 DISPNAME {bind_storage fifo}} {BINDTYPE storage ID {} IMPL srl LATENCY 0 OPTYPE fifo PRAGMA {} RTLNAME stencilConfig_upper_limit_0_c122_U SOURCE {} VARIABLE stencilConfig_upper_limit_0_c122 LOOP {} BUNDLEDNAME {} DSP 0 BRAM 0 URAM 0 DISPNAME {bind_storage fifo}} {BINDTYPE storage ID {} IMPL srl LATENCY 0 OPTYPE fifo PRAGMA {} RTLNAME stencilConfig_upper_limit_0_c121_U SOURCE {} VARIABLE stencilConfig_upper_limit_0_c121 LOOP {} BUNDLEDNAME {} DSP 0 BRAM 0 URAM 0 DISPNAME {bind_storage fifo}} {BINDTYPE storage ID {} IMPL srl LATENCY 0 OPTYPE fifo PRAGMA {} RTLNAME stencilConfig_upper_limit_0_c120_U SOURCE {} VARIABLE stencilConfig_upper_limit_0_c120 LOOP {} BUNDLEDNAME {} DSP 0 BRAM 0 URAM 0 DISPNAME {bind_storage fifo}} {BINDTYPE storage ID {} IMPL srl LATENCY 0 OPTYPE fifo PRAGMA {} RTLNAME stencilConfig_upper_limit_0_c119_U SOURCE {} VARIABLE stencilConfig_upper_limit_0_c119 LOOP {} BUNDLEDNAME {} DSP 0 BRAM 0 URAM 0 DISPNAME {bind_storage fifo}} {BINDTYPE storage ID {} IMPL srl LATENCY 0 OPTYPE fifo PRAGMA {} RTLNAME stencilConfig_upper_limit_0_c118_U SOURCE {} VARIABLE stencilConfig_upper_limit_0_c118 LOOP {} BUNDLEDNAME {} DSP 0 BRAM 0 URAM 0 DISPNAME {bind_storage fifo}} {BINDTYPE storage ID {} IMPL srl LATENCY 0 OPTYPE fifo PRAGMA {} RTLNAME stencilConfig_upper_limit_0_c117_U SOURCE {} VARIABLE stencilConfig_upper_limit_0_c117 LOOP {} BUNDLEDNAME {} DSP 0 BRAM 0 URAM 0 DISPNAME {bind_storage fifo}} {BINDTYPE storage ID {} IMPL srl LATENCY 0 OPTYPE fifo PRAGMA {} RTLNAME stencilConfig_upper_limit_0_c116_U SOURCE {} VARIABLE stencilConfig_upper_limit_0_c116 LOOP {} BUNDLEDNAME {} DSP 0 BRAM 0 URAM 0 DISPNAME {bind_storage fifo}} {BINDTYPE storage ID {} IMPL srl LATENCY 0 OPTYPE fifo PRAGMA {} RTLNAME stencilConfig_upper_limit_0_c115_U SOURCE {} VARIABLE stencilConfig_upper_limit_0_c115 LOOP {} BUNDLEDNAME {} DSP 0 BRAM 0 URAM 0 DISPNAME {bind_storage fifo}} {BINDTYPE storage ID {} IMPL srl LATENCY 0 OPTYPE fifo PRAGMA {} RTLNAME stencilConfig_upper_limit_0_c114_U SOURCE {} VARIABLE stencilConfig_upper_limit_0_c114 LOOP {} BUNDLEDNAME {} DSP 0 BRAM 0 URAM 0 DISPNAME {bind_storage fifo}} {BINDTYPE storage ID {} IMPL srl LATENCY 0 OPTYPE fifo PRAGMA {} RTLNAME stencilConfig_upper_limit_0_c113_U SOURCE {} VARIABLE stencilConfig_upper_limit_0_c113 LOOP {} BUNDLEDNAME {} DSP 0 BRAM 0 URAM 0 DISPNAME {bind_storage fifo}} {BINDTYPE storage ID {} IMPL srl LATENCY 0 OPTYPE fifo PRAGMA {} RTLNAME stencilConfig_upper_limit_0_c_U SOURCE {} VARIABLE stencilConfig_upper_limit_0_c LOOP {} BUNDLEDNAME {} DSP 0 BRAM 0 URAM 0 DISPNAME {bind_storage fifo}} {BINDTYPE storage ID {} IMPL srl LATENCY 0 OPTYPE fifo PRAGMA {} RTLNAME stencilConfig_lower_limit_2_c112_U SOURCE {} VARIABLE stencilConfig_lower_limit_2_c112 LOOP {} BUNDLEDNAME {} DSP 0 BRAM 0 URAM 0 DISPNAME {bind_storage fifo}} {BINDTYPE storage ID {} IMPL srl LATENCY 0 OPTYPE fifo PRAGMA {} RTLNAME stencilConfig_lower_limit_2_c111_U SOURCE {} VARIABLE stencilConfig_lower_limit_2_c111 LOOP {} BUNDLEDNAME {} DSP 0 BRAM 0 URAM 0 DISPNAME {bind_storage fifo}} {BINDTYPE storage ID {} IMPL srl LATENCY 0 OPTYPE fifo PRAGMA {} RTLNAME stencilConfig_lower_limit_2_c110_U SOURCE {} VARIABLE stencilConfig_lower_limit_2_c110 LOOP {} BUNDLEDNAME {} DSP 0 BRAM 0 URAM 0 DISPNAME {bind_storage fifo}} {BINDTYPE storage ID {} IMPL srl LATENCY 0 OPTYPE fifo PRAGMA {} RTLNAME stencilConfig_lower_limit_2_c109_U SOURCE {} VARIABLE stencilConfig_lower_limit_2_c109 LOOP {} BUNDLEDNAME {} DSP 0 BRAM 0 URAM 0 DISPNAME {bind_storage fifo}} {BINDTYPE storage ID {} IMPL srl LATENCY 0 OPTYPE fifo PRAGMA {} RTLNAME stencilConfig_lower_limit_2_c108_U SOURCE {} VARIABLE stencilConfig_lower_limit_2_c108 LOOP {} BUNDLEDNAME {} DSP 0 BRAM 0 URAM 0 DISPNAME {bind_storage fifo}} {BINDTYPE storage ID {} IMPL srl LATENCY 0 OPTYPE fifo PRAGMA {} RTLNAME stencilConfig_lower_limit_2_c107_U SOURCE {} VARIABLE stencilConfig_lower_limit_2_c107 LOOP {} BUNDLEDNAME {} DSP 0 BRAM 0 URAM 0 DISPNAME {bind_storage fifo}} {BINDTYPE storage ID {} IMPL srl LATENCY 0 OPTYPE fifo PRAGMA {} RTLNAME stencilConfig_lower_limit_2_c106_U SOURCE {} VARIABLE stencilConfig_lower_limit_2_c106 LOOP {} BUNDLEDNAME {} DSP 0 BRAM 0 URAM 0 DISPNAME {bind_storage fifo}} {BINDTYPE storage ID {} IMPL srl LATENCY 0 OPTYPE fifo PRAGMA {} RTLNAME stencilConfig_lower_limit_2_c105_U SOURCE {} VARIABLE stencilConfig_lower_limit_2_c105 LOOP {} BUNDLEDNAME {} DSP 0 BRAM 0 URAM 0 DISPNAME {bind_storage fifo}} {BINDTYPE storage ID {} IMPL srl LATENCY 0 OPTYPE fifo PRAGMA {} RTLNAME stencilConfig_lower_limit_2_c104_U SOURCE {} VARIABLE stencilConfig_lower_limit_2_c104 LOOP {} BUNDLEDNAME {} DSP 0 BRAM 0 URAM 0 DISPNAME {bind_storage fifo}} {BINDTYPE storage ID {} IMPL srl LATENCY 0 OPTYPE fifo PRAGMA {} RTLNAME stencilConfig_lower_limit_2_c103_U SOURCE {} VARIABLE stencilConfig_lower_limit_2_c103 LOOP {} BUNDLEDNAME {} DSP 0 BRAM 0 URAM 0 DISPNAME {bind_storage fifo}} {BINDTYPE storage ID {} IMPL srl LATENCY 0 OPTYPE fifo PRAGMA {} RTLNAME stencilConfig_lower_limit_2_c102_U SOURCE {} VARIABLE stencilConfig_lower_limit_2_c102 LOOP {} BUNDLEDNAME {} DSP 0 BRAM 0 URAM 0 DISPNAME {bind_storage fifo}} {BINDTYPE storage ID {} IMPL srl LATENCY 0 OPTYPE fifo PRAGMA {} RTLNAME stencilConfig_lower_limit_2_c101_U SOURCE {} VARIABLE stencilConfig_lower_limit_2_c101 LOOP {} BUNDLEDNAME {} DSP 0 BRAM 0 URAM 0 DISPNAME {bind_storage fifo}} {BINDTYPE storage ID {} IMPL srl LATENCY 0 OPTYPE fifo PRAGMA {} RTLNAME stencilConfig_lower_limit_2_c100_U SOURCE {} VARIABLE stencilConfig_lower_limit_2_c100 LOOP {} BUNDLEDNAME {} DSP 0 BRAM 0 URAM 0 DISPNAME {bind_storage fifo}} {BINDTYPE storage ID {} IMPL srl LATENCY 0 OPTYPE fifo PRAGMA {} RTLNAME stencilConfig_lower_limit_2_c_U SOURCE {} VARIABLE stencilConfig_lower_limit_2_c LOOP {} BUNDLEDNAME {} DSP 0 BRAM 0 URAM 0 DISPNAME {bind_storage fifo}} {BINDTYPE storage ID {} IMPL srl LATENCY 0 OPTYPE fifo PRAGMA {} RTLNAME stencilConfig_lower_limit_1_c99_U SOURCE {} VARIABLE stencilConfig_lower_limit_1_c99 LOOP {} BUNDLEDNAME {} DSP 0 BRAM 0 URAM 0 DISPNAME {bind_storage fifo}} {BINDTYPE storage ID {} IMPL srl LATENCY 0 OPTYPE fifo PRAGMA {} RTLNAME stencilConfig_lower_limit_1_c98_U SOURCE {} VARIABLE stencilConfig_lower_limit_1_c98 LOOP {} BUNDLEDNAME {} DSP 0 BRAM 0 URAM 0 DISPNAME {bind_storage fifo}} {BINDTYPE storage ID {} IMPL srl LATENCY 0 OPTYPE fifo PRAGMA {} RTLNAME stencilConfig_lower_limit_1_c97_U SOURCE {} VARIABLE stencilConfig_lower_limit_1_c97 LOOP {} BUNDLEDNAME {} DSP 0 BRAM 0 URAM 0 DISPNAME {bind_storage fifo}} {BINDTYPE storage ID {} IMPL srl LATENCY 0 OPTYPE fifo PRAGMA {} RTLNAME stencilConfig_lower_limit_1_c96_U SOURCE {} VARIABLE stencilConfig_lower_limit_1_c96 LOOP {} BUNDLEDNAME {} DSP 0 BRAM 0 URAM 0 DISPNAME {bind_storage fifo}} {BINDTYPE storage ID {} IMPL srl LATENCY 0 OPTYPE fifo PRAGMA {} RTLNAME stencilConfig_lower_limit_1_c95_U SOURCE {} VARIABLE stencilConfig_lower_limit_1_c95 LOOP {} BUNDLEDNAME {} DSP 0 BRAM 0 URAM 0 DISPNAME {bind_storage fifo}} {BINDTYPE storage ID {} IMPL srl LATENCY 0 OPTYPE fifo PRAGMA {} RTLNAME stencilConfig_lower_limit_1_c94_U SOURCE {} VARIABLE stencilConfig_lower_limit_1_c94 LOOP {} BUNDLEDNAME {} DSP 0 BRAM 0 URAM 0 DISPNAME {bind_storage fifo}} {BINDTYPE storage ID {} IMPL srl LATENCY 0 OPTYPE fifo PRAGMA {} RTLNAME stencilConfig_lower_limit_1_c93_U SOURCE {} VARIABLE stencilConfig_lower_limit_1_c93 LOOP {} BUNDLEDNAME {} DSP 0 BRAM 0 URAM 0 DISPNAME {bind_storage fifo}} {BINDTYPE storage ID {} IMPL srl LATENCY 0 OPTYPE fifo PRAGMA {} RTLNAME stencilConfig_lower_limit_1_c92_U SOURCE {} VARIABLE stencilConfig_lower_limit_1_c92 LOOP {} BUNDLEDNAME {} DSP 0 BRAM 0 URAM 0 DISPNAME {bind_storage fifo}} {BINDTYPE storage ID {} IMPL srl LATENCY 0 OPTYPE fifo PRAGMA {} RTLNAME stencilConfig_lower_limit_1_c91_U SOURCE {} VARIABLE stencilConfig_lower_limit_1_c91 LOOP {} BUNDLEDNAME {} DSP 0 BRAM 0 URAM 0 DISPNAME {bind_storage fifo}} {BINDTYPE storage ID {} IMPL srl LATENCY 0 OPTYPE fifo PRAGMA {} RTLNAME stencilConfig_lower_limit_1_c90_U SOURCE {} VARIABLE stencilConfig_lower_limit_1_c90 LOOP {} BUNDLEDNAME {} DSP 0 BRAM 0 URAM 0 DISPNAME {bind_storage fifo}} {BINDTYPE storage ID {} IMPL srl LATENCY 0 OPTYPE fifo PRAGMA {} RTLNAME stencilConfig_lower_limit_1_c89_U SOURCE {} VARIABLE stencilConfig_lower_limit_1_c89 LOOP {} BUNDLEDNAME {} DSP 0 BRAM 0 URAM 0 DISPNAME {bind_storage fifo}} {BINDTYPE storage ID {} IMPL srl LATENCY 0 OPTYPE fifo PRAGMA {} RTLNAME stencilConfig_lower_limit_1_c88_U SOURCE {} VARIABLE stencilConfig_lower_limit_1_c88 LOOP {} BUNDLEDNAME {} DSP 0 BRAM 0 URAM 0 DISPNAME {bind_storage fifo}} {BINDTYPE storage ID {} IMPL srl LATENCY 0 OPTYPE fifo PRAGMA {} RTLNAME stencilConfig_lower_limit_1_c87_U SOURCE {} VARIABLE stencilConfig_lower_limit_1_c87 LOOP {} BUNDLEDNAME {} DSP 0 BRAM 0 URAM 0 DISPNAME {bind_storage fifo}} {BINDTYPE storage ID {} IMPL srl LATENCY 0 OPTYPE fifo PRAGMA {} RTLNAME stencilConfig_lower_limit_1_c_U SOURCE {} VARIABLE stencilConfig_lower_limit_1_c LOOP {} BUNDLEDNAME {} DSP 0 BRAM 0 URAM 0 DISPNAME {bind_storage fifo}} {BINDTYPE storage ID {} IMPL srl LATENCY 0 OPTYPE fifo PRAGMA {} RTLNAME stencilConfig_lower_limit_0_c86_U SOURCE {} VARIABLE stencilConfig_lower_limit_0_c86 LOOP {} BUNDLEDNAME {} DSP 0 BRAM 0 URAM 0 DISPNAME {bind_storage fifo}} {BINDTYPE storage ID {} IMPL srl LATENCY 0 OPTYPE fifo PRAGMA {} RTLNAME stencilConfig_lower_limit_0_c85_U SOURCE {} VARIABLE stencilConfig_lower_limit_0_c85 LOOP {} BUNDLEDNAME {} DSP 0 BRAM 0 URAM 0 DISPNAME {bind_storage fifo}} {BINDTYPE storage ID {} IMPL srl LATENCY 0 OPTYPE fifo PRAGMA {} RTLNAME stencilConfig_lower_limit_0_c84_U SOURCE {} VARIABLE stencilConfig_lower_limit_0_c84 LOOP {} BUNDLEDNAME {} DSP 0 BRAM 0 URAM 0 DISPNAME {bind_storage fifo}} {BINDTYPE storage ID {} IMPL srl LATENCY 0 OPTYPE fifo PRAGMA {} RTLNAME stencilConfig_lower_limit_0_c83_U SOURCE {} VARIABLE stencilConfig_lower_limit_0_c83 LOOP {} BUNDLEDNAME {} DSP 0 BRAM 0 URAM 0 DISPNAME {bind_storage fifo}} {BINDTYPE storage ID {} IMPL srl LATENCY 0 OPTYPE fifo PRAGMA {} RTLNAME stencilConfig_lower_limit_0_c82_U SOURCE {} VARIABLE stencilConfig_lower_limit_0_c82 LOOP {} BUNDLEDNAME {} DSP 0 BRAM 0 URAM 0 DISPNAME {bind_storage fifo}} {BINDTYPE storage ID {} IMPL srl LATENCY 0 OPTYPE fifo PRAGMA {} RTLNAME stencilConfig_lower_limit_0_c81_U SOURCE {} VARIABLE stencilConfig_lower_limit_0_c81 LOOP {} BUNDLEDNAME {} DSP 0 BRAM 0 URAM 0 DISPNAME {bind_storage fifo}} {BINDTYPE storage ID {} IMPL srl LATENCY 0 OPTYPE fifo PRAGMA {} RTLNAME stencilConfig_lower_limit_0_c80_U SOURCE {} VARIABLE stencilConfig_lower_limit_0_c80 LOOP {} BUNDLEDNAME {} DSP 0 BRAM 0 URAM 0 DISPNAME {bind_storage fifo}} {BINDTYPE storage ID {} IMPL srl LATENCY 0 OPTYPE fifo PRAGMA {} RTLNAME stencilConfig_lower_limit_0_c79_U SOURCE {} VARIABLE stencilConfig_lower_limit_0_c79 LOOP {} BUNDLEDNAME {} DSP 0 BRAM 0 URAM 0 DISPNAME {bind_storage fifo}} {BINDTYPE storage ID {} IMPL srl LATENCY 0 OPTYPE fifo PRAGMA {} RTLNAME stencilConfig_lower_limit_0_c78_U SOURCE {} VARIABLE stencilConfig_lower_limit_0_c78 LOOP {} BUNDLEDNAME {} DSP 0 BRAM 0 URAM 0 DISPNAME {bind_storage fifo}} {BINDTYPE storage ID {} IMPL srl LATENCY 0 OPTYPE fifo PRAGMA {} RTLNAME stencilConfig_lower_limit_0_c77_U SOURCE {} VARIABLE stencilConfig_lower_limit_0_c77 LOOP {} BUNDLEDNAME {} DSP 0 BRAM 0 URAM 0 DISPNAME {bind_storage fifo}} {BINDTYPE storage ID {} IMPL srl LATENCY 0 OPTYPE fifo PRAGMA {} RTLNAME stencilConfig_lower_limit_0_c76_U SOURCE {} VARIABLE stencilConfig_lower_limit_0_c76 LOOP {} BUNDLEDNAME {} DSP 0 BRAM 0 URAM 0 DISPNAME {bind_storage fifo}} {BINDTYPE storage ID {} IMPL srl LATENCY 0 OPTYPE fifo PRAGMA {} RTLNAME stencilConfig_lower_limit_0_c75_U SOURCE {} VARIABLE stencilConfig_lower_limit_0_c75 LOOP {} BUNDLEDNAME {} DSP 0 BRAM 0 URAM 0 DISPNAME {bind_storage fifo}} {BINDTYPE storage ID {} IMPL srl LATENCY 0 OPTYPE fifo PRAGMA {} RTLNAME stencilConfig_lower_limit_0_c74_U SOURCE {} VARIABLE stencilConfig_lower_limit_0_c74 LOOP {} BUNDLEDNAME {} DSP 0 BRAM 0 URAM 0 DISPNAME {bind_storage fifo}} {BINDTYPE storage ID {} IMPL srl LATENCY 0 OPTYPE fifo PRAGMA {} RTLNAME stencilConfig_lower_limit_0_c_U SOURCE {} VARIABLE stencilConfig_lower_limit_0_c LOOP {} BUNDLEDNAME {} DSP 0 BRAM 0 URAM 0 DISPNAME {bind_storage fifo}} {BINDTYPE storage ID {} IMPL srl LATENCY 0 OPTYPE fifo PRAGMA {} RTLNAME stencilConfig_grid_size_2_c73_U SOURCE {} VARIABLE stencilConfig_grid_size_2_c73 LOOP {} BUNDLEDNAME {} DSP 0 BRAM 0 URAM 0 DISPNAME {bind_storage fifo}} {BINDTYPE storage ID {} IMPL srl LATENCY 0 OPTYPE fifo PRAGMA {} RTLNAME stencilConfig_grid_size_2_c72_U SOURCE {} VARIABLE stencilConfig_grid_size_2_c72 LOOP {} BUNDLEDNAME {} DSP 0 BRAM 0 URAM 0 DISPNAME {bind_storage fifo}} {BINDTYPE storage ID {} IMPL srl LATENCY 0 OPTYPE fifo PRAGMA {} RTLNAME stencilConfig_grid_size_2_c71_U SOURCE {} VARIABLE stencilConfig_grid_size_2_c71 LOOP {} BUNDLEDNAME {} DSP 0 BRAM 0 URAM 0 DISPNAME {bind_storage fifo}} {BINDTYPE storage ID {} IMPL srl LATENCY 0 OPTYPE fifo PRAGMA {} RTLNAME stencilConfig_grid_size_2_c70_U SOURCE {} VARIABLE stencilConfig_grid_size_2_c70 LOOP {} BUNDLEDNAME {} DSP 0 BRAM 0 URAM 0 DISPNAME {bind_storage fifo}} {BINDTYPE storage ID {} IMPL srl LATENCY 0 OPTYPE fifo PRAGMA {} RTLNAME stencilConfig_grid_size_2_c69_U SOURCE {} VARIABLE stencilConfig_grid_size_2_c69 LOOP {} BUNDLEDNAME {} DSP 0 BRAM 0 URAM 0 DISPNAME {bind_storage fifo}} {BINDTYPE storage ID {} IMPL srl LATENCY 0 OPTYPE fifo PRAGMA {} RTLNAME stencilConfig_grid_size_2_c68_U SOURCE {} VARIABLE stencilConfig_grid_size_2_c68 LOOP {} BUNDLEDNAME {} DSP 0 BRAM 0 URAM 0 DISPNAME {bind_storage fifo}} {BINDTYPE storage ID {} IMPL srl LATENCY 0 OPTYPE fifo PRAGMA {} RTLNAME stencilConfig_grid_size_2_c67_U SOURCE {} VARIABLE stencilConfig_grid_size_2_c67 LOOP {} BUNDLEDNAME {} DSP 0 BRAM 0 URAM 0 DISPNAME {bind_storage fifo}} {BINDTYPE storage ID {} IMPL srl LATENCY 0 OPTYPE fifo PRAGMA {} RTLNAME stencilConfig_grid_size_2_c66_U SOURCE {} VARIABLE stencilConfig_grid_size_2_c66 LOOP {} BUNDLEDNAME {} DSP 0 BRAM 0 URAM 0 DISPNAME {bind_storage fifo}} {BINDTYPE storage ID {} IMPL srl LATENCY 0 OPTYPE fifo PRAGMA {} RTLNAME stencilConfig_grid_size_2_c65_U SOURCE {} VARIABLE stencilConfig_grid_size_2_c65 LOOP {} BUNDLEDNAME {} DSP 0 BRAM 0 URAM 0 DISPNAME {bind_storage fifo}} {BINDTYPE storage ID {} IMPL srl LATENCY 0 OPTYPE fifo PRAGMA {} RTLNAME stencilConfig_grid_size_2_c64_U SOURCE {} VARIABLE stencilConfig_grid_size_2_c64 LOOP {} BUNDLEDNAME {} DSP 0 BRAM 0 URAM 0 DISPNAME {bind_storage fifo}} {BINDTYPE storage ID {} IMPL srl LATENCY 0 OPTYPE fifo PRAGMA {} RTLNAME stencilConfig_grid_size_2_c63_U SOURCE {} VARIABLE stencilConfig_grid_size_2_c63 LOOP {} BUNDLEDNAME {} DSP 0 BRAM 0 URAM 0 DISPNAME {bind_storage fifo}} {BINDTYPE storage ID {} IMPL srl LATENCY 0 OPTYPE fifo PRAGMA {} RTLNAME stencilConfig_grid_size_2_c62_U SOURCE {} VARIABLE stencilConfig_grid_size_2_c62 LOOP {} BUNDLEDNAME {} DSP 0 BRAM 0 URAM 0 DISPNAME {bind_storage fifo}} {BINDTYPE storage ID {} IMPL srl LATENCY 0 OPTYPE fifo PRAGMA {} RTLNAME stencilConfig_grid_size_2_c61_U SOURCE {} VARIABLE stencilConfig_grid_size_2_c61 LOOP {} BUNDLEDNAME {} DSP 0 BRAM 0 URAM 0 DISPNAME {bind_storage fifo}} {BINDTYPE storage ID {} IMPL srl LATENCY 0 OPTYPE fifo PRAGMA {} RTLNAME stencilConfig_grid_size_2_c_U SOURCE {} VARIABLE stencilConfig_grid_size_2_c LOOP {} BUNDLEDNAME {} DSP 0 BRAM 0 URAM 0 DISPNAME {bind_storage fifo}} {BINDTYPE storage ID {} IMPL srl LATENCY 0 OPTYPE fifo PRAGMA {} RTLNAME stencilConfig_grid_size_1_c60_U SOURCE {} VARIABLE stencilConfig_grid_size_1_c60 LOOP {} BUNDLEDNAME {} DSP 0 BRAM 0 URAM 0 DISPNAME {bind_storage fifo}} {BINDTYPE storage ID {} IMPL srl LATENCY 0 OPTYPE fifo PRAGMA {} RTLNAME stencilConfig_grid_size_1_c59_U SOURCE {} VARIABLE stencilConfig_grid_size_1_c59 LOOP {} BUNDLEDNAME {} DSP 0 BRAM 0 URAM 0 DISPNAME {bind_storage fifo}} {BINDTYPE storage ID {} IMPL srl LATENCY 0 OPTYPE fifo PRAGMA {} RTLNAME stencilConfig_grid_size_1_c58_U SOURCE {} VARIABLE stencilConfig_grid_size_1_c58 LOOP {} BUNDLEDNAME {} DSP 0 BRAM 0 URAM 0 DISPNAME {bind_storage fifo}} {BINDTYPE storage ID {} IMPL srl LATENCY 0 OPTYPE fifo PRAGMA {} RTLNAME stencilConfig_grid_size_1_c57_U SOURCE {} VARIABLE stencilConfig_grid_size_1_c57 LOOP {} BUNDLEDNAME {} DSP 0 BRAM 0 URAM 0 DISPNAME {bind_storage fifo}} {BINDTYPE storage ID {} IMPL srl LATENCY 0 OPTYPE fifo PRAGMA {} RTLNAME stencilConfig_grid_size_1_c56_U SOURCE {} VARIABLE stencilConfig_grid_size_1_c56 LOOP {} BUNDLEDNAME {} DSP 0 BRAM 0 URAM 0 DISPNAME {bind_storage fifo}} {BINDTYPE storage ID {} IMPL srl LATENCY 0 OPTYPE fifo PRAGMA {} RTLNAME stencilConfig_grid_size_1_c55_U SOURCE {} VARIABLE stencilConfig_grid_size_1_c55 LOOP {} BUNDLEDNAME {} DSP 0 BRAM 0 URAM 0 DISPNAME {bind_storage fifo}} {BINDTYPE storage ID {} IMPL srl LATENCY 0 OPTYPE fifo PRAGMA {} RTLNAME stencilConfig_grid_size_1_c54_U SOURCE {} VARIABLE stencilConfig_grid_size_1_c54 LOOP {} BUNDLEDNAME {} DSP 0 BRAM 0 URAM 0 DISPNAME {bind_storage fifo}} {BINDTYPE storage ID {} IMPL srl LATENCY 0 OPTYPE fifo PRAGMA {} RTLNAME stencilConfig_grid_size_1_c53_U SOURCE {} VARIABLE stencilConfig_grid_size_1_c53 LOOP {} BUNDLEDNAME {} DSP 0 BRAM 0 URAM 0 DISPNAME {bind_storage fifo}} {BINDTYPE storage ID {} IMPL srl LATENCY 0 OPTYPE fifo PRAGMA {} RTLNAME stencilConfig_grid_size_1_c52_U SOURCE {} VARIABLE stencilConfig_grid_size_1_c52 LOOP {} BUNDLEDNAME {} DSP 0 BRAM 0 URAM 0 DISPNAME {bind_storage fifo}} {BINDTYPE storage ID {} IMPL srl LATENCY 0 OPTYPE fifo PRAGMA {} RTLNAME stencilConfig_grid_size_1_c51_U SOURCE {} VARIABLE stencilConfig_grid_size_1_c51 LOOP {} BUNDLEDNAME {} DSP 0 BRAM 0 URAM 0 DISPNAME {bind_storage fifo}} {BINDTYPE storage ID {} IMPL srl LATENCY 0 OPTYPE fifo PRAGMA {} RTLNAME stencilConfig_grid_size_1_c50_U SOURCE {} VARIABLE stencilConfig_grid_size_1_c50 LOOP {} BUNDLEDNAME {} DSP 0 BRAM 0 URAM 0 DISPNAME {bind_storage fifo}} {BINDTYPE storage ID {} IMPL srl LATENCY 0 OPTYPE fifo PRAGMA {} RTLNAME stencilConfig_grid_size_1_c49_U SOURCE {} VARIABLE stencilConfig_grid_size_1_c49 LOOP {} BUNDLEDNAME {} DSP 0 BRAM 0 URAM 0 DISPNAME {bind_storage fifo}} {BINDTYPE storage ID {} IMPL srl LATENCY 0 OPTYPE fifo PRAGMA {} RTLNAME stencilConfig_grid_size_1_c48_U SOURCE {} VARIABLE stencilConfig_grid_size_1_c48 LOOP {} BUNDLEDNAME {} DSP 0 BRAM 0 URAM 0 DISPNAME {bind_storage fifo}} {BINDTYPE storage ID {} IMPL srl LATENCY 0 OPTYPE fifo PRAGMA {} RTLNAME stencilConfig_grid_size_1_c_U SOURCE {} VARIABLE stencilConfig_grid_size_1_c LOOP {} BUNDLEDNAME {} DSP 0 BRAM 0 URAM 0 DISPNAME {bind_storage fifo}} {BINDTYPE storage ID {} IMPL srl LATENCY 0 OPTYPE fifo PRAGMA {} RTLNAME stencilConfig_grid_size_0_c47_U SOURCE {} VARIABLE stencilConfig_grid_size_0_c47 LOOP {} BUNDLEDNAME {} DSP 0 BRAM 0 URAM 0 DISPNAME {bind_storage fifo}} {BINDTYPE storage ID {} IMPL srl LATENCY 0 OPTYPE fifo PRAGMA {} RTLNAME stencilConfig_grid_size_0_c46_U SOURCE {} VARIABLE stencilConfig_grid_size_0_c46 LOOP {} BUNDLEDNAME {} DSP 0 BRAM 0 URAM 0 DISPNAME {bind_storage fifo}} {BINDTYPE storage ID {} IMPL srl LATENCY 0 OPTYPE fifo PRAGMA {} RTLNAME stencilConfig_grid_size_0_c45_U SOURCE {} VARIABLE stencilConfig_grid_size_0_c45 LOOP {} BUNDLEDNAME {} DSP 0 BRAM 0 URAM 0 DISPNAME {bind_storage fifo}} {BINDTYPE storage ID {} IMPL srl LATENCY 0 OPTYPE fifo PRAGMA {} RTLNAME stencilConfig_grid_size_0_c44_U SOURCE {} VARIABLE stencilConfig_grid_size_0_c44 LOOP {} BUNDLEDNAME {} DSP 0 BRAM 0 URAM 0 DISPNAME {bind_storage fifo}} {BINDTYPE storage ID {} IMPL srl LATENCY 0 OPTYPE fifo PRAGMA {} RTLNAME stencilConfig_grid_size_0_c43_U SOURCE {} VARIABLE stencilConfig_grid_size_0_c43 LOOP {} BUNDLEDNAME {} DSP 0 BRAM 0 URAM 0 DISPNAME {bind_storage fifo}} {BINDTYPE storage ID {} IMPL srl LATENCY 0 OPTYPE fifo PRAGMA {} RTLNAME stencilConfig_grid_size_0_c42_U SOURCE {} VARIABLE stencilConfig_grid_size_0_c42 LOOP {} BUNDLEDNAME {} DSP 0 BRAM 0 URAM 0 DISPNAME {bind_storage fifo}} {BINDTYPE storage ID {} IMPL srl LATENCY 0 OPTYPE fifo PRAGMA {} RTLNAME stencilConfig_grid_size_0_c41_U SOURCE {} VARIABLE stencilConfig_grid_size_0_c41 LOOP {} BUNDLEDNAME {} DSP 0 BRAM 0 URAM 0 DISPNAME {bind_storage fifo}} {BINDTYPE storage ID {} IMPL srl LATENCY 0 OPTYPE fifo PRAGMA {} RTLNAME stencilConfig_grid_size_0_c40_U SOURCE {} VARIABLE stencilConfig_grid_size_0_c40 LOOP {} BUNDLEDNAME {} DSP 0 BRAM 0 URAM 0 DISPNAME {bind_storage fifo}} {BINDTYPE storage ID {} IMPL srl LATENCY 0 OPTYPE fifo PRAGMA {} RTLNAME stencilConfig_grid_size_0_c39_U SOURCE {} VARIABLE stencilConfig_grid_size_0_c39 LOOP {} BUNDLEDNAME {} DSP 0 BRAM 0 URAM 0 DISPNAME {bind_storage fifo}} {BINDTYPE storage ID {} IMPL srl LATENCY 0 OPTYPE fifo PRAGMA {} RTLNAME stencilConfig_grid_size_0_c38_U SOURCE {} VARIABLE stencilConfig_grid_size_0_c38 LOOP {} BUNDLEDNAME {} DSP 0 BRAM 0 URAM 0 DISPNAME {bind_storage fifo}} {BINDTYPE storage ID {} IMPL srl LATENCY 0 OPTYPE fifo PRAGMA {} RTLNAME stencilConfig_grid_size_0_c37_U SOURCE {} VARIABLE stencilConfig_grid_size_0_c37 LOOP {} BUNDLEDNAME {} DSP 0 BRAM 0 URAM 0 DISPNAME {bind_storage fifo}} {BINDTYPE storage ID {} IMPL srl LATENCY 0 OPTYPE fifo PRAGMA {} RTLNAME stencilConfig_grid_size_0_c36_U SOURCE {} VARIABLE stencilConfig_grid_size_0_c36 LOOP {} BUNDLEDNAME {} DSP 0 BRAM 0 URAM 0 DISPNAME {bind_storage fifo}} {BINDTYPE storage ID {} IMPL srl LATENCY 0 OPTYPE fifo PRAGMA {} RTLNAME stencilConfig_grid_size_0_c35_U SOURCE {} VARIABLE stencilConfig_grid_size_0_c35 LOOP {} BUNDLEDNAME {} DSP 0 BRAM 0 URAM 0 DISPNAME {bind_storage fifo}} {BINDTYPE storage ID {} IMPL srl LATENCY 0 OPTYPE fifo PRAGMA {} RTLNAME stencilConfig_grid_size_0_c_U SOURCE {} VARIABLE stencilConfig_grid_size_0_c LOOP {} BUNDLEDNAME {} DSP 0 BRAM 0 URAM 0 DISPNAME {bind_storage fifo}} {BINDTYPE storage ID {} IMPL memory LATENCY 0 OPTYPE fifo PRAGMA {} RTLNAME arg0_arg1_streams_0_U SOURCE {} VARIABLE arg0_arg1_streams_0 LOOP {} BUNDLEDNAME {} DSP 0 BRAM 0 URAM 0 DISPNAME {bind_storage fifo}} {BINDTYPE storage ID {} IMPL memory LATENCY 0 OPTYPE fifo PRAGMA {} RTLNAME arg0_arg1_streams_1_U SOURCE {} VARIABLE arg0_arg1_streams_1 LOOP {} BUNDLEDNAME {} DSP 0 BRAM 0 URAM 0 DISPNAME {bind_storage fifo}} {BINDTYPE storage ID {} IMPL memory LATENCY 0 OPTYPE fifo PRAGMA {} RTLNAME arg0_arg1_streams_2_U SOURCE {} VARIABLE arg0_arg1_streams_2 LOOP {} BUNDLEDNAME {} DSP 0 BRAM 0 URAM 0 DISPNAME {bind_storage fifo}} {BINDTYPE storage ID {} IMPL memory LATENCY 0 OPTYPE fifo PRAGMA {} RTLNAME arg0_arg1_streams_3_U SOURCE {} VARIABLE arg0_arg1_streams_3 LOOP {} BUNDLEDNAME {} DSP 0 BRAM 0 URAM 0 DISPNAME {bind_storage fifo}} {BINDTYPE storage ID {} IMPL memory LATENCY 0 OPTYPE fifo PRAGMA {} RTLNAME arg0_arg1_streams_4_U SOURCE {} VARIABLE arg0_arg1_streams_4 LOOP {} BUNDLEDNAME {} DSP 0 BRAM 0 URAM 0 DISPNAME {bind_storage fifo}} {BINDTYPE storage ID {} IMPL memory LATENCY 0 OPTYPE fifo PRAGMA {} RTLNAME arg0_arg1_streams_5_U SOURCE {} VARIABLE arg0_arg1_streams_5 LOOP {} BUNDLEDNAME {} DSP 0 BRAM 0 URAM 0 DISPNAME {bind_storage fifo}} {BINDTYPE storage ID {} IMPL memory LATENCY 0 OPTYPE fifo PRAGMA {} RTLNAME arg0_arg1_streams_6_U SOURCE {} VARIABLE arg0_arg1_streams_6 LOOP {} BUNDLEDNAME {} DSP 0 BRAM 0 URAM 0 DISPNAME {bind_storage fifo}} {BINDTYPE storage ID {} IMPL memory LATENCY 0 OPTYPE fifo PRAGMA {} RTLNAME arg0_arg1_streams_7_U SOURCE {} VARIABLE arg0_arg1_streams_7 LOOP {} BUNDLEDNAME {} DSP 0 BRAM 0 URAM 0 DISPNAME {bind_storage fifo}} {BINDTYPE storage ID {} IMPL memory LATENCY 0 OPTYPE fifo PRAGMA {} RTLNAME arg0_arg1_streams_8_U SOURCE {} VARIABLE arg0_arg1_streams_8 LOOP {} BUNDLEDNAME {} DSP 0 BRAM 0 URAM 0 DISPNAME {bind_storage fifo}} {BINDTYPE storage ID {} IMPL memory LATENCY 0 OPTYPE fifo PRAGMA {} RTLNAME arg0_arg1_streams_9_U SOURCE {} VARIABLE arg0_arg1_streams_9 LOOP {} BUNDLEDNAME {} DSP 0 BRAM 0 URAM 0 DISPNAME {bind_storage fifo}} {BINDTYPE storage ID {} IMPL memory LATENCY 0 OPTYPE fifo PRAGMA {} RTLNAME arg0_arg1_streams_10_U SOURCE {} VARIABLE arg0_arg1_streams_10 LOOP {} BUNDLEDNAME {} DSP 0 BRAM 0 URAM 0 DISPNAME {bind_storage fifo}} {BINDTYPE storage ID {} IMPL memory LATENCY 0 OPTYPE fifo PRAGMA {} RTLNAME arg0_arg1_streams_11_U SOURCE {} VARIABLE arg0_arg1_streams_11 LOOP {} BUNDLEDNAME {} DSP 0 BRAM 0 URAM 0 DISPNAME {bind_storage fifo}} {BINDTYPE storage ID {} IMPL memory LATENCY 0 OPTYPE fifo PRAGMA {} RTLNAME arg0_arg1_streams_12_U SOURCE {} VARIABLE arg0_arg1_streams_12 LOOP {} BUNDLEDNAME {} DSP 0 BRAM 0 URAM 0 DISPNAME {bind_storage fifo}} {BINDTYPE storage ID {} IMPL memory LATENCY 0 OPTYPE fifo PRAGMA {} RTLNAME arg0_arg1_streams_13_U SOURCE {} VARIABLE arg0_arg1_streams_13 LOOP {} BUNDLEDNAME {} DSP 0 BRAM 0 URAM 0 DISPNAME {bind_storage fifo}} {BINDTYPE storage ID {} IMPL memory LATENCY 0 OPTYPE fifo PRAGMA {} RTLNAME arg0_arg1_streams_14_U SOURCE {} VARIABLE arg0_arg1_streams_14 LOOP {} BUNDLEDNAME {} DSP 0 BRAM 0 URAM 0 DISPNAME {bind_storage fifo}}} AREA {DSP 1092 BRAM 224 URAM 224}} kernel_outerloop_0 {BINDINFO {{BINDTYPE op ID {} IMPL fabric LATENCY 0 OPTYPE add PRAGMA {} RTLNAME i_4_fu_233_p2 SOURCE /home/x_thileeb/repos/ops-hls-pact25-artifact/codegen_apps/jacobian3d/vck5000_project/hls/device/src/kernel_outerloop_0.cpp:120 VARIABLE i_4 LOOP VITIS_LOOP_120_1 BUNDLEDNAME {} DSP 0 BRAM 0 URAM 0 DISPNAME {bind_op add}}} AREA {DSP 1092 BRAM 224 URAM 224}} entry_proc {AREA {DSP 0 BRAM 0 URAM 0}} joint_PE_outerloop_0 {AREA {DSP 78 BRAM 16 URAM 16}} joint_PE_outerloop_0_1 {AREA {DSP 78 BRAM 16 URAM 16}} joint_PE_outerloop_0_2 {AREA {DSP 78 BRAM 16 URAM 16}} joint_PE_outerloop_0_3 {AREA {DSP 78 BRAM 16 URAM 16}} joint_PE_outerloop_0_4 {AREA {DSP 78 BRAM 16 URAM 16}} joint_PE_outerloop_0_5 {AREA {DSP 78 BRAM 16 URAM 16}} joint_PE_outerloop_0_6 {AREA {DSP 78 BRAM 16 URAM 16}} joint_PE_outerloop_0_7 {AREA {DSP 78 BRAM 16 URAM 16}} joint_PE_outerloop_0_8 {AREA {DSP 78 BRAM 16 URAM 16}} joint_PE_outerloop_0_9 {AREA {DSP 78 BRAM 16 URAM 16}} joint_PE_outerloop_0_10 {AREA {DSP 78 BRAM 16 URAM 16}} joint_PE_outerloop_0_11 {AREA {DSP 78 BRAM 16 URAM 16}} joint_PE_outerloop_0_12 {AREA {DSP 78 BRAM 16 URAM 16}} joint_PE_outerloop_0_13 {AREA {DSP 78 BRAM 16 URAM 16}}}}'
INFO-FLOW: DBG:PUTS:      update_csynth_reports json2rpt_hw_sw_interfaces
INFO-FLOW: Running: gen_csynth_sec_pragma
INFO-FLOW: Done: gen_csynth_sec_pragma time: 0.1 seconds per iteration
INFO-FLOW: DBG:PUTS:      update_csynth_reports wrote xml
INFO-FLOW: DBG:PUTS:      update_csynth_reports appended to csynth rpt file
INFO: [HLS 200-111] Finished Updating report files: CPU user time: 1.69 seconds. CPU system time: 0.1 seconds. Elapsed time: 1.87 seconds; current allocated memory: 950.105 MB.
INFO: [VHDL 208-304] Generating VHDL RTL for kernel_outerloop_0.
INFO: [VLOG 209-307] Generating Verilog RTL for kernel_outerloop_0.
Execute         syn_report -model kernel_outerloop_0 -printsummary 
INFO: [HLS 200-790] **** Loop Constraint Status: All loop constraints were satisfied.
INFO: [HLS 200-789] **** Estimated Fmax: 434.59 MHz
Command       autosyn done; 199.86 sec.
Command     csynth_design done; 216.45 sec.
INFO: [HLS 200-111] Finished Command csynth_design CPU user time: 207.34 seconds. CPU system time: 4.75 seconds. Elapsed time: 216.45 seconds; current allocated memory: -541.922 MB.
Execute     export_design 
INFO: [HLS 200-1510] Running: export_design 
Execute       get_config_export -description 
Execute       get_config_export -display_name 
Execute       get_config_export -format 
Execute       get_config_export -ipname 
Execute       get_config_export -library 
Execute       get_config_export -output 
Execute       get_config_export -rtl 
Execute       get_config_export -taxonomy 
Execute       get_config_export -vendor 
Execute       get_config_export -version 
Execute       get_config_export -xo 
INFO-FLOW: DBG:PUTS: export_design_wrap: -format xo -rtl verilog -ipname kernel_outerloop_0
Execute       source /home/x_thileeb/repos/ops-hls-pact25-artifact/codegen_apps/jacobian3d/vck5000_project/hls/build/hw/temp_dir/kernel_outerloop_0/kernel_outerloop_0/kernel_outerloop_0/solution/.autopilot/db/global.setting.tcl 
Execute       get_config_export -vivado_clock 
Execute       get_top 
Execute       get_config_export -ipname 
Execute       get_config_export -xo 
Execute       get_config_export -format 
Execute       get_solution -flow_target 
INFO-FLOW: DBG:PUTS:   auto_impl: pack: -export -rtl verilog
INFO-FLOW: DBG:PROC: ::AESL_AUTOIMPL::auto_impl args='-export -rtl verilog'
Execute       source /home/x_thileeb/repos/ops-hls-pact25-artifact/codegen_apps/jacobian3d/vck5000_project/hls/build/hw/temp_dir/kernel_outerloop_0/kernel_outerloop_0/kernel_outerloop_0/solution/.autopilot/db/global.setting.tcl 
INFO: [IMPL 213-8] Exporting RTL as a Vivado IP.
Execute       source /home/x_thileeb/repos/ops-hls-pact25-artifact/codegen_apps/jacobian3d/vck5000_project/hls/build/hw/temp_dir/kernel_outerloop_0/kernel_outerloop_0/kernel_outerloop_0/solution/.autopilot/db/global.setting.tcl 
INFO-FLOW: DBG:PUTS: automg_wrap -export -pcore_version 1.00.a -rtl vlog -tool Vivado -impltomg_flag
INFO-FLOW: DBG:PROC: ::AESL_AUTOMG::auto_generate args='-export -pcore_version 1.00.a -rtl vlog -tool Vivado -impltomg_flag'
INFO-FLOW: DBG:PUTS:     auto_generate -export -pcore_version 1.00.a -rtl vlog -tool Vivado -impltomg_flag
Execute       get_config_export -xo 
Execute       get_config_export -format 
Execute       get_config_export -ip_xdc_file 
Execute       get_config_export -ip_xdc_ooc_file 
Execute       source /home/x_thileeb/repos/ops-hls-pact25-artifact/codegen_apps/jacobian3d/vck5000_project/hls/build/hw/temp_dir/kernel_outerloop_0/kernel_outerloop_0/kernel_outerloop_0/solution/.autopilot/db/global.setting.tcl 
INFO-FLOW: DBG:PUTS: read_platform_lib /home/x_thileeb/repos/ops-hls-pact25-artifact/codegen_apps/jacobian3d/vck5000_project/hls/build/hw/temp_dir/kernel_outerloop_0/kernel_outerloop_0/kernel_outerloop_0/solution/.autopilot/db/global.setting.tcl
Execute       source /tools/Xilinx/Vitis_HLS/2022.1/common/technology/generic/autopilot/common.gen 
Execute         source /tools/Xilinx/Vitis_HLS/2022.1/common/technology/generic/autopilot/APCoreGen.gen 
Execute       source /tools/Xilinx/Vitis_HLS/2022.1/common/technology/generic/autopilot/op.gen 
Execute       source /tools/Xilinx/Vitis_HLS/2022.1/common/technology/generic/autopilot/op_simcore.gen 
Execute       source /tools/Xilinx/Vitis_HLS/2022.1/common/technology/generic/autopilot/interface.gen 
Execute       source /home/x_thileeb/repos/ops-hls-pact25-artifact/codegen_apps/jacobian3d/vck5000_project/hls/build/hw/temp_dir/kernel_outerloop_0/kernel_outerloop_0/kernel_outerloop_0/solution/.autopilot/db/global.setting.tcl 
Execute       ap_family_info -name versalprimees1 -data parts 
Execute       source /tools/Xilinx/Vitis_HLS/2022.1/common/technology/xilinx/common/xilinx.gen 
Execute         source /tools/Xilinx/Vitis_HLS/2022.1/common/technology/xilinx/interface/plb46.gen 
Execute         source /tools/Xilinx/Vitis_HLS/2022.1/common/technology/xilinx/interface/axi4.gen 
Execute         source /tools/Xilinx/Vitis_HLS/2022.1/common/technology/xilinx/interface/nativeAXI4.gen 
Execute           source /tools/Xilinx/Vitis_HLS/2022.1/common/technology/xilinx/interface/saxilite.gen 
Execute         source /tools/Xilinx/Vitis_HLS/2022.1/common/technology/xilinx/scripts/xilinxcoregen.gen 
Execute         source /tools/Xilinx/Vitis_HLS/2022.1/common/technology/xilinx/interface/XilEDKCoreGen.gen 
Execute         source /tools/Xilinx/Vitis_HLS/2022.1/common/technology/xilinx/ip/dds_compiler.gen 
Execute         source /tools/Xilinx/Vitis_HLS/2022.1/common/technology/xilinx/ip/xfft.gen 
Execute         source /tools/Xilinx/Vitis_HLS/2022.1/common/technology/xilinx/ip/xfir.gen 
Execute         source /tools/Xilinx/Vitis_HLS/2022.1/common/technology/xilinx/ip/util.gen 
Execute         source /tools/Xilinx/Vitis_HLS/2022.1/common/technology/xilinx/DSP48/dsp48.gen 
Command       ap_source done; 0.12 sec.
INFO-FLOW: DBG:PUTS:       initCTypeInfo top_module=kernel_outerloop_0 xml_exists=0
Execute       source /home/x_thileeb/repos/ops-hls-pact25-artifact/codegen_apps/jacobian3d/vck5000_project/hls/build/hw/temp_dir/kernel_outerloop_0/kernel_outerloop_0/kernel_outerloop_0/solution/.autopilot/db/kernel_outerloop_0.rtl_wrap.cfg.tcl 
Execute       source /home/x_thileeb/repos/ops-hls-pact25-artifact/codegen_apps/jacobian3d/vck5000_project/hls/build/hw/temp_dir/kernel_outerloop_0/kernel_outerloop_0/kernel_outerloop_0/solution/.autopilot/db/kernel_outerloop_0.rtl_wrap.cfg.tcl 
Execute       source /home/x_thileeb/repos/ops-hls-pact25-artifact/codegen_apps/jacobian3d/vck5000_project/hls/build/hw/temp_dir/kernel_outerloop_0/kernel_outerloop_0/kernel_outerloop_0/solution/.autopilot/db/kernel_outerloop_0.rtl_wrap.cfg.tcl 
Execute       source /home/x_thileeb/repos/ops-hls-pact25-artifact/codegen_apps/jacobian3d/vck5000_project/hls/build/hw/temp_dir/kernel_outerloop_0/kernel_outerloop_0/kernel_outerloop_0/solution/.autopilot/db/kernel_outerloop_0.tbgen.tcl 
Execute       source /home/x_thileeb/repos/ops-hls-pact25-artifact/codegen_apps/jacobian3d/vck5000_project/hls/build/hw/temp_dir/kernel_outerloop_0/kernel_outerloop_0/kernel_outerloop_0/solution/.autopilot/db/kernel_outerloop_0.tbgen.tcl 
Execute       get_config_rtl -deadlock_detection 
Execute       source /home/x_thileeb/repos/ops-hls-pact25-artifact/codegen_apps/jacobian3d/vck5000_project/hls/build/hw/temp_dir/kernel_outerloop_0/kernel_outerloop_0/kernel_outerloop_0/solution/.autopilot/db/global.setting.tcl 
Execute       source /home/x_thileeb/repos/ops-hls-pact25-artifact/codegen_apps/jacobian3d/vck5000_project/hls/build/hw/temp_dir/kernel_outerloop_0/kernel_outerloop_0/kernel_outerloop_0/solution/.autopilot/db/kernel_outerloop_0.tbgen.tcl 
Execute       get_config_rtl -deadlock_detection 
Execute       get_config_rtl -deadlock_detection 
Execute       get_config_rtl -module_prefix 
INFO-FLOW: DBG:PUTS:       cosim_export_main adding deadlock detection to kernel_outerloop_0
Execute       get_config_rtl -deadlock_detection 
Execute       get_solution -flow_target 
INFO-FLOW: DBG:PUTS:       kernel.xml check internal_kernel_xml(1)=/home/x_thileeb/repos/ops-hls-pact25-artifact/codegen_apps/jacobian3d/vck5000_project/hls/build/hw/temp_dir/kernel_outerloop_0/kernel_outerloop_0/kernel_outerloop_0/solution/.autopilot/db/kernel.internal.xml top=kernel_outerloop_0
INFO-FLOW: DBG:PUTS:       kernel.xml check proj_kernel_xml    (1)=/home/x_thileeb/repos/ops-hls-pact25-artifact/codegen_apps/jacobian3d/vck5000_project/hls/build/hw/temp_dir/kernel_outerloop_0/kernel_outerloop_0/kernel_outerloop_0/solution/.autopilot/db/../../../kernel.xml
INFO-FLOW: DBG:PUTS:       copy internal kernel.xml to project: /home/x_thileeb/repos/ops-hls-pact25-artifact/codegen_apps/jacobian3d/vck5000_project/hls/build/hw/temp_dir/kernel_outerloop_0/kernel_outerloop_0/kernel_outerloop_0/solution/.autopilot/db/../../../kernel.xml
INFO-FLOW: DBG:PUTS:       update_final_kernel_xml /home/x_thileeb/repos/ops-hls-pact25-artifact/codegen_apps/jacobian3d/vck5000_project/hls/build/hw/temp_dir/kernel_outerloop_0/kernel_outerloop_0/kernel_outerloop_0/solution/.autopilot/db/../../../kernel.xml
Execute       get_config_debug -enable 
Execute       get_config_export -vendor 
Execute       get_config_export -library 
Execute       get_config_export -version 
Execute       get_config_export -ipname 
Execute       get_config_export -taxonomy 
Execute       get_config_export -description 
Execute       get_config_export -display_name 
Execute       get_config_interface -s_axilite_sw_reset 
Execute       get_config_interface -s_axilite_mailbox 
Execute       get_config_interface -s_axilite_auto_restart_counter 
Execute       get_config_export -deadlock_detection 
INFO-FLOW: DBG:PUTS: Updating /home/x_thileeb/repos/ops-hls-pact25-artifact/codegen_apps/jacobian3d/vck5000_project/hls/build/hw/temp_dir/kernel_outerloop_0/kernel_outerloop_0/kernel_outerloop_0/solution/.autopilot/db/../../../kernel.xml with values: interrupt true debug false compileOptions {-I /home/x_thileeb/repos/ops-hls-pact25-artifact/OPS/ops/hls/include/device -I /home/x_thileeb/repos/ops-hls-pact25-artifact/OPS/ops/hls/L1/include -I /home/x_thileeb/repos/ops-hls-pact25-artifact/codegen_apps/jacobian3d/vck5000_project/hls/device/include} name kernel_outerloop_0 vlnv xilinx.com:hls:kernel_outerloop_0:1.0 swReset false mailbox none countedAutoRestart 0 deadlockDetection local
INFO-FLOW: DBG:PUTS: Skipping loadAnalyze_DB, #g_database=22
INFO-FLOW: DBG:PUTS:       generate_json generate_bd_files=0 generate_xo_files=true #modelList=215 #gSsdmPorts=0
INFO-FLOW: DBG:PROC: ::AP::DESIGN_DATA::generate_json generate_bd_files='0' generate_xo_files='true' modelList='kernel_outerloop_0_flow_control_loop_pipe_sequential_init
kernel_outerloop_0_fadd_32ns_32ns_32_2_primitive_dsp_0
kernel_outerloop_0_fmul_32ns_32ns_32_3_primitive_dsp_0
kernel_outerloop_0_fmadd_32ns_32ns_32ns_32ns_32_3_primitive_dsp_0
kernel_outerloop_0_flow_control_loop_pipe_sequential_init
kernel_outerloop_0_mul_32s_16ns_32_3_1
kernel_outerloop_0_mul_mul_16ns_16ns_32_4_1
kernel_outerloop_0_mac_muladd_16ns_16ns_1s_16_4_1
kernel_outerloop_0_stencilRun_arg0_buf_p0_1_V_RAM_S2P_URAM_2R1W
kernel_outerloop_0_stencilRun_arg0_buf_r0_1_p1_V_RAM_S2P_BRAM_2R1W
kernel_outerloop_0_flow_control_loop_pipe_sequential_init
kernel_outerloop_0_fifo_w16_d3_S
kernel_outerloop_0_fifo_w16_d3_S
kernel_outerloop_0_fifo_w16_d3_S
kernel_outerloop_0_fifo_w16_d3_S
kernel_outerloop_0_fifo_w16_d3_S
kernel_outerloop_0_fifo_w16_d3_S
kernel_outerloop_0_fifo_w16_d3_S
kernel_outerloop_0_fifo_w16_d3_S
kernel_outerloop_0_fifo_w16_d3_S
kernel_outerloop_0_fifo_w16_d3_S
kernel_outerloop_0_fifo_w256_d10_A
kernel_outerloop_0_fifo_w32_d16_S
kernel_outerloop_0_fifo_w256_d10_A
kernel_outerloop_0_fifo_w16_d2_S
kernel_outerloop_0_fifo_w16_d2_S
kernel_outerloop_0_fifo_w16_d2_S
kernel_outerloop_0_fifo_w16_d2_S
kernel_outerloop_0_fifo_w16_d2_S
kernel_outerloop_0_fifo_w16_d2_S
kernel_outerloop_0_fifo_w16_d2_S
kernel_outerloop_0_fifo_w16_d2_S
kernel_outerloop_0_fifo_w16_d2_S
kernel_outerloop_0_fifo_w16_d2_S
kernel_outerloop_0_fifo_w256_d10_A
kernel_outerloop_0_fifo_w16_d2_S
kernel_outerloop_0_fifo_w16_d2_S
kernel_outerloop_0_fifo_w16_d2_S
kernel_outerloop_0_fifo_w16_d2_S
kernel_outerloop_0_fifo_w16_d2_S
kernel_outerloop_0_fifo_w16_d2_S
kernel_outerloop_0_fifo_w16_d2_S
kernel_outerloop_0_fifo_w16_d2_S
kernel_outerloop_0_fifo_w16_d2_S
kernel_outerloop_0_fifo_w16_d2_S
kernel_outerloop_0_fifo_w256_d10_A
kernel_outerloop_0_fifo_w16_d2_S
kernel_outerloop_0_fifo_w16_d2_S
kernel_outerloop_0_fifo_w16_d2_S
kernel_outerloop_0_fifo_w16_d2_S
kernel_outerloop_0_fifo_w16_d2_S
kernel_outerloop_0_fifo_w16_d2_S
kernel_outerloop_0_fifo_w16_d2_S
kernel_outerloop_0_fifo_w16_d2_S
kernel_outerloop_0_fifo_w16_d2_S
kernel_outerloop_0_fifo_w16_d2_S
kernel_outerloop_0_fifo_w256_d10_A
kernel_outerloop_0_fifo_w16_d2_S
kernel_outerloop_0_fifo_w16_d2_S
kernel_outerloop_0_fifo_w16_d2_S
kernel_outerloop_0_fifo_w16_d2_S
kernel_outerloop_0_fifo_w16_d2_S
kernel_outerloop_0_fifo_w16_d2_S
kernel_outerloop_0_fifo_w16_d2_S
kernel_outerloop_0_fifo_w16_d2_S
kernel_outerloop_0_fifo_w16_d2_S
kernel_outerloop_0_fifo_w16_d2_S
kernel_outerloop_0_fifo_w256_d10_A
kernel_outerloop_0_fifo_w16_d2_S
kernel_outerloop_0_fifo_w16_d2_S
kernel_outerloop_0_fifo_w16_d2_S
kernel_outerloop_0_fifo_w16_d2_S
kernel_outerloop_0_fifo_w16_d2_S
kernel_outerloop_0_fifo_w16_d2_S
kernel_outerloop_0_fifo_w16_d2_S
kernel_outerloop_0_fifo_w16_d2_S
kernel_outerloop_0_fifo_w16_d2_S
kernel_outerloop_0_fifo_w16_d2_S
kernel_outerloop_0_fifo_w256_d10_A
kernel_outerloop_0_fifo_w16_d2_S
kernel_outerloop_0_fifo_w16_d2_S
kernel_outerloop_0_fifo_w16_d2_S
kernel_outerloop_0_fifo_w16_d2_S
kernel_outerloop_0_fifo_w16_d2_S
kernel_outerloop_0_fifo_w16_d2_S
kernel_outerloop_0_fifo_w16_d2_S
kernel_outerloop_0_fifo_w16_d2_S
kernel_outerloop_0_fifo_w16_d2_S
kernel_outerloop_0_fifo_w16_d2_S
kernel_outerloop_0_fifo_w256_d10_A
kernel_outerloop_0_fifo_w16_d2_S
kernel_outerloop_0_fifo_w16_d2_S
kernel_outerloop_0_fifo_w16_d2_S
kernel_outerloop_0_fifo_w16_d2_S
kernel_outerloop_0_fifo_w16_d2_S
kernel_outerloop_0_fifo_w16_d2_S
kernel_outerloop_0_fifo_w16_d2_S
kernel_outerloop_0_fifo_w16_d2_S
kernel_outerloop_0_fifo_w16_d2_S
kernel_outerloop_0_fifo_w16_d2_S
kernel_outerloop_0_fifo_w256_d10_A
kernel_outerloop_0_fifo_w16_d2_S
kernel_outerloop_0_fifo_w16_d2_S
kernel_outerloop_0_fifo_w16_d2_S
kernel_outerloop_0_fifo_w16_d2_S
kernel_outerloop_0_fifo_w16_d2_S
kernel_outerloop_0_fifo_w16_d2_S
kernel_outerloop_0_fifo_w16_d2_S
kernel_outerloop_0_fifo_w16_d2_S
kernel_outerloop_0_fifo_w16_d2_S
kernel_outerloop_0_fifo_w16_d2_S
kernel_outerloop_0_fifo_w256_d10_A
kernel_outerloop_0_fifo_w16_d2_S
kernel_outerloop_0_fifo_w16_d2_S
kernel_outerloop_0_fifo_w16_d2_S
kernel_outerloop_0_fifo_w16_d2_S
kernel_outerloop_0_fifo_w16_d2_S
kernel_outerloop_0_fifo_w16_d2_S
kernel_outerloop_0_fifo_w16_d2_S
kernel_outerloop_0_fifo_w16_d2_S
kernel_outerloop_0_fifo_w16_d2_S
kernel_outerloop_0_fifo_w16_d2_S
kernel_outerloop_0_fifo_w256_d10_A
kernel_outerloop_0_fifo_w16_d2_S
kernel_outerloop_0_fifo_w16_d2_S
kernel_outerloop_0_fifo_w16_d2_S
kernel_outerloop_0_fifo_w16_d2_S
kernel_outerloop_0_fifo_w16_d2_S
kernel_outerloop_0_fifo_w16_d2_S
kernel_outerloop_0_fifo_w16_d2_S
kernel_outerloop_0_fifo_w16_d2_S
kernel_outerloop_0_fifo_w16_d2_S
kernel_outerloop_0_fifo_w16_d2_S
kernel_outerloop_0_fifo_w256_d10_A
kernel_outerloop_0_fifo_w16_d2_S
kernel_outerloop_0_fifo_w16_d2_S
kernel_outerloop_0_fifo_w16_d2_S
kernel_outerloop_0_fifo_w16_d2_S
kernel_outerloop_0_fifo_w16_d2_S
kernel_outerloop_0_fifo_w16_d2_S
kernel_outerloop_0_fifo_w16_d2_S
kernel_outerloop_0_fifo_w16_d2_S
kernel_outerloop_0_fifo_w16_d2_S
kernel_outerloop_0_fifo_w16_d2_S
kernel_outerloop_0_fifo_w256_d10_A
kernel_outerloop_0_fifo_w16_d2_S
kernel_outerloop_0_fifo_w16_d2_S
kernel_outerloop_0_fifo_w16_d2_S
kernel_outerloop_0_fifo_w16_d2_S
kernel_outerloop_0_fifo_w16_d2_S
kernel_outerloop_0_fifo_w16_d2_S
kernel_outerloop_0_fifo_w16_d2_S
kernel_outerloop_0_fifo_w16_d2_S
kernel_outerloop_0_fifo_w16_d2_S
kernel_outerloop_0_fifo_w16_d2_S
kernel_outerloop_0_fifo_w256_d10_A
kernel_outerloop_0_fifo_w16_d2_S
kernel_outerloop_0_fifo_w16_d2_S
kernel_outerloop_0_fifo_w16_d2_S
kernel_outerloop_0_fifo_w16_d2_S
kernel_outerloop_0_fifo_w16_d2_S
kernel_outerloop_0_fifo_w16_d2_S
kernel_outerloop_0_fifo_w16_d2_S
kernel_outerloop_0_fifo_w16_d2_S
kernel_outerloop_0_fifo_w16_d2_S
kernel_outerloop_0_fifo_w16_d2_S
kernel_outerloop_0_fifo_w256_d10_A
kernel_outerloop_0_start_for_joint_PE_outerloop_0_U0
kernel_outerloop_0_start_for_stream2axis_256u_256u_U0
kernel_outerloop_0_start_for_joint_PE_outerloop_0_1_U0
kernel_outerloop_0_start_for_joint_PE_outerloop_0_2_U0
kernel_outerloop_0_start_for_joint_PE_outerloop_0_3_U0
kernel_outerloop_0_start_for_joint_PE_outerloop_0_4_U0
kernel_outerloop_0_start_for_joint_PE_outerloop_0_5_U0
kernel_outerloop_0_start_for_joint_PE_outerloop_0_6_U0
kernel_outerloop_0_start_for_joint_PE_outerloop_0_7_U0
kernel_outerloop_0_start_for_joint_PE_outerloop_0_8_U0
kernel_outerloop_0_start_for_joint_PE_outerloop_0_9_U0
kernel_outerloop_0_start_for_joint_PE_outerloop_0_10_U0
kernel_outerloop_0_start_for_joint_PE_outerloop_0_11_U0
kernel_outerloop_0_start_for_joint_PE_outerloop_0_12_U0
kernel_outerloop_0_start_for_joint_PE_outerloop_0_13_U0
kernel_outerloop_0_control_s_axi
kernel_outerloop_0_regslice_both
kernel_outerloop_0_regslice_both
kernel_outerloop_0_regslice_both
kernel_outerloop_0_regslice_both
kernel_outerloop_0_regslice_both
kernel_outerloop_0_regslice_both
kernel_outerloop_0_regslice_both
kernel_outerloop_0_regslice_both
entry_proc
axis2stream_256u_256u_Pipeline_VITIS_LOOP_1521_1
axis2stream_256u_256u_s
kernel_jac3D_kernel_stencil_core
stencilRun_Pipeline_VITIS_LOOP_194_1
stencilRun
joint_PE_outerloop_0
joint_PE_outerloop_0_1
joint_PE_outerloop_0_2
joint_PE_outerloop_0_3
joint_PE_outerloop_0_4
joint_PE_outerloop_0_5
joint_PE_outerloop_0_6
joint_PE_outerloop_0_7
joint_PE_outerloop_0_8
joint_PE_outerloop_0_9
joint_PE_outerloop_0_10
joint_PE_outerloop_0_11
joint_PE_outerloop_0_12
joint_PE_outerloop_0_13
stream2axis_256u_256u_Pipeline_VITIS_LOOP_1897_1
stream2axis_256u_256u_s
kernel_outerloop_0_dataflow_region
kernel_outerloop_0
' rtl_lang='vlog' bootstrap_tcl='false' outdir='' outfilename=''
Execute       source /home/x_thileeb/repos/ops-hls-pact25-artifact/codegen_apps/jacobian3d/vck5000_project/hls/build/hw/temp_dir/kernel_outerloop_0/kernel_outerloop_0/kernel_outerloop_0/solution/.autopilot/db/global.setting.tcl 
Execute       source /home/x_thileeb/repos/ops-hls-pact25-artifact/codegen_apps/jacobian3d/vck5000_project/hls/build/hw/temp_dir/kernel_outerloop_0/kernel_outerloop_0/kernel_outerloop_0/solution/.autopilot/db/global.setting.tcl 
Execute       get_solution -flow_target 
Execute       source /home/x_thileeb/repos/ops-hls-pact25-artifact/codegen_apps/jacobian3d/vck5000_project/hls/build/hw/temp_dir/kernel_outerloop_0/kernel_outerloop_0/kernel_outerloop_0/solution/.autopilot/db/top-io-be.tcl 
Execute       source /home/x_thileeb/repos/ops-hls-pact25-artifact/codegen_apps/jacobian3d/vck5000_project/hls/build/hw/temp_dir/kernel_outerloop_0/kernel_outerloop_0/kernel_outerloop_0/solution/.autopilot/db/kernel_outerloop_0.tbgen.tcl 
Execute       source /home/x_thileeb/repos/ops-hls-pact25-artifact/codegen_apps/jacobian3d/vck5000_project/hls/build/hw/temp_dir/kernel_outerloop_0/kernel_outerloop_0/kernel_outerloop_0/solution/.autopilot/db/kernel_outerloop_0.compgen.dataonly.tcl 
Execute       get_config_interface -s_axilite_interrupt_mode 
Execute       source /home/x_thileeb/repos/ops-hls-pact25-artifact/codegen_apps/jacobian3d/vck5000_project/hls/build/hw/temp_dir/kernel_outerloop_0/kernel_outerloop_0/kernel_outerloop_0/solution/.autopilot/db/kernel_outerloop_0.compgen.dataonly.tcl 
Execute       source /home/x_thileeb/repos/ops-hls-pact25-artifact/codegen_apps/jacobian3d/vck5000_project/hls/build/hw/temp_dir/kernel_outerloop_0/kernel_outerloop_0/kernel_outerloop_0/solution/.autopilot/db/kernel_outerloop_0.rtl_wrap.cfg.tcl 
Execute       source /home/x_thileeb/repos/ops-hls-pact25-artifact/codegen_apps/jacobian3d/vck5000_project/hls/build/hw/temp_dir/kernel_outerloop_0/kernel_outerloop_0/kernel_outerloop_0/solution/.autopilot/db/kernel_outerloop_0.compgen.dataonly.tcl 
Execute       get_config_export -format 
Execute       get_config_export -output 
Execute       get_config_export -vendor 
Execute       get_config_export -library 
Execute       get_config_export -version 
Execute       get_config_export -ipname 
Execute       get_config_export -taxonomy 
Execute       get_config_export -description 
Execute       get_config_export -display_name 
Execute       source /home/x_thileeb/repos/ops-hls-pact25-artifact/codegen_apps/jacobian3d/vck5000_project/hls/build/hw/temp_dir/kernel_outerloop_0/kernel_outerloop_0/kernel_outerloop_0/solution/.autopilot/db/entry_proc.tbgen.tcl 
Execute       source /home/x_thileeb/repos/ops-hls-pact25-artifact/codegen_apps/jacobian3d/vck5000_project/hls/build/hw/temp_dir/kernel_outerloop_0/kernel_outerloop_0/kernel_outerloop_0/solution/.autopilot/db/axis2stream_256u_256u_Pipeline_VITIS_LOOP_1521_1.tbgen.tcl 
Execute       source /home/x_thileeb/repos/ops-hls-pact25-artifact/codegen_apps/jacobian3d/vck5000_project/hls/build/hw/temp_dir/kernel_outerloop_0/kernel_outerloop_0/kernel_outerloop_0/solution/.autopilot/db/axis2stream_256u_256u_s.tbgen.tcl 
Execute       source /home/x_thileeb/repos/ops-hls-pact25-artifact/codegen_apps/jacobian3d/vck5000_project/hls/build/hw/temp_dir/kernel_outerloop_0/kernel_outerloop_0/kernel_outerloop_0/solution/.autopilot/db/kernel_jac3D_kernel_stencil_core.tbgen.tcl 
Execute       source /home/x_thileeb/repos/ops-hls-pact25-artifact/codegen_apps/jacobian3d/vck5000_project/hls/build/hw/temp_dir/kernel_outerloop_0/kernel_outerloop_0/kernel_outerloop_0/solution/.autopilot/db/stencilRun_Pipeline_VITIS_LOOP_194_1.tbgen.tcl 
Execute       source /home/x_thileeb/repos/ops-hls-pact25-artifact/codegen_apps/jacobian3d/vck5000_project/hls/build/hw/temp_dir/kernel_outerloop_0/kernel_outerloop_0/kernel_outerloop_0/solution/.autopilot/db/stencilRun.tbgen.tcl 
Execute       source /home/x_thileeb/repos/ops-hls-pact25-artifact/codegen_apps/jacobian3d/vck5000_project/hls/build/hw/temp_dir/kernel_outerloop_0/kernel_outerloop_0/kernel_outerloop_0/solution/.autopilot/db/joint_PE_outerloop_0.tbgen.tcl 
Execute       source /home/x_thileeb/repos/ops-hls-pact25-artifact/codegen_apps/jacobian3d/vck5000_project/hls/build/hw/temp_dir/kernel_outerloop_0/kernel_outerloop_0/kernel_outerloop_0/solution/.autopilot/db/joint_PE_outerloop_0_1.tbgen.tcl 
Execute       source /home/x_thileeb/repos/ops-hls-pact25-artifact/codegen_apps/jacobian3d/vck5000_project/hls/build/hw/temp_dir/kernel_outerloop_0/kernel_outerloop_0/kernel_outerloop_0/solution/.autopilot/db/joint_PE_outerloop_0_2.tbgen.tcl 
Execute       source /home/x_thileeb/repos/ops-hls-pact25-artifact/codegen_apps/jacobian3d/vck5000_project/hls/build/hw/temp_dir/kernel_outerloop_0/kernel_outerloop_0/kernel_outerloop_0/solution/.autopilot/db/joint_PE_outerloop_0_3.tbgen.tcl 
Execute       source /home/x_thileeb/repos/ops-hls-pact25-artifact/codegen_apps/jacobian3d/vck5000_project/hls/build/hw/temp_dir/kernel_outerloop_0/kernel_outerloop_0/kernel_outerloop_0/solution/.autopilot/db/joint_PE_outerloop_0_4.tbgen.tcl 
Execute       source /home/x_thileeb/repos/ops-hls-pact25-artifact/codegen_apps/jacobian3d/vck5000_project/hls/build/hw/temp_dir/kernel_outerloop_0/kernel_outerloop_0/kernel_outerloop_0/solution/.autopilot/db/joint_PE_outerloop_0_5.tbgen.tcl 
Execute       source /home/x_thileeb/repos/ops-hls-pact25-artifact/codegen_apps/jacobian3d/vck5000_project/hls/build/hw/temp_dir/kernel_outerloop_0/kernel_outerloop_0/kernel_outerloop_0/solution/.autopilot/db/joint_PE_outerloop_0_6.tbgen.tcl 
Execute       source /home/x_thileeb/repos/ops-hls-pact25-artifact/codegen_apps/jacobian3d/vck5000_project/hls/build/hw/temp_dir/kernel_outerloop_0/kernel_outerloop_0/kernel_outerloop_0/solution/.autopilot/db/joint_PE_outerloop_0_7.tbgen.tcl 
Execute       source /home/x_thileeb/repos/ops-hls-pact25-artifact/codegen_apps/jacobian3d/vck5000_project/hls/build/hw/temp_dir/kernel_outerloop_0/kernel_outerloop_0/kernel_outerloop_0/solution/.autopilot/db/joint_PE_outerloop_0_8.tbgen.tcl 
Execute       source /home/x_thileeb/repos/ops-hls-pact25-artifact/codegen_apps/jacobian3d/vck5000_project/hls/build/hw/temp_dir/kernel_outerloop_0/kernel_outerloop_0/kernel_outerloop_0/solution/.autopilot/db/joint_PE_outerloop_0_9.tbgen.tcl 
Execute       source /home/x_thileeb/repos/ops-hls-pact25-artifact/codegen_apps/jacobian3d/vck5000_project/hls/build/hw/temp_dir/kernel_outerloop_0/kernel_outerloop_0/kernel_outerloop_0/solution/.autopilot/db/joint_PE_outerloop_0_10.tbgen.tcl 
Execute       source /home/x_thileeb/repos/ops-hls-pact25-artifact/codegen_apps/jacobian3d/vck5000_project/hls/build/hw/temp_dir/kernel_outerloop_0/kernel_outerloop_0/kernel_outerloop_0/solution/.autopilot/db/joint_PE_outerloop_0_11.tbgen.tcl 
Execute       source /home/x_thileeb/repos/ops-hls-pact25-artifact/codegen_apps/jacobian3d/vck5000_project/hls/build/hw/temp_dir/kernel_outerloop_0/kernel_outerloop_0/kernel_outerloop_0/solution/.autopilot/db/joint_PE_outerloop_0_12.tbgen.tcl 
Execute       source /home/x_thileeb/repos/ops-hls-pact25-artifact/codegen_apps/jacobian3d/vck5000_project/hls/build/hw/temp_dir/kernel_outerloop_0/kernel_outerloop_0/kernel_outerloop_0/solution/.autopilot/db/joint_PE_outerloop_0_13.tbgen.tcl 
Execute       source /home/x_thileeb/repos/ops-hls-pact25-artifact/codegen_apps/jacobian3d/vck5000_project/hls/build/hw/temp_dir/kernel_outerloop_0/kernel_outerloop_0/kernel_outerloop_0/solution/.autopilot/db/stream2axis_256u_256u_Pipeline_VITIS_LOOP_1897_1.tbgen.tcl 
Execute       source /home/x_thileeb/repos/ops-hls-pact25-artifact/codegen_apps/jacobian3d/vck5000_project/hls/build/hw/temp_dir/kernel_outerloop_0/kernel_outerloop_0/kernel_outerloop_0/solution/.autopilot/db/stream2axis_256u_256u_s.tbgen.tcl 
Execute       source /home/x_thileeb/repos/ops-hls-pact25-artifact/codegen_apps/jacobian3d/vck5000_project/hls/build/hw/temp_dir/kernel_outerloop_0/kernel_outerloop_0/kernel_outerloop_0/solution/.autopilot/db/kernel_outerloop_0_dataflow_region.tbgen.tcl 
Execute       source /home/x_thileeb/repos/ops-hls-pact25-artifact/codegen_apps/jacobian3d/vck5000_project/hls/build/hw/temp_dir/kernel_outerloop_0/kernel_outerloop_0/kernel_outerloop_0/solution/.autopilot/db/kernel_outerloop_0.tbgen.tcl 
Execute       source /home/x_thileeb/repos/ops-hls-pact25-artifact/codegen_apps/jacobian3d/vck5000_project/hls/build/hw/temp_dir/kernel_outerloop_0/kernel_outerloop_0/kernel_outerloop_0/solution/.autopilot/db/global.setting.tcl 
Execute       ap_part_info -name xcvc1902-vsvd1760-2MP-e-S -data names -quiet 
Execute       ap_part_info -name xcvc1902-vsvd1760-2MP-e-S -data info -quiet 
Execute       get_solution -flow_target 
Execute       get_config_rtl -kernel_profile 
Execute       get_config_rtl -kernel_profile 
Execute       get_config_rtl -stall_sig_gen 
Execute       get_config_rtl -profile 
Execute       source /home/x_thileeb/repos/ops-hls-pact25-artifact/codegen_apps/jacobian3d/vck5000_project/hls/build/hw/temp_dir/kernel_outerloop_0/kernel_outerloop_0/kernel_outerloop_0/solution/.autopilot/db/kernel_outerloop_0.constraint.tcl 
Execute       sc_get_clocks kernel_outerloop_0 
Execute       source /home/x_thileeb/repos/ops-hls-pact25-artifact/codegen_apps/jacobian3d/vck5000_project/hls/build/hw/temp_dir/kernel_outerloop_0/kernel_outerloop_0/kernel_outerloop_0/solution/.autopilot/db/global.setting.tcl 
Execute       get_config_export -ip_xdc_file 
Execute       get_config_export -ip_xdc_ooc_file 
Execute       get_config_debug -directory 
Execute       source /home/x_thileeb/repos/ops-hls-pact25-artifact/codegen_apps/jacobian3d/vck5000_project/hls/build/hw/temp_dir/kernel_outerloop_0/kernel_outerloop_0/kernel_outerloop_0/solution/impl/misc/kernel_outerloop_0_fadd_32ns_32ns_32_2_primitive_dsp_0_ip.tcl 
Execute       source /home/x_thileeb/repos/ops-hls-pact25-artifact/codegen_apps/jacobian3d/vck5000_project/hls/build/hw/temp_dir/kernel_outerloop_0/kernel_outerloop_0/kernel_outerloop_0/solution/impl/misc/kernel_outerloop_0_fmadd_32ns_32ns_32ns_32ns_32_3_primitive_dsp_0_ip.tcl 
Execute       source /home/x_thileeb/repos/ops-hls-pact25-artifact/codegen_apps/jacobian3d/vck5000_project/hls/build/hw/temp_dir/kernel_outerloop_0/kernel_outerloop_0/kernel_outerloop_0/solution/impl/misc/kernel_outerloop_0_fmul_32ns_32ns_32_3_primitive_dsp_0_ip.tcl 
Execute       get_config_rtl -deadlock_detection 
Execute       source /home/x_thileeb/repos/ops-hls-pact25-artifact/codegen_apps/jacobian3d/vck5000_project/hls/build/hw/temp_dir/kernel_outerloop_0/kernel_outerloop_0/kernel_outerloop_0/solution/.autopilot/db/global.setting.tcl 
Execute       source /home/x_thileeb/repos/ops-hls-pact25-artifact/codegen_apps/jacobian3d/vck5000_project/hls/build/hw/temp_dir/kernel_outerloop_0/kernel_outerloop_0/kernel_outerloop_0/solution/.autopilot/db/kernel_outerloop_0.tbgen.tcl 
Execute       get_config_rtl -deadlock_detection 
Execute       get_config_rtl -deadlock_detection 
Execute       get_config_rtl -module_prefix 
INFO-FLOW: DBG:PUTS:       cosim_export_main adding deadlock detection to kernel_outerloop_0
Execute       get_config_rtl -deadlock_detection 
INFO-FLOW: DBG:PUTS:       copy ip_driver_dir 1_0 /home/x_thileeb/repos/ops-hls-pact25-artifact/codegen_apps/jacobian3d/vck5000_project/hls/build/hw/temp_dir/kernel_outerloop_0/kernel_outerloop_0/kernel_outerloop_0/solution/.autopilot/db/driver
Execute       get_config_export -format 
Execute       get_config_export -output 
INFO-FLOW: DBG:PUTS:       generate_ip_script #gSsdmPorts=0 g_lang=vlog is_sdaccel=true is_sdsoc=true xo_file=/home/x_thileeb/repos/ops-hls-pact25-artifact/codegen_apps/jacobian3d/vck5000_project/hls/build/hw/temp_dir/kernel_outerloop_0/kernel_outerloop_0/kernel_outerloop_0/solution/impl/export.xo
Execute       ap_part_info -name xcvc1902-vsvd1760-2MP-e-S -data names -quiet 
Execute       ap_part_info -name xcvc1902-vsvd1760-2MP-e-S -data info -quiet 
Execute       ap_part_info -name xcvc1902-vsvd1760-2MP-e-S -data names -quiet 
Execute       ap_part_info -name xcvc1902-vsvd1760-2MP-e-S -data info -quiet 
Execute       source /home/x_thileeb/repos/ops-hls-pact25-artifact/codegen_apps/jacobian3d/vck5000_project/hls/build/hw/temp_dir/kernel_outerloop_0/kernel_outerloop_0/kernel_outerloop_0/solution/.autopilot/db/global.setting.tcl 
Execute       source /home/x_thileeb/repos/ops-hls-pact25-artifact/codegen_apps/jacobian3d/vck5000_project/hls/build/hw/temp_dir/kernel_outerloop_0/kernel_outerloop_0/kernel_outerloop_0/solution/.autopilot/db/kernel_outerloop_0.tbgen.tcl 
Execute       source /home/x_thileeb/repos/ops-hls-pact25-artifact/codegen_apps/jacobian3d/vck5000_project/hls/build/hw/temp_dir/kernel_outerloop_0/kernel_outerloop_0/kernel_outerloop_0/solution/.autopilot/db/kernel_outerloop_0.compgen.dataonly.tcl 
Execute       get_config_interface -s_axilite_interrupt_mode 
Execute       source /home/x_thileeb/repos/ops-hls-pact25-artifact/codegen_apps/jacobian3d/vck5000_project/hls/build/hw/temp_dir/kernel_outerloop_0/kernel_outerloop_0/kernel_outerloop_0/solution/.autopilot/db/kernel_outerloop_0.compgen.dataonly.tcl 
Execute       source /home/x_thileeb/repos/ops-hls-pact25-artifact/codegen_apps/jacobian3d/vck5000_project/hls/build/hw/temp_dir/kernel_outerloop_0/kernel_outerloop_0/kernel_outerloop_0/solution/.autopilot/db/kernel_outerloop_0.tbgen.tcl 
Execute       source /home/x_thileeb/repos/ops-hls-pact25-artifact/codegen_apps/jacobian3d/vck5000_project/hls/build/hw/temp_dir/kernel_outerloop_0/kernel_outerloop_0/kernel_outerloop_0/solution/.autopilot/db/kernel_outerloop_0.tbgen.tcl 
Execute       source /home/x_thileeb/repos/ops-hls-pact25-artifact/codegen_apps/jacobian3d/vck5000_project/hls/build/hw/temp_dir/kernel_outerloop_0/kernel_outerloop_0/kernel_outerloop_0/solution/.autopilot/db/kernel_outerloop_0.tbgen.tcl 
Execute       source /home/x_thileeb/repos/ops-hls-pact25-artifact/codegen_apps/jacobian3d/vck5000_project/hls/build/hw/temp_dir/kernel_outerloop_0/kernel_outerloop_0/kernel_outerloop_0/solution/.autopilot/db/kernel_outerloop_0.tbgen.tcl 
Execute       source /home/x_thileeb/repos/ops-hls-pact25-artifact/codegen_apps/jacobian3d/vck5000_project/hls/build/hw/temp_dir/kernel_outerloop_0/kernel_outerloop_0/kernel_outerloop_0/solution/.autopilot/db/global.setting.tcl 
Execute       get_config_debug -directory 
INFO-FLOW: DBG:PUTS:       generate_top_info
INFO-FLOW: DBG:PUTS:       prepArgInfo -> loadAnalyze_DB top_module=kernel_outerloop_0
Execute       source /home/x_thileeb/repos/ops-hls-pact25-artifact/codegen_apps/jacobian3d/vck5000_project/hls/build/hw/temp_dir/kernel_outerloop_0/kernel_outerloop_0/kernel_outerloop_0/solution/.autopilot/db/kernel_outerloop_0.rtl_wrap.cfg.tcl 
Execute       source /home/x_thileeb/repos/ops-hls-pact25-artifact/codegen_apps/jacobian3d/vck5000_project/hls/build/hw/temp_dir/kernel_outerloop_0/kernel_outerloop_0/kernel_outerloop_0/solution/.autopilot/db/kernel_outerloop_0.rtl_wrap.cfg.tcl 
Execute       source /home/x_thileeb/repos/ops-hls-pact25-artifact/codegen_apps/jacobian3d/vck5000_project/hls/build/hw/temp_dir/kernel_outerloop_0/kernel_outerloop_0/kernel_outerloop_0/solution/.autopilot/db/kernel_outerloop_0.rtl_wrap.cfg.tcl 
Execute       source /home/x_thileeb/repos/ops-hls-pact25-artifact/codegen_apps/jacobian3d/vck5000_project/hls/build/hw/temp_dir/kernel_outerloop_0/kernel_outerloop_0/kernel_outerloop_0/solution/.autopilot/db/kernel_outerloop_0.tbgen.tcl 
Execute       source /home/x_thileeb/repos/ops-hls-pact25-artifact/codegen_apps/jacobian3d/vck5000_project/hls/build/hw/temp_dir/kernel_outerloop_0/kernel_outerloop_0/kernel_outerloop_0/solution/.autopilot/db/kernel_outerloop_0.tbgen.tcl 
Execute       ap_part_info -name xcvc1902-vsvd1760-2MP-e-S -data names -quiet 
Execute       ap_part_info -name xcvc1902-vsvd1760-2MP-e-S -data info -quiet 
Execute       source /home/x_thileeb/repos/ops-hls-pact25-artifact/codegen_apps/jacobian3d/vck5000_project/hls/build/hw/temp_dir/kernel_outerloop_0/kernel_outerloop_0/kernel_outerloop_0/solution/.autopilot/db/global.setting.tcl 
Execute       ap_part_info -name xcvc1902-vsvd1760-2MP-e-S -data names -quiet 
Execute       ap_part_info -name xcvc1902-vsvd1760-2MP-e-S -data info -quiet 
Execute       ap_part_info -name xcvc1902-vsvd1760-2MP-e-S -data names -quiet 
Execute       ap_part_info -name xcvc1902-vsvd1760-2MP-e-S -data info -quiet 
Execute       source /home/x_thileeb/repos/ops-hls-pact25-artifact/codegen_apps/jacobian3d/vck5000_project/hls/build/hw/temp_dir/kernel_outerloop_0/kernel_outerloop_0/kernel_outerloop_0/solution/.autopilot/db/kernel_outerloop_0.tbgen.tcl 
Execute       source /home/x_thileeb/repos/ops-hls-pact25-artifact/codegen_apps/jacobian3d/vck5000_project/hls/build/hw/temp_dir/kernel_outerloop_0/kernel_outerloop_0/kernel_outerloop_0/solution/.autopilot/db/global.setting.tcl 
Execute       get_config_export -ip_xdc_ooc_file 
Execute       get_config_export -ip_xdc_file 
Execute       source /home/x_thileeb/repos/ops-hls-pact25-artifact/codegen_apps/jacobian3d/vck5000_project/hls/build/hw/temp_dir/kernel_outerloop_0/kernel_outerloop_0/kernel_outerloop_0/solution/.autopilot/db/kernel_outerloop_0.constraint.tcl 
INFO-FLOW: DBG:PUTS:       generate_ipi_example_script
Execute       ap_part_info -name xcvc1902-vsvd1760-2MP-e-S -data names -quiet 
Execute       ap_part_info -name xcvc1902-vsvd1760-2MP-e-S -data info -quiet 
Execute       ap_part_info -name xcvc1902-vsvd1760-2MP-e-S -data names -quiet 
Execute       ap_part_info -name xcvc1902-vsvd1760-2MP-e-S -data info -quiet 
INFO-FLOW: DBG:PUTS:       generate_syn_sh
Execute       ap_part_info -name xcvc1902-vsvd1760-2MP-e-S -data names -quiet 
Execute       ap_part_info -name xcvc1902-vsvd1760-2MP-e-S -data info -quiet 
Execute       source /home/x_thileeb/repos/ops-hls-pact25-artifact/codegen_apps/jacobian3d/vck5000_project/hls/build/hw/temp_dir/kernel_outerloop_0/kernel_outerloop_0/kernel_outerloop_0/solution/.autopilot/db/global.setting.tcl 
INFO-FLOW: DBG:PUTS:       generate_imp_constraints
Execute       ap_part_info -name xcvc1902-vsvd1760-2MP-e-S -data names -quiet 
Execute       ap_part_info -name xcvc1902-vsvd1760-2MP-e-S -data info -quiet 
Execute       source /home/x_thileeb/repos/ops-hls-pact25-artifact/codegen_apps/jacobian3d/vck5000_project/hls/build/hw/temp_dir/kernel_outerloop_0/kernel_outerloop_0/kernel_outerloop_0/solution/.autopilot/db/kernel_outerloop_0.constraint.tcl 
Execute       source /home/x_thileeb/repos/ops-hls-pact25-artifact/codegen_apps/jacobian3d/vck5000_project/hls/build/hw/temp_dir/kernel_outerloop_0/kernel_outerloop_0/kernel_outerloop_0/solution/.autopilot/db/kernel_outerloop_0.tbgen.tcl 
INFO-FLOW: DBG:PUTS:       delete-temp-dirs (skipped for debug)
Execute       ap_part_info -name xcvc1902-vsvd1760-2MP-e-S -data names -quiet 
Execute       ap_part_info -name xcvc1902-vsvd1760-2MP-e-S -data info -quiet 
INFO-FLOW: DBG:PUTS: read_platform_lib /home/x_thileeb/repos/ops-hls-pact25-artifact/codegen_apps/jacobian3d/vck5000_project/hls/build/hw/temp_dir/kernel_outerloop_0/kernel_outerloop_0/kernel_outerloop_0/solution/.autopilot/db/global.setting.tcl
Execute       source /tools/Xilinx/Vitis_HLS/2022.1/common/technology/generic/autopilot/common.gen 
Execute         source /tools/Xilinx/Vitis_HLS/2022.1/common/technology/generic/autopilot/APCoreGen.gen 
Execute       source /tools/Xilinx/Vitis_HLS/2022.1/common/technology/generic/autopilot/op.gen 
Execute       source /tools/Xilinx/Vitis_HLS/2022.1/common/technology/generic/autopilot/op_simcore.gen 
Execute       source /tools/Xilinx/Vitis_HLS/2022.1/common/technology/generic/autopilot/interface.gen 
Execute       source /home/x_thileeb/repos/ops-hls-pact25-artifact/codegen_apps/jacobian3d/vck5000_project/hls/build/hw/temp_dir/kernel_outerloop_0/kernel_outerloop_0/kernel_outerloop_0/solution/.autopilot/db/global.setting.tcl 
Execute       ap_family_info -name versalprimees1 -data parts 
Execute       source /tools/Xilinx/Vitis_HLS/2022.1/common/technology/xilinx/common/xilinx.gen 
Execute         source /tools/Xilinx/Vitis_HLS/2022.1/common/technology/xilinx/interface/plb46.gen 
Execute         source /tools/Xilinx/Vitis_HLS/2022.1/common/technology/xilinx/interface/axi4.gen 
Execute         source /tools/Xilinx/Vitis_HLS/2022.1/common/technology/xilinx/interface/nativeAXI4.gen 
Execute           source /tools/Xilinx/Vitis_HLS/2022.1/common/technology/xilinx/interface/saxilite.gen 
Execute         source /tools/Xilinx/Vitis_HLS/2022.1/common/technology/xilinx/scripts/xilinxcoregen.gen 
Execute         source /tools/Xilinx/Vitis_HLS/2022.1/common/technology/xilinx/interface/XilEDKCoreGen.gen 
Execute         source /tools/Xilinx/Vitis_HLS/2022.1/common/technology/xilinx/ip/dds_compiler.gen 
Execute         source /tools/Xilinx/Vitis_HLS/2022.1/common/technology/xilinx/ip/xfft.gen 
Execute         source /tools/Xilinx/Vitis_HLS/2022.1/common/technology/xilinx/ip/xfir.gen 
Execute         source /tools/Xilinx/Vitis_HLS/2022.1/common/technology/xilinx/ip/util.gen 
Execute         source /tools/Xilinx/Vitis_HLS/2022.1/common/technology/xilinx/DSP48/dsp48.gen 
Command       ap_source done; 0.11 sec.
INFO-FLOW: DBG:PUTS:     IP package: exec /home/x_thileeb/repos/ops-hls-pact25-artifact/codegen_apps/jacobian3d/vck5000_project/hls/build/hw/temp_dir/kernel_outerloop_0/kernel_outerloop_0/kernel_outerloop_0/solution/impl/ip/pack.sh
INFO-FLOW: DBG:PUTS:     IP package: success /home/x_thileeb/repos/ops-hls-pact25-artifact/codegen_apps/jacobian3d/vck5000_project/hls/build/hw/temp_dir/kernel_outerloop_0/kernel_outerloop_0/kernel_outerloop_0/solution/impl/ip/pack.sh
Execute       get_config_export -output 
Execute       send_msg_by_id INFO @200-802@%s kernel_outerloop_0/solution/impl/export.xo 
INFO: [HLS 200-802] Generated output file kernel_outerloop_0/solution/impl/export.xo
Command     export_design done; 77.71 sec.
INFO: [HLS 200-111] Finished Command export_design CPU user time: 63.87 seconds. CPU system time: 4.3 seconds. Elapsed time: 77.71 seconds; current allocated memory: 22.965 MB.
Execute     close_project 
INFO: [HLS 200-1510] Running: close_project 
Execute       close_solution 
Execute         cleanup_all 
Execute         cleanup_all 
