

================================================================
== Vitis HLS Report for 'kernel_outerloop_0_dataflow_region'
================================================================
* Date:           Sun Jul 26 01:26:31 2026

* Version:        2022.1 (Build 3526262 on Mon Apr 18 15:47:01 MDT 2022)
* Project:        kernel_outerloop_0
* Solution:       solution (Vitis Kernel Flow Target)
* Product family: versal
* Target device:  xcvc1902-vsvd1760-2MP-e-S


================================================================
== Performance Estimates
================================================================
+ Timing: 
    * Summary: 
    +--------+---------+----------+------------+
    |  Clock |  Target | Estimated| Uncertainty|
    +--------+---------+----------+------------+
    |ap_clk  |  3.33 ns|  2.301 ns|     0.90 ns|
    +--------+---------+----------+------------+

+ Latency: 
    * Summary: 
    +---------+---------+----------+----------+-----+-----+----------+
    |  Latency (cycles) |  Latency (absolute) |  Interval | Pipeline |
    |   min   |   max   |    min   |    max   | min | max |   Type   |
    +---------+---------+----------+----------+-----+-----+----------+
    |        ?|        ?|         ?|         ?|    ?|    ?|  dataflow|
    +---------+---------+----------+----------+-----+-----+----------+

    + Detail: 
        * Instance: 
        +----------------------------+-------------------------+---------+---------+----------+----------+-----+-----+---------+
        |                            |                         |  Latency (cycles) |  Latency (absolute) |  Interval | Pipeline|
        |          Instance          |          Module         |   min   |   max   |    min   |    max   | min | max |   Type  |
        +----------------------------+-------------------------+---------+---------+----------+----------+-----+-----+---------+
        |entry_proc_U0               |entry_proc               |        0|        0|      0 ns|      0 ns|    0|    0|       no|
        |axis2stream_256u_256u_U0    |axis2stream_256u_256u_s  |        ?|        ?|         ?|         ?|    ?|    ?|       no|
        |joint_PE_outerloop_0_U0     |joint_PE_outerloop_0     |        ?|        ?|         ?|         ?|    ?|    ?|       no|
        |joint_PE_outerloop_0_1_U0   |joint_PE_outerloop_0_1   |        ?|        ?|         ?|         ?|    ?|    ?|       no|
        |joint_PE_outerloop_0_2_U0   |joint_PE_outerloop_0_2   |        ?|        ?|         ?|         ?|    ?|    ?|       no|
        |joint_PE_outerloop_0_3_U0   |joint_PE_outerloop_0_3   |        ?|        ?|         ?|         ?|    ?|    ?|       no|
        |joint_PE_outerloop_0_4_U0   |joint_PE_outerloop_0_4   |        ?|        ?|         ?|         ?|    ?|    ?|       no|
        |joint_PE_outerloop_0_5_U0   |joint_PE_outerloop_0_5   |        ?|        ?|         ?|         ?|    ?|    ?|       no|
        |joint_PE_outerloop_0_6_U0   |joint_PE_outerloop_0_6   |        ?|        ?|         ?|         ?|    ?|    ?|       no|
        |joint_PE_outerloop_0_7_U0   |joint_PE_outerloop_0_7   |        ?|        ?|         ?|         ?|    ?|    ?|       no|
        |joint_PE_outerloop_0_8_U0   |joint_PE_outerloop_0_8   |        ?|        ?|         ?|         ?|    ?|    ?|       no|
        |joint_PE_outerloop_0_9_U0   |joint_PE_outerloop_0_9   |        ?|        ?|         ?|         ?|    ?|    ?|       no|
        |joint_PE_outerloop_0_10_U0  |joint_PE_outerloop_0_10  |        ?|        ?|         ?|         ?|    ?|    ?|       no|
        |joint_PE_outerloop_0_11_U0  |joint_PE_outerloop_0_11  |        ?|        ?|         ?|         ?|    ?|    ?|       no|
        |joint_PE_outerloop_0_12_U0  |joint_PE_outerloop_0_12  |        ?|        ?|         ?|         ?|    ?|    ?|       no|
        |joint_PE_outerloop_0_13_U0  |joint_PE_outerloop_0_13  |        ?|        ?|         ?|         ?|    ?|    ?|       no|
        |stream2axis_256u_256u_U0    |stream2axis_256u_256u_s  |        ?|        ?|         ?|         ?|    ?|    ?|       no|
        +----------------------------+-------------------------+---------+---------+----------+----------+-----+-----+---------+

        * Loop: 
        N/A



================================================================
== Utilization Estimates
================================================================
* Summary: 
+-----------------+---------+------+---------+--------+-----+
|       Name      | BRAM_18K|  DSP |    FF   |   LUT  | URAM|
+-----------------+---------+------+---------+--------+-----+
|DSP              |        -|     -|        -|       -|    -|
|Expression       |        -|     -|        0|      12|    -|
|FIFO             |        0|     -|    16497|    8633|    -|
|Instance         |      224|  1092|   212763|   59284|  224|
|Memory           |        -|     -|        -|       -|    -|
|Multiplexer      |        -|     -|        -|       4|    -|
|Register         |        -|     -|        2|       -|    -|
+-----------------+---------+------+---------+--------+-----+
|Total            |      224|  1092|   229262|   67933|  224|
+-----------------+---------+------+---------+--------+-----+
|Available        |     1934|  1968|  1799680|  899840|  463|
+-----------------+---------+------+---------+--------+-----+
|Utilization (%)  |       11|    55|       12|       7|   48|
+-----------------+---------+------+---------+--------+-----+

+ Detail: 
    * Instance: 
    +----------------------------+-------------------------+---------+----+-------+------+-----+
    |          Instance          |          Module         | BRAM_18K| DSP|   FF  |  LUT | URAM|
    +----------------------------+-------------------------+---------+----+-------+------+-----+
    |axis2stream_256u_256u_U0    |axis2stream_256u_256u_s  |        0|   0|    319|   150|    0|
    |entry_proc_U0               |entry_proc               |        0|   0|      3|    26|    0|
    |joint_PE_outerloop_0_U0     |joint_PE_outerloop_0     |       16|  78|  15170|  4213|   16|
    |joint_PE_outerloop_0_1_U0   |joint_PE_outerloop_0_1   |       16|  78|  15170|  4213|   16|
    |joint_PE_outerloop_0_10_U0  |joint_PE_outerloop_0_10  |       16|  78|  15170|  4213|   16|
    |joint_PE_outerloop_0_11_U0  |joint_PE_outerloop_0_11  |       16|  78|  15170|  4213|   16|
    |joint_PE_outerloop_0_12_U0  |joint_PE_outerloop_0_12  |       16|  78|  15170|  4213|   16|
    |joint_PE_outerloop_0_13_U0  |joint_PE_outerloop_0_13  |       16|  78|  15169|  4191|   16|
    |joint_PE_outerloop_0_2_U0   |joint_PE_outerloop_0_2   |       16|  78|  15170|  4213|   16|
    |joint_PE_outerloop_0_3_U0   |joint_PE_outerloop_0_3   |       16|  78|  15170|  4213|   16|
    |joint_PE_outerloop_0_4_U0   |joint_PE_outerloop_0_4   |       16|  78|  15170|  4213|   16|
    |joint_PE_outerloop_0_5_U0   |joint_PE_outerloop_0_5   |       16|  78|  15170|  4213|   16|
    |joint_PE_outerloop_0_6_U0   |joint_PE_outerloop_0_6   |       16|  78|  15170|  4213|   16|
    |joint_PE_outerloop_0_7_U0   |joint_PE_outerloop_0_7   |       16|  78|  15170|  4213|   16|
    |joint_PE_outerloop_0_8_U0   |joint_PE_outerloop_0_8   |       16|  78|  15170|  4213|   16|
    |joint_PE_outerloop_0_9_U0   |joint_PE_outerloop_0_9   |       16|  78|  15170|  4213|   16|
    |stream2axis_256u_256u_U0    |stream2axis_256u_256u_s  |        0|   0|     62|   148|    0|
    +----------------------------+-------------------------+---------+----+-------+------+-----+
    |Total                       |                         |      224|1092| 212763| 59284|  224|
    +----------------------------+-------------------------+---------+----+-------+------+-----+

    * DSP: 
    N/A

    * Memory: 
    N/A

    * FIFO: 
    +---------------------------------------+---------+-----+----+-----+------+-----+---------+
    |                  Name                 | BRAM_18K|  FF | LUT| URAM| Depth| Bits| Size:D*B|
    +---------------------------------------+---------+-----+----+-----+------+-----+---------+
    |arg0_arg1_streams_0_U                  |        0|  784|   0|    -|    10|  256|     2560|
    |arg0_arg1_streams_10_U                 |        0|  784|   0|    -|    10|  256|     2560|
    |arg0_arg1_streams_11_U                 |        0|  784|   0|    -|    10|  256|     2560|
    |arg0_arg1_streams_12_U                 |        0|  784|   0|    -|    10|  256|     2560|
    |arg0_arg1_streams_13_U                 |        0|  784|   0|    -|    10|  256|     2560|
    |arg0_arg1_streams_14_U                 |        0|  784|   0|    -|    10|  256|     2560|
    |arg0_arg1_streams_1_U                  |        0|  784|   0|    -|    10|  256|     2560|
    |arg0_arg1_streams_2_U                  |        0|  784|   0|    -|    10|  256|     2560|
    |arg0_arg1_streams_3_U                  |        0|  784|   0|    -|    10|  256|     2560|
    |arg0_arg1_streams_4_U                  |        0|  784|   0|    -|    10|  256|     2560|
    |arg0_arg1_streams_5_U                  |        0|  784|   0|    -|    10|  256|     2560|
    |arg0_arg1_streams_6_U                  |        0|  784|   0|    -|    10|  256|     2560|
    |arg0_arg1_streams_7_U                  |        0|  784|   0|    -|    10|  256|     2560|
    |arg0_arg1_streams_8_U                  |        0|  784|   0|    -|    10|  256|     2560|
    |arg0_arg1_streams_9_U                  |        0|  784|   0|    -|    10|  256|     2560|
    |stencilConfig_grid_size_0_c35_U        |        0|   36|   0|    -|     2|   16|       32|
    |stencilConfig_grid_size_0_c36_U        |        0|   36|   0|    -|     2|   16|       32|
    |stencilConfig_grid_size_0_c37_U        |        0|   36|   0|    -|     2|   16|       32|
    |stencilConfig_grid_size_0_c38_U        |        0|   36|   0|    -|     2|   16|       32|
    |stencilConfig_grid_size_0_c39_U        |        0|   36|   0|    -|     2|   16|       32|
    |stencilConfig_grid_size_0_c40_U        |        0|   36|   0|    -|     2|   16|       32|
    |stencilConfig_grid_size_0_c41_U        |        0|   36|   0|    -|     2|   16|       32|
    |stencilConfig_grid_size_0_c42_U        |        0|   36|   0|    -|     2|   16|       32|
    |stencilConfig_grid_size_0_c43_U        |        0|   36|   0|    -|     2|   16|       32|
    |stencilConfig_grid_size_0_c44_U        |        0|   36|   0|    -|     2|   16|       32|
    |stencilConfig_grid_size_0_c45_U        |        0|   36|   0|    -|     2|   16|       32|
    |stencilConfig_grid_size_0_c46_U        |        0|   36|   0|    -|     2|   16|       32|
    |stencilConfig_grid_size_0_c47_U        |        0|    5|   0|    -|     3|   16|       48|
    |stencilConfig_grid_size_0_c_U          |        0|   36|   0|    -|     2|   16|       32|
    |stencilConfig_grid_size_1_c48_U        |        0|   36|   0|    -|     2|   16|       32|
    |stencilConfig_grid_size_1_c49_U        |        0|   36|   0|    -|     2|   16|       32|
    |stencilConfig_grid_size_1_c50_U        |        0|   36|   0|    -|     2|   16|       32|
    |stencilConfig_grid_size_1_c51_U        |        0|   36|   0|    -|     2|   16|       32|
    |stencilConfig_grid_size_1_c52_U        |        0|   36|   0|    -|     2|   16|       32|
    |stencilConfig_grid_size_1_c53_U        |        0|   36|   0|    -|     2|   16|       32|
    |stencilConfig_grid_size_1_c54_U        |        0|   36|   0|    -|     2|   16|       32|
    |stencilConfig_grid_size_1_c55_U        |        0|   36|   0|    -|     2|   16|       32|
    |stencilConfig_grid_size_1_c56_U        |        0|   36|   0|    -|     2|   16|       32|
    |stencilConfig_grid_size_1_c57_U        |        0|   36|   0|    -|     2|   16|       32|
    |stencilConfig_grid_size_1_c58_U        |        0|   36|   0|    -|     2|   16|       32|
    |stencilConfig_grid_size_1_c59_U        |        0|   36|   0|    -|     2|   16|       32|
    |stencilConfig_grid_size_1_c60_U        |        0|    5|   0|    -|     3|   16|       48|
    |stencilConfig_grid_size_1_c_U          |        0|   36|   0|    -|     2|   16|       32|
    |stencilConfig_grid_size_2_c61_U        |        0|   36|   0|    -|     2|   16|       32|
    |stencilConfig_grid_size_2_c62_U        |        0|   36|   0|    -|     2|   16|       32|
    |stencilConfig_grid_size_2_c63_U        |        0|   36|   0|    -|     2|   16|       32|
    |stencilConfig_grid_size_2_c64_U        |        0|   36|   0|    -|     2|   16|       32|
    |stencilConfig_grid_size_2_c65_U        |        0|   36|   0|    -|     2|   16|       32|
    |stencilConfig_grid_size_2_c66_U        |        0|   36|   0|    -|     2|   16|       32|
    |stencilConfig_grid_size_2_c67_U        |        0|   36|   0|    -|     2|   16|       32|
    |stencilConfig_grid_size_2_c68_U        |        0|   36|   0|    -|     2|   16|       32|
    |stencilConfig_grid_size_2_c69_U        |        0|   36|   0|    -|     2|   16|       32|
    |stencilConfig_grid_size_2_c70_U        |        0|   36|   0|    -|     2|   16|       32|
    |stencilConfig_grid_size_2_c71_U        |        0|   36|   0|    -|     2|   16|       32|
    |stencilConfig_grid_size_2_c72_U        |        0|   36|   0|    -|     2|   16|       32|
    |stencilConfig_grid_size_2_c73_U        |        0|    5|   0|    -|     3|   16|       48|
    |stencilConfig_grid_size_2_c_U          |        0|   36|   0|    -|     2|   16|       32|
    |stencilConfig_lower_limit_0_c74_U      |        0|   36|   0|    -|     2|   16|       32|
    |stencilConfig_lower_limit_0_c75_U      |        0|   36|   0|    -|     2|   16|       32|
    |stencilConfig_lower_limit_0_c76_U      |        0|   36|   0|    -|     2|   16|       32|
    |stencilConfig_lower_limit_0_c77_U      |        0|   36|   0|    -|     2|   16|       32|
    |stencilConfig_lower_limit_0_c78_U      |        0|   36|   0|    -|     2|   16|       32|
    |stencilConfig_lower_limit_0_c79_U      |        0|   36|   0|    -|     2|   16|       32|
    |stencilConfig_lower_limit_0_c80_U      |        0|   36|   0|    -|     2|   16|       32|
    |stencilConfig_lower_limit_0_c81_U      |        0|   36|   0|    -|     2|   16|       32|
    |stencilConfig_lower_limit_0_c82_U      |        0|   36|   0|    -|     2|   16|       32|
    |stencilConfig_lower_limit_0_c83_U      |        0|   36|   0|    -|     2|   16|       32|
    |stencilConfig_lower_limit_0_c84_U      |        0|   36|   0|    -|     2|   16|       32|
    |stencilConfig_lower_limit_0_c85_U      |        0|   36|   0|    -|     2|   16|       32|
    |stencilConfig_lower_limit_0_c86_U      |        0|    5|   0|    -|     3|   16|       48|
    |stencilConfig_lower_limit_0_c_U        |        0|   36|   0|    -|     2|   16|       32|
    |stencilConfig_lower_limit_1_c87_U      |        0|   36|   0|    -|     2|   16|       32|
    |stencilConfig_lower_limit_1_c88_U      |        0|   36|   0|    -|     2|   16|       32|
    |stencilConfig_lower_limit_1_c89_U      |        0|   36|   0|    -|     2|   16|       32|
    |stencilConfig_lower_limit_1_c90_U      |        0|   36|   0|    -|     2|   16|       32|
    |stencilConfig_lower_limit_1_c91_U      |        0|   36|   0|    -|     2|   16|       32|
    |stencilConfig_lower_limit_1_c92_U      |        0|   36|   0|    -|     2|   16|       32|
    |stencilConfig_lower_limit_1_c93_U      |        0|   36|   0|    -|     2|   16|       32|
    |stencilConfig_lower_limit_1_c94_U      |        0|   36|   0|    -|     2|   16|       32|
    |stencilConfig_lower_limit_1_c95_U      |        0|   36|   0|    -|     2|   16|       32|
    |stencilConfig_lower_limit_1_c96_U      |        0|   36|   0|    -|     2|   16|       32|
    |stencilConfig_lower_limit_1_c97_U      |        0|   36|   0|    -|     2|   16|       32|
    |stencilConfig_lower_limit_1_c98_U      |        0|   36|   0|    -|     2|   16|       32|
    |stencilConfig_lower_limit_1_c99_U      |        0|    5|   0|    -|     3|   16|       48|
    |stencilConfig_lower_limit_1_c_U        |        0|   36|   0|    -|     2|   16|       32|
    |stencilConfig_lower_limit_2_c100_U     |        0|   36|   0|    -|     2|   16|       32|
    |stencilConfig_lower_limit_2_c101_U     |        0|   36|   0|    -|     2|   16|       32|
    |stencilConfig_lower_limit_2_c102_U     |        0|   36|   0|    -|     2|   16|       32|
    |stencilConfig_lower_limit_2_c103_U     |        0|   36|   0|    -|     2|   16|       32|
    |stencilConfig_lower_limit_2_c104_U     |        0|   36|   0|    -|     2|   16|       32|
    |stencilConfig_lower_limit_2_c105_U     |        0|   36|   0|    -|     2|   16|       32|
    |stencilConfig_lower_limit_2_c106_U     |        0|   36|   0|    -|     2|   16|       32|
    |stencilConfig_lower_limit_2_c107_U     |        0|   36|   0|    -|     2|   16|       32|
    |stencilConfig_lower_limit_2_c108_U     |        0|   36|   0|    -|     2|   16|       32|
    |stencilConfig_lower_limit_2_c109_U     |        0|   36|   0|    -|     2|   16|       32|
    |stencilConfig_lower_limit_2_c110_U     |        0|   36|   0|    -|     2|   16|       32|
    |stencilConfig_lower_limit_2_c111_U     |        0|   36|   0|    -|     2|   16|       32|
    |stencilConfig_lower_limit_2_c112_U     |        0|    5|   0|    -|     3|   16|       48|
    |stencilConfig_lower_limit_2_c_U        |        0|   36|   0|    -|     2|   16|       32|
    |stencilConfig_outer_loop_limit_c152_U  |        0|   36|   0|    -|     2|   16|       32|
    |stencilConfig_outer_loop_limit_c153_U  |        0|   36|   0|    -|     2|   16|       32|
    |stencilConfig_outer_loop_limit_c154_U  |        0|   36|   0|    -|     2|   16|       32|
    |stencilConfig_outer_loop_limit_c155_U  |        0|   36|   0|    -|     2|   16|       32|
    |stencilConfig_outer_loop_limit_c156_U  |        0|   36|   0|    -|     2|   16|       32|
    |stencilConfig_outer_loop_limit_c157_U  |        0|   36|   0|    -|     2|   16|       32|
    |stencilConfig_outer_loop_limit_c158_U  |        0|   36|   0|    -|     2|   16|       32|
    |stencilConfig_outer_loop_limit_c159_U  |        0|   36|   0|    -|     2|   16|       32|
    |stencilConfig_outer_loop_limit_c160_U  |        0|   36|   0|    -|     2|   16|       32|
    |stencilConfig_outer_loop_limit_c161_U  |        0|   36|   0|    -|     2|   16|       32|
    |stencilConfig_outer_loop_limit_c162_U  |        0|   36|   0|    -|     2|   16|       32|
    |stencilConfig_outer_loop_limit_c163_U  |        0|   36|   0|    -|     2|   16|       32|
    |stencilConfig_outer_loop_limit_c164_U  |        0|    5|   0|    -|     3|   16|       48|
    |stencilConfig_outer_loop_limit_c_U     |        0|   36|   0|    -|     2|   16|       32|
    |stencilConfig_upper_limit_0_c113_U     |        0|   36|   0|    -|     2|   16|       32|
    |stencilConfig_upper_limit_0_c114_U     |        0|   36|   0|    -|     2|   16|       32|
    |stencilConfig_upper_limit_0_c115_U     |        0|   36|   0|    -|     2|   16|       32|
    |stencilConfig_upper_limit_0_c116_U     |        0|   36|   0|    -|     2|   16|       32|
    |stencilConfig_upper_limit_0_c117_U     |        0|   36|   0|    -|     2|   16|       32|
    |stencilConfig_upper_limit_0_c118_U     |        0|   36|   0|    -|     2|   16|       32|
    |stencilConfig_upper_limit_0_c119_U     |        0|   36|   0|    -|     2|   16|       32|
    |stencilConfig_upper_limit_0_c120_U     |        0|   36|   0|    -|     2|   16|       32|
    |stencilConfig_upper_limit_0_c121_U     |        0|   36|   0|    -|     2|   16|       32|
    |stencilConfig_upper_limit_0_c122_U     |        0|   36|   0|    -|     2|   16|       32|
    |stencilConfig_upper_limit_0_c123_U     |        0|   36|   0|    -|     2|   16|       32|
    |stencilConfig_upper_limit_0_c124_U     |        0|   36|   0|    -|     2|   16|       32|
    |stencilConfig_upper_limit_0_c125_U     |        0|    5|   0|    -|     3|   16|       48|
    |stencilConfig_upper_limit_0_c_U        |        0|   36|   0|    -|     2|   16|       32|
    |stencilConfig_upper_limit_1_c126_U     |        0|   36|   0|    -|     2|   16|       32|
    |stencilConfig_upper_limit_1_c127_U     |        0|   36|   0|    -|     2|   16|       32|
    |stencilConfig_upper_limit_1_c128_U     |        0|   36|   0|    -|     2|   16|       32|
    |stencilConfig_upper_limit_1_c129_U     |        0|   36|   0|    -|     2|   16|       32|
    |stencilConfig_upper_limit_1_c130_U     |        0|   36|   0|    -|     2|   16|       32|
    |stencilConfig_upper_limit_1_c131_U     |        0|   36|   0|    -|     2|   16|       32|
    |stencilConfig_upper_limit_1_c132_U     |        0|   36|   0|    -|     2|   16|       32|
    |stencilConfig_upper_limit_1_c133_U     |        0|   36|   0|    -|     2|   16|       32|
    |stencilConfig_upper_limit_1_c134_U     |        0|   36|   0|    -|     2|   16|       32|
    |stencilConfig_upper_limit_1_c135_U     |        0|   36|   0|    -|     2|   16|       32|
    |stencilConfig_upper_limit_1_c136_U     |        0|   36|   0|    -|     2|   16|       32|
    |stencilConfig_upper_limit_1_c137_U     |        0|   36|   0|    -|     2|   16|       32|
    |stencilConfig_upper_limit_1_c138_U     |        0|    5|   0|    -|     3|   16|       48|
    |stencilConfig_upper_limit_1_c_U        |        0|   36|   0|    -|     2|   16|       32|
    |stencilConfig_upper_limit_2_c139_U     |        0|   36|   0|    -|     2|   16|       32|
    |stencilConfig_upper_limit_2_c140_U     |        0|   36|   0|    -|     2|   16|       32|
    |stencilConfig_upper_limit_2_c141_U     |        0|   36|   0|    -|     2|   16|       32|
    |stencilConfig_upper_limit_2_c142_U     |        0|   36|   0|    -|     2|   16|       32|
    |stencilConfig_upper_limit_2_c143_U     |        0|   36|   0|    -|     2|   16|       32|
    |stencilConfig_upper_limit_2_c144_U     |        0|   36|   0|    -|     2|   16|       32|
    |stencilConfig_upper_limit_2_c145_U     |        0|   36|   0|    -|     2|   16|       32|
    |stencilConfig_upper_limit_2_c146_U     |        0|   36|   0|    -|     2|   16|       32|
    |stencilConfig_upper_limit_2_c147_U     |        0|   36|   0|    -|     2|   16|       32|
    |stencilConfig_upper_limit_2_c148_U     |        0|   36|   0|    -|     2|   16|       32|
    |stencilConfig_upper_limit_2_c149_U     |        0|   36|   0|    -|     2|   16|       32|
    |stencilConfig_upper_limit_2_c150_U     |        0|   36|   0|    -|     2|   16|       32|
    |stencilConfig_upper_limit_2_c151_U     |        0|    5|   0|    -|     3|   16|       48|
    |stencilConfig_upper_limit_2_c_U        |        0|   36|   0|    -|     2|   16|       32|
    |total_bytes_c_U                        |        0|    7|   0|    -|    16|   32|      512|
    +---------------------------------------+---------+-----+----+-----+------+-----+---------+
    |Total                                  |        0|16497|   0|    0|   456| 6112|    43552|
    +---------------------------------------+---------+-----+----+-----+------+-----+---------+

    * Expression: 
    +-------------------------------------------+----------+----+---+----+------------+------------+
    |               Variable Name               | Operation| DSP| FF| LUT| Bitwidth P0| Bitwidth P1|
    +-------------------------------------------+----------+----+---+----+------------+------------+
    |ap_idle                                    |       and|   0|  0|   2|           1|           1|
    |ap_sync_ready                              |       and|   0|  0|   2|           1|           1|
    |axis2stream_256u_256u_U0_ap_start          |       and|   0|  0|   2|           1|           1|
    |entry_proc_U0_ap_start                     |       and|   0|  0|   2|           1|           1|
    |ap_sync_axis2stream_256u_256u_U0_ap_ready  |        or|   0|  0|   2|           1|           1|
    |ap_sync_entry_proc_U0_ap_ready             |        or|   0|  0|   2|           1|           1|
    +-------------------------------------------+----------+----+---+----+------------+------------+
    |Total                                      |          |   0|  0|  12|           6|           6|
    +-------------------------------------------+----------+----+---+----+------------+------------+

    * Multiplexer: 
    +-----------------------------------------------+----+-----------+-----+-----------+
    |                      Name                     | LUT| Input Size| Bits| Total Bits|
    +-----------------------------------------------+----+-----------+-----+-----------+
    |ap_sync_reg_axis2stream_256u_256u_U0_ap_ready  |   2|          2|    1|          2|
    |ap_sync_reg_entry_proc_U0_ap_ready             |   2|          2|    1|          2|
    +-----------------------------------------------+----+-----------+-----+-----------+
    |Total                                          |   4|          4|    2|          4|
    +-----------------------------------------------+----+-----------+-----+-----------+

    * Register: 
    +-----------------------------------------------+---+----+-----+-----------+
    |                      Name                     | FF| LUT| Bits| Const Bits|
    +-----------------------------------------------+---+----+-----+-----------+
    |ap_sync_reg_axis2stream_256u_256u_U0_ap_ready  |  1|   0|    1|          0|
    |ap_sync_reg_entry_proc_U0_ap_ready             |  1|   0|    1|          0|
    +-----------------------------------------------+---+----+-----+-----------+
    |Total                                          |  2|   0|    2|          0|
    +-----------------------------------------------+---+----+-----+-----------+



================================================================
== Interface
================================================================
* Summary: 
+----------------------+-----+-----+------------+------------------------------------+--------------+
|       RTL Ports      | Dir | Bits|  Protocol  |            Source Object           |    C Type    |
+----------------------+-----+-----+------------+------------------------------------+--------------+
|p_read                |   in|   16|     ap_none|                              p_read|        scalar|
|p_read_ap_vld         |   in|    1|     ap_none|                              p_read|        scalar|
|p_read1               |   in|   16|     ap_none|                             p_read1|        scalar|
|p_read1_ap_vld        |   in|    1|     ap_none|                             p_read1|        scalar|
|p_read2               |   in|   16|     ap_none|                             p_read2|        scalar|
|p_read2_ap_vld        |   in|    1|     ap_none|                             p_read2|        scalar|
|p_read3               |   in|   16|     ap_none|                             p_read3|        scalar|
|p_read3_ap_vld        |   in|    1|     ap_none|                             p_read3|        scalar|
|p_read4               |   in|   16|     ap_none|                             p_read4|        scalar|
|p_read4_ap_vld        |   in|    1|     ap_none|                             p_read4|        scalar|
|p_read5               |   in|   16|     ap_none|                             p_read5|        scalar|
|p_read5_ap_vld        |   in|    1|     ap_none|                             p_read5|        scalar|
|p_read6               |   in|   16|     ap_none|                             p_read6|        scalar|
|p_read6_ap_vld        |   in|    1|     ap_none|                             p_read6|        scalar|
|p_read7               |   in|   16|     ap_none|                             p_read7|        scalar|
|p_read7_ap_vld        |   in|    1|     ap_none|                             p_read7|        scalar|
|p_read8               |   in|   16|     ap_none|                             p_read8|        scalar|
|p_read8_ap_vld        |   in|    1|     ap_none|                             p_read8|        scalar|
|p_read9               |   in|   16|     ap_none|                             p_read9|        scalar|
|p_read9_ap_vld        |   in|    1|     ap_none|                             p_read9|        scalar|
|total_bytes           |   in|   32|     ap_none|                         total_bytes|        scalar|
|total_bytes_ap_vld    |   in|    1|     ap_none|                         total_bytes|        scalar|
|arg0_axis_in_TDATA    |   in|  256|        axis|               arg0_axis_in_V_data_V|       pointer|
|arg0_axis_in_TKEEP    |   in|   32|        axis|               arg0_axis_in_V_keep_V|       pointer|
|arg0_axis_in_TSTRB    |   in|   32|        axis|               arg0_axis_in_V_strb_V|       pointer|
|arg0_axis_in_TLAST    |   in|    1|        axis|               arg0_axis_in_V_last_V|       pointer|
|arg0_axis_in_TVALID   |   in|    1|        axis|               arg0_axis_in_V_last_V|       pointer|
|arg0_axis_in_TREADY   |  out|    1|        axis|               arg0_axis_in_V_last_V|       pointer|
|arg1_axis_out_TDATA   |  out|  256|        axis|              arg1_axis_out_V_data_V|       pointer|
|arg1_axis_out_TKEEP   |  out|   32|        axis|              arg1_axis_out_V_keep_V|       pointer|
|arg1_axis_out_TSTRB   |  out|   32|        axis|              arg1_axis_out_V_strb_V|       pointer|
|arg1_axis_out_TLAST   |  out|    1|        axis|              arg1_axis_out_V_last_V|       pointer|
|arg1_axis_out_TVALID  |  out|    1|        axis|              arg1_axis_out_V_last_V|       pointer|
|arg1_axis_out_TREADY  |   in|    1|        axis|              arg1_axis_out_V_last_V|       pointer|
|ap_clk                |   in|    1|  ap_ctrl_hs|  kernel_outerloop_0_dataflow_region|  return value|
|ap_rst                |   in|    1|  ap_ctrl_hs|  kernel_outerloop_0_dataflow_region|  return value|
|ap_start              |   in|    1|  ap_ctrl_hs|  kernel_outerloop_0_dataflow_region|  return value|
|ap_done               |  out|    1|  ap_ctrl_hs|  kernel_outerloop_0_dataflow_region|  return value|
|ap_ready              |  out|    1|  ap_ctrl_hs|  kernel_outerloop_0_dataflow_region|  return value|
|ap_idle               |  out|    1|  ap_ctrl_hs|  kernel_outerloop_0_dataflow_region|  return value|
|ap_continue           |   in|    1|  ap_ctrl_hs|  kernel_outerloop_0_dataflow_region|  return value|
+----------------------+-----+-----+------------+------------------------------------+--------------+

============================================================
+ Verbose Summary: Synthesis Manager
============================================================
InlineROM: 1
ExposeGlobal: 0
============================================================
+ Verbose Summary: CDFG Model
============================================================
IsTopModel: 0
ResetActiveHigh: 1
IsCombinational: 2
IsDatapathOnly: 2
HasWiredReturn: 1
HasMFsm: 0
HasVarLatency: 1
IsPipeline: 0
IsRtlPipelined: 0
IsInstanceOverlapped: 0
IsDontTouch: 0
HasImplIP: 0
IsGatedGlobalClock: 0


============================================================
+ Verbose Summary: Schedule
============================================================
* Number of FSM states : 32
* Pipeline : 0
* Dataflow Pipeline: 1
  DF-Pipeline-0: Size = 32, States = { 1 2 3 4 5 6 7 8 9 10 11 12 13 14 15 16 17 18 19 20 21 22 23 24 25 26 27 28 29 30 31 32 }

* FSM state transitions: 
1 --> 2 
2 --> 3 
3 --> 4 
4 --> 5 
5 --> 6 
6 --> 7 
7 --> 8 
8 --> 9 
9 --> 10 
10 --> 11 
11 --> 12 
12 --> 13 
13 --> 14 
14 --> 15 
15 --> 16 
16 --> 17 
17 --> 18 
18 --> 19 
19 --> 20 
20 --> 21 
21 --> 22 
22 --> 23 
23 --> 24 
24 --> 25 
25 --> 26 
26 --> 27 
27 --> 28 
28 --> 29 
29 --> 30 
30 --> 31 
31 --> 32 
32 --> 

* FSM state operations: 

State 1 <SV = 0> <Delay = 0.90>
ST_1 : Operation 33 [1/1] (0.00ns)   --->   "%total_bytes_read = read i32 @_ssdm_op_Read.ap_auto.i32, i32 %total_bytes"   --->   Operation 33 'read' 'total_bytes_read' <Predicate = true> <Delay = 0.00>
ST_1 : Operation 34 [1/1] (0.00ns)   --->   "%p_read_15 = read i16 @_ssdm_op_Read.ap_auto.i16, i16 %p_read9"   --->   Operation 34 'read' 'p_read_15' <Predicate = true> <Delay = 0.00>
ST_1 : Operation 35 [1/1] (0.00ns)   --->   "%p_read_16 = read i16 @_ssdm_op_Read.ap_auto.i16, i16 %p_read8"   --->   Operation 35 'read' 'p_read_16' <Predicate = true> <Delay = 0.00>
ST_1 : Operation 36 [1/1] (0.00ns)   --->   "%p_read_17 = read i16 @_ssdm_op_Read.ap_auto.i16, i16 %p_read7"   --->   Operation 36 'read' 'p_read_17' <Predicate = true> <Delay = 0.00>
ST_1 : Operation 37 [1/1] (0.00ns)   --->   "%p_read616 = read i16 @_ssdm_op_Read.ap_auto.i16, i16 %p_read6"   --->   Operation 37 'read' 'p_read616' <Predicate = true> <Delay = 0.00>
ST_1 : Operation 38 [1/1] (0.00ns)   --->   "%p_read515 = read i16 @_ssdm_op_Read.ap_auto.i16, i16 %p_read5"   --->   Operation 38 'read' 'p_read515' <Predicate = true> <Delay = 0.00>
ST_1 : Operation 39 [1/1] (0.00ns)   --->   "%p_read414 = read i16 @_ssdm_op_Read.ap_auto.i16, i16 %p_read4"   --->   Operation 39 'read' 'p_read414' <Predicate = true> <Delay = 0.00>
ST_1 : Operation 40 [1/1] (0.00ns)   --->   "%p_read313 = read i16 @_ssdm_op_Read.ap_auto.i16, i16 %p_read3"   --->   Operation 40 'read' 'p_read313' <Predicate = true> <Delay = 0.00>
ST_1 : Operation 41 [1/1] (0.00ns)   --->   "%p_read212 = read i16 @_ssdm_op_Read.ap_auto.i16, i16 %p_read2"   --->   Operation 41 'read' 'p_read212' <Predicate = true> <Delay = 0.00>
ST_1 : Operation 42 [1/1] (0.00ns)   --->   "%p_read111 = read i16 @_ssdm_op_Read.ap_auto.i16, i16 %p_read1"   --->   Operation 42 'read' 'p_read111' <Predicate = true> <Delay = 0.00>
ST_1 : Operation 43 [1/1] (0.00ns)   --->   "%p_read_18 = read i16 @_ssdm_op_Read.ap_auto.i16, i16 %p_read"   --->   Operation 43 'read' 'p_read_18' <Predicate = true> <Delay = 0.00>
ST_1 : Operation 44 [1/1] (0.00ns)   --->   "%total_bytes_c = alloca i64 1"   --->   Operation 44 'alloca' 'total_bytes_c' <Predicate = true> <Delay = 0.00> <CoreInst = "FIFO_SRL">   --->   Core 85 'FIFO_SRL' <Latency = 0> <II = 1> <Delay = 0.89> <Storage> <Opcode : 'read' 'write' 'nbread' 'nbwrite'> <Ports = 0> <Width = 32> <Depth = 16> <FIFO>
ST_1 : Operation 45 [1/1] (0.00ns)   --->   "%stencilConfig_outer_loop_limit_c164 = alloca i64 1"   --->   Operation 45 'alloca' 'stencilConfig_outer_loop_limit_c164' <Predicate = true> <Delay = 0.00> <CoreInst = "FIFO_SRL">   --->   Core 85 'FIFO_SRL' <Latency = 0> <II = 1> <Delay = 0.90> <Storage> <Opcode : 'read' 'write' 'nbread' 'nbwrite'> <Ports = 0> <Width = 16> <Depth = 3> <FIFO>
ST_1 : Operation 46 [1/1] (0.00ns)   --->   "%stencilConfig_outer_loop_limit_c163 = alloca i64 1"   --->   Operation 46 'alloca' 'stencilConfig_outer_loop_limit_c163' <Predicate = true> <Delay = 0.00> <CoreInst = "FIFO_SRL">   --->   Core 85 'FIFO_SRL' <Latency = 0> <II = 1> <Delay = 0.79> <Storage> <Opcode : 'read' 'write' 'nbread' 'nbwrite'> <Ports = 0> <Width = 16> <Depth = 2> <FIFO>
ST_1 : Operation 47 [1/1] (0.00ns)   --->   "%stencilConfig_outer_loop_limit_c162 = alloca i64 1"   --->   Operation 47 'alloca' 'stencilConfig_outer_loop_limit_c162' <Predicate = true> <Delay = 0.00> <CoreInst = "FIFO_SRL">   --->   Core 85 'FIFO_SRL' <Latency = 0> <II = 1> <Delay = 0.79> <Storage> <Opcode : 'read' 'write' 'nbread' 'nbwrite'> <Ports = 0> <Width = 16> <Depth = 2> <FIFO>
ST_1 : Operation 48 [1/1] (0.00ns)   --->   "%stencilConfig_outer_loop_limit_c161 = alloca i64 1"   --->   Operation 48 'alloca' 'stencilConfig_outer_loop_limit_c161' <Predicate = true> <Delay = 0.00> <CoreInst = "FIFO_SRL">   --->   Core 85 'FIFO_SRL' <Latency = 0> <II = 1> <Delay = 0.79> <Storage> <Opcode : 'read' 'write' 'nbread' 'nbwrite'> <Ports = 0> <Width = 16> <Depth = 2> <FIFO>
ST_1 : Operation 49 [1/1] (0.00ns)   --->   "%stencilConfig_outer_loop_limit_c160 = alloca i64 1"   --->   Operation 49 'alloca' 'stencilConfig_outer_loop_limit_c160' <Predicate = true> <Delay = 0.00> <CoreInst = "FIFO_SRL">   --->   Core 85 'FIFO_SRL' <Latency = 0> <II = 1> <Delay = 0.79> <Storage> <Opcode : 'read' 'write' 'nbread' 'nbwrite'> <Ports = 0> <Width = 16> <Depth = 2> <FIFO>
ST_1 : Operation 50 [1/1] (0.00ns)   --->   "%stencilConfig_outer_loop_limit_c159 = alloca i64 1"   --->   Operation 50 'alloca' 'stencilConfig_outer_loop_limit_c159' <Predicate = true> <Delay = 0.00> <CoreInst = "FIFO_SRL">   --->   Core 85 'FIFO_SRL' <Latency = 0> <II = 1> <Delay = 0.79> <Storage> <Opcode : 'read' 'write' 'nbread' 'nbwrite'> <Ports = 0> <Width = 16> <Depth = 2> <FIFO>
ST_1 : Operation 51 [1/1] (0.00ns)   --->   "%stencilConfig_outer_loop_limit_c158 = alloca i64 1"   --->   Operation 51 'alloca' 'stencilConfig_outer_loop_limit_c158' <Predicate = true> <Delay = 0.00> <CoreInst = "FIFO_SRL">   --->   Core 85 'FIFO_SRL' <Latency = 0> <II = 1> <Delay = 0.79> <Storage> <Opcode : 'read' 'write' 'nbread' 'nbwrite'> <Ports = 0> <Width = 16> <Depth = 2> <FIFO>
ST_1 : Operation 52 [1/1] (0.00ns)   --->   "%stencilConfig_outer_loop_limit_c157 = alloca i64 1"   --->   Operation 52 'alloca' 'stencilConfig_outer_loop_limit_c157' <Predicate = true> <Delay = 0.00> <CoreInst = "FIFO_SRL">   --->   Core 85 'FIFO_SRL' <Latency = 0> <II = 1> <Delay = 0.79> <Storage> <Opcode : 'read' 'write' 'nbread' 'nbwrite'> <Ports = 0> <Width = 16> <Depth = 2> <FIFO>
ST_1 : Operation 53 [1/1] (0.00ns)   --->   "%stencilConfig_outer_loop_limit_c156 = alloca i64 1"   --->   Operation 53 'alloca' 'stencilConfig_outer_loop_limit_c156' <Predicate = true> <Delay = 0.00> <CoreInst = "FIFO_SRL">   --->   Core 85 'FIFO_SRL' <Latency = 0> <II = 1> <Delay = 0.79> <Storage> <Opcode : 'read' 'write' 'nbread' 'nbwrite'> <Ports = 0> <Width = 16> <Depth = 2> <FIFO>
ST_1 : Operation 54 [1/1] (0.00ns)   --->   "%stencilConfig_outer_loop_limit_c155 = alloca i64 1"   --->   Operation 54 'alloca' 'stencilConfig_outer_loop_limit_c155' <Predicate = true> <Delay = 0.00> <CoreInst = "FIFO_SRL">   --->   Core 85 'FIFO_SRL' <Latency = 0> <II = 1> <Delay = 0.79> <Storage> <Opcode : 'read' 'write' 'nbread' 'nbwrite'> <Ports = 0> <Width = 16> <Depth = 2> <FIFO>
ST_1 : Operation 55 [1/1] (0.00ns)   --->   "%stencilConfig_outer_loop_limit_c154 = alloca i64 1"   --->   Operation 55 'alloca' 'stencilConfig_outer_loop_limit_c154' <Predicate = true> <Delay = 0.00> <CoreInst = "FIFO_SRL">   --->   Core 85 'FIFO_SRL' <Latency = 0> <II = 1> <Delay = 0.79> <Storage> <Opcode : 'read' 'write' 'nbread' 'nbwrite'> <Ports = 0> <Width = 16> <Depth = 2> <FIFO>
ST_1 : Operation 56 [1/1] (0.00ns)   --->   "%stencilConfig_outer_loop_limit_c153 = alloca i64 1"   --->   Operation 56 'alloca' 'stencilConfig_outer_loop_limit_c153' <Predicate = true> <Delay = 0.00> <CoreInst = "FIFO_SRL">   --->   Core 85 'FIFO_SRL' <Latency = 0> <II = 1> <Delay = 0.79> <Storage> <Opcode : 'read' 'write' 'nbread' 'nbwrite'> <Ports = 0> <Width = 16> <Depth = 2> <FIFO>
ST_1 : Operation 57 [1/1] (0.00ns)   --->   "%stencilConfig_outer_loop_limit_c152 = alloca i64 1"   --->   Operation 57 'alloca' 'stencilConfig_outer_loop_limit_c152' <Predicate = true> <Delay = 0.00> <CoreInst = "FIFO_SRL">   --->   Core 85 'FIFO_SRL' <Latency = 0> <II = 1> <Delay = 0.79> <Storage> <Opcode : 'read' 'write' 'nbread' 'nbwrite'> <Ports = 0> <Width = 16> <Depth = 2> <FIFO>
ST_1 : Operation 58 [1/1] (0.00ns)   --->   "%stencilConfig_outer_loop_limit_c = alloca i64 1"   --->   Operation 58 'alloca' 'stencilConfig_outer_loop_limit_c' <Predicate = true> <Delay = 0.00> <CoreInst = "FIFO_SRL">   --->   Core 85 'FIFO_SRL' <Latency = 0> <II = 1> <Delay = 0.79> <Storage> <Opcode : 'read' 'write' 'nbread' 'nbwrite'> <Ports = 0> <Width = 16> <Depth = 2> <FIFO>
ST_1 : Operation 59 [1/1] (0.00ns)   --->   "%stencilConfig_upper_limit_2_c151 = alloca i64 1"   --->   Operation 59 'alloca' 'stencilConfig_upper_limit_2_c151' <Predicate = true> <Delay = 0.00> <CoreInst = "FIFO_SRL">   --->   Core 85 'FIFO_SRL' <Latency = 0> <II = 1> <Delay = 0.90> <Storage> <Opcode : 'read' 'write' 'nbread' 'nbwrite'> <Ports = 0> <Width = 16> <Depth = 3> <FIFO>
ST_1 : Operation 60 [1/1] (0.00ns)   --->   "%stencilConfig_upper_limit_2_c150 = alloca i64 1"   --->   Operation 60 'alloca' 'stencilConfig_upper_limit_2_c150' <Predicate = true> <Delay = 0.00> <CoreInst = "FIFO_SRL">   --->   Core 85 'FIFO_SRL' <Latency = 0> <II = 1> <Delay = 0.79> <Storage> <Opcode : 'read' 'write' 'nbread' 'nbwrite'> <Ports = 0> <Width = 16> <Depth = 2> <FIFO>
ST_1 : Operation 61 [1/1] (0.00ns)   --->   "%stencilConfig_upper_limit_2_c149 = alloca i64 1"   --->   Operation 61 'alloca' 'stencilConfig_upper_limit_2_c149' <Predicate = true> <Delay = 0.00> <CoreInst = "FIFO_SRL">   --->   Core 85 'FIFO_SRL' <Latency = 0> <II = 1> <Delay = 0.79> <Storage> <Opcode : 'read' 'write' 'nbread' 'nbwrite'> <Ports = 0> <Width = 16> <Depth = 2> <FIFO>
ST_1 : Operation 62 [1/1] (0.00ns)   --->   "%stencilConfig_upper_limit_2_c148 = alloca i64 1"   --->   Operation 62 'alloca' 'stencilConfig_upper_limit_2_c148' <Predicate = true> <Delay = 0.00> <CoreInst = "FIFO_SRL">   --->   Core 85 'FIFO_SRL' <Latency = 0> <II = 1> <Delay = 0.79> <Storage> <Opcode : 'read' 'write' 'nbread' 'nbwrite'> <Ports = 0> <Width = 16> <Depth = 2> <FIFO>
ST_1 : Operation 63 [1/1] (0.00ns)   --->   "%stencilConfig_upper_limit_2_c147 = alloca i64 1"   --->   Operation 63 'alloca' 'stencilConfig_upper_limit_2_c147' <Predicate = true> <Delay = 0.00> <CoreInst = "FIFO_SRL">   --->   Core 85 'FIFO_SRL' <Latency = 0> <II = 1> <Delay = 0.79> <Storage> <Opcode : 'read' 'write' 'nbread' 'nbwrite'> <Ports = 0> <Width = 16> <Depth = 2> <FIFO>
ST_1 : Operation 64 [1/1] (0.00ns)   --->   "%stencilConfig_upper_limit_2_c146 = alloca i64 1"   --->   Operation 64 'alloca' 'stencilConfig_upper_limit_2_c146' <Predicate = true> <Delay = 0.00> <CoreInst = "FIFO_SRL">   --->   Core 85 'FIFO_SRL' <Latency = 0> <II = 1> <Delay = 0.79> <Storage> <Opcode : 'read' 'write' 'nbread' 'nbwrite'> <Ports = 0> <Width = 16> <Depth = 2> <FIFO>
ST_1 : Operation 65 [1/1] (0.00ns)   --->   "%stencilConfig_upper_limit_2_c145 = alloca i64 1"   --->   Operation 65 'alloca' 'stencilConfig_upper_limit_2_c145' <Predicate = true> <Delay = 0.00> <CoreInst = "FIFO_SRL">   --->   Core 85 'FIFO_SRL' <Latency = 0> <II = 1> <Delay = 0.79> <Storage> <Opcode : 'read' 'write' 'nbread' 'nbwrite'> <Ports = 0> <Width = 16> <Depth = 2> <FIFO>
ST_1 : Operation 66 [1/1] (0.00ns)   --->   "%stencilConfig_upper_limit_2_c144 = alloca i64 1"   --->   Operation 66 'alloca' 'stencilConfig_upper_limit_2_c144' <Predicate = true> <Delay = 0.00> <CoreInst = "FIFO_SRL">   --->   Core 85 'FIFO_SRL' <Latency = 0> <II = 1> <Delay = 0.79> <Storage> <Opcode : 'read' 'write' 'nbread' 'nbwrite'> <Ports = 0> <Width = 16> <Depth = 2> <FIFO>
ST_1 : Operation 67 [1/1] (0.00ns)   --->   "%stencilConfig_upper_limit_2_c143 = alloca i64 1"   --->   Operation 67 'alloca' 'stencilConfig_upper_limit_2_c143' <Predicate = true> <Delay = 0.00> <CoreInst = "FIFO_SRL">   --->   Core 85 'FIFO_SRL' <Latency = 0> <II = 1> <Delay = 0.79> <Storage> <Opcode : 'read' 'write' 'nbread' 'nbwrite'> <Ports = 0> <Width = 16> <Depth = 2> <FIFO>
ST_1 : Operation 68 [1/1] (0.00ns)   --->   "%stencilConfig_upper_limit_2_c142 = alloca i64 1"   --->   Operation 68 'alloca' 'stencilConfig_upper_limit_2_c142' <Predicate = true> <Delay = 0.00> <CoreInst = "FIFO_SRL">   --->   Core 85 'FIFO_SRL' <Latency = 0> <II = 1> <Delay = 0.79> <Storage> <Opcode : 'read' 'write' 'nbread' 'nbwrite'> <Ports = 0> <Width = 16> <Depth = 2> <FIFO>
ST_1 : Operation 69 [1/1] (0.00ns)   --->   "%stencilConfig_upper_limit_2_c141 = alloca i64 1"   --->   Operation 69 'alloca' 'stencilConfig_upper_limit_2_c141' <Predicate = true> <Delay = 0.00> <CoreInst = "FIFO_SRL">   --->   Core 85 'FIFO_SRL' <Latency = 0> <II = 1> <Delay = 0.79> <Storage> <Opcode : 'read' 'write' 'nbread' 'nbwrite'> <Ports = 0> <Width = 16> <Depth = 2> <FIFO>
ST_1 : Operation 70 [1/1] (0.00ns)   --->   "%stencilConfig_upper_limit_2_c140 = alloca i64 1"   --->   Operation 70 'alloca' 'stencilConfig_upper_limit_2_c140' <Predicate = true> <Delay = 0.00> <CoreInst = "FIFO_SRL">   --->   Core 85 'FIFO_SRL' <Latency = 0> <II = 1> <Delay = 0.79> <Storage> <Opcode : 'read' 'write' 'nbread' 'nbwrite'> <Ports = 0> <Width = 16> <Depth = 2> <FIFO>
ST_1 : Operation 71 [1/1] (0.00ns)   --->   "%stencilConfig_upper_limit_2_c139 = alloca i64 1"   --->   Operation 71 'alloca' 'stencilConfig_upper_limit_2_c139' <Predicate = true> <Delay = 0.00> <CoreInst = "FIFO_SRL">   --->   Core 85 'FIFO_SRL' <Latency = 0> <II = 1> <Delay = 0.79> <Storage> <Opcode : 'read' 'write' 'nbread' 'nbwrite'> <Ports = 0> <Width = 16> <Depth = 2> <FIFO>
ST_1 : Operation 72 [1/1] (0.00ns)   --->   "%stencilConfig_upper_limit_2_c = alloca i64 1"   --->   Operation 72 'alloca' 'stencilConfig_upper_limit_2_c' <Predicate = true> <Delay = 0.00> <CoreInst = "FIFO_SRL">   --->   Core 85 'FIFO_SRL' <Latency = 0> <II = 1> <Delay = 0.79> <Storage> <Opcode : 'read' 'write' 'nbread' 'nbwrite'> <Ports = 0> <Width = 16> <Depth = 2> <FIFO>
ST_1 : Operation 73 [1/1] (0.00ns)   --->   "%stencilConfig_upper_limit_1_c138 = alloca i64 1"   --->   Operation 73 'alloca' 'stencilConfig_upper_limit_1_c138' <Predicate = true> <Delay = 0.00> <CoreInst = "FIFO_SRL">   --->   Core 85 'FIFO_SRL' <Latency = 0> <II = 1> <Delay = 0.90> <Storage> <Opcode : 'read' 'write' 'nbread' 'nbwrite'> <Ports = 0> <Width = 16> <Depth = 3> <FIFO>
ST_1 : Operation 74 [1/1] (0.00ns)   --->   "%stencilConfig_upper_limit_1_c137 = alloca i64 1"   --->   Operation 74 'alloca' 'stencilConfig_upper_limit_1_c137' <Predicate = true> <Delay = 0.00> <CoreInst = "FIFO_SRL">   --->   Core 85 'FIFO_SRL' <Latency = 0> <II = 1> <Delay = 0.79> <Storage> <Opcode : 'read' 'write' 'nbread' 'nbwrite'> <Ports = 0> <Width = 16> <Depth = 2> <FIFO>
ST_1 : Operation 75 [1/1] (0.00ns)   --->   "%stencilConfig_upper_limit_1_c136 = alloca i64 1"   --->   Operation 75 'alloca' 'stencilConfig_upper_limit_1_c136' <Predicate = true> <Delay = 0.00> <CoreInst = "FIFO_SRL">   --->   Core 85 'FIFO_SRL' <Latency = 0> <II = 1> <Delay = 0.79> <Storage> <Opcode : 'read' 'write' 'nbread' 'nbwrite'> <Ports = 0> <Width = 16> <Depth = 2> <FIFO>
ST_1 : Operation 76 [1/1] (0.00ns)   --->   "%stencilConfig_upper_limit_1_c135 = alloca i64 1"   --->   Operation 76 'alloca' 'stencilConfig_upper_limit_1_c135' <Predicate = true> <Delay = 0.00> <CoreInst = "FIFO_SRL">   --->   Core 85 'FIFO_SRL' <Latency = 0> <II = 1> <Delay = 0.79> <Storage> <Opcode : 'read' 'write' 'nbread' 'nbwrite'> <Ports = 0> <Width = 16> <Depth = 2> <FIFO>
ST_1 : Operation 77 [1/1] (0.00ns)   --->   "%stencilConfig_upper_limit_1_c134 = alloca i64 1"   --->   Operation 77 'alloca' 'stencilConfig_upper_limit_1_c134' <Predicate = true> <Delay = 0.00> <CoreInst = "FIFO_SRL">   --->   Core 85 'FIFO_SRL' <Latency = 0> <II = 1> <Delay = 0.79> <Storage> <Opcode : 'read' 'write' 'nbread' 'nbwrite'> <Ports = 0> <Width = 16> <Depth = 2> <FIFO>
ST_1 : Operation 78 [1/1] (0.00ns)   --->   "%stencilConfig_upper_limit_1_c133 = alloca i64 1"   --->   Operation 78 'alloca' 'stencilConfig_upper_limit_1_c133' <Predicate = true> <Delay = 0.00> <CoreInst = "FIFO_SRL">   --->   Core 85 'FIFO_SRL' <Latency = 0> <II = 1> <Delay = 0.79> <Storage> <Opcode : 'read' 'write' 'nbread' 'nbwrite'> <Ports = 0> <Width = 16> <Depth = 2> <FIFO>
ST_1 : Operation 79 [1/1] (0.00ns)   --->   "%stencilConfig_upper_limit_1_c132 = alloca i64 1"   --->   Operation 79 'alloca' 'stencilConfig_upper_limit_1_c132' <Predicate = true> <Delay = 0.00> <CoreInst = "FIFO_SRL">   --->   Core 85 'FIFO_SRL' <Latency = 0> <II = 1> <Delay = 0.79> <Storage> <Opcode : 'read' 'write' 'nbread' 'nbwrite'> <Ports = 0> <Width = 16> <Depth = 2> <FIFO>
ST_1 : Operation 80 [1/1] (0.00ns)   --->   "%stencilConfig_upper_limit_1_c131 = alloca i64 1"   --->   Operation 80 'alloca' 'stencilConfig_upper_limit_1_c131' <Predicate = true> <Delay = 0.00> <CoreInst = "FIFO_SRL">   --->   Core 85 'FIFO_SRL' <Latency = 0> <II = 1> <Delay = 0.79> <Storage> <Opcode : 'read' 'write' 'nbread' 'nbwrite'> <Ports = 0> <Width = 16> <Depth = 2> <FIFO>
ST_1 : Operation 81 [1/1] (0.00ns)   --->   "%stencilConfig_upper_limit_1_c130 = alloca i64 1"   --->   Operation 81 'alloca' 'stencilConfig_upper_limit_1_c130' <Predicate = true> <Delay = 0.00> <CoreInst = "FIFO_SRL">   --->   Core 85 'FIFO_SRL' <Latency = 0> <II = 1> <Delay = 0.79> <Storage> <Opcode : 'read' 'write' 'nbread' 'nbwrite'> <Ports = 0> <Width = 16> <Depth = 2> <FIFO>
ST_1 : Operation 82 [1/1] (0.00ns)   --->   "%stencilConfig_upper_limit_1_c129 = alloca i64 1"   --->   Operation 82 'alloca' 'stencilConfig_upper_limit_1_c129' <Predicate = true> <Delay = 0.00> <CoreInst = "FIFO_SRL">   --->   Core 85 'FIFO_SRL' <Latency = 0> <II = 1> <Delay = 0.79> <Storage> <Opcode : 'read' 'write' 'nbread' 'nbwrite'> <Ports = 0> <Width = 16> <Depth = 2> <FIFO>
ST_1 : Operation 83 [1/1] (0.00ns)   --->   "%stencilConfig_upper_limit_1_c128 = alloca i64 1"   --->   Operation 83 'alloca' 'stencilConfig_upper_limit_1_c128' <Predicate = true> <Delay = 0.00> <CoreInst = "FIFO_SRL">   --->   Core 85 'FIFO_SRL' <Latency = 0> <II = 1> <Delay = 0.79> <Storage> <Opcode : 'read' 'write' 'nbread' 'nbwrite'> <Ports = 0> <Width = 16> <Depth = 2> <FIFO>
ST_1 : Operation 84 [1/1] (0.00ns)   --->   "%stencilConfig_upper_limit_1_c127 = alloca i64 1"   --->   Operation 84 'alloca' 'stencilConfig_upper_limit_1_c127' <Predicate = true> <Delay = 0.00> <CoreInst = "FIFO_SRL">   --->   Core 85 'FIFO_SRL' <Latency = 0> <II = 1> <Delay = 0.79> <Storage> <Opcode : 'read' 'write' 'nbread' 'nbwrite'> <Ports = 0> <Width = 16> <Depth = 2> <FIFO>
ST_1 : Operation 85 [1/1] (0.00ns)   --->   "%stencilConfig_upper_limit_1_c126 = alloca i64 1"   --->   Operation 85 'alloca' 'stencilConfig_upper_limit_1_c126' <Predicate = true> <Delay = 0.00> <CoreInst = "FIFO_SRL">   --->   Core 85 'FIFO_SRL' <Latency = 0> <II = 1> <Delay = 0.79> <Storage> <Opcode : 'read' 'write' 'nbread' 'nbwrite'> <Ports = 0> <Width = 16> <Depth = 2> <FIFO>
ST_1 : Operation 86 [1/1] (0.00ns)   --->   "%stencilConfig_upper_limit_1_c = alloca i64 1"   --->   Operation 86 'alloca' 'stencilConfig_upper_limit_1_c' <Predicate = true> <Delay = 0.00> <CoreInst = "FIFO_SRL">   --->   Core 85 'FIFO_SRL' <Latency = 0> <II = 1> <Delay = 0.79> <Storage> <Opcode : 'read' 'write' 'nbread' 'nbwrite'> <Ports = 0> <Width = 16> <Depth = 2> <FIFO>
ST_1 : Operation 87 [1/1] (0.00ns)   --->   "%stencilConfig_upper_limit_0_c125 = alloca i64 1"   --->   Operation 87 'alloca' 'stencilConfig_upper_limit_0_c125' <Predicate = true> <Delay = 0.00> <CoreInst = "FIFO_SRL">   --->   Core 85 'FIFO_SRL' <Latency = 0> <II = 1> <Delay = 0.90> <Storage> <Opcode : 'read' 'write' 'nbread' 'nbwrite'> <Ports = 0> <Width = 16> <Depth = 3> <FIFO>
ST_1 : Operation 88 [1/1] (0.00ns)   --->   "%stencilConfig_upper_limit_0_c124 = alloca i64 1"   --->   Operation 88 'alloca' 'stencilConfig_upper_limit_0_c124' <Predicate = true> <Delay = 0.00> <CoreInst = "FIFO_SRL">   --->   Core 85 'FIFO_SRL' <Latency = 0> <II = 1> <Delay = 0.79> <Storage> <Opcode : 'read' 'write' 'nbread' 'nbwrite'> <Ports = 0> <Width = 16> <Depth = 2> <FIFO>
ST_1 : Operation 89 [1/1] (0.00ns)   --->   "%stencilConfig_upper_limit_0_c123 = alloca i64 1"   --->   Operation 89 'alloca' 'stencilConfig_upper_limit_0_c123' <Predicate = true> <Delay = 0.00> <CoreInst = "FIFO_SRL">   --->   Core 85 'FIFO_SRL' <Latency = 0> <II = 1> <Delay = 0.79> <Storage> <Opcode : 'read' 'write' 'nbread' 'nbwrite'> <Ports = 0> <Width = 16> <Depth = 2> <FIFO>
ST_1 : Operation 90 [1/1] (0.00ns)   --->   "%stencilConfig_upper_limit_0_c122 = alloca i64 1"   --->   Operation 90 'alloca' 'stencilConfig_upper_limit_0_c122' <Predicate = true> <Delay = 0.00> <CoreInst = "FIFO_SRL">   --->   Core 85 'FIFO_SRL' <Latency = 0> <II = 1> <Delay = 0.79> <Storage> <Opcode : 'read' 'write' 'nbread' 'nbwrite'> <Ports = 0> <Width = 16> <Depth = 2> <FIFO>
ST_1 : Operation 91 [1/1] (0.00ns)   --->   "%stencilConfig_upper_limit_0_c121 = alloca i64 1"   --->   Operation 91 'alloca' 'stencilConfig_upper_limit_0_c121' <Predicate = true> <Delay = 0.00> <CoreInst = "FIFO_SRL">   --->   Core 85 'FIFO_SRL' <Latency = 0> <II = 1> <Delay = 0.79> <Storage> <Opcode : 'read' 'write' 'nbread' 'nbwrite'> <Ports = 0> <Width = 16> <Depth = 2> <FIFO>
ST_1 : Operation 92 [1/1] (0.00ns)   --->   "%stencilConfig_upper_limit_0_c120 = alloca i64 1"   --->   Operation 92 'alloca' 'stencilConfig_upper_limit_0_c120' <Predicate = true> <Delay = 0.00> <CoreInst = "FIFO_SRL">   --->   Core 85 'FIFO_SRL' <Latency = 0> <II = 1> <Delay = 0.79> <Storage> <Opcode : 'read' 'write' 'nbread' 'nbwrite'> <Ports = 0> <Width = 16> <Depth = 2> <FIFO>
ST_1 : Operation 93 [1/1] (0.00ns)   --->   "%stencilConfig_upper_limit_0_c119 = alloca i64 1"   --->   Operation 93 'alloca' 'stencilConfig_upper_limit_0_c119' <Predicate = true> <Delay = 0.00> <CoreInst = "FIFO_SRL">   --->   Core 85 'FIFO_SRL' <Latency = 0> <II = 1> <Delay = 0.79> <Storage> <Opcode : 'read' 'write' 'nbread' 'nbwrite'> <Ports = 0> <Width = 16> <Depth = 2> <FIFO>
ST_1 : Operation 94 [1/1] (0.00ns)   --->   "%stencilConfig_upper_limit_0_c118 = alloca i64 1"   --->   Operation 94 'alloca' 'stencilConfig_upper_limit_0_c118' <Predicate = true> <Delay = 0.00> <CoreInst = "FIFO_SRL">   --->   Core 85 'FIFO_SRL' <Latency = 0> <II = 1> <Delay = 0.79> <Storage> <Opcode : 'read' 'write' 'nbread' 'nbwrite'> <Ports = 0> <Width = 16> <Depth = 2> <FIFO>
ST_1 : Operation 95 [1/1] (0.00ns)   --->   "%stencilConfig_upper_limit_0_c117 = alloca i64 1"   --->   Operation 95 'alloca' 'stencilConfig_upper_limit_0_c117' <Predicate = true> <Delay = 0.00> <CoreInst = "FIFO_SRL">   --->   Core 85 'FIFO_SRL' <Latency = 0> <II = 1> <Delay = 0.79> <Storage> <Opcode : 'read' 'write' 'nbread' 'nbwrite'> <Ports = 0> <Width = 16> <Depth = 2> <FIFO>
ST_1 : Operation 96 [1/1] (0.00ns)   --->   "%stencilConfig_upper_limit_0_c116 = alloca i64 1"   --->   Operation 96 'alloca' 'stencilConfig_upper_limit_0_c116' <Predicate = true> <Delay = 0.00> <CoreInst = "FIFO_SRL">   --->   Core 85 'FIFO_SRL' <Latency = 0> <II = 1> <Delay = 0.79> <Storage> <Opcode : 'read' 'write' 'nbread' 'nbwrite'> <Ports = 0> <Width = 16> <Depth = 2> <FIFO>
ST_1 : Operation 97 [1/1] (0.00ns)   --->   "%stencilConfig_upper_limit_0_c115 = alloca i64 1"   --->   Operation 97 'alloca' 'stencilConfig_upper_limit_0_c115' <Predicate = true> <Delay = 0.00> <CoreInst = "FIFO_SRL">   --->   Core 85 'FIFO_SRL' <Latency = 0> <II = 1> <Delay = 0.79> <Storage> <Opcode : 'read' 'write' 'nbread' 'nbwrite'> <Ports = 0> <Width = 16> <Depth = 2> <FIFO>
ST_1 : Operation 98 [1/1] (0.00ns)   --->   "%stencilConfig_upper_limit_0_c114 = alloca i64 1"   --->   Operation 98 'alloca' 'stencilConfig_upper_limit_0_c114' <Predicate = true> <Delay = 0.00> <CoreInst = "FIFO_SRL">   --->   Core 85 'FIFO_SRL' <Latency = 0> <II = 1> <Delay = 0.79> <Storage> <Opcode : 'read' 'write' 'nbread' 'nbwrite'> <Ports = 0> <Width = 16> <Depth = 2> <FIFO>
ST_1 : Operation 99 [1/1] (0.00ns)   --->   "%stencilConfig_upper_limit_0_c113 = alloca i64 1"   --->   Operation 99 'alloca' 'stencilConfig_upper_limit_0_c113' <Predicate = true> <Delay = 0.00> <CoreInst = "FIFO_SRL">   --->   Core 85 'FIFO_SRL' <Latency = 0> <II = 1> <Delay = 0.79> <Storage> <Opcode : 'read' 'write' 'nbread' 'nbwrite'> <Ports = 0> <Width = 16> <Depth = 2> <FIFO>
ST_1 : Operation 100 [1/1] (0.00ns)   --->   "%stencilConfig_upper_limit_0_c = alloca i64 1"   --->   Operation 100 'alloca' 'stencilConfig_upper_limit_0_c' <Predicate = true> <Delay = 0.00> <CoreInst = "FIFO_SRL">   --->   Core 85 'FIFO_SRL' <Latency = 0> <II = 1> <Delay = 0.79> <Storage> <Opcode : 'read' 'write' 'nbread' 'nbwrite'> <Ports = 0> <Width = 16> <Depth = 2> <FIFO>
ST_1 : Operation 101 [1/1] (0.00ns)   --->   "%stencilConfig_lower_limit_2_c112 = alloca i64 1"   --->   Operation 101 'alloca' 'stencilConfig_lower_limit_2_c112' <Predicate = true> <Delay = 0.00> <CoreInst = "FIFO_SRL">   --->   Core 85 'FIFO_SRL' <Latency = 0> <II = 1> <Delay = 0.90> <Storage> <Opcode : 'read' 'write' 'nbread' 'nbwrite'> <Ports = 0> <Width = 16> <Depth = 3> <FIFO>
ST_1 : Operation 102 [1/1] (0.00ns)   --->   "%stencilConfig_lower_limit_2_c111 = alloca i64 1"   --->   Operation 102 'alloca' 'stencilConfig_lower_limit_2_c111' <Predicate = true> <Delay = 0.00> <CoreInst = "FIFO_SRL">   --->   Core 85 'FIFO_SRL' <Latency = 0> <II = 1> <Delay = 0.79> <Storage> <Opcode : 'read' 'write' 'nbread' 'nbwrite'> <Ports = 0> <Width = 16> <Depth = 2> <FIFO>
ST_1 : Operation 103 [1/1] (0.00ns)   --->   "%stencilConfig_lower_limit_2_c110 = alloca i64 1"   --->   Operation 103 'alloca' 'stencilConfig_lower_limit_2_c110' <Predicate = true> <Delay = 0.00> <CoreInst = "FIFO_SRL">   --->   Core 85 'FIFO_SRL' <Latency = 0> <II = 1> <Delay = 0.79> <Storage> <Opcode : 'read' 'write' 'nbread' 'nbwrite'> <Ports = 0> <Width = 16> <Depth = 2> <FIFO>
ST_1 : Operation 104 [1/1] (0.00ns)   --->   "%stencilConfig_lower_limit_2_c109 = alloca i64 1"   --->   Operation 104 'alloca' 'stencilConfig_lower_limit_2_c109' <Predicate = true> <Delay = 0.00> <CoreInst = "FIFO_SRL">   --->   Core 85 'FIFO_SRL' <Latency = 0> <II = 1> <Delay = 0.79> <Storage> <Opcode : 'read' 'write' 'nbread' 'nbwrite'> <Ports = 0> <Width = 16> <Depth = 2> <FIFO>
ST_1 : Operation 105 [1/1] (0.00ns)   --->   "%stencilConfig_lower_limit_2_c108 = alloca i64 1"   --->   Operation 105 'alloca' 'stencilConfig_lower_limit_2_c108' <Predicate = true> <Delay = 0.00> <CoreInst = "FIFO_SRL">   --->   Core 85 'FIFO_SRL' <Latency = 0> <II = 1> <Delay = 0.79> <Storage> <Opcode : 'read' 'write' 'nbread' 'nbwrite'> <Ports = 0> <Width = 16> <Depth = 2> <FIFO>
ST_1 : Operation 106 [1/1] (0.00ns)   --->   "%stencilConfig_lower_limit_2_c107 = alloca i64 1"   --->   Operation 106 'alloca' 'stencilConfig_lower_limit_2_c107' <Predicate = true> <Delay = 0.00> <CoreInst = "FIFO_SRL">   --->   Core 85 'FIFO_SRL' <Latency = 0> <II = 1> <Delay = 0.79> <Storage> <Opcode : 'read' 'write' 'nbread' 'nbwrite'> <Ports = 0> <Width = 16> <Depth = 2> <FIFO>
ST_1 : Operation 107 [1/1] (0.00ns)   --->   "%stencilConfig_lower_limit_2_c106 = alloca i64 1"   --->   Operation 107 'alloca' 'stencilConfig_lower_limit_2_c106' <Predicate = true> <Delay = 0.00> <CoreInst = "FIFO_SRL">   --->   Core 85 'FIFO_SRL' <Latency = 0> <II = 1> <Delay = 0.79> <Storage> <Opcode : 'read' 'write' 'nbread' 'nbwrite'> <Ports = 0> <Width = 16> <Depth = 2> <FIFO>
ST_1 : Operation 108 [1/1] (0.00ns)   --->   "%stencilConfig_lower_limit_2_c105 = alloca i64 1"   --->   Operation 108 'alloca' 'stencilConfig_lower_limit_2_c105' <Predicate = true> <Delay = 0.00> <CoreInst = "FIFO_SRL">   --->   Core 85 'FIFO_SRL' <Latency = 0> <II = 1> <Delay = 0.79> <Storage> <Opcode : 'read' 'write' 'nbread' 'nbwrite'> <Ports = 0> <Width = 16> <Depth = 2> <FIFO>
ST_1 : Operation 109 [1/1] (0.00ns)   --->   "%stencilConfig_lower_limit_2_c104 = alloca i64 1"   --->   Operation 109 'alloca' 'stencilConfig_lower_limit_2_c104' <Predicate = true> <Delay = 0.00> <CoreInst = "FIFO_SRL">   --->   Core 85 'FIFO_SRL' <Latency = 0> <II = 1> <Delay = 0.79> <Storage> <Opcode : 'read' 'write' 'nbread' 'nbwrite'> <Ports = 0> <Width = 16> <Depth = 2> <FIFO>
ST_1 : Operation 110 [1/1] (0.00ns)   --->   "%stencilConfig_lower_limit_2_c103 = alloca i64 1"   --->   Operation 110 'alloca' 'stencilConfig_lower_limit_2_c103' <Predicate = true> <Delay = 0.00> <CoreInst = "FIFO_SRL">   --->   Core 85 'FIFO_SRL' <Latency = 0> <II = 1> <Delay = 0.79> <Storage> <Opcode : 'read' 'write' 'nbread' 'nbwrite'> <Ports = 0> <Width = 16> <Depth = 2> <FIFO>
ST_1 : Operation 111 [1/1] (0.00ns)   --->   "%stencilConfig_lower_limit_2_c102 = alloca i64 1"   --->   Operation 111 'alloca' 'stencilConfig_lower_limit_2_c102' <Predicate = true> <Delay = 0.00> <CoreInst = "FIFO_SRL">   --->   Core 85 'FIFO_SRL' <Latency = 0> <II = 1> <Delay = 0.79> <Storage> <Opcode : 'read' 'write' 'nbread' 'nbwrite'> <Ports = 0> <Width = 16> <Depth = 2> <FIFO>
ST_1 : Operation 112 [1/1] (0.00ns)   --->   "%stencilConfig_lower_limit_2_c101 = alloca i64 1"   --->   Operation 112 'alloca' 'stencilConfig_lower_limit_2_c101' <Predicate = true> <Delay = 0.00> <CoreInst = "FIFO_SRL">   --->   Core 85 'FIFO_SRL' <Latency = 0> <II = 1> <Delay = 0.79> <Storage> <Opcode : 'read' 'write' 'nbread' 'nbwrite'> <Ports = 0> <Width = 16> <Depth = 2> <FIFO>
ST_1 : Operation 113 [1/1] (0.00ns)   --->   "%stencilConfig_lower_limit_2_c100 = alloca i64 1"   --->   Operation 113 'alloca' 'stencilConfig_lower_limit_2_c100' <Predicate = true> <Delay = 0.00> <CoreInst = "FIFO_SRL">   --->   Core 85 'FIFO_SRL' <Latency = 0> <II = 1> <Delay = 0.79> <Storage> <Opcode : 'read' 'write' 'nbread' 'nbwrite'> <Ports = 0> <Width = 16> <Depth = 2> <FIFO>
ST_1 : Operation 114 [1/1] (0.00ns)   --->   "%stencilConfig_lower_limit_2_c = alloca i64 1"   --->   Operation 114 'alloca' 'stencilConfig_lower_limit_2_c' <Predicate = true> <Delay = 0.00> <CoreInst = "FIFO_SRL">   --->   Core 85 'FIFO_SRL' <Latency = 0> <II = 1> <Delay = 0.79> <Storage> <Opcode : 'read' 'write' 'nbread' 'nbwrite'> <Ports = 0> <Width = 16> <Depth = 2> <FIFO>
ST_1 : Operation 115 [1/1] (0.00ns)   --->   "%stencilConfig_lower_limit_1_c99 = alloca i64 1"   --->   Operation 115 'alloca' 'stencilConfig_lower_limit_1_c99' <Predicate = true> <Delay = 0.00> <CoreInst = "FIFO_SRL">   --->   Core 85 'FIFO_SRL' <Latency = 0> <II = 1> <Delay = 0.90> <Storage> <Opcode : 'read' 'write' 'nbread' 'nbwrite'> <Ports = 0> <Width = 16> <Depth = 3> <FIFO>
ST_1 : Operation 116 [1/1] (0.00ns)   --->   "%stencilConfig_lower_limit_1_c98 = alloca i64 1"   --->   Operation 116 'alloca' 'stencilConfig_lower_limit_1_c98' <Predicate = true> <Delay = 0.00> <CoreInst = "FIFO_SRL">   --->   Core 85 'FIFO_SRL' <Latency = 0> <II = 1> <Delay = 0.79> <Storage> <Opcode : 'read' 'write' 'nbread' 'nbwrite'> <Ports = 0> <Width = 16> <Depth = 2> <FIFO>
ST_1 : Operation 117 [1/1] (0.00ns)   --->   "%stencilConfig_lower_limit_1_c97 = alloca i64 1"   --->   Operation 117 'alloca' 'stencilConfig_lower_limit_1_c97' <Predicate = true> <Delay = 0.00> <CoreInst = "FIFO_SRL">   --->   Core 85 'FIFO_SRL' <Latency = 0> <II = 1> <Delay = 0.79> <Storage> <Opcode : 'read' 'write' 'nbread' 'nbwrite'> <Ports = 0> <Width = 16> <Depth = 2> <FIFO>
ST_1 : Operation 118 [1/1] (0.00ns)   --->   "%stencilConfig_lower_limit_1_c96 = alloca i64 1"   --->   Operation 118 'alloca' 'stencilConfig_lower_limit_1_c96' <Predicate = true> <Delay = 0.00> <CoreInst = "FIFO_SRL">   --->   Core 85 'FIFO_SRL' <Latency = 0> <II = 1> <Delay = 0.79> <Storage> <Opcode : 'read' 'write' 'nbread' 'nbwrite'> <Ports = 0> <Width = 16> <Depth = 2> <FIFO>
ST_1 : Operation 119 [1/1] (0.00ns)   --->   "%stencilConfig_lower_limit_1_c95 = alloca i64 1"   --->   Operation 119 'alloca' 'stencilConfig_lower_limit_1_c95' <Predicate = true> <Delay = 0.00> <CoreInst = "FIFO_SRL">   --->   Core 85 'FIFO_SRL' <Latency = 0> <II = 1> <Delay = 0.79> <Storage> <Opcode : 'read' 'write' 'nbread' 'nbwrite'> <Ports = 0> <Width = 16> <Depth = 2> <FIFO>
ST_1 : Operation 120 [1/1] (0.00ns)   --->   "%stencilConfig_lower_limit_1_c94 = alloca i64 1"   --->   Operation 120 'alloca' 'stencilConfig_lower_limit_1_c94' <Predicate = true> <Delay = 0.00> <CoreInst = "FIFO_SRL">   --->   Core 85 'FIFO_SRL' <Latency = 0> <II = 1> <Delay = 0.79> <Storage> <Opcode : 'read' 'write' 'nbread' 'nbwrite'> <Ports = 0> <Width = 16> <Depth = 2> <FIFO>
ST_1 : Operation 121 [1/1] (0.00ns)   --->   "%stencilConfig_lower_limit_1_c93 = alloca i64 1"   --->   Operation 121 'alloca' 'stencilConfig_lower_limit_1_c93' <Predicate = true> <Delay = 0.00> <CoreInst = "FIFO_SRL">   --->   Core 85 'FIFO_SRL' <Latency = 0> <II = 1> <Delay = 0.79> <Storage> <Opcode : 'read' 'write' 'nbread' 'nbwrite'> <Ports = 0> <Width = 16> <Depth = 2> <FIFO>
ST_1 : Operation 122 [1/1] (0.00ns)   --->   "%stencilConfig_lower_limit_1_c92 = alloca i64 1"   --->   Operation 122 'alloca' 'stencilConfig_lower_limit_1_c92' <Predicate = true> <Delay = 0.00> <CoreInst = "FIFO_SRL">   --->   Core 85 'FIFO_SRL' <Latency = 0> <II = 1> <Delay = 0.79> <Storage> <Opcode : 'read' 'write' 'nbread' 'nbwrite'> <Ports = 0> <Width = 16> <Depth = 2> <FIFO>
ST_1 : Operation 123 [1/1] (0.00ns)   --->   "%stencilConfig_lower_limit_1_c91 = alloca i64 1"   --->   Operation 123 'alloca' 'stencilConfig_lower_limit_1_c91' <Predicate = true> <Delay = 0.00> <CoreInst = "FIFO_SRL">   --->   Core 85 'FIFO_SRL' <Latency = 0> <II = 1> <Delay = 0.79> <Storage> <Opcode : 'read' 'write' 'nbread' 'nbwrite'> <Ports = 0> <Width = 16> <Depth = 2> <FIFO>
ST_1 : Operation 124 [1/1] (0.00ns)   --->   "%stencilConfig_lower_limit_1_c90 = alloca i64 1"   --->   Operation 124 'alloca' 'stencilConfig_lower_limit_1_c90' <Predicate = true> <Delay = 0.00> <CoreInst = "FIFO_SRL">   --->   Core 85 'FIFO_SRL' <Latency = 0> <II = 1> <Delay = 0.79> <Storage> <Opcode : 'read' 'write' 'nbread' 'nbwrite'> <Ports = 0> <Width = 16> <Depth = 2> <FIFO>
ST_1 : Operation 125 [1/1] (0.00ns)   --->   "%stencilConfig_lower_limit_1_c89 = alloca i64 1"   --->   Operation 125 'alloca' 'stencilConfig_lower_limit_1_c89' <Predicate = true> <Delay = 0.00> <CoreInst = "FIFO_SRL">   --->   Core 85 'FIFO_SRL' <Latency = 0> <II = 1> <Delay = 0.79> <Storage> <Opcode : 'read' 'write' 'nbread' 'nbwrite'> <Ports = 0> <Width = 16> <Depth = 2> <FIFO>
ST_1 : Operation 126 [1/1] (0.00ns)   --->   "%stencilConfig_lower_limit_1_c88 = alloca i64 1"   --->   Operation 126 'alloca' 'stencilConfig_lower_limit_1_c88' <Predicate = true> <Delay = 0.00> <CoreInst = "FIFO_SRL">   --->   Core 85 'FIFO_SRL' <Latency = 0> <II = 1> <Delay = 0.79> <Storage> <Opcode : 'read' 'write' 'nbread' 'nbwrite'> <Ports = 0> <Width = 16> <Depth = 2> <FIFO>
ST_1 : Operation 127 [1/1] (0.00ns)   --->   "%stencilConfig_lower_limit_1_c87 = alloca i64 1"   --->   Operation 127 'alloca' 'stencilConfig_lower_limit_1_c87' <Predicate = true> <Delay = 0.00> <CoreInst = "FIFO_SRL">   --->   Core 85 'FIFO_SRL' <Latency = 0> <II = 1> <Delay = 0.79> <Storage> <Opcode : 'read' 'write' 'nbread' 'nbwrite'> <Ports = 0> <Width = 16> <Depth = 2> <FIFO>
ST_1 : Operation 128 [1/1] (0.00ns)   --->   "%stencilConfig_lower_limit_1_c = alloca i64 1"   --->   Operation 128 'alloca' 'stencilConfig_lower_limit_1_c' <Predicate = true> <Delay = 0.00> <CoreInst = "FIFO_SRL">   --->   Core 85 'FIFO_SRL' <Latency = 0> <II = 1> <Delay = 0.79> <Storage> <Opcode : 'read' 'write' 'nbread' 'nbwrite'> <Ports = 0> <Width = 16> <Depth = 2> <FIFO>
ST_1 : Operation 129 [1/1] (0.00ns)   --->   "%stencilConfig_lower_limit_0_c86 = alloca i64 1"   --->   Operation 129 'alloca' 'stencilConfig_lower_limit_0_c86' <Predicate = true> <Delay = 0.00> <CoreInst = "FIFO_SRL">   --->   Core 85 'FIFO_SRL' <Latency = 0> <II = 1> <Delay = 0.90> <Storage> <Opcode : 'read' 'write' 'nbread' 'nbwrite'> <Ports = 0> <Width = 16> <Depth = 3> <FIFO>
ST_1 : Operation 130 [1/1] (0.00ns)   --->   "%stencilConfig_lower_limit_0_c85 = alloca i64 1"   --->   Operation 130 'alloca' 'stencilConfig_lower_limit_0_c85' <Predicate = true> <Delay = 0.00> <CoreInst = "FIFO_SRL">   --->   Core 85 'FIFO_SRL' <Latency = 0> <II = 1> <Delay = 0.79> <Storage> <Opcode : 'read' 'write' 'nbread' 'nbwrite'> <Ports = 0> <Width = 16> <Depth = 2> <FIFO>
ST_1 : Operation 131 [1/1] (0.00ns)   --->   "%stencilConfig_lower_limit_0_c84 = alloca i64 1"   --->   Operation 131 'alloca' 'stencilConfig_lower_limit_0_c84' <Predicate = true> <Delay = 0.00> <CoreInst = "FIFO_SRL">   --->   Core 85 'FIFO_SRL' <Latency = 0> <II = 1> <Delay = 0.79> <Storage> <Opcode : 'read' 'write' 'nbread' 'nbwrite'> <Ports = 0> <Width = 16> <Depth = 2> <FIFO>
ST_1 : Operation 132 [1/1] (0.00ns)   --->   "%stencilConfig_lower_limit_0_c83 = alloca i64 1"   --->   Operation 132 'alloca' 'stencilConfig_lower_limit_0_c83' <Predicate = true> <Delay = 0.00> <CoreInst = "FIFO_SRL">   --->   Core 85 'FIFO_SRL' <Latency = 0> <II = 1> <Delay = 0.79> <Storage> <Opcode : 'read' 'write' 'nbread' 'nbwrite'> <Ports = 0> <Width = 16> <Depth = 2> <FIFO>
ST_1 : Operation 133 [1/1] (0.00ns)   --->   "%stencilConfig_lower_limit_0_c82 = alloca i64 1"   --->   Operation 133 'alloca' 'stencilConfig_lower_limit_0_c82' <Predicate = true> <Delay = 0.00> <CoreInst = "FIFO_SRL">   --->   Core 85 'FIFO_SRL' <Latency = 0> <II = 1> <Delay = 0.79> <Storage> <Opcode : 'read' 'write' 'nbread' 'nbwrite'> <Ports = 0> <Width = 16> <Depth = 2> <FIFO>
ST_1 : Operation 134 [1/1] (0.00ns)   --->   "%stencilConfig_lower_limit_0_c81 = alloca i64 1"   --->   Operation 134 'alloca' 'stencilConfig_lower_limit_0_c81' <Predicate = true> <Delay = 0.00> <CoreInst = "FIFO_SRL">   --->   Core 85 'FIFO_SRL' <Latency = 0> <II = 1> <Delay = 0.79> <Storage> <Opcode : 'read' 'write' 'nbread' 'nbwrite'> <Ports = 0> <Width = 16> <Depth = 2> <FIFO>
ST_1 : Operation 135 [1/1] (0.00ns)   --->   "%stencilConfig_lower_limit_0_c80 = alloca i64 1"   --->   Operation 135 'alloca' 'stencilConfig_lower_limit_0_c80' <Predicate = true> <Delay = 0.00> <CoreInst = "FIFO_SRL">   --->   Core 85 'FIFO_SRL' <Latency = 0> <II = 1> <Delay = 0.79> <Storage> <Opcode : 'read' 'write' 'nbread' 'nbwrite'> <Ports = 0> <Width = 16> <Depth = 2> <FIFO>
ST_1 : Operation 136 [1/1] (0.00ns)   --->   "%stencilConfig_lower_limit_0_c79 = alloca i64 1"   --->   Operation 136 'alloca' 'stencilConfig_lower_limit_0_c79' <Predicate = true> <Delay = 0.00> <CoreInst = "FIFO_SRL">   --->   Core 85 'FIFO_SRL' <Latency = 0> <II = 1> <Delay = 0.79> <Storage> <Opcode : 'read' 'write' 'nbread' 'nbwrite'> <Ports = 0> <Width = 16> <Depth = 2> <FIFO>
ST_1 : Operation 137 [1/1] (0.00ns)   --->   "%stencilConfig_lower_limit_0_c78 = alloca i64 1"   --->   Operation 137 'alloca' 'stencilConfig_lower_limit_0_c78' <Predicate = true> <Delay = 0.00> <CoreInst = "FIFO_SRL">   --->   Core 85 'FIFO_SRL' <Latency = 0> <II = 1> <Delay = 0.79> <Storage> <Opcode : 'read' 'write' 'nbread' 'nbwrite'> <Ports = 0> <Width = 16> <Depth = 2> <FIFO>
ST_1 : Operation 138 [1/1] (0.00ns)   --->   "%stencilConfig_lower_limit_0_c77 = alloca i64 1"   --->   Operation 138 'alloca' 'stencilConfig_lower_limit_0_c77' <Predicate = true> <Delay = 0.00> <CoreInst = "FIFO_SRL">   --->   Core 85 'FIFO_SRL' <Latency = 0> <II = 1> <Delay = 0.79> <Storage> <Opcode : 'read' 'write' 'nbread' 'nbwrite'> <Ports = 0> <Width = 16> <Depth = 2> <FIFO>
ST_1 : Operation 139 [1/1] (0.00ns)   --->   "%stencilConfig_lower_limit_0_c76 = alloca i64 1"   --->   Operation 139 'alloca' 'stencilConfig_lower_limit_0_c76' <Predicate = true> <Delay = 0.00> <CoreInst = "FIFO_SRL">   --->   Core 85 'FIFO_SRL' <Latency = 0> <II = 1> <Delay = 0.79> <Storage> <Opcode : 'read' 'write' 'nbread' 'nbwrite'> <Ports = 0> <Width = 16> <Depth = 2> <FIFO>
ST_1 : Operation 140 [1/1] (0.00ns)   --->   "%stencilConfig_lower_limit_0_c75 = alloca i64 1"   --->   Operation 140 'alloca' 'stencilConfig_lower_limit_0_c75' <Predicate = true> <Delay = 0.00> <CoreInst = "FIFO_SRL">   --->   Core 85 'FIFO_SRL' <Latency = 0> <II = 1> <Delay = 0.79> <Storage> <Opcode : 'read' 'write' 'nbread' 'nbwrite'> <Ports = 0> <Width = 16> <Depth = 2> <FIFO>
ST_1 : Operation 141 [1/1] (0.00ns)   --->   "%stencilConfig_lower_limit_0_c74 = alloca i64 1"   --->   Operation 141 'alloca' 'stencilConfig_lower_limit_0_c74' <Predicate = true> <Delay = 0.00> <CoreInst = "FIFO_SRL">   --->   Core 85 'FIFO_SRL' <Latency = 0> <II = 1> <Delay = 0.79> <Storage> <Opcode : 'read' 'write' 'nbread' 'nbwrite'> <Ports = 0> <Width = 16> <Depth = 2> <FIFO>
ST_1 : Operation 142 [1/1] (0.00ns)   --->   "%stencilConfig_lower_limit_0_c = alloca i64 1"   --->   Operation 142 'alloca' 'stencilConfig_lower_limit_0_c' <Predicate = true> <Delay = 0.00> <CoreInst = "FIFO_SRL">   --->   Core 85 'FIFO_SRL' <Latency = 0> <II = 1> <Delay = 0.79> <Storage> <Opcode : 'read' 'write' 'nbread' 'nbwrite'> <Ports = 0> <Width = 16> <Depth = 2> <FIFO>
ST_1 : Operation 143 [1/1] (0.00ns)   --->   "%stencilConfig_grid_size_2_c73 = alloca i64 1"   --->   Operation 143 'alloca' 'stencilConfig_grid_size_2_c73' <Predicate = true> <Delay = 0.00> <CoreInst = "FIFO_SRL">   --->   Core 85 'FIFO_SRL' <Latency = 0> <II = 1> <Delay = 0.90> <Storage> <Opcode : 'read' 'write' 'nbread' 'nbwrite'> <Ports = 0> <Width = 16> <Depth = 3> <FIFO>
ST_1 : Operation 144 [1/1] (0.00ns)   --->   "%stencilConfig_grid_size_2_c72 = alloca i64 1"   --->   Operation 144 'alloca' 'stencilConfig_grid_size_2_c72' <Predicate = true> <Delay = 0.00> <CoreInst = "FIFO_SRL">   --->   Core 85 'FIFO_SRL' <Latency = 0> <II = 1> <Delay = 0.79> <Storage> <Opcode : 'read' 'write' 'nbread' 'nbwrite'> <Ports = 0> <Width = 16> <Depth = 2> <FIFO>
ST_1 : Operation 145 [1/1] (0.00ns)   --->   "%stencilConfig_grid_size_2_c71 = alloca i64 1"   --->   Operation 145 'alloca' 'stencilConfig_grid_size_2_c71' <Predicate = true> <Delay = 0.00> <CoreInst = "FIFO_SRL">   --->   Core 85 'FIFO_SRL' <Latency = 0> <II = 1> <Delay = 0.79> <Storage> <Opcode : 'read' 'write' 'nbread' 'nbwrite'> <Ports = 0> <Width = 16> <Depth = 2> <FIFO>
ST_1 : Operation 146 [1/1] (0.00ns)   --->   "%stencilConfig_grid_size_2_c70 = alloca i64 1"   --->   Operation 146 'alloca' 'stencilConfig_grid_size_2_c70' <Predicate = true> <Delay = 0.00> <CoreInst = "FIFO_SRL">   --->   Core 85 'FIFO_SRL' <Latency = 0> <II = 1> <Delay = 0.79> <Storage> <Opcode : 'read' 'write' 'nbread' 'nbwrite'> <Ports = 0> <Width = 16> <Depth = 2> <FIFO>
ST_1 : Operation 147 [1/1] (0.00ns)   --->   "%stencilConfig_grid_size_2_c69 = alloca i64 1"   --->   Operation 147 'alloca' 'stencilConfig_grid_size_2_c69' <Predicate = true> <Delay = 0.00> <CoreInst = "FIFO_SRL">   --->   Core 85 'FIFO_SRL' <Latency = 0> <II = 1> <Delay = 0.79> <Storage> <Opcode : 'read' 'write' 'nbread' 'nbwrite'> <Ports = 0> <Width = 16> <Depth = 2> <FIFO>
ST_1 : Operation 148 [1/1] (0.00ns)   --->   "%stencilConfig_grid_size_2_c68 = alloca i64 1"   --->   Operation 148 'alloca' 'stencilConfig_grid_size_2_c68' <Predicate = true> <Delay = 0.00> <CoreInst = "FIFO_SRL">   --->   Core 85 'FIFO_SRL' <Latency = 0> <II = 1> <Delay = 0.79> <Storage> <Opcode : 'read' 'write' 'nbread' 'nbwrite'> <Ports = 0> <Width = 16> <Depth = 2> <FIFO>
ST_1 : Operation 149 [1/1] (0.00ns)   --->   "%stencilConfig_grid_size_2_c67 = alloca i64 1"   --->   Operation 149 'alloca' 'stencilConfig_grid_size_2_c67' <Predicate = true> <Delay = 0.00> <CoreInst = "FIFO_SRL">   --->   Core 85 'FIFO_SRL' <Latency = 0> <II = 1> <Delay = 0.79> <Storage> <Opcode : 'read' 'write' 'nbread' 'nbwrite'> <Ports = 0> <Width = 16> <Depth = 2> <FIFO>
ST_1 : Operation 150 [1/1] (0.00ns)   --->   "%stencilConfig_grid_size_2_c66 = alloca i64 1"   --->   Operation 150 'alloca' 'stencilConfig_grid_size_2_c66' <Predicate = true> <Delay = 0.00> <CoreInst = "FIFO_SRL">   --->   Core 85 'FIFO_SRL' <Latency = 0> <II = 1> <Delay = 0.79> <Storage> <Opcode : 'read' 'write' 'nbread' 'nbwrite'> <Ports = 0> <Width = 16> <Depth = 2> <FIFO>
ST_1 : Operation 151 [1/1] (0.00ns)   --->   "%stencilConfig_grid_size_2_c65 = alloca i64 1"   --->   Operation 151 'alloca' 'stencilConfig_grid_size_2_c65' <Predicate = true> <Delay = 0.00> <CoreInst = "FIFO_SRL">   --->   Core 85 'FIFO_SRL' <Latency = 0> <II = 1> <Delay = 0.79> <Storage> <Opcode : 'read' 'write' 'nbread' 'nbwrite'> <Ports = 0> <Width = 16> <Depth = 2> <FIFO>
ST_1 : Operation 152 [1/1] (0.00ns)   --->   "%stencilConfig_grid_size_2_c64 = alloca i64 1"   --->   Operation 152 'alloca' 'stencilConfig_grid_size_2_c64' <Predicate = true> <Delay = 0.00> <CoreInst = "FIFO_SRL">   --->   Core 85 'FIFO_SRL' <Latency = 0> <II = 1> <Delay = 0.79> <Storage> <Opcode : 'read' 'write' 'nbread' 'nbwrite'> <Ports = 0> <Width = 16> <Depth = 2> <FIFO>
ST_1 : Operation 153 [1/1] (0.00ns)   --->   "%stencilConfig_grid_size_2_c63 = alloca i64 1"   --->   Operation 153 'alloca' 'stencilConfig_grid_size_2_c63' <Predicate = true> <Delay = 0.00> <CoreInst = "FIFO_SRL">   --->   Core 85 'FIFO_SRL' <Latency = 0> <II = 1> <Delay = 0.79> <Storage> <Opcode : 'read' 'write' 'nbread' 'nbwrite'> <Ports = 0> <Width = 16> <Depth = 2> <FIFO>
ST_1 : Operation 154 [1/1] (0.00ns)   --->   "%stencilConfig_grid_size_2_c62 = alloca i64 1"   --->   Operation 154 'alloca' 'stencilConfig_grid_size_2_c62' <Predicate = true> <Delay = 0.00> <CoreInst = "FIFO_SRL">   --->   Core 85 'FIFO_SRL' <Latency = 0> <II = 1> <Delay = 0.79> <Storage> <Opcode : 'read' 'write' 'nbread' 'nbwrite'> <Ports = 0> <Width = 16> <Depth = 2> <FIFO>
ST_1 : Operation 155 [1/1] (0.00ns)   --->   "%stencilConfig_grid_size_2_c61 = alloca i64 1"   --->   Operation 155 'alloca' 'stencilConfig_grid_size_2_c61' <Predicate = true> <Delay = 0.00> <CoreInst = "FIFO_SRL">   --->   Core 85 'FIFO_SRL' <Latency = 0> <II = 1> <Delay = 0.79> <Storage> <Opcode : 'read' 'write' 'nbread' 'nbwrite'> <Ports = 0> <Width = 16> <Depth = 2> <FIFO>
ST_1 : Operation 156 [1/1] (0.00ns)   --->   "%stencilConfig_grid_size_2_c = alloca i64 1"   --->   Operation 156 'alloca' 'stencilConfig_grid_size_2_c' <Predicate = true> <Delay = 0.00> <CoreInst = "FIFO_SRL">   --->   Core 85 'FIFO_SRL' <Latency = 0> <II = 1> <Delay = 0.79> <Storage> <Opcode : 'read' 'write' 'nbread' 'nbwrite'> <Ports = 0> <Width = 16> <Depth = 2> <FIFO>
ST_1 : Operation 157 [1/1] (0.00ns)   --->   "%stencilConfig_grid_size_1_c60 = alloca i64 1"   --->   Operation 157 'alloca' 'stencilConfig_grid_size_1_c60' <Predicate = true> <Delay = 0.00> <CoreInst = "FIFO_SRL">   --->   Core 85 'FIFO_SRL' <Latency = 0> <II = 1> <Delay = 0.90> <Storage> <Opcode : 'read' 'write' 'nbread' 'nbwrite'> <Ports = 0> <Width = 16> <Depth = 3> <FIFO>
ST_1 : Operation 158 [1/1] (0.00ns)   --->   "%stencilConfig_grid_size_1_c59 = alloca i64 1"   --->   Operation 158 'alloca' 'stencilConfig_grid_size_1_c59' <Predicate = true> <Delay = 0.00> <CoreInst = "FIFO_SRL">   --->   Core 85 'FIFO_SRL' <Latency = 0> <II = 1> <Delay = 0.79> <Storage> <Opcode : 'read' 'write' 'nbread' 'nbwrite'> <Ports = 0> <Width = 16> <Depth = 2> <FIFO>
ST_1 : Operation 159 [1/1] (0.00ns)   --->   "%stencilConfig_grid_size_1_c58 = alloca i64 1"   --->   Operation 159 'alloca' 'stencilConfig_grid_size_1_c58' <Predicate = true> <Delay = 0.00> <CoreInst = "FIFO_SRL">   --->   Core 85 'FIFO_SRL' <Latency = 0> <II = 1> <Delay = 0.79> <Storage> <Opcode : 'read' 'write' 'nbread' 'nbwrite'> <Ports = 0> <Width = 16> <Depth = 2> <FIFO>
ST_1 : Operation 160 [1/1] (0.00ns)   --->   "%stencilConfig_grid_size_1_c57 = alloca i64 1"   --->   Operation 160 'alloca' 'stencilConfig_grid_size_1_c57' <Predicate = true> <Delay = 0.00> <CoreInst = "FIFO_SRL">   --->   Core 85 'FIFO_SRL' <Latency = 0> <II = 1> <Delay = 0.79> <Storage> <Opcode : 'read' 'write' 'nbread' 'nbwrite'> <Ports = 0> <Width = 16> <Depth = 2> <FIFO>
ST_1 : Operation 161 [1/1] (0.00ns)   --->   "%stencilConfig_grid_size_1_c56 = alloca i64 1"   --->   Operation 161 'alloca' 'stencilConfig_grid_size_1_c56' <Predicate = true> <Delay = 0.00> <CoreInst = "FIFO_SRL">   --->   Core 85 'FIFO_SRL' <Latency = 0> <II = 1> <Delay = 0.79> <Storage> <Opcode : 'read' 'write' 'nbread' 'nbwrite'> <Ports = 0> <Width = 16> <Depth = 2> <FIFO>
ST_1 : Operation 162 [1/1] (0.00ns)   --->   "%stencilConfig_grid_size_1_c55 = alloca i64 1"   --->   Operation 162 'alloca' 'stencilConfig_grid_size_1_c55' <Predicate = true> <Delay = 0.00> <CoreInst = "FIFO_SRL">   --->   Core 85 'FIFO_SRL' <Latency = 0> <II = 1> <Delay = 0.79> <Storage> <Opcode : 'read' 'write' 'nbread' 'nbwrite'> <Ports = 0> <Width = 16> <Depth = 2> <FIFO>
ST_1 : Operation 163 [1/1] (0.00ns)   --->   "%stencilConfig_grid_size_1_c54 = alloca i64 1"   --->   Operation 163 'alloca' 'stencilConfig_grid_size_1_c54' <Predicate = true> <Delay = 0.00> <CoreInst = "FIFO_SRL">   --->   Core 85 'FIFO_SRL' <Latency = 0> <II = 1> <Delay = 0.79> <Storage> <Opcode : 'read' 'write' 'nbread' 'nbwrite'> <Ports = 0> <Width = 16> <Depth = 2> <FIFO>
ST_1 : Operation 164 [1/1] (0.00ns)   --->   "%stencilConfig_grid_size_1_c53 = alloca i64 1"   --->   Operation 164 'alloca' 'stencilConfig_grid_size_1_c53' <Predicate = true> <Delay = 0.00> <CoreInst = "FIFO_SRL">   --->   Core 85 'FIFO_SRL' <Latency = 0> <II = 1> <Delay = 0.79> <Storage> <Opcode : 'read' 'write' 'nbread' 'nbwrite'> <Ports = 0> <Width = 16> <Depth = 2> <FIFO>
ST_1 : Operation 165 [1/1] (0.00ns)   --->   "%stencilConfig_grid_size_1_c52 = alloca i64 1"   --->   Operation 165 'alloca' 'stencilConfig_grid_size_1_c52' <Predicate = true> <Delay = 0.00> <CoreInst = "FIFO_SRL">   --->   Core 85 'FIFO_SRL' <Latency = 0> <II = 1> <Delay = 0.79> <Storage> <Opcode : 'read' 'write' 'nbread' 'nbwrite'> <Ports = 0> <Width = 16> <Depth = 2> <FIFO>
ST_1 : Operation 166 [1/1] (0.00ns)   --->   "%stencilConfig_grid_size_1_c51 = alloca i64 1"   --->   Operation 166 'alloca' 'stencilConfig_grid_size_1_c51' <Predicate = true> <Delay = 0.00> <CoreInst = "FIFO_SRL">   --->   Core 85 'FIFO_SRL' <Latency = 0> <II = 1> <Delay = 0.79> <Storage> <Opcode : 'read' 'write' 'nbread' 'nbwrite'> <Ports = 0> <Width = 16> <Depth = 2> <FIFO>
ST_1 : Operation 167 [1/1] (0.00ns)   --->   "%stencilConfig_grid_size_1_c50 = alloca i64 1"   --->   Operation 167 'alloca' 'stencilConfig_grid_size_1_c50' <Predicate = true> <Delay = 0.00> <CoreInst = "FIFO_SRL">   --->   Core 85 'FIFO_SRL' <Latency = 0> <II = 1> <Delay = 0.79> <Storage> <Opcode : 'read' 'write' 'nbread' 'nbwrite'> <Ports = 0> <Width = 16> <Depth = 2> <FIFO>
ST_1 : Operation 168 [1/1] (0.00ns)   --->   "%stencilConfig_grid_size_1_c49 = alloca i64 1"   --->   Operation 168 'alloca' 'stencilConfig_grid_size_1_c49' <Predicate = true> <Delay = 0.00> <CoreInst = "FIFO_SRL">   --->   Core 85 'FIFO_SRL' <Latency = 0> <II = 1> <Delay = 0.79> <Storage> <Opcode : 'read' 'write' 'nbread' 'nbwrite'> <Ports = 0> <Width = 16> <Depth = 2> <FIFO>
ST_1 : Operation 169 [1/1] (0.00ns)   --->   "%stencilConfig_grid_size_1_c48 = alloca i64 1"   --->   Operation 169 'alloca' 'stencilConfig_grid_size_1_c48' <Predicate = true> <Delay = 0.00> <CoreInst = "FIFO_SRL">   --->   Core 85 'FIFO_SRL' <Latency = 0> <II = 1> <Delay = 0.79> <Storage> <Opcode : 'read' 'write' 'nbread' 'nbwrite'> <Ports = 0> <Width = 16> <Depth = 2> <FIFO>
ST_1 : Operation 170 [1/1] (0.00ns)   --->   "%stencilConfig_grid_size_1_c = alloca i64 1"   --->   Operation 170 'alloca' 'stencilConfig_grid_size_1_c' <Predicate = true> <Delay = 0.00> <CoreInst = "FIFO_SRL">   --->   Core 85 'FIFO_SRL' <Latency = 0> <II = 1> <Delay = 0.79> <Storage> <Opcode : 'read' 'write' 'nbread' 'nbwrite'> <Ports = 0> <Width = 16> <Depth = 2> <FIFO>
ST_1 : Operation 171 [1/1] (0.00ns)   --->   "%stencilConfig_grid_size_0_c47 = alloca i64 1"   --->   Operation 171 'alloca' 'stencilConfig_grid_size_0_c47' <Predicate = true> <Delay = 0.00> <CoreInst = "FIFO_SRL">   --->   Core 85 'FIFO_SRL' <Latency = 0> <II = 1> <Delay = 0.90> <Storage> <Opcode : 'read' 'write' 'nbread' 'nbwrite'> <Ports = 0> <Width = 16> <Depth = 3> <FIFO>
ST_1 : Operation 172 [1/1] (0.00ns)   --->   "%stencilConfig_grid_size_0_c46 = alloca i64 1"   --->   Operation 172 'alloca' 'stencilConfig_grid_size_0_c46' <Predicate = true> <Delay = 0.00> <CoreInst = "FIFO_SRL">   --->   Core 85 'FIFO_SRL' <Latency = 0> <II = 1> <Delay = 0.79> <Storage> <Opcode : 'read' 'write' 'nbread' 'nbwrite'> <Ports = 0> <Width = 16> <Depth = 2> <FIFO>
ST_1 : Operation 173 [1/1] (0.00ns)   --->   "%stencilConfig_grid_size_0_c45 = alloca i64 1"   --->   Operation 173 'alloca' 'stencilConfig_grid_size_0_c45' <Predicate = true> <Delay = 0.00> <CoreInst = "FIFO_SRL">   --->   Core 85 'FIFO_SRL' <Latency = 0> <II = 1> <Delay = 0.79> <Storage> <Opcode : 'read' 'write' 'nbread' 'nbwrite'> <Ports = 0> <Width = 16> <Depth = 2> <FIFO>
ST_1 : Operation 174 [1/1] (0.00ns)   --->   "%stencilConfig_grid_size_0_c44 = alloca i64 1"   --->   Operation 174 'alloca' 'stencilConfig_grid_size_0_c44' <Predicate = true> <Delay = 0.00> <CoreInst = "FIFO_SRL">   --->   Core 85 'FIFO_SRL' <Latency = 0> <II = 1> <Delay = 0.79> <Storage> <Opcode : 'read' 'write' 'nbread' 'nbwrite'> <Ports = 0> <Width = 16> <Depth = 2> <FIFO>
ST_1 : Operation 175 [1/1] (0.00ns)   --->   "%stencilConfig_grid_size_0_c43 = alloca i64 1"   --->   Operation 175 'alloca' 'stencilConfig_grid_size_0_c43' <Predicate = true> <Delay = 0.00> <CoreInst = "FIFO_SRL">   --->   Core 85 'FIFO_SRL' <Latency = 0> <II = 1> <Delay = 0.79> <Storage> <Opcode : 'read' 'write' 'nbread' 'nbwrite'> <Ports = 0> <Width = 16> <Depth = 2> <FIFO>
ST_1 : Operation 176 [1/1] (0.00ns)   --->   "%stencilConfig_grid_size_0_c42 = alloca i64 1"   --->   Operation 176 'alloca' 'stencilConfig_grid_size_0_c42' <Predicate = true> <Delay = 0.00> <CoreInst = "FIFO_SRL">   --->   Core 85 'FIFO_SRL' <Latency = 0> <II = 1> <Delay = 0.79> <Storage> <Opcode : 'read' 'write' 'nbread' 'nbwrite'> <Ports = 0> <Width = 16> <Depth = 2> <FIFO>
ST_1 : Operation 177 [1/1] (0.00ns)   --->   "%stencilConfig_grid_size_0_c41 = alloca i64 1"   --->   Operation 177 'alloca' 'stencilConfig_grid_size_0_c41' <Predicate = true> <Delay = 0.00> <CoreInst = "FIFO_SRL">   --->   Core 85 'FIFO_SRL' <Latency = 0> <II = 1> <Delay = 0.79> <Storage> <Opcode : 'read' 'write' 'nbread' 'nbwrite'> <Ports = 0> <Width = 16> <Depth = 2> <FIFO>
ST_1 : Operation 178 [1/1] (0.00ns)   --->   "%stencilConfig_grid_size_0_c40 = alloca i64 1"   --->   Operation 178 'alloca' 'stencilConfig_grid_size_0_c40' <Predicate = true> <Delay = 0.00> <CoreInst = "FIFO_SRL">   --->   Core 85 'FIFO_SRL' <Latency = 0> <II = 1> <Delay = 0.79> <Storage> <Opcode : 'read' 'write' 'nbread' 'nbwrite'> <Ports = 0> <Width = 16> <Depth = 2> <FIFO>
ST_1 : Operation 179 [1/1] (0.00ns)   --->   "%stencilConfig_grid_size_0_c39 = alloca i64 1"   --->   Operation 179 'alloca' 'stencilConfig_grid_size_0_c39' <Predicate = true> <Delay = 0.00> <CoreInst = "FIFO_SRL">   --->   Core 85 'FIFO_SRL' <Latency = 0> <II = 1> <Delay = 0.79> <Storage> <Opcode : 'read' 'write' 'nbread' 'nbwrite'> <Ports = 0> <Width = 16> <Depth = 2> <FIFO>
ST_1 : Operation 180 [1/1] (0.00ns)   --->   "%stencilConfig_grid_size_0_c38 = alloca i64 1"   --->   Operation 180 'alloca' 'stencilConfig_grid_size_0_c38' <Predicate = true> <Delay = 0.00> <CoreInst = "FIFO_SRL">   --->   Core 85 'FIFO_SRL' <Latency = 0> <II = 1> <Delay = 0.79> <Storage> <Opcode : 'read' 'write' 'nbread' 'nbwrite'> <Ports = 0> <Width = 16> <Depth = 2> <FIFO>
ST_1 : Operation 181 [1/1] (0.00ns)   --->   "%stencilConfig_grid_size_0_c37 = alloca i64 1"   --->   Operation 181 'alloca' 'stencilConfig_grid_size_0_c37' <Predicate = true> <Delay = 0.00> <CoreInst = "FIFO_SRL">   --->   Core 85 'FIFO_SRL' <Latency = 0> <II = 1> <Delay = 0.79> <Storage> <Opcode : 'read' 'write' 'nbread' 'nbwrite'> <Ports = 0> <Width = 16> <Depth = 2> <FIFO>
ST_1 : Operation 182 [1/1] (0.00ns)   --->   "%stencilConfig_grid_size_0_c36 = alloca i64 1"   --->   Operation 182 'alloca' 'stencilConfig_grid_size_0_c36' <Predicate = true> <Delay = 0.00> <CoreInst = "FIFO_SRL">   --->   Core 85 'FIFO_SRL' <Latency = 0> <II = 1> <Delay = 0.79> <Storage> <Opcode : 'read' 'write' 'nbread' 'nbwrite'> <Ports = 0> <Width = 16> <Depth = 2> <FIFO>
ST_1 : Operation 183 [1/1] (0.00ns)   --->   "%stencilConfig_grid_size_0_c35 = alloca i64 1"   --->   Operation 183 'alloca' 'stencilConfig_grid_size_0_c35' <Predicate = true> <Delay = 0.00> <CoreInst = "FIFO_SRL">   --->   Core 85 'FIFO_SRL' <Latency = 0> <II = 1> <Delay = 0.79> <Storage> <Opcode : 'read' 'write' 'nbread' 'nbwrite'> <Ports = 0> <Width = 16> <Depth = 2> <FIFO>
ST_1 : Operation 184 [1/1] (0.00ns)   --->   "%stencilConfig_grid_size_0_c = alloca i64 1"   --->   Operation 184 'alloca' 'stencilConfig_grid_size_0_c' <Predicate = true> <Delay = 0.00> <CoreInst = "FIFO_SRL">   --->   Core 85 'FIFO_SRL' <Latency = 0> <II = 1> <Delay = 0.79> <Storage> <Opcode : 'read' 'write' 'nbread' 'nbwrite'> <Ports = 0> <Width = 16> <Depth = 2> <FIFO>
ST_1 : Operation 185 [1/1] (0.00ns)   --->   "%arg0_arg1_streams_0 = alloca i64 1"   --->   Operation 185 'alloca' 'arg0_arg1_streams_0' <Predicate = true> <Delay = 0.00> <CoreInst = "FIFO">   --->   Core 82 'FIFO' <Latency = 0> <II = 1> <Delay = 1.38> <Storage> <Opcode : 'read' 'write' 'nbread' 'nbwrite'> <Ports = 0> <Width = 256> <Depth = 10> <FIFO>
ST_1 : Operation 186 [1/1] (0.00ns)   --->   "%arg0_arg1_streams_1 = alloca i64 1"   --->   Operation 186 'alloca' 'arg0_arg1_streams_1' <Predicate = true> <Delay = 0.00> <CoreInst = "FIFO">   --->   Core 82 'FIFO' <Latency = 0> <II = 1> <Delay = 1.38> <Storage> <Opcode : 'read' 'write' 'nbread' 'nbwrite'> <Ports = 0> <Width = 256> <Depth = 10> <FIFO>
ST_1 : Operation 187 [1/1] (0.00ns)   --->   "%arg0_arg1_streams_2 = alloca i64 1"   --->   Operation 187 'alloca' 'arg0_arg1_streams_2' <Predicate = true> <Delay = 0.00> <CoreInst = "FIFO">   --->   Core 82 'FIFO' <Latency = 0> <II = 1> <Delay = 1.38> <Storage> <Opcode : 'read' 'write' 'nbread' 'nbwrite'> <Ports = 0> <Width = 256> <Depth = 10> <FIFO>
ST_1 : Operation 188 [1/1] (0.00ns)   --->   "%arg0_arg1_streams_3 = alloca i64 1"   --->   Operation 188 'alloca' 'arg0_arg1_streams_3' <Predicate = true> <Delay = 0.00> <CoreInst = "FIFO">   --->   Core 82 'FIFO' <Latency = 0> <II = 1> <Delay = 1.38> <Storage> <Opcode : 'read' 'write' 'nbread' 'nbwrite'> <Ports = 0> <Width = 256> <Depth = 10> <FIFO>
ST_1 : Operation 189 [1/1] (0.00ns)   --->   "%arg0_arg1_streams_4 = alloca i64 1"   --->   Operation 189 'alloca' 'arg0_arg1_streams_4' <Predicate = true> <Delay = 0.00> <CoreInst = "FIFO">   --->   Core 82 'FIFO' <Latency = 0> <II = 1> <Delay = 1.38> <Storage> <Opcode : 'read' 'write' 'nbread' 'nbwrite'> <Ports = 0> <Width = 256> <Depth = 10> <FIFO>
ST_1 : Operation 190 [1/1] (0.00ns)   --->   "%arg0_arg1_streams_5 = alloca i64 1"   --->   Operation 190 'alloca' 'arg0_arg1_streams_5' <Predicate = true> <Delay = 0.00> <CoreInst = "FIFO">   --->   Core 82 'FIFO' <Latency = 0> <II = 1> <Delay = 1.38> <Storage> <Opcode : 'read' 'write' 'nbread' 'nbwrite'> <Ports = 0> <Width = 256> <Depth = 10> <FIFO>
ST_1 : Operation 191 [1/1] (0.00ns)   --->   "%arg0_arg1_streams_6 = alloca i64 1"   --->   Operation 191 'alloca' 'arg0_arg1_streams_6' <Predicate = true> <Delay = 0.00> <CoreInst = "FIFO">   --->   Core 82 'FIFO' <Latency = 0> <II = 1> <Delay = 1.38> <Storage> <Opcode : 'read' 'write' 'nbread' 'nbwrite'> <Ports = 0> <Width = 256> <Depth = 10> <FIFO>
ST_1 : Operation 192 [1/1] (0.00ns)   --->   "%arg0_arg1_streams_7 = alloca i64 1"   --->   Operation 192 'alloca' 'arg0_arg1_streams_7' <Predicate = true> <Delay = 0.00> <CoreInst = "FIFO">   --->   Core 82 'FIFO' <Latency = 0> <II = 1> <Delay = 1.38> <Storage> <Opcode : 'read' 'write' 'nbread' 'nbwrite'> <Ports = 0> <Width = 256> <Depth = 10> <FIFO>
ST_1 : Operation 193 [1/1] (0.00ns)   --->   "%arg0_arg1_streams_8 = alloca i64 1"   --->   Operation 193 'alloca' 'arg0_arg1_streams_8' <Predicate = true> <Delay = 0.00> <CoreInst = "FIFO">   --->   Core 82 'FIFO' <Latency = 0> <II = 1> <Delay = 1.38> <Storage> <Opcode : 'read' 'write' 'nbread' 'nbwrite'> <Ports = 0> <Width = 256> <Depth = 10> <FIFO>
ST_1 : Operation 194 [1/1] (0.00ns)   --->   "%arg0_arg1_streams_9 = alloca i64 1"   --->   Operation 194 'alloca' 'arg0_arg1_streams_9' <Predicate = true> <Delay = 0.00> <CoreInst = "FIFO">   --->   Core 82 'FIFO' <Latency = 0> <II = 1> <Delay = 1.38> <Storage> <Opcode : 'read' 'write' 'nbread' 'nbwrite'> <Ports = 0> <Width = 256> <Depth = 10> <FIFO>
ST_1 : Operation 195 [1/1] (0.00ns)   --->   "%arg0_arg1_streams_10 = alloca i64 1"   --->   Operation 195 'alloca' 'arg0_arg1_streams_10' <Predicate = true> <Delay = 0.00> <CoreInst = "FIFO">   --->   Core 82 'FIFO' <Latency = 0> <II = 1> <Delay = 1.38> <Storage> <Opcode : 'read' 'write' 'nbread' 'nbwrite'> <Ports = 0> <Width = 256> <Depth = 10> <FIFO>
ST_1 : Operation 196 [1/1] (0.00ns)   --->   "%arg0_arg1_streams_11 = alloca i64 1"   --->   Operation 196 'alloca' 'arg0_arg1_streams_11' <Predicate = true> <Delay = 0.00> <CoreInst = "FIFO">   --->   Core 82 'FIFO' <Latency = 0> <II = 1> <Delay = 1.38> <Storage> <Opcode : 'read' 'write' 'nbread' 'nbwrite'> <Ports = 0> <Width = 256> <Depth = 10> <FIFO>
ST_1 : Operation 197 [1/1] (0.00ns)   --->   "%arg0_arg1_streams_12 = alloca i64 1"   --->   Operation 197 'alloca' 'arg0_arg1_streams_12' <Predicate = true> <Delay = 0.00> <CoreInst = "FIFO">   --->   Core 82 'FIFO' <Latency = 0> <II = 1> <Delay = 1.38> <Storage> <Opcode : 'read' 'write' 'nbread' 'nbwrite'> <Ports = 0> <Width = 256> <Depth = 10> <FIFO>
ST_1 : Operation 198 [1/1] (0.00ns)   --->   "%arg0_arg1_streams_13 = alloca i64 1"   --->   Operation 198 'alloca' 'arg0_arg1_streams_13' <Predicate = true> <Delay = 0.00> <CoreInst = "FIFO">   --->   Core 82 'FIFO' <Latency = 0> <II = 1> <Delay = 1.38> <Storage> <Opcode : 'read' 'write' 'nbread' 'nbwrite'> <Ports = 0> <Width = 256> <Depth = 10> <FIFO>
ST_1 : Operation 199 [1/1] (0.00ns)   --->   "%arg0_arg1_streams_14 = alloca i64 1"   --->   Operation 199 'alloca' 'arg0_arg1_streams_14' <Predicate = true> <Delay = 0.00> <CoreInst = "FIFO">   --->   Core 82 'FIFO' <Latency = 0> <II = 1> <Delay = 1.38> <Storage> <Opcode : 'read' 'write' 'nbread' 'nbwrite'> <Ports = 0> <Width = 256> <Depth = 10> <FIFO>
ST_1 : Operation 200 [1/1] (0.90ns)   --->   "%call_ln0 = call void @entry_proc, i16 %p_read_18, i16 %stencilConfig_grid_size_0_c47, i16 %p_read111, i16 %stencilConfig_grid_size_1_c60, i16 %p_read212, i16 %stencilConfig_grid_size_2_c73, i16 %p_read313, i16 %stencilConfig_lower_limit_0_c86, i16 %p_read414, i16 %stencilConfig_lower_limit_1_c99, i16 %p_read515, i16 %stencilConfig_lower_limit_2_c112, i16 %p_read616, i16 %stencilConfig_upper_limit_0_c125, i16 %p_read_17, i16 %stencilConfig_upper_limit_1_c138, i16 %p_read_16, i16 %stencilConfig_upper_limit_2_c151, i16 %p_read_15, i16 %stencilConfig_outer_loop_limit_c164"   --->   Operation 200 'call' 'call_ln0' <Predicate = true> <Delay = 0.90> <CoreType = "Generic">   --->   Core 0 '' <Latency = 0> <II = 1> <Delay = 1.00> <Generic> <Opcode : >
ST_1 : Operation 201 [2/2] (0.89ns)   --->   "%call_ln45 = call void @axis2stream<256u, 256u>, i256 %arg0_axis_in_V_data_V, i32 %arg0_axis_in_V_keep_V, i32 %arg0_axis_in_V_strb_V, i1 %arg0_axis_in_V_last_V, i256 %arg0_arg1_streams_0, i32 %total_bytes_read, i32 %total_bytes_c" [/home/x_thileeb/repos/ops-hls-pact25-artifact/codegen_apps/jacobian3d/vck5000_project/hls/device/src/kernel_outerloop_0.cpp:45]   --->   Operation 201 'call' 'call_ln45' <Predicate = true> <Delay = 0.89> <CoreType = "Generic">   --->   Core 0 '' <Latency = 0> <II = 1> <Delay = 1.00> <Generic> <Opcode : >

State 2 <SV = 1> <Delay = 0.00>
ST_2 : Operation 202 [1/2] (0.00ns)   --->   "%call_ln45 = call void @axis2stream<256u, 256u>, i256 %arg0_axis_in_V_data_V, i32 %arg0_axis_in_V_keep_V, i32 %arg0_axis_in_V_strb_V, i1 %arg0_axis_in_V_last_V, i256 %arg0_arg1_streams_0, i32 %total_bytes_read, i32 %total_bytes_c" [/home/x_thileeb/repos/ops-hls-pact25-artifact/codegen_apps/jacobian3d/vck5000_project/hls/device/src/kernel_outerloop_0.cpp:45]   --->   Operation 202 'call' 'call_ln45' <Predicate = true> <Delay = 0.00> <CoreType = "Generic">   --->   Core 0 '' <Latency = 0> <II = 1> <Delay = 1.00> <Generic> <Opcode : >

State 3 <SV = 2> <Delay = 0.00>
ST_3 : Operation 203 [2/2] (0.00ns)   --->   "%call_ln32 = call void @joint_PE_outerloop_0, i16 %stencilConfig_grid_size_0_c47, i16 %stencilConfig_grid_size_1_c60, i16 %stencilConfig_grid_size_2_c73, i16 %stencilConfig_lower_limit_0_c86, i16 %stencilConfig_lower_limit_1_c99, i16 %stencilConfig_lower_limit_2_c112, i16 %stencilConfig_upper_limit_0_c125, i16 %stencilConfig_upper_limit_1_c138, i16 %stencilConfig_upper_limit_2_c151, i16 %stencilConfig_outer_loop_limit_c164, i256 %arg0_arg1_streams_0, i256 %arg0_arg1_streams_1, i16 %stencilConfig_grid_size_0_c46, i16 %stencilConfig_grid_size_1_c59, i16 %stencilConfig_grid_size_2_c72, i16 %stencilConfig_lower_limit_0_c85, i16 %stencilConfig_lower_limit_1_c98, i16 %stencilConfig_lower_limit_2_c111, i16 %stencilConfig_upper_limit_0_c124, i16 %stencilConfig_upper_limit_1_c137, i16 %stencilConfig_upper_limit_2_c150, i16 %stencilConfig_outer_loop_limit_c163" [/home/x_thileeb/repos/ops-hls-pact25-artifact/codegen_apps/jacobian3d/vck5000_project/hls/device/src/kernel_outerloop_0.cpp:32]   --->   Operation 203 'call' 'call_ln32' <Predicate = true> <Delay = 0.00> <CoreType = "Generic">   --->   Core 0 '' <Latency = 0> <II = 1> <Delay = 1.00> <Generic> <Opcode : >

State 4 <SV = 3> <Delay = 0.00>
ST_4 : Operation 204 [1/2] (0.00ns)   --->   "%call_ln32 = call void @joint_PE_outerloop_0, i16 %stencilConfig_grid_size_0_c47, i16 %stencilConfig_grid_size_1_c60, i16 %stencilConfig_grid_size_2_c73, i16 %stencilConfig_lower_limit_0_c86, i16 %stencilConfig_lower_limit_1_c99, i16 %stencilConfig_lower_limit_2_c112, i16 %stencilConfig_upper_limit_0_c125, i16 %stencilConfig_upper_limit_1_c138, i16 %stencilConfig_upper_limit_2_c151, i16 %stencilConfig_outer_loop_limit_c164, i256 %arg0_arg1_streams_0, i256 %arg0_arg1_streams_1, i16 %stencilConfig_grid_size_0_c46, i16 %stencilConfig_grid_size_1_c59, i16 %stencilConfig_grid_size_2_c72, i16 %stencilConfig_lower_limit_0_c85, i16 %stencilConfig_lower_limit_1_c98, i16 %stencilConfig_lower_limit_2_c111, i16 %stencilConfig_upper_limit_0_c124, i16 %stencilConfig_upper_limit_1_c137, i16 %stencilConfig_upper_limit_2_c150, i16 %stencilConfig_outer_loop_limit_c163" [/home/x_thileeb/repos/ops-hls-pact25-artifact/codegen_apps/jacobian3d/vck5000_project/hls/device/src/kernel_outerloop_0.cpp:32]   --->   Operation 204 'call' 'call_ln32' <Predicate = true> <Delay = 0.00> <CoreType = "Generic">   --->   Core 0 '' <Latency = 0> <II = 1> <Delay = 1.00> <Generic> <Opcode : >

State 5 <SV = 4> <Delay = 0.00>
ST_5 : Operation 205 [2/2] (0.00ns)   --->   "%call_ln32 = call void @joint_PE_outerloop_0.1, i16 %stencilConfig_grid_size_0_c46, i16 %stencilConfig_grid_size_1_c59, i16 %stencilConfig_grid_size_2_c72, i16 %stencilConfig_lower_limit_0_c85, i16 %stencilConfig_lower_limit_1_c98, i16 %stencilConfig_lower_limit_2_c111, i16 %stencilConfig_upper_limit_0_c124, i16 %stencilConfig_upper_limit_1_c137, i16 %stencilConfig_upper_limit_2_c150, i16 %stencilConfig_outer_loop_limit_c163, i256 %arg0_arg1_streams_1, i256 %arg0_arg1_streams_2, i16 %stencilConfig_grid_size_0_c45, i16 %stencilConfig_grid_size_1_c58, i16 %stencilConfig_grid_size_2_c71, i16 %stencilConfig_lower_limit_0_c84, i16 %stencilConfig_lower_limit_1_c97, i16 %stencilConfig_lower_limit_2_c110, i16 %stencilConfig_upper_limit_0_c123, i16 %stencilConfig_upper_limit_1_c136, i16 %stencilConfig_upper_limit_2_c149, i16 %stencilConfig_outer_loop_limit_c162" [/home/x_thileeb/repos/ops-hls-pact25-artifact/codegen_apps/jacobian3d/vck5000_project/hls/device/src/kernel_outerloop_0.cpp:32]   --->   Operation 205 'call' 'call_ln32' <Predicate = true> <Delay = 0.00> <CoreType = "Generic">   --->   Core 0 '' <Latency = 0> <II = 1> <Delay = 1.00> <Generic> <Opcode : >

State 6 <SV = 5> <Delay = 0.00>
ST_6 : Operation 206 [1/2] (0.00ns)   --->   "%call_ln32 = call void @joint_PE_outerloop_0.1, i16 %stencilConfig_grid_size_0_c46, i16 %stencilConfig_grid_size_1_c59, i16 %stencilConfig_grid_size_2_c72, i16 %stencilConfig_lower_limit_0_c85, i16 %stencilConfig_lower_limit_1_c98, i16 %stencilConfig_lower_limit_2_c111, i16 %stencilConfig_upper_limit_0_c124, i16 %stencilConfig_upper_limit_1_c137, i16 %stencilConfig_upper_limit_2_c150, i16 %stencilConfig_outer_loop_limit_c163, i256 %arg0_arg1_streams_1, i256 %arg0_arg1_streams_2, i16 %stencilConfig_grid_size_0_c45, i16 %stencilConfig_grid_size_1_c58, i16 %stencilConfig_grid_size_2_c71, i16 %stencilConfig_lower_limit_0_c84, i16 %stencilConfig_lower_limit_1_c97, i16 %stencilConfig_lower_limit_2_c110, i16 %stencilConfig_upper_limit_0_c123, i16 %stencilConfig_upper_limit_1_c136, i16 %stencilConfig_upper_limit_2_c149, i16 %stencilConfig_outer_loop_limit_c162" [/home/x_thileeb/repos/ops-hls-pact25-artifact/codegen_apps/jacobian3d/vck5000_project/hls/device/src/kernel_outerloop_0.cpp:32]   --->   Operation 206 'call' 'call_ln32' <Predicate = true> <Delay = 0.00> <CoreType = "Generic">   --->   Core 0 '' <Latency = 0> <II = 1> <Delay = 1.00> <Generic> <Opcode : >

State 7 <SV = 6> <Delay = 0.00>
ST_7 : Operation 207 [2/2] (0.00ns)   --->   "%call_ln32 = call void @joint_PE_outerloop_0.2, i16 %stencilConfig_grid_size_0_c45, i16 %stencilConfig_grid_size_1_c58, i16 %stencilConfig_grid_size_2_c71, i16 %stencilConfig_lower_limit_0_c84, i16 %stencilConfig_lower_limit_1_c97, i16 %stencilConfig_lower_limit_2_c110, i16 %stencilConfig_upper_limit_0_c123, i16 %stencilConfig_upper_limit_1_c136, i16 %stencilConfig_upper_limit_2_c149, i16 %stencilConfig_outer_loop_limit_c162, i256 %arg0_arg1_streams_2, i256 %arg0_arg1_streams_3, i16 %stencilConfig_grid_size_0_c44, i16 %stencilConfig_grid_size_1_c57, i16 %stencilConfig_grid_size_2_c70, i16 %stencilConfig_lower_limit_0_c83, i16 %stencilConfig_lower_limit_1_c96, i16 %stencilConfig_lower_limit_2_c109, i16 %stencilConfig_upper_limit_0_c122, i16 %stencilConfig_upper_limit_1_c135, i16 %stencilConfig_upper_limit_2_c148, i16 %stencilConfig_outer_loop_limit_c161" [/home/x_thileeb/repos/ops-hls-pact25-artifact/codegen_apps/jacobian3d/vck5000_project/hls/device/src/kernel_outerloop_0.cpp:32]   --->   Operation 207 'call' 'call_ln32' <Predicate = true> <Delay = 0.00> <CoreType = "Generic">   --->   Core 0 '' <Latency = 0> <II = 1> <Delay = 1.00> <Generic> <Opcode : >

State 8 <SV = 7> <Delay = 0.00>
ST_8 : Operation 208 [1/2] (0.00ns)   --->   "%call_ln32 = call void @joint_PE_outerloop_0.2, i16 %stencilConfig_grid_size_0_c45, i16 %stencilConfig_grid_size_1_c58, i16 %stencilConfig_grid_size_2_c71, i16 %stencilConfig_lower_limit_0_c84, i16 %stencilConfig_lower_limit_1_c97, i16 %stencilConfig_lower_limit_2_c110, i16 %stencilConfig_upper_limit_0_c123, i16 %stencilConfig_upper_limit_1_c136, i16 %stencilConfig_upper_limit_2_c149, i16 %stencilConfig_outer_loop_limit_c162, i256 %arg0_arg1_streams_2, i256 %arg0_arg1_streams_3, i16 %stencilConfig_grid_size_0_c44, i16 %stencilConfig_grid_size_1_c57, i16 %stencilConfig_grid_size_2_c70, i16 %stencilConfig_lower_limit_0_c83, i16 %stencilConfig_lower_limit_1_c96, i16 %stencilConfig_lower_limit_2_c109, i16 %stencilConfig_upper_limit_0_c122, i16 %stencilConfig_upper_limit_1_c135, i16 %stencilConfig_upper_limit_2_c148, i16 %stencilConfig_outer_loop_limit_c161" [/home/x_thileeb/repos/ops-hls-pact25-artifact/codegen_apps/jacobian3d/vck5000_project/hls/device/src/kernel_outerloop_0.cpp:32]   --->   Operation 208 'call' 'call_ln32' <Predicate = true> <Delay = 0.00> <CoreType = "Generic">   --->   Core 0 '' <Latency = 0> <II = 1> <Delay = 1.00> <Generic> <Opcode : >

State 9 <SV = 8> <Delay = 0.00>
ST_9 : Operation 209 [2/2] (0.00ns)   --->   "%call_ln32 = call void @joint_PE_outerloop_0.3, i16 %stencilConfig_grid_size_0_c44, i16 %stencilConfig_grid_size_1_c57, i16 %stencilConfig_grid_size_2_c70, i16 %stencilConfig_lower_limit_0_c83, i16 %stencilConfig_lower_limit_1_c96, i16 %stencilConfig_lower_limit_2_c109, i16 %stencilConfig_upper_limit_0_c122, i16 %stencilConfig_upper_limit_1_c135, i16 %stencilConfig_upper_limit_2_c148, i16 %stencilConfig_outer_loop_limit_c161, i256 %arg0_arg1_streams_3, i256 %arg0_arg1_streams_4, i16 %stencilConfig_grid_size_0_c43, i16 %stencilConfig_grid_size_1_c56, i16 %stencilConfig_grid_size_2_c69, i16 %stencilConfig_lower_limit_0_c82, i16 %stencilConfig_lower_limit_1_c95, i16 %stencilConfig_lower_limit_2_c108, i16 %stencilConfig_upper_limit_0_c121, i16 %stencilConfig_upper_limit_1_c134, i16 %stencilConfig_upper_limit_2_c147, i16 %stencilConfig_outer_loop_limit_c160" [/home/x_thileeb/repos/ops-hls-pact25-artifact/codegen_apps/jacobian3d/vck5000_project/hls/device/src/kernel_outerloop_0.cpp:32]   --->   Operation 209 'call' 'call_ln32' <Predicate = true> <Delay = 0.00> <CoreType = "Generic">   --->   Core 0 '' <Latency = 0> <II = 1> <Delay = 1.00> <Generic> <Opcode : >

State 10 <SV = 9> <Delay = 0.00>
ST_10 : Operation 210 [1/2] (0.00ns)   --->   "%call_ln32 = call void @joint_PE_outerloop_0.3, i16 %stencilConfig_grid_size_0_c44, i16 %stencilConfig_grid_size_1_c57, i16 %stencilConfig_grid_size_2_c70, i16 %stencilConfig_lower_limit_0_c83, i16 %stencilConfig_lower_limit_1_c96, i16 %stencilConfig_lower_limit_2_c109, i16 %stencilConfig_upper_limit_0_c122, i16 %stencilConfig_upper_limit_1_c135, i16 %stencilConfig_upper_limit_2_c148, i16 %stencilConfig_outer_loop_limit_c161, i256 %arg0_arg1_streams_3, i256 %arg0_arg1_streams_4, i16 %stencilConfig_grid_size_0_c43, i16 %stencilConfig_grid_size_1_c56, i16 %stencilConfig_grid_size_2_c69, i16 %stencilConfig_lower_limit_0_c82, i16 %stencilConfig_lower_limit_1_c95, i16 %stencilConfig_lower_limit_2_c108, i16 %stencilConfig_upper_limit_0_c121, i16 %stencilConfig_upper_limit_1_c134, i16 %stencilConfig_upper_limit_2_c147, i16 %stencilConfig_outer_loop_limit_c160" [/home/x_thileeb/repos/ops-hls-pact25-artifact/codegen_apps/jacobian3d/vck5000_project/hls/device/src/kernel_outerloop_0.cpp:32]   --->   Operation 210 'call' 'call_ln32' <Predicate = true> <Delay = 0.00> <CoreType = "Generic">   --->   Core 0 '' <Latency = 0> <II = 1> <Delay = 1.00> <Generic> <Opcode : >

State 11 <SV = 10> <Delay = 0.00>
ST_11 : Operation 211 [2/2] (0.00ns)   --->   "%call_ln32 = call void @joint_PE_outerloop_0.4, i16 %stencilConfig_grid_size_0_c43, i16 %stencilConfig_grid_size_1_c56, i16 %stencilConfig_grid_size_2_c69, i16 %stencilConfig_lower_limit_0_c82, i16 %stencilConfig_lower_limit_1_c95, i16 %stencilConfig_lower_limit_2_c108, i16 %stencilConfig_upper_limit_0_c121, i16 %stencilConfig_upper_limit_1_c134, i16 %stencilConfig_upper_limit_2_c147, i16 %stencilConfig_outer_loop_limit_c160, i256 %arg0_arg1_streams_4, i256 %arg0_arg1_streams_5, i16 %stencilConfig_grid_size_0_c42, i16 %stencilConfig_grid_size_1_c55, i16 %stencilConfig_grid_size_2_c68, i16 %stencilConfig_lower_limit_0_c81, i16 %stencilConfig_lower_limit_1_c94, i16 %stencilConfig_lower_limit_2_c107, i16 %stencilConfig_upper_limit_0_c120, i16 %stencilConfig_upper_limit_1_c133, i16 %stencilConfig_upper_limit_2_c146, i16 %stencilConfig_outer_loop_limit_c159" [/home/x_thileeb/repos/ops-hls-pact25-artifact/codegen_apps/jacobian3d/vck5000_project/hls/device/src/kernel_outerloop_0.cpp:32]   --->   Operation 211 'call' 'call_ln32' <Predicate = true> <Delay = 0.00> <CoreType = "Generic">   --->   Core 0 '' <Latency = 0> <II = 1> <Delay = 1.00> <Generic> <Opcode : >

State 12 <SV = 11> <Delay = 0.00>
ST_12 : Operation 212 [1/2] (0.00ns)   --->   "%call_ln32 = call void @joint_PE_outerloop_0.4, i16 %stencilConfig_grid_size_0_c43, i16 %stencilConfig_grid_size_1_c56, i16 %stencilConfig_grid_size_2_c69, i16 %stencilConfig_lower_limit_0_c82, i16 %stencilConfig_lower_limit_1_c95, i16 %stencilConfig_lower_limit_2_c108, i16 %stencilConfig_upper_limit_0_c121, i16 %stencilConfig_upper_limit_1_c134, i16 %stencilConfig_upper_limit_2_c147, i16 %stencilConfig_outer_loop_limit_c160, i256 %arg0_arg1_streams_4, i256 %arg0_arg1_streams_5, i16 %stencilConfig_grid_size_0_c42, i16 %stencilConfig_grid_size_1_c55, i16 %stencilConfig_grid_size_2_c68, i16 %stencilConfig_lower_limit_0_c81, i16 %stencilConfig_lower_limit_1_c94, i16 %stencilConfig_lower_limit_2_c107, i16 %stencilConfig_upper_limit_0_c120, i16 %stencilConfig_upper_limit_1_c133, i16 %stencilConfig_upper_limit_2_c146, i16 %stencilConfig_outer_loop_limit_c159" [/home/x_thileeb/repos/ops-hls-pact25-artifact/codegen_apps/jacobian3d/vck5000_project/hls/device/src/kernel_outerloop_0.cpp:32]   --->   Operation 212 'call' 'call_ln32' <Predicate = true> <Delay = 0.00> <CoreType = "Generic">   --->   Core 0 '' <Latency = 0> <II = 1> <Delay = 1.00> <Generic> <Opcode : >

State 13 <SV = 12> <Delay = 0.00>
ST_13 : Operation 213 [2/2] (0.00ns)   --->   "%call_ln32 = call void @joint_PE_outerloop_0.5, i16 %stencilConfig_grid_size_0_c42, i16 %stencilConfig_grid_size_1_c55, i16 %stencilConfig_grid_size_2_c68, i16 %stencilConfig_lower_limit_0_c81, i16 %stencilConfig_lower_limit_1_c94, i16 %stencilConfig_lower_limit_2_c107, i16 %stencilConfig_upper_limit_0_c120, i16 %stencilConfig_upper_limit_1_c133, i16 %stencilConfig_upper_limit_2_c146, i16 %stencilConfig_outer_loop_limit_c159, i256 %arg0_arg1_streams_5, i256 %arg0_arg1_streams_6, i16 %stencilConfig_grid_size_0_c41, i16 %stencilConfig_grid_size_1_c54, i16 %stencilConfig_grid_size_2_c67, i16 %stencilConfig_lower_limit_0_c80, i16 %stencilConfig_lower_limit_1_c93, i16 %stencilConfig_lower_limit_2_c106, i16 %stencilConfig_upper_limit_0_c119, i16 %stencilConfig_upper_limit_1_c132, i16 %stencilConfig_upper_limit_2_c145, i16 %stencilConfig_outer_loop_limit_c158" [/home/x_thileeb/repos/ops-hls-pact25-artifact/codegen_apps/jacobian3d/vck5000_project/hls/device/src/kernel_outerloop_0.cpp:32]   --->   Operation 213 'call' 'call_ln32' <Predicate = true> <Delay = 0.00> <CoreType = "Generic">   --->   Core 0 '' <Latency = 0> <II = 1> <Delay = 1.00> <Generic> <Opcode : >

State 14 <SV = 13> <Delay = 0.00>
ST_14 : Operation 214 [1/2] (0.00ns)   --->   "%call_ln32 = call void @joint_PE_outerloop_0.5, i16 %stencilConfig_grid_size_0_c42, i16 %stencilConfig_grid_size_1_c55, i16 %stencilConfig_grid_size_2_c68, i16 %stencilConfig_lower_limit_0_c81, i16 %stencilConfig_lower_limit_1_c94, i16 %stencilConfig_lower_limit_2_c107, i16 %stencilConfig_upper_limit_0_c120, i16 %stencilConfig_upper_limit_1_c133, i16 %stencilConfig_upper_limit_2_c146, i16 %stencilConfig_outer_loop_limit_c159, i256 %arg0_arg1_streams_5, i256 %arg0_arg1_streams_6, i16 %stencilConfig_grid_size_0_c41, i16 %stencilConfig_grid_size_1_c54, i16 %stencilConfig_grid_size_2_c67, i16 %stencilConfig_lower_limit_0_c80, i16 %stencilConfig_lower_limit_1_c93, i16 %stencilConfig_lower_limit_2_c106, i16 %stencilConfig_upper_limit_0_c119, i16 %stencilConfig_upper_limit_1_c132, i16 %stencilConfig_upper_limit_2_c145, i16 %stencilConfig_outer_loop_limit_c158" [/home/x_thileeb/repos/ops-hls-pact25-artifact/codegen_apps/jacobian3d/vck5000_project/hls/device/src/kernel_outerloop_0.cpp:32]   --->   Operation 214 'call' 'call_ln32' <Predicate = true> <Delay = 0.00> <CoreType = "Generic">   --->   Core 0 '' <Latency = 0> <II = 1> <Delay = 1.00> <Generic> <Opcode : >

State 15 <SV = 14> <Delay = 0.00>
ST_15 : Operation 215 [2/2] (0.00ns)   --->   "%call_ln32 = call void @joint_PE_outerloop_0.6, i16 %stencilConfig_grid_size_0_c41, i16 %stencilConfig_grid_size_1_c54, i16 %stencilConfig_grid_size_2_c67, i16 %stencilConfig_lower_limit_0_c80, i16 %stencilConfig_lower_limit_1_c93, i16 %stencilConfig_lower_limit_2_c106, i16 %stencilConfig_upper_limit_0_c119, i16 %stencilConfig_upper_limit_1_c132, i16 %stencilConfig_upper_limit_2_c145, i16 %stencilConfig_outer_loop_limit_c158, i256 %arg0_arg1_streams_6, i256 %arg0_arg1_streams_7, i16 %stencilConfig_grid_size_0_c40, i16 %stencilConfig_grid_size_1_c53, i16 %stencilConfig_grid_size_2_c66, i16 %stencilConfig_lower_limit_0_c79, i16 %stencilConfig_lower_limit_1_c92, i16 %stencilConfig_lower_limit_2_c105, i16 %stencilConfig_upper_limit_0_c118, i16 %stencilConfig_upper_limit_1_c131, i16 %stencilConfig_upper_limit_2_c144, i16 %stencilConfig_outer_loop_limit_c157" [/home/x_thileeb/repos/ops-hls-pact25-artifact/codegen_apps/jacobian3d/vck5000_project/hls/device/src/kernel_outerloop_0.cpp:32]   --->   Operation 215 'call' 'call_ln32' <Predicate = true> <Delay = 0.00> <CoreType = "Generic">   --->   Core 0 '' <Latency = 0> <II = 1> <Delay = 1.00> <Generic> <Opcode : >

State 16 <SV = 15> <Delay = 0.00>
ST_16 : Operation 216 [1/2] (0.00ns)   --->   "%call_ln32 = call void @joint_PE_outerloop_0.6, i16 %stencilConfig_grid_size_0_c41, i16 %stencilConfig_grid_size_1_c54, i16 %stencilConfig_grid_size_2_c67, i16 %stencilConfig_lower_limit_0_c80, i16 %stencilConfig_lower_limit_1_c93, i16 %stencilConfig_lower_limit_2_c106, i16 %stencilConfig_upper_limit_0_c119, i16 %stencilConfig_upper_limit_1_c132, i16 %stencilConfig_upper_limit_2_c145, i16 %stencilConfig_outer_loop_limit_c158, i256 %arg0_arg1_streams_6, i256 %arg0_arg1_streams_7, i16 %stencilConfig_grid_size_0_c40, i16 %stencilConfig_grid_size_1_c53, i16 %stencilConfig_grid_size_2_c66, i16 %stencilConfig_lower_limit_0_c79, i16 %stencilConfig_lower_limit_1_c92, i16 %stencilConfig_lower_limit_2_c105, i16 %stencilConfig_upper_limit_0_c118, i16 %stencilConfig_upper_limit_1_c131, i16 %stencilConfig_upper_limit_2_c144, i16 %stencilConfig_outer_loop_limit_c157" [/home/x_thileeb/repos/ops-hls-pact25-artifact/codegen_apps/jacobian3d/vck5000_project/hls/device/src/kernel_outerloop_0.cpp:32]   --->   Operation 216 'call' 'call_ln32' <Predicate = true> <Delay = 0.00> <CoreType = "Generic">   --->   Core 0 '' <Latency = 0> <II = 1> <Delay = 1.00> <Generic> <Opcode : >

State 17 <SV = 16> <Delay = 0.00>
ST_17 : Operation 217 [2/2] (0.00ns)   --->   "%call_ln32 = call void @joint_PE_outerloop_0.7, i16 %stencilConfig_grid_size_0_c40, i16 %stencilConfig_grid_size_1_c53, i16 %stencilConfig_grid_size_2_c66, i16 %stencilConfig_lower_limit_0_c79, i16 %stencilConfig_lower_limit_1_c92, i16 %stencilConfig_lower_limit_2_c105, i16 %stencilConfig_upper_limit_0_c118, i16 %stencilConfig_upper_limit_1_c131, i16 %stencilConfig_upper_limit_2_c144, i16 %stencilConfig_outer_loop_limit_c157, i256 %arg0_arg1_streams_7, i256 %arg0_arg1_streams_8, i16 %stencilConfig_grid_size_0_c39, i16 %stencilConfig_grid_size_1_c52, i16 %stencilConfig_grid_size_2_c65, i16 %stencilConfig_lower_limit_0_c78, i16 %stencilConfig_lower_limit_1_c91, i16 %stencilConfig_lower_limit_2_c104, i16 %stencilConfig_upper_limit_0_c117, i16 %stencilConfig_upper_limit_1_c130, i16 %stencilConfig_upper_limit_2_c143, i16 %stencilConfig_outer_loop_limit_c156" [/home/x_thileeb/repos/ops-hls-pact25-artifact/codegen_apps/jacobian3d/vck5000_project/hls/device/src/kernel_outerloop_0.cpp:32]   --->   Operation 217 'call' 'call_ln32' <Predicate = true> <Delay = 0.00> <CoreType = "Generic">   --->   Core 0 '' <Latency = 0> <II = 1> <Delay = 1.00> <Generic> <Opcode : >

State 18 <SV = 17> <Delay = 0.00>
ST_18 : Operation 218 [1/2] (0.00ns)   --->   "%call_ln32 = call void @joint_PE_outerloop_0.7, i16 %stencilConfig_grid_size_0_c40, i16 %stencilConfig_grid_size_1_c53, i16 %stencilConfig_grid_size_2_c66, i16 %stencilConfig_lower_limit_0_c79, i16 %stencilConfig_lower_limit_1_c92, i16 %stencilConfig_lower_limit_2_c105, i16 %stencilConfig_upper_limit_0_c118, i16 %stencilConfig_upper_limit_1_c131, i16 %stencilConfig_upper_limit_2_c144, i16 %stencilConfig_outer_loop_limit_c157, i256 %arg0_arg1_streams_7, i256 %arg0_arg1_streams_8, i16 %stencilConfig_grid_size_0_c39, i16 %stencilConfig_grid_size_1_c52, i16 %stencilConfig_grid_size_2_c65, i16 %stencilConfig_lower_limit_0_c78, i16 %stencilConfig_lower_limit_1_c91, i16 %stencilConfig_lower_limit_2_c104, i16 %stencilConfig_upper_limit_0_c117, i16 %stencilConfig_upper_limit_1_c130, i16 %stencilConfig_upper_limit_2_c143, i16 %stencilConfig_outer_loop_limit_c156" [/home/x_thileeb/repos/ops-hls-pact25-artifact/codegen_apps/jacobian3d/vck5000_project/hls/device/src/kernel_outerloop_0.cpp:32]   --->   Operation 218 'call' 'call_ln32' <Predicate = true> <Delay = 0.00> <CoreType = "Generic">   --->   Core 0 '' <Latency = 0> <II = 1> <Delay = 1.00> <Generic> <Opcode : >

State 19 <SV = 18> <Delay = 0.00>
ST_19 : Operation 219 [2/2] (0.00ns)   --->   "%call_ln32 = call void @joint_PE_outerloop_0.8, i16 %stencilConfig_grid_size_0_c39, i16 %stencilConfig_grid_size_1_c52, i16 %stencilConfig_grid_size_2_c65, i16 %stencilConfig_lower_limit_0_c78, i16 %stencilConfig_lower_limit_1_c91, i16 %stencilConfig_lower_limit_2_c104, i16 %stencilConfig_upper_limit_0_c117, i16 %stencilConfig_upper_limit_1_c130, i16 %stencilConfig_upper_limit_2_c143, i16 %stencilConfig_outer_loop_limit_c156, i256 %arg0_arg1_streams_8, i256 %arg0_arg1_streams_9, i16 %stencilConfig_grid_size_0_c38, i16 %stencilConfig_grid_size_1_c51, i16 %stencilConfig_grid_size_2_c64, i16 %stencilConfig_lower_limit_0_c77, i16 %stencilConfig_lower_limit_1_c90, i16 %stencilConfig_lower_limit_2_c103, i16 %stencilConfig_upper_limit_0_c116, i16 %stencilConfig_upper_limit_1_c129, i16 %stencilConfig_upper_limit_2_c142, i16 %stencilConfig_outer_loop_limit_c155" [/home/x_thileeb/repos/ops-hls-pact25-artifact/codegen_apps/jacobian3d/vck5000_project/hls/device/src/kernel_outerloop_0.cpp:32]   --->   Operation 219 'call' 'call_ln32' <Predicate = true> <Delay = 0.00> <CoreType = "Generic">   --->   Core 0 '' <Latency = 0> <II = 1> <Delay = 1.00> <Generic> <Opcode : >

State 20 <SV = 19> <Delay = 0.00>
ST_20 : Operation 220 [1/2] (0.00ns)   --->   "%call_ln32 = call void @joint_PE_outerloop_0.8, i16 %stencilConfig_grid_size_0_c39, i16 %stencilConfig_grid_size_1_c52, i16 %stencilConfig_grid_size_2_c65, i16 %stencilConfig_lower_limit_0_c78, i16 %stencilConfig_lower_limit_1_c91, i16 %stencilConfig_lower_limit_2_c104, i16 %stencilConfig_upper_limit_0_c117, i16 %stencilConfig_upper_limit_1_c130, i16 %stencilConfig_upper_limit_2_c143, i16 %stencilConfig_outer_loop_limit_c156, i256 %arg0_arg1_streams_8, i256 %arg0_arg1_streams_9, i16 %stencilConfig_grid_size_0_c38, i16 %stencilConfig_grid_size_1_c51, i16 %stencilConfig_grid_size_2_c64, i16 %stencilConfig_lower_limit_0_c77, i16 %stencilConfig_lower_limit_1_c90, i16 %stencilConfig_lower_limit_2_c103, i16 %stencilConfig_upper_limit_0_c116, i16 %stencilConfig_upper_limit_1_c129, i16 %stencilConfig_upper_limit_2_c142, i16 %stencilConfig_outer_loop_limit_c155" [/home/x_thileeb/repos/ops-hls-pact25-artifact/codegen_apps/jacobian3d/vck5000_project/hls/device/src/kernel_outerloop_0.cpp:32]   --->   Operation 220 'call' 'call_ln32' <Predicate = true> <Delay = 0.00> <CoreType = "Generic">   --->   Core 0 '' <Latency = 0> <II = 1> <Delay = 1.00> <Generic> <Opcode : >

State 21 <SV = 20> <Delay = 0.00>
ST_21 : Operation 221 [2/2] (0.00ns)   --->   "%call_ln32 = call void @joint_PE_outerloop_0.9, i16 %stencilConfig_grid_size_0_c38, i16 %stencilConfig_grid_size_1_c51, i16 %stencilConfig_grid_size_2_c64, i16 %stencilConfig_lower_limit_0_c77, i16 %stencilConfig_lower_limit_1_c90, i16 %stencilConfig_lower_limit_2_c103, i16 %stencilConfig_upper_limit_0_c116, i16 %stencilConfig_upper_limit_1_c129, i16 %stencilConfig_upper_limit_2_c142, i16 %stencilConfig_outer_loop_limit_c155, i256 %arg0_arg1_streams_9, i256 %arg0_arg1_streams_10, i16 %stencilConfig_grid_size_0_c37, i16 %stencilConfig_grid_size_1_c50, i16 %stencilConfig_grid_size_2_c63, i16 %stencilConfig_lower_limit_0_c76, i16 %stencilConfig_lower_limit_1_c89, i16 %stencilConfig_lower_limit_2_c102, i16 %stencilConfig_upper_limit_0_c115, i16 %stencilConfig_upper_limit_1_c128, i16 %stencilConfig_upper_limit_2_c141, i16 %stencilConfig_outer_loop_limit_c154" [/home/x_thileeb/repos/ops-hls-pact25-artifact/codegen_apps/jacobian3d/vck5000_project/hls/device/src/kernel_outerloop_0.cpp:32]   --->   Operation 221 'call' 'call_ln32' <Predicate = true> <Delay = 0.00> <CoreType = "Generic">   --->   Core 0 '' <Latency = 0> <II = 1> <Delay = 1.00> <Generic> <Opcode : >

State 22 <SV = 21> <Delay = 0.00>
ST_22 : Operation 222 [1/2] (0.00ns)   --->   "%call_ln32 = call void @joint_PE_outerloop_0.9, i16 %stencilConfig_grid_size_0_c38, i16 %stencilConfig_grid_size_1_c51, i16 %stencilConfig_grid_size_2_c64, i16 %stencilConfig_lower_limit_0_c77, i16 %stencilConfig_lower_limit_1_c90, i16 %stencilConfig_lower_limit_2_c103, i16 %stencilConfig_upper_limit_0_c116, i16 %stencilConfig_upper_limit_1_c129, i16 %stencilConfig_upper_limit_2_c142, i16 %stencilConfig_outer_loop_limit_c155, i256 %arg0_arg1_streams_9, i256 %arg0_arg1_streams_10, i16 %stencilConfig_grid_size_0_c37, i16 %stencilConfig_grid_size_1_c50, i16 %stencilConfig_grid_size_2_c63, i16 %stencilConfig_lower_limit_0_c76, i16 %stencilConfig_lower_limit_1_c89, i16 %stencilConfig_lower_limit_2_c102, i16 %stencilConfig_upper_limit_0_c115, i16 %stencilConfig_upper_limit_1_c128, i16 %stencilConfig_upper_limit_2_c141, i16 %stencilConfig_outer_loop_limit_c154" [/home/x_thileeb/repos/ops-hls-pact25-artifact/codegen_apps/jacobian3d/vck5000_project/hls/device/src/kernel_outerloop_0.cpp:32]   --->   Operation 222 'call' 'call_ln32' <Predicate = true> <Delay = 0.00> <CoreType = "Generic">   --->   Core 0 '' <Latency = 0> <II = 1> <Delay = 1.00> <Generic> <Opcode : >

State 23 <SV = 22> <Delay = 0.00>
ST_23 : Operation 223 [2/2] (0.00ns)   --->   "%call_ln32 = call void @joint_PE_outerloop_0.10, i16 %stencilConfig_grid_size_0_c37, i16 %stencilConfig_grid_size_1_c50, i16 %stencilConfig_grid_size_2_c63, i16 %stencilConfig_lower_limit_0_c76, i16 %stencilConfig_lower_limit_1_c89, i16 %stencilConfig_lower_limit_2_c102, i16 %stencilConfig_upper_limit_0_c115, i16 %stencilConfig_upper_limit_1_c128, i16 %stencilConfig_upper_limit_2_c141, i16 %stencilConfig_outer_loop_limit_c154, i256 %arg0_arg1_streams_10, i256 %arg0_arg1_streams_11, i16 %stencilConfig_grid_size_0_c36, i16 %stencilConfig_grid_size_1_c49, i16 %stencilConfig_grid_size_2_c62, i16 %stencilConfig_lower_limit_0_c75, i16 %stencilConfig_lower_limit_1_c88, i16 %stencilConfig_lower_limit_2_c101, i16 %stencilConfig_upper_limit_0_c114, i16 %stencilConfig_upper_limit_1_c127, i16 %stencilConfig_upper_limit_2_c140, i16 %stencilConfig_outer_loop_limit_c153" [/home/x_thileeb/repos/ops-hls-pact25-artifact/codegen_apps/jacobian3d/vck5000_project/hls/device/src/kernel_outerloop_0.cpp:32]   --->   Operation 223 'call' 'call_ln32' <Predicate = true> <Delay = 0.00> <CoreType = "Generic">   --->   Core 0 '' <Latency = 0> <II = 1> <Delay = 1.00> <Generic> <Opcode : >

State 24 <SV = 23> <Delay = 0.00>
ST_24 : Operation 224 [1/2] (0.00ns)   --->   "%call_ln32 = call void @joint_PE_outerloop_0.10, i16 %stencilConfig_grid_size_0_c37, i16 %stencilConfig_grid_size_1_c50, i16 %stencilConfig_grid_size_2_c63, i16 %stencilConfig_lower_limit_0_c76, i16 %stencilConfig_lower_limit_1_c89, i16 %stencilConfig_lower_limit_2_c102, i16 %stencilConfig_upper_limit_0_c115, i16 %stencilConfig_upper_limit_1_c128, i16 %stencilConfig_upper_limit_2_c141, i16 %stencilConfig_outer_loop_limit_c154, i256 %arg0_arg1_streams_10, i256 %arg0_arg1_streams_11, i16 %stencilConfig_grid_size_0_c36, i16 %stencilConfig_grid_size_1_c49, i16 %stencilConfig_grid_size_2_c62, i16 %stencilConfig_lower_limit_0_c75, i16 %stencilConfig_lower_limit_1_c88, i16 %stencilConfig_lower_limit_2_c101, i16 %stencilConfig_upper_limit_0_c114, i16 %stencilConfig_upper_limit_1_c127, i16 %stencilConfig_upper_limit_2_c140, i16 %stencilConfig_outer_loop_limit_c153" [/home/x_thileeb/repos/ops-hls-pact25-artifact/codegen_apps/jacobian3d/vck5000_project/hls/device/src/kernel_outerloop_0.cpp:32]   --->   Operation 224 'call' 'call_ln32' <Predicate = true> <Delay = 0.00> <CoreType = "Generic">   --->   Core 0 '' <Latency = 0> <II = 1> <Delay = 1.00> <Generic> <Opcode : >

State 25 <SV = 24> <Delay = 0.00>
ST_25 : Operation 225 [2/2] (0.00ns)   --->   "%call_ln32 = call void @joint_PE_outerloop_0.11, i16 %stencilConfig_grid_size_0_c36, i16 %stencilConfig_grid_size_1_c49, i16 %stencilConfig_grid_size_2_c62, i16 %stencilConfig_lower_limit_0_c75, i16 %stencilConfig_lower_limit_1_c88, i16 %stencilConfig_lower_limit_2_c101, i16 %stencilConfig_upper_limit_0_c114, i16 %stencilConfig_upper_limit_1_c127, i16 %stencilConfig_upper_limit_2_c140, i16 %stencilConfig_outer_loop_limit_c153, i256 %arg0_arg1_streams_11, i256 %arg0_arg1_streams_12, i16 %stencilConfig_grid_size_0_c35, i16 %stencilConfig_grid_size_1_c48, i16 %stencilConfig_grid_size_2_c61, i16 %stencilConfig_lower_limit_0_c74, i16 %stencilConfig_lower_limit_1_c87, i16 %stencilConfig_lower_limit_2_c100, i16 %stencilConfig_upper_limit_0_c113, i16 %stencilConfig_upper_limit_1_c126, i16 %stencilConfig_upper_limit_2_c139, i16 %stencilConfig_outer_loop_limit_c152" [/home/x_thileeb/repos/ops-hls-pact25-artifact/codegen_apps/jacobian3d/vck5000_project/hls/device/src/kernel_outerloop_0.cpp:32]   --->   Operation 225 'call' 'call_ln32' <Predicate = true> <Delay = 0.00> <CoreType = "Generic">   --->   Core 0 '' <Latency = 0> <II = 1> <Delay = 1.00> <Generic> <Opcode : >

State 26 <SV = 25> <Delay = 0.00>
ST_26 : Operation 226 [1/2] (0.00ns)   --->   "%call_ln32 = call void @joint_PE_outerloop_0.11, i16 %stencilConfig_grid_size_0_c36, i16 %stencilConfig_grid_size_1_c49, i16 %stencilConfig_grid_size_2_c62, i16 %stencilConfig_lower_limit_0_c75, i16 %stencilConfig_lower_limit_1_c88, i16 %stencilConfig_lower_limit_2_c101, i16 %stencilConfig_upper_limit_0_c114, i16 %stencilConfig_upper_limit_1_c127, i16 %stencilConfig_upper_limit_2_c140, i16 %stencilConfig_outer_loop_limit_c153, i256 %arg0_arg1_streams_11, i256 %arg0_arg1_streams_12, i16 %stencilConfig_grid_size_0_c35, i16 %stencilConfig_grid_size_1_c48, i16 %stencilConfig_grid_size_2_c61, i16 %stencilConfig_lower_limit_0_c74, i16 %stencilConfig_lower_limit_1_c87, i16 %stencilConfig_lower_limit_2_c100, i16 %stencilConfig_upper_limit_0_c113, i16 %stencilConfig_upper_limit_1_c126, i16 %stencilConfig_upper_limit_2_c139, i16 %stencilConfig_outer_loop_limit_c152" [/home/x_thileeb/repos/ops-hls-pact25-artifact/codegen_apps/jacobian3d/vck5000_project/hls/device/src/kernel_outerloop_0.cpp:32]   --->   Operation 226 'call' 'call_ln32' <Predicate = true> <Delay = 0.00> <CoreType = "Generic">   --->   Core 0 '' <Latency = 0> <II = 1> <Delay = 1.00> <Generic> <Opcode : >

State 27 <SV = 26> <Delay = 0.00>
ST_27 : Operation 227 [2/2] (0.00ns)   --->   "%call_ln32 = call void @joint_PE_outerloop_0.12, i16 %stencilConfig_grid_size_0_c35, i16 %stencilConfig_grid_size_1_c48, i16 %stencilConfig_grid_size_2_c61, i16 %stencilConfig_lower_limit_0_c74, i16 %stencilConfig_lower_limit_1_c87, i16 %stencilConfig_lower_limit_2_c100, i16 %stencilConfig_upper_limit_0_c113, i16 %stencilConfig_upper_limit_1_c126, i16 %stencilConfig_upper_limit_2_c139, i16 %stencilConfig_outer_loop_limit_c152, i256 %arg0_arg1_streams_12, i256 %arg0_arg1_streams_13, i16 %stencilConfig_grid_size_0_c, i16 %stencilConfig_grid_size_1_c, i16 %stencilConfig_grid_size_2_c, i16 %stencilConfig_lower_limit_0_c, i16 %stencilConfig_lower_limit_1_c, i16 %stencilConfig_lower_limit_2_c, i16 %stencilConfig_upper_limit_0_c, i16 %stencilConfig_upper_limit_1_c, i16 %stencilConfig_upper_limit_2_c, i16 %stencilConfig_outer_loop_limit_c" [/home/x_thileeb/repos/ops-hls-pact25-artifact/codegen_apps/jacobian3d/vck5000_project/hls/device/src/kernel_outerloop_0.cpp:32]   --->   Operation 227 'call' 'call_ln32' <Predicate = true> <Delay = 0.00> <CoreType = "Generic">   --->   Core 0 '' <Latency = 0> <II = 1> <Delay = 1.00> <Generic> <Opcode : >

State 28 <SV = 27> <Delay = 0.00>
ST_28 : Operation 228 [1/2] (0.00ns)   --->   "%call_ln32 = call void @joint_PE_outerloop_0.12, i16 %stencilConfig_grid_size_0_c35, i16 %stencilConfig_grid_size_1_c48, i16 %stencilConfig_grid_size_2_c61, i16 %stencilConfig_lower_limit_0_c74, i16 %stencilConfig_lower_limit_1_c87, i16 %stencilConfig_lower_limit_2_c100, i16 %stencilConfig_upper_limit_0_c113, i16 %stencilConfig_upper_limit_1_c126, i16 %stencilConfig_upper_limit_2_c139, i16 %stencilConfig_outer_loop_limit_c152, i256 %arg0_arg1_streams_12, i256 %arg0_arg1_streams_13, i16 %stencilConfig_grid_size_0_c, i16 %stencilConfig_grid_size_1_c, i16 %stencilConfig_grid_size_2_c, i16 %stencilConfig_lower_limit_0_c, i16 %stencilConfig_lower_limit_1_c, i16 %stencilConfig_lower_limit_2_c, i16 %stencilConfig_upper_limit_0_c, i16 %stencilConfig_upper_limit_1_c, i16 %stencilConfig_upper_limit_2_c, i16 %stencilConfig_outer_loop_limit_c" [/home/x_thileeb/repos/ops-hls-pact25-artifact/codegen_apps/jacobian3d/vck5000_project/hls/device/src/kernel_outerloop_0.cpp:32]   --->   Operation 228 'call' 'call_ln32' <Predicate = true> <Delay = 0.00> <CoreType = "Generic">   --->   Core 0 '' <Latency = 0> <II = 1> <Delay = 1.00> <Generic> <Opcode : >

State 29 <SV = 28> <Delay = 0.00>
ST_29 : Operation 229 [2/2] (0.00ns)   --->   "%call_ln32 = call void @joint_PE_outerloop_0.13, i16 %stencilConfig_grid_size_0_c, i16 %stencilConfig_grid_size_1_c, i16 %stencilConfig_grid_size_2_c, i16 %stencilConfig_lower_limit_0_c, i16 %stencilConfig_lower_limit_1_c, i16 %stencilConfig_lower_limit_2_c, i16 %stencilConfig_upper_limit_0_c, i16 %stencilConfig_upper_limit_1_c, i16 %stencilConfig_upper_limit_2_c, i16 %stencilConfig_outer_loop_limit_c, i256 %arg0_arg1_streams_13, i256 %arg0_arg1_streams_14" [/home/x_thileeb/repos/ops-hls-pact25-artifact/codegen_apps/jacobian3d/vck5000_project/hls/device/src/kernel_outerloop_0.cpp:32]   --->   Operation 229 'call' 'call_ln32' <Predicate = true> <Delay = 0.00> <CoreType = "Generic">   --->   Core 0 '' <Latency = 0> <II = 1> <Delay = 1.00> <Generic> <Opcode : >

State 30 <SV = 29> <Delay = 0.00>
ST_30 : Operation 230 [1/2] (0.00ns)   --->   "%call_ln32 = call void @joint_PE_outerloop_0.13, i16 %stencilConfig_grid_size_0_c, i16 %stencilConfig_grid_size_1_c, i16 %stencilConfig_grid_size_2_c, i16 %stencilConfig_lower_limit_0_c, i16 %stencilConfig_lower_limit_1_c, i16 %stencilConfig_lower_limit_2_c, i16 %stencilConfig_upper_limit_0_c, i16 %stencilConfig_upper_limit_1_c, i16 %stencilConfig_upper_limit_2_c, i16 %stencilConfig_outer_loop_limit_c, i256 %arg0_arg1_streams_13, i256 %arg0_arg1_streams_14" [/home/x_thileeb/repos/ops-hls-pact25-artifact/codegen_apps/jacobian3d/vck5000_project/hls/device/src/kernel_outerloop_0.cpp:32]   --->   Operation 230 'call' 'call_ln32' <Predicate = true> <Delay = 0.00> <CoreType = "Generic">   --->   Core 0 '' <Latency = 0> <II = 1> <Delay = 1.00> <Generic> <Opcode : >

State 31 <SV = 30> <Delay = 0.00>
ST_31 : Operation 231 [2/2] (0.00ns)   --->   "%call_ln49 = call void @stream2axis<256u, 256u>, i256 %arg1_axis_out_V_data_V, i32 %arg1_axis_out_V_keep_V, i32 %arg1_axis_out_V_strb_V, i1 %arg1_axis_out_V_last_V, i256 %arg0_arg1_streams_14, i32 %total_bytes_c" [/home/x_thileeb/repos/ops-hls-pact25-artifact/codegen_apps/jacobian3d/vck5000_project/hls/device/src/kernel_outerloop_0.cpp:49]   --->   Operation 231 'call' 'call_ln49' <Predicate = true> <Delay = 0.00> <CoreType = "Generic">   --->   Core 0 '' <Latency = 0> <II = 1> <Delay = 1.00> <Generic> <Opcode : >

State 32 <SV = 31> <Delay = 0.00>
ST_32 : Operation 232 [1/1] (0.00ns)   --->   "%empty = specchannel i32 @_ssdm_op_SpecChannel, void @total_bytes_c_str, i32 1, void @p_str, void @p_str, i32 16, i32 0, i32 %total_bytes_c, i32 %total_bytes_c"   --->   Operation 232 'specchannel' 'empty' <Predicate = true> <Delay = 0.00>
ST_32 : Operation 233 [1/1] (0.00ns)   --->   "%specinterface_ln0 = specinterface void @_ssdm_op_SpecInterface, i32 %total_bytes_c, void @ap_fifo_str, i32 0, i32 0, void @p_str, i32 0, i32 0, void @p_str, void @p_str, void @p_str, i32 2, i32 2, i32 16, i32 16, void @p_str, void @p_str, i32 4294967295, i32 0"   --->   Operation 233 'specinterface' 'specinterface_ln0' <Predicate = true> <Delay = 0.00>
ST_32 : Operation 234 [1/1] (0.00ns)   --->   "%empty_36 = specchannel i32 @_ssdm_op_SpecChannel, void @stencilConfig_outer_loop_limit_c164_str, i32 1, void @p_str, void @p_str, i32 3, i32 0, i16 %stencilConfig_outer_loop_limit_c164, i16 %stencilConfig_outer_loop_limit_c164"   --->   Operation 234 'specchannel' 'empty_36' <Predicate = true> <Delay = 0.00>
ST_32 : Operation 235 [1/1] (0.00ns)   --->   "%specinterface_ln0 = specinterface void @_ssdm_op_SpecInterface, i16 %stencilConfig_outer_loop_limit_c164, void @ap_fifo_str, i32 0, i32 0, void @p_str, i32 0, i32 0, void @p_str, void @p_str, void @p_str, i32 2, i32 2, i32 16, i32 16, void @p_str, void @p_str, i32 4294967295, i32 0"   --->   Operation 235 'specinterface' 'specinterface_ln0' <Predicate = true> <Delay = 0.00>
ST_32 : Operation 236 [1/1] (0.00ns)   --->   "%empty_37 = specchannel i32 @_ssdm_op_SpecChannel, void @stencilConfig_outer_loop_limit_c163_str, i32 1, void @p_str, void @p_str, i32 2, i32 0, i16 %stencilConfig_outer_loop_limit_c163, i16 %stencilConfig_outer_loop_limit_c163"   --->   Operation 236 'specchannel' 'empty_37' <Predicate = true> <Delay = 0.00>
ST_32 : Operation 237 [1/1] (0.00ns)   --->   "%specinterface_ln0 = specinterface void @_ssdm_op_SpecInterface, i16 %stencilConfig_outer_loop_limit_c163, void @ap_fifo_str, i32 0, i32 0, void @p_str, i32 0, i32 0, void @p_str, void @p_str, void @p_str, i32 2, i32 2, i32 16, i32 16, void @p_str, void @p_str, i32 4294967295, i32 0"   --->   Operation 237 'specinterface' 'specinterface_ln0' <Predicate = true> <Delay = 0.00>
ST_32 : Operation 238 [1/1] (0.00ns)   --->   "%empty_38 = specchannel i32 @_ssdm_op_SpecChannel, void @stencilConfig_outer_loop_limit_c162_str, i32 1, void @p_str, void @p_str, i32 2, i32 0, i16 %stencilConfig_outer_loop_limit_c162, i16 %stencilConfig_outer_loop_limit_c162"   --->   Operation 238 'specchannel' 'empty_38' <Predicate = true> <Delay = 0.00>
ST_32 : Operation 239 [1/1] (0.00ns)   --->   "%specinterface_ln0 = specinterface void @_ssdm_op_SpecInterface, i16 %stencilConfig_outer_loop_limit_c162, void @ap_fifo_str, i32 0, i32 0, void @p_str, i32 0, i32 0, void @p_str, void @p_str, void @p_str, i32 2, i32 2, i32 16, i32 16, void @p_str, void @p_str, i32 4294967295, i32 0"   --->   Operation 239 'specinterface' 'specinterface_ln0' <Predicate = true> <Delay = 0.00>
ST_32 : Operation 240 [1/1] (0.00ns)   --->   "%empty_39 = specchannel i32 @_ssdm_op_SpecChannel, void @stencilConfig_outer_loop_limit_c161_str, i32 1, void @p_str, void @p_str, i32 2, i32 0, i16 %stencilConfig_outer_loop_limit_c161, i16 %stencilConfig_outer_loop_limit_c161"   --->   Operation 240 'specchannel' 'empty_39' <Predicate = true> <Delay = 0.00>
ST_32 : Operation 241 [1/1] (0.00ns)   --->   "%specinterface_ln0 = specinterface void @_ssdm_op_SpecInterface, i16 %stencilConfig_outer_loop_limit_c161, void @ap_fifo_str, i32 0, i32 0, void @p_str, i32 0, i32 0, void @p_str, void @p_str, void @p_str, i32 2, i32 2, i32 16, i32 16, void @p_str, void @p_str, i32 4294967295, i32 0"   --->   Operation 241 'specinterface' 'specinterface_ln0' <Predicate = true> <Delay = 0.00>
ST_32 : Operation 242 [1/1] (0.00ns)   --->   "%empty_40 = specchannel i32 @_ssdm_op_SpecChannel, void @stencilConfig_outer_loop_limit_c160_str, i32 1, void @p_str, void @p_str, i32 2, i32 0, i16 %stencilConfig_outer_loop_limit_c160, i16 %stencilConfig_outer_loop_limit_c160"   --->   Operation 242 'specchannel' 'empty_40' <Predicate = true> <Delay = 0.00>
ST_32 : Operation 243 [1/1] (0.00ns)   --->   "%specinterface_ln0 = specinterface void @_ssdm_op_SpecInterface, i16 %stencilConfig_outer_loop_limit_c160, void @ap_fifo_str, i32 0, i32 0, void @p_str, i32 0, i32 0, void @p_str, void @p_str, void @p_str, i32 2, i32 2, i32 16, i32 16, void @p_str, void @p_str, i32 4294967295, i32 0"   --->   Operation 243 'specinterface' 'specinterface_ln0' <Predicate = true> <Delay = 0.00>
ST_32 : Operation 244 [1/1] (0.00ns)   --->   "%empty_41 = specchannel i32 @_ssdm_op_SpecChannel, void @stencilConfig_outer_loop_limit_c159_str, i32 1, void @p_str, void @p_str, i32 2, i32 0, i16 %stencilConfig_outer_loop_limit_c159, i16 %stencilConfig_outer_loop_limit_c159"   --->   Operation 244 'specchannel' 'empty_41' <Predicate = true> <Delay = 0.00>
ST_32 : Operation 245 [1/1] (0.00ns)   --->   "%specinterface_ln0 = specinterface void @_ssdm_op_SpecInterface, i16 %stencilConfig_outer_loop_limit_c159, void @ap_fifo_str, i32 0, i32 0, void @p_str, i32 0, i32 0, void @p_str, void @p_str, void @p_str, i32 2, i32 2, i32 16, i32 16, void @p_str, void @p_str, i32 4294967295, i32 0"   --->   Operation 245 'specinterface' 'specinterface_ln0' <Predicate = true> <Delay = 0.00>
ST_32 : Operation 246 [1/1] (0.00ns)   --->   "%empty_42 = specchannel i32 @_ssdm_op_SpecChannel, void @stencilConfig_outer_loop_limit_c158_str, i32 1, void @p_str, void @p_str, i32 2, i32 0, i16 %stencilConfig_outer_loop_limit_c158, i16 %stencilConfig_outer_loop_limit_c158"   --->   Operation 246 'specchannel' 'empty_42' <Predicate = true> <Delay = 0.00>
ST_32 : Operation 247 [1/1] (0.00ns)   --->   "%specinterface_ln0 = specinterface void @_ssdm_op_SpecInterface, i16 %stencilConfig_outer_loop_limit_c158, void @ap_fifo_str, i32 0, i32 0, void @p_str, i32 0, i32 0, void @p_str, void @p_str, void @p_str, i32 2, i32 2, i32 16, i32 16, void @p_str, void @p_str, i32 4294967295, i32 0"   --->   Operation 247 'specinterface' 'specinterface_ln0' <Predicate = true> <Delay = 0.00>
ST_32 : Operation 248 [1/1] (0.00ns)   --->   "%empty_43 = specchannel i32 @_ssdm_op_SpecChannel, void @stencilConfig_outer_loop_limit_c157_str, i32 1, void @p_str, void @p_str, i32 2, i32 0, i16 %stencilConfig_outer_loop_limit_c157, i16 %stencilConfig_outer_loop_limit_c157"   --->   Operation 248 'specchannel' 'empty_43' <Predicate = true> <Delay = 0.00>
ST_32 : Operation 249 [1/1] (0.00ns)   --->   "%specinterface_ln0 = specinterface void @_ssdm_op_SpecInterface, i16 %stencilConfig_outer_loop_limit_c157, void @ap_fifo_str, i32 0, i32 0, void @p_str, i32 0, i32 0, void @p_str, void @p_str, void @p_str, i32 2, i32 2, i32 16, i32 16, void @p_str, void @p_str, i32 4294967295, i32 0"   --->   Operation 249 'specinterface' 'specinterface_ln0' <Predicate = true> <Delay = 0.00>
ST_32 : Operation 250 [1/1] (0.00ns)   --->   "%empty_44 = specchannel i32 @_ssdm_op_SpecChannel, void @stencilConfig_outer_loop_limit_c156_str, i32 1, void @p_str, void @p_str, i32 2, i32 0, i16 %stencilConfig_outer_loop_limit_c156, i16 %stencilConfig_outer_loop_limit_c156"   --->   Operation 250 'specchannel' 'empty_44' <Predicate = true> <Delay = 0.00>
ST_32 : Operation 251 [1/1] (0.00ns)   --->   "%specinterface_ln0 = specinterface void @_ssdm_op_SpecInterface, i16 %stencilConfig_outer_loop_limit_c156, void @ap_fifo_str, i32 0, i32 0, void @p_str, i32 0, i32 0, void @p_str, void @p_str, void @p_str, i32 2, i32 2, i32 16, i32 16, void @p_str, void @p_str, i32 4294967295, i32 0"   --->   Operation 251 'specinterface' 'specinterface_ln0' <Predicate = true> <Delay = 0.00>
ST_32 : Operation 252 [1/1] (0.00ns)   --->   "%empty_45 = specchannel i32 @_ssdm_op_SpecChannel, void @stencilConfig_outer_loop_limit_c155_str, i32 1, void @p_str, void @p_str, i32 2, i32 0, i16 %stencilConfig_outer_loop_limit_c155, i16 %stencilConfig_outer_loop_limit_c155"   --->   Operation 252 'specchannel' 'empty_45' <Predicate = true> <Delay = 0.00>
ST_32 : Operation 253 [1/1] (0.00ns)   --->   "%specinterface_ln0 = specinterface void @_ssdm_op_SpecInterface, i16 %stencilConfig_outer_loop_limit_c155, void @ap_fifo_str, i32 0, i32 0, void @p_str, i32 0, i32 0, void @p_str, void @p_str, void @p_str, i32 2, i32 2, i32 16, i32 16, void @p_str, void @p_str, i32 4294967295, i32 0"   --->   Operation 253 'specinterface' 'specinterface_ln0' <Predicate = true> <Delay = 0.00>
ST_32 : Operation 254 [1/1] (0.00ns)   --->   "%empty_46 = specchannel i32 @_ssdm_op_SpecChannel, void @stencilConfig_outer_loop_limit_c154_str, i32 1, void @p_str, void @p_str, i32 2, i32 0, i16 %stencilConfig_outer_loop_limit_c154, i16 %stencilConfig_outer_loop_limit_c154"   --->   Operation 254 'specchannel' 'empty_46' <Predicate = true> <Delay = 0.00>
ST_32 : Operation 255 [1/1] (0.00ns)   --->   "%specinterface_ln0 = specinterface void @_ssdm_op_SpecInterface, i16 %stencilConfig_outer_loop_limit_c154, void @ap_fifo_str, i32 0, i32 0, void @p_str, i32 0, i32 0, void @p_str, void @p_str, void @p_str, i32 2, i32 2, i32 16, i32 16, void @p_str, void @p_str, i32 4294967295, i32 0"   --->   Operation 255 'specinterface' 'specinterface_ln0' <Predicate = true> <Delay = 0.00>
ST_32 : Operation 256 [1/1] (0.00ns)   --->   "%empty_47 = specchannel i32 @_ssdm_op_SpecChannel, void @stencilConfig_outer_loop_limit_c153_str, i32 1, void @p_str, void @p_str, i32 2, i32 0, i16 %stencilConfig_outer_loop_limit_c153, i16 %stencilConfig_outer_loop_limit_c153"   --->   Operation 256 'specchannel' 'empty_47' <Predicate = true> <Delay = 0.00>
ST_32 : Operation 257 [1/1] (0.00ns)   --->   "%specinterface_ln0 = specinterface void @_ssdm_op_SpecInterface, i16 %stencilConfig_outer_loop_limit_c153, void @ap_fifo_str, i32 0, i32 0, void @p_str, i32 0, i32 0, void @p_str, void @p_str, void @p_str, i32 2, i32 2, i32 16, i32 16, void @p_str, void @p_str, i32 4294967295, i32 0"   --->   Operation 257 'specinterface' 'specinterface_ln0' <Predicate = true> <Delay = 0.00>
ST_32 : Operation 258 [1/1] (0.00ns)   --->   "%empty_48 = specchannel i32 @_ssdm_op_SpecChannel, void @stencilConfig_outer_loop_limit_c152_str, i32 1, void @p_str, void @p_str, i32 2, i32 0, i16 %stencilConfig_outer_loop_limit_c152, i16 %stencilConfig_outer_loop_limit_c152"   --->   Operation 258 'specchannel' 'empty_48' <Predicate = true> <Delay = 0.00>
ST_32 : Operation 259 [1/1] (0.00ns)   --->   "%specinterface_ln0 = specinterface void @_ssdm_op_SpecInterface, i16 %stencilConfig_outer_loop_limit_c152, void @ap_fifo_str, i32 0, i32 0, void @p_str, i32 0, i32 0, void @p_str, void @p_str, void @p_str, i32 2, i32 2, i32 16, i32 16, void @p_str, void @p_str, i32 4294967295, i32 0"   --->   Operation 259 'specinterface' 'specinterface_ln0' <Predicate = true> <Delay = 0.00>
ST_32 : Operation 260 [1/1] (0.00ns)   --->   "%empty_49 = specchannel i32 @_ssdm_op_SpecChannel, void @stencilConfig_outer_loop_limit_c_str, i32 1, void @p_str, void @p_str, i32 2, i32 0, i16 %stencilConfig_outer_loop_limit_c, i16 %stencilConfig_outer_loop_limit_c"   --->   Operation 260 'specchannel' 'empty_49' <Predicate = true> <Delay = 0.00>
ST_32 : Operation 261 [1/1] (0.00ns)   --->   "%specinterface_ln0 = specinterface void @_ssdm_op_SpecInterface, i16 %stencilConfig_outer_loop_limit_c, void @ap_fifo_str, i32 0, i32 0, void @p_str, i32 0, i32 0, void @p_str, void @p_str, void @p_str, i32 2, i32 2, i32 16, i32 16, void @p_str, void @p_str, i32 4294967295, i32 0"   --->   Operation 261 'specinterface' 'specinterface_ln0' <Predicate = true> <Delay = 0.00>
ST_32 : Operation 262 [1/1] (0.00ns)   --->   "%empty_50 = specchannel i32 @_ssdm_op_SpecChannel, void @stencilConfig_upper_limit_OC_2_c151_str, i32 1, void @p_str, void @p_str, i32 3, i32 0, i16 %stencilConfig_upper_limit_2_c151, i16 %stencilConfig_upper_limit_2_c151"   --->   Operation 262 'specchannel' 'empty_50' <Predicate = true> <Delay = 0.00>
ST_32 : Operation 263 [1/1] (0.00ns)   --->   "%specinterface_ln0 = specinterface void @_ssdm_op_SpecInterface, i16 %stencilConfig_upper_limit_2_c151, void @ap_fifo_str, i32 0, i32 0, void @p_str, i32 0, i32 0, void @p_str, void @p_str, void @p_str, i32 2, i32 2, i32 16, i32 16, void @p_str, void @p_str, i32 4294967295, i32 0"   --->   Operation 263 'specinterface' 'specinterface_ln0' <Predicate = true> <Delay = 0.00>
ST_32 : Operation 264 [1/1] (0.00ns)   --->   "%empty_51 = specchannel i32 @_ssdm_op_SpecChannel, void @stencilConfig_upper_limit_OC_2_c150_str, i32 1, void @p_str, void @p_str, i32 2, i32 0, i16 %stencilConfig_upper_limit_2_c150, i16 %stencilConfig_upper_limit_2_c150"   --->   Operation 264 'specchannel' 'empty_51' <Predicate = true> <Delay = 0.00>
ST_32 : Operation 265 [1/1] (0.00ns)   --->   "%specinterface_ln0 = specinterface void @_ssdm_op_SpecInterface, i16 %stencilConfig_upper_limit_2_c150, void @ap_fifo_str, i32 0, i32 0, void @p_str, i32 0, i32 0, void @p_str, void @p_str, void @p_str, i32 2, i32 2, i32 16, i32 16, void @p_str, void @p_str, i32 4294967295, i32 0"   --->   Operation 265 'specinterface' 'specinterface_ln0' <Predicate = true> <Delay = 0.00>
ST_32 : Operation 266 [1/1] (0.00ns)   --->   "%empty_52 = specchannel i32 @_ssdm_op_SpecChannel, void @stencilConfig_upper_limit_OC_2_c149_str, i32 1, void @p_str, void @p_str, i32 2, i32 0, i16 %stencilConfig_upper_limit_2_c149, i16 %stencilConfig_upper_limit_2_c149"   --->   Operation 266 'specchannel' 'empty_52' <Predicate = true> <Delay = 0.00>
ST_32 : Operation 267 [1/1] (0.00ns)   --->   "%specinterface_ln0 = specinterface void @_ssdm_op_SpecInterface, i16 %stencilConfig_upper_limit_2_c149, void @ap_fifo_str, i32 0, i32 0, void @p_str, i32 0, i32 0, void @p_str, void @p_str, void @p_str, i32 2, i32 2, i32 16, i32 16, void @p_str, void @p_str, i32 4294967295, i32 0"   --->   Operation 267 'specinterface' 'specinterface_ln0' <Predicate = true> <Delay = 0.00>
ST_32 : Operation 268 [1/1] (0.00ns)   --->   "%empty_53 = specchannel i32 @_ssdm_op_SpecChannel, void @stencilConfig_upper_limit_OC_2_c148_str, i32 1, void @p_str, void @p_str, i32 2, i32 0, i16 %stencilConfig_upper_limit_2_c148, i16 %stencilConfig_upper_limit_2_c148"   --->   Operation 268 'specchannel' 'empty_53' <Predicate = true> <Delay = 0.00>
ST_32 : Operation 269 [1/1] (0.00ns)   --->   "%specinterface_ln0 = specinterface void @_ssdm_op_SpecInterface, i16 %stencilConfig_upper_limit_2_c148, void @ap_fifo_str, i32 0, i32 0, void @p_str, i32 0, i32 0, void @p_str, void @p_str, void @p_str, i32 2, i32 2, i32 16, i32 16, void @p_str, void @p_str, i32 4294967295, i32 0"   --->   Operation 269 'specinterface' 'specinterface_ln0' <Predicate = true> <Delay = 0.00>
ST_32 : Operation 270 [1/1] (0.00ns)   --->   "%empty_54 = specchannel i32 @_ssdm_op_SpecChannel, void @stencilConfig_upper_limit_OC_2_c147_str, i32 1, void @p_str, void @p_str, i32 2, i32 0, i16 %stencilConfig_upper_limit_2_c147, i16 %stencilConfig_upper_limit_2_c147"   --->   Operation 270 'specchannel' 'empty_54' <Predicate = true> <Delay = 0.00>
ST_32 : Operation 271 [1/1] (0.00ns)   --->   "%specinterface_ln0 = specinterface void @_ssdm_op_SpecInterface, i16 %stencilConfig_upper_limit_2_c147, void @ap_fifo_str, i32 0, i32 0, void @p_str, i32 0, i32 0, void @p_str, void @p_str, void @p_str, i32 2, i32 2, i32 16, i32 16, void @p_str, void @p_str, i32 4294967295, i32 0"   --->   Operation 271 'specinterface' 'specinterface_ln0' <Predicate = true> <Delay = 0.00>
ST_32 : Operation 272 [1/1] (0.00ns)   --->   "%empty_55 = specchannel i32 @_ssdm_op_SpecChannel, void @stencilConfig_upper_limit_OC_2_c146_str, i32 1, void @p_str, void @p_str, i32 2, i32 0, i16 %stencilConfig_upper_limit_2_c146, i16 %stencilConfig_upper_limit_2_c146"   --->   Operation 272 'specchannel' 'empty_55' <Predicate = true> <Delay = 0.00>
ST_32 : Operation 273 [1/1] (0.00ns)   --->   "%specinterface_ln0 = specinterface void @_ssdm_op_SpecInterface, i16 %stencilConfig_upper_limit_2_c146, void @ap_fifo_str, i32 0, i32 0, void @p_str, i32 0, i32 0, void @p_str, void @p_str, void @p_str, i32 2, i32 2, i32 16, i32 16, void @p_str, void @p_str, i32 4294967295, i32 0"   --->   Operation 273 'specinterface' 'specinterface_ln0' <Predicate = true> <Delay = 0.00>
ST_32 : Operation 274 [1/1] (0.00ns)   --->   "%empty_56 = specchannel i32 @_ssdm_op_SpecChannel, void @stencilConfig_upper_limit_OC_2_c145_str, i32 1, void @p_str, void @p_str, i32 2, i32 0, i16 %stencilConfig_upper_limit_2_c145, i16 %stencilConfig_upper_limit_2_c145"   --->   Operation 274 'specchannel' 'empty_56' <Predicate = true> <Delay = 0.00>
ST_32 : Operation 275 [1/1] (0.00ns)   --->   "%specinterface_ln0 = specinterface void @_ssdm_op_SpecInterface, i16 %stencilConfig_upper_limit_2_c145, void @ap_fifo_str, i32 0, i32 0, void @p_str, i32 0, i32 0, void @p_str, void @p_str, void @p_str, i32 2, i32 2, i32 16, i32 16, void @p_str, void @p_str, i32 4294967295, i32 0"   --->   Operation 275 'specinterface' 'specinterface_ln0' <Predicate = true> <Delay = 0.00>
ST_32 : Operation 276 [1/1] (0.00ns)   --->   "%empty_57 = specchannel i32 @_ssdm_op_SpecChannel, void @stencilConfig_upper_limit_OC_2_c144_str, i32 1, void @p_str, void @p_str, i32 2, i32 0, i16 %stencilConfig_upper_limit_2_c144, i16 %stencilConfig_upper_limit_2_c144"   --->   Operation 276 'specchannel' 'empty_57' <Predicate = true> <Delay = 0.00>
ST_32 : Operation 277 [1/1] (0.00ns)   --->   "%specinterface_ln0 = specinterface void @_ssdm_op_SpecInterface, i16 %stencilConfig_upper_limit_2_c144, void @ap_fifo_str, i32 0, i32 0, void @p_str, i32 0, i32 0, void @p_str, void @p_str, void @p_str, i32 2, i32 2, i32 16, i32 16, void @p_str, void @p_str, i32 4294967295, i32 0"   --->   Operation 277 'specinterface' 'specinterface_ln0' <Predicate = true> <Delay = 0.00>
ST_32 : Operation 278 [1/1] (0.00ns)   --->   "%empty_58 = specchannel i32 @_ssdm_op_SpecChannel, void @stencilConfig_upper_limit_OC_2_c143_str, i32 1, void @p_str, void @p_str, i32 2, i32 0, i16 %stencilConfig_upper_limit_2_c143, i16 %stencilConfig_upper_limit_2_c143"   --->   Operation 278 'specchannel' 'empty_58' <Predicate = true> <Delay = 0.00>
ST_32 : Operation 279 [1/1] (0.00ns)   --->   "%specinterface_ln0 = specinterface void @_ssdm_op_SpecInterface, i16 %stencilConfig_upper_limit_2_c143, void @ap_fifo_str, i32 0, i32 0, void @p_str, i32 0, i32 0, void @p_str, void @p_str, void @p_str, i32 2, i32 2, i32 16, i32 16, void @p_str, void @p_str, i32 4294967295, i32 0"   --->   Operation 279 'specinterface' 'specinterface_ln0' <Predicate = true> <Delay = 0.00>
ST_32 : Operation 280 [1/1] (0.00ns)   --->   "%empty_59 = specchannel i32 @_ssdm_op_SpecChannel, void @stencilConfig_upper_limit_OC_2_c142_str, i32 1, void @p_str, void @p_str, i32 2, i32 0, i16 %stencilConfig_upper_limit_2_c142, i16 %stencilConfig_upper_limit_2_c142"   --->   Operation 280 'specchannel' 'empty_59' <Predicate = true> <Delay = 0.00>
ST_32 : Operation 281 [1/1] (0.00ns)   --->   "%specinterface_ln0 = specinterface void @_ssdm_op_SpecInterface, i16 %stencilConfig_upper_limit_2_c142, void @ap_fifo_str, i32 0, i32 0, void @p_str, i32 0, i32 0, void @p_str, void @p_str, void @p_str, i32 2, i32 2, i32 16, i32 16, void @p_str, void @p_str, i32 4294967295, i32 0"   --->   Operation 281 'specinterface' 'specinterface_ln0' <Predicate = true> <Delay = 0.00>
ST_32 : Operation 282 [1/1] (0.00ns)   --->   "%empty_60 = specchannel i32 @_ssdm_op_SpecChannel, void @stencilConfig_upper_limit_OC_2_c141_str, i32 1, void @p_str, void @p_str, i32 2, i32 0, i16 %stencilConfig_upper_limit_2_c141, i16 %stencilConfig_upper_limit_2_c141"   --->   Operation 282 'specchannel' 'empty_60' <Predicate = true> <Delay = 0.00>
ST_32 : Operation 283 [1/1] (0.00ns)   --->   "%specinterface_ln0 = specinterface void @_ssdm_op_SpecInterface, i16 %stencilConfig_upper_limit_2_c141, void @ap_fifo_str, i32 0, i32 0, void @p_str, i32 0, i32 0, void @p_str, void @p_str, void @p_str, i32 2, i32 2, i32 16, i32 16, void @p_str, void @p_str, i32 4294967295, i32 0"   --->   Operation 283 'specinterface' 'specinterface_ln0' <Predicate = true> <Delay = 0.00>
ST_32 : Operation 284 [1/1] (0.00ns)   --->   "%empty_61 = specchannel i32 @_ssdm_op_SpecChannel, void @stencilConfig_upper_limit_OC_2_c140_str, i32 1, void @p_str, void @p_str, i32 2, i32 0, i16 %stencilConfig_upper_limit_2_c140, i16 %stencilConfig_upper_limit_2_c140"   --->   Operation 284 'specchannel' 'empty_61' <Predicate = true> <Delay = 0.00>
ST_32 : Operation 285 [1/1] (0.00ns)   --->   "%specinterface_ln0 = specinterface void @_ssdm_op_SpecInterface, i16 %stencilConfig_upper_limit_2_c140, void @ap_fifo_str, i32 0, i32 0, void @p_str, i32 0, i32 0, void @p_str, void @p_str, void @p_str, i32 2, i32 2, i32 16, i32 16, void @p_str, void @p_str, i32 4294967295, i32 0"   --->   Operation 285 'specinterface' 'specinterface_ln0' <Predicate = true> <Delay = 0.00>
ST_32 : Operation 286 [1/1] (0.00ns)   --->   "%empty_62 = specchannel i32 @_ssdm_op_SpecChannel, void @stencilConfig_upper_limit_OC_2_c139_str, i32 1, void @p_str, void @p_str, i32 2, i32 0, i16 %stencilConfig_upper_limit_2_c139, i16 %stencilConfig_upper_limit_2_c139"   --->   Operation 286 'specchannel' 'empty_62' <Predicate = true> <Delay = 0.00>
ST_32 : Operation 287 [1/1] (0.00ns)   --->   "%specinterface_ln0 = specinterface void @_ssdm_op_SpecInterface, i16 %stencilConfig_upper_limit_2_c139, void @ap_fifo_str, i32 0, i32 0, void @p_str, i32 0, i32 0, void @p_str, void @p_str, void @p_str, i32 2, i32 2, i32 16, i32 16, void @p_str, void @p_str, i32 4294967295, i32 0"   --->   Operation 287 'specinterface' 'specinterface_ln0' <Predicate = true> <Delay = 0.00>
ST_32 : Operation 288 [1/1] (0.00ns)   --->   "%empty_63 = specchannel i32 @_ssdm_op_SpecChannel, void @stencilConfig_upper_limit_OC_2_c_str, i32 1, void @p_str, void @p_str, i32 2, i32 0, i16 %stencilConfig_upper_limit_2_c, i16 %stencilConfig_upper_limit_2_c"   --->   Operation 288 'specchannel' 'empty_63' <Predicate = true> <Delay = 0.00>
ST_32 : Operation 289 [1/1] (0.00ns)   --->   "%specinterface_ln0 = specinterface void @_ssdm_op_SpecInterface, i16 %stencilConfig_upper_limit_2_c, void @ap_fifo_str, i32 0, i32 0, void @p_str, i32 0, i32 0, void @p_str, void @p_str, void @p_str, i32 2, i32 2, i32 16, i32 16, void @p_str, void @p_str, i32 4294967295, i32 0"   --->   Operation 289 'specinterface' 'specinterface_ln0' <Predicate = true> <Delay = 0.00>
ST_32 : Operation 290 [1/1] (0.00ns)   --->   "%empty_64 = specchannel i32 @_ssdm_op_SpecChannel, void @stencilConfig_upper_limit_OC_1_c138_str, i32 1, void @p_str, void @p_str, i32 3, i32 0, i16 %stencilConfig_upper_limit_1_c138, i16 %stencilConfig_upper_limit_1_c138"   --->   Operation 290 'specchannel' 'empty_64' <Predicate = true> <Delay = 0.00>
ST_32 : Operation 291 [1/1] (0.00ns)   --->   "%specinterface_ln0 = specinterface void @_ssdm_op_SpecInterface, i16 %stencilConfig_upper_limit_1_c138, void @ap_fifo_str, i32 0, i32 0, void @p_str, i32 0, i32 0, void @p_str, void @p_str, void @p_str, i32 2, i32 2, i32 16, i32 16, void @p_str, void @p_str, i32 4294967295, i32 0"   --->   Operation 291 'specinterface' 'specinterface_ln0' <Predicate = true> <Delay = 0.00>
ST_32 : Operation 292 [1/1] (0.00ns)   --->   "%empty_65 = specchannel i32 @_ssdm_op_SpecChannel, void @stencilConfig_upper_limit_OC_1_c137_str, i32 1, void @p_str, void @p_str, i32 2, i32 0, i16 %stencilConfig_upper_limit_1_c137, i16 %stencilConfig_upper_limit_1_c137"   --->   Operation 292 'specchannel' 'empty_65' <Predicate = true> <Delay = 0.00>
ST_32 : Operation 293 [1/1] (0.00ns)   --->   "%specinterface_ln0 = specinterface void @_ssdm_op_SpecInterface, i16 %stencilConfig_upper_limit_1_c137, void @ap_fifo_str, i32 0, i32 0, void @p_str, i32 0, i32 0, void @p_str, void @p_str, void @p_str, i32 2, i32 2, i32 16, i32 16, void @p_str, void @p_str, i32 4294967295, i32 0"   --->   Operation 293 'specinterface' 'specinterface_ln0' <Predicate = true> <Delay = 0.00>
ST_32 : Operation 294 [1/1] (0.00ns)   --->   "%empty_66 = specchannel i32 @_ssdm_op_SpecChannel, void @stencilConfig_upper_limit_OC_1_c136_str, i32 1, void @p_str, void @p_str, i32 2, i32 0, i16 %stencilConfig_upper_limit_1_c136, i16 %stencilConfig_upper_limit_1_c136"   --->   Operation 294 'specchannel' 'empty_66' <Predicate = true> <Delay = 0.00>
ST_32 : Operation 295 [1/1] (0.00ns)   --->   "%specinterface_ln0 = specinterface void @_ssdm_op_SpecInterface, i16 %stencilConfig_upper_limit_1_c136, void @ap_fifo_str, i32 0, i32 0, void @p_str, i32 0, i32 0, void @p_str, void @p_str, void @p_str, i32 2, i32 2, i32 16, i32 16, void @p_str, void @p_str, i32 4294967295, i32 0"   --->   Operation 295 'specinterface' 'specinterface_ln0' <Predicate = true> <Delay = 0.00>
ST_32 : Operation 296 [1/1] (0.00ns)   --->   "%empty_67 = specchannel i32 @_ssdm_op_SpecChannel, void @stencilConfig_upper_limit_OC_1_c135_str, i32 1, void @p_str, void @p_str, i32 2, i32 0, i16 %stencilConfig_upper_limit_1_c135, i16 %stencilConfig_upper_limit_1_c135"   --->   Operation 296 'specchannel' 'empty_67' <Predicate = true> <Delay = 0.00>
ST_32 : Operation 297 [1/1] (0.00ns)   --->   "%specinterface_ln0 = specinterface void @_ssdm_op_SpecInterface, i16 %stencilConfig_upper_limit_1_c135, void @ap_fifo_str, i32 0, i32 0, void @p_str, i32 0, i32 0, void @p_str, void @p_str, void @p_str, i32 2, i32 2, i32 16, i32 16, void @p_str, void @p_str, i32 4294967295, i32 0"   --->   Operation 297 'specinterface' 'specinterface_ln0' <Predicate = true> <Delay = 0.00>
ST_32 : Operation 298 [1/1] (0.00ns)   --->   "%empty_68 = specchannel i32 @_ssdm_op_SpecChannel, void @stencilConfig_upper_limit_OC_1_c134_str, i32 1, void @p_str, void @p_str, i32 2, i32 0, i16 %stencilConfig_upper_limit_1_c134, i16 %stencilConfig_upper_limit_1_c134"   --->   Operation 298 'specchannel' 'empty_68' <Predicate = true> <Delay = 0.00>
ST_32 : Operation 299 [1/1] (0.00ns)   --->   "%specinterface_ln0 = specinterface void @_ssdm_op_SpecInterface, i16 %stencilConfig_upper_limit_1_c134, void @ap_fifo_str, i32 0, i32 0, void @p_str, i32 0, i32 0, void @p_str, void @p_str, void @p_str, i32 2, i32 2, i32 16, i32 16, void @p_str, void @p_str, i32 4294967295, i32 0"   --->   Operation 299 'specinterface' 'specinterface_ln0' <Predicate = true> <Delay = 0.00>
ST_32 : Operation 300 [1/1] (0.00ns)   --->   "%empty_69 = specchannel i32 @_ssdm_op_SpecChannel, void @stencilConfig_upper_limit_OC_1_c133_str, i32 1, void @p_str, void @p_str, i32 2, i32 0, i16 %stencilConfig_upper_limit_1_c133, i16 %stencilConfig_upper_limit_1_c133"   --->   Operation 300 'specchannel' 'empty_69' <Predicate = true> <Delay = 0.00>
ST_32 : Operation 301 [1/1] (0.00ns)   --->   "%specinterface_ln0 = specinterface void @_ssdm_op_SpecInterface, i16 %stencilConfig_upper_limit_1_c133, void @ap_fifo_str, i32 0, i32 0, void @p_str, i32 0, i32 0, void @p_str, void @p_str, void @p_str, i32 2, i32 2, i32 16, i32 16, void @p_str, void @p_str, i32 4294967295, i32 0"   --->   Operation 301 'specinterface' 'specinterface_ln0' <Predicate = true> <Delay = 0.00>
ST_32 : Operation 302 [1/1] (0.00ns)   --->   "%empty_70 = specchannel i32 @_ssdm_op_SpecChannel, void @stencilConfig_upper_limit_OC_1_c132_str, i32 1, void @p_str, void @p_str, i32 2, i32 0, i16 %stencilConfig_upper_limit_1_c132, i16 %stencilConfig_upper_limit_1_c132"   --->   Operation 302 'specchannel' 'empty_70' <Predicate = true> <Delay = 0.00>
ST_32 : Operation 303 [1/1] (0.00ns)   --->   "%specinterface_ln0 = specinterface void @_ssdm_op_SpecInterface, i16 %stencilConfig_upper_limit_1_c132, void @ap_fifo_str, i32 0, i32 0, void @p_str, i32 0, i32 0, void @p_str, void @p_str, void @p_str, i32 2, i32 2, i32 16, i32 16, void @p_str, void @p_str, i32 4294967295, i32 0"   --->   Operation 303 'specinterface' 'specinterface_ln0' <Predicate = true> <Delay = 0.00>
ST_32 : Operation 304 [1/1] (0.00ns)   --->   "%empty_71 = specchannel i32 @_ssdm_op_SpecChannel, void @stencilConfig_upper_limit_OC_1_c131_str, i32 1, void @p_str, void @p_str, i32 2, i32 0, i16 %stencilConfig_upper_limit_1_c131, i16 %stencilConfig_upper_limit_1_c131"   --->   Operation 304 'specchannel' 'empty_71' <Predicate = true> <Delay = 0.00>
ST_32 : Operation 305 [1/1] (0.00ns)   --->   "%specinterface_ln0 = specinterface void @_ssdm_op_SpecInterface, i16 %stencilConfig_upper_limit_1_c131, void @ap_fifo_str, i32 0, i32 0, void @p_str, i32 0, i32 0, void @p_str, void @p_str, void @p_str, i32 2, i32 2, i32 16, i32 16, void @p_str, void @p_str, i32 4294967295, i32 0"   --->   Operation 305 'specinterface' 'specinterface_ln0' <Predicate = true> <Delay = 0.00>
ST_32 : Operation 306 [1/1] (0.00ns)   --->   "%empty_72 = specchannel i32 @_ssdm_op_SpecChannel, void @stencilConfig_upper_limit_OC_1_c130_str, i32 1, void @p_str, void @p_str, i32 2, i32 0, i16 %stencilConfig_upper_limit_1_c130, i16 %stencilConfig_upper_limit_1_c130"   --->   Operation 306 'specchannel' 'empty_72' <Predicate = true> <Delay = 0.00>
ST_32 : Operation 307 [1/1] (0.00ns)   --->   "%specinterface_ln0 = specinterface void @_ssdm_op_SpecInterface, i16 %stencilConfig_upper_limit_1_c130, void @ap_fifo_str, i32 0, i32 0, void @p_str, i32 0, i32 0, void @p_str, void @p_str, void @p_str, i32 2, i32 2, i32 16, i32 16, void @p_str, void @p_str, i32 4294967295, i32 0"   --->   Operation 307 'specinterface' 'specinterface_ln0' <Predicate = true> <Delay = 0.00>
ST_32 : Operation 308 [1/1] (0.00ns)   --->   "%empty_73 = specchannel i32 @_ssdm_op_SpecChannel, void @stencilConfig_upper_limit_OC_1_c129_str, i32 1, void @p_str, void @p_str, i32 2, i32 0, i16 %stencilConfig_upper_limit_1_c129, i16 %stencilConfig_upper_limit_1_c129"   --->   Operation 308 'specchannel' 'empty_73' <Predicate = true> <Delay = 0.00>
ST_32 : Operation 309 [1/1] (0.00ns)   --->   "%specinterface_ln0 = specinterface void @_ssdm_op_SpecInterface, i16 %stencilConfig_upper_limit_1_c129, void @ap_fifo_str, i32 0, i32 0, void @p_str, i32 0, i32 0, void @p_str, void @p_str, void @p_str, i32 2, i32 2, i32 16, i32 16, void @p_str, void @p_str, i32 4294967295, i32 0"   --->   Operation 309 'specinterface' 'specinterface_ln0' <Predicate = true> <Delay = 0.00>
ST_32 : Operation 310 [1/1] (0.00ns)   --->   "%empty_74 = specchannel i32 @_ssdm_op_SpecChannel, void @stencilConfig_upper_limit_OC_1_c128_str, i32 1, void @p_str, void @p_str, i32 2, i32 0, i16 %stencilConfig_upper_limit_1_c128, i16 %stencilConfig_upper_limit_1_c128"   --->   Operation 310 'specchannel' 'empty_74' <Predicate = true> <Delay = 0.00>
ST_32 : Operation 311 [1/1] (0.00ns)   --->   "%specinterface_ln0 = specinterface void @_ssdm_op_SpecInterface, i16 %stencilConfig_upper_limit_1_c128, void @ap_fifo_str, i32 0, i32 0, void @p_str, i32 0, i32 0, void @p_str, void @p_str, void @p_str, i32 2, i32 2, i32 16, i32 16, void @p_str, void @p_str, i32 4294967295, i32 0"   --->   Operation 311 'specinterface' 'specinterface_ln0' <Predicate = true> <Delay = 0.00>
ST_32 : Operation 312 [1/1] (0.00ns)   --->   "%empty_75 = specchannel i32 @_ssdm_op_SpecChannel, void @stencilConfig_upper_limit_OC_1_c127_str, i32 1, void @p_str, void @p_str, i32 2, i32 0, i16 %stencilConfig_upper_limit_1_c127, i16 %stencilConfig_upper_limit_1_c127"   --->   Operation 312 'specchannel' 'empty_75' <Predicate = true> <Delay = 0.00>
ST_32 : Operation 313 [1/1] (0.00ns)   --->   "%specinterface_ln0 = specinterface void @_ssdm_op_SpecInterface, i16 %stencilConfig_upper_limit_1_c127, void @ap_fifo_str, i32 0, i32 0, void @p_str, i32 0, i32 0, void @p_str, void @p_str, void @p_str, i32 2, i32 2, i32 16, i32 16, void @p_str, void @p_str, i32 4294967295, i32 0"   --->   Operation 313 'specinterface' 'specinterface_ln0' <Predicate = true> <Delay = 0.00>
ST_32 : Operation 314 [1/1] (0.00ns)   --->   "%empty_76 = specchannel i32 @_ssdm_op_SpecChannel, void @stencilConfig_upper_limit_OC_1_c126_str, i32 1, void @p_str, void @p_str, i32 2, i32 0, i16 %stencilConfig_upper_limit_1_c126, i16 %stencilConfig_upper_limit_1_c126"   --->   Operation 314 'specchannel' 'empty_76' <Predicate = true> <Delay = 0.00>
ST_32 : Operation 315 [1/1] (0.00ns)   --->   "%specinterface_ln0 = specinterface void @_ssdm_op_SpecInterface, i16 %stencilConfig_upper_limit_1_c126, void @ap_fifo_str, i32 0, i32 0, void @p_str, i32 0, i32 0, void @p_str, void @p_str, void @p_str, i32 2, i32 2, i32 16, i32 16, void @p_str, void @p_str, i32 4294967295, i32 0"   --->   Operation 315 'specinterface' 'specinterface_ln0' <Predicate = true> <Delay = 0.00>
ST_32 : Operation 316 [1/1] (0.00ns)   --->   "%empty_77 = specchannel i32 @_ssdm_op_SpecChannel, void @stencilConfig_upper_limit_OC_1_c_str, i32 1, void @p_str, void @p_str, i32 2, i32 0, i16 %stencilConfig_upper_limit_1_c, i16 %stencilConfig_upper_limit_1_c"   --->   Operation 316 'specchannel' 'empty_77' <Predicate = true> <Delay = 0.00>
ST_32 : Operation 317 [1/1] (0.00ns)   --->   "%specinterface_ln0 = specinterface void @_ssdm_op_SpecInterface, i16 %stencilConfig_upper_limit_1_c, void @ap_fifo_str, i32 0, i32 0, void @p_str, i32 0, i32 0, void @p_str, void @p_str, void @p_str, i32 2, i32 2, i32 16, i32 16, void @p_str, void @p_str, i32 4294967295, i32 0"   --->   Operation 317 'specinterface' 'specinterface_ln0' <Predicate = true> <Delay = 0.00>
ST_32 : Operation 318 [1/1] (0.00ns)   --->   "%empty_78 = specchannel i32 @_ssdm_op_SpecChannel, void @stencilConfig_upper_limit_OC_0_c125_str, i32 1, void @p_str, void @p_str, i32 3, i32 0, i16 %stencilConfig_upper_limit_0_c125, i16 %stencilConfig_upper_limit_0_c125"   --->   Operation 318 'specchannel' 'empty_78' <Predicate = true> <Delay = 0.00>
ST_32 : Operation 319 [1/1] (0.00ns)   --->   "%specinterface_ln0 = specinterface void @_ssdm_op_SpecInterface, i16 %stencilConfig_upper_limit_0_c125, void @ap_fifo_str, i32 0, i32 0, void @p_str, i32 0, i32 0, void @p_str, void @p_str, void @p_str, i32 2, i32 2, i32 16, i32 16, void @p_str, void @p_str, i32 4294967295, i32 0"   --->   Operation 319 'specinterface' 'specinterface_ln0' <Predicate = true> <Delay = 0.00>
ST_32 : Operation 320 [1/1] (0.00ns)   --->   "%empty_79 = specchannel i32 @_ssdm_op_SpecChannel, void @stencilConfig_upper_limit_OC_0_c124_str, i32 1, void @p_str, void @p_str, i32 2, i32 0, i16 %stencilConfig_upper_limit_0_c124, i16 %stencilConfig_upper_limit_0_c124"   --->   Operation 320 'specchannel' 'empty_79' <Predicate = true> <Delay = 0.00>
ST_32 : Operation 321 [1/1] (0.00ns)   --->   "%specinterface_ln0 = specinterface void @_ssdm_op_SpecInterface, i16 %stencilConfig_upper_limit_0_c124, void @ap_fifo_str, i32 0, i32 0, void @p_str, i32 0, i32 0, void @p_str, void @p_str, void @p_str, i32 2, i32 2, i32 16, i32 16, void @p_str, void @p_str, i32 4294967295, i32 0"   --->   Operation 321 'specinterface' 'specinterface_ln0' <Predicate = true> <Delay = 0.00>
ST_32 : Operation 322 [1/1] (0.00ns)   --->   "%empty_80 = specchannel i32 @_ssdm_op_SpecChannel, void @stencilConfig_upper_limit_OC_0_c123_str, i32 1, void @p_str, void @p_str, i32 2, i32 0, i16 %stencilConfig_upper_limit_0_c123, i16 %stencilConfig_upper_limit_0_c123"   --->   Operation 322 'specchannel' 'empty_80' <Predicate = true> <Delay = 0.00>
ST_32 : Operation 323 [1/1] (0.00ns)   --->   "%specinterface_ln0 = specinterface void @_ssdm_op_SpecInterface, i16 %stencilConfig_upper_limit_0_c123, void @ap_fifo_str, i32 0, i32 0, void @p_str, i32 0, i32 0, void @p_str, void @p_str, void @p_str, i32 2, i32 2, i32 16, i32 16, void @p_str, void @p_str, i32 4294967295, i32 0"   --->   Operation 323 'specinterface' 'specinterface_ln0' <Predicate = true> <Delay = 0.00>
ST_32 : Operation 324 [1/1] (0.00ns)   --->   "%empty_81 = specchannel i32 @_ssdm_op_SpecChannel, void @stencilConfig_upper_limit_OC_0_c122_str, i32 1, void @p_str, void @p_str, i32 2, i32 0, i16 %stencilConfig_upper_limit_0_c122, i16 %stencilConfig_upper_limit_0_c122"   --->   Operation 324 'specchannel' 'empty_81' <Predicate = true> <Delay = 0.00>
ST_32 : Operation 325 [1/1] (0.00ns)   --->   "%specinterface_ln0 = specinterface void @_ssdm_op_SpecInterface, i16 %stencilConfig_upper_limit_0_c122, void @ap_fifo_str, i32 0, i32 0, void @p_str, i32 0, i32 0, void @p_str, void @p_str, void @p_str, i32 2, i32 2, i32 16, i32 16, void @p_str, void @p_str, i32 4294967295, i32 0"   --->   Operation 325 'specinterface' 'specinterface_ln0' <Predicate = true> <Delay = 0.00>
ST_32 : Operation 326 [1/1] (0.00ns)   --->   "%empty_82 = specchannel i32 @_ssdm_op_SpecChannel, void @stencilConfig_upper_limit_OC_0_c121_str, i32 1, void @p_str, void @p_str, i32 2, i32 0, i16 %stencilConfig_upper_limit_0_c121, i16 %stencilConfig_upper_limit_0_c121"   --->   Operation 326 'specchannel' 'empty_82' <Predicate = true> <Delay = 0.00>
ST_32 : Operation 327 [1/1] (0.00ns)   --->   "%specinterface_ln0 = specinterface void @_ssdm_op_SpecInterface, i16 %stencilConfig_upper_limit_0_c121, void @ap_fifo_str, i32 0, i32 0, void @p_str, i32 0, i32 0, void @p_str, void @p_str, void @p_str, i32 2, i32 2, i32 16, i32 16, void @p_str, void @p_str, i32 4294967295, i32 0"   --->   Operation 327 'specinterface' 'specinterface_ln0' <Predicate = true> <Delay = 0.00>
ST_32 : Operation 328 [1/1] (0.00ns)   --->   "%empty_83 = specchannel i32 @_ssdm_op_SpecChannel, void @stencilConfig_upper_limit_OC_0_c120_str, i32 1, void @p_str, void @p_str, i32 2, i32 0, i16 %stencilConfig_upper_limit_0_c120, i16 %stencilConfig_upper_limit_0_c120"   --->   Operation 328 'specchannel' 'empty_83' <Predicate = true> <Delay = 0.00>
ST_32 : Operation 329 [1/1] (0.00ns)   --->   "%specinterface_ln0 = specinterface void @_ssdm_op_SpecInterface, i16 %stencilConfig_upper_limit_0_c120, void @ap_fifo_str, i32 0, i32 0, void @p_str, i32 0, i32 0, void @p_str, void @p_str, void @p_str, i32 2, i32 2, i32 16, i32 16, void @p_str, void @p_str, i32 4294967295, i32 0"   --->   Operation 329 'specinterface' 'specinterface_ln0' <Predicate = true> <Delay = 0.00>
ST_32 : Operation 330 [1/1] (0.00ns)   --->   "%empty_84 = specchannel i32 @_ssdm_op_SpecChannel, void @stencilConfig_upper_limit_OC_0_c119_str, i32 1, void @p_str, void @p_str, i32 2, i32 0, i16 %stencilConfig_upper_limit_0_c119, i16 %stencilConfig_upper_limit_0_c119"   --->   Operation 330 'specchannel' 'empty_84' <Predicate = true> <Delay = 0.00>
ST_32 : Operation 331 [1/1] (0.00ns)   --->   "%specinterface_ln0 = specinterface void @_ssdm_op_SpecInterface, i16 %stencilConfig_upper_limit_0_c119, void @ap_fifo_str, i32 0, i32 0, void @p_str, i32 0, i32 0, void @p_str, void @p_str, void @p_str, i32 2, i32 2, i32 16, i32 16, void @p_str, void @p_str, i32 4294967295, i32 0"   --->   Operation 331 'specinterface' 'specinterface_ln0' <Predicate = true> <Delay = 0.00>
ST_32 : Operation 332 [1/1] (0.00ns)   --->   "%empty_85 = specchannel i32 @_ssdm_op_SpecChannel, void @stencilConfig_upper_limit_OC_0_c118_str, i32 1, void @p_str, void @p_str, i32 2, i32 0, i16 %stencilConfig_upper_limit_0_c118, i16 %stencilConfig_upper_limit_0_c118"   --->   Operation 332 'specchannel' 'empty_85' <Predicate = true> <Delay = 0.00>
ST_32 : Operation 333 [1/1] (0.00ns)   --->   "%specinterface_ln0 = specinterface void @_ssdm_op_SpecInterface, i16 %stencilConfig_upper_limit_0_c118, void @ap_fifo_str, i32 0, i32 0, void @p_str, i32 0, i32 0, void @p_str, void @p_str, void @p_str, i32 2, i32 2, i32 16, i32 16, void @p_str, void @p_str, i32 4294967295, i32 0"   --->   Operation 333 'specinterface' 'specinterface_ln0' <Predicate = true> <Delay = 0.00>
ST_32 : Operation 334 [1/1] (0.00ns)   --->   "%empty_86 = specchannel i32 @_ssdm_op_SpecChannel, void @stencilConfig_upper_limit_OC_0_c117_str, i32 1, void @p_str, void @p_str, i32 2, i32 0, i16 %stencilConfig_upper_limit_0_c117, i16 %stencilConfig_upper_limit_0_c117"   --->   Operation 334 'specchannel' 'empty_86' <Predicate = true> <Delay = 0.00>
ST_32 : Operation 335 [1/1] (0.00ns)   --->   "%specinterface_ln0 = specinterface void @_ssdm_op_SpecInterface, i16 %stencilConfig_upper_limit_0_c117, void @ap_fifo_str, i32 0, i32 0, void @p_str, i32 0, i32 0, void @p_str, void @p_str, void @p_str, i32 2, i32 2, i32 16, i32 16, void @p_str, void @p_str, i32 4294967295, i32 0"   --->   Operation 335 'specinterface' 'specinterface_ln0' <Predicate = true> <Delay = 0.00>
ST_32 : Operation 336 [1/1] (0.00ns)   --->   "%empty_87 = specchannel i32 @_ssdm_op_SpecChannel, void @stencilConfig_upper_limit_OC_0_c116_str, i32 1, void @p_str, void @p_str, i32 2, i32 0, i16 %stencilConfig_upper_limit_0_c116, i16 %stencilConfig_upper_limit_0_c116"   --->   Operation 336 'specchannel' 'empty_87' <Predicate = true> <Delay = 0.00>
ST_32 : Operation 337 [1/1] (0.00ns)   --->   "%specinterface_ln0 = specinterface void @_ssdm_op_SpecInterface, i16 %stencilConfig_upper_limit_0_c116, void @ap_fifo_str, i32 0, i32 0, void @p_str, i32 0, i32 0, void @p_str, void @p_str, void @p_str, i32 2, i32 2, i32 16, i32 16, void @p_str, void @p_str, i32 4294967295, i32 0"   --->   Operation 337 'specinterface' 'specinterface_ln0' <Predicate = true> <Delay = 0.00>
ST_32 : Operation 338 [1/1] (0.00ns)   --->   "%empty_88 = specchannel i32 @_ssdm_op_SpecChannel, void @stencilConfig_upper_limit_OC_0_c115_str, i32 1, void @p_str, void @p_str, i32 2, i32 0, i16 %stencilConfig_upper_limit_0_c115, i16 %stencilConfig_upper_limit_0_c115"   --->   Operation 338 'specchannel' 'empty_88' <Predicate = true> <Delay = 0.00>
ST_32 : Operation 339 [1/1] (0.00ns)   --->   "%specinterface_ln0 = specinterface void @_ssdm_op_SpecInterface, i16 %stencilConfig_upper_limit_0_c115, void @ap_fifo_str, i32 0, i32 0, void @p_str, i32 0, i32 0, void @p_str, void @p_str, void @p_str, i32 2, i32 2, i32 16, i32 16, void @p_str, void @p_str, i32 4294967295, i32 0"   --->   Operation 339 'specinterface' 'specinterface_ln0' <Predicate = true> <Delay = 0.00>
ST_32 : Operation 340 [1/1] (0.00ns)   --->   "%empty_89 = specchannel i32 @_ssdm_op_SpecChannel, void @stencilConfig_upper_limit_OC_0_c114_str, i32 1, void @p_str, void @p_str, i32 2, i32 0, i16 %stencilConfig_upper_limit_0_c114, i16 %stencilConfig_upper_limit_0_c114"   --->   Operation 340 'specchannel' 'empty_89' <Predicate = true> <Delay = 0.00>
ST_32 : Operation 341 [1/1] (0.00ns)   --->   "%specinterface_ln0 = specinterface void @_ssdm_op_SpecInterface, i16 %stencilConfig_upper_limit_0_c114, void @ap_fifo_str, i32 0, i32 0, void @p_str, i32 0, i32 0, void @p_str, void @p_str, void @p_str, i32 2, i32 2, i32 16, i32 16, void @p_str, void @p_str, i32 4294967295, i32 0"   --->   Operation 341 'specinterface' 'specinterface_ln0' <Predicate = true> <Delay = 0.00>
ST_32 : Operation 342 [1/1] (0.00ns)   --->   "%empty_90 = specchannel i32 @_ssdm_op_SpecChannel, void @stencilConfig_upper_limit_OC_0_c113_str, i32 1, void @p_str, void @p_str, i32 2, i32 0, i16 %stencilConfig_upper_limit_0_c113, i16 %stencilConfig_upper_limit_0_c113"   --->   Operation 342 'specchannel' 'empty_90' <Predicate = true> <Delay = 0.00>
ST_32 : Operation 343 [1/1] (0.00ns)   --->   "%specinterface_ln0 = specinterface void @_ssdm_op_SpecInterface, i16 %stencilConfig_upper_limit_0_c113, void @ap_fifo_str, i32 0, i32 0, void @p_str, i32 0, i32 0, void @p_str, void @p_str, void @p_str, i32 2, i32 2, i32 16, i32 16, void @p_str, void @p_str, i32 4294967295, i32 0"   --->   Operation 343 'specinterface' 'specinterface_ln0' <Predicate = true> <Delay = 0.00>
ST_32 : Operation 344 [1/1] (0.00ns)   --->   "%empty_91 = specchannel i32 @_ssdm_op_SpecChannel, void @stencilConfig_upper_limit_OC_0_c_str, i32 1, void @p_str, void @p_str, i32 2, i32 0, i16 %stencilConfig_upper_limit_0_c, i16 %stencilConfig_upper_limit_0_c"   --->   Operation 344 'specchannel' 'empty_91' <Predicate = true> <Delay = 0.00>
ST_32 : Operation 345 [1/1] (0.00ns)   --->   "%specinterface_ln0 = specinterface void @_ssdm_op_SpecInterface, i16 %stencilConfig_upper_limit_0_c, void @ap_fifo_str, i32 0, i32 0, void @p_str, i32 0, i32 0, void @p_str, void @p_str, void @p_str, i32 2, i32 2, i32 16, i32 16, void @p_str, void @p_str, i32 4294967295, i32 0"   --->   Operation 345 'specinterface' 'specinterface_ln0' <Predicate = true> <Delay = 0.00>
ST_32 : Operation 346 [1/1] (0.00ns)   --->   "%empty_92 = specchannel i32 @_ssdm_op_SpecChannel, void @stencilConfig_lower_limit_OC_2_c112_str, i32 1, void @p_str, void @p_str, i32 3, i32 0, i16 %stencilConfig_lower_limit_2_c112, i16 %stencilConfig_lower_limit_2_c112"   --->   Operation 346 'specchannel' 'empty_92' <Predicate = true> <Delay = 0.00>
ST_32 : Operation 347 [1/1] (0.00ns)   --->   "%specinterface_ln0 = specinterface void @_ssdm_op_SpecInterface, i16 %stencilConfig_lower_limit_2_c112, void @ap_fifo_str, i32 0, i32 0, void @p_str, i32 0, i32 0, void @p_str, void @p_str, void @p_str, i32 2, i32 2, i32 16, i32 16, void @p_str, void @p_str, i32 4294967295, i32 0"   --->   Operation 347 'specinterface' 'specinterface_ln0' <Predicate = true> <Delay = 0.00>
ST_32 : Operation 348 [1/1] (0.00ns)   --->   "%empty_93 = specchannel i32 @_ssdm_op_SpecChannel, void @stencilConfig_lower_limit_OC_2_c111_str, i32 1, void @p_str, void @p_str, i32 2, i32 0, i16 %stencilConfig_lower_limit_2_c111, i16 %stencilConfig_lower_limit_2_c111"   --->   Operation 348 'specchannel' 'empty_93' <Predicate = true> <Delay = 0.00>
ST_32 : Operation 349 [1/1] (0.00ns)   --->   "%specinterface_ln0 = specinterface void @_ssdm_op_SpecInterface, i16 %stencilConfig_lower_limit_2_c111, void @ap_fifo_str, i32 0, i32 0, void @p_str, i32 0, i32 0, void @p_str, void @p_str, void @p_str, i32 2, i32 2, i32 16, i32 16, void @p_str, void @p_str, i32 4294967295, i32 0"   --->   Operation 349 'specinterface' 'specinterface_ln0' <Predicate = true> <Delay = 0.00>
ST_32 : Operation 350 [1/1] (0.00ns)   --->   "%empty_94 = specchannel i32 @_ssdm_op_SpecChannel, void @stencilConfig_lower_limit_OC_2_c110_str, i32 1, void @p_str, void @p_str, i32 2, i32 0, i16 %stencilConfig_lower_limit_2_c110, i16 %stencilConfig_lower_limit_2_c110"   --->   Operation 350 'specchannel' 'empty_94' <Predicate = true> <Delay = 0.00>
ST_32 : Operation 351 [1/1] (0.00ns)   --->   "%specinterface_ln0 = specinterface void @_ssdm_op_SpecInterface, i16 %stencilConfig_lower_limit_2_c110, void @ap_fifo_str, i32 0, i32 0, void @p_str, i32 0, i32 0, void @p_str, void @p_str, void @p_str, i32 2, i32 2, i32 16, i32 16, void @p_str, void @p_str, i32 4294967295, i32 0"   --->   Operation 351 'specinterface' 'specinterface_ln0' <Predicate = true> <Delay = 0.00>
ST_32 : Operation 352 [1/1] (0.00ns)   --->   "%empty_95 = specchannel i32 @_ssdm_op_SpecChannel, void @stencilConfig_lower_limit_OC_2_c109_str, i32 1, void @p_str, void @p_str, i32 2, i32 0, i16 %stencilConfig_lower_limit_2_c109, i16 %stencilConfig_lower_limit_2_c109"   --->   Operation 352 'specchannel' 'empty_95' <Predicate = true> <Delay = 0.00>
ST_32 : Operation 353 [1/1] (0.00ns)   --->   "%specinterface_ln0 = specinterface void @_ssdm_op_SpecInterface, i16 %stencilConfig_lower_limit_2_c109, void @ap_fifo_str, i32 0, i32 0, void @p_str, i32 0, i32 0, void @p_str, void @p_str, void @p_str, i32 2, i32 2, i32 16, i32 16, void @p_str, void @p_str, i32 4294967295, i32 0"   --->   Operation 353 'specinterface' 'specinterface_ln0' <Predicate = true> <Delay = 0.00>
ST_32 : Operation 354 [1/1] (0.00ns)   --->   "%empty_96 = specchannel i32 @_ssdm_op_SpecChannel, void @stencilConfig_lower_limit_OC_2_c108_str, i32 1, void @p_str, void @p_str, i32 2, i32 0, i16 %stencilConfig_lower_limit_2_c108, i16 %stencilConfig_lower_limit_2_c108"   --->   Operation 354 'specchannel' 'empty_96' <Predicate = true> <Delay = 0.00>
ST_32 : Operation 355 [1/1] (0.00ns)   --->   "%specinterface_ln0 = specinterface void @_ssdm_op_SpecInterface, i16 %stencilConfig_lower_limit_2_c108, void @ap_fifo_str, i32 0, i32 0, void @p_str, i32 0, i32 0, void @p_str, void @p_str, void @p_str, i32 2, i32 2, i32 16, i32 16, void @p_str, void @p_str, i32 4294967295, i32 0"   --->   Operation 355 'specinterface' 'specinterface_ln0' <Predicate = true> <Delay = 0.00>
ST_32 : Operation 356 [1/1] (0.00ns)   --->   "%empty_97 = specchannel i32 @_ssdm_op_SpecChannel, void @stencilConfig_lower_limit_OC_2_c107_str, i32 1, void @p_str, void @p_str, i32 2, i32 0, i16 %stencilConfig_lower_limit_2_c107, i16 %stencilConfig_lower_limit_2_c107"   --->   Operation 356 'specchannel' 'empty_97' <Predicate = true> <Delay = 0.00>
ST_32 : Operation 357 [1/1] (0.00ns)   --->   "%specinterface_ln0 = specinterface void @_ssdm_op_SpecInterface, i16 %stencilConfig_lower_limit_2_c107, void @ap_fifo_str, i32 0, i32 0, void @p_str, i32 0, i32 0, void @p_str, void @p_str, void @p_str, i32 2, i32 2, i32 16, i32 16, void @p_str, void @p_str, i32 4294967295, i32 0"   --->   Operation 357 'specinterface' 'specinterface_ln0' <Predicate = true> <Delay = 0.00>
ST_32 : Operation 358 [1/1] (0.00ns)   --->   "%empty_98 = specchannel i32 @_ssdm_op_SpecChannel, void @stencilConfig_lower_limit_OC_2_c106_str, i32 1, void @p_str, void @p_str, i32 2, i32 0, i16 %stencilConfig_lower_limit_2_c106, i16 %stencilConfig_lower_limit_2_c106"   --->   Operation 358 'specchannel' 'empty_98' <Predicate = true> <Delay = 0.00>
ST_32 : Operation 359 [1/1] (0.00ns)   --->   "%specinterface_ln0 = specinterface void @_ssdm_op_SpecInterface, i16 %stencilConfig_lower_limit_2_c106, void @ap_fifo_str, i32 0, i32 0, void @p_str, i32 0, i32 0, void @p_str, void @p_str, void @p_str, i32 2, i32 2, i32 16, i32 16, void @p_str, void @p_str, i32 4294967295, i32 0"   --->   Operation 359 'specinterface' 'specinterface_ln0' <Predicate = true> <Delay = 0.00>
ST_32 : Operation 360 [1/1] (0.00ns)   --->   "%empty_99 = specchannel i32 @_ssdm_op_SpecChannel, void @stencilConfig_lower_limit_OC_2_c105_str, i32 1, void @p_str, void @p_str, i32 2, i32 0, i16 %stencilConfig_lower_limit_2_c105, i16 %stencilConfig_lower_limit_2_c105"   --->   Operation 360 'specchannel' 'empty_99' <Predicate = true> <Delay = 0.00>
ST_32 : Operation 361 [1/1] (0.00ns)   --->   "%specinterface_ln0 = specinterface void @_ssdm_op_SpecInterface, i16 %stencilConfig_lower_limit_2_c105, void @ap_fifo_str, i32 0, i32 0, void @p_str, i32 0, i32 0, void @p_str, void @p_str, void @p_str, i32 2, i32 2, i32 16, i32 16, void @p_str, void @p_str, i32 4294967295, i32 0"   --->   Operation 361 'specinterface' 'specinterface_ln0' <Predicate = true> <Delay = 0.00>
ST_32 : Operation 362 [1/1] (0.00ns)   --->   "%empty_100 = specchannel i32 @_ssdm_op_SpecChannel, void @stencilConfig_lower_limit_OC_2_c104_str, i32 1, void @p_str, void @p_str, i32 2, i32 0, i16 %stencilConfig_lower_limit_2_c104, i16 %stencilConfig_lower_limit_2_c104"   --->   Operation 362 'specchannel' 'empty_100' <Predicate = true> <Delay = 0.00>
ST_32 : Operation 363 [1/1] (0.00ns)   --->   "%specinterface_ln0 = specinterface void @_ssdm_op_SpecInterface, i16 %stencilConfig_lower_limit_2_c104, void @ap_fifo_str, i32 0, i32 0, void @p_str, i32 0, i32 0, void @p_str, void @p_str, void @p_str, i32 2, i32 2, i32 16, i32 16, void @p_str, void @p_str, i32 4294967295, i32 0"   --->   Operation 363 'specinterface' 'specinterface_ln0' <Predicate = true> <Delay = 0.00>
ST_32 : Operation 364 [1/1] (0.00ns)   --->   "%empty_101 = specchannel i32 @_ssdm_op_SpecChannel, void @stencilConfig_lower_limit_OC_2_c103_str, i32 1, void @p_str, void @p_str, i32 2, i32 0, i16 %stencilConfig_lower_limit_2_c103, i16 %stencilConfig_lower_limit_2_c103"   --->   Operation 364 'specchannel' 'empty_101' <Predicate = true> <Delay = 0.00>
ST_32 : Operation 365 [1/1] (0.00ns)   --->   "%specinterface_ln0 = specinterface void @_ssdm_op_SpecInterface, i16 %stencilConfig_lower_limit_2_c103, void @ap_fifo_str, i32 0, i32 0, void @p_str, i32 0, i32 0, void @p_str, void @p_str, void @p_str, i32 2, i32 2, i32 16, i32 16, void @p_str, void @p_str, i32 4294967295, i32 0"   --->   Operation 365 'specinterface' 'specinterface_ln0' <Predicate = true> <Delay = 0.00>
ST_32 : Operation 366 [1/1] (0.00ns)   --->   "%empty_102 = specchannel i32 @_ssdm_op_SpecChannel, void @stencilConfig_lower_limit_OC_2_c102_str, i32 1, void @p_str, void @p_str, i32 2, i32 0, i16 %stencilConfig_lower_limit_2_c102, i16 %stencilConfig_lower_limit_2_c102"   --->   Operation 366 'specchannel' 'empty_102' <Predicate = true> <Delay = 0.00>
ST_32 : Operation 367 [1/1] (0.00ns)   --->   "%specinterface_ln0 = specinterface void @_ssdm_op_SpecInterface, i16 %stencilConfig_lower_limit_2_c102, void @ap_fifo_str, i32 0, i32 0, void @p_str, i32 0, i32 0, void @p_str, void @p_str, void @p_str, i32 2, i32 2, i32 16, i32 16, void @p_str, void @p_str, i32 4294967295, i32 0"   --->   Operation 367 'specinterface' 'specinterface_ln0' <Predicate = true> <Delay = 0.00>
ST_32 : Operation 368 [1/1] (0.00ns)   --->   "%empty_103 = specchannel i32 @_ssdm_op_SpecChannel, void @stencilConfig_lower_limit_OC_2_c101_str, i32 1, void @p_str, void @p_str, i32 2, i32 0, i16 %stencilConfig_lower_limit_2_c101, i16 %stencilConfig_lower_limit_2_c101"   --->   Operation 368 'specchannel' 'empty_103' <Predicate = true> <Delay = 0.00>
ST_32 : Operation 369 [1/1] (0.00ns)   --->   "%specinterface_ln0 = specinterface void @_ssdm_op_SpecInterface, i16 %stencilConfig_lower_limit_2_c101, void @ap_fifo_str, i32 0, i32 0, void @p_str, i32 0, i32 0, void @p_str, void @p_str, void @p_str, i32 2, i32 2, i32 16, i32 16, void @p_str, void @p_str, i32 4294967295, i32 0"   --->   Operation 369 'specinterface' 'specinterface_ln0' <Predicate = true> <Delay = 0.00>
ST_32 : Operation 370 [1/1] (0.00ns)   --->   "%empty_104 = specchannel i32 @_ssdm_op_SpecChannel, void @stencilConfig_lower_limit_OC_2_c100_str, i32 1, void @p_str, void @p_str, i32 2, i32 0, i16 %stencilConfig_lower_limit_2_c100, i16 %stencilConfig_lower_limit_2_c100"   --->   Operation 370 'specchannel' 'empty_104' <Predicate = true> <Delay = 0.00>
ST_32 : Operation 371 [1/1] (0.00ns)   --->   "%specinterface_ln0 = specinterface void @_ssdm_op_SpecInterface, i16 %stencilConfig_lower_limit_2_c100, void @ap_fifo_str, i32 0, i32 0, void @p_str, i32 0, i32 0, void @p_str, void @p_str, void @p_str, i32 2, i32 2, i32 16, i32 16, void @p_str, void @p_str, i32 4294967295, i32 0"   --->   Operation 371 'specinterface' 'specinterface_ln0' <Predicate = true> <Delay = 0.00>
ST_32 : Operation 372 [1/1] (0.00ns)   --->   "%empty_105 = specchannel i32 @_ssdm_op_SpecChannel, void @stencilConfig_lower_limit_OC_2_c_str, i32 1, void @p_str, void @p_str, i32 2, i32 0, i16 %stencilConfig_lower_limit_2_c, i16 %stencilConfig_lower_limit_2_c"   --->   Operation 372 'specchannel' 'empty_105' <Predicate = true> <Delay = 0.00>
ST_32 : Operation 373 [1/1] (0.00ns)   --->   "%specinterface_ln0 = specinterface void @_ssdm_op_SpecInterface, i16 %stencilConfig_lower_limit_2_c, void @ap_fifo_str, i32 0, i32 0, void @p_str, i32 0, i32 0, void @p_str, void @p_str, void @p_str, i32 2, i32 2, i32 16, i32 16, void @p_str, void @p_str, i32 4294967295, i32 0"   --->   Operation 373 'specinterface' 'specinterface_ln0' <Predicate = true> <Delay = 0.00>
ST_32 : Operation 374 [1/1] (0.00ns)   --->   "%empty_106 = specchannel i32 @_ssdm_op_SpecChannel, void @stencilConfig_lower_limit_OC_1_c99_str, i32 1, void @p_str, void @p_str, i32 3, i32 0, i16 %stencilConfig_lower_limit_1_c99, i16 %stencilConfig_lower_limit_1_c99"   --->   Operation 374 'specchannel' 'empty_106' <Predicate = true> <Delay = 0.00>
ST_32 : Operation 375 [1/1] (0.00ns)   --->   "%specinterface_ln0 = specinterface void @_ssdm_op_SpecInterface, i16 %stencilConfig_lower_limit_1_c99, void @ap_fifo_str, i32 0, i32 0, void @p_str, i32 0, i32 0, void @p_str, void @p_str, void @p_str, i32 2, i32 2, i32 16, i32 16, void @p_str, void @p_str, i32 4294967295, i32 0"   --->   Operation 375 'specinterface' 'specinterface_ln0' <Predicate = true> <Delay = 0.00>
ST_32 : Operation 376 [1/1] (0.00ns)   --->   "%empty_107 = specchannel i32 @_ssdm_op_SpecChannel, void @stencilConfig_lower_limit_OC_1_c98_str, i32 1, void @p_str, void @p_str, i32 2, i32 0, i16 %stencilConfig_lower_limit_1_c98, i16 %stencilConfig_lower_limit_1_c98"   --->   Operation 376 'specchannel' 'empty_107' <Predicate = true> <Delay = 0.00>
ST_32 : Operation 377 [1/1] (0.00ns)   --->   "%specinterface_ln0 = specinterface void @_ssdm_op_SpecInterface, i16 %stencilConfig_lower_limit_1_c98, void @ap_fifo_str, i32 0, i32 0, void @p_str, i32 0, i32 0, void @p_str, void @p_str, void @p_str, i32 2, i32 2, i32 16, i32 16, void @p_str, void @p_str, i32 4294967295, i32 0"   --->   Operation 377 'specinterface' 'specinterface_ln0' <Predicate = true> <Delay = 0.00>
ST_32 : Operation 378 [1/1] (0.00ns)   --->   "%empty_108 = specchannel i32 @_ssdm_op_SpecChannel, void @stencilConfig_lower_limit_OC_1_c97_str, i32 1, void @p_str, void @p_str, i32 2, i32 0, i16 %stencilConfig_lower_limit_1_c97, i16 %stencilConfig_lower_limit_1_c97"   --->   Operation 378 'specchannel' 'empty_108' <Predicate = true> <Delay = 0.00>
ST_32 : Operation 379 [1/1] (0.00ns)   --->   "%specinterface_ln0 = specinterface void @_ssdm_op_SpecInterface, i16 %stencilConfig_lower_limit_1_c97, void @ap_fifo_str, i32 0, i32 0, void @p_str, i32 0, i32 0, void @p_str, void @p_str, void @p_str, i32 2, i32 2, i32 16, i32 16, void @p_str, void @p_str, i32 4294967295, i32 0"   --->   Operation 379 'specinterface' 'specinterface_ln0' <Predicate = true> <Delay = 0.00>
ST_32 : Operation 380 [1/1] (0.00ns)   --->   "%empty_109 = specchannel i32 @_ssdm_op_SpecChannel, void @stencilConfig_lower_limit_OC_1_c96_str, i32 1, void @p_str, void @p_str, i32 2, i32 0, i16 %stencilConfig_lower_limit_1_c96, i16 %stencilConfig_lower_limit_1_c96"   --->   Operation 380 'specchannel' 'empty_109' <Predicate = true> <Delay = 0.00>
ST_32 : Operation 381 [1/1] (0.00ns)   --->   "%specinterface_ln0 = specinterface void @_ssdm_op_SpecInterface, i16 %stencilConfig_lower_limit_1_c96, void @ap_fifo_str, i32 0, i32 0, void @p_str, i32 0, i32 0, void @p_str, void @p_str, void @p_str, i32 2, i32 2, i32 16, i32 16, void @p_str, void @p_str, i32 4294967295, i32 0"   --->   Operation 381 'specinterface' 'specinterface_ln0' <Predicate = true> <Delay = 0.00>
ST_32 : Operation 382 [1/1] (0.00ns)   --->   "%empty_110 = specchannel i32 @_ssdm_op_SpecChannel, void @stencilConfig_lower_limit_OC_1_c95_str, i32 1, void @p_str, void @p_str, i32 2, i32 0, i16 %stencilConfig_lower_limit_1_c95, i16 %stencilConfig_lower_limit_1_c95"   --->   Operation 382 'specchannel' 'empty_110' <Predicate = true> <Delay = 0.00>
ST_32 : Operation 383 [1/1] (0.00ns)   --->   "%specinterface_ln0 = specinterface void @_ssdm_op_SpecInterface, i16 %stencilConfig_lower_limit_1_c95, void @ap_fifo_str, i32 0, i32 0, void @p_str, i32 0, i32 0, void @p_str, void @p_str, void @p_str, i32 2, i32 2, i32 16, i32 16, void @p_str, void @p_str, i32 4294967295, i32 0"   --->   Operation 383 'specinterface' 'specinterface_ln0' <Predicate = true> <Delay = 0.00>
ST_32 : Operation 384 [1/1] (0.00ns)   --->   "%empty_111 = specchannel i32 @_ssdm_op_SpecChannel, void @stencilConfig_lower_limit_OC_1_c94_str, i32 1, void @p_str, void @p_str, i32 2, i32 0, i16 %stencilConfig_lower_limit_1_c94, i16 %stencilConfig_lower_limit_1_c94"   --->   Operation 384 'specchannel' 'empty_111' <Predicate = true> <Delay = 0.00>
ST_32 : Operation 385 [1/1] (0.00ns)   --->   "%specinterface_ln0 = specinterface void @_ssdm_op_SpecInterface, i16 %stencilConfig_lower_limit_1_c94, void @ap_fifo_str, i32 0, i32 0, void @p_str, i32 0, i32 0, void @p_str, void @p_str, void @p_str, i32 2, i32 2, i32 16, i32 16, void @p_str, void @p_str, i32 4294967295, i32 0"   --->   Operation 385 'specinterface' 'specinterface_ln0' <Predicate = true> <Delay = 0.00>
ST_32 : Operation 386 [1/1] (0.00ns)   --->   "%empty_112 = specchannel i32 @_ssdm_op_SpecChannel, void @stencilConfig_lower_limit_OC_1_c93_str, i32 1, void @p_str, void @p_str, i32 2, i32 0, i16 %stencilConfig_lower_limit_1_c93, i16 %stencilConfig_lower_limit_1_c93"   --->   Operation 386 'specchannel' 'empty_112' <Predicate = true> <Delay = 0.00>
ST_32 : Operation 387 [1/1] (0.00ns)   --->   "%specinterface_ln0 = specinterface void @_ssdm_op_SpecInterface, i16 %stencilConfig_lower_limit_1_c93, void @ap_fifo_str, i32 0, i32 0, void @p_str, i32 0, i32 0, void @p_str, void @p_str, void @p_str, i32 2, i32 2, i32 16, i32 16, void @p_str, void @p_str, i32 4294967295, i32 0"   --->   Operation 387 'specinterface' 'specinterface_ln0' <Predicate = true> <Delay = 0.00>
ST_32 : Operation 388 [1/1] (0.00ns)   --->   "%empty_113 = specchannel i32 @_ssdm_op_SpecChannel, void @stencilConfig_lower_limit_OC_1_c92_str, i32 1, void @p_str, void @p_str, i32 2, i32 0, i16 %stencilConfig_lower_limit_1_c92, i16 %stencilConfig_lower_limit_1_c92"   --->   Operation 388 'specchannel' 'empty_113' <Predicate = true> <Delay = 0.00>
ST_32 : Operation 389 [1/1] (0.00ns)   --->   "%specinterface_ln0 = specinterface void @_ssdm_op_SpecInterface, i16 %stencilConfig_lower_limit_1_c92, void @ap_fifo_str, i32 0, i32 0, void @p_str, i32 0, i32 0, void @p_str, void @p_str, void @p_str, i32 2, i32 2, i32 16, i32 16, void @p_str, void @p_str, i32 4294967295, i32 0"   --->   Operation 389 'specinterface' 'specinterface_ln0' <Predicate = true> <Delay = 0.00>
ST_32 : Operation 390 [1/1] (0.00ns)   --->   "%empty_114 = specchannel i32 @_ssdm_op_SpecChannel, void @stencilConfig_lower_limit_OC_1_c91_str, i32 1, void @p_str, void @p_str, i32 2, i32 0, i16 %stencilConfig_lower_limit_1_c91, i16 %stencilConfig_lower_limit_1_c91"   --->   Operation 390 'specchannel' 'empty_114' <Predicate = true> <Delay = 0.00>
ST_32 : Operation 391 [1/1] (0.00ns)   --->   "%specinterface_ln0 = specinterface void @_ssdm_op_SpecInterface, i16 %stencilConfig_lower_limit_1_c91, void @ap_fifo_str, i32 0, i32 0, void @p_str, i32 0, i32 0, void @p_str, void @p_str, void @p_str, i32 2, i32 2, i32 16, i32 16, void @p_str, void @p_str, i32 4294967295, i32 0"   --->   Operation 391 'specinterface' 'specinterface_ln0' <Predicate = true> <Delay = 0.00>
ST_32 : Operation 392 [1/1] (0.00ns)   --->   "%empty_115 = specchannel i32 @_ssdm_op_SpecChannel, void @stencilConfig_lower_limit_OC_1_c90_str, i32 1, void @p_str, void @p_str, i32 2, i32 0, i16 %stencilConfig_lower_limit_1_c90, i16 %stencilConfig_lower_limit_1_c90"   --->   Operation 392 'specchannel' 'empty_115' <Predicate = true> <Delay = 0.00>
ST_32 : Operation 393 [1/1] (0.00ns)   --->   "%specinterface_ln0 = specinterface void @_ssdm_op_SpecInterface, i16 %stencilConfig_lower_limit_1_c90, void @ap_fifo_str, i32 0, i32 0, void @p_str, i32 0, i32 0, void @p_str, void @p_str, void @p_str, i32 2, i32 2, i32 16, i32 16, void @p_str, void @p_str, i32 4294967295, i32 0"   --->   Operation 393 'specinterface' 'specinterface_ln0' <Predicate = true> <Delay = 0.00>
ST_32 : Operation 394 [1/1] (0.00ns)   --->   "%empty_116 = specchannel i32 @_ssdm_op_SpecChannel, void @stencilConfig_lower_limit_OC_1_c89_str, i32 1, void @p_str, void @p_str, i32 2, i32 0, i16 %stencilConfig_lower_limit_1_c89, i16 %stencilConfig_lower_limit_1_c89"   --->   Operation 394 'specchannel' 'empty_116' <Predicate = true> <Delay = 0.00>
ST_32 : Operation 395 [1/1] (0.00ns)   --->   "%specinterface_ln0 = specinterface void @_ssdm_op_SpecInterface, i16 %stencilConfig_lower_limit_1_c89, void @ap_fifo_str, i32 0, i32 0, void @p_str, i32 0, i32 0, void @p_str, void @p_str, void @p_str, i32 2, i32 2, i32 16, i32 16, void @p_str, void @p_str, i32 4294967295, i32 0"   --->   Operation 395 'specinterface' 'specinterface_ln0' <Predicate = true> <Delay = 0.00>
ST_32 : Operation 396 [1/1] (0.00ns)   --->   "%empty_117 = specchannel i32 @_ssdm_op_SpecChannel, void @stencilConfig_lower_limit_OC_1_c88_str, i32 1, void @p_str, void @p_str, i32 2, i32 0, i16 %stencilConfig_lower_limit_1_c88, i16 %stencilConfig_lower_limit_1_c88"   --->   Operation 396 'specchannel' 'empty_117' <Predicate = true> <Delay = 0.00>
ST_32 : Operation 397 [1/1] (0.00ns)   --->   "%specinterface_ln0 = specinterface void @_ssdm_op_SpecInterface, i16 %stencilConfig_lower_limit_1_c88, void @ap_fifo_str, i32 0, i32 0, void @p_str, i32 0, i32 0, void @p_str, void @p_str, void @p_str, i32 2, i32 2, i32 16, i32 16, void @p_str, void @p_str, i32 4294967295, i32 0"   --->   Operation 397 'specinterface' 'specinterface_ln0' <Predicate = true> <Delay = 0.00>
ST_32 : Operation 398 [1/1] (0.00ns)   --->   "%empty_118 = specchannel i32 @_ssdm_op_SpecChannel, void @stencilConfig_lower_limit_OC_1_c87_str, i32 1, void @p_str, void @p_str, i32 2, i32 0, i16 %stencilConfig_lower_limit_1_c87, i16 %stencilConfig_lower_limit_1_c87"   --->   Operation 398 'specchannel' 'empty_118' <Predicate = true> <Delay = 0.00>
ST_32 : Operation 399 [1/1] (0.00ns)   --->   "%specinterface_ln0 = specinterface void @_ssdm_op_SpecInterface, i16 %stencilConfig_lower_limit_1_c87, void @ap_fifo_str, i32 0, i32 0, void @p_str, i32 0, i32 0, void @p_str, void @p_str, void @p_str, i32 2, i32 2, i32 16, i32 16, void @p_str, void @p_str, i32 4294967295, i32 0"   --->   Operation 399 'specinterface' 'specinterface_ln0' <Predicate = true> <Delay = 0.00>
ST_32 : Operation 400 [1/1] (0.00ns)   --->   "%empty_119 = specchannel i32 @_ssdm_op_SpecChannel, void @stencilConfig_lower_limit_OC_1_c_str, i32 1, void @p_str, void @p_str, i32 2, i32 0, i16 %stencilConfig_lower_limit_1_c, i16 %stencilConfig_lower_limit_1_c"   --->   Operation 400 'specchannel' 'empty_119' <Predicate = true> <Delay = 0.00>
ST_32 : Operation 401 [1/1] (0.00ns)   --->   "%specinterface_ln0 = specinterface void @_ssdm_op_SpecInterface, i16 %stencilConfig_lower_limit_1_c, void @ap_fifo_str, i32 0, i32 0, void @p_str, i32 0, i32 0, void @p_str, void @p_str, void @p_str, i32 2, i32 2, i32 16, i32 16, void @p_str, void @p_str, i32 4294967295, i32 0"   --->   Operation 401 'specinterface' 'specinterface_ln0' <Predicate = true> <Delay = 0.00>
ST_32 : Operation 402 [1/1] (0.00ns)   --->   "%empty_120 = specchannel i32 @_ssdm_op_SpecChannel, void @stencilConfig_lower_limit_OC_0_c86_str, i32 1, void @p_str, void @p_str, i32 3, i32 0, i16 %stencilConfig_lower_limit_0_c86, i16 %stencilConfig_lower_limit_0_c86"   --->   Operation 402 'specchannel' 'empty_120' <Predicate = true> <Delay = 0.00>
ST_32 : Operation 403 [1/1] (0.00ns)   --->   "%specinterface_ln0 = specinterface void @_ssdm_op_SpecInterface, i16 %stencilConfig_lower_limit_0_c86, void @ap_fifo_str, i32 0, i32 0, void @p_str, i32 0, i32 0, void @p_str, void @p_str, void @p_str, i32 2, i32 2, i32 16, i32 16, void @p_str, void @p_str, i32 4294967295, i32 0"   --->   Operation 403 'specinterface' 'specinterface_ln0' <Predicate = true> <Delay = 0.00>
ST_32 : Operation 404 [1/1] (0.00ns)   --->   "%empty_121 = specchannel i32 @_ssdm_op_SpecChannel, void @stencilConfig_lower_limit_OC_0_c85_str, i32 1, void @p_str, void @p_str, i32 2, i32 0, i16 %stencilConfig_lower_limit_0_c85, i16 %stencilConfig_lower_limit_0_c85"   --->   Operation 404 'specchannel' 'empty_121' <Predicate = true> <Delay = 0.00>
ST_32 : Operation 405 [1/1] (0.00ns)   --->   "%specinterface_ln0 = specinterface void @_ssdm_op_SpecInterface, i16 %stencilConfig_lower_limit_0_c85, void @ap_fifo_str, i32 0, i32 0, void @p_str, i32 0, i32 0, void @p_str, void @p_str, void @p_str, i32 2, i32 2, i32 16, i32 16, void @p_str, void @p_str, i32 4294967295, i32 0"   --->   Operation 405 'specinterface' 'specinterface_ln0' <Predicate = true> <Delay = 0.00>
ST_32 : Operation 406 [1/1] (0.00ns)   --->   "%empty_122 = specchannel i32 @_ssdm_op_SpecChannel, void @stencilConfig_lower_limit_OC_0_c84_str, i32 1, void @p_str, void @p_str, i32 2, i32 0, i16 %stencilConfig_lower_limit_0_c84, i16 %stencilConfig_lower_limit_0_c84"   --->   Operation 406 'specchannel' 'empty_122' <Predicate = true> <Delay = 0.00>
ST_32 : Operation 407 [1/1] (0.00ns)   --->   "%specinterface_ln0 = specinterface void @_ssdm_op_SpecInterface, i16 %stencilConfig_lower_limit_0_c84, void @ap_fifo_str, i32 0, i32 0, void @p_str, i32 0, i32 0, void @p_str, void @p_str, void @p_str, i32 2, i32 2, i32 16, i32 16, void @p_str, void @p_str, i32 4294967295, i32 0"   --->   Operation 407 'specinterface' 'specinterface_ln0' <Predicate = true> <Delay = 0.00>
ST_32 : Operation 408 [1/1] (0.00ns)   --->   "%empty_123 = specchannel i32 @_ssdm_op_SpecChannel, void @stencilConfig_lower_limit_OC_0_c83_str, i32 1, void @p_str, void @p_str, i32 2, i32 0, i16 %stencilConfig_lower_limit_0_c83, i16 %stencilConfig_lower_limit_0_c83"   --->   Operation 408 'specchannel' 'empty_123' <Predicate = true> <Delay = 0.00>
ST_32 : Operation 409 [1/1] (0.00ns)   --->   "%specinterface_ln0 = specinterface void @_ssdm_op_SpecInterface, i16 %stencilConfig_lower_limit_0_c83, void @ap_fifo_str, i32 0, i32 0, void @p_str, i32 0, i32 0, void @p_str, void @p_str, void @p_str, i32 2, i32 2, i32 16, i32 16, void @p_str, void @p_str, i32 4294967295, i32 0"   --->   Operation 409 'specinterface' 'specinterface_ln0' <Predicate = true> <Delay = 0.00>
ST_32 : Operation 410 [1/1] (0.00ns)   --->   "%empty_124 = specchannel i32 @_ssdm_op_SpecChannel, void @stencilConfig_lower_limit_OC_0_c82_str, i32 1, void @p_str, void @p_str, i32 2, i32 0, i16 %stencilConfig_lower_limit_0_c82, i16 %stencilConfig_lower_limit_0_c82"   --->   Operation 410 'specchannel' 'empty_124' <Predicate = true> <Delay = 0.00>
ST_32 : Operation 411 [1/1] (0.00ns)   --->   "%specinterface_ln0 = specinterface void @_ssdm_op_SpecInterface, i16 %stencilConfig_lower_limit_0_c82, void @ap_fifo_str, i32 0, i32 0, void @p_str, i32 0, i32 0, void @p_str, void @p_str, void @p_str, i32 2, i32 2, i32 16, i32 16, void @p_str, void @p_str, i32 4294967295, i32 0"   --->   Operation 411 'specinterface' 'specinterface_ln0' <Predicate = true> <Delay = 0.00>
ST_32 : Operation 412 [1/1] (0.00ns)   --->   "%empty_125 = specchannel i32 @_ssdm_op_SpecChannel, void @stencilConfig_lower_limit_OC_0_c81_str, i32 1, void @p_str, void @p_str, i32 2, i32 0, i16 %stencilConfig_lower_limit_0_c81, i16 %stencilConfig_lower_limit_0_c81"   --->   Operation 412 'specchannel' 'empty_125' <Predicate = true> <Delay = 0.00>
ST_32 : Operation 413 [1/1] (0.00ns)   --->   "%specinterface_ln0 = specinterface void @_ssdm_op_SpecInterface, i16 %stencilConfig_lower_limit_0_c81, void @ap_fifo_str, i32 0, i32 0, void @p_str, i32 0, i32 0, void @p_str, void @p_str, void @p_str, i32 2, i32 2, i32 16, i32 16, void @p_str, void @p_str, i32 4294967295, i32 0"   --->   Operation 413 'specinterface' 'specinterface_ln0' <Predicate = true> <Delay = 0.00>
ST_32 : Operation 414 [1/1] (0.00ns)   --->   "%empty_126 = specchannel i32 @_ssdm_op_SpecChannel, void @stencilConfig_lower_limit_OC_0_c80_str, i32 1, void @p_str, void @p_str, i32 2, i32 0, i16 %stencilConfig_lower_limit_0_c80, i16 %stencilConfig_lower_limit_0_c80"   --->   Operation 414 'specchannel' 'empty_126' <Predicate = true> <Delay = 0.00>
ST_32 : Operation 415 [1/1] (0.00ns)   --->   "%specinterface_ln0 = specinterface void @_ssdm_op_SpecInterface, i16 %stencilConfig_lower_limit_0_c80, void @ap_fifo_str, i32 0, i32 0, void @p_str, i32 0, i32 0, void @p_str, void @p_str, void @p_str, i32 2, i32 2, i32 16, i32 16, void @p_str, void @p_str, i32 4294967295, i32 0"   --->   Operation 415 'specinterface' 'specinterface_ln0' <Predicate = true> <Delay = 0.00>
ST_32 : Operation 416 [1/1] (0.00ns)   --->   "%empty_127 = specchannel i32 @_ssdm_op_SpecChannel, void @stencilConfig_lower_limit_OC_0_c79_str, i32 1, void @p_str, void @p_str, i32 2, i32 0, i16 %stencilConfig_lower_limit_0_c79, i16 %stencilConfig_lower_limit_0_c79"   --->   Operation 416 'specchannel' 'empty_127' <Predicate = true> <Delay = 0.00>
ST_32 : Operation 417 [1/1] (0.00ns)   --->   "%specinterface_ln0 = specinterface void @_ssdm_op_SpecInterface, i16 %stencilConfig_lower_limit_0_c79, void @ap_fifo_str, i32 0, i32 0, void @p_str, i32 0, i32 0, void @p_str, void @p_str, void @p_str, i32 2, i32 2, i32 16, i32 16, void @p_str, void @p_str, i32 4294967295, i32 0"   --->   Operation 417 'specinterface' 'specinterface_ln0' <Predicate = true> <Delay = 0.00>
ST_32 : Operation 418 [1/1] (0.00ns)   --->   "%empty_128 = specchannel i32 @_ssdm_op_SpecChannel, void @stencilConfig_lower_limit_OC_0_c78_str, i32 1, void @p_str, void @p_str, i32 2, i32 0, i16 %stencilConfig_lower_limit_0_c78, i16 %stencilConfig_lower_limit_0_c78"   --->   Operation 418 'specchannel' 'empty_128' <Predicate = true> <Delay = 0.00>
ST_32 : Operation 419 [1/1] (0.00ns)   --->   "%specinterface_ln0 = specinterface void @_ssdm_op_SpecInterface, i16 %stencilConfig_lower_limit_0_c78, void @ap_fifo_str, i32 0, i32 0, void @p_str, i32 0, i32 0, void @p_str, void @p_str, void @p_str, i32 2, i32 2, i32 16, i32 16, void @p_str, void @p_str, i32 4294967295, i32 0"   --->   Operation 419 'specinterface' 'specinterface_ln0' <Predicate = true> <Delay = 0.00>
ST_32 : Operation 420 [1/1] (0.00ns)   --->   "%empty_129 = specchannel i32 @_ssdm_op_SpecChannel, void @stencilConfig_lower_limit_OC_0_c77_str, i32 1, void @p_str, void @p_str, i32 2, i32 0, i16 %stencilConfig_lower_limit_0_c77, i16 %stencilConfig_lower_limit_0_c77"   --->   Operation 420 'specchannel' 'empty_129' <Predicate = true> <Delay = 0.00>
ST_32 : Operation 421 [1/1] (0.00ns)   --->   "%specinterface_ln0 = specinterface void @_ssdm_op_SpecInterface, i16 %stencilConfig_lower_limit_0_c77, void @ap_fifo_str, i32 0, i32 0, void @p_str, i32 0, i32 0, void @p_str, void @p_str, void @p_str, i32 2, i32 2, i32 16, i32 16, void @p_str, void @p_str, i32 4294967295, i32 0"   --->   Operation 421 'specinterface' 'specinterface_ln0' <Predicate = true> <Delay = 0.00>
ST_32 : Operation 422 [1/1] (0.00ns)   --->   "%empty_130 = specchannel i32 @_ssdm_op_SpecChannel, void @stencilConfig_lower_limit_OC_0_c76_str, i32 1, void @p_str, void @p_str, i32 2, i32 0, i16 %stencilConfig_lower_limit_0_c76, i16 %stencilConfig_lower_limit_0_c76"   --->   Operation 422 'specchannel' 'empty_130' <Predicate = true> <Delay = 0.00>
ST_32 : Operation 423 [1/1] (0.00ns)   --->   "%specinterface_ln0 = specinterface void @_ssdm_op_SpecInterface, i16 %stencilConfig_lower_limit_0_c76, void @ap_fifo_str, i32 0, i32 0, void @p_str, i32 0, i32 0, void @p_str, void @p_str, void @p_str, i32 2, i32 2, i32 16, i32 16, void @p_str, void @p_str, i32 4294967295, i32 0"   --->   Operation 423 'specinterface' 'specinterface_ln0' <Predicate = true> <Delay = 0.00>
ST_32 : Operation 424 [1/1] (0.00ns)   --->   "%empty_131 = specchannel i32 @_ssdm_op_SpecChannel, void @stencilConfig_lower_limit_OC_0_c75_str, i32 1, void @p_str, void @p_str, i32 2, i32 0, i16 %stencilConfig_lower_limit_0_c75, i16 %stencilConfig_lower_limit_0_c75"   --->   Operation 424 'specchannel' 'empty_131' <Predicate = true> <Delay = 0.00>
ST_32 : Operation 425 [1/1] (0.00ns)   --->   "%specinterface_ln0 = specinterface void @_ssdm_op_SpecInterface, i16 %stencilConfig_lower_limit_0_c75, void @ap_fifo_str, i32 0, i32 0, void @p_str, i32 0, i32 0, void @p_str, void @p_str, void @p_str, i32 2, i32 2, i32 16, i32 16, void @p_str, void @p_str, i32 4294967295, i32 0"   --->   Operation 425 'specinterface' 'specinterface_ln0' <Predicate = true> <Delay = 0.00>
ST_32 : Operation 426 [1/1] (0.00ns)   --->   "%empty_132 = specchannel i32 @_ssdm_op_SpecChannel, void @stencilConfig_lower_limit_OC_0_c74_str, i32 1, void @p_str, void @p_str, i32 2, i32 0, i16 %stencilConfig_lower_limit_0_c74, i16 %stencilConfig_lower_limit_0_c74"   --->   Operation 426 'specchannel' 'empty_132' <Predicate = true> <Delay = 0.00>
ST_32 : Operation 427 [1/1] (0.00ns)   --->   "%specinterface_ln0 = specinterface void @_ssdm_op_SpecInterface, i16 %stencilConfig_lower_limit_0_c74, void @ap_fifo_str, i32 0, i32 0, void @p_str, i32 0, i32 0, void @p_str, void @p_str, void @p_str, i32 2, i32 2, i32 16, i32 16, void @p_str, void @p_str, i32 4294967295, i32 0"   --->   Operation 427 'specinterface' 'specinterface_ln0' <Predicate = true> <Delay = 0.00>
ST_32 : Operation 428 [1/1] (0.00ns)   --->   "%empty_133 = specchannel i32 @_ssdm_op_SpecChannel, void @stencilConfig_lower_limit_OC_0_c_str, i32 1, void @p_str, void @p_str, i32 2, i32 0, i16 %stencilConfig_lower_limit_0_c, i16 %stencilConfig_lower_limit_0_c"   --->   Operation 428 'specchannel' 'empty_133' <Predicate = true> <Delay = 0.00>
ST_32 : Operation 429 [1/1] (0.00ns)   --->   "%specinterface_ln0 = specinterface void @_ssdm_op_SpecInterface, i16 %stencilConfig_lower_limit_0_c, void @ap_fifo_str, i32 0, i32 0, void @p_str, i32 0, i32 0, void @p_str, void @p_str, void @p_str, i32 2, i32 2, i32 16, i32 16, void @p_str, void @p_str, i32 4294967295, i32 0"   --->   Operation 429 'specinterface' 'specinterface_ln0' <Predicate = true> <Delay = 0.00>
ST_32 : Operation 430 [1/1] (0.00ns)   --->   "%empty_134 = specchannel i32 @_ssdm_op_SpecChannel, void @stencilConfig_grid_size_OC_2_c73_str, i32 1, void @p_str, void @p_str, i32 3, i32 0, i16 %stencilConfig_grid_size_2_c73, i16 %stencilConfig_grid_size_2_c73"   --->   Operation 430 'specchannel' 'empty_134' <Predicate = true> <Delay = 0.00>
ST_32 : Operation 431 [1/1] (0.00ns)   --->   "%specinterface_ln0 = specinterface void @_ssdm_op_SpecInterface, i16 %stencilConfig_grid_size_2_c73, void @ap_fifo_str, i32 0, i32 0, void @p_str, i32 0, i32 0, void @p_str, void @p_str, void @p_str, i32 2, i32 2, i32 16, i32 16, void @p_str, void @p_str, i32 4294967295, i32 0"   --->   Operation 431 'specinterface' 'specinterface_ln0' <Predicate = true> <Delay = 0.00>
ST_32 : Operation 432 [1/1] (0.00ns)   --->   "%empty_135 = specchannel i32 @_ssdm_op_SpecChannel, void @stencilConfig_grid_size_OC_2_c72_str, i32 1, void @p_str, void @p_str, i32 2, i32 0, i16 %stencilConfig_grid_size_2_c72, i16 %stencilConfig_grid_size_2_c72"   --->   Operation 432 'specchannel' 'empty_135' <Predicate = true> <Delay = 0.00>
ST_32 : Operation 433 [1/1] (0.00ns)   --->   "%specinterface_ln0 = specinterface void @_ssdm_op_SpecInterface, i16 %stencilConfig_grid_size_2_c72, void @ap_fifo_str, i32 0, i32 0, void @p_str, i32 0, i32 0, void @p_str, void @p_str, void @p_str, i32 2, i32 2, i32 16, i32 16, void @p_str, void @p_str, i32 4294967295, i32 0"   --->   Operation 433 'specinterface' 'specinterface_ln0' <Predicate = true> <Delay = 0.00>
ST_32 : Operation 434 [1/1] (0.00ns)   --->   "%empty_136 = specchannel i32 @_ssdm_op_SpecChannel, void @stencilConfig_grid_size_OC_2_c71_str, i32 1, void @p_str, void @p_str, i32 2, i32 0, i16 %stencilConfig_grid_size_2_c71, i16 %stencilConfig_grid_size_2_c71"   --->   Operation 434 'specchannel' 'empty_136' <Predicate = true> <Delay = 0.00>
ST_32 : Operation 435 [1/1] (0.00ns)   --->   "%specinterface_ln0 = specinterface void @_ssdm_op_SpecInterface, i16 %stencilConfig_grid_size_2_c71, void @ap_fifo_str, i32 0, i32 0, void @p_str, i32 0, i32 0, void @p_str, void @p_str, void @p_str, i32 2, i32 2, i32 16, i32 16, void @p_str, void @p_str, i32 4294967295, i32 0"   --->   Operation 435 'specinterface' 'specinterface_ln0' <Predicate = true> <Delay = 0.00>
ST_32 : Operation 436 [1/1] (0.00ns)   --->   "%empty_137 = specchannel i32 @_ssdm_op_SpecChannel, void @stencilConfig_grid_size_OC_2_c70_str, i32 1, void @p_str, void @p_str, i32 2, i32 0, i16 %stencilConfig_grid_size_2_c70, i16 %stencilConfig_grid_size_2_c70"   --->   Operation 436 'specchannel' 'empty_137' <Predicate = true> <Delay = 0.00>
ST_32 : Operation 437 [1/1] (0.00ns)   --->   "%specinterface_ln0 = specinterface void @_ssdm_op_SpecInterface, i16 %stencilConfig_grid_size_2_c70, void @ap_fifo_str, i32 0, i32 0, void @p_str, i32 0, i32 0, void @p_str, void @p_str, void @p_str, i32 2, i32 2, i32 16, i32 16, void @p_str, void @p_str, i32 4294967295, i32 0"   --->   Operation 437 'specinterface' 'specinterface_ln0' <Predicate = true> <Delay = 0.00>
ST_32 : Operation 438 [1/1] (0.00ns)   --->   "%empty_138 = specchannel i32 @_ssdm_op_SpecChannel, void @stencilConfig_grid_size_OC_2_c69_str, i32 1, void @p_str, void @p_str, i32 2, i32 0, i16 %stencilConfig_grid_size_2_c69, i16 %stencilConfig_grid_size_2_c69"   --->   Operation 438 'specchannel' 'empty_138' <Predicate = true> <Delay = 0.00>
ST_32 : Operation 439 [1/1] (0.00ns)   --->   "%specinterface_ln0 = specinterface void @_ssdm_op_SpecInterface, i16 %stencilConfig_grid_size_2_c69, void @ap_fifo_str, i32 0, i32 0, void @p_str, i32 0, i32 0, void @p_str, void @p_str, void @p_str, i32 2, i32 2, i32 16, i32 16, void @p_str, void @p_str, i32 4294967295, i32 0"   --->   Operation 439 'specinterface' 'specinterface_ln0' <Predicate = true> <Delay = 0.00>
ST_32 : Operation 440 [1/1] (0.00ns)   --->   "%empty_139 = specchannel i32 @_ssdm_op_SpecChannel, void @stencilConfig_grid_size_OC_2_c68_str, i32 1, void @p_str, void @p_str, i32 2, i32 0, i16 %stencilConfig_grid_size_2_c68, i16 %stencilConfig_grid_size_2_c68"   --->   Operation 440 'specchannel' 'empty_139' <Predicate = true> <Delay = 0.00>
ST_32 : Operation 441 [1/1] (0.00ns)   --->   "%specinterface_ln0 = specinterface void @_ssdm_op_SpecInterface, i16 %stencilConfig_grid_size_2_c68, void @ap_fifo_str, i32 0, i32 0, void @p_str, i32 0, i32 0, void @p_str, void @p_str, void @p_str, i32 2, i32 2, i32 16, i32 16, void @p_str, void @p_str, i32 4294967295, i32 0"   --->   Operation 441 'specinterface' 'specinterface_ln0' <Predicate = true> <Delay = 0.00>
ST_32 : Operation 442 [1/1] (0.00ns)   --->   "%empty_140 = specchannel i32 @_ssdm_op_SpecChannel, void @stencilConfig_grid_size_OC_2_c67_str, i32 1, void @p_str, void @p_str, i32 2, i32 0, i16 %stencilConfig_grid_size_2_c67, i16 %stencilConfig_grid_size_2_c67"   --->   Operation 442 'specchannel' 'empty_140' <Predicate = true> <Delay = 0.00>
ST_32 : Operation 443 [1/1] (0.00ns)   --->   "%specinterface_ln0 = specinterface void @_ssdm_op_SpecInterface, i16 %stencilConfig_grid_size_2_c67, void @ap_fifo_str, i32 0, i32 0, void @p_str, i32 0, i32 0, void @p_str, void @p_str, void @p_str, i32 2, i32 2, i32 16, i32 16, void @p_str, void @p_str, i32 4294967295, i32 0"   --->   Operation 443 'specinterface' 'specinterface_ln0' <Predicate = true> <Delay = 0.00>
ST_32 : Operation 444 [1/1] (0.00ns)   --->   "%empty_141 = specchannel i32 @_ssdm_op_SpecChannel, void @stencilConfig_grid_size_OC_2_c66_str, i32 1, void @p_str, void @p_str, i32 2, i32 0, i16 %stencilConfig_grid_size_2_c66, i16 %stencilConfig_grid_size_2_c66"   --->   Operation 444 'specchannel' 'empty_141' <Predicate = true> <Delay = 0.00>
ST_32 : Operation 445 [1/1] (0.00ns)   --->   "%specinterface_ln0 = specinterface void @_ssdm_op_SpecInterface, i16 %stencilConfig_grid_size_2_c66, void @ap_fifo_str, i32 0, i32 0, void @p_str, i32 0, i32 0, void @p_str, void @p_str, void @p_str, i32 2, i32 2, i32 16, i32 16, void @p_str, void @p_str, i32 4294967295, i32 0"   --->   Operation 445 'specinterface' 'specinterface_ln0' <Predicate = true> <Delay = 0.00>
ST_32 : Operation 446 [1/1] (0.00ns)   --->   "%empty_142 = specchannel i32 @_ssdm_op_SpecChannel, void @stencilConfig_grid_size_OC_2_c65_str, i32 1, void @p_str, void @p_str, i32 2, i32 0, i16 %stencilConfig_grid_size_2_c65, i16 %stencilConfig_grid_size_2_c65"   --->   Operation 446 'specchannel' 'empty_142' <Predicate = true> <Delay = 0.00>
ST_32 : Operation 447 [1/1] (0.00ns)   --->   "%specinterface_ln0 = specinterface void @_ssdm_op_SpecInterface, i16 %stencilConfig_grid_size_2_c65, void @ap_fifo_str, i32 0, i32 0, void @p_str, i32 0, i32 0, void @p_str, void @p_str, void @p_str, i32 2, i32 2, i32 16, i32 16, void @p_str, void @p_str, i32 4294967295, i32 0"   --->   Operation 447 'specinterface' 'specinterface_ln0' <Predicate = true> <Delay = 0.00>
ST_32 : Operation 448 [1/1] (0.00ns)   --->   "%empty_143 = specchannel i32 @_ssdm_op_SpecChannel, void @stencilConfig_grid_size_OC_2_c64_str, i32 1, void @p_str, void @p_str, i32 2, i32 0, i16 %stencilConfig_grid_size_2_c64, i16 %stencilConfig_grid_size_2_c64"   --->   Operation 448 'specchannel' 'empty_143' <Predicate = true> <Delay = 0.00>
ST_32 : Operation 449 [1/1] (0.00ns)   --->   "%specinterface_ln0 = specinterface void @_ssdm_op_SpecInterface, i16 %stencilConfig_grid_size_2_c64, void @ap_fifo_str, i32 0, i32 0, void @p_str, i32 0, i32 0, void @p_str, void @p_str, void @p_str, i32 2, i32 2, i32 16, i32 16, void @p_str, void @p_str, i32 4294967295, i32 0"   --->   Operation 449 'specinterface' 'specinterface_ln0' <Predicate = true> <Delay = 0.00>
ST_32 : Operation 450 [1/1] (0.00ns)   --->   "%empty_144 = specchannel i32 @_ssdm_op_SpecChannel, void @stencilConfig_grid_size_OC_2_c63_str, i32 1, void @p_str, void @p_str, i32 2, i32 0, i16 %stencilConfig_grid_size_2_c63, i16 %stencilConfig_grid_size_2_c63"   --->   Operation 450 'specchannel' 'empty_144' <Predicate = true> <Delay = 0.00>
ST_32 : Operation 451 [1/1] (0.00ns)   --->   "%specinterface_ln0 = specinterface void @_ssdm_op_SpecInterface, i16 %stencilConfig_grid_size_2_c63, void @ap_fifo_str, i32 0, i32 0, void @p_str, i32 0, i32 0, void @p_str, void @p_str, void @p_str, i32 2, i32 2, i32 16, i32 16, void @p_str, void @p_str, i32 4294967295, i32 0"   --->   Operation 451 'specinterface' 'specinterface_ln0' <Predicate = true> <Delay = 0.00>
ST_32 : Operation 452 [1/1] (0.00ns)   --->   "%empty_145 = specchannel i32 @_ssdm_op_SpecChannel, void @stencilConfig_grid_size_OC_2_c62_str, i32 1, void @p_str, void @p_str, i32 2, i32 0, i16 %stencilConfig_grid_size_2_c62, i16 %stencilConfig_grid_size_2_c62"   --->   Operation 452 'specchannel' 'empty_145' <Predicate = true> <Delay = 0.00>
ST_32 : Operation 453 [1/1] (0.00ns)   --->   "%specinterface_ln0 = specinterface void @_ssdm_op_SpecInterface, i16 %stencilConfig_grid_size_2_c62, void @ap_fifo_str, i32 0, i32 0, void @p_str, i32 0, i32 0, void @p_str, void @p_str, void @p_str, i32 2, i32 2, i32 16, i32 16, void @p_str, void @p_str, i32 4294967295, i32 0"   --->   Operation 453 'specinterface' 'specinterface_ln0' <Predicate = true> <Delay = 0.00>
ST_32 : Operation 454 [1/1] (0.00ns)   --->   "%empty_146 = specchannel i32 @_ssdm_op_SpecChannel, void @stencilConfig_grid_size_OC_2_c61_str, i32 1, void @p_str, void @p_str, i32 2, i32 0, i16 %stencilConfig_grid_size_2_c61, i16 %stencilConfig_grid_size_2_c61"   --->   Operation 454 'specchannel' 'empty_146' <Predicate = true> <Delay = 0.00>
ST_32 : Operation 455 [1/1] (0.00ns)   --->   "%specinterface_ln0 = specinterface void @_ssdm_op_SpecInterface, i16 %stencilConfig_grid_size_2_c61, void @ap_fifo_str, i32 0, i32 0, void @p_str, i32 0, i32 0, void @p_str, void @p_str, void @p_str, i32 2, i32 2, i32 16, i32 16, void @p_str, void @p_str, i32 4294967295, i32 0"   --->   Operation 455 'specinterface' 'specinterface_ln0' <Predicate = true> <Delay = 0.00>
ST_32 : Operation 456 [1/1] (0.00ns)   --->   "%empty_147 = specchannel i32 @_ssdm_op_SpecChannel, void @stencilConfig_grid_size_OC_2_c_str, i32 1, void @p_str, void @p_str, i32 2, i32 0, i16 %stencilConfig_grid_size_2_c, i16 %stencilConfig_grid_size_2_c"   --->   Operation 456 'specchannel' 'empty_147' <Predicate = true> <Delay = 0.00>
ST_32 : Operation 457 [1/1] (0.00ns)   --->   "%specinterface_ln0 = specinterface void @_ssdm_op_SpecInterface, i16 %stencilConfig_grid_size_2_c, void @ap_fifo_str, i32 0, i32 0, void @p_str, i32 0, i32 0, void @p_str, void @p_str, void @p_str, i32 2, i32 2, i32 16, i32 16, void @p_str, void @p_str, i32 4294967295, i32 0"   --->   Operation 457 'specinterface' 'specinterface_ln0' <Predicate = true> <Delay = 0.00>
ST_32 : Operation 458 [1/1] (0.00ns)   --->   "%empty_148 = specchannel i32 @_ssdm_op_SpecChannel, void @stencilConfig_grid_size_OC_1_c60_str, i32 1, void @p_str, void @p_str, i32 3, i32 0, i16 %stencilConfig_grid_size_1_c60, i16 %stencilConfig_grid_size_1_c60"   --->   Operation 458 'specchannel' 'empty_148' <Predicate = true> <Delay = 0.00>
ST_32 : Operation 459 [1/1] (0.00ns)   --->   "%specinterface_ln0 = specinterface void @_ssdm_op_SpecInterface, i16 %stencilConfig_grid_size_1_c60, void @ap_fifo_str, i32 0, i32 0, void @p_str, i32 0, i32 0, void @p_str, void @p_str, void @p_str, i32 2, i32 2, i32 16, i32 16, void @p_str, void @p_str, i32 4294967295, i32 0"   --->   Operation 459 'specinterface' 'specinterface_ln0' <Predicate = true> <Delay = 0.00>
ST_32 : Operation 460 [1/1] (0.00ns)   --->   "%empty_149 = specchannel i32 @_ssdm_op_SpecChannel, void @stencilConfig_grid_size_OC_1_c59_str, i32 1, void @p_str, void @p_str, i32 2, i32 0, i16 %stencilConfig_grid_size_1_c59, i16 %stencilConfig_grid_size_1_c59"   --->   Operation 460 'specchannel' 'empty_149' <Predicate = true> <Delay = 0.00>
ST_32 : Operation 461 [1/1] (0.00ns)   --->   "%specinterface_ln0 = specinterface void @_ssdm_op_SpecInterface, i16 %stencilConfig_grid_size_1_c59, void @ap_fifo_str, i32 0, i32 0, void @p_str, i32 0, i32 0, void @p_str, void @p_str, void @p_str, i32 2, i32 2, i32 16, i32 16, void @p_str, void @p_str, i32 4294967295, i32 0"   --->   Operation 461 'specinterface' 'specinterface_ln0' <Predicate = true> <Delay = 0.00>
ST_32 : Operation 462 [1/1] (0.00ns)   --->   "%empty_150 = specchannel i32 @_ssdm_op_SpecChannel, void @stencilConfig_grid_size_OC_1_c58_str, i32 1, void @p_str, void @p_str, i32 2, i32 0, i16 %stencilConfig_grid_size_1_c58, i16 %stencilConfig_grid_size_1_c58"   --->   Operation 462 'specchannel' 'empty_150' <Predicate = true> <Delay = 0.00>
ST_32 : Operation 463 [1/1] (0.00ns)   --->   "%specinterface_ln0 = specinterface void @_ssdm_op_SpecInterface, i16 %stencilConfig_grid_size_1_c58, void @ap_fifo_str, i32 0, i32 0, void @p_str, i32 0, i32 0, void @p_str, void @p_str, void @p_str, i32 2, i32 2, i32 16, i32 16, void @p_str, void @p_str, i32 4294967295, i32 0"   --->   Operation 463 'specinterface' 'specinterface_ln0' <Predicate = true> <Delay = 0.00>
ST_32 : Operation 464 [1/1] (0.00ns)   --->   "%empty_151 = specchannel i32 @_ssdm_op_SpecChannel, void @stencilConfig_grid_size_OC_1_c57_str, i32 1, void @p_str, void @p_str, i32 2, i32 0, i16 %stencilConfig_grid_size_1_c57, i16 %stencilConfig_grid_size_1_c57"   --->   Operation 464 'specchannel' 'empty_151' <Predicate = true> <Delay = 0.00>
ST_32 : Operation 465 [1/1] (0.00ns)   --->   "%specinterface_ln0 = specinterface void @_ssdm_op_SpecInterface, i16 %stencilConfig_grid_size_1_c57, void @ap_fifo_str, i32 0, i32 0, void @p_str, i32 0, i32 0, void @p_str, void @p_str, void @p_str, i32 2, i32 2, i32 16, i32 16, void @p_str, void @p_str, i32 4294967295, i32 0"   --->   Operation 465 'specinterface' 'specinterface_ln0' <Predicate = true> <Delay = 0.00>
ST_32 : Operation 466 [1/1] (0.00ns)   --->   "%empty_152 = specchannel i32 @_ssdm_op_SpecChannel, void @stencilConfig_grid_size_OC_1_c56_str, i32 1, void @p_str, void @p_str, i32 2, i32 0, i16 %stencilConfig_grid_size_1_c56, i16 %stencilConfig_grid_size_1_c56"   --->   Operation 466 'specchannel' 'empty_152' <Predicate = true> <Delay = 0.00>
ST_32 : Operation 467 [1/1] (0.00ns)   --->   "%specinterface_ln0 = specinterface void @_ssdm_op_SpecInterface, i16 %stencilConfig_grid_size_1_c56, void @ap_fifo_str, i32 0, i32 0, void @p_str, i32 0, i32 0, void @p_str, void @p_str, void @p_str, i32 2, i32 2, i32 16, i32 16, void @p_str, void @p_str, i32 4294967295, i32 0"   --->   Operation 467 'specinterface' 'specinterface_ln0' <Predicate = true> <Delay = 0.00>
ST_32 : Operation 468 [1/1] (0.00ns)   --->   "%empty_153 = specchannel i32 @_ssdm_op_SpecChannel, void @stencilConfig_grid_size_OC_1_c55_str, i32 1, void @p_str, void @p_str, i32 2, i32 0, i16 %stencilConfig_grid_size_1_c55, i16 %stencilConfig_grid_size_1_c55"   --->   Operation 468 'specchannel' 'empty_153' <Predicate = true> <Delay = 0.00>
ST_32 : Operation 469 [1/1] (0.00ns)   --->   "%specinterface_ln0 = specinterface void @_ssdm_op_SpecInterface, i16 %stencilConfig_grid_size_1_c55, void @ap_fifo_str, i32 0, i32 0, void @p_str, i32 0, i32 0, void @p_str, void @p_str, void @p_str, i32 2, i32 2, i32 16, i32 16, void @p_str, void @p_str, i32 4294967295, i32 0"   --->   Operation 469 'specinterface' 'specinterface_ln0' <Predicate = true> <Delay = 0.00>
ST_32 : Operation 470 [1/1] (0.00ns)   --->   "%empty_154 = specchannel i32 @_ssdm_op_SpecChannel, void @stencilConfig_grid_size_OC_1_c54_str, i32 1, void @p_str, void @p_str, i32 2, i32 0, i16 %stencilConfig_grid_size_1_c54, i16 %stencilConfig_grid_size_1_c54"   --->   Operation 470 'specchannel' 'empty_154' <Predicate = true> <Delay = 0.00>
ST_32 : Operation 471 [1/1] (0.00ns)   --->   "%specinterface_ln0 = specinterface void @_ssdm_op_SpecInterface, i16 %stencilConfig_grid_size_1_c54, void @ap_fifo_str, i32 0, i32 0, void @p_str, i32 0, i32 0, void @p_str, void @p_str, void @p_str, i32 2, i32 2, i32 16, i32 16, void @p_str, void @p_str, i32 4294967295, i32 0"   --->   Operation 471 'specinterface' 'specinterface_ln0' <Predicate = true> <Delay = 0.00>
ST_32 : Operation 472 [1/1] (0.00ns)   --->   "%empty_155 = specchannel i32 @_ssdm_op_SpecChannel, void @stencilConfig_grid_size_OC_1_c53_str, i32 1, void @p_str, void @p_str, i32 2, i32 0, i16 %stencilConfig_grid_size_1_c53, i16 %stencilConfig_grid_size_1_c53"   --->   Operation 472 'specchannel' 'empty_155' <Predicate = true> <Delay = 0.00>
ST_32 : Operation 473 [1/1] (0.00ns)   --->   "%specinterface_ln0 = specinterface void @_ssdm_op_SpecInterface, i16 %stencilConfig_grid_size_1_c53, void @ap_fifo_str, i32 0, i32 0, void @p_str, i32 0, i32 0, void @p_str, void @p_str, void @p_str, i32 2, i32 2, i32 16, i32 16, void @p_str, void @p_str, i32 4294967295, i32 0"   --->   Operation 473 'specinterface' 'specinterface_ln0' <Predicate = true> <Delay = 0.00>
ST_32 : Operation 474 [1/1] (0.00ns)   --->   "%empty_156 = specchannel i32 @_ssdm_op_SpecChannel, void @stencilConfig_grid_size_OC_1_c52_str, i32 1, void @p_str, void @p_str, i32 2, i32 0, i16 %stencilConfig_grid_size_1_c52, i16 %stencilConfig_grid_size_1_c52"   --->   Operation 474 'specchannel' 'empty_156' <Predicate = true> <Delay = 0.00>
ST_32 : Operation 475 [1/1] (0.00ns)   --->   "%specinterface_ln0 = specinterface void @_ssdm_op_SpecInterface, i16 %stencilConfig_grid_size_1_c52, void @ap_fifo_str, i32 0, i32 0, void @p_str, i32 0, i32 0, void @p_str, void @p_str, void @p_str, i32 2, i32 2, i32 16, i32 16, void @p_str, void @p_str, i32 4294967295, i32 0"   --->   Operation 475 'specinterface' 'specinterface_ln0' <Predicate = true> <Delay = 0.00>
ST_32 : Operation 476 [1/1] (0.00ns)   --->   "%empty_157 = specchannel i32 @_ssdm_op_SpecChannel, void @stencilConfig_grid_size_OC_1_c51_str, i32 1, void @p_str, void @p_str, i32 2, i32 0, i16 %stencilConfig_grid_size_1_c51, i16 %stencilConfig_grid_size_1_c51"   --->   Operation 476 'specchannel' 'empty_157' <Predicate = true> <Delay = 0.00>
ST_32 : Operation 477 [1/1] (0.00ns)   --->   "%specinterface_ln0 = specinterface void @_ssdm_op_SpecInterface, i16 %stencilConfig_grid_size_1_c51, void @ap_fifo_str, i32 0, i32 0, void @p_str, i32 0, i32 0, void @p_str, void @p_str, void @p_str, i32 2, i32 2, i32 16, i32 16, void @p_str, void @p_str, i32 4294967295, i32 0"   --->   Operation 477 'specinterface' 'specinterface_ln0' <Predicate = true> <Delay = 0.00>
ST_32 : Operation 478 [1/1] (0.00ns)   --->   "%empty_158 = specchannel i32 @_ssdm_op_SpecChannel, void @stencilConfig_grid_size_OC_1_c50_str, i32 1, void @p_str, void @p_str, i32 2, i32 0, i16 %stencilConfig_grid_size_1_c50, i16 %stencilConfig_grid_size_1_c50"   --->   Operation 478 'specchannel' 'empty_158' <Predicate = true> <Delay = 0.00>
ST_32 : Operation 479 [1/1] (0.00ns)   --->   "%specinterface_ln0 = specinterface void @_ssdm_op_SpecInterface, i16 %stencilConfig_grid_size_1_c50, void @ap_fifo_str, i32 0, i32 0, void @p_str, i32 0, i32 0, void @p_str, void @p_str, void @p_str, i32 2, i32 2, i32 16, i32 16, void @p_str, void @p_str, i32 4294967295, i32 0"   --->   Operation 479 'specinterface' 'specinterface_ln0' <Predicate = true> <Delay = 0.00>
ST_32 : Operation 480 [1/1] (0.00ns)   --->   "%empty_159 = specchannel i32 @_ssdm_op_SpecChannel, void @stencilConfig_grid_size_OC_1_c49_str, i32 1, void @p_str, void @p_str, i32 2, i32 0, i16 %stencilConfig_grid_size_1_c49, i16 %stencilConfig_grid_size_1_c49"   --->   Operation 480 'specchannel' 'empty_159' <Predicate = true> <Delay = 0.00>
ST_32 : Operation 481 [1/1] (0.00ns)   --->   "%specinterface_ln0 = specinterface void @_ssdm_op_SpecInterface, i16 %stencilConfig_grid_size_1_c49, void @ap_fifo_str, i32 0, i32 0, void @p_str, i32 0, i32 0, void @p_str, void @p_str, void @p_str, i32 2, i32 2, i32 16, i32 16, void @p_str, void @p_str, i32 4294967295, i32 0"   --->   Operation 481 'specinterface' 'specinterface_ln0' <Predicate = true> <Delay = 0.00>
ST_32 : Operation 482 [1/1] (0.00ns)   --->   "%empty_160 = specchannel i32 @_ssdm_op_SpecChannel, void @stencilConfig_grid_size_OC_1_c48_str, i32 1, void @p_str, void @p_str, i32 2, i32 0, i16 %stencilConfig_grid_size_1_c48, i16 %stencilConfig_grid_size_1_c48"   --->   Operation 482 'specchannel' 'empty_160' <Predicate = true> <Delay = 0.00>
ST_32 : Operation 483 [1/1] (0.00ns)   --->   "%specinterface_ln0 = specinterface void @_ssdm_op_SpecInterface, i16 %stencilConfig_grid_size_1_c48, void @ap_fifo_str, i32 0, i32 0, void @p_str, i32 0, i32 0, void @p_str, void @p_str, void @p_str, i32 2, i32 2, i32 16, i32 16, void @p_str, void @p_str, i32 4294967295, i32 0"   --->   Operation 483 'specinterface' 'specinterface_ln0' <Predicate = true> <Delay = 0.00>
ST_32 : Operation 484 [1/1] (0.00ns)   --->   "%empty_161 = specchannel i32 @_ssdm_op_SpecChannel, void @stencilConfig_grid_size_OC_1_c_str, i32 1, void @p_str, void @p_str, i32 2, i32 0, i16 %stencilConfig_grid_size_1_c, i16 %stencilConfig_grid_size_1_c"   --->   Operation 484 'specchannel' 'empty_161' <Predicate = true> <Delay = 0.00>
ST_32 : Operation 485 [1/1] (0.00ns)   --->   "%specinterface_ln0 = specinterface void @_ssdm_op_SpecInterface, i16 %stencilConfig_grid_size_1_c, void @ap_fifo_str, i32 0, i32 0, void @p_str, i32 0, i32 0, void @p_str, void @p_str, void @p_str, i32 2, i32 2, i32 16, i32 16, void @p_str, void @p_str, i32 4294967295, i32 0"   --->   Operation 485 'specinterface' 'specinterface_ln0' <Predicate = true> <Delay = 0.00>
ST_32 : Operation 486 [1/1] (0.00ns)   --->   "%empty_162 = specchannel i32 @_ssdm_op_SpecChannel, void @stencilConfig_grid_size_OC_0_c47_str, i32 1, void @p_str, void @p_str, i32 3, i32 0, i16 %stencilConfig_grid_size_0_c47, i16 %stencilConfig_grid_size_0_c47"   --->   Operation 486 'specchannel' 'empty_162' <Predicate = true> <Delay = 0.00>
ST_32 : Operation 487 [1/1] (0.00ns)   --->   "%specinterface_ln0 = specinterface void @_ssdm_op_SpecInterface, i16 %stencilConfig_grid_size_0_c47, void @ap_fifo_str, i32 0, i32 0, void @p_str, i32 0, i32 0, void @p_str, void @p_str, void @p_str, i32 2, i32 2, i32 16, i32 16, void @p_str, void @p_str, i32 4294967295, i32 0"   --->   Operation 487 'specinterface' 'specinterface_ln0' <Predicate = true> <Delay = 0.00>
ST_32 : Operation 488 [1/1] (0.00ns)   --->   "%empty_163 = specchannel i32 @_ssdm_op_SpecChannel, void @stencilConfig_grid_size_OC_0_c46_str, i32 1, void @p_str, void @p_str, i32 2, i32 0, i16 %stencilConfig_grid_size_0_c46, i16 %stencilConfig_grid_size_0_c46"   --->   Operation 488 'specchannel' 'empty_163' <Predicate = true> <Delay = 0.00>
ST_32 : Operation 489 [1/1] (0.00ns)   --->   "%specinterface_ln0 = specinterface void @_ssdm_op_SpecInterface, i16 %stencilConfig_grid_size_0_c46, void @ap_fifo_str, i32 0, i32 0, void @p_str, i32 0, i32 0, void @p_str, void @p_str, void @p_str, i32 2, i32 2, i32 16, i32 16, void @p_str, void @p_str, i32 4294967295, i32 0"   --->   Operation 489 'specinterface' 'specinterface_ln0' <Predicate = true> <Delay = 0.00>
ST_32 : Operation 490 [1/1] (0.00ns)   --->   "%empty_164 = specchannel i32 @_ssdm_op_SpecChannel, void @stencilConfig_grid_size_OC_0_c45_str, i32 1, void @p_str, void @p_str, i32 2, i32 0, i16 %stencilConfig_grid_size_0_c45, i16 %stencilConfig_grid_size_0_c45"   --->   Operation 490 'specchannel' 'empty_164' <Predicate = true> <Delay = 0.00>
ST_32 : Operation 491 [1/1] (0.00ns)   --->   "%specinterface_ln0 = specinterface void @_ssdm_op_SpecInterface, i16 %stencilConfig_grid_size_0_c45, void @ap_fifo_str, i32 0, i32 0, void @p_str, i32 0, i32 0, void @p_str, void @p_str, void @p_str, i32 2, i32 2, i32 16, i32 16, void @p_str, void @p_str, i32 4294967295, i32 0"   --->   Operation 491 'specinterface' 'specinterface_ln0' <Predicate = true> <Delay = 0.00>
ST_32 : Operation 492 [1/1] (0.00ns)   --->   "%empty_165 = specchannel i32 @_ssdm_op_SpecChannel, void @stencilConfig_grid_size_OC_0_c44_str, i32 1, void @p_str, void @p_str, i32 2, i32 0, i16 %stencilConfig_grid_size_0_c44, i16 %stencilConfig_grid_size_0_c44"   --->   Operation 492 'specchannel' 'empty_165' <Predicate = true> <Delay = 0.00>
ST_32 : Operation 493 [1/1] (0.00ns)   --->   "%specinterface_ln0 = specinterface void @_ssdm_op_SpecInterface, i16 %stencilConfig_grid_size_0_c44, void @ap_fifo_str, i32 0, i32 0, void @p_str, i32 0, i32 0, void @p_str, void @p_str, void @p_str, i32 2, i32 2, i32 16, i32 16, void @p_str, void @p_str, i32 4294967295, i32 0"   --->   Operation 493 'specinterface' 'specinterface_ln0' <Predicate = true> <Delay = 0.00>
ST_32 : Operation 494 [1/1] (0.00ns)   --->   "%empty_166 = specchannel i32 @_ssdm_op_SpecChannel, void @stencilConfig_grid_size_OC_0_c43_str, i32 1, void @p_str, void @p_str, i32 2, i32 0, i16 %stencilConfig_grid_size_0_c43, i16 %stencilConfig_grid_size_0_c43"   --->   Operation 494 'specchannel' 'empty_166' <Predicate = true> <Delay = 0.00>
ST_32 : Operation 495 [1/1] (0.00ns)   --->   "%specinterface_ln0 = specinterface void @_ssdm_op_SpecInterface, i16 %stencilConfig_grid_size_0_c43, void @ap_fifo_str, i32 0, i32 0, void @p_str, i32 0, i32 0, void @p_str, void @p_str, void @p_str, i32 2, i32 2, i32 16, i32 16, void @p_str, void @p_str, i32 4294967295, i32 0"   --->   Operation 495 'specinterface' 'specinterface_ln0' <Predicate = true> <Delay = 0.00>
ST_32 : Operation 496 [1/1] (0.00ns)   --->   "%empty_167 = specchannel i32 @_ssdm_op_SpecChannel, void @stencilConfig_grid_size_OC_0_c42_str, i32 1, void @p_str, void @p_str, i32 2, i32 0, i16 %stencilConfig_grid_size_0_c42, i16 %stencilConfig_grid_size_0_c42"   --->   Operation 496 'specchannel' 'empty_167' <Predicate = true> <Delay = 0.00>
ST_32 : Operation 497 [1/1] (0.00ns)   --->   "%specinterface_ln0 = specinterface void @_ssdm_op_SpecInterface, i16 %stencilConfig_grid_size_0_c42, void @ap_fifo_str, i32 0, i32 0, void @p_str, i32 0, i32 0, void @p_str, void @p_str, void @p_str, i32 2, i32 2, i32 16, i32 16, void @p_str, void @p_str, i32 4294967295, i32 0"   --->   Operation 497 'specinterface' 'specinterface_ln0' <Predicate = true> <Delay = 0.00>
ST_32 : Operation 498 [1/1] (0.00ns)   --->   "%empty_168 = specchannel i32 @_ssdm_op_SpecChannel, void @stencilConfig_grid_size_OC_0_c41_str, i32 1, void @p_str, void @p_str, i32 2, i32 0, i16 %stencilConfig_grid_size_0_c41, i16 %stencilConfig_grid_size_0_c41"   --->   Operation 498 'specchannel' 'empty_168' <Predicate = true> <Delay = 0.00>
ST_32 : Operation 499 [1/1] (0.00ns)   --->   "%specinterface_ln0 = specinterface void @_ssdm_op_SpecInterface, i16 %stencilConfig_grid_size_0_c41, void @ap_fifo_str, i32 0, i32 0, void @p_str, i32 0, i32 0, void @p_str, void @p_str, void @p_str, i32 2, i32 2, i32 16, i32 16, void @p_str, void @p_str, i32 4294967295, i32 0"   --->   Operation 499 'specinterface' 'specinterface_ln0' <Predicate = true> <Delay = 0.00>
ST_32 : Operation 500 [1/1] (0.00ns)   --->   "%empty_169 = specchannel i32 @_ssdm_op_SpecChannel, void @stencilConfig_grid_size_OC_0_c40_str, i32 1, void @p_str, void @p_str, i32 2, i32 0, i16 %stencilConfig_grid_size_0_c40, i16 %stencilConfig_grid_size_0_c40"   --->   Operation 500 'specchannel' 'empty_169' <Predicate = true> <Delay = 0.00>
ST_32 : Operation 501 [1/1] (0.00ns)   --->   "%specinterface_ln0 = specinterface void @_ssdm_op_SpecInterface, i16 %stencilConfig_grid_size_0_c40, void @ap_fifo_str, i32 0, i32 0, void @p_str, i32 0, i32 0, void @p_str, void @p_str, void @p_str, i32 2, i32 2, i32 16, i32 16, void @p_str, void @p_str, i32 4294967295, i32 0"   --->   Operation 501 'specinterface' 'specinterface_ln0' <Predicate = true> <Delay = 0.00>
ST_32 : Operation 502 [1/1] (0.00ns)   --->   "%empty_170 = specchannel i32 @_ssdm_op_SpecChannel, void @stencilConfig_grid_size_OC_0_c39_str, i32 1, void @p_str, void @p_str, i32 2, i32 0, i16 %stencilConfig_grid_size_0_c39, i16 %stencilConfig_grid_size_0_c39"   --->   Operation 502 'specchannel' 'empty_170' <Predicate = true> <Delay = 0.00>
ST_32 : Operation 503 [1/1] (0.00ns)   --->   "%specinterface_ln0 = specinterface void @_ssdm_op_SpecInterface, i16 %stencilConfig_grid_size_0_c39, void @ap_fifo_str, i32 0, i32 0, void @p_str, i32 0, i32 0, void @p_str, void @p_str, void @p_str, i32 2, i32 2, i32 16, i32 16, void @p_str, void @p_str, i32 4294967295, i32 0"   --->   Operation 503 'specinterface' 'specinterface_ln0' <Predicate = true> <Delay = 0.00>
ST_32 : Operation 504 [1/1] (0.00ns)   --->   "%empty_171 = specchannel i32 @_ssdm_op_SpecChannel, void @stencilConfig_grid_size_OC_0_c38_str, i32 1, void @p_str, void @p_str, i32 2, i32 0, i16 %stencilConfig_grid_size_0_c38, i16 %stencilConfig_grid_size_0_c38"   --->   Operation 504 'specchannel' 'empty_171' <Predicate = true> <Delay = 0.00>
ST_32 : Operation 505 [1/1] (0.00ns)   --->   "%specinterface_ln0 = specinterface void @_ssdm_op_SpecInterface, i16 %stencilConfig_grid_size_0_c38, void @ap_fifo_str, i32 0, i32 0, void @p_str, i32 0, i32 0, void @p_str, void @p_str, void @p_str, i32 2, i32 2, i32 16, i32 16, void @p_str, void @p_str, i32 4294967295, i32 0"   --->   Operation 505 'specinterface' 'specinterface_ln0' <Predicate = true> <Delay = 0.00>
ST_32 : Operation 506 [1/1] (0.00ns)   --->   "%empty_172 = specchannel i32 @_ssdm_op_SpecChannel, void @stencilConfig_grid_size_OC_0_c37_str, i32 1, void @p_str, void @p_str, i32 2, i32 0, i16 %stencilConfig_grid_size_0_c37, i16 %stencilConfig_grid_size_0_c37"   --->   Operation 506 'specchannel' 'empty_172' <Predicate = true> <Delay = 0.00>
ST_32 : Operation 507 [1/1] (0.00ns)   --->   "%specinterface_ln0 = specinterface void @_ssdm_op_SpecInterface, i16 %stencilConfig_grid_size_0_c37, void @ap_fifo_str, i32 0, i32 0, void @p_str, i32 0, i32 0, void @p_str, void @p_str, void @p_str, i32 2, i32 2, i32 16, i32 16, void @p_str, void @p_str, i32 4294967295, i32 0"   --->   Operation 507 'specinterface' 'specinterface_ln0' <Predicate = true> <Delay = 0.00>
ST_32 : Operation 508 [1/1] (0.00ns)   --->   "%empty_173 = specchannel i32 @_ssdm_op_SpecChannel, void @stencilConfig_grid_size_OC_0_c36_str, i32 1, void @p_str, void @p_str, i32 2, i32 0, i16 %stencilConfig_grid_size_0_c36, i16 %stencilConfig_grid_size_0_c36"   --->   Operation 508 'specchannel' 'empty_173' <Predicate = true> <Delay = 0.00>
ST_32 : Operation 509 [1/1] (0.00ns)   --->   "%specinterface_ln0 = specinterface void @_ssdm_op_SpecInterface, i16 %stencilConfig_grid_size_0_c36, void @ap_fifo_str, i32 0, i32 0, void @p_str, i32 0, i32 0, void @p_str, void @p_str, void @p_str, i32 2, i32 2, i32 16, i32 16, void @p_str, void @p_str, i32 4294967295, i32 0"   --->   Operation 509 'specinterface' 'specinterface_ln0' <Predicate = true> <Delay = 0.00>
ST_32 : Operation 510 [1/1] (0.00ns)   --->   "%empty_174 = specchannel i32 @_ssdm_op_SpecChannel, void @stencilConfig_grid_size_OC_0_c35_str, i32 1, void @p_str, void @p_str, i32 2, i32 0, i16 %stencilConfig_grid_size_0_c35, i16 %stencilConfig_grid_size_0_c35"   --->   Operation 510 'specchannel' 'empty_174' <Predicate = true> <Delay = 0.00>
ST_32 : Operation 511 [1/1] (0.00ns)   --->   "%specinterface_ln0 = specinterface void @_ssdm_op_SpecInterface, i16 %stencilConfig_grid_size_0_c35, void @ap_fifo_str, i32 0, i32 0, void @p_str, i32 0, i32 0, void @p_str, void @p_str, void @p_str, i32 2, i32 2, i32 16, i32 16, void @p_str, void @p_str, i32 4294967295, i32 0"   --->   Operation 511 'specinterface' 'specinterface_ln0' <Predicate = true> <Delay = 0.00>
ST_32 : Operation 512 [1/1] (0.00ns)   --->   "%empty_175 = specchannel i32 @_ssdm_op_SpecChannel, void @stencilConfig_grid_size_OC_0_c_str, i32 1, void @p_str, void @p_str, i32 2, i32 0, i16 %stencilConfig_grid_size_0_c, i16 %stencilConfig_grid_size_0_c"   --->   Operation 512 'specchannel' 'empty_175' <Predicate = true> <Delay = 0.00>
ST_32 : Operation 513 [1/1] (0.00ns)   --->   "%specinterface_ln0 = specinterface void @_ssdm_op_SpecInterface, i16 %stencilConfig_grid_size_0_c, void @ap_fifo_str, i32 0, i32 0, void @p_str, i32 0, i32 0, void @p_str, void @p_str, void @p_str, i32 2, i32 2, i32 16, i32 16, void @p_str, void @p_str, i32 4294967295, i32 0"   --->   Operation 513 'specinterface' 'specinterface_ln0' <Predicate = true> <Delay = 0.00>
ST_32 : Operation 514 [1/1] (0.00ns)   --->   "%specdataflowpipeline_ln0 = specdataflowpipeline void @_ssdm_op_SpecDataflowPipeline, i32 4294967295, i32 0, void @empty_18"   --->   Operation 514 'specdataflowpipeline' 'specdataflowpipeline_ln0' <Predicate = true> <Delay = 0.00>
ST_32 : Operation 515 [1/1] (0.00ns)   --->   "%specinterface_ln0 = specinterface void @_ssdm_op_SpecInterface, i1 %arg1_axis_out_V_last_V, i32 %arg1_axis_out_V_strb_V, i32 %arg1_axis_out_V_keep_V, i256 %arg1_axis_out_V_data_V, void @empty_3, i32 0, i32 0, void @empty_21, i32 0, i32 0, void @empty_18, void @empty_18, void @empty_18, i32 0, i32 0, i32 0, i32 0, void @empty_18, void @empty_18, i32 4294967295, i32 0"   --->   Operation 515 'specinterface' 'specinterface_ln0' <Predicate = true> <Delay = 0.00>
ST_32 : Operation 516 [1/1] (0.00ns)   --->   "%specinterface_ln0 = specinterface void @_ssdm_op_SpecInterface, i1 %arg0_axis_in_V_last_V, i32 %arg0_axis_in_V_strb_V, i32 %arg0_axis_in_V_keep_V, i256 %arg0_axis_in_V_data_V, void @empty_3, i32 0, i32 0, void @empty_21, i32 0, i32 0, void @empty_18, void @empty_18, void @empty_18, i32 0, i32 0, i32 0, i32 0, void @empty_18, void @empty_18, i32 4294967295, i32 0"   --->   Operation 516 'specinterface' 'specinterface_ln0' <Predicate = true> <Delay = 0.00>
ST_32 : Operation 517 [1/1] (0.00ns)   --->   "%empty_176 = specchannel i32 @_ssdm_op_SpecChannel, void @arg0_arg1_streams_0_str, i32 1, void @p_str, void @p_str, i32 10, i32 10, i256 %arg0_arg1_streams_0, i256 %arg0_arg1_streams_0"   --->   Operation 517 'specchannel' 'empty_176' <Predicate = true> <Delay = 0.00>
ST_32 : Operation 518 [1/1] (0.00ns)   --->   "%specinterface_ln0 = specinterface void @_ssdm_op_SpecInterface, i256 %arg0_arg1_streams_0, void @empty_2, i32 0, i32 0, void @empty_18, i32 0, i32 0, void @empty_18, void @empty_18, void @empty_18, i32 0, i32 0, i32 0, i32 0, void @empty_18, void @empty_18, i32 4294967295, i32 0"   --->   Operation 518 'specinterface' 'specinterface_ln0' <Predicate = true> <Delay = 0.00>
ST_32 : Operation 519 [1/1] (0.00ns)   --->   "%empty_177 = specchannel i32 @_ssdm_op_SpecChannel, void @arg0_arg1_streams_1_str, i32 1, void @p_str, void @p_str, i32 10, i32 10, i256 %arg0_arg1_streams_1, i256 %arg0_arg1_streams_1"   --->   Operation 519 'specchannel' 'empty_177' <Predicate = true> <Delay = 0.00>
ST_32 : Operation 520 [1/1] (0.00ns)   --->   "%specinterface_ln0 = specinterface void @_ssdm_op_SpecInterface, i256 %arg0_arg1_streams_1, void @empty_2, i32 0, i32 0, void @empty_18, i32 0, i32 0, void @empty_18, void @empty_18, void @empty_18, i32 0, i32 0, i32 0, i32 0, void @empty_18, void @empty_18, i32 4294967295, i32 0"   --->   Operation 520 'specinterface' 'specinterface_ln0' <Predicate = true> <Delay = 0.00>
ST_32 : Operation 521 [1/1] (0.00ns)   --->   "%empty_178 = specchannel i32 @_ssdm_op_SpecChannel, void @arg0_arg1_streams_2_str, i32 1, void @p_str, void @p_str, i32 10, i32 10, i256 %arg0_arg1_streams_2, i256 %arg0_arg1_streams_2"   --->   Operation 521 'specchannel' 'empty_178' <Predicate = true> <Delay = 0.00>
ST_32 : Operation 522 [1/1] (0.00ns)   --->   "%specinterface_ln0 = specinterface void @_ssdm_op_SpecInterface, i256 %arg0_arg1_streams_2, void @empty_2, i32 0, i32 0, void @empty_18, i32 0, i32 0, void @empty_18, void @empty_18, void @empty_18, i32 0, i32 0, i32 0, i32 0, void @empty_18, void @empty_18, i32 4294967295, i32 0"   --->   Operation 522 'specinterface' 'specinterface_ln0' <Predicate = true> <Delay = 0.00>
ST_32 : Operation 523 [1/1] (0.00ns)   --->   "%empty_179 = specchannel i32 @_ssdm_op_SpecChannel, void @arg0_arg1_streams_3_str, i32 1, void @p_str, void @p_str, i32 10, i32 10, i256 %arg0_arg1_streams_3, i256 %arg0_arg1_streams_3"   --->   Operation 523 'specchannel' 'empty_179' <Predicate = true> <Delay = 0.00>
ST_32 : Operation 524 [1/1] (0.00ns)   --->   "%specinterface_ln0 = specinterface void @_ssdm_op_SpecInterface, i256 %arg0_arg1_streams_3, void @empty_2, i32 0, i32 0, void @empty_18, i32 0, i32 0, void @empty_18, void @empty_18, void @empty_18, i32 0, i32 0, i32 0, i32 0, void @empty_18, void @empty_18, i32 4294967295, i32 0"   --->   Operation 524 'specinterface' 'specinterface_ln0' <Predicate = true> <Delay = 0.00>
ST_32 : Operation 525 [1/1] (0.00ns)   --->   "%empty_180 = specchannel i32 @_ssdm_op_SpecChannel, void @arg0_arg1_streams_4_str, i32 1, void @p_str, void @p_str, i32 10, i32 10, i256 %arg0_arg1_streams_4, i256 %arg0_arg1_streams_4"   --->   Operation 525 'specchannel' 'empty_180' <Predicate = true> <Delay = 0.00>
ST_32 : Operation 526 [1/1] (0.00ns)   --->   "%specinterface_ln0 = specinterface void @_ssdm_op_SpecInterface, i256 %arg0_arg1_streams_4, void @empty_2, i32 0, i32 0, void @empty_18, i32 0, i32 0, void @empty_18, void @empty_18, void @empty_18, i32 0, i32 0, i32 0, i32 0, void @empty_18, void @empty_18, i32 4294967295, i32 0"   --->   Operation 526 'specinterface' 'specinterface_ln0' <Predicate = true> <Delay = 0.00>
ST_32 : Operation 527 [1/1] (0.00ns)   --->   "%empty_181 = specchannel i32 @_ssdm_op_SpecChannel, void @arg0_arg1_streams_5_str, i32 1, void @p_str, void @p_str, i32 10, i32 10, i256 %arg0_arg1_streams_5, i256 %arg0_arg1_streams_5"   --->   Operation 527 'specchannel' 'empty_181' <Predicate = true> <Delay = 0.00>
ST_32 : Operation 528 [1/1] (0.00ns)   --->   "%specinterface_ln0 = specinterface void @_ssdm_op_SpecInterface, i256 %arg0_arg1_streams_5, void @empty_2, i32 0, i32 0, void @empty_18, i32 0, i32 0, void @empty_18, void @empty_18, void @empty_18, i32 0, i32 0, i32 0, i32 0, void @empty_18, void @empty_18, i32 4294967295, i32 0"   --->   Operation 528 'specinterface' 'specinterface_ln0' <Predicate = true> <Delay = 0.00>
ST_32 : Operation 529 [1/1] (0.00ns)   --->   "%empty_182 = specchannel i32 @_ssdm_op_SpecChannel, void @arg0_arg1_streams_6_str, i32 1, void @p_str, void @p_str, i32 10, i32 10, i256 %arg0_arg1_streams_6, i256 %arg0_arg1_streams_6"   --->   Operation 529 'specchannel' 'empty_182' <Predicate = true> <Delay = 0.00>
ST_32 : Operation 530 [1/1] (0.00ns)   --->   "%specinterface_ln0 = specinterface void @_ssdm_op_SpecInterface, i256 %arg0_arg1_streams_6, void @empty_2, i32 0, i32 0, void @empty_18, i32 0, i32 0, void @empty_18, void @empty_18, void @empty_18, i32 0, i32 0, i32 0, i32 0, void @empty_18, void @empty_18, i32 4294967295, i32 0"   --->   Operation 530 'specinterface' 'specinterface_ln0' <Predicate = true> <Delay = 0.00>
ST_32 : Operation 531 [1/1] (0.00ns)   --->   "%empty_183 = specchannel i32 @_ssdm_op_SpecChannel, void @arg0_arg1_streams_7_str, i32 1, void @p_str, void @p_str, i32 10, i32 10, i256 %arg0_arg1_streams_7, i256 %arg0_arg1_streams_7"   --->   Operation 531 'specchannel' 'empty_183' <Predicate = true> <Delay = 0.00>
ST_32 : Operation 532 [1/1] (0.00ns)   --->   "%specinterface_ln0 = specinterface void @_ssdm_op_SpecInterface, i256 %arg0_arg1_streams_7, void @empty_2, i32 0, i32 0, void @empty_18, i32 0, i32 0, void @empty_18, void @empty_18, void @empty_18, i32 0, i32 0, i32 0, i32 0, void @empty_18, void @empty_18, i32 4294967295, i32 0"   --->   Operation 532 'specinterface' 'specinterface_ln0' <Predicate = true> <Delay = 0.00>
ST_32 : Operation 533 [1/1] (0.00ns)   --->   "%empty_184 = specchannel i32 @_ssdm_op_SpecChannel, void @arg0_arg1_streams_8_str, i32 1, void @p_str, void @p_str, i32 10, i32 10, i256 %arg0_arg1_streams_8, i256 %arg0_arg1_streams_8"   --->   Operation 533 'specchannel' 'empty_184' <Predicate = true> <Delay = 0.00>
ST_32 : Operation 534 [1/1] (0.00ns)   --->   "%specinterface_ln0 = specinterface void @_ssdm_op_SpecInterface, i256 %arg0_arg1_streams_8, void @empty_2, i32 0, i32 0, void @empty_18, i32 0, i32 0, void @empty_18, void @empty_18, void @empty_18, i32 0, i32 0, i32 0, i32 0, void @empty_18, void @empty_18, i32 4294967295, i32 0"   --->   Operation 534 'specinterface' 'specinterface_ln0' <Predicate = true> <Delay = 0.00>
ST_32 : Operation 535 [1/1] (0.00ns)   --->   "%empty_185 = specchannel i32 @_ssdm_op_SpecChannel, void @arg0_arg1_streams_9_str, i32 1, void @p_str, void @p_str, i32 10, i32 10, i256 %arg0_arg1_streams_9, i256 %arg0_arg1_streams_9"   --->   Operation 535 'specchannel' 'empty_185' <Predicate = true> <Delay = 0.00>
ST_32 : Operation 536 [1/1] (0.00ns)   --->   "%specinterface_ln0 = specinterface void @_ssdm_op_SpecInterface, i256 %arg0_arg1_streams_9, void @empty_2, i32 0, i32 0, void @empty_18, i32 0, i32 0, void @empty_18, void @empty_18, void @empty_18, i32 0, i32 0, i32 0, i32 0, void @empty_18, void @empty_18, i32 4294967295, i32 0"   --->   Operation 536 'specinterface' 'specinterface_ln0' <Predicate = true> <Delay = 0.00>
ST_32 : Operation 537 [1/1] (0.00ns)   --->   "%empty_186 = specchannel i32 @_ssdm_op_SpecChannel, void @arg0_arg1_streams_10_str, i32 1, void @p_str, void @p_str, i32 10, i32 10, i256 %arg0_arg1_streams_10, i256 %arg0_arg1_streams_10"   --->   Operation 537 'specchannel' 'empty_186' <Predicate = true> <Delay = 0.00>
ST_32 : Operation 538 [1/1] (0.00ns)   --->   "%specinterface_ln0 = specinterface void @_ssdm_op_SpecInterface, i256 %arg0_arg1_streams_10, void @empty_2, i32 0, i32 0, void @empty_18, i32 0, i32 0, void @empty_18, void @empty_18, void @empty_18, i32 0, i32 0, i32 0, i32 0, void @empty_18, void @empty_18, i32 4294967295, i32 0"   --->   Operation 538 'specinterface' 'specinterface_ln0' <Predicate = true> <Delay = 0.00>
ST_32 : Operation 539 [1/1] (0.00ns)   --->   "%empty_187 = specchannel i32 @_ssdm_op_SpecChannel, void @arg0_arg1_streams_11_str, i32 1, void @p_str, void @p_str, i32 10, i32 10, i256 %arg0_arg1_streams_11, i256 %arg0_arg1_streams_11"   --->   Operation 539 'specchannel' 'empty_187' <Predicate = true> <Delay = 0.00>
ST_32 : Operation 540 [1/1] (0.00ns)   --->   "%specinterface_ln0 = specinterface void @_ssdm_op_SpecInterface, i256 %arg0_arg1_streams_11, void @empty_2, i32 0, i32 0, void @empty_18, i32 0, i32 0, void @empty_18, void @empty_18, void @empty_18, i32 0, i32 0, i32 0, i32 0, void @empty_18, void @empty_18, i32 4294967295, i32 0"   --->   Operation 540 'specinterface' 'specinterface_ln0' <Predicate = true> <Delay = 0.00>
ST_32 : Operation 541 [1/1] (0.00ns)   --->   "%empty_188 = specchannel i32 @_ssdm_op_SpecChannel, void @arg0_arg1_streams_12_str, i32 1, void @p_str, void @p_str, i32 10, i32 10, i256 %arg0_arg1_streams_12, i256 %arg0_arg1_streams_12"   --->   Operation 541 'specchannel' 'empty_188' <Predicate = true> <Delay = 0.00>
ST_32 : Operation 542 [1/1] (0.00ns)   --->   "%specinterface_ln0 = specinterface void @_ssdm_op_SpecInterface, i256 %arg0_arg1_streams_12, void @empty_2, i32 0, i32 0, void @empty_18, i32 0, i32 0, void @empty_18, void @empty_18, void @empty_18, i32 0, i32 0, i32 0, i32 0, void @empty_18, void @empty_18, i32 4294967295, i32 0"   --->   Operation 542 'specinterface' 'specinterface_ln0' <Predicate = true> <Delay = 0.00>
ST_32 : Operation 543 [1/1] (0.00ns)   --->   "%empty_189 = specchannel i32 @_ssdm_op_SpecChannel, void @arg0_arg1_streams_13_str, i32 1, void @p_str, void @p_str, i32 10, i32 10, i256 %arg0_arg1_streams_13, i256 %arg0_arg1_streams_13"   --->   Operation 543 'specchannel' 'empty_189' <Predicate = true> <Delay = 0.00>
ST_32 : Operation 544 [1/1] (0.00ns)   --->   "%specinterface_ln0 = specinterface void @_ssdm_op_SpecInterface, i256 %arg0_arg1_streams_13, void @empty_2, i32 0, i32 0, void @empty_18, i32 0, i32 0, void @empty_18, void @empty_18, void @empty_18, i32 0, i32 0, i32 0, i32 0, void @empty_18, void @empty_18, i32 4294967295, i32 0"   --->   Operation 544 'specinterface' 'specinterface_ln0' <Predicate = true> <Delay = 0.00>
ST_32 : Operation 545 [1/1] (0.00ns)   --->   "%empty_190 = specchannel i32 @_ssdm_op_SpecChannel, void @arg0_arg1_streams_14_str, i32 1, void @p_str, void @p_str, i32 10, i32 10, i256 %arg0_arg1_streams_14, i256 %arg0_arg1_streams_14"   --->   Operation 545 'specchannel' 'empty_190' <Predicate = true> <Delay = 0.00>
ST_32 : Operation 546 [1/1] (0.00ns)   --->   "%specinterface_ln0 = specinterface void @_ssdm_op_SpecInterface, i256 %arg0_arg1_streams_14, void @empty_2, i32 0, i32 0, void @empty_18, i32 0, i32 0, void @empty_18, void @empty_18, void @empty_18, i32 0, i32 0, i32 0, i32 0, void @empty_18, void @empty_18, i32 4294967295, i32 0"   --->   Operation 546 'specinterface' 'specinterface_ln0' <Predicate = true> <Delay = 0.00>
ST_32 : Operation 547 [1/2] (0.00ns)   --->   "%call_ln49 = call void @stream2axis<256u, 256u>, i256 %arg1_axis_out_V_data_V, i32 %arg1_axis_out_V_keep_V, i32 %arg1_axis_out_V_strb_V, i1 %arg1_axis_out_V_last_V, i256 %arg0_arg1_streams_14, i32 %total_bytes_c" [/home/x_thileeb/repos/ops-hls-pact25-artifact/codegen_apps/jacobian3d/vck5000_project/hls/device/src/kernel_outerloop_0.cpp:49]   --->   Operation 547 'call' 'call_ln49' <Predicate = true> <Delay = 0.00> <CoreType = "Generic">   --->   Core 0 '' <Latency = 0> <II = 1> <Delay = 1.00> <Generic> <Opcode : >
ST_32 : Operation 548 [1/1] (0.00ns)   --->   "%ret_ln51 = ret" [/home/x_thileeb/repos/ops-hls-pact25-artifact/codegen_apps/jacobian3d/vck5000_project/hls/device/src/kernel_outerloop_0.cpp:51]   --->   Operation 548 'ret' 'ret_ln51' <Predicate = true> <Delay = 0.00>


============================================================
+ Verbose Summary: Binding
============================================================
STG Binding: 
---------------- STG Properties BEGIN ----------------
- Is combinational: 0
- Is one-state seq: 0
- Is datapath-only: 0
- Is pipelined: 0
- Is top level: 0
Port [ Return ] is wired: 1; IO mode=ap_ctrl_hs:ce=0
Port [ p_read]:  wired=1; compound=0; hidden=0; nouse=0; global=0; static=0; extern=0; dir=0; type=0; pingpong=0; private_global=0; IO mode=ap_none:ce=0
Port [ p_read1]:  wired=1; compound=0; hidden=0; nouse=0; global=0; static=0; extern=0; dir=0; type=0; pingpong=0; private_global=0; IO mode=ap_none:ce=0
Port [ p_read2]:  wired=1; compound=0; hidden=0; nouse=0; global=0; static=0; extern=0; dir=0; type=0; pingpong=0; private_global=0; IO mode=ap_none:ce=0
Port [ p_read3]:  wired=1; compound=0; hidden=0; nouse=0; global=0; static=0; extern=0; dir=0; type=0; pingpong=0; private_global=0; IO mode=ap_none:ce=0
Port [ p_read4]:  wired=1; compound=0; hidden=0; nouse=0; global=0; static=0; extern=0; dir=0; type=0; pingpong=0; private_global=0; IO mode=ap_none:ce=0
Port [ p_read5]:  wired=1; compound=0; hidden=0; nouse=0; global=0; static=0; extern=0; dir=0; type=0; pingpong=0; private_global=0; IO mode=ap_none:ce=0
Port [ p_read6]:  wired=1; compound=0; hidden=0; nouse=0; global=0; static=0; extern=0; dir=0; type=0; pingpong=0; private_global=0; IO mode=ap_none:ce=0
Port [ p_read7]:  wired=1; compound=0; hidden=0; nouse=0; global=0; static=0; extern=0; dir=0; type=0; pingpong=0; private_global=0; IO mode=ap_none:ce=0
Port [ p_read8]:  wired=1; compound=0; hidden=0; nouse=0; global=0; static=0; extern=0; dir=0; type=0; pingpong=0; private_global=0; IO mode=ap_none:ce=0
Port [ p_read9]:  wired=1; compound=0; hidden=0; nouse=0; global=0; static=0; extern=0; dir=0; type=0; pingpong=0; private_global=0; IO mode=ap_none:ce=0
Port [ total_bytes]:  wired=1; compound=0; hidden=0; nouse=0; global=0; static=0; extern=0; dir=0; type=0; pingpong=0; private_global=0; IO mode=ap_none:ce=0
Port [ arg0_axis_in_V_data_V]:  wired=1; compound=1; hidden=0; nouse=0; global=0; static=0; extern=0; dir=0; type=0; pingpong=0; private_global=0; IO mode=axis:ce=0
Port [ arg0_axis_in_V_keep_V]:  wired=1; compound=1; hidden=0; nouse=0; global=0; static=0; extern=0; dir=0; type=0; pingpong=0; private_global=0; IO mode=axis:ce=0
Port [ arg0_axis_in_V_strb_V]:  wired=1; compound=1; hidden=0; nouse=0; global=0; static=0; extern=0; dir=0; type=0; pingpong=0; private_global=0; IO mode=axis:ce=0
Port [ arg0_axis_in_V_last_V]:  wired=1; compound=1; hidden=0; nouse=0; global=0; static=0; extern=0; dir=0; type=0; pingpong=0; private_global=0; IO mode=axis:ce=0
Port [ arg1_axis_out_V_data_V]:  wired=1; compound=1; hidden=0; nouse=0; global=0; static=0; extern=0; dir=1; type=0; pingpong=0; private_global=0; IO mode=axis:ce=0
Port [ arg1_axis_out_V_keep_V]:  wired=1; compound=1; hidden=0; nouse=0; global=0; static=0; extern=0; dir=1; type=0; pingpong=0; private_global=0; IO mode=axis:ce=0
Port [ arg1_axis_out_V_strb_V]:  wired=1; compound=1; hidden=0; nouse=0; global=0; static=0; extern=0; dir=1; type=0; pingpong=0; private_global=0; IO mode=axis:ce=0
Port [ arg1_axis_out_V_last_V]:  wired=1; compound=1; hidden=0; nouse=0; global=0; static=0; extern=0; dir=1; type=0; pingpong=0; private_global=0; IO mode=axis:ce=0
---------------- STG Properties END ------------------

---------------- Datapath Model BEGIN ----------------

<LifeTime>
<method=bitvector/>
total_bytes_read                    (read                ) [ 001000000000000000000000000000000]
p_read_15                           (read                ) [ 000000000000000000000000000000000]
p_read_16                           (read                ) [ 000000000000000000000000000000000]
p_read_17                           (read                ) [ 000000000000000000000000000000000]
p_read616                           (read                ) [ 000000000000000000000000000000000]
p_read515                           (read                ) [ 000000000000000000000000000000000]
p_read414                           (read                ) [ 000000000000000000000000000000000]
p_read313                           (read                ) [ 000000000000000000000000000000000]
p_read212                           (read                ) [ 000000000000000000000000000000000]
p_read111                           (read                ) [ 000000000000000000000000000000000]
p_read_18                           (read                ) [ 000000000000000000000000000000000]
total_bytes_c                       (alloca              ) [ 011111111111111111111111111111111]
stencilConfig_outer_loop_limit_c164 (alloca              ) [ 011111111111111111111111111111111]
stencilConfig_outer_loop_limit_c163 (alloca              ) [ 001111111111111111111111111111111]
stencilConfig_outer_loop_limit_c162 (alloca              ) [ 001111111111111111111111111111111]
stencilConfig_outer_loop_limit_c161 (alloca              ) [ 001111111111111111111111111111111]
stencilConfig_outer_loop_limit_c160 (alloca              ) [ 001111111111111111111111111111111]
stencilConfig_outer_loop_limit_c159 (alloca              ) [ 001111111111111111111111111111111]
stencilConfig_outer_loop_limit_c158 (alloca              ) [ 001111111111111111111111111111111]
stencilConfig_outer_loop_limit_c157 (alloca              ) [ 001111111111111111111111111111111]
stencilConfig_outer_loop_limit_c156 (alloca              ) [ 001111111111111111111111111111111]
stencilConfig_outer_loop_limit_c155 (alloca              ) [ 001111111111111111111111111111111]
stencilConfig_outer_loop_limit_c154 (alloca              ) [ 001111111111111111111111111111111]
stencilConfig_outer_loop_limit_c153 (alloca              ) [ 001111111111111111111111111111111]
stencilConfig_outer_loop_limit_c152 (alloca              ) [ 001111111111111111111111111111111]
stencilConfig_outer_loop_limit_c    (alloca              ) [ 001111111111111111111111111111111]
stencilConfig_upper_limit_2_c151    (alloca              ) [ 011111111111111111111111111111111]
stencilConfig_upper_limit_2_c150    (alloca              ) [ 001111111111111111111111111111111]
stencilConfig_upper_limit_2_c149    (alloca              ) [ 001111111111111111111111111111111]
stencilConfig_upper_limit_2_c148    (alloca              ) [ 001111111111111111111111111111111]
stencilConfig_upper_limit_2_c147    (alloca              ) [ 001111111111111111111111111111111]
stencilConfig_upper_limit_2_c146    (alloca              ) [ 001111111111111111111111111111111]
stencilConfig_upper_limit_2_c145    (alloca              ) [ 001111111111111111111111111111111]
stencilConfig_upper_limit_2_c144    (alloca              ) [ 001111111111111111111111111111111]
stencilConfig_upper_limit_2_c143    (alloca              ) [ 001111111111111111111111111111111]
stencilConfig_upper_limit_2_c142    (alloca              ) [ 001111111111111111111111111111111]
stencilConfig_upper_limit_2_c141    (alloca              ) [ 001111111111111111111111111111111]
stencilConfig_upper_limit_2_c140    (alloca              ) [ 001111111111111111111111111111111]
stencilConfig_upper_limit_2_c139    (alloca              ) [ 001111111111111111111111111111111]
stencilConfig_upper_limit_2_c       (alloca              ) [ 001111111111111111111111111111111]
stencilConfig_upper_limit_1_c138    (alloca              ) [ 011111111111111111111111111111111]
stencilConfig_upper_limit_1_c137    (alloca              ) [ 001111111111111111111111111111111]
stencilConfig_upper_limit_1_c136    (alloca              ) [ 001111111111111111111111111111111]
stencilConfig_upper_limit_1_c135    (alloca              ) [ 001111111111111111111111111111111]
stencilConfig_upper_limit_1_c134    (alloca              ) [ 001111111111111111111111111111111]
stencilConfig_upper_limit_1_c133    (alloca              ) [ 001111111111111111111111111111111]
stencilConfig_upper_limit_1_c132    (alloca              ) [ 001111111111111111111111111111111]
stencilConfig_upper_limit_1_c131    (alloca              ) [ 001111111111111111111111111111111]
stencilConfig_upper_limit_1_c130    (alloca              ) [ 001111111111111111111111111111111]
stencilConfig_upper_limit_1_c129    (alloca              ) [ 001111111111111111111111111111111]
stencilConfig_upper_limit_1_c128    (alloca              ) [ 001111111111111111111111111111111]
stencilConfig_upper_limit_1_c127    (alloca              ) [ 001111111111111111111111111111111]
stencilConfig_upper_limit_1_c126    (alloca              ) [ 001111111111111111111111111111111]
stencilConfig_upper_limit_1_c       (alloca              ) [ 001111111111111111111111111111111]
stencilConfig_upper_limit_0_c125    (alloca              ) [ 011111111111111111111111111111111]
stencilConfig_upper_limit_0_c124    (alloca              ) [ 001111111111111111111111111111111]
stencilConfig_upper_limit_0_c123    (alloca              ) [ 001111111111111111111111111111111]
stencilConfig_upper_limit_0_c122    (alloca              ) [ 001111111111111111111111111111111]
stencilConfig_upper_limit_0_c121    (alloca              ) [ 001111111111111111111111111111111]
stencilConfig_upper_limit_0_c120    (alloca              ) [ 001111111111111111111111111111111]
stencilConfig_upper_limit_0_c119    (alloca              ) [ 001111111111111111111111111111111]
stencilConfig_upper_limit_0_c118    (alloca              ) [ 001111111111111111111111111111111]
stencilConfig_upper_limit_0_c117    (alloca              ) [ 001111111111111111111111111111111]
stencilConfig_upper_limit_0_c116    (alloca              ) [ 001111111111111111111111111111111]
stencilConfig_upper_limit_0_c115    (alloca              ) [ 001111111111111111111111111111111]
stencilConfig_upper_limit_0_c114    (alloca              ) [ 001111111111111111111111111111111]
stencilConfig_upper_limit_0_c113    (alloca              ) [ 001111111111111111111111111111111]
stencilConfig_upper_limit_0_c       (alloca              ) [ 001111111111111111111111111111111]
stencilConfig_lower_limit_2_c112    (alloca              ) [ 011111111111111111111111111111111]
stencilConfig_lower_limit_2_c111    (alloca              ) [ 001111111111111111111111111111111]
stencilConfig_lower_limit_2_c110    (alloca              ) [ 001111111111111111111111111111111]
stencilConfig_lower_limit_2_c109    (alloca              ) [ 001111111111111111111111111111111]
stencilConfig_lower_limit_2_c108    (alloca              ) [ 001111111111111111111111111111111]
stencilConfig_lower_limit_2_c107    (alloca              ) [ 001111111111111111111111111111111]
stencilConfig_lower_limit_2_c106    (alloca              ) [ 001111111111111111111111111111111]
stencilConfig_lower_limit_2_c105    (alloca              ) [ 001111111111111111111111111111111]
stencilConfig_lower_limit_2_c104    (alloca              ) [ 001111111111111111111111111111111]
stencilConfig_lower_limit_2_c103    (alloca              ) [ 001111111111111111111111111111111]
stencilConfig_lower_limit_2_c102    (alloca              ) [ 001111111111111111111111111111111]
stencilConfig_lower_limit_2_c101    (alloca              ) [ 001111111111111111111111111111111]
stencilConfig_lower_limit_2_c100    (alloca              ) [ 001111111111111111111111111111111]
stencilConfig_lower_limit_2_c       (alloca              ) [ 001111111111111111111111111111111]
stencilConfig_lower_limit_1_c99     (alloca              ) [ 011111111111111111111111111111111]
stencilConfig_lower_limit_1_c98     (alloca              ) [ 001111111111111111111111111111111]
stencilConfig_lower_limit_1_c97     (alloca              ) [ 001111111111111111111111111111111]
stencilConfig_lower_limit_1_c96     (alloca              ) [ 001111111111111111111111111111111]
stencilConfig_lower_limit_1_c95     (alloca              ) [ 001111111111111111111111111111111]
stencilConfig_lower_limit_1_c94     (alloca              ) [ 001111111111111111111111111111111]
stencilConfig_lower_limit_1_c93     (alloca              ) [ 001111111111111111111111111111111]
stencilConfig_lower_limit_1_c92     (alloca              ) [ 001111111111111111111111111111111]
stencilConfig_lower_limit_1_c91     (alloca              ) [ 001111111111111111111111111111111]
stencilConfig_lower_limit_1_c90     (alloca              ) [ 001111111111111111111111111111111]
stencilConfig_lower_limit_1_c89     (alloca              ) [ 001111111111111111111111111111111]
stencilConfig_lower_limit_1_c88     (alloca              ) [ 001111111111111111111111111111111]
stencilConfig_lower_limit_1_c87     (alloca              ) [ 001111111111111111111111111111111]
stencilConfig_lower_limit_1_c       (alloca              ) [ 001111111111111111111111111111111]
stencilConfig_lower_limit_0_c86     (alloca              ) [ 011111111111111111111111111111111]
stencilConfig_lower_limit_0_c85     (alloca              ) [ 001111111111111111111111111111111]
stencilConfig_lower_limit_0_c84     (alloca              ) [ 001111111111111111111111111111111]
stencilConfig_lower_limit_0_c83     (alloca              ) [ 001111111111111111111111111111111]
stencilConfig_lower_limit_0_c82     (alloca              ) [ 001111111111111111111111111111111]
stencilConfig_lower_limit_0_c81     (alloca              ) [ 001111111111111111111111111111111]
stencilConfig_lower_limit_0_c80     (alloca              ) [ 001111111111111111111111111111111]
stencilConfig_lower_limit_0_c79     (alloca              ) [ 001111111111111111111111111111111]
stencilConfig_lower_limit_0_c78     (alloca              ) [ 001111111111111111111111111111111]
stencilConfig_lower_limit_0_c77     (alloca              ) [ 001111111111111111111111111111111]
stencilConfig_lower_limit_0_c76     (alloca              ) [ 001111111111111111111111111111111]
stencilConfig_lower_limit_0_c75     (alloca              ) [ 001111111111111111111111111111111]
stencilConfig_lower_limit_0_c74     (alloca              ) [ 001111111111111111111111111111111]
stencilConfig_lower_limit_0_c       (alloca              ) [ 001111111111111111111111111111111]
stencilConfig_grid_size_2_c73       (alloca              ) [ 011111111111111111111111111111111]
stencilConfig_grid_size_2_c72       (alloca              ) [ 001111111111111111111111111111111]
stencilConfig_grid_size_2_c71       (alloca              ) [ 001111111111111111111111111111111]
stencilConfig_grid_size_2_c70       (alloca              ) [ 001111111111111111111111111111111]
stencilConfig_grid_size_2_c69       (alloca              ) [ 001111111111111111111111111111111]
stencilConfig_grid_size_2_c68       (alloca              ) [ 001111111111111111111111111111111]
stencilConfig_grid_size_2_c67       (alloca              ) [ 001111111111111111111111111111111]
stencilConfig_grid_size_2_c66       (alloca              ) [ 001111111111111111111111111111111]
stencilConfig_grid_size_2_c65       (alloca              ) [ 001111111111111111111111111111111]
stencilConfig_grid_size_2_c64       (alloca              ) [ 001111111111111111111111111111111]
stencilConfig_grid_size_2_c63       (alloca              ) [ 001111111111111111111111111111111]
stencilConfig_grid_size_2_c62       (alloca              ) [ 001111111111111111111111111111111]
stencilConfig_grid_size_2_c61       (alloca              ) [ 001111111111111111111111111111111]
stencilConfig_grid_size_2_c         (alloca              ) [ 001111111111111111111111111111111]
stencilConfig_grid_size_1_c60       (alloca              ) [ 011111111111111111111111111111111]
stencilConfig_grid_size_1_c59       (alloca              ) [ 001111111111111111111111111111111]
stencilConfig_grid_size_1_c58       (alloca              ) [ 001111111111111111111111111111111]
stencilConfig_grid_size_1_c57       (alloca              ) [ 001111111111111111111111111111111]
stencilConfig_grid_size_1_c56       (alloca              ) [ 001111111111111111111111111111111]
stencilConfig_grid_size_1_c55       (alloca              ) [ 001111111111111111111111111111111]
stencilConfig_grid_size_1_c54       (alloca              ) [ 001111111111111111111111111111111]
stencilConfig_grid_size_1_c53       (alloca              ) [ 001111111111111111111111111111111]
stencilConfig_grid_size_1_c52       (alloca              ) [ 001111111111111111111111111111111]
stencilConfig_grid_size_1_c51       (alloca              ) [ 001111111111111111111111111111111]
stencilConfig_grid_size_1_c50       (alloca              ) [ 001111111111111111111111111111111]
stencilConfig_grid_size_1_c49       (alloca              ) [ 001111111111111111111111111111111]
stencilConfig_grid_size_1_c48       (alloca              ) [ 001111111111111111111111111111111]
stencilConfig_grid_size_1_c         (alloca              ) [ 001111111111111111111111111111111]
stencilConfig_grid_size_0_c47       (alloca              ) [ 011111111111111111111111111111111]
stencilConfig_grid_size_0_c46       (alloca              ) [ 001111111111111111111111111111111]
stencilConfig_grid_size_0_c45       (alloca              ) [ 001111111111111111111111111111111]
stencilConfig_grid_size_0_c44       (alloca              ) [ 001111111111111111111111111111111]
stencilConfig_grid_size_0_c43       (alloca              ) [ 001111111111111111111111111111111]
stencilConfig_grid_size_0_c42       (alloca              ) [ 001111111111111111111111111111111]
stencilConfig_grid_size_0_c41       (alloca              ) [ 001111111111111111111111111111111]
stencilConfig_grid_size_0_c40       (alloca              ) [ 001111111111111111111111111111111]
stencilConfig_grid_size_0_c39       (alloca              ) [ 001111111111111111111111111111111]
stencilConfig_grid_size_0_c38       (alloca              ) [ 001111111111111111111111111111111]
stencilConfig_grid_size_0_c37       (alloca              ) [ 001111111111111111111111111111111]
stencilConfig_grid_size_0_c36       (alloca              ) [ 001111111111111111111111111111111]
stencilConfig_grid_size_0_c35       (alloca              ) [ 001111111111111111111111111111111]
stencilConfig_grid_size_0_c         (alloca              ) [ 001111111111111111111111111111111]
arg0_arg1_streams_0                 (alloca              ) [ 011111111111111111111111111111111]
arg0_arg1_streams_1                 (alloca              ) [ 001111111111111111111111111111111]
arg0_arg1_streams_2                 (alloca              ) [ 001111111111111111111111111111111]
arg0_arg1_streams_3                 (alloca              ) [ 001111111111111111111111111111111]
arg0_arg1_streams_4                 (alloca              ) [ 001111111111111111111111111111111]
arg0_arg1_streams_5                 (alloca              ) [ 001111111111111111111111111111111]
arg0_arg1_streams_6                 (alloca              ) [ 001111111111111111111111111111111]
arg0_arg1_streams_7                 (alloca              ) [ 001111111111111111111111111111111]
arg0_arg1_streams_8                 (alloca              ) [ 001111111111111111111111111111111]
arg0_arg1_streams_9                 (alloca              ) [ 001111111111111111111111111111111]
arg0_arg1_streams_10                (alloca              ) [ 001111111111111111111111111111111]
arg0_arg1_streams_11                (alloca              ) [ 001111111111111111111111111111111]
arg0_arg1_streams_12                (alloca              ) [ 001111111111111111111111111111111]
arg0_arg1_streams_13                (alloca              ) [ 001111111111111111111111111111111]
arg0_arg1_streams_14                (alloca              ) [ 001111111111111111111111111111111]
call_ln0                            (call                ) [ 000000000000000000000000000000000]
call_ln45                           (call                ) [ 000000000000000000000000000000000]
call_ln32                           (call                ) [ 000000000000000000000000000000000]
call_ln32                           (call                ) [ 000000000000000000000000000000000]
call_ln32                           (call                ) [ 000000000000000000000000000000000]
call_ln32                           (call                ) [ 000000000000000000000000000000000]
call_ln32                           (call                ) [ 000000000000000000000000000000000]
call_ln32                           (call                ) [ 000000000000000000000000000000000]
call_ln32                           (call                ) [ 000000000000000000000000000000000]
call_ln32                           (call                ) [ 000000000000000000000000000000000]
call_ln32                           (call                ) [ 000000000000000000000000000000000]
call_ln32                           (call                ) [ 000000000000000000000000000000000]
call_ln32                           (call                ) [ 000000000000000000000000000000000]
call_ln32                           (call                ) [ 000000000000000000000000000000000]
call_ln32                           (call                ) [ 000000000000000000000000000000000]
call_ln32                           (call                ) [ 000000000000000000000000000000000]
empty                               (specchannel         ) [ 000000000000000000000000000000000]
specinterface_ln0                   (specinterface       ) [ 000000000000000000000000000000000]
empty_36                            (specchannel         ) [ 000000000000000000000000000000000]
specinterface_ln0                   (specinterface       ) [ 000000000000000000000000000000000]
empty_37                            (specchannel         ) [ 000000000000000000000000000000000]
specinterface_ln0                   (specinterface       ) [ 000000000000000000000000000000000]
empty_38                            (specchannel         ) [ 000000000000000000000000000000000]
specinterface_ln0                   (specinterface       ) [ 000000000000000000000000000000000]
empty_39                            (specchannel         ) [ 000000000000000000000000000000000]
specinterface_ln0                   (specinterface       ) [ 000000000000000000000000000000000]
empty_40                            (specchannel         ) [ 000000000000000000000000000000000]
specinterface_ln0                   (specinterface       ) [ 000000000000000000000000000000000]
empty_41                            (specchannel         ) [ 000000000000000000000000000000000]
specinterface_ln0                   (specinterface       ) [ 000000000000000000000000000000000]
empty_42                            (specchannel         ) [ 000000000000000000000000000000000]
specinterface_ln0                   (specinterface       ) [ 000000000000000000000000000000000]
empty_43                            (specchannel         ) [ 000000000000000000000000000000000]
specinterface_ln0                   (specinterface       ) [ 000000000000000000000000000000000]
empty_44                            (specchannel         ) [ 000000000000000000000000000000000]
specinterface_ln0                   (specinterface       ) [ 000000000000000000000000000000000]
empty_45                            (specchannel         ) [ 000000000000000000000000000000000]
specinterface_ln0                   (specinterface       ) [ 000000000000000000000000000000000]
empty_46                            (specchannel         ) [ 000000000000000000000000000000000]
specinterface_ln0                   (specinterface       ) [ 000000000000000000000000000000000]
empty_47                            (specchannel         ) [ 000000000000000000000000000000000]
specinterface_ln0                   (specinterface       ) [ 000000000000000000000000000000000]
empty_48                            (specchannel         ) [ 000000000000000000000000000000000]
specinterface_ln0                   (specinterface       ) [ 000000000000000000000000000000000]
empty_49                            (specchannel         ) [ 000000000000000000000000000000000]
specinterface_ln0                   (specinterface       ) [ 000000000000000000000000000000000]
empty_50                            (specchannel         ) [ 000000000000000000000000000000000]
specinterface_ln0                   (specinterface       ) [ 000000000000000000000000000000000]
empty_51                            (specchannel         ) [ 000000000000000000000000000000000]
specinterface_ln0                   (specinterface       ) [ 000000000000000000000000000000000]
empty_52                            (specchannel         ) [ 000000000000000000000000000000000]
specinterface_ln0                   (specinterface       ) [ 000000000000000000000000000000000]
empty_53                            (specchannel         ) [ 000000000000000000000000000000000]
specinterface_ln0                   (specinterface       ) [ 000000000000000000000000000000000]
empty_54                            (specchannel         ) [ 000000000000000000000000000000000]
specinterface_ln0                   (specinterface       ) [ 000000000000000000000000000000000]
empty_55                            (specchannel         ) [ 000000000000000000000000000000000]
specinterface_ln0                   (specinterface       ) [ 000000000000000000000000000000000]
empty_56                            (specchannel         ) [ 000000000000000000000000000000000]
specinterface_ln0                   (specinterface       ) [ 000000000000000000000000000000000]
empty_57                            (specchannel         ) [ 000000000000000000000000000000000]
specinterface_ln0                   (specinterface       ) [ 000000000000000000000000000000000]
empty_58                            (specchannel         ) [ 000000000000000000000000000000000]
specinterface_ln0                   (specinterface       ) [ 000000000000000000000000000000000]
empty_59                            (specchannel         ) [ 000000000000000000000000000000000]
specinterface_ln0                   (specinterface       ) [ 000000000000000000000000000000000]
empty_60                            (specchannel         ) [ 000000000000000000000000000000000]
specinterface_ln0                   (specinterface       ) [ 000000000000000000000000000000000]
empty_61                            (specchannel         ) [ 000000000000000000000000000000000]
specinterface_ln0                   (specinterface       ) [ 000000000000000000000000000000000]
empty_62                            (specchannel         ) [ 000000000000000000000000000000000]
specinterface_ln0                   (specinterface       ) [ 000000000000000000000000000000000]
empty_63                            (specchannel         ) [ 000000000000000000000000000000000]
specinterface_ln0                   (specinterface       ) [ 000000000000000000000000000000000]
empty_64                            (specchannel         ) [ 000000000000000000000000000000000]
specinterface_ln0                   (specinterface       ) [ 000000000000000000000000000000000]
empty_65                            (specchannel         ) [ 000000000000000000000000000000000]
specinterface_ln0                   (specinterface       ) [ 000000000000000000000000000000000]
empty_66                            (specchannel         ) [ 000000000000000000000000000000000]
specinterface_ln0                   (specinterface       ) [ 000000000000000000000000000000000]
empty_67                            (specchannel         ) [ 000000000000000000000000000000000]
specinterface_ln0                   (specinterface       ) [ 000000000000000000000000000000000]
empty_68                            (specchannel         ) [ 000000000000000000000000000000000]
specinterface_ln0                   (specinterface       ) [ 000000000000000000000000000000000]
empty_69                            (specchannel         ) [ 000000000000000000000000000000000]
specinterface_ln0                   (specinterface       ) [ 000000000000000000000000000000000]
empty_70                            (specchannel         ) [ 000000000000000000000000000000000]
specinterface_ln0                   (specinterface       ) [ 000000000000000000000000000000000]
empty_71                            (specchannel         ) [ 000000000000000000000000000000000]
specinterface_ln0                   (specinterface       ) [ 000000000000000000000000000000000]
empty_72                            (specchannel         ) [ 000000000000000000000000000000000]
specinterface_ln0                   (specinterface       ) [ 000000000000000000000000000000000]
empty_73                            (specchannel         ) [ 000000000000000000000000000000000]
specinterface_ln0                   (specinterface       ) [ 000000000000000000000000000000000]
empty_74                            (specchannel         ) [ 000000000000000000000000000000000]
specinterface_ln0                   (specinterface       ) [ 000000000000000000000000000000000]
empty_75                            (specchannel         ) [ 000000000000000000000000000000000]
specinterface_ln0                   (specinterface       ) [ 000000000000000000000000000000000]
empty_76                            (specchannel         ) [ 000000000000000000000000000000000]
specinterface_ln0                   (specinterface       ) [ 000000000000000000000000000000000]
empty_77                            (specchannel         ) [ 000000000000000000000000000000000]
specinterface_ln0                   (specinterface       ) [ 000000000000000000000000000000000]
empty_78                            (specchannel         ) [ 000000000000000000000000000000000]
specinterface_ln0                   (specinterface       ) [ 000000000000000000000000000000000]
empty_79                            (specchannel         ) [ 000000000000000000000000000000000]
specinterface_ln0                   (specinterface       ) [ 000000000000000000000000000000000]
empty_80                            (specchannel         ) [ 000000000000000000000000000000000]
specinterface_ln0                   (specinterface       ) [ 000000000000000000000000000000000]
empty_81                            (specchannel         ) [ 000000000000000000000000000000000]
specinterface_ln0                   (specinterface       ) [ 000000000000000000000000000000000]
empty_82                            (specchannel         ) [ 000000000000000000000000000000000]
specinterface_ln0                   (specinterface       ) [ 000000000000000000000000000000000]
empty_83                            (specchannel         ) [ 000000000000000000000000000000000]
specinterface_ln0                   (specinterface       ) [ 000000000000000000000000000000000]
empty_84                            (specchannel         ) [ 000000000000000000000000000000000]
specinterface_ln0                   (specinterface       ) [ 000000000000000000000000000000000]
empty_85                            (specchannel         ) [ 000000000000000000000000000000000]
specinterface_ln0                   (specinterface       ) [ 000000000000000000000000000000000]
empty_86                            (specchannel         ) [ 000000000000000000000000000000000]
specinterface_ln0                   (specinterface       ) [ 000000000000000000000000000000000]
empty_87                            (specchannel         ) [ 000000000000000000000000000000000]
specinterface_ln0                   (specinterface       ) [ 000000000000000000000000000000000]
empty_88                            (specchannel         ) [ 000000000000000000000000000000000]
specinterface_ln0                   (specinterface       ) [ 000000000000000000000000000000000]
empty_89                            (specchannel         ) [ 000000000000000000000000000000000]
specinterface_ln0                   (specinterface       ) [ 000000000000000000000000000000000]
empty_90                            (specchannel         ) [ 000000000000000000000000000000000]
specinterface_ln0                   (specinterface       ) [ 000000000000000000000000000000000]
empty_91                            (specchannel         ) [ 000000000000000000000000000000000]
specinterface_ln0                   (specinterface       ) [ 000000000000000000000000000000000]
empty_92                            (specchannel         ) [ 000000000000000000000000000000000]
specinterface_ln0                   (specinterface       ) [ 000000000000000000000000000000000]
empty_93                            (specchannel         ) [ 000000000000000000000000000000000]
specinterface_ln0                   (specinterface       ) [ 000000000000000000000000000000000]
empty_94                            (specchannel         ) [ 000000000000000000000000000000000]
specinterface_ln0                   (specinterface       ) [ 000000000000000000000000000000000]
empty_95                            (specchannel         ) [ 000000000000000000000000000000000]
specinterface_ln0                   (specinterface       ) [ 000000000000000000000000000000000]
empty_96                            (specchannel         ) [ 000000000000000000000000000000000]
specinterface_ln0                   (specinterface       ) [ 000000000000000000000000000000000]
empty_97                            (specchannel         ) [ 000000000000000000000000000000000]
specinterface_ln0                   (specinterface       ) [ 000000000000000000000000000000000]
empty_98                            (specchannel         ) [ 000000000000000000000000000000000]
specinterface_ln0                   (specinterface       ) [ 000000000000000000000000000000000]
empty_99                            (specchannel         ) [ 000000000000000000000000000000000]
specinterface_ln0                   (specinterface       ) [ 000000000000000000000000000000000]
empty_100                           (specchannel         ) [ 000000000000000000000000000000000]
specinterface_ln0                   (specinterface       ) [ 000000000000000000000000000000000]
empty_101                           (specchannel         ) [ 000000000000000000000000000000000]
specinterface_ln0                   (specinterface       ) [ 000000000000000000000000000000000]
empty_102                           (specchannel         ) [ 000000000000000000000000000000000]
specinterface_ln0                   (specinterface       ) [ 000000000000000000000000000000000]
empty_103                           (specchannel         ) [ 000000000000000000000000000000000]
specinterface_ln0                   (specinterface       ) [ 000000000000000000000000000000000]
empty_104                           (specchannel         ) [ 000000000000000000000000000000000]
specinterface_ln0                   (specinterface       ) [ 000000000000000000000000000000000]
empty_105                           (specchannel         ) [ 000000000000000000000000000000000]
specinterface_ln0                   (specinterface       ) [ 000000000000000000000000000000000]
empty_106                           (specchannel         ) [ 000000000000000000000000000000000]
specinterface_ln0                   (specinterface       ) [ 000000000000000000000000000000000]
empty_107                           (specchannel         ) [ 000000000000000000000000000000000]
specinterface_ln0                   (specinterface       ) [ 000000000000000000000000000000000]
empty_108                           (specchannel         ) [ 000000000000000000000000000000000]
specinterface_ln0                   (specinterface       ) [ 000000000000000000000000000000000]
empty_109                           (specchannel         ) [ 000000000000000000000000000000000]
specinterface_ln0                   (specinterface       ) [ 000000000000000000000000000000000]
empty_110                           (specchannel         ) [ 000000000000000000000000000000000]
specinterface_ln0                   (specinterface       ) [ 000000000000000000000000000000000]
empty_111                           (specchannel         ) [ 000000000000000000000000000000000]
specinterface_ln0                   (specinterface       ) [ 000000000000000000000000000000000]
empty_112                           (specchannel         ) [ 000000000000000000000000000000000]
specinterface_ln0                   (specinterface       ) [ 000000000000000000000000000000000]
empty_113                           (specchannel         ) [ 000000000000000000000000000000000]
specinterface_ln0                   (specinterface       ) [ 000000000000000000000000000000000]
empty_114                           (specchannel         ) [ 000000000000000000000000000000000]
specinterface_ln0                   (specinterface       ) [ 000000000000000000000000000000000]
empty_115                           (specchannel         ) [ 000000000000000000000000000000000]
specinterface_ln0                   (specinterface       ) [ 000000000000000000000000000000000]
empty_116                           (specchannel         ) [ 000000000000000000000000000000000]
specinterface_ln0                   (specinterface       ) [ 000000000000000000000000000000000]
empty_117                           (specchannel         ) [ 000000000000000000000000000000000]
specinterface_ln0                   (specinterface       ) [ 000000000000000000000000000000000]
empty_118                           (specchannel         ) [ 000000000000000000000000000000000]
specinterface_ln0                   (specinterface       ) [ 000000000000000000000000000000000]
empty_119                           (specchannel         ) [ 000000000000000000000000000000000]
specinterface_ln0                   (specinterface       ) [ 000000000000000000000000000000000]
empty_120                           (specchannel         ) [ 000000000000000000000000000000000]
specinterface_ln0                   (specinterface       ) [ 000000000000000000000000000000000]
empty_121                           (specchannel         ) [ 000000000000000000000000000000000]
specinterface_ln0                   (specinterface       ) [ 000000000000000000000000000000000]
empty_122                           (specchannel         ) [ 000000000000000000000000000000000]
specinterface_ln0                   (specinterface       ) [ 000000000000000000000000000000000]
empty_123                           (specchannel         ) [ 000000000000000000000000000000000]
specinterface_ln0                   (specinterface       ) [ 000000000000000000000000000000000]
empty_124                           (specchannel         ) [ 000000000000000000000000000000000]
specinterface_ln0                   (specinterface       ) [ 000000000000000000000000000000000]
empty_125                           (specchannel         ) [ 000000000000000000000000000000000]
specinterface_ln0                   (specinterface       ) [ 000000000000000000000000000000000]
empty_126                           (specchannel         ) [ 000000000000000000000000000000000]
specinterface_ln0                   (specinterface       ) [ 000000000000000000000000000000000]
empty_127                           (specchannel         ) [ 000000000000000000000000000000000]
specinterface_ln0                   (specinterface       ) [ 000000000000000000000000000000000]
empty_128                           (specchannel         ) [ 000000000000000000000000000000000]
specinterface_ln0                   (specinterface       ) [ 000000000000000000000000000000000]
empty_129                           (specchannel         ) [ 000000000000000000000000000000000]
specinterface_ln0                   (specinterface       ) [ 000000000000000000000000000000000]
empty_130                           (specchannel         ) [ 000000000000000000000000000000000]
specinterface_ln0                   (specinterface       ) [ 000000000000000000000000000000000]
empty_131                           (specchannel         ) [ 000000000000000000000000000000000]
specinterface_ln0                   (specinterface       ) [ 000000000000000000000000000000000]
empty_132                           (specchannel         ) [ 000000000000000000000000000000000]
specinterface_ln0                   (specinterface       ) [ 000000000000000000000000000000000]
empty_133                           (specchannel         ) [ 000000000000000000000000000000000]
specinterface_ln0                   (specinterface       ) [ 000000000000000000000000000000000]
empty_134                           (specchannel         ) [ 000000000000000000000000000000000]
specinterface_ln0                   (specinterface       ) [ 000000000000000000000000000000000]
empty_135                           (specchannel         ) [ 000000000000000000000000000000000]
specinterface_ln0                   (specinterface       ) [ 000000000000000000000000000000000]
empty_136                           (specchannel         ) [ 000000000000000000000000000000000]
specinterface_ln0                   (specinterface       ) [ 000000000000000000000000000000000]
empty_137                           (specchannel         ) [ 000000000000000000000000000000000]
specinterface_ln0                   (specinterface       ) [ 000000000000000000000000000000000]
empty_138                           (specchannel         ) [ 000000000000000000000000000000000]
specinterface_ln0                   (specinterface       ) [ 000000000000000000000000000000000]
empty_139                           (specchannel         ) [ 000000000000000000000000000000000]
specinterface_ln0                   (specinterface       ) [ 000000000000000000000000000000000]
empty_140                           (specchannel         ) [ 000000000000000000000000000000000]
specinterface_ln0                   (specinterface       ) [ 000000000000000000000000000000000]
empty_141                           (specchannel         ) [ 000000000000000000000000000000000]
specinterface_ln0                   (specinterface       ) [ 000000000000000000000000000000000]
empty_142                           (specchannel         ) [ 000000000000000000000000000000000]
specinterface_ln0                   (specinterface       ) [ 000000000000000000000000000000000]
empty_143                           (specchannel         ) [ 000000000000000000000000000000000]
specinterface_ln0                   (specinterface       ) [ 000000000000000000000000000000000]
empty_144                           (specchannel         ) [ 000000000000000000000000000000000]
specinterface_ln0                   (specinterface       ) [ 000000000000000000000000000000000]
empty_145                           (specchannel         ) [ 000000000000000000000000000000000]
specinterface_ln0                   (specinterface       ) [ 000000000000000000000000000000000]
empty_146                           (specchannel         ) [ 000000000000000000000000000000000]
specinterface_ln0                   (specinterface       ) [ 000000000000000000000000000000000]
empty_147                           (specchannel         ) [ 000000000000000000000000000000000]
specinterface_ln0                   (specinterface       ) [ 000000000000000000000000000000000]
empty_148                           (specchannel         ) [ 000000000000000000000000000000000]
specinterface_ln0                   (specinterface       ) [ 000000000000000000000000000000000]
empty_149                           (specchannel         ) [ 000000000000000000000000000000000]
specinterface_ln0                   (specinterface       ) [ 000000000000000000000000000000000]
empty_150                           (specchannel         ) [ 000000000000000000000000000000000]
specinterface_ln0                   (specinterface       ) [ 000000000000000000000000000000000]
empty_151                           (specchannel         ) [ 000000000000000000000000000000000]
specinterface_ln0                   (specinterface       ) [ 000000000000000000000000000000000]
empty_152                           (specchannel         ) [ 000000000000000000000000000000000]
specinterface_ln0                   (specinterface       ) [ 000000000000000000000000000000000]
empty_153                           (specchannel         ) [ 000000000000000000000000000000000]
specinterface_ln0                   (specinterface       ) [ 000000000000000000000000000000000]
empty_154                           (specchannel         ) [ 000000000000000000000000000000000]
specinterface_ln0                   (specinterface       ) [ 000000000000000000000000000000000]
empty_155                           (specchannel         ) [ 000000000000000000000000000000000]
specinterface_ln0                   (specinterface       ) [ 000000000000000000000000000000000]
empty_156                           (specchannel         ) [ 000000000000000000000000000000000]
specinterface_ln0                   (specinterface       ) [ 000000000000000000000000000000000]
empty_157                           (specchannel         ) [ 000000000000000000000000000000000]
specinterface_ln0                   (specinterface       ) [ 000000000000000000000000000000000]
empty_158                           (specchannel         ) [ 000000000000000000000000000000000]
specinterface_ln0                   (specinterface       ) [ 000000000000000000000000000000000]
empty_159                           (specchannel         ) [ 000000000000000000000000000000000]
specinterface_ln0                   (specinterface       ) [ 000000000000000000000000000000000]
empty_160                           (specchannel         ) [ 000000000000000000000000000000000]
specinterface_ln0                   (specinterface       ) [ 000000000000000000000000000000000]
empty_161                           (specchannel         ) [ 000000000000000000000000000000000]
specinterface_ln0                   (specinterface       ) [ 000000000000000000000000000000000]
empty_162                           (specchannel         ) [ 000000000000000000000000000000000]
specinterface_ln0                   (specinterface       ) [ 000000000000000000000000000000000]
empty_163                           (specchannel         ) [ 000000000000000000000000000000000]
specinterface_ln0                   (specinterface       ) [ 000000000000000000000000000000000]
empty_164                           (specchannel         ) [ 000000000000000000000000000000000]
specinterface_ln0                   (specinterface       ) [ 000000000000000000000000000000000]
empty_165                           (specchannel         ) [ 000000000000000000000000000000000]
specinterface_ln0                   (specinterface       ) [ 000000000000000000000000000000000]
empty_166                           (specchannel         ) [ 000000000000000000000000000000000]
specinterface_ln0                   (specinterface       ) [ 000000000000000000000000000000000]
empty_167                           (specchannel         ) [ 000000000000000000000000000000000]
specinterface_ln0                   (specinterface       ) [ 000000000000000000000000000000000]
empty_168                           (specchannel         ) [ 000000000000000000000000000000000]
specinterface_ln0                   (specinterface       ) [ 000000000000000000000000000000000]
empty_169                           (specchannel         ) [ 000000000000000000000000000000000]
specinterface_ln0                   (specinterface       ) [ 000000000000000000000000000000000]
empty_170                           (specchannel         ) [ 000000000000000000000000000000000]
specinterface_ln0                   (specinterface       ) [ 000000000000000000000000000000000]
empty_171                           (specchannel         ) [ 000000000000000000000000000000000]
specinterface_ln0                   (specinterface       ) [ 000000000000000000000000000000000]
empty_172                           (specchannel         ) [ 000000000000000000000000000000000]
specinterface_ln0                   (specinterface       ) [ 000000000000000000000000000000000]
empty_173                           (specchannel         ) [ 000000000000000000000000000000000]
specinterface_ln0                   (specinterface       ) [ 000000000000000000000000000000000]
empty_174                           (specchannel         ) [ 000000000000000000000000000000000]
specinterface_ln0                   (specinterface       ) [ 000000000000000000000000000000000]
empty_175                           (specchannel         ) [ 000000000000000000000000000000000]
specinterface_ln0                   (specinterface       ) [ 000000000000000000000000000000000]
specdataflowpipeline_ln0            (specdataflowpipeline) [ 000000000000000000000000000000000]
specinterface_ln0                   (specinterface       ) [ 000000000000000000000000000000000]
specinterface_ln0                   (specinterface       ) [ 000000000000000000000000000000000]
empty_176                           (specchannel         ) [ 000000000000000000000000000000000]
specinterface_ln0                   (specinterface       ) [ 000000000000000000000000000000000]
empty_177                           (specchannel         ) [ 000000000000000000000000000000000]
specinterface_ln0                   (specinterface       ) [ 000000000000000000000000000000000]
empty_178                           (specchannel         ) [ 000000000000000000000000000000000]
specinterface_ln0                   (specinterface       ) [ 000000000000000000000000000000000]
empty_179                           (specchannel         ) [ 000000000000000000000000000000000]
specinterface_ln0                   (specinterface       ) [ 000000000000000000000000000000000]
empty_180                           (specchannel         ) [ 000000000000000000000000000000000]
specinterface_ln0                   (specinterface       ) [ 000000000000000000000000000000000]
empty_181                           (specchannel         ) [ 000000000000000000000000000000000]
specinterface_ln0                   (specinterface       ) [ 000000000000000000000000000000000]
empty_182                           (specchannel         ) [ 000000000000000000000000000000000]
specinterface_ln0                   (specinterface       ) [ 000000000000000000000000000000000]
empty_183                           (specchannel         ) [ 000000000000000000000000000000000]
specinterface_ln0                   (specinterface       ) [ 000000000000000000000000000000000]
empty_184                           (specchannel         ) [ 000000000000000000000000000000000]
specinterface_ln0                   (specinterface       ) [ 000000000000000000000000000000000]
empty_185                           (specchannel         ) [ 000000000000000000000000000000000]
specinterface_ln0                   (specinterface       ) [ 000000000000000000000000000000000]
empty_186                           (specchannel         ) [ 000000000000000000000000000000000]
specinterface_ln0                   (specinterface       ) [ 000000000000000000000000000000000]
empty_187                           (specchannel         ) [ 000000000000000000000000000000000]
specinterface_ln0                   (specinterface       ) [ 000000000000000000000000000000000]
empty_188                           (specchannel         ) [ 000000000000000000000000000000000]
specinterface_ln0                   (specinterface       ) [ 000000000000000000000000000000000]
empty_189                           (specchannel         ) [ 000000000000000000000000000000000]
specinterface_ln0                   (specinterface       ) [ 000000000000000000000000000000000]
empty_190                           (specchannel         ) [ 000000000000000000000000000000000]
specinterface_ln0                   (specinterface       ) [ 000000000000000000000000000000000]
call_ln49                           (call                ) [ 000000000000000000000000000000000]
ret_ln51                            (ret                 ) [ 000000000000000000000000000000000]
</LifeTime>

<model>

<comp_list>
<comp id="0" class="1000" name="p_read">
<pin_list>
<pin id="1" dir="1" index="0" bw="1" slack="0"/>
</pin_list>
<bind>
<StgValue><ssdm name="p_read"/></StgValue>
</bind>
</comp>

<comp id="2" class="1000" name="p_read1">
<pin_list>
<pin id="3" dir="1" index="0" bw="1" slack="0"/>
</pin_list>
<bind>
<StgValue><ssdm name="p_read1"/></StgValue>
</bind>
</comp>

<comp id="4" class="1000" name="p_read2">
<pin_list>
<pin id="5" dir="1" index="0" bw="1" slack="0"/>
</pin_list>
<bind>
<StgValue><ssdm name="p_read2"/></StgValue>
</bind>
</comp>

<comp id="6" class="1000" name="p_read3">
<pin_list>
<pin id="7" dir="1" index="0" bw="1" slack="0"/>
</pin_list>
<bind>
<StgValue><ssdm name="p_read3"/></StgValue>
</bind>
</comp>

<comp id="8" class="1000" name="p_read4">
<pin_list>
<pin id="9" dir="1" index="0" bw="1" slack="0"/>
</pin_list>
<bind>
<StgValue><ssdm name="p_read4"/></StgValue>
</bind>
</comp>

<comp id="10" class="1000" name="p_read5">
<pin_list>
<pin id="11" dir="1" index="0" bw="1" slack="0"/>
</pin_list>
<bind>
<StgValue><ssdm name="p_read5"/></StgValue>
</bind>
</comp>

<comp id="12" class="1000" name="p_read6">
<pin_list>
<pin id="13" dir="1" index="0" bw="1" slack="0"/>
</pin_list>
<bind>
<StgValue><ssdm name="p_read6"/></StgValue>
</bind>
</comp>

<comp id="14" class="1000" name="p_read7">
<pin_list>
<pin id="15" dir="1" index="0" bw="1" slack="0"/>
</pin_list>
<bind>
<StgValue><ssdm name="p_read7"/></StgValue>
</bind>
</comp>

<comp id="16" class="1000" name="p_read8">
<pin_list>
<pin id="17" dir="1" index="0" bw="1" slack="0"/>
</pin_list>
<bind>
<StgValue><ssdm name="p_read8"/></StgValue>
</bind>
</comp>

<comp id="18" class="1000" name="p_read9">
<pin_list>
<pin id="19" dir="1" index="0" bw="1" slack="0"/>
</pin_list>
<bind>
<StgValue><ssdm name="p_read9"/></StgValue>
</bind>
</comp>

<comp id="20" class="1000" name="total_bytes">
<pin_list>
<pin id="21" dir="1" index="0" bw="1" slack="0"/>
</pin_list>
<bind>
<StgValue><ssdm name="total_bytes"/></StgValue>
</bind>
</comp>

<comp id="22" class="1000" name="arg0_axis_in_V_data_V">
<pin_list>
<pin id="23" dir="1" index="0" bw="1" slack="0"/>
</pin_list>
<bind>
<StgValue><ssdm name="arg0_axis_in_V_data_V"/></StgValue>
</bind>
</comp>

<comp id="24" class="1000" name="arg0_axis_in_V_keep_V">
<pin_list>
<pin id="25" dir="1" index="0" bw="1" slack="0"/>
</pin_list>
<bind>
<StgValue><ssdm name="arg0_axis_in_V_keep_V"/></StgValue>
</bind>
</comp>

<comp id="26" class="1000" name="arg0_axis_in_V_strb_V">
<pin_list>
<pin id="27" dir="1" index="0" bw="1" slack="0"/>
</pin_list>
<bind>
<StgValue><ssdm name="arg0_axis_in_V_strb_V"/></StgValue>
</bind>
</comp>

<comp id="28" class="1000" name="arg0_axis_in_V_last_V">
<pin_list>
<pin id="29" dir="1" index="0" bw="1" slack="0"/>
</pin_list>
<bind>
<StgValue><ssdm name="arg0_axis_in_V_last_V"/></StgValue>
</bind>
</comp>

<comp id="30" class="1000" name="arg1_axis_out_V_data_V">
<pin_list>
<pin id="31" dir="1" index="0" bw="1" slack="0"/>
</pin_list>
<bind>
<StgValue><ssdm name="arg1_axis_out_V_data_V"/></StgValue>
</bind>
</comp>

<comp id="32" class="1000" name="arg1_axis_out_V_keep_V">
<pin_list>
<pin id="33" dir="1" index="0" bw="1" slack="0"/>
</pin_list>
<bind>
<StgValue><ssdm name="arg1_axis_out_V_keep_V"/></StgValue>
</bind>
</comp>

<comp id="34" class="1000" name="arg1_axis_out_V_strb_V">
<pin_list>
<pin id="35" dir="1" index="0" bw="1" slack="0"/>
</pin_list>
<bind>
<StgValue><ssdm name="arg1_axis_out_V_strb_V"/></StgValue>
</bind>
</comp>

<comp id="36" class="1000" name="arg1_axis_out_V_last_V">
<pin_list>
<pin id="37" dir="1" index="0" bw="1" slack="0"/>
</pin_list>
<bind>
<StgValue><ssdm name="arg1_axis_out_V_last_V"/></StgValue>
</bind>
</comp>

<comp id="38" class="1001" name="const_38">
<pin_list>
<pin id="39" dir="1" index="0" bw="1" slack="0"/>
</pin_list>
<bind>
<StgValue><ssdm name="_ssdm_op_Read.ap_auto.i32"/></StgValue>
</bind>
</comp>

<comp id="40" class="1001" name="const_40">
<pin_list>
<pin id="41" dir="1" index="0" bw="1" slack="0"/>
</pin_list>
<bind>
<StgValue><ssdm name="_ssdm_op_Read.ap_auto.i16"/></StgValue>
</bind>
</comp>

<comp id="42" class="1001" name="const_42">
<pin_list>
<pin id="43" dir="1" index="0" bw="1" slack="0"/>
</pin_list>
<bind>
<StgValue><ssdm name=""/></StgValue>
</bind>
</comp>

<comp id="44" class="1001" name="const_44">
<pin_list>
<pin id="45" dir="1" index="0" bw="1" slack="0"/>
</pin_list>
<bind>
<StgValue><ssdm name="entry_proc"/></StgValue>
</bind>
</comp>

<comp id="46" class="1001" name="const_46">
<pin_list>
<pin id="47" dir="1" index="0" bw="1" slack="0"/>
</pin_list>
<bind>
<StgValue><ssdm name="axis2stream<256u, 256u>"/></StgValue>
</bind>
</comp>

<comp id="48" class="1001" name="const_48">
<pin_list>
<pin id="49" dir="1" index="0" bw="1" slack="0"/>
</pin_list>
<bind>
<StgValue><ssdm name="joint_PE_outerloop_0"/></StgValue>
</bind>
</comp>

<comp id="50" class="1001" name="const_50">
<pin_list>
<pin id="51" dir="1" index="0" bw="1" slack="0"/>
</pin_list>
<bind>
<StgValue><ssdm name="joint_PE_outerloop_0.1"/></StgValue>
</bind>
</comp>

<comp id="52" class="1001" name="const_52">
<pin_list>
<pin id="53" dir="1" index="0" bw="1" slack="0"/>
</pin_list>
<bind>
<StgValue><ssdm name="joint_PE_outerloop_0.2"/></StgValue>
</bind>
</comp>

<comp id="54" class="1001" name="const_54">
<pin_list>
<pin id="55" dir="1" index="0" bw="1" slack="0"/>
</pin_list>
<bind>
<StgValue><ssdm name="joint_PE_outerloop_0.3"/></StgValue>
</bind>
</comp>

<comp id="56" class="1001" name="const_56">
<pin_list>
<pin id="57" dir="1" index="0" bw="1" slack="0"/>
</pin_list>
<bind>
<StgValue><ssdm name="joint_PE_outerloop_0.4"/></StgValue>
</bind>
</comp>

<comp id="58" class="1001" name="const_58">
<pin_list>
<pin id="59" dir="1" index="0" bw="1" slack="0"/>
</pin_list>
<bind>
<StgValue><ssdm name="joint_PE_outerloop_0.5"/></StgValue>
</bind>
</comp>

<comp id="60" class="1001" name="const_60">
<pin_list>
<pin id="61" dir="1" index="0" bw="1" slack="0"/>
</pin_list>
<bind>
<StgValue><ssdm name="joint_PE_outerloop_0.6"/></StgValue>
</bind>
</comp>

<comp id="62" class="1001" name="const_62">
<pin_list>
<pin id="63" dir="1" index="0" bw="1" slack="0"/>
</pin_list>
<bind>
<StgValue><ssdm name="joint_PE_outerloop_0.7"/></StgValue>
</bind>
</comp>

<comp id="64" class="1001" name="const_64">
<pin_list>
<pin id="65" dir="1" index="0" bw="1" slack="0"/>
</pin_list>
<bind>
<StgValue><ssdm name="joint_PE_outerloop_0.8"/></StgValue>
</bind>
</comp>

<comp id="66" class="1001" name="const_66">
<pin_list>
<pin id="67" dir="1" index="0" bw="1" slack="0"/>
</pin_list>
<bind>
<StgValue><ssdm name="joint_PE_outerloop_0.9"/></StgValue>
</bind>
</comp>

<comp id="68" class="1001" name="const_68">
<pin_list>
<pin id="69" dir="1" index="0" bw="1" slack="0"/>
</pin_list>
<bind>
<StgValue><ssdm name="joint_PE_outerloop_0.10"/></StgValue>
</bind>
</comp>

<comp id="70" class="1001" name="const_70">
<pin_list>
<pin id="71" dir="1" index="0" bw="1" slack="0"/>
</pin_list>
<bind>
<StgValue><ssdm name="joint_PE_outerloop_0.11"/></StgValue>
</bind>
</comp>

<comp id="72" class="1001" name="const_72">
<pin_list>
<pin id="73" dir="1" index="0" bw="1" slack="0"/>
</pin_list>
<bind>
<StgValue><ssdm name="joint_PE_outerloop_0.12"/></StgValue>
</bind>
</comp>

<comp id="74" class="1001" name="const_74">
<pin_list>
<pin id="75" dir="1" index="0" bw="1" slack="0"/>
</pin_list>
<bind>
<StgValue><ssdm name="joint_PE_outerloop_0.13"/></StgValue>
</bind>
</comp>

<comp id="76" class="1001" name="const_76">
<pin_list>
<pin id="77" dir="1" index="0" bw="1" slack="0"/>
</pin_list>
<bind>
<StgValue><ssdm name="stream2axis<256u, 256u>"/></StgValue>
</bind>
</comp>

<comp id="78" class="1001" name="const_78">
<pin_list>
<pin id="79" dir="1" index="0" bw="1" slack="2147483647"/>
</pin_list>
<bind>
<StgValue><ssdm name="_ssdm_op_SpecChannel"/></StgValue>
</bind>
</comp>

<comp id="80" class="1001" name="const_80">
<pin_list>
<pin id="81" dir="1" index="0" bw="1" slack="2147483647"/>
</pin_list>
<bind>
<StgValue><ssdm name="total_bytes_c_str"/></StgValue>
</bind>
</comp>

<comp id="82" class="1001" name="const_82">
<pin_list>
<pin id="83" dir="1" index="0" bw="1" slack="2147483647"/>
</pin_list>
<bind>
<StgValue><ssdm name=""/></StgValue>
</bind>
</comp>

<comp id="84" class="1001" name="const_84">
<pin_list>
<pin id="85" dir="1" index="0" bw="1" slack="2147483647"/>
</pin_list>
<bind>
<StgValue><ssdm name="p_str"/></StgValue>
</bind>
</comp>

<comp id="86" class="1001" name="const_86">
<pin_list>
<pin id="87" dir="1" index="0" bw="1" slack="2147483647"/>
</pin_list>
<bind>
<StgValue><ssdm name=""/></StgValue>
</bind>
</comp>

<comp id="88" class="1001" name="const_88">
<pin_list>
<pin id="89" dir="1" index="0" bw="1" slack="2147483647"/>
</pin_list>
<bind>
<StgValue><ssdm name=""/></StgValue>
</bind>
</comp>

<comp id="90" class="1001" name="const_90">
<pin_list>
<pin id="91" dir="1" index="0" bw="1" slack="2147483647"/>
</pin_list>
<bind>
<StgValue><ssdm name="_ssdm_op_SpecInterface"/></StgValue>
</bind>
</comp>

<comp id="92" class="1001" name="const_92">
<pin_list>
<pin id="93" dir="1" index="0" bw="1" slack="2147483647"/>
</pin_list>
<bind>
<StgValue><ssdm name="ap_fifo_str"/></StgValue>
</bind>
</comp>

<comp id="94" class="1001" name="const_94">
<pin_list>
<pin id="95" dir="1" index="0" bw="1" slack="2147483647"/>
</pin_list>
<bind>
<StgValue><ssdm name=""/></StgValue>
</bind>
</comp>

<comp id="96" class="1001" name="const_96">
<pin_list>
<pin id="97" dir="1" index="0" bw="1" slack="2147483647"/>
</pin_list>
<bind>
<StgValue><ssdm name=""/></StgValue>
</bind>
</comp>

<comp id="98" class="1001" name="const_98">
<pin_list>
<pin id="99" dir="1" index="0" bw="1" slack="2147483647"/>
</pin_list>
<bind>
<StgValue><ssdm name="stencilConfig_outer_loop_limit_c164_str"/></StgValue>
</bind>
</comp>

<comp id="100" class="1001" name="const_100">
<pin_list>
<pin id="101" dir="1" index="0" bw="1" slack="2147483647"/>
</pin_list>
<bind>
<StgValue><ssdm name=""/></StgValue>
</bind>
</comp>

<comp id="102" class="1001" name="const_102">
<pin_list>
<pin id="103" dir="1" index="0" bw="1" slack="2147483647"/>
</pin_list>
<bind>
<StgValue><ssdm name="stencilConfig_outer_loop_limit_c163_str"/></StgValue>
</bind>
</comp>

<comp id="104" class="1001" name="const_104">
<pin_list>
<pin id="105" dir="1" index="0" bw="1" slack="2147483647"/>
</pin_list>
<bind>
<StgValue><ssdm name="stencilConfig_outer_loop_limit_c162_str"/></StgValue>
</bind>
</comp>

<comp id="106" class="1001" name="const_106">
<pin_list>
<pin id="107" dir="1" index="0" bw="1" slack="2147483647"/>
</pin_list>
<bind>
<StgValue><ssdm name="stencilConfig_outer_loop_limit_c161_str"/></StgValue>
</bind>
</comp>

<comp id="108" class="1001" name="const_108">
<pin_list>
<pin id="109" dir="1" index="0" bw="1" slack="2147483647"/>
</pin_list>
<bind>
<StgValue><ssdm name="stencilConfig_outer_loop_limit_c160_str"/></StgValue>
</bind>
</comp>

<comp id="110" class="1001" name="const_110">
<pin_list>
<pin id="111" dir="1" index="0" bw="1" slack="2147483647"/>
</pin_list>
<bind>
<StgValue><ssdm name="stencilConfig_outer_loop_limit_c159_str"/></StgValue>
</bind>
</comp>

<comp id="112" class="1001" name="const_112">
<pin_list>
<pin id="113" dir="1" index="0" bw="1" slack="2147483647"/>
</pin_list>
<bind>
<StgValue><ssdm name="stencilConfig_outer_loop_limit_c158_str"/></StgValue>
</bind>
</comp>

<comp id="114" class="1001" name="const_114">
<pin_list>
<pin id="115" dir="1" index="0" bw="1" slack="2147483647"/>
</pin_list>
<bind>
<StgValue><ssdm name="stencilConfig_outer_loop_limit_c157_str"/></StgValue>
</bind>
</comp>

<comp id="116" class="1001" name="const_116">
<pin_list>
<pin id="117" dir="1" index="0" bw="1" slack="2147483647"/>
</pin_list>
<bind>
<StgValue><ssdm name="stencilConfig_outer_loop_limit_c156_str"/></StgValue>
</bind>
</comp>

<comp id="118" class="1001" name="const_118">
<pin_list>
<pin id="119" dir="1" index="0" bw="1" slack="2147483647"/>
</pin_list>
<bind>
<StgValue><ssdm name="stencilConfig_outer_loop_limit_c155_str"/></StgValue>
</bind>
</comp>

<comp id="120" class="1001" name="const_120">
<pin_list>
<pin id="121" dir="1" index="0" bw="1" slack="2147483647"/>
</pin_list>
<bind>
<StgValue><ssdm name="stencilConfig_outer_loop_limit_c154_str"/></StgValue>
</bind>
</comp>

<comp id="122" class="1001" name="const_122">
<pin_list>
<pin id="123" dir="1" index="0" bw="1" slack="2147483647"/>
</pin_list>
<bind>
<StgValue><ssdm name="stencilConfig_outer_loop_limit_c153_str"/></StgValue>
</bind>
</comp>

<comp id="124" class="1001" name="const_124">
<pin_list>
<pin id="125" dir="1" index="0" bw="1" slack="2147483647"/>
</pin_list>
<bind>
<StgValue><ssdm name="stencilConfig_outer_loop_limit_c152_str"/></StgValue>
</bind>
</comp>

<comp id="126" class="1001" name="const_126">
<pin_list>
<pin id="127" dir="1" index="0" bw="1" slack="2147483647"/>
</pin_list>
<bind>
<StgValue><ssdm name="stencilConfig_outer_loop_limit_c_str"/></StgValue>
</bind>
</comp>

<comp id="128" class="1001" name="const_128">
<pin_list>
<pin id="129" dir="1" index="0" bw="1" slack="2147483647"/>
</pin_list>
<bind>
<StgValue><ssdm name="stencilConfig_upper_limit_OC_2_c151_str"/></StgValue>
</bind>
</comp>

<comp id="130" class="1001" name="const_130">
<pin_list>
<pin id="131" dir="1" index="0" bw="1" slack="2147483647"/>
</pin_list>
<bind>
<StgValue><ssdm name="stencilConfig_upper_limit_OC_2_c150_str"/></StgValue>
</bind>
</comp>

<comp id="132" class="1001" name="const_132">
<pin_list>
<pin id="133" dir="1" index="0" bw="1" slack="2147483647"/>
</pin_list>
<bind>
<StgValue><ssdm name="stencilConfig_upper_limit_OC_2_c149_str"/></StgValue>
</bind>
</comp>

<comp id="134" class="1001" name="const_134">
<pin_list>
<pin id="135" dir="1" index="0" bw="1" slack="2147483647"/>
</pin_list>
<bind>
<StgValue><ssdm name="stencilConfig_upper_limit_OC_2_c148_str"/></StgValue>
</bind>
</comp>

<comp id="136" class="1001" name="const_136">
<pin_list>
<pin id="137" dir="1" index="0" bw="1" slack="2147483647"/>
</pin_list>
<bind>
<StgValue><ssdm name="stencilConfig_upper_limit_OC_2_c147_str"/></StgValue>
</bind>
</comp>

<comp id="138" class="1001" name="const_138">
<pin_list>
<pin id="139" dir="1" index="0" bw="1" slack="2147483647"/>
</pin_list>
<bind>
<StgValue><ssdm name="stencilConfig_upper_limit_OC_2_c146_str"/></StgValue>
</bind>
</comp>

<comp id="140" class="1001" name="const_140">
<pin_list>
<pin id="141" dir="1" index="0" bw="1" slack="2147483647"/>
</pin_list>
<bind>
<StgValue><ssdm name="stencilConfig_upper_limit_OC_2_c145_str"/></StgValue>
</bind>
</comp>

<comp id="142" class="1001" name="const_142">
<pin_list>
<pin id="143" dir="1" index="0" bw="1" slack="2147483647"/>
</pin_list>
<bind>
<StgValue><ssdm name="stencilConfig_upper_limit_OC_2_c144_str"/></StgValue>
</bind>
</comp>

<comp id="144" class="1001" name="const_144">
<pin_list>
<pin id="145" dir="1" index="0" bw="1" slack="2147483647"/>
</pin_list>
<bind>
<StgValue><ssdm name="stencilConfig_upper_limit_OC_2_c143_str"/></StgValue>
</bind>
</comp>

<comp id="146" class="1001" name="const_146">
<pin_list>
<pin id="147" dir="1" index="0" bw="1" slack="2147483647"/>
</pin_list>
<bind>
<StgValue><ssdm name="stencilConfig_upper_limit_OC_2_c142_str"/></StgValue>
</bind>
</comp>

<comp id="148" class="1001" name="const_148">
<pin_list>
<pin id="149" dir="1" index="0" bw="1" slack="2147483647"/>
</pin_list>
<bind>
<StgValue><ssdm name="stencilConfig_upper_limit_OC_2_c141_str"/></StgValue>
</bind>
</comp>

<comp id="150" class="1001" name="const_150">
<pin_list>
<pin id="151" dir="1" index="0" bw="1" slack="2147483647"/>
</pin_list>
<bind>
<StgValue><ssdm name="stencilConfig_upper_limit_OC_2_c140_str"/></StgValue>
</bind>
</comp>

<comp id="152" class="1001" name="const_152">
<pin_list>
<pin id="153" dir="1" index="0" bw="1" slack="2147483647"/>
</pin_list>
<bind>
<StgValue><ssdm name="stencilConfig_upper_limit_OC_2_c139_str"/></StgValue>
</bind>
</comp>

<comp id="154" class="1001" name="const_154">
<pin_list>
<pin id="155" dir="1" index="0" bw="1" slack="2147483647"/>
</pin_list>
<bind>
<StgValue><ssdm name="stencilConfig_upper_limit_OC_2_c_str"/></StgValue>
</bind>
</comp>

<comp id="156" class="1001" name="const_156">
<pin_list>
<pin id="157" dir="1" index="0" bw="1" slack="2147483647"/>
</pin_list>
<bind>
<StgValue><ssdm name="stencilConfig_upper_limit_OC_1_c138_str"/></StgValue>
</bind>
</comp>

<comp id="158" class="1001" name="const_158">
<pin_list>
<pin id="159" dir="1" index="0" bw="1" slack="2147483647"/>
</pin_list>
<bind>
<StgValue><ssdm name="stencilConfig_upper_limit_OC_1_c137_str"/></StgValue>
</bind>
</comp>

<comp id="160" class="1001" name="const_160">
<pin_list>
<pin id="161" dir="1" index="0" bw="1" slack="2147483647"/>
</pin_list>
<bind>
<StgValue><ssdm name="stencilConfig_upper_limit_OC_1_c136_str"/></StgValue>
</bind>
</comp>

<comp id="162" class="1001" name="const_162">
<pin_list>
<pin id="163" dir="1" index="0" bw="1" slack="2147483647"/>
</pin_list>
<bind>
<StgValue><ssdm name="stencilConfig_upper_limit_OC_1_c135_str"/></StgValue>
</bind>
</comp>

<comp id="164" class="1001" name="const_164">
<pin_list>
<pin id="165" dir="1" index="0" bw="1" slack="2147483647"/>
</pin_list>
<bind>
<StgValue><ssdm name="stencilConfig_upper_limit_OC_1_c134_str"/></StgValue>
</bind>
</comp>

<comp id="166" class="1001" name="const_166">
<pin_list>
<pin id="167" dir="1" index="0" bw="1" slack="2147483647"/>
</pin_list>
<bind>
<StgValue><ssdm name="stencilConfig_upper_limit_OC_1_c133_str"/></StgValue>
</bind>
</comp>

<comp id="168" class="1001" name="const_168">
<pin_list>
<pin id="169" dir="1" index="0" bw="1" slack="2147483647"/>
</pin_list>
<bind>
<StgValue><ssdm name="stencilConfig_upper_limit_OC_1_c132_str"/></StgValue>
</bind>
</comp>

<comp id="170" class="1001" name="const_170">
<pin_list>
<pin id="171" dir="1" index="0" bw="1" slack="2147483647"/>
</pin_list>
<bind>
<StgValue><ssdm name="stencilConfig_upper_limit_OC_1_c131_str"/></StgValue>
</bind>
</comp>

<comp id="172" class="1001" name="const_172">
<pin_list>
<pin id="173" dir="1" index="0" bw="1" slack="2147483647"/>
</pin_list>
<bind>
<StgValue><ssdm name="stencilConfig_upper_limit_OC_1_c130_str"/></StgValue>
</bind>
</comp>

<comp id="174" class="1001" name="const_174">
<pin_list>
<pin id="175" dir="1" index="0" bw="1" slack="2147483647"/>
</pin_list>
<bind>
<StgValue><ssdm name="stencilConfig_upper_limit_OC_1_c129_str"/></StgValue>
</bind>
</comp>

<comp id="176" class="1001" name="const_176">
<pin_list>
<pin id="177" dir="1" index="0" bw="1" slack="2147483647"/>
</pin_list>
<bind>
<StgValue><ssdm name="stencilConfig_upper_limit_OC_1_c128_str"/></StgValue>
</bind>
</comp>

<comp id="178" class="1001" name="const_178">
<pin_list>
<pin id="179" dir="1" index="0" bw="1" slack="2147483647"/>
</pin_list>
<bind>
<StgValue><ssdm name="stencilConfig_upper_limit_OC_1_c127_str"/></StgValue>
</bind>
</comp>

<comp id="180" class="1001" name="const_180">
<pin_list>
<pin id="181" dir="1" index="0" bw="1" slack="2147483647"/>
</pin_list>
<bind>
<StgValue><ssdm name="stencilConfig_upper_limit_OC_1_c126_str"/></StgValue>
</bind>
</comp>

<comp id="182" class="1001" name="const_182">
<pin_list>
<pin id="183" dir="1" index="0" bw="1" slack="2147483647"/>
</pin_list>
<bind>
<StgValue><ssdm name="stencilConfig_upper_limit_OC_1_c_str"/></StgValue>
</bind>
</comp>

<comp id="184" class="1001" name="const_184">
<pin_list>
<pin id="185" dir="1" index="0" bw="1" slack="2147483647"/>
</pin_list>
<bind>
<StgValue><ssdm name="stencilConfig_upper_limit_OC_0_c125_str"/></StgValue>
</bind>
</comp>

<comp id="186" class="1001" name="const_186">
<pin_list>
<pin id="187" dir="1" index="0" bw="1" slack="2147483647"/>
</pin_list>
<bind>
<StgValue><ssdm name="stencilConfig_upper_limit_OC_0_c124_str"/></StgValue>
</bind>
</comp>

<comp id="188" class="1001" name="const_188">
<pin_list>
<pin id="189" dir="1" index="0" bw="1" slack="2147483647"/>
</pin_list>
<bind>
<StgValue><ssdm name="stencilConfig_upper_limit_OC_0_c123_str"/></StgValue>
</bind>
</comp>

<comp id="190" class="1001" name="const_190">
<pin_list>
<pin id="191" dir="1" index="0" bw="1" slack="2147483647"/>
</pin_list>
<bind>
<StgValue><ssdm name="stencilConfig_upper_limit_OC_0_c122_str"/></StgValue>
</bind>
</comp>

<comp id="192" class="1001" name="const_192">
<pin_list>
<pin id="193" dir="1" index="0" bw="1" slack="2147483647"/>
</pin_list>
<bind>
<StgValue><ssdm name="stencilConfig_upper_limit_OC_0_c121_str"/></StgValue>
</bind>
</comp>

<comp id="194" class="1001" name="const_194">
<pin_list>
<pin id="195" dir="1" index="0" bw="1" slack="2147483647"/>
</pin_list>
<bind>
<StgValue><ssdm name="stencilConfig_upper_limit_OC_0_c120_str"/></StgValue>
</bind>
</comp>

<comp id="196" class="1001" name="const_196">
<pin_list>
<pin id="197" dir="1" index="0" bw="1" slack="2147483647"/>
</pin_list>
<bind>
<StgValue><ssdm name="stencilConfig_upper_limit_OC_0_c119_str"/></StgValue>
</bind>
</comp>

<comp id="198" class="1001" name="const_198">
<pin_list>
<pin id="199" dir="1" index="0" bw="1" slack="2147483647"/>
</pin_list>
<bind>
<StgValue><ssdm name="stencilConfig_upper_limit_OC_0_c118_str"/></StgValue>
</bind>
</comp>

<comp id="200" class="1001" name="const_200">
<pin_list>
<pin id="201" dir="1" index="0" bw="1" slack="2147483647"/>
</pin_list>
<bind>
<StgValue><ssdm name="stencilConfig_upper_limit_OC_0_c117_str"/></StgValue>
</bind>
</comp>

<comp id="202" class="1001" name="const_202">
<pin_list>
<pin id="203" dir="1" index="0" bw="1" slack="2147483647"/>
</pin_list>
<bind>
<StgValue><ssdm name="stencilConfig_upper_limit_OC_0_c116_str"/></StgValue>
</bind>
</comp>

<comp id="204" class="1001" name="const_204">
<pin_list>
<pin id="205" dir="1" index="0" bw="1" slack="2147483647"/>
</pin_list>
<bind>
<StgValue><ssdm name="stencilConfig_upper_limit_OC_0_c115_str"/></StgValue>
</bind>
</comp>

<comp id="206" class="1001" name="const_206">
<pin_list>
<pin id="207" dir="1" index="0" bw="1" slack="2147483647"/>
</pin_list>
<bind>
<StgValue><ssdm name="stencilConfig_upper_limit_OC_0_c114_str"/></StgValue>
</bind>
</comp>

<comp id="208" class="1001" name="const_208">
<pin_list>
<pin id="209" dir="1" index="0" bw="1" slack="2147483647"/>
</pin_list>
<bind>
<StgValue><ssdm name="stencilConfig_upper_limit_OC_0_c113_str"/></StgValue>
</bind>
</comp>

<comp id="210" class="1001" name="const_210">
<pin_list>
<pin id="211" dir="1" index="0" bw="1" slack="2147483647"/>
</pin_list>
<bind>
<StgValue><ssdm name="stencilConfig_upper_limit_OC_0_c_str"/></StgValue>
</bind>
</comp>

<comp id="212" class="1001" name="const_212">
<pin_list>
<pin id="213" dir="1" index="0" bw="1" slack="2147483647"/>
</pin_list>
<bind>
<StgValue><ssdm name="stencilConfig_lower_limit_OC_2_c112_str"/></StgValue>
</bind>
</comp>

<comp id="214" class="1001" name="const_214">
<pin_list>
<pin id="215" dir="1" index="0" bw="1" slack="2147483647"/>
</pin_list>
<bind>
<StgValue><ssdm name="stencilConfig_lower_limit_OC_2_c111_str"/></StgValue>
</bind>
</comp>

<comp id="216" class="1001" name="const_216">
<pin_list>
<pin id="217" dir="1" index="0" bw="1" slack="2147483647"/>
</pin_list>
<bind>
<StgValue><ssdm name="stencilConfig_lower_limit_OC_2_c110_str"/></StgValue>
</bind>
</comp>

<comp id="218" class="1001" name="const_218">
<pin_list>
<pin id="219" dir="1" index="0" bw="1" slack="2147483647"/>
</pin_list>
<bind>
<StgValue><ssdm name="stencilConfig_lower_limit_OC_2_c109_str"/></StgValue>
</bind>
</comp>

<comp id="220" class="1001" name="const_220">
<pin_list>
<pin id="221" dir="1" index="0" bw="1" slack="2147483647"/>
</pin_list>
<bind>
<StgValue><ssdm name="stencilConfig_lower_limit_OC_2_c108_str"/></StgValue>
</bind>
</comp>

<comp id="222" class="1001" name="const_222">
<pin_list>
<pin id="223" dir="1" index="0" bw="1" slack="2147483647"/>
</pin_list>
<bind>
<StgValue><ssdm name="stencilConfig_lower_limit_OC_2_c107_str"/></StgValue>
</bind>
</comp>

<comp id="224" class="1001" name="const_224">
<pin_list>
<pin id="225" dir="1" index="0" bw="1" slack="2147483647"/>
</pin_list>
<bind>
<StgValue><ssdm name="stencilConfig_lower_limit_OC_2_c106_str"/></StgValue>
</bind>
</comp>

<comp id="226" class="1001" name="const_226">
<pin_list>
<pin id="227" dir="1" index="0" bw="1" slack="2147483647"/>
</pin_list>
<bind>
<StgValue><ssdm name="stencilConfig_lower_limit_OC_2_c105_str"/></StgValue>
</bind>
</comp>

<comp id="228" class="1001" name="const_228">
<pin_list>
<pin id="229" dir="1" index="0" bw="1" slack="2147483647"/>
</pin_list>
<bind>
<StgValue><ssdm name="stencilConfig_lower_limit_OC_2_c104_str"/></StgValue>
</bind>
</comp>

<comp id="230" class="1001" name="const_230">
<pin_list>
<pin id="231" dir="1" index="0" bw="1" slack="2147483647"/>
</pin_list>
<bind>
<StgValue><ssdm name="stencilConfig_lower_limit_OC_2_c103_str"/></StgValue>
</bind>
</comp>

<comp id="232" class="1001" name="const_232">
<pin_list>
<pin id="233" dir="1" index="0" bw="1" slack="2147483647"/>
</pin_list>
<bind>
<StgValue><ssdm name="stencilConfig_lower_limit_OC_2_c102_str"/></StgValue>
</bind>
</comp>

<comp id="234" class="1001" name="const_234">
<pin_list>
<pin id="235" dir="1" index="0" bw="1" slack="2147483647"/>
</pin_list>
<bind>
<StgValue><ssdm name="stencilConfig_lower_limit_OC_2_c101_str"/></StgValue>
</bind>
</comp>

<comp id="236" class="1001" name="const_236">
<pin_list>
<pin id="237" dir="1" index="0" bw="1" slack="2147483647"/>
</pin_list>
<bind>
<StgValue><ssdm name="stencilConfig_lower_limit_OC_2_c100_str"/></StgValue>
</bind>
</comp>

<comp id="238" class="1001" name="const_238">
<pin_list>
<pin id="239" dir="1" index="0" bw="1" slack="2147483647"/>
</pin_list>
<bind>
<StgValue><ssdm name="stencilConfig_lower_limit_OC_2_c_str"/></StgValue>
</bind>
</comp>

<comp id="240" class="1001" name="const_240">
<pin_list>
<pin id="241" dir="1" index="0" bw="1" slack="2147483647"/>
</pin_list>
<bind>
<StgValue><ssdm name="stencilConfig_lower_limit_OC_1_c99_str"/></StgValue>
</bind>
</comp>

<comp id="242" class="1001" name="const_242">
<pin_list>
<pin id="243" dir="1" index="0" bw="1" slack="2147483647"/>
</pin_list>
<bind>
<StgValue><ssdm name="stencilConfig_lower_limit_OC_1_c98_str"/></StgValue>
</bind>
</comp>

<comp id="244" class="1001" name="const_244">
<pin_list>
<pin id="245" dir="1" index="0" bw="1" slack="2147483647"/>
</pin_list>
<bind>
<StgValue><ssdm name="stencilConfig_lower_limit_OC_1_c97_str"/></StgValue>
</bind>
</comp>

<comp id="246" class="1001" name="const_246">
<pin_list>
<pin id="247" dir="1" index="0" bw="1" slack="2147483647"/>
</pin_list>
<bind>
<StgValue><ssdm name="stencilConfig_lower_limit_OC_1_c96_str"/></StgValue>
</bind>
</comp>

<comp id="248" class="1001" name="const_248">
<pin_list>
<pin id="249" dir="1" index="0" bw="1" slack="2147483647"/>
</pin_list>
<bind>
<StgValue><ssdm name="stencilConfig_lower_limit_OC_1_c95_str"/></StgValue>
</bind>
</comp>

<comp id="250" class="1001" name="const_250">
<pin_list>
<pin id="251" dir="1" index="0" bw="1" slack="2147483647"/>
</pin_list>
<bind>
<StgValue><ssdm name="stencilConfig_lower_limit_OC_1_c94_str"/></StgValue>
</bind>
</comp>

<comp id="252" class="1001" name="const_252">
<pin_list>
<pin id="253" dir="1" index="0" bw="1" slack="2147483647"/>
</pin_list>
<bind>
<StgValue><ssdm name="stencilConfig_lower_limit_OC_1_c93_str"/></StgValue>
</bind>
</comp>

<comp id="254" class="1001" name="const_254">
<pin_list>
<pin id="255" dir="1" index="0" bw="1" slack="2147483647"/>
</pin_list>
<bind>
<StgValue><ssdm name="stencilConfig_lower_limit_OC_1_c92_str"/></StgValue>
</bind>
</comp>

<comp id="256" class="1001" name="const_256">
<pin_list>
<pin id="257" dir="1" index="0" bw="1" slack="2147483647"/>
</pin_list>
<bind>
<StgValue><ssdm name="stencilConfig_lower_limit_OC_1_c91_str"/></StgValue>
</bind>
</comp>

<comp id="258" class="1001" name="const_258">
<pin_list>
<pin id="259" dir="1" index="0" bw="1" slack="2147483647"/>
</pin_list>
<bind>
<StgValue><ssdm name="stencilConfig_lower_limit_OC_1_c90_str"/></StgValue>
</bind>
</comp>

<comp id="260" class="1001" name="const_260">
<pin_list>
<pin id="261" dir="1" index="0" bw="1" slack="2147483647"/>
</pin_list>
<bind>
<StgValue><ssdm name="stencilConfig_lower_limit_OC_1_c89_str"/></StgValue>
</bind>
</comp>

<comp id="262" class="1001" name="const_262">
<pin_list>
<pin id="263" dir="1" index="0" bw="1" slack="2147483647"/>
</pin_list>
<bind>
<StgValue><ssdm name="stencilConfig_lower_limit_OC_1_c88_str"/></StgValue>
</bind>
</comp>

<comp id="264" class="1001" name="const_264">
<pin_list>
<pin id="265" dir="1" index="0" bw="1" slack="2147483647"/>
</pin_list>
<bind>
<StgValue><ssdm name="stencilConfig_lower_limit_OC_1_c87_str"/></StgValue>
</bind>
</comp>

<comp id="266" class="1001" name="const_266">
<pin_list>
<pin id="267" dir="1" index="0" bw="1" slack="2147483647"/>
</pin_list>
<bind>
<StgValue><ssdm name="stencilConfig_lower_limit_OC_1_c_str"/></StgValue>
</bind>
</comp>

<comp id="268" class="1001" name="const_268">
<pin_list>
<pin id="269" dir="1" index="0" bw="1" slack="2147483647"/>
</pin_list>
<bind>
<StgValue><ssdm name="stencilConfig_lower_limit_OC_0_c86_str"/></StgValue>
</bind>
</comp>

<comp id="270" class="1001" name="const_270">
<pin_list>
<pin id="271" dir="1" index="0" bw="1" slack="2147483647"/>
</pin_list>
<bind>
<StgValue><ssdm name="stencilConfig_lower_limit_OC_0_c85_str"/></StgValue>
</bind>
</comp>

<comp id="272" class="1001" name="const_272">
<pin_list>
<pin id="273" dir="1" index="0" bw="1" slack="2147483647"/>
</pin_list>
<bind>
<StgValue><ssdm name="stencilConfig_lower_limit_OC_0_c84_str"/></StgValue>
</bind>
</comp>

<comp id="274" class="1001" name="const_274">
<pin_list>
<pin id="275" dir="1" index="0" bw="1" slack="2147483647"/>
</pin_list>
<bind>
<StgValue><ssdm name="stencilConfig_lower_limit_OC_0_c83_str"/></StgValue>
</bind>
</comp>

<comp id="276" class="1001" name="const_276">
<pin_list>
<pin id="277" dir="1" index="0" bw="1" slack="2147483647"/>
</pin_list>
<bind>
<StgValue><ssdm name="stencilConfig_lower_limit_OC_0_c82_str"/></StgValue>
</bind>
</comp>

<comp id="278" class="1001" name="const_278">
<pin_list>
<pin id="279" dir="1" index="0" bw="1" slack="2147483647"/>
</pin_list>
<bind>
<StgValue><ssdm name="stencilConfig_lower_limit_OC_0_c81_str"/></StgValue>
</bind>
</comp>

<comp id="280" class="1001" name="const_280">
<pin_list>
<pin id="281" dir="1" index="0" bw="1" slack="2147483647"/>
</pin_list>
<bind>
<StgValue><ssdm name="stencilConfig_lower_limit_OC_0_c80_str"/></StgValue>
</bind>
</comp>

<comp id="282" class="1001" name="const_282">
<pin_list>
<pin id="283" dir="1" index="0" bw="1" slack="2147483647"/>
</pin_list>
<bind>
<StgValue><ssdm name="stencilConfig_lower_limit_OC_0_c79_str"/></StgValue>
</bind>
</comp>

<comp id="284" class="1001" name="const_284">
<pin_list>
<pin id="285" dir="1" index="0" bw="1" slack="2147483647"/>
</pin_list>
<bind>
<StgValue><ssdm name="stencilConfig_lower_limit_OC_0_c78_str"/></StgValue>
</bind>
</comp>

<comp id="286" class="1001" name="const_286">
<pin_list>
<pin id="287" dir="1" index="0" bw="1" slack="2147483647"/>
</pin_list>
<bind>
<StgValue><ssdm name="stencilConfig_lower_limit_OC_0_c77_str"/></StgValue>
</bind>
</comp>

<comp id="288" class="1001" name="const_288">
<pin_list>
<pin id="289" dir="1" index="0" bw="1" slack="2147483647"/>
</pin_list>
<bind>
<StgValue><ssdm name="stencilConfig_lower_limit_OC_0_c76_str"/></StgValue>
</bind>
</comp>

<comp id="290" class="1001" name="const_290">
<pin_list>
<pin id="291" dir="1" index="0" bw="1" slack="2147483647"/>
</pin_list>
<bind>
<StgValue><ssdm name="stencilConfig_lower_limit_OC_0_c75_str"/></StgValue>
</bind>
</comp>

<comp id="292" class="1001" name="const_292">
<pin_list>
<pin id="293" dir="1" index="0" bw="1" slack="2147483647"/>
</pin_list>
<bind>
<StgValue><ssdm name="stencilConfig_lower_limit_OC_0_c74_str"/></StgValue>
</bind>
</comp>

<comp id="294" class="1001" name="const_294">
<pin_list>
<pin id="295" dir="1" index="0" bw="1" slack="2147483647"/>
</pin_list>
<bind>
<StgValue><ssdm name="stencilConfig_lower_limit_OC_0_c_str"/></StgValue>
</bind>
</comp>

<comp id="296" class="1001" name="const_296">
<pin_list>
<pin id="297" dir="1" index="0" bw="1" slack="2147483647"/>
</pin_list>
<bind>
<StgValue><ssdm name="stencilConfig_grid_size_OC_2_c73_str"/></StgValue>
</bind>
</comp>

<comp id="298" class="1001" name="const_298">
<pin_list>
<pin id="299" dir="1" index="0" bw="1" slack="2147483647"/>
</pin_list>
<bind>
<StgValue><ssdm name="stencilConfig_grid_size_OC_2_c72_str"/></StgValue>
</bind>
</comp>

<comp id="300" class="1001" name="const_300">
<pin_list>
<pin id="301" dir="1" index="0" bw="1" slack="2147483647"/>
</pin_list>
<bind>
<StgValue><ssdm name="stencilConfig_grid_size_OC_2_c71_str"/></StgValue>
</bind>
</comp>

<comp id="302" class="1001" name="const_302">
<pin_list>
<pin id="303" dir="1" index="0" bw="1" slack="2147483647"/>
</pin_list>
<bind>
<StgValue><ssdm name="stencilConfig_grid_size_OC_2_c70_str"/></StgValue>
</bind>
</comp>

<comp id="304" class="1001" name="const_304">
<pin_list>
<pin id="305" dir="1" index="0" bw="1" slack="2147483647"/>
</pin_list>
<bind>
<StgValue><ssdm name="stencilConfig_grid_size_OC_2_c69_str"/></StgValue>
</bind>
</comp>

<comp id="306" class="1001" name="const_306">
<pin_list>
<pin id="307" dir="1" index="0" bw="1" slack="2147483647"/>
</pin_list>
<bind>
<StgValue><ssdm name="stencilConfig_grid_size_OC_2_c68_str"/></StgValue>
</bind>
</comp>

<comp id="308" class="1001" name="const_308">
<pin_list>
<pin id="309" dir="1" index="0" bw="1" slack="2147483647"/>
</pin_list>
<bind>
<StgValue><ssdm name="stencilConfig_grid_size_OC_2_c67_str"/></StgValue>
</bind>
</comp>

<comp id="310" class="1001" name="const_310">
<pin_list>
<pin id="311" dir="1" index="0" bw="1" slack="2147483647"/>
</pin_list>
<bind>
<StgValue><ssdm name="stencilConfig_grid_size_OC_2_c66_str"/></StgValue>
</bind>
</comp>

<comp id="312" class="1001" name="const_312">
<pin_list>
<pin id="313" dir="1" index="0" bw="1" slack="2147483647"/>
</pin_list>
<bind>
<StgValue><ssdm name="stencilConfig_grid_size_OC_2_c65_str"/></StgValue>
</bind>
</comp>

<comp id="314" class="1001" name="const_314">
<pin_list>
<pin id="315" dir="1" index="0" bw="1" slack="2147483647"/>
</pin_list>
<bind>
<StgValue><ssdm name="stencilConfig_grid_size_OC_2_c64_str"/></StgValue>
</bind>
</comp>

<comp id="316" class="1001" name="const_316">
<pin_list>
<pin id="317" dir="1" index="0" bw="1" slack="2147483647"/>
</pin_list>
<bind>
<StgValue><ssdm name="stencilConfig_grid_size_OC_2_c63_str"/></StgValue>
</bind>
</comp>

<comp id="318" class="1001" name="const_318">
<pin_list>
<pin id="319" dir="1" index="0" bw="1" slack="2147483647"/>
</pin_list>
<bind>
<StgValue><ssdm name="stencilConfig_grid_size_OC_2_c62_str"/></StgValue>
</bind>
</comp>

<comp id="320" class="1001" name="const_320">
<pin_list>
<pin id="321" dir="1" index="0" bw="1" slack="2147483647"/>
</pin_list>
<bind>
<StgValue><ssdm name="stencilConfig_grid_size_OC_2_c61_str"/></StgValue>
</bind>
</comp>

<comp id="322" class="1001" name="const_322">
<pin_list>
<pin id="323" dir="1" index="0" bw="1" slack="2147483647"/>
</pin_list>
<bind>
<StgValue><ssdm name="stencilConfig_grid_size_OC_2_c_str"/></StgValue>
</bind>
</comp>

<comp id="324" class="1001" name="const_324">
<pin_list>
<pin id="325" dir="1" index="0" bw="1" slack="2147483647"/>
</pin_list>
<bind>
<StgValue><ssdm name="stencilConfig_grid_size_OC_1_c60_str"/></StgValue>
</bind>
</comp>

<comp id="326" class="1001" name="const_326">
<pin_list>
<pin id="327" dir="1" index="0" bw="1" slack="2147483647"/>
</pin_list>
<bind>
<StgValue><ssdm name="stencilConfig_grid_size_OC_1_c59_str"/></StgValue>
</bind>
</comp>

<comp id="328" class="1001" name="const_328">
<pin_list>
<pin id="329" dir="1" index="0" bw="1" slack="2147483647"/>
</pin_list>
<bind>
<StgValue><ssdm name="stencilConfig_grid_size_OC_1_c58_str"/></StgValue>
</bind>
</comp>

<comp id="330" class="1001" name="const_330">
<pin_list>
<pin id="331" dir="1" index="0" bw="1" slack="2147483647"/>
</pin_list>
<bind>
<StgValue><ssdm name="stencilConfig_grid_size_OC_1_c57_str"/></StgValue>
</bind>
</comp>

<comp id="332" class="1001" name="const_332">
<pin_list>
<pin id="333" dir="1" index="0" bw="1" slack="2147483647"/>
</pin_list>
<bind>
<StgValue><ssdm name="stencilConfig_grid_size_OC_1_c56_str"/></StgValue>
</bind>
</comp>

<comp id="334" class="1001" name="const_334">
<pin_list>
<pin id="335" dir="1" index="0" bw="1" slack="2147483647"/>
</pin_list>
<bind>
<StgValue><ssdm name="stencilConfig_grid_size_OC_1_c55_str"/></StgValue>
</bind>
</comp>

<comp id="336" class="1001" name="const_336">
<pin_list>
<pin id="337" dir="1" index="0" bw="1" slack="2147483647"/>
</pin_list>
<bind>
<StgValue><ssdm name="stencilConfig_grid_size_OC_1_c54_str"/></StgValue>
</bind>
</comp>

<comp id="338" class="1001" name="const_338">
<pin_list>
<pin id="339" dir="1" index="0" bw="1" slack="2147483647"/>
</pin_list>
<bind>
<StgValue><ssdm name="stencilConfig_grid_size_OC_1_c53_str"/></StgValue>
</bind>
</comp>

<comp id="340" class="1001" name="const_340">
<pin_list>
<pin id="341" dir="1" index="0" bw="1" slack="2147483647"/>
</pin_list>
<bind>
<StgValue><ssdm name="stencilConfig_grid_size_OC_1_c52_str"/></StgValue>
</bind>
</comp>

<comp id="342" class="1001" name="const_342">
<pin_list>
<pin id="343" dir="1" index="0" bw="1" slack="2147483647"/>
</pin_list>
<bind>
<StgValue><ssdm name="stencilConfig_grid_size_OC_1_c51_str"/></StgValue>
</bind>
</comp>

<comp id="344" class="1001" name="const_344">
<pin_list>
<pin id="345" dir="1" index="0" bw="1" slack="2147483647"/>
</pin_list>
<bind>
<StgValue><ssdm name="stencilConfig_grid_size_OC_1_c50_str"/></StgValue>
</bind>
</comp>

<comp id="346" class="1001" name="const_346">
<pin_list>
<pin id="347" dir="1" index="0" bw="1" slack="2147483647"/>
</pin_list>
<bind>
<StgValue><ssdm name="stencilConfig_grid_size_OC_1_c49_str"/></StgValue>
</bind>
</comp>

<comp id="348" class="1001" name="const_348">
<pin_list>
<pin id="349" dir="1" index="0" bw="1" slack="2147483647"/>
</pin_list>
<bind>
<StgValue><ssdm name="stencilConfig_grid_size_OC_1_c48_str"/></StgValue>
</bind>
</comp>

<comp id="350" class="1001" name="const_350">
<pin_list>
<pin id="351" dir="1" index="0" bw="1" slack="2147483647"/>
</pin_list>
<bind>
<StgValue><ssdm name="stencilConfig_grid_size_OC_1_c_str"/></StgValue>
</bind>
</comp>

<comp id="352" class="1001" name="const_352">
<pin_list>
<pin id="353" dir="1" index="0" bw="1" slack="2147483647"/>
</pin_list>
<bind>
<StgValue><ssdm name="stencilConfig_grid_size_OC_0_c47_str"/></StgValue>
</bind>
</comp>

<comp id="354" class="1001" name="const_354">
<pin_list>
<pin id="355" dir="1" index="0" bw="1" slack="2147483647"/>
</pin_list>
<bind>
<StgValue><ssdm name="stencilConfig_grid_size_OC_0_c46_str"/></StgValue>
</bind>
</comp>

<comp id="356" class="1001" name="const_356">
<pin_list>
<pin id="357" dir="1" index="0" bw="1" slack="2147483647"/>
</pin_list>
<bind>
<StgValue><ssdm name="stencilConfig_grid_size_OC_0_c45_str"/></StgValue>
</bind>
</comp>

<comp id="358" class="1001" name="const_358">
<pin_list>
<pin id="359" dir="1" index="0" bw="1" slack="2147483647"/>
</pin_list>
<bind>
<StgValue><ssdm name="stencilConfig_grid_size_OC_0_c44_str"/></StgValue>
</bind>
</comp>

<comp id="360" class="1001" name="const_360">
<pin_list>
<pin id="361" dir="1" index="0" bw="1" slack="2147483647"/>
</pin_list>
<bind>
<StgValue><ssdm name="stencilConfig_grid_size_OC_0_c43_str"/></StgValue>
</bind>
</comp>

<comp id="362" class="1001" name="const_362">
<pin_list>
<pin id="363" dir="1" index="0" bw="1" slack="2147483647"/>
</pin_list>
<bind>
<StgValue><ssdm name="stencilConfig_grid_size_OC_0_c42_str"/></StgValue>
</bind>
</comp>

<comp id="364" class="1001" name="const_364">
<pin_list>
<pin id="365" dir="1" index="0" bw="1" slack="2147483647"/>
</pin_list>
<bind>
<StgValue><ssdm name="stencilConfig_grid_size_OC_0_c41_str"/></StgValue>
</bind>
</comp>

<comp id="366" class="1001" name="const_366">
<pin_list>
<pin id="367" dir="1" index="0" bw="1" slack="2147483647"/>
</pin_list>
<bind>
<StgValue><ssdm name="stencilConfig_grid_size_OC_0_c40_str"/></StgValue>
</bind>
</comp>

<comp id="368" class="1001" name="const_368">
<pin_list>
<pin id="369" dir="1" index="0" bw="1" slack="2147483647"/>
</pin_list>
<bind>
<StgValue><ssdm name="stencilConfig_grid_size_OC_0_c39_str"/></StgValue>
</bind>
</comp>

<comp id="370" class="1001" name="const_370">
<pin_list>
<pin id="371" dir="1" index="0" bw="1" slack="2147483647"/>
</pin_list>
<bind>
<StgValue><ssdm name="stencilConfig_grid_size_OC_0_c38_str"/></StgValue>
</bind>
</comp>

<comp id="372" class="1001" name="const_372">
<pin_list>
<pin id="373" dir="1" index="0" bw="1" slack="2147483647"/>
</pin_list>
<bind>
<StgValue><ssdm name="stencilConfig_grid_size_OC_0_c37_str"/></StgValue>
</bind>
</comp>

<comp id="374" class="1001" name="const_374">
<pin_list>
<pin id="375" dir="1" index="0" bw="1" slack="2147483647"/>
</pin_list>
<bind>
<StgValue><ssdm name="stencilConfig_grid_size_OC_0_c36_str"/></StgValue>
</bind>
</comp>

<comp id="376" class="1001" name="const_376">
<pin_list>
<pin id="377" dir="1" index="0" bw="1" slack="2147483647"/>
</pin_list>
<bind>
<StgValue><ssdm name="stencilConfig_grid_size_OC_0_c35_str"/></StgValue>
</bind>
</comp>

<comp id="378" class="1001" name="const_378">
<pin_list>
<pin id="379" dir="1" index="0" bw="1" slack="2147483647"/>
</pin_list>
<bind>
<StgValue><ssdm name="stencilConfig_grid_size_OC_0_c_str"/></StgValue>
</bind>
</comp>

<comp id="380" class="1001" name="const_380">
<pin_list>
<pin id="381" dir="1" index="0" bw="1" slack="2147483647"/>
</pin_list>
<bind>
<StgValue><ssdm name="_ssdm_op_SpecDataflowPipeline"/></StgValue>
</bind>
</comp>

<comp id="382" class="1001" name="const_382">
<pin_list>
<pin id="383" dir="1" index="0" bw="1" slack="2147483647"/>
</pin_list>
<bind>
<StgValue><ssdm name="empty_18"/></StgValue>
</bind>
</comp>

<comp id="384" class="1001" name="const_384">
<pin_list>
<pin id="385" dir="1" index="0" bw="1" slack="2147483647"/>
</pin_list>
<bind>
<StgValue><ssdm name="empty_3"/></StgValue>
</bind>
</comp>

<comp id="386" class="1001" name="const_386">
<pin_list>
<pin id="387" dir="1" index="0" bw="1" slack="2147483647"/>
</pin_list>
<bind>
<StgValue><ssdm name="empty_21"/></StgValue>
</bind>
</comp>

<comp id="388" class="1001" name="const_388">
<pin_list>
<pin id="389" dir="1" index="0" bw="1" slack="2147483647"/>
</pin_list>
<bind>
<StgValue><ssdm name="arg0_arg1_streams_0_str"/></StgValue>
</bind>
</comp>

<comp id="390" class="1001" name="const_390">
<pin_list>
<pin id="391" dir="1" index="0" bw="1" slack="2147483647"/>
</pin_list>
<bind>
<StgValue><ssdm name=""/></StgValue>
</bind>
</comp>

<comp id="392" class="1001" name="const_392">
<pin_list>
<pin id="393" dir="1" index="0" bw="1" slack="2147483647"/>
</pin_list>
<bind>
<StgValue><ssdm name="empty_2"/></StgValue>
</bind>
</comp>

<comp id="394" class="1001" name="const_394">
<pin_list>
<pin id="395" dir="1" index="0" bw="1" slack="2147483647"/>
</pin_list>
<bind>
<StgValue><ssdm name="arg0_arg1_streams_1_str"/></StgValue>
</bind>
</comp>

<comp id="396" class="1001" name="const_396">
<pin_list>
<pin id="397" dir="1" index="0" bw="1" slack="2147483647"/>
</pin_list>
<bind>
<StgValue><ssdm name="arg0_arg1_streams_2_str"/></StgValue>
</bind>
</comp>

<comp id="398" class="1001" name="const_398">
<pin_list>
<pin id="399" dir="1" index="0" bw="1" slack="2147483647"/>
</pin_list>
<bind>
<StgValue><ssdm name="arg0_arg1_streams_3_str"/></StgValue>
</bind>
</comp>

<comp id="400" class="1001" name="const_400">
<pin_list>
<pin id="401" dir="1" index="0" bw="1" slack="2147483647"/>
</pin_list>
<bind>
<StgValue><ssdm name="arg0_arg1_streams_4_str"/></StgValue>
</bind>
</comp>

<comp id="402" class="1001" name="const_402">
<pin_list>
<pin id="403" dir="1" index="0" bw="1" slack="2147483647"/>
</pin_list>
<bind>
<StgValue><ssdm name="arg0_arg1_streams_5_str"/></StgValue>
</bind>
</comp>

<comp id="404" class="1001" name="const_404">
<pin_list>
<pin id="405" dir="1" index="0" bw="1" slack="2147483647"/>
</pin_list>
<bind>
<StgValue><ssdm name="arg0_arg1_streams_6_str"/></StgValue>
</bind>
</comp>

<comp id="406" class="1001" name="const_406">
<pin_list>
<pin id="407" dir="1" index="0" bw="1" slack="2147483647"/>
</pin_list>
<bind>
<StgValue><ssdm name="arg0_arg1_streams_7_str"/></StgValue>
</bind>
</comp>

<comp id="408" class="1001" name="const_408">
<pin_list>
<pin id="409" dir="1" index="0" bw="1" slack="2147483647"/>
</pin_list>
<bind>
<StgValue><ssdm name="arg0_arg1_streams_8_str"/></StgValue>
</bind>
</comp>

<comp id="410" class="1001" name="const_410">
<pin_list>
<pin id="411" dir="1" index="0" bw="1" slack="2147483647"/>
</pin_list>
<bind>
<StgValue><ssdm name="arg0_arg1_streams_9_str"/></StgValue>
</bind>
</comp>

<comp id="412" class="1001" name="const_412">
<pin_list>
<pin id="413" dir="1" index="0" bw="1" slack="2147483647"/>
</pin_list>
<bind>
<StgValue><ssdm name="arg0_arg1_streams_10_str"/></StgValue>
</bind>
</comp>

<comp id="414" class="1001" name="const_414">
<pin_list>
<pin id="415" dir="1" index="0" bw="1" slack="2147483647"/>
</pin_list>
<bind>
<StgValue><ssdm name="arg0_arg1_streams_11_str"/></StgValue>
</bind>
</comp>

<comp id="416" class="1001" name="const_416">
<pin_list>
<pin id="417" dir="1" index="0" bw="1" slack="2147483647"/>
</pin_list>
<bind>
<StgValue><ssdm name="arg0_arg1_streams_12_str"/></StgValue>
</bind>
</comp>

<comp id="418" class="1001" name="const_418">
<pin_list>
<pin id="419" dir="1" index="0" bw="1" slack="2147483647"/>
</pin_list>
<bind>
<StgValue><ssdm name="arg0_arg1_streams_13_str"/></StgValue>
</bind>
</comp>

<comp id="420" class="1001" name="const_420">
<pin_list>
<pin id="421" dir="1" index="0" bw="1" slack="2147483647"/>
</pin_list>
<bind>
<StgValue><ssdm name="arg0_arg1_streams_14_str"/></StgValue>
</bind>
</comp>

<comp id="422" class="1004" name="total_bytes_c_fu_422">
<pin_list>
<pin id="423" dir="0" index="0" bw="1" slack="0"/>
<pin id="424" dir="1" index="1" bw="32" slack="0"/>
</pin_list>
<bind>
<opcode="alloca(26) " fcode="alloca"/>
<opset="total_bytes_c/1 "/>
</bind>
</comp>

<comp id="426" class="1004" name="stencilConfig_outer_loop_limit_c164_fu_426">
<pin_list>
<pin id="427" dir="0" index="0" bw="1" slack="0"/>
<pin id="428" dir="1" index="1" bw="16" slack="0"/>
</pin_list>
<bind>
<opcode="alloca(26) " fcode="alloca"/>
<opset="stencilConfig_outer_loop_limit_c164/1 "/>
</bind>
</comp>

<comp id="430" class="1004" name="stencilConfig_outer_loop_limit_c163_fu_430">
<pin_list>
<pin id="431" dir="0" index="0" bw="1" slack="0"/>
<pin id="432" dir="1" index="1" bw="16" slack="2"/>
</pin_list>
<bind>
<opcode="alloca(26) " fcode="alloca"/>
<opset="stencilConfig_outer_loop_limit_c163/1 "/>
</bind>
</comp>

<comp id="434" class="1004" name="stencilConfig_outer_loop_limit_c162_fu_434">
<pin_list>
<pin id="435" dir="0" index="0" bw="1" slack="0"/>
<pin id="436" dir="1" index="1" bw="16" slack="4"/>
</pin_list>
<bind>
<opcode="alloca(26) " fcode="alloca"/>
<opset="stencilConfig_outer_loop_limit_c162/1 "/>
</bind>
</comp>

<comp id="438" class="1004" name="stencilConfig_outer_loop_limit_c161_fu_438">
<pin_list>
<pin id="439" dir="0" index="0" bw="1" slack="0"/>
<pin id="440" dir="1" index="1" bw="16" slack="6"/>
</pin_list>
<bind>
<opcode="alloca(26) " fcode="alloca"/>
<opset="stencilConfig_outer_loop_limit_c161/1 "/>
</bind>
</comp>

<comp id="442" class="1004" name="stencilConfig_outer_loop_limit_c160_fu_442">
<pin_list>
<pin id="443" dir="0" index="0" bw="1" slack="0"/>
<pin id="444" dir="1" index="1" bw="16" slack="8"/>
</pin_list>
<bind>
<opcode="alloca(26) " fcode="alloca"/>
<opset="stencilConfig_outer_loop_limit_c160/1 "/>
</bind>
</comp>

<comp id="446" class="1004" name="stencilConfig_outer_loop_limit_c159_fu_446">
<pin_list>
<pin id="447" dir="0" index="0" bw="1" slack="0"/>
<pin id="448" dir="1" index="1" bw="16" slack="10"/>
</pin_list>
<bind>
<opcode="alloca(26) " fcode="alloca"/>
<opset="stencilConfig_outer_loop_limit_c159/1 "/>
</bind>
</comp>

<comp id="450" class="1004" name="stencilConfig_outer_loop_limit_c158_fu_450">
<pin_list>
<pin id="451" dir="0" index="0" bw="1" slack="0"/>
<pin id="452" dir="1" index="1" bw="16" slack="12"/>
</pin_list>
<bind>
<opcode="alloca(26) " fcode="alloca"/>
<opset="stencilConfig_outer_loop_limit_c158/1 "/>
</bind>
</comp>

<comp id="454" class="1004" name="stencilConfig_outer_loop_limit_c157_fu_454">
<pin_list>
<pin id="455" dir="0" index="0" bw="1" slack="0"/>
<pin id="456" dir="1" index="1" bw="16" slack="14"/>
</pin_list>
<bind>
<opcode="alloca(26) " fcode="alloca"/>
<opset="stencilConfig_outer_loop_limit_c157/1 "/>
</bind>
</comp>

<comp id="458" class="1004" name="stencilConfig_outer_loop_limit_c156_fu_458">
<pin_list>
<pin id="459" dir="0" index="0" bw="1" slack="0"/>
<pin id="460" dir="1" index="1" bw="16" slack="16"/>
</pin_list>
<bind>
<opcode="alloca(26) " fcode="alloca"/>
<opset="stencilConfig_outer_loop_limit_c156/1 "/>
</bind>
</comp>

<comp id="462" class="1004" name="stencilConfig_outer_loop_limit_c155_fu_462">
<pin_list>
<pin id="463" dir="0" index="0" bw="1" slack="0"/>
<pin id="464" dir="1" index="1" bw="16" slack="18"/>
</pin_list>
<bind>
<opcode="alloca(26) " fcode="alloca"/>
<opset="stencilConfig_outer_loop_limit_c155/1 "/>
</bind>
</comp>

<comp id="466" class="1004" name="stencilConfig_outer_loop_limit_c154_fu_466">
<pin_list>
<pin id="467" dir="0" index="0" bw="1" slack="0"/>
<pin id="468" dir="1" index="1" bw="16" slack="20"/>
</pin_list>
<bind>
<opcode="alloca(26) " fcode="alloca"/>
<opset="stencilConfig_outer_loop_limit_c154/1 "/>
</bind>
</comp>

<comp id="470" class="1004" name="stencilConfig_outer_loop_limit_c153_fu_470">
<pin_list>
<pin id="471" dir="0" index="0" bw="1" slack="0"/>
<pin id="472" dir="1" index="1" bw="16" slack="22"/>
</pin_list>
<bind>
<opcode="alloca(26) " fcode="alloca"/>
<opset="stencilConfig_outer_loop_limit_c153/1 "/>
</bind>
</comp>

<comp id="474" class="1004" name="stencilConfig_outer_loop_limit_c152_fu_474">
<pin_list>
<pin id="475" dir="0" index="0" bw="1" slack="0"/>
<pin id="476" dir="1" index="1" bw="16" slack="24"/>
</pin_list>
<bind>
<opcode="alloca(26) " fcode="alloca"/>
<opset="stencilConfig_outer_loop_limit_c152/1 "/>
</bind>
</comp>

<comp id="478" class="1004" name="stencilConfig_outer_loop_limit_c_fu_478">
<pin_list>
<pin id="479" dir="0" index="0" bw="1" slack="0"/>
<pin id="480" dir="1" index="1" bw="16" slack="26"/>
</pin_list>
<bind>
<opcode="alloca(26) " fcode="alloca"/>
<opset="stencilConfig_outer_loop_limit_c/1 "/>
</bind>
</comp>

<comp id="482" class="1004" name="stencilConfig_upper_limit_2_c151_fu_482">
<pin_list>
<pin id="483" dir="0" index="0" bw="1" slack="0"/>
<pin id="484" dir="1" index="1" bw="16" slack="0"/>
</pin_list>
<bind>
<opcode="alloca(26) " fcode="alloca"/>
<opset="stencilConfig_upper_limit_2_c151/1 "/>
</bind>
</comp>

<comp id="486" class="1004" name="stencilConfig_upper_limit_2_c150_fu_486">
<pin_list>
<pin id="487" dir="0" index="0" bw="1" slack="0"/>
<pin id="488" dir="1" index="1" bw="16" slack="2"/>
</pin_list>
<bind>
<opcode="alloca(26) " fcode="alloca"/>
<opset="stencilConfig_upper_limit_2_c150/1 "/>
</bind>
</comp>

<comp id="490" class="1004" name="stencilConfig_upper_limit_2_c149_fu_490">
<pin_list>
<pin id="491" dir="0" index="0" bw="1" slack="0"/>
<pin id="492" dir="1" index="1" bw="16" slack="4"/>
</pin_list>
<bind>
<opcode="alloca(26) " fcode="alloca"/>
<opset="stencilConfig_upper_limit_2_c149/1 "/>
</bind>
</comp>

<comp id="494" class="1004" name="stencilConfig_upper_limit_2_c148_fu_494">
<pin_list>
<pin id="495" dir="0" index="0" bw="1" slack="0"/>
<pin id="496" dir="1" index="1" bw="16" slack="6"/>
</pin_list>
<bind>
<opcode="alloca(26) " fcode="alloca"/>
<opset="stencilConfig_upper_limit_2_c148/1 "/>
</bind>
</comp>

<comp id="498" class="1004" name="stencilConfig_upper_limit_2_c147_fu_498">
<pin_list>
<pin id="499" dir="0" index="0" bw="1" slack="0"/>
<pin id="500" dir="1" index="1" bw="16" slack="8"/>
</pin_list>
<bind>
<opcode="alloca(26) " fcode="alloca"/>
<opset="stencilConfig_upper_limit_2_c147/1 "/>
</bind>
</comp>

<comp id="502" class="1004" name="stencilConfig_upper_limit_2_c146_fu_502">
<pin_list>
<pin id="503" dir="0" index="0" bw="1" slack="0"/>
<pin id="504" dir="1" index="1" bw="16" slack="10"/>
</pin_list>
<bind>
<opcode="alloca(26) " fcode="alloca"/>
<opset="stencilConfig_upper_limit_2_c146/1 "/>
</bind>
</comp>

<comp id="506" class="1004" name="stencilConfig_upper_limit_2_c145_fu_506">
<pin_list>
<pin id="507" dir="0" index="0" bw="1" slack="0"/>
<pin id="508" dir="1" index="1" bw="16" slack="12"/>
</pin_list>
<bind>
<opcode="alloca(26) " fcode="alloca"/>
<opset="stencilConfig_upper_limit_2_c145/1 "/>
</bind>
</comp>

<comp id="510" class="1004" name="stencilConfig_upper_limit_2_c144_fu_510">
<pin_list>
<pin id="511" dir="0" index="0" bw="1" slack="0"/>
<pin id="512" dir="1" index="1" bw="16" slack="14"/>
</pin_list>
<bind>
<opcode="alloca(26) " fcode="alloca"/>
<opset="stencilConfig_upper_limit_2_c144/1 "/>
</bind>
</comp>

<comp id="514" class="1004" name="stencilConfig_upper_limit_2_c143_fu_514">
<pin_list>
<pin id="515" dir="0" index="0" bw="1" slack="0"/>
<pin id="516" dir="1" index="1" bw="16" slack="16"/>
</pin_list>
<bind>
<opcode="alloca(26) " fcode="alloca"/>
<opset="stencilConfig_upper_limit_2_c143/1 "/>
</bind>
</comp>

<comp id="518" class="1004" name="stencilConfig_upper_limit_2_c142_fu_518">
<pin_list>
<pin id="519" dir="0" index="0" bw="1" slack="0"/>
<pin id="520" dir="1" index="1" bw="16" slack="18"/>
</pin_list>
<bind>
<opcode="alloca(26) " fcode="alloca"/>
<opset="stencilConfig_upper_limit_2_c142/1 "/>
</bind>
</comp>

<comp id="522" class="1004" name="stencilConfig_upper_limit_2_c141_fu_522">
<pin_list>
<pin id="523" dir="0" index="0" bw="1" slack="0"/>
<pin id="524" dir="1" index="1" bw="16" slack="20"/>
</pin_list>
<bind>
<opcode="alloca(26) " fcode="alloca"/>
<opset="stencilConfig_upper_limit_2_c141/1 "/>
</bind>
</comp>

<comp id="526" class="1004" name="stencilConfig_upper_limit_2_c140_fu_526">
<pin_list>
<pin id="527" dir="0" index="0" bw="1" slack="0"/>
<pin id="528" dir="1" index="1" bw="16" slack="22"/>
</pin_list>
<bind>
<opcode="alloca(26) " fcode="alloca"/>
<opset="stencilConfig_upper_limit_2_c140/1 "/>
</bind>
</comp>

<comp id="530" class="1004" name="stencilConfig_upper_limit_2_c139_fu_530">
<pin_list>
<pin id="531" dir="0" index="0" bw="1" slack="0"/>
<pin id="532" dir="1" index="1" bw="16" slack="24"/>
</pin_list>
<bind>
<opcode="alloca(26) " fcode="alloca"/>
<opset="stencilConfig_upper_limit_2_c139/1 "/>
</bind>
</comp>

<comp id="534" class="1004" name="stencilConfig_upper_limit_2_c_fu_534">
<pin_list>
<pin id="535" dir="0" index="0" bw="1" slack="0"/>
<pin id="536" dir="1" index="1" bw="16" slack="26"/>
</pin_list>
<bind>
<opcode="alloca(26) " fcode="alloca"/>
<opset="stencilConfig_upper_limit_2_c/1 "/>
</bind>
</comp>

<comp id="538" class="1004" name="stencilConfig_upper_limit_1_c138_fu_538">
<pin_list>
<pin id="539" dir="0" index="0" bw="1" slack="0"/>
<pin id="540" dir="1" index="1" bw="16" slack="0"/>
</pin_list>
<bind>
<opcode="alloca(26) " fcode="alloca"/>
<opset="stencilConfig_upper_limit_1_c138/1 "/>
</bind>
</comp>

<comp id="542" class="1004" name="stencilConfig_upper_limit_1_c137_fu_542">
<pin_list>
<pin id="543" dir="0" index="0" bw="1" slack="0"/>
<pin id="544" dir="1" index="1" bw="16" slack="2"/>
</pin_list>
<bind>
<opcode="alloca(26) " fcode="alloca"/>
<opset="stencilConfig_upper_limit_1_c137/1 "/>
</bind>
</comp>

<comp id="546" class="1004" name="stencilConfig_upper_limit_1_c136_fu_546">
<pin_list>
<pin id="547" dir="0" index="0" bw="1" slack="0"/>
<pin id="548" dir="1" index="1" bw="16" slack="4"/>
</pin_list>
<bind>
<opcode="alloca(26) " fcode="alloca"/>
<opset="stencilConfig_upper_limit_1_c136/1 "/>
</bind>
</comp>

<comp id="550" class="1004" name="stencilConfig_upper_limit_1_c135_fu_550">
<pin_list>
<pin id="551" dir="0" index="0" bw="1" slack="0"/>
<pin id="552" dir="1" index="1" bw="16" slack="6"/>
</pin_list>
<bind>
<opcode="alloca(26) " fcode="alloca"/>
<opset="stencilConfig_upper_limit_1_c135/1 "/>
</bind>
</comp>

<comp id="554" class="1004" name="stencilConfig_upper_limit_1_c134_fu_554">
<pin_list>
<pin id="555" dir="0" index="0" bw="1" slack="0"/>
<pin id="556" dir="1" index="1" bw="16" slack="8"/>
</pin_list>
<bind>
<opcode="alloca(26) " fcode="alloca"/>
<opset="stencilConfig_upper_limit_1_c134/1 "/>
</bind>
</comp>

<comp id="558" class="1004" name="stencilConfig_upper_limit_1_c133_fu_558">
<pin_list>
<pin id="559" dir="0" index="0" bw="1" slack="0"/>
<pin id="560" dir="1" index="1" bw="16" slack="10"/>
</pin_list>
<bind>
<opcode="alloca(26) " fcode="alloca"/>
<opset="stencilConfig_upper_limit_1_c133/1 "/>
</bind>
</comp>

<comp id="562" class="1004" name="stencilConfig_upper_limit_1_c132_fu_562">
<pin_list>
<pin id="563" dir="0" index="0" bw="1" slack="0"/>
<pin id="564" dir="1" index="1" bw="16" slack="12"/>
</pin_list>
<bind>
<opcode="alloca(26) " fcode="alloca"/>
<opset="stencilConfig_upper_limit_1_c132/1 "/>
</bind>
</comp>

<comp id="566" class="1004" name="stencilConfig_upper_limit_1_c131_fu_566">
<pin_list>
<pin id="567" dir="0" index="0" bw="1" slack="0"/>
<pin id="568" dir="1" index="1" bw="16" slack="14"/>
</pin_list>
<bind>
<opcode="alloca(26) " fcode="alloca"/>
<opset="stencilConfig_upper_limit_1_c131/1 "/>
</bind>
</comp>

<comp id="570" class="1004" name="stencilConfig_upper_limit_1_c130_fu_570">
<pin_list>
<pin id="571" dir="0" index="0" bw="1" slack="0"/>
<pin id="572" dir="1" index="1" bw="16" slack="16"/>
</pin_list>
<bind>
<opcode="alloca(26) " fcode="alloca"/>
<opset="stencilConfig_upper_limit_1_c130/1 "/>
</bind>
</comp>

<comp id="574" class="1004" name="stencilConfig_upper_limit_1_c129_fu_574">
<pin_list>
<pin id="575" dir="0" index="0" bw="1" slack="0"/>
<pin id="576" dir="1" index="1" bw="16" slack="18"/>
</pin_list>
<bind>
<opcode="alloca(26) " fcode="alloca"/>
<opset="stencilConfig_upper_limit_1_c129/1 "/>
</bind>
</comp>

<comp id="578" class="1004" name="stencilConfig_upper_limit_1_c128_fu_578">
<pin_list>
<pin id="579" dir="0" index="0" bw="1" slack="0"/>
<pin id="580" dir="1" index="1" bw="16" slack="20"/>
</pin_list>
<bind>
<opcode="alloca(26) " fcode="alloca"/>
<opset="stencilConfig_upper_limit_1_c128/1 "/>
</bind>
</comp>

<comp id="582" class="1004" name="stencilConfig_upper_limit_1_c127_fu_582">
<pin_list>
<pin id="583" dir="0" index="0" bw="1" slack="0"/>
<pin id="584" dir="1" index="1" bw="16" slack="22"/>
</pin_list>
<bind>
<opcode="alloca(26) " fcode="alloca"/>
<opset="stencilConfig_upper_limit_1_c127/1 "/>
</bind>
</comp>

<comp id="586" class="1004" name="stencilConfig_upper_limit_1_c126_fu_586">
<pin_list>
<pin id="587" dir="0" index="0" bw="1" slack="0"/>
<pin id="588" dir="1" index="1" bw="16" slack="24"/>
</pin_list>
<bind>
<opcode="alloca(26) " fcode="alloca"/>
<opset="stencilConfig_upper_limit_1_c126/1 "/>
</bind>
</comp>

<comp id="590" class="1004" name="stencilConfig_upper_limit_1_c_fu_590">
<pin_list>
<pin id="591" dir="0" index="0" bw="1" slack="0"/>
<pin id="592" dir="1" index="1" bw="16" slack="26"/>
</pin_list>
<bind>
<opcode="alloca(26) " fcode="alloca"/>
<opset="stencilConfig_upper_limit_1_c/1 "/>
</bind>
</comp>

<comp id="594" class="1004" name="stencilConfig_upper_limit_0_c125_fu_594">
<pin_list>
<pin id="595" dir="0" index="0" bw="1" slack="0"/>
<pin id="596" dir="1" index="1" bw="16" slack="0"/>
</pin_list>
<bind>
<opcode="alloca(26) " fcode="alloca"/>
<opset="stencilConfig_upper_limit_0_c125/1 "/>
</bind>
</comp>

<comp id="598" class="1004" name="stencilConfig_upper_limit_0_c124_fu_598">
<pin_list>
<pin id="599" dir="0" index="0" bw="1" slack="0"/>
<pin id="600" dir="1" index="1" bw="16" slack="2"/>
</pin_list>
<bind>
<opcode="alloca(26) " fcode="alloca"/>
<opset="stencilConfig_upper_limit_0_c124/1 "/>
</bind>
</comp>

<comp id="602" class="1004" name="stencilConfig_upper_limit_0_c123_fu_602">
<pin_list>
<pin id="603" dir="0" index="0" bw="1" slack="0"/>
<pin id="604" dir="1" index="1" bw="16" slack="4"/>
</pin_list>
<bind>
<opcode="alloca(26) " fcode="alloca"/>
<opset="stencilConfig_upper_limit_0_c123/1 "/>
</bind>
</comp>

<comp id="606" class="1004" name="stencilConfig_upper_limit_0_c122_fu_606">
<pin_list>
<pin id="607" dir="0" index="0" bw="1" slack="0"/>
<pin id="608" dir="1" index="1" bw="16" slack="6"/>
</pin_list>
<bind>
<opcode="alloca(26) " fcode="alloca"/>
<opset="stencilConfig_upper_limit_0_c122/1 "/>
</bind>
</comp>

<comp id="610" class="1004" name="stencilConfig_upper_limit_0_c121_fu_610">
<pin_list>
<pin id="611" dir="0" index="0" bw="1" slack="0"/>
<pin id="612" dir="1" index="1" bw="16" slack="8"/>
</pin_list>
<bind>
<opcode="alloca(26) " fcode="alloca"/>
<opset="stencilConfig_upper_limit_0_c121/1 "/>
</bind>
</comp>

<comp id="614" class="1004" name="stencilConfig_upper_limit_0_c120_fu_614">
<pin_list>
<pin id="615" dir="0" index="0" bw="1" slack="0"/>
<pin id="616" dir="1" index="1" bw="16" slack="10"/>
</pin_list>
<bind>
<opcode="alloca(26) " fcode="alloca"/>
<opset="stencilConfig_upper_limit_0_c120/1 "/>
</bind>
</comp>

<comp id="618" class="1004" name="stencilConfig_upper_limit_0_c119_fu_618">
<pin_list>
<pin id="619" dir="0" index="0" bw="1" slack="0"/>
<pin id="620" dir="1" index="1" bw="16" slack="12"/>
</pin_list>
<bind>
<opcode="alloca(26) " fcode="alloca"/>
<opset="stencilConfig_upper_limit_0_c119/1 "/>
</bind>
</comp>

<comp id="622" class="1004" name="stencilConfig_upper_limit_0_c118_fu_622">
<pin_list>
<pin id="623" dir="0" index="0" bw="1" slack="0"/>
<pin id="624" dir="1" index="1" bw="16" slack="14"/>
</pin_list>
<bind>
<opcode="alloca(26) " fcode="alloca"/>
<opset="stencilConfig_upper_limit_0_c118/1 "/>
</bind>
</comp>

<comp id="626" class="1004" name="stencilConfig_upper_limit_0_c117_fu_626">
<pin_list>
<pin id="627" dir="0" index="0" bw="1" slack="0"/>
<pin id="628" dir="1" index="1" bw="16" slack="16"/>
</pin_list>
<bind>
<opcode="alloca(26) " fcode="alloca"/>
<opset="stencilConfig_upper_limit_0_c117/1 "/>
</bind>
</comp>

<comp id="630" class="1004" name="stencilConfig_upper_limit_0_c116_fu_630">
<pin_list>
<pin id="631" dir="0" index="0" bw="1" slack="0"/>
<pin id="632" dir="1" index="1" bw="16" slack="18"/>
</pin_list>
<bind>
<opcode="alloca(26) " fcode="alloca"/>
<opset="stencilConfig_upper_limit_0_c116/1 "/>
</bind>
</comp>

<comp id="634" class="1004" name="stencilConfig_upper_limit_0_c115_fu_634">
<pin_list>
<pin id="635" dir="0" index="0" bw="1" slack="0"/>
<pin id="636" dir="1" index="1" bw="16" slack="20"/>
</pin_list>
<bind>
<opcode="alloca(26) " fcode="alloca"/>
<opset="stencilConfig_upper_limit_0_c115/1 "/>
</bind>
</comp>

<comp id="638" class="1004" name="stencilConfig_upper_limit_0_c114_fu_638">
<pin_list>
<pin id="639" dir="0" index="0" bw="1" slack="0"/>
<pin id="640" dir="1" index="1" bw="16" slack="22"/>
</pin_list>
<bind>
<opcode="alloca(26) " fcode="alloca"/>
<opset="stencilConfig_upper_limit_0_c114/1 "/>
</bind>
</comp>

<comp id="642" class="1004" name="stencilConfig_upper_limit_0_c113_fu_642">
<pin_list>
<pin id="643" dir="0" index="0" bw="1" slack="0"/>
<pin id="644" dir="1" index="1" bw="16" slack="24"/>
</pin_list>
<bind>
<opcode="alloca(26) " fcode="alloca"/>
<opset="stencilConfig_upper_limit_0_c113/1 "/>
</bind>
</comp>

<comp id="646" class="1004" name="stencilConfig_upper_limit_0_c_fu_646">
<pin_list>
<pin id="647" dir="0" index="0" bw="1" slack="0"/>
<pin id="648" dir="1" index="1" bw="16" slack="26"/>
</pin_list>
<bind>
<opcode="alloca(26) " fcode="alloca"/>
<opset="stencilConfig_upper_limit_0_c/1 "/>
</bind>
</comp>

<comp id="650" class="1004" name="stencilConfig_lower_limit_2_c112_fu_650">
<pin_list>
<pin id="651" dir="0" index="0" bw="1" slack="0"/>
<pin id="652" dir="1" index="1" bw="16" slack="0"/>
</pin_list>
<bind>
<opcode="alloca(26) " fcode="alloca"/>
<opset="stencilConfig_lower_limit_2_c112/1 "/>
</bind>
</comp>

<comp id="654" class="1004" name="stencilConfig_lower_limit_2_c111_fu_654">
<pin_list>
<pin id="655" dir="0" index="0" bw="1" slack="0"/>
<pin id="656" dir="1" index="1" bw="16" slack="2"/>
</pin_list>
<bind>
<opcode="alloca(26) " fcode="alloca"/>
<opset="stencilConfig_lower_limit_2_c111/1 "/>
</bind>
</comp>

<comp id="658" class="1004" name="stencilConfig_lower_limit_2_c110_fu_658">
<pin_list>
<pin id="659" dir="0" index="0" bw="1" slack="0"/>
<pin id="660" dir="1" index="1" bw="16" slack="4"/>
</pin_list>
<bind>
<opcode="alloca(26) " fcode="alloca"/>
<opset="stencilConfig_lower_limit_2_c110/1 "/>
</bind>
</comp>

<comp id="662" class="1004" name="stencilConfig_lower_limit_2_c109_fu_662">
<pin_list>
<pin id="663" dir="0" index="0" bw="1" slack="0"/>
<pin id="664" dir="1" index="1" bw="16" slack="6"/>
</pin_list>
<bind>
<opcode="alloca(26) " fcode="alloca"/>
<opset="stencilConfig_lower_limit_2_c109/1 "/>
</bind>
</comp>

<comp id="666" class="1004" name="stencilConfig_lower_limit_2_c108_fu_666">
<pin_list>
<pin id="667" dir="0" index="0" bw="1" slack="0"/>
<pin id="668" dir="1" index="1" bw="16" slack="8"/>
</pin_list>
<bind>
<opcode="alloca(26) " fcode="alloca"/>
<opset="stencilConfig_lower_limit_2_c108/1 "/>
</bind>
</comp>

<comp id="670" class="1004" name="stencilConfig_lower_limit_2_c107_fu_670">
<pin_list>
<pin id="671" dir="0" index="0" bw="1" slack="0"/>
<pin id="672" dir="1" index="1" bw="16" slack="10"/>
</pin_list>
<bind>
<opcode="alloca(26) " fcode="alloca"/>
<opset="stencilConfig_lower_limit_2_c107/1 "/>
</bind>
</comp>

<comp id="674" class="1004" name="stencilConfig_lower_limit_2_c106_fu_674">
<pin_list>
<pin id="675" dir="0" index="0" bw="1" slack="0"/>
<pin id="676" dir="1" index="1" bw="16" slack="12"/>
</pin_list>
<bind>
<opcode="alloca(26) " fcode="alloca"/>
<opset="stencilConfig_lower_limit_2_c106/1 "/>
</bind>
</comp>

<comp id="678" class="1004" name="stencilConfig_lower_limit_2_c105_fu_678">
<pin_list>
<pin id="679" dir="0" index="0" bw="1" slack="0"/>
<pin id="680" dir="1" index="1" bw="16" slack="14"/>
</pin_list>
<bind>
<opcode="alloca(26) " fcode="alloca"/>
<opset="stencilConfig_lower_limit_2_c105/1 "/>
</bind>
</comp>

<comp id="682" class="1004" name="stencilConfig_lower_limit_2_c104_fu_682">
<pin_list>
<pin id="683" dir="0" index="0" bw="1" slack="0"/>
<pin id="684" dir="1" index="1" bw="16" slack="16"/>
</pin_list>
<bind>
<opcode="alloca(26) " fcode="alloca"/>
<opset="stencilConfig_lower_limit_2_c104/1 "/>
</bind>
</comp>

<comp id="686" class="1004" name="stencilConfig_lower_limit_2_c103_fu_686">
<pin_list>
<pin id="687" dir="0" index="0" bw="1" slack="0"/>
<pin id="688" dir="1" index="1" bw="16" slack="18"/>
</pin_list>
<bind>
<opcode="alloca(26) " fcode="alloca"/>
<opset="stencilConfig_lower_limit_2_c103/1 "/>
</bind>
</comp>

<comp id="690" class="1004" name="stencilConfig_lower_limit_2_c102_fu_690">
<pin_list>
<pin id="691" dir="0" index="0" bw="1" slack="0"/>
<pin id="692" dir="1" index="1" bw="16" slack="20"/>
</pin_list>
<bind>
<opcode="alloca(26) " fcode="alloca"/>
<opset="stencilConfig_lower_limit_2_c102/1 "/>
</bind>
</comp>

<comp id="694" class="1004" name="stencilConfig_lower_limit_2_c101_fu_694">
<pin_list>
<pin id="695" dir="0" index="0" bw="1" slack="0"/>
<pin id="696" dir="1" index="1" bw="16" slack="22"/>
</pin_list>
<bind>
<opcode="alloca(26) " fcode="alloca"/>
<opset="stencilConfig_lower_limit_2_c101/1 "/>
</bind>
</comp>

<comp id="698" class="1004" name="stencilConfig_lower_limit_2_c100_fu_698">
<pin_list>
<pin id="699" dir="0" index="0" bw="1" slack="0"/>
<pin id="700" dir="1" index="1" bw="16" slack="24"/>
</pin_list>
<bind>
<opcode="alloca(26) " fcode="alloca"/>
<opset="stencilConfig_lower_limit_2_c100/1 "/>
</bind>
</comp>

<comp id="702" class="1004" name="stencilConfig_lower_limit_2_c_fu_702">
<pin_list>
<pin id="703" dir="0" index="0" bw="1" slack="0"/>
<pin id="704" dir="1" index="1" bw="16" slack="26"/>
</pin_list>
<bind>
<opcode="alloca(26) " fcode="alloca"/>
<opset="stencilConfig_lower_limit_2_c/1 "/>
</bind>
</comp>

<comp id="706" class="1004" name="stencilConfig_lower_limit_1_c99_fu_706">
<pin_list>
<pin id="707" dir="0" index="0" bw="1" slack="0"/>
<pin id="708" dir="1" index="1" bw="16" slack="0"/>
</pin_list>
<bind>
<opcode="alloca(26) " fcode="alloca"/>
<opset="stencilConfig_lower_limit_1_c99/1 "/>
</bind>
</comp>

<comp id="710" class="1004" name="stencilConfig_lower_limit_1_c98_fu_710">
<pin_list>
<pin id="711" dir="0" index="0" bw="1" slack="0"/>
<pin id="712" dir="1" index="1" bw="16" slack="2"/>
</pin_list>
<bind>
<opcode="alloca(26) " fcode="alloca"/>
<opset="stencilConfig_lower_limit_1_c98/1 "/>
</bind>
</comp>

<comp id="714" class="1004" name="stencilConfig_lower_limit_1_c97_fu_714">
<pin_list>
<pin id="715" dir="0" index="0" bw="1" slack="0"/>
<pin id="716" dir="1" index="1" bw="16" slack="4"/>
</pin_list>
<bind>
<opcode="alloca(26) " fcode="alloca"/>
<opset="stencilConfig_lower_limit_1_c97/1 "/>
</bind>
</comp>

<comp id="718" class="1004" name="stencilConfig_lower_limit_1_c96_fu_718">
<pin_list>
<pin id="719" dir="0" index="0" bw="1" slack="0"/>
<pin id="720" dir="1" index="1" bw="16" slack="6"/>
</pin_list>
<bind>
<opcode="alloca(26) " fcode="alloca"/>
<opset="stencilConfig_lower_limit_1_c96/1 "/>
</bind>
</comp>

<comp id="722" class="1004" name="stencilConfig_lower_limit_1_c95_fu_722">
<pin_list>
<pin id="723" dir="0" index="0" bw="1" slack="0"/>
<pin id="724" dir="1" index="1" bw="16" slack="8"/>
</pin_list>
<bind>
<opcode="alloca(26) " fcode="alloca"/>
<opset="stencilConfig_lower_limit_1_c95/1 "/>
</bind>
</comp>

<comp id="726" class="1004" name="stencilConfig_lower_limit_1_c94_fu_726">
<pin_list>
<pin id="727" dir="0" index="0" bw="1" slack="0"/>
<pin id="728" dir="1" index="1" bw="16" slack="10"/>
</pin_list>
<bind>
<opcode="alloca(26) " fcode="alloca"/>
<opset="stencilConfig_lower_limit_1_c94/1 "/>
</bind>
</comp>

<comp id="730" class="1004" name="stencilConfig_lower_limit_1_c93_fu_730">
<pin_list>
<pin id="731" dir="0" index="0" bw="1" slack="0"/>
<pin id="732" dir="1" index="1" bw="16" slack="12"/>
</pin_list>
<bind>
<opcode="alloca(26) " fcode="alloca"/>
<opset="stencilConfig_lower_limit_1_c93/1 "/>
</bind>
</comp>

<comp id="734" class="1004" name="stencilConfig_lower_limit_1_c92_fu_734">
<pin_list>
<pin id="735" dir="0" index="0" bw="1" slack="0"/>
<pin id="736" dir="1" index="1" bw="16" slack="14"/>
</pin_list>
<bind>
<opcode="alloca(26) " fcode="alloca"/>
<opset="stencilConfig_lower_limit_1_c92/1 "/>
</bind>
</comp>

<comp id="738" class="1004" name="stencilConfig_lower_limit_1_c91_fu_738">
<pin_list>
<pin id="739" dir="0" index="0" bw="1" slack="0"/>
<pin id="740" dir="1" index="1" bw="16" slack="16"/>
</pin_list>
<bind>
<opcode="alloca(26) " fcode="alloca"/>
<opset="stencilConfig_lower_limit_1_c91/1 "/>
</bind>
</comp>

<comp id="742" class="1004" name="stencilConfig_lower_limit_1_c90_fu_742">
<pin_list>
<pin id="743" dir="0" index="0" bw="1" slack="0"/>
<pin id="744" dir="1" index="1" bw="16" slack="18"/>
</pin_list>
<bind>
<opcode="alloca(26) " fcode="alloca"/>
<opset="stencilConfig_lower_limit_1_c90/1 "/>
</bind>
</comp>

<comp id="746" class="1004" name="stencilConfig_lower_limit_1_c89_fu_746">
<pin_list>
<pin id="747" dir="0" index="0" bw="1" slack="0"/>
<pin id="748" dir="1" index="1" bw="16" slack="20"/>
</pin_list>
<bind>
<opcode="alloca(26) " fcode="alloca"/>
<opset="stencilConfig_lower_limit_1_c89/1 "/>
</bind>
</comp>

<comp id="750" class="1004" name="stencilConfig_lower_limit_1_c88_fu_750">
<pin_list>
<pin id="751" dir="0" index="0" bw="1" slack="0"/>
<pin id="752" dir="1" index="1" bw="16" slack="22"/>
</pin_list>
<bind>
<opcode="alloca(26) " fcode="alloca"/>
<opset="stencilConfig_lower_limit_1_c88/1 "/>
</bind>
</comp>

<comp id="754" class="1004" name="stencilConfig_lower_limit_1_c87_fu_754">
<pin_list>
<pin id="755" dir="0" index="0" bw="1" slack="0"/>
<pin id="756" dir="1" index="1" bw="16" slack="24"/>
</pin_list>
<bind>
<opcode="alloca(26) " fcode="alloca"/>
<opset="stencilConfig_lower_limit_1_c87/1 "/>
</bind>
</comp>

<comp id="758" class="1004" name="stencilConfig_lower_limit_1_c_fu_758">
<pin_list>
<pin id="759" dir="0" index="0" bw="1" slack="0"/>
<pin id="760" dir="1" index="1" bw="16" slack="26"/>
</pin_list>
<bind>
<opcode="alloca(26) " fcode="alloca"/>
<opset="stencilConfig_lower_limit_1_c/1 "/>
</bind>
</comp>

<comp id="762" class="1004" name="stencilConfig_lower_limit_0_c86_fu_762">
<pin_list>
<pin id="763" dir="0" index="0" bw="1" slack="0"/>
<pin id="764" dir="1" index="1" bw="16" slack="0"/>
</pin_list>
<bind>
<opcode="alloca(26) " fcode="alloca"/>
<opset="stencilConfig_lower_limit_0_c86/1 "/>
</bind>
</comp>

<comp id="766" class="1004" name="stencilConfig_lower_limit_0_c85_fu_766">
<pin_list>
<pin id="767" dir="0" index="0" bw="1" slack="0"/>
<pin id="768" dir="1" index="1" bw="16" slack="2"/>
</pin_list>
<bind>
<opcode="alloca(26) " fcode="alloca"/>
<opset="stencilConfig_lower_limit_0_c85/1 "/>
</bind>
</comp>

<comp id="770" class="1004" name="stencilConfig_lower_limit_0_c84_fu_770">
<pin_list>
<pin id="771" dir="0" index="0" bw="1" slack="0"/>
<pin id="772" dir="1" index="1" bw="16" slack="4"/>
</pin_list>
<bind>
<opcode="alloca(26) " fcode="alloca"/>
<opset="stencilConfig_lower_limit_0_c84/1 "/>
</bind>
</comp>

<comp id="774" class="1004" name="stencilConfig_lower_limit_0_c83_fu_774">
<pin_list>
<pin id="775" dir="0" index="0" bw="1" slack="0"/>
<pin id="776" dir="1" index="1" bw="16" slack="6"/>
</pin_list>
<bind>
<opcode="alloca(26) " fcode="alloca"/>
<opset="stencilConfig_lower_limit_0_c83/1 "/>
</bind>
</comp>

<comp id="778" class="1004" name="stencilConfig_lower_limit_0_c82_fu_778">
<pin_list>
<pin id="779" dir="0" index="0" bw="1" slack="0"/>
<pin id="780" dir="1" index="1" bw="16" slack="8"/>
</pin_list>
<bind>
<opcode="alloca(26) " fcode="alloca"/>
<opset="stencilConfig_lower_limit_0_c82/1 "/>
</bind>
</comp>

<comp id="782" class="1004" name="stencilConfig_lower_limit_0_c81_fu_782">
<pin_list>
<pin id="783" dir="0" index="0" bw="1" slack="0"/>
<pin id="784" dir="1" index="1" bw="16" slack="10"/>
</pin_list>
<bind>
<opcode="alloca(26) " fcode="alloca"/>
<opset="stencilConfig_lower_limit_0_c81/1 "/>
</bind>
</comp>

<comp id="786" class="1004" name="stencilConfig_lower_limit_0_c80_fu_786">
<pin_list>
<pin id="787" dir="0" index="0" bw="1" slack="0"/>
<pin id="788" dir="1" index="1" bw="16" slack="12"/>
</pin_list>
<bind>
<opcode="alloca(26) " fcode="alloca"/>
<opset="stencilConfig_lower_limit_0_c80/1 "/>
</bind>
</comp>

<comp id="790" class="1004" name="stencilConfig_lower_limit_0_c79_fu_790">
<pin_list>
<pin id="791" dir="0" index="0" bw="1" slack="0"/>
<pin id="792" dir="1" index="1" bw="16" slack="14"/>
</pin_list>
<bind>
<opcode="alloca(26) " fcode="alloca"/>
<opset="stencilConfig_lower_limit_0_c79/1 "/>
</bind>
</comp>

<comp id="794" class="1004" name="stencilConfig_lower_limit_0_c78_fu_794">
<pin_list>
<pin id="795" dir="0" index="0" bw="1" slack="0"/>
<pin id="796" dir="1" index="1" bw="16" slack="16"/>
</pin_list>
<bind>
<opcode="alloca(26) " fcode="alloca"/>
<opset="stencilConfig_lower_limit_0_c78/1 "/>
</bind>
</comp>

<comp id="798" class="1004" name="stencilConfig_lower_limit_0_c77_fu_798">
<pin_list>
<pin id="799" dir="0" index="0" bw="1" slack="0"/>
<pin id="800" dir="1" index="1" bw="16" slack="18"/>
</pin_list>
<bind>
<opcode="alloca(26) " fcode="alloca"/>
<opset="stencilConfig_lower_limit_0_c77/1 "/>
</bind>
</comp>

<comp id="802" class="1004" name="stencilConfig_lower_limit_0_c76_fu_802">
<pin_list>
<pin id="803" dir="0" index="0" bw="1" slack="0"/>
<pin id="804" dir="1" index="1" bw="16" slack="20"/>
</pin_list>
<bind>
<opcode="alloca(26) " fcode="alloca"/>
<opset="stencilConfig_lower_limit_0_c76/1 "/>
</bind>
</comp>

<comp id="806" class="1004" name="stencilConfig_lower_limit_0_c75_fu_806">
<pin_list>
<pin id="807" dir="0" index="0" bw="1" slack="0"/>
<pin id="808" dir="1" index="1" bw="16" slack="22"/>
</pin_list>
<bind>
<opcode="alloca(26) " fcode="alloca"/>
<opset="stencilConfig_lower_limit_0_c75/1 "/>
</bind>
</comp>

<comp id="810" class="1004" name="stencilConfig_lower_limit_0_c74_fu_810">
<pin_list>
<pin id="811" dir="0" index="0" bw="1" slack="0"/>
<pin id="812" dir="1" index="1" bw="16" slack="24"/>
</pin_list>
<bind>
<opcode="alloca(26) " fcode="alloca"/>
<opset="stencilConfig_lower_limit_0_c74/1 "/>
</bind>
</comp>

<comp id="814" class="1004" name="stencilConfig_lower_limit_0_c_fu_814">
<pin_list>
<pin id="815" dir="0" index="0" bw="1" slack="0"/>
<pin id="816" dir="1" index="1" bw="16" slack="26"/>
</pin_list>
<bind>
<opcode="alloca(26) " fcode="alloca"/>
<opset="stencilConfig_lower_limit_0_c/1 "/>
</bind>
</comp>

<comp id="818" class="1004" name="stencilConfig_grid_size_2_c73_fu_818">
<pin_list>
<pin id="819" dir="0" index="0" bw="1" slack="0"/>
<pin id="820" dir="1" index="1" bw="16" slack="0"/>
</pin_list>
<bind>
<opcode="alloca(26) " fcode="alloca"/>
<opset="stencilConfig_grid_size_2_c73/1 "/>
</bind>
</comp>

<comp id="822" class="1004" name="stencilConfig_grid_size_2_c72_fu_822">
<pin_list>
<pin id="823" dir="0" index="0" bw="1" slack="0"/>
<pin id="824" dir="1" index="1" bw="16" slack="2"/>
</pin_list>
<bind>
<opcode="alloca(26) " fcode="alloca"/>
<opset="stencilConfig_grid_size_2_c72/1 "/>
</bind>
</comp>

<comp id="826" class="1004" name="stencilConfig_grid_size_2_c71_fu_826">
<pin_list>
<pin id="827" dir="0" index="0" bw="1" slack="0"/>
<pin id="828" dir="1" index="1" bw="16" slack="4"/>
</pin_list>
<bind>
<opcode="alloca(26) " fcode="alloca"/>
<opset="stencilConfig_grid_size_2_c71/1 "/>
</bind>
</comp>

<comp id="830" class="1004" name="stencilConfig_grid_size_2_c70_fu_830">
<pin_list>
<pin id="831" dir="0" index="0" bw="1" slack="0"/>
<pin id="832" dir="1" index="1" bw="16" slack="6"/>
</pin_list>
<bind>
<opcode="alloca(26) " fcode="alloca"/>
<opset="stencilConfig_grid_size_2_c70/1 "/>
</bind>
</comp>

<comp id="834" class="1004" name="stencilConfig_grid_size_2_c69_fu_834">
<pin_list>
<pin id="835" dir="0" index="0" bw="1" slack="0"/>
<pin id="836" dir="1" index="1" bw="16" slack="8"/>
</pin_list>
<bind>
<opcode="alloca(26) " fcode="alloca"/>
<opset="stencilConfig_grid_size_2_c69/1 "/>
</bind>
</comp>

<comp id="838" class="1004" name="stencilConfig_grid_size_2_c68_fu_838">
<pin_list>
<pin id="839" dir="0" index="0" bw="1" slack="0"/>
<pin id="840" dir="1" index="1" bw="16" slack="10"/>
</pin_list>
<bind>
<opcode="alloca(26) " fcode="alloca"/>
<opset="stencilConfig_grid_size_2_c68/1 "/>
</bind>
</comp>

<comp id="842" class="1004" name="stencilConfig_grid_size_2_c67_fu_842">
<pin_list>
<pin id="843" dir="0" index="0" bw="1" slack="0"/>
<pin id="844" dir="1" index="1" bw="16" slack="12"/>
</pin_list>
<bind>
<opcode="alloca(26) " fcode="alloca"/>
<opset="stencilConfig_grid_size_2_c67/1 "/>
</bind>
</comp>

<comp id="846" class="1004" name="stencilConfig_grid_size_2_c66_fu_846">
<pin_list>
<pin id="847" dir="0" index="0" bw="1" slack="0"/>
<pin id="848" dir="1" index="1" bw="16" slack="14"/>
</pin_list>
<bind>
<opcode="alloca(26) " fcode="alloca"/>
<opset="stencilConfig_grid_size_2_c66/1 "/>
</bind>
</comp>

<comp id="850" class="1004" name="stencilConfig_grid_size_2_c65_fu_850">
<pin_list>
<pin id="851" dir="0" index="0" bw="1" slack="0"/>
<pin id="852" dir="1" index="1" bw="16" slack="16"/>
</pin_list>
<bind>
<opcode="alloca(26) " fcode="alloca"/>
<opset="stencilConfig_grid_size_2_c65/1 "/>
</bind>
</comp>

<comp id="854" class="1004" name="stencilConfig_grid_size_2_c64_fu_854">
<pin_list>
<pin id="855" dir="0" index="0" bw="1" slack="0"/>
<pin id="856" dir="1" index="1" bw="16" slack="18"/>
</pin_list>
<bind>
<opcode="alloca(26) " fcode="alloca"/>
<opset="stencilConfig_grid_size_2_c64/1 "/>
</bind>
</comp>

<comp id="858" class="1004" name="stencilConfig_grid_size_2_c63_fu_858">
<pin_list>
<pin id="859" dir="0" index="0" bw="1" slack="0"/>
<pin id="860" dir="1" index="1" bw="16" slack="20"/>
</pin_list>
<bind>
<opcode="alloca(26) " fcode="alloca"/>
<opset="stencilConfig_grid_size_2_c63/1 "/>
</bind>
</comp>

<comp id="862" class="1004" name="stencilConfig_grid_size_2_c62_fu_862">
<pin_list>
<pin id="863" dir="0" index="0" bw="1" slack="0"/>
<pin id="864" dir="1" index="1" bw="16" slack="22"/>
</pin_list>
<bind>
<opcode="alloca(26) " fcode="alloca"/>
<opset="stencilConfig_grid_size_2_c62/1 "/>
</bind>
</comp>

<comp id="866" class="1004" name="stencilConfig_grid_size_2_c61_fu_866">
<pin_list>
<pin id="867" dir="0" index="0" bw="1" slack="0"/>
<pin id="868" dir="1" index="1" bw="16" slack="24"/>
</pin_list>
<bind>
<opcode="alloca(26) " fcode="alloca"/>
<opset="stencilConfig_grid_size_2_c61/1 "/>
</bind>
</comp>

<comp id="870" class="1004" name="stencilConfig_grid_size_2_c_fu_870">
<pin_list>
<pin id="871" dir="0" index="0" bw="1" slack="0"/>
<pin id="872" dir="1" index="1" bw="16" slack="26"/>
</pin_list>
<bind>
<opcode="alloca(26) " fcode="alloca"/>
<opset="stencilConfig_grid_size_2_c/1 "/>
</bind>
</comp>

<comp id="874" class="1004" name="stencilConfig_grid_size_1_c60_fu_874">
<pin_list>
<pin id="875" dir="0" index="0" bw="1" slack="0"/>
<pin id="876" dir="1" index="1" bw="16" slack="0"/>
</pin_list>
<bind>
<opcode="alloca(26) " fcode="alloca"/>
<opset="stencilConfig_grid_size_1_c60/1 "/>
</bind>
</comp>

<comp id="878" class="1004" name="stencilConfig_grid_size_1_c59_fu_878">
<pin_list>
<pin id="879" dir="0" index="0" bw="1" slack="0"/>
<pin id="880" dir="1" index="1" bw="16" slack="2"/>
</pin_list>
<bind>
<opcode="alloca(26) " fcode="alloca"/>
<opset="stencilConfig_grid_size_1_c59/1 "/>
</bind>
</comp>

<comp id="882" class="1004" name="stencilConfig_grid_size_1_c58_fu_882">
<pin_list>
<pin id="883" dir="0" index="0" bw="1" slack="0"/>
<pin id="884" dir="1" index="1" bw="16" slack="4"/>
</pin_list>
<bind>
<opcode="alloca(26) " fcode="alloca"/>
<opset="stencilConfig_grid_size_1_c58/1 "/>
</bind>
</comp>

<comp id="886" class="1004" name="stencilConfig_grid_size_1_c57_fu_886">
<pin_list>
<pin id="887" dir="0" index="0" bw="1" slack="0"/>
<pin id="888" dir="1" index="1" bw="16" slack="6"/>
</pin_list>
<bind>
<opcode="alloca(26) " fcode="alloca"/>
<opset="stencilConfig_grid_size_1_c57/1 "/>
</bind>
</comp>

<comp id="890" class="1004" name="stencilConfig_grid_size_1_c56_fu_890">
<pin_list>
<pin id="891" dir="0" index="0" bw="1" slack="0"/>
<pin id="892" dir="1" index="1" bw="16" slack="8"/>
</pin_list>
<bind>
<opcode="alloca(26) " fcode="alloca"/>
<opset="stencilConfig_grid_size_1_c56/1 "/>
</bind>
</comp>

<comp id="894" class="1004" name="stencilConfig_grid_size_1_c55_fu_894">
<pin_list>
<pin id="895" dir="0" index="0" bw="1" slack="0"/>
<pin id="896" dir="1" index="1" bw="16" slack="10"/>
</pin_list>
<bind>
<opcode="alloca(26) " fcode="alloca"/>
<opset="stencilConfig_grid_size_1_c55/1 "/>
</bind>
</comp>

<comp id="898" class="1004" name="stencilConfig_grid_size_1_c54_fu_898">
<pin_list>
<pin id="899" dir="0" index="0" bw="1" slack="0"/>
<pin id="900" dir="1" index="1" bw="16" slack="12"/>
</pin_list>
<bind>
<opcode="alloca(26) " fcode="alloca"/>
<opset="stencilConfig_grid_size_1_c54/1 "/>
</bind>
</comp>

<comp id="902" class="1004" name="stencilConfig_grid_size_1_c53_fu_902">
<pin_list>
<pin id="903" dir="0" index="0" bw="1" slack="0"/>
<pin id="904" dir="1" index="1" bw="16" slack="14"/>
</pin_list>
<bind>
<opcode="alloca(26) " fcode="alloca"/>
<opset="stencilConfig_grid_size_1_c53/1 "/>
</bind>
</comp>

<comp id="906" class="1004" name="stencilConfig_grid_size_1_c52_fu_906">
<pin_list>
<pin id="907" dir="0" index="0" bw="1" slack="0"/>
<pin id="908" dir="1" index="1" bw="16" slack="16"/>
</pin_list>
<bind>
<opcode="alloca(26) " fcode="alloca"/>
<opset="stencilConfig_grid_size_1_c52/1 "/>
</bind>
</comp>

<comp id="910" class="1004" name="stencilConfig_grid_size_1_c51_fu_910">
<pin_list>
<pin id="911" dir="0" index="0" bw="1" slack="0"/>
<pin id="912" dir="1" index="1" bw="16" slack="18"/>
</pin_list>
<bind>
<opcode="alloca(26) " fcode="alloca"/>
<opset="stencilConfig_grid_size_1_c51/1 "/>
</bind>
</comp>

<comp id="914" class="1004" name="stencilConfig_grid_size_1_c50_fu_914">
<pin_list>
<pin id="915" dir="0" index="0" bw="1" slack="0"/>
<pin id="916" dir="1" index="1" bw="16" slack="20"/>
</pin_list>
<bind>
<opcode="alloca(26) " fcode="alloca"/>
<opset="stencilConfig_grid_size_1_c50/1 "/>
</bind>
</comp>

<comp id="918" class="1004" name="stencilConfig_grid_size_1_c49_fu_918">
<pin_list>
<pin id="919" dir="0" index="0" bw="1" slack="0"/>
<pin id="920" dir="1" index="1" bw="16" slack="22"/>
</pin_list>
<bind>
<opcode="alloca(26) " fcode="alloca"/>
<opset="stencilConfig_grid_size_1_c49/1 "/>
</bind>
</comp>

<comp id="922" class="1004" name="stencilConfig_grid_size_1_c48_fu_922">
<pin_list>
<pin id="923" dir="0" index="0" bw="1" slack="0"/>
<pin id="924" dir="1" index="1" bw="16" slack="24"/>
</pin_list>
<bind>
<opcode="alloca(26) " fcode="alloca"/>
<opset="stencilConfig_grid_size_1_c48/1 "/>
</bind>
</comp>

<comp id="926" class="1004" name="stencilConfig_grid_size_1_c_fu_926">
<pin_list>
<pin id="927" dir="0" index="0" bw="1" slack="0"/>
<pin id="928" dir="1" index="1" bw="16" slack="26"/>
</pin_list>
<bind>
<opcode="alloca(26) " fcode="alloca"/>
<opset="stencilConfig_grid_size_1_c/1 "/>
</bind>
</comp>

<comp id="930" class="1004" name="stencilConfig_grid_size_0_c47_fu_930">
<pin_list>
<pin id="931" dir="0" index="0" bw="1" slack="0"/>
<pin id="932" dir="1" index="1" bw="16" slack="0"/>
</pin_list>
<bind>
<opcode="alloca(26) " fcode="alloca"/>
<opset="stencilConfig_grid_size_0_c47/1 "/>
</bind>
</comp>

<comp id="934" class="1004" name="stencilConfig_grid_size_0_c46_fu_934">
<pin_list>
<pin id="935" dir="0" index="0" bw="1" slack="0"/>
<pin id="936" dir="1" index="1" bw="16" slack="2"/>
</pin_list>
<bind>
<opcode="alloca(26) " fcode="alloca"/>
<opset="stencilConfig_grid_size_0_c46/1 "/>
</bind>
</comp>

<comp id="938" class="1004" name="stencilConfig_grid_size_0_c45_fu_938">
<pin_list>
<pin id="939" dir="0" index="0" bw="1" slack="0"/>
<pin id="940" dir="1" index="1" bw="16" slack="4"/>
</pin_list>
<bind>
<opcode="alloca(26) " fcode="alloca"/>
<opset="stencilConfig_grid_size_0_c45/1 "/>
</bind>
</comp>

<comp id="942" class="1004" name="stencilConfig_grid_size_0_c44_fu_942">
<pin_list>
<pin id="943" dir="0" index="0" bw="1" slack="0"/>
<pin id="944" dir="1" index="1" bw="16" slack="6"/>
</pin_list>
<bind>
<opcode="alloca(26) " fcode="alloca"/>
<opset="stencilConfig_grid_size_0_c44/1 "/>
</bind>
</comp>

<comp id="946" class="1004" name="stencilConfig_grid_size_0_c43_fu_946">
<pin_list>
<pin id="947" dir="0" index="0" bw="1" slack="0"/>
<pin id="948" dir="1" index="1" bw="16" slack="8"/>
</pin_list>
<bind>
<opcode="alloca(26) " fcode="alloca"/>
<opset="stencilConfig_grid_size_0_c43/1 "/>
</bind>
</comp>

<comp id="950" class="1004" name="stencilConfig_grid_size_0_c42_fu_950">
<pin_list>
<pin id="951" dir="0" index="0" bw="1" slack="0"/>
<pin id="952" dir="1" index="1" bw="16" slack="10"/>
</pin_list>
<bind>
<opcode="alloca(26) " fcode="alloca"/>
<opset="stencilConfig_grid_size_0_c42/1 "/>
</bind>
</comp>

<comp id="954" class="1004" name="stencilConfig_grid_size_0_c41_fu_954">
<pin_list>
<pin id="955" dir="0" index="0" bw="1" slack="0"/>
<pin id="956" dir="1" index="1" bw="16" slack="12"/>
</pin_list>
<bind>
<opcode="alloca(26) " fcode="alloca"/>
<opset="stencilConfig_grid_size_0_c41/1 "/>
</bind>
</comp>

<comp id="958" class="1004" name="stencilConfig_grid_size_0_c40_fu_958">
<pin_list>
<pin id="959" dir="0" index="0" bw="1" slack="0"/>
<pin id="960" dir="1" index="1" bw="16" slack="14"/>
</pin_list>
<bind>
<opcode="alloca(26) " fcode="alloca"/>
<opset="stencilConfig_grid_size_0_c40/1 "/>
</bind>
</comp>

<comp id="962" class="1004" name="stencilConfig_grid_size_0_c39_fu_962">
<pin_list>
<pin id="963" dir="0" index="0" bw="1" slack="0"/>
<pin id="964" dir="1" index="1" bw="16" slack="16"/>
</pin_list>
<bind>
<opcode="alloca(26) " fcode="alloca"/>
<opset="stencilConfig_grid_size_0_c39/1 "/>
</bind>
</comp>

<comp id="966" class="1004" name="stencilConfig_grid_size_0_c38_fu_966">
<pin_list>
<pin id="967" dir="0" index="0" bw="1" slack="0"/>
<pin id="968" dir="1" index="1" bw="16" slack="18"/>
</pin_list>
<bind>
<opcode="alloca(26) " fcode="alloca"/>
<opset="stencilConfig_grid_size_0_c38/1 "/>
</bind>
</comp>

<comp id="970" class="1004" name="stencilConfig_grid_size_0_c37_fu_970">
<pin_list>
<pin id="971" dir="0" index="0" bw="1" slack="0"/>
<pin id="972" dir="1" index="1" bw="16" slack="20"/>
</pin_list>
<bind>
<opcode="alloca(26) " fcode="alloca"/>
<opset="stencilConfig_grid_size_0_c37/1 "/>
</bind>
</comp>

<comp id="974" class="1004" name="stencilConfig_grid_size_0_c36_fu_974">
<pin_list>
<pin id="975" dir="0" index="0" bw="1" slack="0"/>
<pin id="976" dir="1" index="1" bw="16" slack="22"/>
</pin_list>
<bind>
<opcode="alloca(26) " fcode="alloca"/>
<opset="stencilConfig_grid_size_0_c36/1 "/>
</bind>
</comp>

<comp id="978" class="1004" name="stencilConfig_grid_size_0_c35_fu_978">
<pin_list>
<pin id="979" dir="0" index="0" bw="1" slack="0"/>
<pin id="980" dir="1" index="1" bw="16" slack="24"/>
</pin_list>
<bind>
<opcode="alloca(26) " fcode="alloca"/>
<opset="stencilConfig_grid_size_0_c35/1 "/>
</bind>
</comp>

<comp id="982" class="1004" name="stencilConfig_grid_size_0_c_fu_982">
<pin_list>
<pin id="983" dir="0" index="0" bw="1" slack="0"/>
<pin id="984" dir="1" index="1" bw="16" slack="26"/>
</pin_list>
<bind>
<opcode="alloca(26) " fcode="alloca"/>
<opset="stencilConfig_grid_size_0_c/1 "/>
</bind>
</comp>

<comp id="986" class="1004" name="arg0_arg1_streams_0_fu_986">
<pin_list>
<pin id="987" dir="0" index="0" bw="1" slack="0"/>
<pin id="988" dir="1" index="1" bw="256" slack="0"/>
</pin_list>
<bind>
<opcode="alloca(26) " fcode="alloca"/>
<opset="arg0_arg1_streams_0/1 "/>
</bind>
</comp>

<comp id="990" class="1004" name="arg0_arg1_streams_1_fu_990">
<pin_list>
<pin id="991" dir="0" index="0" bw="1" slack="0"/>
<pin id="992" dir="1" index="1" bw="256" slack="2"/>
</pin_list>
<bind>
<opcode="alloca(26) " fcode="alloca"/>
<opset="arg0_arg1_streams_1/1 "/>
</bind>
</comp>

<comp id="994" class="1004" name="arg0_arg1_streams_2_fu_994">
<pin_list>
<pin id="995" dir="0" index="0" bw="1" slack="0"/>
<pin id="996" dir="1" index="1" bw="256" slack="4"/>
</pin_list>
<bind>
<opcode="alloca(26) " fcode="alloca"/>
<opset="arg0_arg1_streams_2/1 "/>
</bind>
</comp>

<comp id="998" class="1004" name="arg0_arg1_streams_3_fu_998">
<pin_list>
<pin id="999" dir="0" index="0" bw="1" slack="0"/>
<pin id="1000" dir="1" index="1" bw="256" slack="6"/>
</pin_list>
<bind>
<opcode="alloca(26) " fcode="alloca"/>
<opset="arg0_arg1_streams_3/1 "/>
</bind>
</comp>

<comp id="1002" class="1004" name="arg0_arg1_streams_4_fu_1002">
<pin_list>
<pin id="1003" dir="0" index="0" bw="1" slack="0"/>
<pin id="1004" dir="1" index="1" bw="256" slack="8"/>
</pin_list>
<bind>
<opcode="alloca(26) " fcode="alloca"/>
<opset="arg0_arg1_streams_4/1 "/>
</bind>
</comp>

<comp id="1006" class="1004" name="arg0_arg1_streams_5_fu_1006">
<pin_list>
<pin id="1007" dir="0" index="0" bw="1" slack="0"/>
<pin id="1008" dir="1" index="1" bw="256" slack="10"/>
</pin_list>
<bind>
<opcode="alloca(26) " fcode="alloca"/>
<opset="arg0_arg1_streams_5/1 "/>
</bind>
</comp>

<comp id="1010" class="1004" name="arg0_arg1_streams_6_fu_1010">
<pin_list>
<pin id="1011" dir="0" index="0" bw="1" slack="0"/>
<pin id="1012" dir="1" index="1" bw="256" slack="12"/>
</pin_list>
<bind>
<opcode="alloca(26) " fcode="alloca"/>
<opset="arg0_arg1_streams_6/1 "/>
</bind>
</comp>

<comp id="1014" class="1004" name="arg0_arg1_streams_7_fu_1014">
<pin_list>
<pin id="1015" dir="0" index="0" bw="1" slack="0"/>
<pin id="1016" dir="1" index="1" bw="256" slack="14"/>
</pin_list>
<bind>
<opcode="alloca(26) " fcode="alloca"/>
<opset="arg0_arg1_streams_7/1 "/>
</bind>
</comp>

<comp id="1018" class="1004" name="arg0_arg1_streams_8_fu_1018">
<pin_list>
<pin id="1019" dir="0" index="0" bw="1" slack="0"/>
<pin id="1020" dir="1" index="1" bw="256" slack="16"/>
</pin_list>
<bind>
<opcode="alloca(26) " fcode="alloca"/>
<opset="arg0_arg1_streams_8/1 "/>
</bind>
</comp>

<comp id="1022" class="1004" name="arg0_arg1_streams_9_fu_1022">
<pin_list>
<pin id="1023" dir="0" index="0" bw="1" slack="0"/>
<pin id="1024" dir="1" index="1" bw="256" slack="18"/>
</pin_list>
<bind>
<opcode="alloca(26) " fcode="alloca"/>
<opset="arg0_arg1_streams_9/1 "/>
</bind>
</comp>

<comp id="1026" class="1004" name="arg0_arg1_streams_10_fu_1026">
<pin_list>
<pin id="1027" dir="0" index="0" bw="1" slack="0"/>
<pin id="1028" dir="1" index="1" bw="256" slack="20"/>
</pin_list>
<bind>
<opcode="alloca(26) " fcode="alloca"/>
<opset="arg0_arg1_streams_10/1 "/>
</bind>
</comp>

<comp id="1030" class="1004" name="arg0_arg1_streams_11_fu_1030">
<pin_list>
<pin id="1031" dir="0" index="0" bw="1" slack="0"/>
<pin id="1032" dir="1" index="1" bw="256" slack="22"/>
</pin_list>
<bind>
<opcode="alloca(26) " fcode="alloca"/>
<opset="arg0_arg1_streams_11/1 "/>
</bind>
</comp>

<comp id="1034" class="1004" name="arg0_arg1_streams_12_fu_1034">
<pin_list>
<pin id="1035" dir="0" index="0" bw="1" slack="0"/>
<pin id="1036" dir="1" index="1" bw="256" slack="24"/>
</pin_list>
<bind>
<opcode="alloca(26) " fcode="alloca"/>
<opset="arg0_arg1_streams_12/1 "/>
</bind>
</comp>

<comp id="1038" class="1004" name="arg0_arg1_streams_13_fu_1038">
<pin_list>
<pin id="1039" dir="0" index="0" bw="1" slack="0"/>
<pin id="1040" dir="1" index="1" bw="256" slack="26"/>
</pin_list>
<bind>
<opcode="alloca(26) " fcode="alloca"/>
<opset="arg0_arg1_streams_13/1 "/>
</bind>
</comp>

<comp id="1042" class="1004" name="arg0_arg1_streams_14_fu_1042">
<pin_list>
<pin id="1043" dir="0" index="0" bw="1" slack="0"/>
<pin id="1044" dir="1" index="1" bw="256" slack="28"/>
</pin_list>
<bind>
<opcode="alloca(26) " fcode="alloca"/>
<opset="arg0_arg1_streams_14/1 "/>
</bind>
</comp>

<comp id="1046" class="1004" name="total_bytes_read_read_fu_1046">
<pin_list>
<pin id="1047" dir="0" index="0" bw="32" slack="0"/>
<pin id="1048" dir="0" index="1" bw="32" slack="0"/>
<pin id="1049" dir="1" index="2" bw="32" slack="0"/>
</pin_list>
<bind>
<opcode="read(1150) " fcode="read"/>
<opset="total_bytes_read/1 "/>
</bind>
</comp>

<comp id="1052" class="1004" name="p_read_15_read_fu_1052">
<pin_list>
<pin id="1053" dir="0" index="0" bw="16" slack="0"/>
<pin id="1054" dir="0" index="1" bw="16" slack="0"/>
<pin id="1055" dir="1" index="2" bw="16" slack="0"/>
</pin_list>
<bind>
<opcode="read(1150) " fcode="read"/>
<opset="p_read_15/1 "/>
</bind>
</comp>

<comp id="1058" class="1004" name="p_read_16_read_fu_1058">
<pin_list>
<pin id="1059" dir="0" index="0" bw="16" slack="0"/>
<pin id="1060" dir="0" index="1" bw="16" slack="0"/>
<pin id="1061" dir="1" index="2" bw="16" slack="0"/>
</pin_list>
<bind>
<opcode="read(1150) " fcode="read"/>
<opset="p_read_16/1 "/>
</bind>
</comp>

<comp id="1064" class="1004" name="p_read_17_read_fu_1064">
<pin_list>
<pin id="1065" dir="0" index="0" bw="16" slack="0"/>
<pin id="1066" dir="0" index="1" bw="16" slack="0"/>
<pin id="1067" dir="1" index="2" bw="16" slack="0"/>
</pin_list>
<bind>
<opcode="read(1150) " fcode="read"/>
<opset="p_read_17/1 "/>
</bind>
</comp>

<comp id="1070" class="1004" name="p_read616_read_fu_1070">
<pin_list>
<pin id="1071" dir="0" index="0" bw="16" slack="0"/>
<pin id="1072" dir="0" index="1" bw="16" slack="0"/>
<pin id="1073" dir="1" index="2" bw="16" slack="0"/>
</pin_list>
<bind>
<opcode="read(1150) " fcode="read"/>
<opset="p_read616/1 "/>
</bind>
</comp>

<comp id="1076" class="1004" name="p_read515_read_fu_1076">
<pin_list>
<pin id="1077" dir="0" index="0" bw="16" slack="0"/>
<pin id="1078" dir="0" index="1" bw="16" slack="0"/>
<pin id="1079" dir="1" index="2" bw="16" slack="0"/>
</pin_list>
<bind>
<opcode="read(1150) " fcode="read"/>
<opset="p_read515/1 "/>
</bind>
</comp>

<comp id="1082" class="1004" name="p_read414_read_fu_1082">
<pin_list>
<pin id="1083" dir="0" index="0" bw="16" slack="0"/>
<pin id="1084" dir="0" index="1" bw="16" slack="0"/>
<pin id="1085" dir="1" index="2" bw="16" slack="0"/>
</pin_list>
<bind>
<opcode="read(1150) " fcode="read"/>
<opset="p_read414/1 "/>
</bind>
</comp>

<comp id="1088" class="1004" name="p_read313_read_fu_1088">
<pin_list>
<pin id="1089" dir="0" index="0" bw="16" slack="0"/>
<pin id="1090" dir="0" index="1" bw="16" slack="0"/>
<pin id="1091" dir="1" index="2" bw="16" slack="0"/>
</pin_list>
<bind>
<opcode="read(1150) " fcode="read"/>
<opset="p_read313/1 "/>
</bind>
</comp>

<comp id="1094" class="1004" name="p_read212_read_fu_1094">
<pin_list>
<pin id="1095" dir="0" index="0" bw="16" slack="0"/>
<pin id="1096" dir="0" index="1" bw="16" slack="0"/>
<pin id="1097" dir="1" index="2" bw="16" slack="0"/>
</pin_list>
<bind>
<opcode="read(1150) " fcode="read"/>
<opset="p_read212/1 "/>
</bind>
</comp>

<comp id="1100" class="1004" name="p_read111_read_fu_1100">
<pin_list>
<pin id="1101" dir="0" index="0" bw="16" slack="0"/>
<pin id="1102" dir="0" index="1" bw="16" slack="0"/>
<pin id="1103" dir="1" index="2" bw="16" slack="0"/>
</pin_list>
<bind>
<opcode="read(1150) " fcode="read"/>
<opset="p_read111/1 "/>
</bind>
</comp>

<comp id="1106" class="1004" name="p_read_18_read_fu_1106">
<pin_list>
<pin id="1107" dir="0" index="0" bw="16" slack="0"/>
<pin id="1108" dir="0" index="1" bw="16" slack="0"/>
<pin id="1109" dir="1" index="2" bw="16" slack="0"/>
</pin_list>
<bind>
<opcode="read(1150) " fcode="read"/>
<opset="p_read_18/1 "/>
</bind>
</comp>

<comp id="1112" class="1004" name="call_ln0_entry_proc_fu_1112">
<pin_list>
<pin id="1113" dir="0" index="0" bw="0" slack="0"/>
<pin id="1114" dir="0" index="1" bw="16" slack="0"/>
<pin id="1115" dir="0" index="2" bw="16" slack="0"/>
<pin id="1116" dir="0" index="3" bw="16" slack="0"/>
<pin id="1117" dir="0" index="4" bw="16" slack="0"/>
<pin id="1118" dir="0" index="5" bw="16" slack="0"/>
<pin id="1119" dir="0" index="6" bw="16" slack="0"/>
<pin id="1120" dir="0" index="7" bw="16" slack="0"/>
<pin id="1121" dir="0" index="8" bw="16" slack="0"/>
<pin id="1122" dir="0" index="9" bw="16" slack="0"/>
<pin id="1123" dir="0" index="10" bw="16" slack="0"/>
<pin id="1124" dir="0" index="11" bw="16" slack="0"/>
<pin id="1125" dir="0" index="12" bw="16" slack="0"/>
<pin id="1126" dir="0" index="13" bw="16" slack="0"/>
<pin id="1127" dir="0" index="14" bw="16" slack="0"/>
<pin id="1128" dir="0" index="15" bw="16" slack="0"/>
<pin id="1129" dir="0" index="16" bw="16" slack="0"/>
<pin id="1130" dir="0" index="17" bw="16" slack="0"/>
<pin id="1131" dir="0" index="18" bw="16" slack="0"/>
<pin id="1132" dir="0" index="19" bw="16" slack="0"/>
<pin id="1133" dir="0" index="20" bw="16" slack="0"/>
<pin id="1134" dir="1" index="21" bw="0" slack="2147483647"/>
</pin_list>
<bind>
<opcode="call(48) " fcode="call"/>
<opset="call_ln0/1 "/>
</bind>
</comp>

<comp id="1146" class="1004" name="grp_axis2stream_256u_256u_s_fu_1146">
<pin_list>
<pin id="1147" dir="0" index="0" bw="0" slack="0"/>
<pin id="1148" dir="0" index="1" bw="256" slack="0"/>
<pin id="1149" dir="0" index="2" bw="32" slack="0"/>
<pin id="1150" dir="0" index="3" bw="32" slack="0"/>
<pin id="1151" dir="0" index="4" bw="1" slack="0"/>
<pin id="1152" dir="0" index="5" bw="256" slack="0"/>
<pin id="1153" dir="0" index="6" bw="32" slack="0"/>
<pin id="1154" dir="0" index="7" bw="32" slack="0"/>
<pin id="1155" dir="1" index="8" bw="0" slack="2147483647"/>
</pin_list>
<bind>
<opcode="call(48) " fcode="call"/>
<opset="call_ln45/1 "/>
</bind>
</comp>

<comp id="1162" class="1004" name="grp_joint_PE_outerloop_0_fu_1162">
<pin_list>
<pin id="1163" dir="0" index="0" bw="0" slack="0"/>
<pin id="1164" dir="0" index="1" bw="16" slack="2"/>
<pin id="1165" dir="0" index="2" bw="16" slack="2"/>
<pin id="1166" dir="0" index="3" bw="16" slack="2"/>
<pin id="1167" dir="0" index="4" bw="16" slack="2"/>
<pin id="1168" dir="0" index="5" bw="16" slack="2"/>
<pin id="1169" dir="0" index="6" bw="16" slack="2"/>
<pin id="1170" dir="0" index="7" bw="16" slack="2"/>
<pin id="1171" dir="0" index="8" bw="16" slack="2"/>
<pin id="1172" dir="0" index="9" bw="16" slack="2"/>
<pin id="1173" dir="0" index="10" bw="16" slack="2"/>
<pin id="1174" dir="0" index="11" bw="256" slack="2"/>
<pin id="1175" dir="0" index="12" bw="256" slack="2"/>
<pin id="1176" dir="0" index="13" bw="16" slack="2"/>
<pin id="1177" dir="0" index="14" bw="16" slack="2"/>
<pin id="1178" dir="0" index="15" bw="16" slack="2"/>
<pin id="1179" dir="0" index="16" bw="16" slack="2"/>
<pin id="1180" dir="0" index="17" bw="16" slack="2"/>
<pin id="1181" dir="0" index="18" bw="16" slack="2"/>
<pin id="1182" dir="0" index="19" bw="16" slack="2"/>
<pin id="1183" dir="0" index="20" bw="16" slack="2"/>
<pin id="1184" dir="0" index="21" bw="16" slack="2"/>
<pin id="1185" dir="0" index="22" bw="16" slack="2"/>
<pin id="1186" dir="1" index="23" bw="0" slack="2147483647"/>
</pin_list>
<bind>
<opcode="call(48) " fcode="call"/>
<opset="call_ln32/3 "/>
</bind>
</comp>

<comp id="1188" class="1004" name="grp_joint_PE_outerloop_0_1_fu_1188">
<pin_list>
<pin id="1189" dir="0" index="0" bw="0" slack="0"/>
<pin id="1190" dir="0" index="1" bw="16" slack="4"/>
<pin id="1191" dir="0" index="2" bw="16" slack="4"/>
<pin id="1192" dir="0" index="3" bw="16" slack="4"/>
<pin id="1193" dir="0" index="4" bw="16" slack="4"/>
<pin id="1194" dir="0" index="5" bw="16" slack="4"/>
<pin id="1195" dir="0" index="6" bw="16" slack="4"/>
<pin id="1196" dir="0" index="7" bw="16" slack="4"/>
<pin id="1197" dir="0" index="8" bw="16" slack="4"/>
<pin id="1198" dir="0" index="9" bw="16" slack="4"/>
<pin id="1199" dir="0" index="10" bw="16" slack="4"/>
<pin id="1200" dir="0" index="11" bw="256" slack="4"/>
<pin id="1201" dir="0" index="12" bw="256" slack="4"/>
<pin id="1202" dir="0" index="13" bw="16" slack="4"/>
<pin id="1203" dir="0" index="14" bw="16" slack="4"/>
<pin id="1204" dir="0" index="15" bw="16" slack="4"/>
<pin id="1205" dir="0" index="16" bw="16" slack="4"/>
<pin id="1206" dir="0" index="17" bw="16" slack="4"/>
<pin id="1207" dir="0" index="18" bw="16" slack="4"/>
<pin id="1208" dir="0" index="19" bw="16" slack="4"/>
<pin id="1209" dir="0" index="20" bw="16" slack="4"/>
<pin id="1210" dir="0" index="21" bw="16" slack="4"/>
<pin id="1211" dir="0" index="22" bw="16" slack="4"/>
<pin id="1212" dir="1" index="23" bw="0" slack="2147483647"/>
</pin_list>
<bind>
<opcode="call(48) " fcode="call"/>
<opset="call_ln32/5 "/>
</bind>
</comp>

<comp id="1214" class="1004" name="grp_joint_PE_outerloop_0_2_fu_1214">
<pin_list>
<pin id="1215" dir="0" index="0" bw="0" slack="0"/>
<pin id="1216" dir="0" index="1" bw="16" slack="6"/>
<pin id="1217" dir="0" index="2" bw="16" slack="6"/>
<pin id="1218" dir="0" index="3" bw="16" slack="6"/>
<pin id="1219" dir="0" index="4" bw="16" slack="6"/>
<pin id="1220" dir="0" index="5" bw="16" slack="6"/>
<pin id="1221" dir="0" index="6" bw="16" slack="6"/>
<pin id="1222" dir="0" index="7" bw="16" slack="6"/>
<pin id="1223" dir="0" index="8" bw="16" slack="6"/>
<pin id="1224" dir="0" index="9" bw="16" slack="6"/>
<pin id="1225" dir="0" index="10" bw="16" slack="6"/>
<pin id="1226" dir="0" index="11" bw="256" slack="6"/>
<pin id="1227" dir="0" index="12" bw="256" slack="6"/>
<pin id="1228" dir="0" index="13" bw="16" slack="6"/>
<pin id="1229" dir="0" index="14" bw="16" slack="6"/>
<pin id="1230" dir="0" index="15" bw="16" slack="6"/>
<pin id="1231" dir="0" index="16" bw="16" slack="6"/>
<pin id="1232" dir="0" index="17" bw="16" slack="6"/>
<pin id="1233" dir="0" index="18" bw="16" slack="6"/>
<pin id="1234" dir="0" index="19" bw="16" slack="6"/>
<pin id="1235" dir="0" index="20" bw="16" slack="6"/>
<pin id="1236" dir="0" index="21" bw="16" slack="6"/>
<pin id="1237" dir="0" index="22" bw="16" slack="6"/>
<pin id="1238" dir="1" index="23" bw="0" slack="2147483647"/>
</pin_list>
<bind>
<opcode="call(48) " fcode="call"/>
<opset="call_ln32/7 "/>
</bind>
</comp>

<comp id="1240" class="1004" name="grp_joint_PE_outerloop_0_3_fu_1240">
<pin_list>
<pin id="1241" dir="0" index="0" bw="0" slack="0"/>
<pin id="1242" dir="0" index="1" bw="16" slack="8"/>
<pin id="1243" dir="0" index="2" bw="16" slack="8"/>
<pin id="1244" dir="0" index="3" bw="16" slack="8"/>
<pin id="1245" dir="0" index="4" bw="16" slack="8"/>
<pin id="1246" dir="0" index="5" bw="16" slack="8"/>
<pin id="1247" dir="0" index="6" bw="16" slack="8"/>
<pin id="1248" dir="0" index="7" bw="16" slack="8"/>
<pin id="1249" dir="0" index="8" bw="16" slack="8"/>
<pin id="1250" dir="0" index="9" bw="16" slack="8"/>
<pin id="1251" dir="0" index="10" bw="16" slack="8"/>
<pin id="1252" dir="0" index="11" bw="256" slack="8"/>
<pin id="1253" dir="0" index="12" bw="256" slack="8"/>
<pin id="1254" dir="0" index="13" bw="16" slack="8"/>
<pin id="1255" dir="0" index="14" bw="16" slack="8"/>
<pin id="1256" dir="0" index="15" bw="16" slack="8"/>
<pin id="1257" dir="0" index="16" bw="16" slack="8"/>
<pin id="1258" dir="0" index="17" bw="16" slack="8"/>
<pin id="1259" dir="0" index="18" bw="16" slack="8"/>
<pin id="1260" dir="0" index="19" bw="16" slack="8"/>
<pin id="1261" dir="0" index="20" bw="16" slack="8"/>
<pin id="1262" dir="0" index="21" bw="16" slack="8"/>
<pin id="1263" dir="0" index="22" bw="16" slack="8"/>
<pin id="1264" dir="1" index="23" bw="0" slack="2147483647"/>
</pin_list>
<bind>
<opcode="call(48) " fcode="call"/>
<opset="call_ln32/9 "/>
</bind>
</comp>

<comp id="1266" class="1004" name="grp_joint_PE_outerloop_0_4_fu_1266">
<pin_list>
<pin id="1267" dir="0" index="0" bw="0" slack="0"/>
<pin id="1268" dir="0" index="1" bw="16" slack="10"/>
<pin id="1269" dir="0" index="2" bw="16" slack="10"/>
<pin id="1270" dir="0" index="3" bw="16" slack="10"/>
<pin id="1271" dir="0" index="4" bw="16" slack="10"/>
<pin id="1272" dir="0" index="5" bw="16" slack="10"/>
<pin id="1273" dir="0" index="6" bw="16" slack="10"/>
<pin id="1274" dir="0" index="7" bw="16" slack="10"/>
<pin id="1275" dir="0" index="8" bw="16" slack="10"/>
<pin id="1276" dir="0" index="9" bw="16" slack="10"/>
<pin id="1277" dir="0" index="10" bw="16" slack="10"/>
<pin id="1278" dir="0" index="11" bw="256" slack="10"/>
<pin id="1279" dir="0" index="12" bw="256" slack="10"/>
<pin id="1280" dir="0" index="13" bw="16" slack="10"/>
<pin id="1281" dir="0" index="14" bw="16" slack="10"/>
<pin id="1282" dir="0" index="15" bw="16" slack="10"/>
<pin id="1283" dir="0" index="16" bw="16" slack="10"/>
<pin id="1284" dir="0" index="17" bw="16" slack="10"/>
<pin id="1285" dir="0" index="18" bw="16" slack="10"/>
<pin id="1286" dir="0" index="19" bw="16" slack="10"/>
<pin id="1287" dir="0" index="20" bw="16" slack="10"/>
<pin id="1288" dir="0" index="21" bw="16" slack="10"/>
<pin id="1289" dir="0" index="22" bw="16" slack="10"/>
<pin id="1290" dir="1" index="23" bw="0" slack="2147483647"/>
</pin_list>
<bind>
<opcode="call(48) " fcode="call"/>
<opset="call_ln32/11 "/>
</bind>
</comp>

<comp id="1292" class="1004" name="grp_joint_PE_outerloop_0_5_fu_1292">
<pin_list>
<pin id="1293" dir="0" index="0" bw="0" slack="0"/>
<pin id="1294" dir="0" index="1" bw="16" slack="12"/>
<pin id="1295" dir="0" index="2" bw="16" slack="12"/>
<pin id="1296" dir="0" index="3" bw="16" slack="12"/>
<pin id="1297" dir="0" index="4" bw="16" slack="12"/>
<pin id="1298" dir="0" index="5" bw="16" slack="12"/>
<pin id="1299" dir="0" index="6" bw="16" slack="12"/>
<pin id="1300" dir="0" index="7" bw="16" slack="12"/>
<pin id="1301" dir="0" index="8" bw="16" slack="12"/>
<pin id="1302" dir="0" index="9" bw="16" slack="12"/>
<pin id="1303" dir="0" index="10" bw="16" slack="12"/>
<pin id="1304" dir="0" index="11" bw="256" slack="12"/>
<pin id="1305" dir="0" index="12" bw="256" slack="12"/>
<pin id="1306" dir="0" index="13" bw="16" slack="12"/>
<pin id="1307" dir="0" index="14" bw="16" slack="12"/>
<pin id="1308" dir="0" index="15" bw="16" slack="12"/>
<pin id="1309" dir="0" index="16" bw="16" slack="12"/>
<pin id="1310" dir="0" index="17" bw="16" slack="12"/>
<pin id="1311" dir="0" index="18" bw="16" slack="12"/>
<pin id="1312" dir="0" index="19" bw="16" slack="12"/>
<pin id="1313" dir="0" index="20" bw="16" slack="12"/>
<pin id="1314" dir="0" index="21" bw="16" slack="12"/>
<pin id="1315" dir="0" index="22" bw="16" slack="12"/>
<pin id="1316" dir="1" index="23" bw="0" slack="2147483647"/>
</pin_list>
<bind>
<opcode="call(48) " fcode="call"/>
<opset="call_ln32/13 "/>
</bind>
</comp>

<comp id="1318" class="1004" name="grp_joint_PE_outerloop_0_6_fu_1318">
<pin_list>
<pin id="1319" dir="0" index="0" bw="0" slack="0"/>
<pin id="1320" dir="0" index="1" bw="16" slack="14"/>
<pin id="1321" dir="0" index="2" bw="16" slack="14"/>
<pin id="1322" dir="0" index="3" bw="16" slack="14"/>
<pin id="1323" dir="0" index="4" bw="16" slack="14"/>
<pin id="1324" dir="0" index="5" bw="16" slack="14"/>
<pin id="1325" dir="0" index="6" bw="16" slack="14"/>
<pin id="1326" dir="0" index="7" bw="16" slack="14"/>
<pin id="1327" dir="0" index="8" bw="16" slack="14"/>
<pin id="1328" dir="0" index="9" bw="16" slack="14"/>
<pin id="1329" dir="0" index="10" bw="16" slack="14"/>
<pin id="1330" dir="0" index="11" bw="256" slack="14"/>
<pin id="1331" dir="0" index="12" bw="256" slack="14"/>
<pin id="1332" dir="0" index="13" bw="16" slack="14"/>
<pin id="1333" dir="0" index="14" bw="16" slack="14"/>
<pin id="1334" dir="0" index="15" bw="16" slack="14"/>
<pin id="1335" dir="0" index="16" bw="16" slack="14"/>
<pin id="1336" dir="0" index="17" bw="16" slack="14"/>
<pin id="1337" dir="0" index="18" bw="16" slack="14"/>
<pin id="1338" dir="0" index="19" bw="16" slack="14"/>
<pin id="1339" dir="0" index="20" bw="16" slack="14"/>
<pin id="1340" dir="0" index="21" bw="16" slack="14"/>
<pin id="1341" dir="0" index="22" bw="16" slack="14"/>
<pin id="1342" dir="1" index="23" bw="0" slack="2147483647"/>
</pin_list>
<bind>
<opcode="call(48) " fcode="call"/>
<opset="call_ln32/15 "/>
</bind>
</comp>

<comp id="1344" class="1004" name="grp_joint_PE_outerloop_0_7_fu_1344">
<pin_list>
<pin id="1345" dir="0" index="0" bw="0" slack="0"/>
<pin id="1346" dir="0" index="1" bw="16" slack="16"/>
<pin id="1347" dir="0" index="2" bw="16" slack="16"/>
<pin id="1348" dir="0" index="3" bw="16" slack="16"/>
<pin id="1349" dir="0" index="4" bw="16" slack="16"/>
<pin id="1350" dir="0" index="5" bw="16" slack="16"/>
<pin id="1351" dir="0" index="6" bw="16" slack="16"/>
<pin id="1352" dir="0" index="7" bw="16" slack="16"/>
<pin id="1353" dir="0" index="8" bw="16" slack="16"/>
<pin id="1354" dir="0" index="9" bw="16" slack="16"/>
<pin id="1355" dir="0" index="10" bw="16" slack="16"/>
<pin id="1356" dir="0" index="11" bw="256" slack="16"/>
<pin id="1357" dir="0" index="12" bw="256" slack="16"/>
<pin id="1358" dir="0" index="13" bw="16" slack="16"/>
<pin id="1359" dir="0" index="14" bw="16" slack="16"/>
<pin id="1360" dir="0" index="15" bw="16" slack="16"/>
<pin id="1361" dir="0" index="16" bw="16" slack="16"/>
<pin id="1362" dir="0" index="17" bw="16" slack="16"/>
<pin id="1363" dir="0" index="18" bw="16" slack="16"/>
<pin id="1364" dir="0" index="19" bw="16" slack="16"/>
<pin id="1365" dir="0" index="20" bw="16" slack="16"/>
<pin id="1366" dir="0" index="21" bw="16" slack="16"/>
<pin id="1367" dir="0" index="22" bw="16" slack="16"/>
<pin id="1368" dir="1" index="23" bw="0" slack="2147483647"/>
</pin_list>
<bind>
<opcode="call(48) " fcode="call"/>
<opset="call_ln32/17 "/>
</bind>
</comp>

<comp id="1370" class="1004" name="grp_joint_PE_outerloop_0_8_fu_1370">
<pin_list>
<pin id="1371" dir="0" index="0" bw="0" slack="0"/>
<pin id="1372" dir="0" index="1" bw="16" slack="18"/>
<pin id="1373" dir="0" index="2" bw="16" slack="18"/>
<pin id="1374" dir="0" index="3" bw="16" slack="18"/>
<pin id="1375" dir="0" index="4" bw="16" slack="18"/>
<pin id="1376" dir="0" index="5" bw="16" slack="18"/>
<pin id="1377" dir="0" index="6" bw="16" slack="18"/>
<pin id="1378" dir="0" index="7" bw="16" slack="18"/>
<pin id="1379" dir="0" index="8" bw="16" slack="18"/>
<pin id="1380" dir="0" index="9" bw="16" slack="18"/>
<pin id="1381" dir="0" index="10" bw="16" slack="18"/>
<pin id="1382" dir="0" index="11" bw="256" slack="18"/>
<pin id="1383" dir="0" index="12" bw="256" slack="18"/>
<pin id="1384" dir="0" index="13" bw="16" slack="18"/>
<pin id="1385" dir="0" index="14" bw="16" slack="18"/>
<pin id="1386" dir="0" index="15" bw="16" slack="18"/>
<pin id="1387" dir="0" index="16" bw="16" slack="18"/>
<pin id="1388" dir="0" index="17" bw="16" slack="18"/>
<pin id="1389" dir="0" index="18" bw="16" slack="18"/>
<pin id="1390" dir="0" index="19" bw="16" slack="18"/>
<pin id="1391" dir="0" index="20" bw="16" slack="18"/>
<pin id="1392" dir="0" index="21" bw="16" slack="18"/>
<pin id="1393" dir="0" index="22" bw="16" slack="18"/>
<pin id="1394" dir="1" index="23" bw="0" slack="2147483647"/>
</pin_list>
<bind>
<opcode="call(48) " fcode="call"/>
<opset="call_ln32/19 "/>
</bind>
</comp>

<comp id="1396" class="1004" name="grp_joint_PE_outerloop_0_9_fu_1396">
<pin_list>
<pin id="1397" dir="0" index="0" bw="0" slack="0"/>
<pin id="1398" dir="0" index="1" bw="16" slack="20"/>
<pin id="1399" dir="0" index="2" bw="16" slack="20"/>
<pin id="1400" dir="0" index="3" bw="16" slack="20"/>
<pin id="1401" dir="0" index="4" bw="16" slack="20"/>
<pin id="1402" dir="0" index="5" bw="16" slack="20"/>
<pin id="1403" dir="0" index="6" bw="16" slack="20"/>
<pin id="1404" dir="0" index="7" bw="16" slack="20"/>
<pin id="1405" dir="0" index="8" bw="16" slack="20"/>
<pin id="1406" dir="0" index="9" bw="16" slack="20"/>
<pin id="1407" dir="0" index="10" bw="16" slack="20"/>
<pin id="1408" dir="0" index="11" bw="256" slack="20"/>
<pin id="1409" dir="0" index="12" bw="256" slack="20"/>
<pin id="1410" dir="0" index="13" bw="16" slack="20"/>
<pin id="1411" dir="0" index="14" bw="16" slack="20"/>
<pin id="1412" dir="0" index="15" bw="16" slack="20"/>
<pin id="1413" dir="0" index="16" bw="16" slack="20"/>
<pin id="1414" dir="0" index="17" bw="16" slack="20"/>
<pin id="1415" dir="0" index="18" bw="16" slack="20"/>
<pin id="1416" dir="0" index="19" bw="16" slack="20"/>
<pin id="1417" dir="0" index="20" bw="16" slack="20"/>
<pin id="1418" dir="0" index="21" bw="16" slack="20"/>
<pin id="1419" dir="0" index="22" bw="16" slack="20"/>
<pin id="1420" dir="1" index="23" bw="0" slack="2147483647"/>
</pin_list>
<bind>
<opcode="call(48) " fcode="call"/>
<opset="call_ln32/21 "/>
</bind>
</comp>

<comp id="1422" class="1004" name="grp_joint_PE_outerloop_0_10_fu_1422">
<pin_list>
<pin id="1423" dir="0" index="0" bw="0" slack="0"/>
<pin id="1424" dir="0" index="1" bw="16" slack="22"/>
<pin id="1425" dir="0" index="2" bw="16" slack="22"/>
<pin id="1426" dir="0" index="3" bw="16" slack="22"/>
<pin id="1427" dir="0" index="4" bw="16" slack="22"/>
<pin id="1428" dir="0" index="5" bw="16" slack="22"/>
<pin id="1429" dir="0" index="6" bw="16" slack="22"/>
<pin id="1430" dir="0" index="7" bw="16" slack="22"/>
<pin id="1431" dir="0" index="8" bw="16" slack="22"/>
<pin id="1432" dir="0" index="9" bw="16" slack="22"/>
<pin id="1433" dir="0" index="10" bw="16" slack="22"/>
<pin id="1434" dir="0" index="11" bw="256" slack="22"/>
<pin id="1435" dir="0" index="12" bw="256" slack="22"/>
<pin id="1436" dir="0" index="13" bw="16" slack="22"/>
<pin id="1437" dir="0" index="14" bw="16" slack="22"/>
<pin id="1438" dir="0" index="15" bw="16" slack="22"/>
<pin id="1439" dir="0" index="16" bw="16" slack="22"/>
<pin id="1440" dir="0" index="17" bw="16" slack="22"/>
<pin id="1441" dir="0" index="18" bw="16" slack="22"/>
<pin id="1442" dir="0" index="19" bw="16" slack="22"/>
<pin id="1443" dir="0" index="20" bw="16" slack="22"/>
<pin id="1444" dir="0" index="21" bw="16" slack="22"/>
<pin id="1445" dir="0" index="22" bw="16" slack="22"/>
<pin id="1446" dir="1" index="23" bw="0" slack="2147483647"/>
</pin_list>
<bind>
<opcode="call(48) " fcode="call"/>
<opset="call_ln32/23 "/>
</bind>
</comp>

<comp id="1448" class="1004" name="grp_joint_PE_outerloop_0_11_fu_1448">
<pin_list>
<pin id="1449" dir="0" index="0" bw="0" slack="0"/>
<pin id="1450" dir="0" index="1" bw="16" slack="24"/>
<pin id="1451" dir="0" index="2" bw="16" slack="24"/>
<pin id="1452" dir="0" index="3" bw="16" slack="24"/>
<pin id="1453" dir="0" index="4" bw="16" slack="24"/>
<pin id="1454" dir="0" index="5" bw="16" slack="24"/>
<pin id="1455" dir="0" index="6" bw="16" slack="24"/>
<pin id="1456" dir="0" index="7" bw="16" slack="24"/>
<pin id="1457" dir="0" index="8" bw="16" slack="24"/>
<pin id="1458" dir="0" index="9" bw="16" slack="24"/>
<pin id="1459" dir="0" index="10" bw="16" slack="24"/>
<pin id="1460" dir="0" index="11" bw="256" slack="24"/>
<pin id="1461" dir="0" index="12" bw="256" slack="24"/>
<pin id="1462" dir="0" index="13" bw="16" slack="24"/>
<pin id="1463" dir="0" index="14" bw="16" slack="24"/>
<pin id="1464" dir="0" index="15" bw="16" slack="24"/>
<pin id="1465" dir="0" index="16" bw="16" slack="24"/>
<pin id="1466" dir="0" index="17" bw="16" slack="24"/>
<pin id="1467" dir="0" index="18" bw="16" slack="24"/>
<pin id="1468" dir="0" index="19" bw="16" slack="24"/>
<pin id="1469" dir="0" index="20" bw="16" slack="24"/>
<pin id="1470" dir="0" index="21" bw="16" slack="24"/>
<pin id="1471" dir="0" index="22" bw="16" slack="24"/>
<pin id="1472" dir="1" index="23" bw="0" slack="2147483647"/>
</pin_list>
<bind>
<opcode="call(48) " fcode="call"/>
<opset="call_ln32/25 "/>
</bind>
</comp>

<comp id="1474" class="1004" name="grp_joint_PE_outerloop_0_12_fu_1474">
<pin_list>
<pin id="1475" dir="0" index="0" bw="0" slack="0"/>
<pin id="1476" dir="0" index="1" bw="16" slack="26"/>
<pin id="1477" dir="0" index="2" bw="16" slack="26"/>
<pin id="1478" dir="0" index="3" bw="16" slack="26"/>
<pin id="1479" dir="0" index="4" bw="16" slack="26"/>
<pin id="1480" dir="0" index="5" bw="16" slack="26"/>
<pin id="1481" dir="0" index="6" bw="16" slack="26"/>
<pin id="1482" dir="0" index="7" bw="16" slack="26"/>
<pin id="1483" dir="0" index="8" bw="16" slack="26"/>
<pin id="1484" dir="0" index="9" bw="16" slack="26"/>
<pin id="1485" dir="0" index="10" bw="16" slack="26"/>
<pin id="1486" dir="0" index="11" bw="256" slack="26"/>
<pin id="1487" dir="0" index="12" bw="256" slack="26"/>
<pin id="1488" dir="0" index="13" bw="16" slack="26"/>
<pin id="1489" dir="0" index="14" bw="16" slack="26"/>
<pin id="1490" dir="0" index="15" bw="16" slack="26"/>
<pin id="1491" dir="0" index="16" bw="16" slack="26"/>
<pin id="1492" dir="0" index="17" bw="16" slack="26"/>
<pin id="1493" dir="0" index="18" bw="16" slack="26"/>
<pin id="1494" dir="0" index="19" bw="16" slack="26"/>
<pin id="1495" dir="0" index="20" bw="16" slack="26"/>
<pin id="1496" dir="0" index="21" bw="16" slack="26"/>
<pin id="1497" dir="0" index="22" bw="16" slack="26"/>
<pin id="1498" dir="1" index="23" bw="0" slack="2147483647"/>
</pin_list>
<bind>
<opcode="call(48) " fcode="call"/>
<opset="call_ln32/27 "/>
</bind>
</comp>

<comp id="1500" class="1004" name="grp_joint_PE_outerloop_0_13_fu_1500">
<pin_list>
<pin id="1501" dir="0" index="0" bw="0" slack="0"/>
<pin id="1502" dir="0" index="1" bw="16" slack="28"/>
<pin id="1503" dir="0" index="2" bw="16" slack="28"/>
<pin id="1504" dir="0" index="3" bw="16" slack="28"/>
<pin id="1505" dir="0" index="4" bw="16" slack="28"/>
<pin id="1506" dir="0" index="5" bw="16" slack="28"/>
<pin id="1507" dir="0" index="6" bw="16" slack="28"/>
<pin id="1508" dir="0" index="7" bw="16" slack="28"/>
<pin id="1509" dir="0" index="8" bw="16" slack="28"/>
<pin id="1510" dir="0" index="9" bw="16" slack="28"/>
<pin id="1511" dir="0" index="10" bw="16" slack="28"/>
<pin id="1512" dir="0" index="11" bw="256" slack="28"/>
<pin id="1513" dir="0" index="12" bw="256" slack="28"/>
<pin id="1514" dir="1" index="13" bw="0" slack="2147483647"/>
</pin_list>
<bind>
<opcode="call(48) " fcode="call"/>
<opset="call_ln32/29 "/>
</bind>
</comp>

<comp id="1516" class="1004" name="grp_stream2axis_256u_256u_s_fu_1516">
<pin_list>
<pin id="1517" dir="0" index="0" bw="0" slack="0"/>
<pin id="1518" dir="0" index="1" bw="256" slack="0"/>
<pin id="1519" dir="0" index="2" bw="32" slack="0"/>
<pin id="1520" dir="0" index="3" bw="32" slack="0"/>
<pin id="1521" dir="0" index="4" bw="1" slack="0"/>
<pin id="1522" dir="0" index="5" bw="256" slack="30"/>
<pin id="1523" dir="0" index="6" bw="32" slack="30"/>
<pin id="1524" dir="1" index="7" bw="0" slack="2147483647"/>
</pin_list>
<bind>
<opcode="call(48) " fcode="call"/>
<opset="call_ln49/31 "/>
</bind>
</comp>

<comp id="1530" class="1005" name="total_bytes_read_reg_1530">
<pin_list>
<pin id="1531" dir="0" index="0" bw="32" slack="1"/>
<pin id="1532" dir="1" index="1" bw="32" slack="1"/>
</pin_list>
<bind>
<opset="total_bytes_read "/>
</bind>
</comp>

<comp id="1535" class="1005" name="total_bytes_c_reg_1535">
<pin_list>
<pin id="1536" dir="0" index="0" bw="32" slack="0"/>
<pin id="1537" dir="1" index="1" bw="32" slack="0"/>
</pin_list>
<bind>
<opset="total_bytes_c "/>
</bind>
</comp>

<comp id="1541" class="1005" name="stencilConfig_outer_loop_limit_c164_reg_1541">
<pin_list>
<pin id="1542" dir="0" index="0" bw="16" slack="0"/>
<pin id="1543" dir="1" index="1" bw="16" slack="0"/>
</pin_list>
<bind>
<opset="stencilConfig_outer_loop_limit_c164 "/>
</bind>
</comp>

<comp id="1547" class="1005" name="stencilConfig_outer_loop_limit_c163_reg_1547">
<pin_list>
<pin id="1548" dir="0" index="0" bw="16" slack="2"/>
<pin id="1549" dir="1" index="1" bw="16" slack="2"/>
</pin_list>
<bind>
<opset="stencilConfig_outer_loop_limit_c163 "/>
</bind>
</comp>

<comp id="1553" class="1005" name="stencilConfig_outer_loop_limit_c162_reg_1553">
<pin_list>
<pin id="1554" dir="0" index="0" bw="16" slack="4"/>
<pin id="1555" dir="1" index="1" bw="16" slack="4"/>
</pin_list>
<bind>
<opset="stencilConfig_outer_loop_limit_c162 "/>
</bind>
</comp>

<comp id="1559" class="1005" name="stencilConfig_outer_loop_limit_c161_reg_1559">
<pin_list>
<pin id="1560" dir="0" index="0" bw="16" slack="6"/>
<pin id="1561" dir="1" index="1" bw="16" slack="6"/>
</pin_list>
<bind>
<opset="stencilConfig_outer_loop_limit_c161 "/>
</bind>
</comp>

<comp id="1565" class="1005" name="stencilConfig_outer_loop_limit_c160_reg_1565">
<pin_list>
<pin id="1566" dir="0" index="0" bw="16" slack="8"/>
<pin id="1567" dir="1" index="1" bw="16" slack="8"/>
</pin_list>
<bind>
<opset="stencilConfig_outer_loop_limit_c160 "/>
</bind>
</comp>

<comp id="1571" class="1005" name="stencilConfig_outer_loop_limit_c159_reg_1571">
<pin_list>
<pin id="1572" dir="0" index="0" bw="16" slack="10"/>
<pin id="1573" dir="1" index="1" bw="16" slack="10"/>
</pin_list>
<bind>
<opset="stencilConfig_outer_loop_limit_c159 "/>
</bind>
</comp>

<comp id="1577" class="1005" name="stencilConfig_outer_loop_limit_c158_reg_1577">
<pin_list>
<pin id="1578" dir="0" index="0" bw="16" slack="12"/>
<pin id="1579" dir="1" index="1" bw="16" slack="12"/>
</pin_list>
<bind>
<opset="stencilConfig_outer_loop_limit_c158 "/>
</bind>
</comp>

<comp id="1583" class="1005" name="stencilConfig_outer_loop_limit_c157_reg_1583">
<pin_list>
<pin id="1584" dir="0" index="0" bw="16" slack="14"/>
<pin id="1585" dir="1" index="1" bw="16" slack="14"/>
</pin_list>
<bind>
<opset="stencilConfig_outer_loop_limit_c157 "/>
</bind>
</comp>

<comp id="1589" class="1005" name="stencilConfig_outer_loop_limit_c156_reg_1589">
<pin_list>
<pin id="1590" dir="0" index="0" bw="16" slack="16"/>
<pin id="1591" dir="1" index="1" bw="16" slack="16"/>
</pin_list>
<bind>
<opset="stencilConfig_outer_loop_limit_c156 "/>
</bind>
</comp>

<comp id="1595" class="1005" name="stencilConfig_outer_loop_limit_c155_reg_1595">
<pin_list>
<pin id="1596" dir="0" index="0" bw="16" slack="18"/>
<pin id="1597" dir="1" index="1" bw="16" slack="18"/>
</pin_list>
<bind>
<opset="stencilConfig_outer_loop_limit_c155 "/>
</bind>
</comp>

<comp id="1601" class="1005" name="stencilConfig_outer_loop_limit_c154_reg_1601">
<pin_list>
<pin id="1602" dir="0" index="0" bw="16" slack="20"/>
<pin id="1603" dir="1" index="1" bw="16" slack="20"/>
</pin_list>
<bind>
<opset="stencilConfig_outer_loop_limit_c154 "/>
</bind>
</comp>

<comp id="1607" class="1005" name="stencilConfig_outer_loop_limit_c153_reg_1607">
<pin_list>
<pin id="1608" dir="0" index="0" bw="16" slack="22"/>
<pin id="1609" dir="1" index="1" bw="16" slack="22"/>
</pin_list>
<bind>
<opset="stencilConfig_outer_loop_limit_c153 "/>
</bind>
</comp>

<comp id="1613" class="1005" name="stencilConfig_outer_loop_limit_c152_reg_1613">
<pin_list>
<pin id="1614" dir="0" index="0" bw="16" slack="24"/>
<pin id="1615" dir="1" index="1" bw="16" slack="24"/>
</pin_list>
<bind>
<opset="stencilConfig_outer_loop_limit_c152 "/>
</bind>
</comp>

<comp id="1619" class="1005" name="stencilConfig_outer_loop_limit_c_reg_1619">
<pin_list>
<pin id="1620" dir="0" index="0" bw="16" slack="26"/>
<pin id="1621" dir="1" index="1" bw="16" slack="26"/>
</pin_list>
<bind>
<opset="stencilConfig_outer_loop_limit_c "/>
</bind>
</comp>

<comp id="1625" class="1005" name="stencilConfig_upper_limit_2_c151_reg_1625">
<pin_list>
<pin id="1626" dir="0" index="0" bw="16" slack="0"/>
<pin id="1627" dir="1" index="1" bw="16" slack="0"/>
</pin_list>
<bind>
<opset="stencilConfig_upper_limit_2_c151 "/>
</bind>
</comp>

<comp id="1631" class="1005" name="stencilConfig_upper_limit_2_c150_reg_1631">
<pin_list>
<pin id="1632" dir="0" index="0" bw="16" slack="2"/>
<pin id="1633" dir="1" index="1" bw="16" slack="2"/>
</pin_list>
<bind>
<opset="stencilConfig_upper_limit_2_c150 "/>
</bind>
</comp>

<comp id="1637" class="1005" name="stencilConfig_upper_limit_2_c149_reg_1637">
<pin_list>
<pin id="1638" dir="0" index="0" bw="16" slack="4"/>
<pin id="1639" dir="1" index="1" bw="16" slack="4"/>
</pin_list>
<bind>
<opset="stencilConfig_upper_limit_2_c149 "/>
</bind>
</comp>

<comp id="1643" class="1005" name="stencilConfig_upper_limit_2_c148_reg_1643">
<pin_list>
<pin id="1644" dir="0" index="0" bw="16" slack="6"/>
<pin id="1645" dir="1" index="1" bw="16" slack="6"/>
</pin_list>
<bind>
<opset="stencilConfig_upper_limit_2_c148 "/>
</bind>
</comp>

<comp id="1649" class="1005" name="stencilConfig_upper_limit_2_c147_reg_1649">
<pin_list>
<pin id="1650" dir="0" index="0" bw="16" slack="8"/>
<pin id="1651" dir="1" index="1" bw="16" slack="8"/>
</pin_list>
<bind>
<opset="stencilConfig_upper_limit_2_c147 "/>
</bind>
</comp>

<comp id="1655" class="1005" name="stencilConfig_upper_limit_2_c146_reg_1655">
<pin_list>
<pin id="1656" dir="0" index="0" bw="16" slack="10"/>
<pin id="1657" dir="1" index="1" bw="16" slack="10"/>
</pin_list>
<bind>
<opset="stencilConfig_upper_limit_2_c146 "/>
</bind>
</comp>

<comp id="1661" class="1005" name="stencilConfig_upper_limit_2_c145_reg_1661">
<pin_list>
<pin id="1662" dir="0" index="0" bw="16" slack="12"/>
<pin id="1663" dir="1" index="1" bw="16" slack="12"/>
</pin_list>
<bind>
<opset="stencilConfig_upper_limit_2_c145 "/>
</bind>
</comp>

<comp id="1667" class="1005" name="stencilConfig_upper_limit_2_c144_reg_1667">
<pin_list>
<pin id="1668" dir="0" index="0" bw="16" slack="14"/>
<pin id="1669" dir="1" index="1" bw="16" slack="14"/>
</pin_list>
<bind>
<opset="stencilConfig_upper_limit_2_c144 "/>
</bind>
</comp>

<comp id="1673" class="1005" name="stencilConfig_upper_limit_2_c143_reg_1673">
<pin_list>
<pin id="1674" dir="0" index="0" bw="16" slack="16"/>
<pin id="1675" dir="1" index="1" bw="16" slack="16"/>
</pin_list>
<bind>
<opset="stencilConfig_upper_limit_2_c143 "/>
</bind>
</comp>

<comp id="1679" class="1005" name="stencilConfig_upper_limit_2_c142_reg_1679">
<pin_list>
<pin id="1680" dir="0" index="0" bw="16" slack="18"/>
<pin id="1681" dir="1" index="1" bw="16" slack="18"/>
</pin_list>
<bind>
<opset="stencilConfig_upper_limit_2_c142 "/>
</bind>
</comp>

<comp id="1685" class="1005" name="stencilConfig_upper_limit_2_c141_reg_1685">
<pin_list>
<pin id="1686" dir="0" index="0" bw="16" slack="20"/>
<pin id="1687" dir="1" index="1" bw="16" slack="20"/>
</pin_list>
<bind>
<opset="stencilConfig_upper_limit_2_c141 "/>
</bind>
</comp>

<comp id="1691" class="1005" name="stencilConfig_upper_limit_2_c140_reg_1691">
<pin_list>
<pin id="1692" dir="0" index="0" bw="16" slack="22"/>
<pin id="1693" dir="1" index="1" bw="16" slack="22"/>
</pin_list>
<bind>
<opset="stencilConfig_upper_limit_2_c140 "/>
</bind>
</comp>

<comp id="1697" class="1005" name="stencilConfig_upper_limit_2_c139_reg_1697">
<pin_list>
<pin id="1698" dir="0" index="0" bw="16" slack="24"/>
<pin id="1699" dir="1" index="1" bw="16" slack="24"/>
</pin_list>
<bind>
<opset="stencilConfig_upper_limit_2_c139 "/>
</bind>
</comp>

<comp id="1703" class="1005" name="stencilConfig_upper_limit_2_c_reg_1703">
<pin_list>
<pin id="1704" dir="0" index="0" bw="16" slack="26"/>
<pin id="1705" dir="1" index="1" bw="16" slack="26"/>
</pin_list>
<bind>
<opset="stencilConfig_upper_limit_2_c "/>
</bind>
</comp>

<comp id="1709" class="1005" name="stencilConfig_upper_limit_1_c138_reg_1709">
<pin_list>
<pin id="1710" dir="0" index="0" bw="16" slack="0"/>
<pin id="1711" dir="1" index="1" bw="16" slack="0"/>
</pin_list>
<bind>
<opset="stencilConfig_upper_limit_1_c138 "/>
</bind>
</comp>

<comp id="1715" class="1005" name="stencilConfig_upper_limit_1_c137_reg_1715">
<pin_list>
<pin id="1716" dir="0" index="0" bw="16" slack="2"/>
<pin id="1717" dir="1" index="1" bw="16" slack="2"/>
</pin_list>
<bind>
<opset="stencilConfig_upper_limit_1_c137 "/>
</bind>
</comp>

<comp id="1721" class="1005" name="stencilConfig_upper_limit_1_c136_reg_1721">
<pin_list>
<pin id="1722" dir="0" index="0" bw="16" slack="4"/>
<pin id="1723" dir="1" index="1" bw="16" slack="4"/>
</pin_list>
<bind>
<opset="stencilConfig_upper_limit_1_c136 "/>
</bind>
</comp>

<comp id="1727" class="1005" name="stencilConfig_upper_limit_1_c135_reg_1727">
<pin_list>
<pin id="1728" dir="0" index="0" bw="16" slack="6"/>
<pin id="1729" dir="1" index="1" bw="16" slack="6"/>
</pin_list>
<bind>
<opset="stencilConfig_upper_limit_1_c135 "/>
</bind>
</comp>

<comp id="1733" class="1005" name="stencilConfig_upper_limit_1_c134_reg_1733">
<pin_list>
<pin id="1734" dir="0" index="0" bw="16" slack="8"/>
<pin id="1735" dir="1" index="1" bw="16" slack="8"/>
</pin_list>
<bind>
<opset="stencilConfig_upper_limit_1_c134 "/>
</bind>
</comp>

<comp id="1739" class="1005" name="stencilConfig_upper_limit_1_c133_reg_1739">
<pin_list>
<pin id="1740" dir="0" index="0" bw="16" slack="10"/>
<pin id="1741" dir="1" index="1" bw="16" slack="10"/>
</pin_list>
<bind>
<opset="stencilConfig_upper_limit_1_c133 "/>
</bind>
</comp>

<comp id="1745" class="1005" name="stencilConfig_upper_limit_1_c132_reg_1745">
<pin_list>
<pin id="1746" dir="0" index="0" bw="16" slack="12"/>
<pin id="1747" dir="1" index="1" bw="16" slack="12"/>
</pin_list>
<bind>
<opset="stencilConfig_upper_limit_1_c132 "/>
</bind>
</comp>

<comp id="1751" class="1005" name="stencilConfig_upper_limit_1_c131_reg_1751">
<pin_list>
<pin id="1752" dir="0" index="0" bw="16" slack="14"/>
<pin id="1753" dir="1" index="1" bw="16" slack="14"/>
</pin_list>
<bind>
<opset="stencilConfig_upper_limit_1_c131 "/>
</bind>
</comp>

<comp id="1757" class="1005" name="stencilConfig_upper_limit_1_c130_reg_1757">
<pin_list>
<pin id="1758" dir="0" index="0" bw="16" slack="16"/>
<pin id="1759" dir="1" index="1" bw="16" slack="16"/>
</pin_list>
<bind>
<opset="stencilConfig_upper_limit_1_c130 "/>
</bind>
</comp>

<comp id="1763" class="1005" name="stencilConfig_upper_limit_1_c129_reg_1763">
<pin_list>
<pin id="1764" dir="0" index="0" bw="16" slack="18"/>
<pin id="1765" dir="1" index="1" bw="16" slack="18"/>
</pin_list>
<bind>
<opset="stencilConfig_upper_limit_1_c129 "/>
</bind>
</comp>

<comp id="1769" class="1005" name="stencilConfig_upper_limit_1_c128_reg_1769">
<pin_list>
<pin id="1770" dir="0" index="0" bw="16" slack="20"/>
<pin id="1771" dir="1" index="1" bw="16" slack="20"/>
</pin_list>
<bind>
<opset="stencilConfig_upper_limit_1_c128 "/>
</bind>
</comp>

<comp id="1775" class="1005" name="stencilConfig_upper_limit_1_c127_reg_1775">
<pin_list>
<pin id="1776" dir="0" index="0" bw="16" slack="22"/>
<pin id="1777" dir="1" index="1" bw="16" slack="22"/>
</pin_list>
<bind>
<opset="stencilConfig_upper_limit_1_c127 "/>
</bind>
</comp>

<comp id="1781" class="1005" name="stencilConfig_upper_limit_1_c126_reg_1781">
<pin_list>
<pin id="1782" dir="0" index="0" bw="16" slack="24"/>
<pin id="1783" dir="1" index="1" bw="16" slack="24"/>
</pin_list>
<bind>
<opset="stencilConfig_upper_limit_1_c126 "/>
</bind>
</comp>

<comp id="1787" class="1005" name="stencilConfig_upper_limit_1_c_reg_1787">
<pin_list>
<pin id="1788" dir="0" index="0" bw="16" slack="26"/>
<pin id="1789" dir="1" index="1" bw="16" slack="26"/>
</pin_list>
<bind>
<opset="stencilConfig_upper_limit_1_c "/>
</bind>
</comp>

<comp id="1793" class="1005" name="stencilConfig_upper_limit_0_c125_reg_1793">
<pin_list>
<pin id="1794" dir="0" index="0" bw="16" slack="0"/>
<pin id="1795" dir="1" index="1" bw="16" slack="0"/>
</pin_list>
<bind>
<opset="stencilConfig_upper_limit_0_c125 "/>
</bind>
</comp>

<comp id="1799" class="1005" name="stencilConfig_upper_limit_0_c124_reg_1799">
<pin_list>
<pin id="1800" dir="0" index="0" bw="16" slack="2"/>
<pin id="1801" dir="1" index="1" bw="16" slack="2"/>
</pin_list>
<bind>
<opset="stencilConfig_upper_limit_0_c124 "/>
</bind>
</comp>

<comp id="1805" class="1005" name="stencilConfig_upper_limit_0_c123_reg_1805">
<pin_list>
<pin id="1806" dir="0" index="0" bw="16" slack="4"/>
<pin id="1807" dir="1" index="1" bw="16" slack="4"/>
</pin_list>
<bind>
<opset="stencilConfig_upper_limit_0_c123 "/>
</bind>
</comp>

<comp id="1811" class="1005" name="stencilConfig_upper_limit_0_c122_reg_1811">
<pin_list>
<pin id="1812" dir="0" index="0" bw="16" slack="6"/>
<pin id="1813" dir="1" index="1" bw="16" slack="6"/>
</pin_list>
<bind>
<opset="stencilConfig_upper_limit_0_c122 "/>
</bind>
</comp>

<comp id="1817" class="1005" name="stencilConfig_upper_limit_0_c121_reg_1817">
<pin_list>
<pin id="1818" dir="0" index="0" bw="16" slack="8"/>
<pin id="1819" dir="1" index="1" bw="16" slack="8"/>
</pin_list>
<bind>
<opset="stencilConfig_upper_limit_0_c121 "/>
</bind>
</comp>

<comp id="1823" class="1005" name="stencilConfig_upper_limit_0_c120_reg_1823">
<pin_list>
<pin id="1824" dir="0" index="0" bw="16" slack="10"/>
<pin id="1825" dir="1" index="1" bw="16" slack="10"/>
</pin_list>
<bind>
<opset="stencilConfig_upper_limit_0_c120 "/>
</bind>
</comp>

<comp id="1829" class="1005" name="stencilConfig_upper_limit_0_c119_reg_1829">
<pin_list>
<pin id="1830" dir="0" index="0" bw="16" slack="12"/>
<pin id="1831" dir="1" index="1" bw="16" slack="12"/>
</pin_list>
<bind>
<opset="stencilConfig_upper_limit_0_c119 "/>
</bind>
</comp>

<comp id="1835" class="1005" name="stencilConfig_upper_limit_0_c118_reg_1835">
<pin_list>
<pin id="1836" dir="0" index="0" bw="16" slack="14"/>
<pin id="1837" dir="1" index="1" bw="16" slack="14"/>
</pin_list>
<bind>
<opset="stencilConfig_upper_limit_0_c118 "/>
</bind>
</comp>

<comp id="1841" class="1005" name="stencilConfig_upper_limit_0_c117_reg_1841">
<pin_list>
<pin id="1842" dir="0" index="0" bw="16" slack="16"/>
<pin id="1843" dir="1" index="1" bw="16" slack="16"/>
</pin_list>
<bind>
<opset="stencilConfig_upper_limit_0_c117 "/>
</bind>
</comp>

<comp id="1847" class="1005" name="stencilConfig_upper_limit_0_c116_reg_1847">
<pin_list>
<pin id="1848" dir="0" index="0" bw="16" slack="18"/>
<pin id="1849" dir="1" index="1" bw="16" slack="18"/>
</pin_list>
<bind>
<opset="stencilConfig_upper_limit_0_c116 "/>
</bind>
</comp>

<comp id="1853" class="1005" name="stencilConfig_upper_limit_0_c115_reg_1853">
<pin_list>
<pin id="1854" dir="0" index="0" bw="16" slack="20"/>
<pin id="1855" dir="1" index="1" bw="16" slack="20"/>
</pin_list>
<bind>
<opset="stencilConfig_upper_limit_0_c115 "/>
</bind>
</comp>

<comp id="1859" class="1005" name="stencilConfig_upper_limit_0_c114_reg_1859">
<pin_list>
<pin id="1860" dir="0" index="0" bw="16" slack="22"/>
<pin id="1861" dir="1" index="1" bw="16" slack="22"/>
</pin_list>
<bind>
<opset="stencilConfig_upper_limit_0_c114 "/>
</bind>
</comp>

<comp id="1865" class="1005" name="stencilConfig_upper_limit_0_c113_reg_1865">
<pin_list>
<pin id="1866" dir="0" index="0" bw="16" slack="24"/>
<pin id="1867" dir="1" index="1" bw="16" slack="24"/>
</pin_list>
<bind>
<opset="stencilConfig_upper_limit_0_c113 "/>
</bind>
</comp>

<comp id="1871" class="1005" name="stencilConfig_upper_limit_0_c_reg_1871">
<pin_list>
<pin id="1872" dir="0" index="0" bw="16" slack="26"/>
<pin id="1873" dir="1" index="1" bw="16" slack="26"/>
</pin_list>
<bind>
<opset="stencilConfig_upper_limit_0_c "/>
</bind>
</comp>

<comp id="1877" class="1005" name="stencilConfig_lower_limit_2_c112_reg_1877">
<pin_list>
<pin id="1878" dir="0" index="0" bw="16" slack="0"/>
<pin id="1879" dir="1" index="1" bw="16" slack="0"/>
</pin_list>
<bind>
<opset="stencilConfig_lower_limit_2_c112 "/>
</bind>
</comp>

<comp id="1883" class="1005" name="stencilConfig_lower_limit_2_c111_reg_1883">
<pin_list>
<pin id="1884" dir="0" index="0" bw="16" slack="2"/>
<pin id="1885" dir="1" index="1" bw="16" slack="2"/>
</pin_list>
<bind>
<opset="stencilConfig_lower_limit_2_c111 "/>
</bind>
</comp>

<comp id="1889" class="1005" name="stencilConfig_lower_limit_2_c110_reg_1889">
<pin_list>
<pin id="1890" dir="0" index="0" bw="16" slack="4"/>
<pin id="1891" dir="1" index="1" bw="16" slack="4"/>
</pin_list>
<bind>
<opset="stencilConfig_lower_limit_2_c110 "/>
</bind>
</comp>

<comp id="1895" class="1005" name="stencilConfig_lower_limit_2_c109_reg_1895">
<pin_list>
<pin id="1896" dir="0" index="0" bw="16" slack="6"/>
<pin id="1897" dir="1" index="1" bw="16" slack="6"/>
</pin_list>
<bind>
<opset="stencilConfig_lower_limit_2_c109 "/>
</bind>
</comp>

<comp id="1901" class="1005" name="stencilConfig_lower_limit_2_c108_reg_1901">
<pin_list>
<pin id="1902" dir="0" index="0" bw="16" slack="8"/>
<pin id="1903" dir="1" index="1" bw="16" slack="8"/>
</pin_list>
<bind>
<opset="stencilConfig_lower_limit_2_c108 "/>
</bind>
</comp>

<comp id="1907" class="1005" name="stencilConfig_lower_limit_2_c107_reg_1907">
<pin_list>
<pin id="1908" dir="0" index="0" bw="16" slack="10"/>
<pin id="1909" dir="1" index="1" bw="16" slack="10"/>
</pin_list>
<bind>
<opset="stencilConfig_lower_limit_2_c107 "/>
</bind>
</comp>

<comp id="1913" class="1005" name="stencilConfig_lower_limit_2_c106_reg_1913">
<pin_list>
<pin id="1914" dir="0" index="0" bw="16" slack="12"/>
<pin id="1915" dir="1" index="1" bw="16" slack="12"/>
</pin_list>
<bind>
<opset="stencilConfig_lower_limit_2_c106 "/>
</bind>
</comp>

<comp id="1919" class="1005" name="stencilConfig_lower_limit_2_c105_reg_1919">
<pin_list>
<pin id="1920" dir="0" index="0" bw="16" slack="14"/>
<pin id="1921" dir="1" index="1" bw="16" slack="14"/>
</pin_list>
<bind>
<opset="stencilConfig_lower_limit_2_c105 "/>
</bind>
</comp>

<comp id="1925" class="1005" name="stencilConfig_lower_limit_2_c104_reg_1925">
<pin_list>
<pin id="1926" dir="0" index="0" bw="16" slack="16"/>
<pin id="1927" dir="1" index="1" bw="16" slack="16"/>
</pin_list>
<bind>
<opset="stencilConfig_lower_limit_2_c104 "/>
</bind>
</comp>

<comp id="1931" class="1005" name="stencilConfig_lower_limit_2_c103_reg_1931">
<pin_list>
<pin id="1932" dir="0" index="0" bw="16" slack="18"/>
<pin id="1933" dir="1" index="1" bw="16" slack="18"/>
</pin_list>
<bind>
<opset="stencilConfig_lower_limit_2_c103 "/>
</bind>
</comp>

<comp id="1937" class="1005" name="stencilConfig_lower_limit_2_c102_reg_1937">
<pin_list>
<pin id="1938" dir="0" index="0" bw="16" slack="20"/>
<pin id="1939" dir="1" index="1" bw="16" slack="20"/>
</pin_list>
<bind>
<opset="stencilConfig_lower_limit_2_c102 "/>
</bind>
</comp>

<comp id="1943" class="1005" name="stencilConfig_lower_limit_2_c101_reg_1943">
<pin_list>
<pin id="1944" dir="0" index="0" bw="16" slack="22"/>
<pin id="1945" dir="1" index="1" bw="16" slack="22"/>
</pin_list>
<bind>
<opset="stencilConfig_lower_limit_2_c101 "/>
</bind>
</comp>

<comp id="1949" class="1005" name="stencilConfig_lower_limit_2_c100_reg_1949">
<pin_list>
<pin id="1950" dir="0" index="0" bw="16" slack="24"/>
<pin id="1951" dir="1" index="1" bw="16" slack="24"/>
</pin_list>
<bind>
<opset="stencilConfig_lower_limit_2_c100 "/>
</bind>
</comp>

<comp id="1955" class="1005" name="stencilConfig_lower_limit_2_c_reg_1955">
<pin_list>
<pin id="1956" dir="0" index="0" bw="16" slack="26"/>
<pin id="1957" dir="1" index="1" bw="16" slack="26"/>
</pin_list>
<bind>
<opset="stencilConfig_lower_limit_2_c "/>
</bind>
</comp>

<comp id="1961" class="1005" name="stencilConfig_lower_limit_1_c99_reg_1961">
<pin_list>
<pin id="1962" dir="0" index="0" bw="16" slack="0"/>
<pin id="1963" dir="1" index="1" bw="16" slack="0"/>
</pin_list>
<bind>
<opset="stencilConfig_lower_limit_1_c99 "/>
</bind>
</comp>

<comp id="1967" class="1005" name="stencilConfig_lower_limit_1_c98_reg_1967">
<pin_list>
<pin id="1968" dir="0" index="0" bw="16" slack="2"/>
<pin id="1969" dir="1" index="1" bw="16" slack="2"/>
</pin_list>
<bind>
<opset="stencilConfig_lower_limit_1_c98 "/>
</bind>
</comp>

<comp id="1973" class="1005" name="stencilConfig_lower_limit_1_c97_reg_1973">
<pin_list>
<pin id="1974" dir="0" index="0" bw="16" slack="4"/>
<pin id="1975" dir="1" index="1" bw="16" slack="4"/>
</pin_list>
<bind>
<opset="stencilConfig_lower_limit_1_c97 "/>
</bind>
</comp>

<comp id="1979" class="1005" name="stencilConfig_lower_limit_1_c96_reg_1979">
<pin_list>
<pin id="1980" dir="0" index="0" bw="16" slack="6"/>
<pin id="1981" dir="1" index="1" bw="16" slack="6"/>
</pin_list>
<bind>
<opset="stencilConfig_lower_limit_1_c96 "/>
</bind>
</comp>

<comp id="1985" class="1005" name="stencilConfig_lower_limit_1_c95_reg_1985">
<pin_list>
<pin id="1986" dir="0" index="0" bw="16" slack="8"/>
<pin id="1987" dir="1" index="1" bw="16" slack="8"/>
</pin_list>
<bind>
<opset="stencilConfig_lower_limit_1_c95 "/>
</bind>
</comp>

<comp id="1991" class="1005" name="stencilConfig_lower_limit_1_c94_reg_1991">
<pin_list>
<pin id="1992" dir="0" index="0" bw="16" slack="10"/>
<pin id="1993" dir="1" index="1" bw="16" slack="10"/>
</pin_list>
<bind>
<opset="stencilConfig_lower_limit_1_c94 "/>
</bind>
</comp>

<comp id="1997" class="1005" name="stencilConfig_lower_limit_1_c93_reg_1997">
<pin_list>
<pin id="1998" dir="0" index="0" bw="16" slack="12"/>
<pin id="1999" dir="1" index="1" bw="16" slack="12"/>
</pin_list>
<bind>
<opset="stencilConfig_lower_limit_1_c93 "/>
</bind>
</comp>

<comp id="2003" class="1005" name="stencilConfig_lower_limit_1_c92_reg_2003">
<pin_list>
<pin id="2004" dir="0" index="0" bw="16" slack="14"/>
<pin id="2005" dir="1" index="1" bw="16" slack="14"/>
</pin_list>
<bind>
<opset="stencilConfig_lower_limit_1_c92 "/>
</bind>
</comp>

<comp id="2009" class="1005" name="stencilConfig_lower_limit_1_c91_reg_2009">
<pin_list>
<pin id="2010" dir="0" index="0" bw="16" slack="16"/>
<pin id="2011" dir="1" index="1" bw="16" slack="16"/>
</pin_list>
<bind>
<opset="stencilConfig_lower_limit_1_c91 "/>
</bind>
</comp>

<comp id="2015" class="1005" name="stencilConfig_lower_limit_1_c90_reg_2015">
<pin_list>
<pin id="2016" dir="0" index="0" bw="16" slack="18"/>
<pin id="2017" dir="1" index="1" bw="16" slack="18"/>
</pin_list>
<bind>
<opset="stencilConfig_lower_limit_1_c90 "/>
</bind>
</comp>

<comp id="2021" class="1005" name="stencilConfig_lower_limit_1_c89_reg_2021">
<pin_list>
<pin id="2022" dir="0" index="0" bw="16" slack="20"/>
<pin id="2023" dir="1" index="1" bw="16" slack="20"/>
</pin_list>
<bind>
<opset="stencilConfig_lower_limit_1_c89 "/>
</bind>
</comp>

<comp id="2027" class="1005" name="stencilConfig_lower_limit_1_c88_reg_2027">
<pin_list>
<pin id="2028" dir="0" index="0" bw="16" slack="22"/>
<pin id="2029" dir="1" index="1" bw="16" slack="22"/>
</pin_list>
<bind>
<opset="stencilConfig_lower_limit_1_c88 "/>
</bind>
</comp>

<comp id="2033" class="1005" name="stencilConfig_lower_limit_1_c87_reg_2033">
<pin_list>
<pin id="2034" dir="0" index="0" bw="16" slack="24"/>
<pin id="2035" dir="1" index="1" bw="16" slack="24"/>
</pin_list>
<bind>
<opset="stencilConfig_lower_limit_1_c87 "/>
</bind>
</comp>

<comp id="2039" class="1005" name="stencilConfig_lower_limit_1_c_reg_2039">
<pin_list>
<pin id="2040" dir="0" index="0" bw="16" slack="26"/>
<pin id="2041" dir="1" index="1" bw="16" slack="26"/>
</pin_list>
<bind>
<opset="stencilConfig_lower_limit_1_c "/>
</bind>
</comp>

<comp id="2045" class="1005" name="stencilConfig_lower_limit_0_c86_reg_2045">
<pin_list>
<pin id="2046" dir="0" index="0" bw="16" slack="0"/>
<pin id="2047" dir="1" index="1" bw="16" slack="0"/>
</pin_list>
<bind>
<opset="stencilConfig_lower_limit_0_c86 "/>
</bind>
</comp>

<comp id="2051" class="1005" name="stencilConfig_lower_limit_0_c85_reg_2051">
<pin_list>
<pin id="2052" dir="0" index="0" bw="16" slack="2"/>
<pin id="2053" dir="1" index="1" bw="16" slack="2"/>
</pin_list>
<bind>
<opset="stencilConfig_lower_limit_0_c85 "/>
</bind>
</comp>

<comp id="2057" class="1005" name="stencilConfig_lower_limit_0_c84_reg_2057">
<pin_list>
<pin id="2058" dir="0" index="0" bw="16" slack="4"/>
<pin id="2059" dir="1" index="1" bw="16" slack="4"/>
</pin_list>
<bind>
<opset="stencilConfig_lower_limit_0_c84 "/>
</bind>
</comp>

<comp id="2063" class="1005" name="stencilConfig_lower_limit_0_c83_reg_2063">
<pin_list>
<pin id="2064" dir="0" index="0" bw="16" slack="6"/>
<pin id="2065" dir="1" index="1" bw="16" slack="6"/>
</pin_list>
<bind>
<opset="stencilConfig_lower_limit_0_c83 "/>
</bind>
</comp>

<comp id="2069" class="1005" name="stencilConfig_lower_limit_0_c82_reg_2069">
<pin_list>
<pin id="2070" dir="0" index="0" bw="16" slack="8"/>
<pin id="2071" dir="1" index="1" bw="16" slack="8"/>
</pin_list>
<bind>
<opset="stencilConfig_lower_limit_0_c82 "/>
</bind>
</comp>

<comp id="2075" class="1005" name="stencilConfig_lower_limit_0_c81_reg_2075">
<pin_list>
<pin id="2076" dir="0" index="0" bw="16" slack="10"/>
<pin id="2077" dir="1" index="1" bw="16" slack="10"/>
</pin_list>
<bind>
<opset="stencilConfig_lower_limit_0_c81 "/>
</bind>
</comp>

<comp id="2081" class="1005" name="stencilConfig_lower_limit_0_c80_reg_2081">
<pin_list>
<pin id="2082" dir="0" index="0" bw="16" slack="12"/>
<pin id="2083" dir="1" index="1" bw="16" slack="12"/>
</pin_list>
<bind>
<opset="stencilConfig_lower_limit_0_c80 "/>
</bind>
</comp>

<comp id="2087" class="1005" name="stencilConfig_lower_limit_0_c79_reg_2087">
<pin_list>
<pin id="2088" dir="0" index="0" bw="16" slack="14"/>
<pin id="2089" dir="1" index="1" bw="16" slack="14"/>
</pin_list>
<bind>
<opset="stencilConfig_lower_limit_0_c79 "/>
</bind>
</comp>

<comp id="2093" class="1005" name="stencilConfig_lower_limit_0_c78_reg_2093">
<pin_list>
<pin id="2094" dir="0" index="0" bw="16" slack="16"/>
<pin id="2095" dir="1" index="1" bw="16" slack="16"/>
</pin_list>
<bind>
<opset="stencilConfig_lower_limit_0_c78 "/>
</bind>
</comp>

<comp id="2099" class="1005" name="stencilConfig_lower_limit_0_c77_reg_2099">
<pin_list>
<pin id="2100" dir="0" index="0" bw="16" slack="18"/>
<pin id="2101" dir="1" index="1" bw="16" slack="18"/>
</pin_list>
<bind>
<opset="stencilConfig_lower_limit_0_c77 "/>
</bind>
</comp>

<comp id="2105" class="1005" name="stencilConfig_lower_limit_0_c76_reg_2105">
<pin_list>
<pin id="2106" dir="0" index="0" bw="16" slack="20"/>
<pin id="2107" dir="1" index="1" bw="16" slack="20"/>
</pin_list>
<bind>
<opset="stencilConfig_lower_limit_0_c76 "/>
</bind>
</comp>

<comp id="2111" class="1005" name="stencilConfig_lower_limit_0_c75_reg_2111">
<pin_list>
<pin id="2112" dir="0" index="0" bw="16" slack="22"/>
<pin id="2113" dir="1" index="1" bw="16" slack="22"/>
</pin_list>
<bind>
<opset="stencilConfig_lower_limit_0_c75 "/>
</bind>
</comp>

<comp id="2117" class="1005" name="stencilConfig_lower_limit_0_c74_reg_2117">
<pin_list>
<pin id="2118" dir="0" index="0" bw="16" slack="24"/>
<pin id="2119" dir="1" index="1" bw="16" slack="24"/>
</pin_list>
<bind>
<opset="stencilConfig_lower_limit_0_c74 "/>
</bind>
</comp>

<comp id="2123" class="1005" name="stencilConfig_lower_limit_0_c_reg_2123">
<pin_list>
<pin id="2124" dir="0" index="0" bw="16" slack="26"/>
<pin id="2125" dir="1" index="1" bw="16" slack="26"/>
</pin_list>
<bind>
<opset="stencilConfig_lower_limit_0_c "/>
</bind>
</comp>

<comp id="2129" class="1005" name="stencilConfig_grid_size_2_c73_reg_2129">
<pin_list>
<pin id="2130" dir="0" index="0" bw="16" slack="0"/>
<pin id="2131" dir="1" index="1" bw="16" slack="0"/>
</pin_list>
<bind>
<opset="stencilConfig_grid_size_2_c73 "/>
</bind>
</comp>

<comp id="2135" class="1005" name="stencilConfig_grid_size_2_c72_reg_2135">
<pin_list>
<pin id="2136" dir="0" index="0" bw="16" slack="2"/>
<pin id="2137" dir="1" index="1" bw="16" slack="2"/>
</pin_list>
<bind>
<opset="stencilConfig_grid_size_2_c72 "/>
</bind>
</comp>

<comp id="2141" class="1005" name="stencilConfig_grid_size_2_c71_reg_2141">
<pin_list>
<pin id="2142" dir="0" index="0" bw="16" slack="4"/>
<pin id="2143" dir="1" index="1" bw="16" slack="4"/>
</pin_list>
<bind>
<opset="stencilConfig_grid_size_2_c71 "/>
</bind>
</comp>

<comp id="2147" class="1005" name="stencilConfig_grid_size_2_c70_reg_2147">
<pin_list>
<pin id="2148" dir="0" index="0" bw="16" slack="6"/>
<pin id="2149" dir="1" index="1" bw="16" slack="6"/>
</pin_list>
<bind>
<opset="stencilConfig_grid_size_2_c70 "/>
</bind>
</comp>

<comp id="2153" class="1005" name="stencilConfig_grid_size_2_c69_reg_2153">
<pin_list>
<pin id="2154" dir="0" index="0" bw="16" slack="8"/>
<pin id="2155" dir="1" index="1" bw="16" slack="8"/>
</pin_list>
<bind>
<opset="stencilConfig_grid_size_2_c69 "/>
</bind>
</comp>

<comp id="2159" class="1005" name="stencilConfig_grid_size_2_c68_reg_2159">
<pin_list>
<pin id="2160" dir="0" index="0" bw="16" slack="10"/>
<pin id="2161" dir="1" index="1" bw="16" slack="10"/>
</pin_list>
<bind>
<opset="stencilConfig_grid_size_2_c68 "/>
</bind>
</comp>

<comp id="2165" class="1005" name="stencilConfig_grid_size_2_c67_reg_2165">
<pin_list>
<pin id="2166" dir="0" index="0" bw="16" slack="12"/>
<pin id="2167" dir="1" index="1" bw="16" slack="12"/>
</pin_list>
<bind>
<opset="stencilConfig_grid_size_2_c67 "/>
</bind>
</comp>

<comp id="2171" class="1005" name="stencilConfig_grid_size_2_c66_reg_2171">
<pin_list>
<pin id="2172" dir="0" index="0" bw="16" slack="14"/>
<pin id="2173" dir="1" index="1" bw="16" slack="14"/>
</pin_list>
<bind>
<opset="stencilConfig_grid_size_2_c66 "/>
</bind>
</comp>

<comp id="2177" class="1005" name="stencilConfig_grid_size_2_c65_reg_2177">
<pin_list>
<pin id="2178" dir="0" index="0" bw="16" slack="16"/>
<pin id="2179" dir="1" index="1" bw="16" slack="16"/>
</pin_list>
<bind>
<opset="stencilConfig_grid_size_2_c65 "/>
</bind>
</comp>

<comp id="2183" class="1005" name="stencilConfig_grid_size_2_c64_reg_2183">
<pin_list>
<pin id="2184" dir="0" index="0" bw="16" slack="18"/>
<pin id="2185" dir="1" index="1" bw="16" slack="18"/>
</pin_list>
<bind>
<opset="stencilConfig_grid_size_2_c64 "/>
</bind>
</comp>

<comp id="2189" class="1005" name="stencilConfig_grid_size_2_c63_reg_2189">
<pin_list>
<pin id="2190" dir="0" index="0" bw="16" slack="20"/>
<pin id="2191" dir="1" index="1" bw="16" slack="20"/>
</pin_list>
<bind>
<opset="stencilConfig_grid_size_2_c63 "/>
</bind>
</comp>

<comp id="2195" class="1005" name="stencilConfig_grid_size_2_c62_reg_2195">
<pin_list>
<pin id="2196" dir="0" index="0" bw="16" slack="22"/>
<pin id="2197" dir="1" index="1" bw="16" slack="22"/>
</pin_list>
<bind>
<opset="stencilConfig_grid_size_2_c62 "/>
</bind>
</comp>

<comp id="2201" class="1005" name="stencilConfig_grid_size_2_c61_reg_2201">
<pin_list>
<pin id="2202" dir="0" index="0" bw="16" slack="24"/>
<pin id="2203" dir="1" index="1" bw="16" slack="24"/>
</pin_list>
<bind>
<opset="stencilConfig_grid_size_2_c61 "/>
</bind>
</comp>

<comp id="2207" class="1005" name="stencilConfig_grid_size_2_c_reg_2207">
<pin_list>
<pin id="2208" dir="0" index="0" bw="16" slack="26"/>
<pin id="2209" dir="1" index="1" bw="16" slack="26"/>
</pin_list>
<bind>
<opset="stencilConfig_grid_size_2_c "/>
</bind>
</comp>

<comp id="2213" class="1005" name="stencilConfig_grid_size_1_c60_reg_2213">
<pin_list>
<pin id="2214" dir="0" index="0" bw="16" slack="0"/>
<pin id="2215" dir="1" index="1" bw="16" slack="0"/>
</pin_list>
<bind>
<opset="stencilConfig_grid_size_1_c60 "/>
</bind>
</comp>

<comp id="2219" class="1005" name="stencilConfig_grid_size_1_c59_reg_2219">
<pin_list>
<pin id="2220" dir="0" index="0" bw="16" slack="2"/>
<pin id="2221" dir="1" index="1" bw="16" slack="2"/>
</pin_list>
<bind>
<opset="stencilConfig_grid_size_1_c59 "/>
</bind>
</comp>

<comp id="2225" class="1005" name="stencilConfig_grid_size_1_c58_reg_2225">
<pin_list>
<pin id="2226" dir="0" index="0" bw="16" slack="4"/>
<pin id="2227" dir="1" index="1" bw="16" slack="4"/>
</pin_list>
<bind>
<opset="stencilConfig_grid_size_1_c58 "/>
</bind>
</comp>

<comp id="2231" class="1005" name="stencilConfig_grid_size_1_c57_reg_2231">
<pin_list>
<pin id="2232" dir="0" index="0" bw="16" slack="6"/>
<pin id="2233" dir="1" index="1" bw="16" slack="6"/>
</pin_list>
<bind>
<opset="stencilConfig_grid_size_1_c57 "/>
</bind>
</comp>

<comp id="2237" class="1005" name="stencilConfig_grid_size_1_c56_reg_2237">
<pin_list>
<pin id="2238" dir="0" index="0" bw="16" slack="8"/>
<pin id="2239" dir="1" index="1" bw="16" slack="8"/>
</pin_list>
<bind>
<opset="stencilConfig_grid_size_1_c56 "/>
</bind>
</comp>

<comp id="2243" class="1005" name="stencilConfig_grid_size_1_c55_reg_2243">
<pin_list>
<pin id="2244" dir="0" index="0" bw="16" slack="10"/>
<pin id="2245" dir="1" index="1" bw="16" slack="10"/>
</pin_list>
<bind>
<opset="stencilConfig_grid_size_1_c55 "/>
</bind>
</comp>

<comp id="2249" class="1005" name="stencilConfig_grid_size_1_c54_reg_2249">
<pin_list>
<pin id="2250" dir="0" index="0" bw="16" slack="12"/>
<pin id="2251" dir="1" index="1" bw="16" slack="12"/>
</pin_list>
<bind>
<opset="stencilConfig_grid_size_1_c54 "/>
</bind>
</comp>

<comp id="2255" class="1005" name="stencilConfig_grid_size_1_c53_reg_2255">
<pin_list>
<pin id="2256" dir="0" index="0" bw="16" slack="14"/>
<pin id="2257" dir="1" index="1" bw="16" slack="14"/>
</pin_list>
<bind>
<opset="stencilConfig_grid_size_1_c53 "/>
</bind>
</comp>

<comp id="2261" class="1005" name="stencilConfig_grid_size_1_c52_reg_2261">
<pin_list>
<pin id="2262" dir="0" index="0" bw="16" slack="16"/>
<pin id="2263" dir="1" index="1" bw="16" slack="16"/>
</pin_list>
<bind>
<opset="stencilConfig_grid_size_1_c52 "/>
</bind>
</comp>

<comp id="2267" class="1005" name="stencilConfig_grid_size_1_c51_reg_2267">
<pin_list>
<pin id="2268" dir="0" index="0" bw="16" slack="18"/>
<pin id="2269" dir="1" index="1" bw="16" slack="18"/>
</pin_list>
<bind>
<opset="stencilConfig_grid_size_1_c51 "/>
</bind>
</comp>

<comp id="2273" class="1005" name="stencilConfig_grid_size_1_c50_reg_2273">
<pin_list>
<pin id="2274" dir="0" index="0" bw="16" slack="20"/>
<pin id="2275" dir="1" index="1" bw="16" slack="20"/>
</pin_list>
<bind>
<opset="stencilConfig_grid_size_1_c50 "/>
</bind>
</comp>

<comp id="2279" class="1005" name="stencilConfig_grid_size_1_c49_reg_2279">
<pin_list>
<pin id="2280" dir="0" index="0" bw="16" slack="22"/>
<pin id="2281" dir="1" index="1" bw="16" slack="22"/>
</pin_list>
<bind>
<opset="stencilConfig_grid_size_1_c49 "/>
</bind>
</comp>

<comp id="2285" class="1005" name="stencilConfig_grid_size_1_c48_reg_2285">
<pin_list>
<pin id="2286" dir="0" index="0" bw="16" slack="24"/>
<pin id="2287" dir="1" index="1" bw="16" slack="24"/>
</pin_list>
<bind>
<opset="stencilConfig_grid_size_1_c48 "/>
</bind>
</comp>

<comp id="2291" class="1005" name="stencilConfig_grid_size_1_c_reg_2291">
<pin_list>
<pin id="2292" dir="0" index="0" bw="16" slack="26"/>
<pin id="2293" dir="1" index="1" bw="16" slack="26"/>
</pin_list>
<bind>
<opset="stencilConfig_grid_size_1_c "/>
</bind>
</comp>

<comp id="2297" class="1005" name="stencilConfig_grid_size_0_c47_reg_2297">
<pin_list>
<pin id="2298" dir="0" index="0" bw="16" slack="0"/>
<pin id="2299" dir="1" index="1" bw="16" slack="0"/>
</pin_list>
<bind>
<opset="stencilConfig_grid_size_0_c47 "/>
</bind>
</comp>

<comp id="2303" class="1005" name="stencilConfig_grid_size_0_c46_reg_2303">
<pin_list>
<pin id="2304" dir="0" index="0" bw="16" slack="2"/>
<pin id="2305" dir="1" index="1" bw="16" slack="2"/>
</pin_list>
<bind>
<opset="stencilConfig_grid_size_0_c46 "/>
</bind>
</comp>

<comp id="2309" class="1005" name="stencilConfig_grid_size_0_c45_reg_2309">
<pin_list>
<pin id="2310" dir="0" index="0" bw="16" slack="4"/>
<pin id="2311" dir="1" index="1" bw="16" slack="4"/>
</pin_list>
<bind>
<opset="stencilConfig_grid_size_0_c45 "/>
</bind>
</comp>

<comp id="2315" class="1005" name="stencilConfig_grid_size_0_c44_reg_2315">
<pin_list>
<pin id="2316" dir="0" index="0" bw="16" slack="6"/>
<pin id="2317" dir="1" index="1" bw="16" slack="6"/>
</pin_list>
<bind>
<opset="stencilConfig_grid_size_0_c44 "/>
</bind>
</comp>

<comp id="2321" class="1005" name="stencilConfig_grid_size_0_c43_reg_2321">
<pin_list>
<pin id="2322" dir="0" index="0" bw="16" slack="8"/>
<pin id="2323" dir="1" index="1" bw="16" slack="8"/>
</pin_list>
<bind>
<opset="stencilConfig_grid_size_0_c43 "/>
</bind>
</comp>

<comp id="2327" class="1005" name="stencilConfig_grid_size_0_c42_reg_2327">
<pin_list>
<pin id="2328" dir="0" index="0" bw="16" slack="10"/>
<pin id="2329" dir="1" index="1" bw="16" slack="10"/>
</pin_list>
<bind>
<opset="stencilConfig_grid_size_0_c42 "/>
</bind>
</comp>

<comp id="2333" class="1005" name="stencilConfig_grid_size_0_c41_reg_2333">
<pin_list>
<pin id="2334" dir="0" index="0" bw="16" slack="12"/>
<pin id="2335" dir="1" index="1" bw="16" slack="12"/>
</pin_list>
<bind>
<opset="stencilConfig_grid_size_0_c41 "/>
</bind>
</comp>

<comp id="2339" class="1005" name="stencilConfig_grid_size_0_c40_reg_2339">
<pin_list>
<pin id="2340" dir="0" index="0" bw="16" slack="14"/>
<pin id="2341" dir="1" index="1" bw="16" slack="14"/>
</pin_list>
<bind>
<opset="stencilConfig_grid_size_0_c40 "/>
</bind>
</comp>

<comp id="2345" class="1005" name="stencilConfig_grid_size_0_c39_reg_2345">
<pin_list>
<pin id="2346" dir="0" index="0" bw="16" slack="16"/>
<pin id="2347" dir="1" index="1" bw="16" slack="16"/>
</pin_list>
<bind>
<opset="stencilConfig_grid_size_0_c39 "/>
</bind>
</comp>

<comp id="2351" class="1005" name="stencilConfig_grid_size_0_c38_reg_2351">
<pin_list>
<pin id="2352" dir="0" index="0" bw="16" slack="18"/>
<pin id="2353" dir="1" index="1" bw="16" slack="18"/>
</pin_list>
<bind>
<opset="stencilConfig_grid_size_0_c38 "/>
</bind>
</comp>

<comp id="2357" class="1005" name="stencilConfig_grid_size_0_c37_reg_2357">
<pin_list>
<pin id="2358" dir="0" index="0" bw="16" slack="20"/>
<pin id="2359" dir="1" index="1" bw="16" slack="20"/>
</pin_list>
<bind>
<opset="stencilConfig_grid_size_0_c37 "/>
</bind>
</comp>

<comp id="2363" class="1005" name="stencilConfig_grid_size_0_c36_reg_2363">
<pin_list>
<pin id="2364" dir="0" index="0" bw="16" slack="22"/>
<pin id="2365" dir="1" index="1" bw="16" slack="22"/>
</pin_list>
<bind>
<opset="stencilConfig_grid_size_0_c36 "/>
</bind>
</comp>

<comp id="2369" class="1005" name="stencilConfig_grid_size_0_c35_reg_2369">
<pin_list>
<pin id="2370" dir="0" index="0" bw="16" slack="24"/>
<pin id="2371" dir="1" index="1" bw="16" slack="24"/>
</pin_list>
<bind>
<opset="stencilConfig_grid_size_0_c35 "/>
</bind>
</comp>

<comp id="2375" class="1005" name="stencilConfig_grid_size_0_c_reg_2375">
<pin_list>
<pin id="2376" dir="0" index="0" bw="16" slack="26"/>
<pin id="2377" dir="1" index="1" bw="16" slack="26"/>
</pin_list>
<bind>
<opset="stencilConfig_grid_size_0_c "/>
</bind>
</comp>

<comp id="2381" class="1005" name="arg0_arg1_streams_0_reg_2381">
<pin_list>
<pin id="2382" dir="0" index="0" bw="256" slack="0"/>
<pin id="2383" dir="1" index="1" bw="256" slack="0"/>
</pin_list>
<bind>
<opset="arg0_arg1_streams_0 "/>
</bind>
</comp>

<comp id="2387" class="1005" name="arg0_arg1_streams_1_reg_2387">
<pin_list>
<pin id="2388" dir="0" index="0" bw="256" slack="2"/>
<pin id="2389" dir="1" index="1" bw="256" slack="2"/>
</pin_list>
<bind>
<opset="arg0_arg1_streams_1 "/>
</bind>
</comp>

<comp id="2393" class="1005" name="arg0_arg1_streams_2_reg_2393">
<pin_list>
<pin id="2394" dir="0" index="0" bw="256" slack="4"/>
<pin id="2395" dir="1" index="1" bw="256" slack="4"/>
</pin_list>
<bind>
<opset="arg0_arg1_streams_2 "/>
</bind>
</comp>

<comp id="2399" class="1005" name="arg0_arg1_streams_3_reg_2399">
<pin_list>
<pin id="2400" dir="0" index="0" bw="256" slack="6"/>
<pin id="2401" dir="1" index="1" bw="256" slack="6"/>
</pin_list>
<bind>
<opset="arg0_arg1_streams_3 "/>
</bind>
</comp>

<comp id="2405" class="1005" name="arg0_arg1_streams_4_reg_2405">
<pin_list>
<pin id="2406" dir="0" index="0" bw="256" slack="8"/>
<pin id="2407" dir="1" index="1" bw="256" slack="8"/>
</pin_list>
<bind>
<opset="arg0_arg1_streams_4 "/>
</bind>
</comp>

<comp id="2411" class="1005" name="arg0_arg1_streams_5_reg_2411">
<pin_list>
<pin id="2412" dir="0" index="0" bw="256" slack="10"/>
<pin id="2413" dir="1" index="1" bw="256" slack="10"/>
</pin_list>
<bind>
<opset="arg0_arg1_streams_5 "/>
</bind>
</comp>

<comp id="2417" class="1005" name="arg0_arg1_streams_6_reg_2417">
<pin_list>
<pin id="2418" dir="0" index="0" bw="256" slack="12"/>
<pin id="2419" dir="1" index="1" bw="256" slack="12"/>
</pin_list>
<bind>
<opset="arg0_arg1_streams_6 "/>
</bind>
</comp>

<comp id="2423" class="1005" name="arg0_arg1_streams_7_reg_2423">
<pin_list>
<pin id="2424" dir="0" index="0" bw="256" slack="14"/>
<pin id="2425" dir="1" index="1" bw="256" slack="14"/>
</pin_list>
<bind>
<opset="arg0_arg1_streams_7 "/>
</bind>
</comp>

<comp id="2429" class="1005" name="arg0_arg1_streams_8_reg_2429">
<pin_list>
<pin id="2430" dir="0" index="0" bw="256" slack="16"/>
<pin id="2431" dir="1" index="1" bw="256" slack="16"/>
</pin_list>
<bind>
<opset="arg0_arg1_streams_8 "/>
</bind>
</comp>

<comp id="2435" class="1005" name="arg0_arg1_streams_9_reg_2435">
<pin_list>
<pin id="2436" dir="0" index="0" bw="256" slack="18"/>
<pin id="2437" dir="1" index="1" bw="256" slack="18"/>
</pin_list>
<bind>
<opset="arg0_arg1_streams_9 "/>
</bind>
</comp>

<comp id="2441" class="1005" name="arg0_arg1_streams_10_reg_2441">
<pin_list>
<pin id="2442" dir="0" index="0" bw="256" slack="20"/>
<pin id="2443" dir="1" index="1" bw="256" slack="20"/>
</pin_list>
<bind>
<opset="arg0_arg1_streams_10 "/>
</bind>
</comp>

<comp id="2447" class="1005" name="arg0_arg1_streams_11_reg_2447">
<pin_list>
<pin id="2448" dir="0" index="0" bw="256" slack="22"/>
<pin id="2449" dir="1" index="1" bw="256" slack="22"/>
</pin_list>
<bind>
<opset="arg0_arg1_streams_11 "/>
</bind>
</comp>

<comp id="2453" class="1005" name="arg0_arg1_streams_12_reg_2453">
<pin_list>
<pin id="2454" dir="0" index="0" bw="256" slack="24"/>
<pin id="2455" dir="1" index="1" bw="256" slack="24"/>
</pin_list>
<bind>
<opset="arg0_arg1_streams_12 "/>
</bind>
</comp>

<comp id="2459" class="1005" name="arg0_arg1_streams_13_reg_2459">
<pin_list>
<pin id="2460" dir="0" index="0" bw="256" slack="26"/>
<pin id="2461" dir="1" index="1" bw="256" slack="26"/>
</pin_list>
<bind>
<opset="arg0_arg1_streams_13 "/>
</bind>
</comp>

<comp id="2465" class="1005" name="arg0_arg1_streams_14_reg_2465">
<pin_list>
<pin id="2466" dir="0" index="0" bw="256" slack="28"/>
<pin id="2467" dir="1" index="1" bw="256" slack="28"/>
</pin_list>
<bind>
<opset="arg0_arg1_streams_14 "/>
</bind>
</comp>

</comp_list>

<net_list>
<net id="425"><net_src comp="42" pin="0"/><net_sink comp="422" pin=0"/></net>

<net id="429"><net_src comp="42" pin="0"/><net_sink comp="426" pin=0"/></net>

<net id="433"><net_src comp="42" pin="0"/><net_sink comp="430" pin=0"/></net>

<net id="437"><net_src comp="42" pin="0"/><net_sink comp="434" pin=0"/></net>

<net id="441"><net_src comp="42" pin="0"/><net_sink comp="438" pin=0"/></net>

<net id="445"><net_src comp="42" pin="0"/><net_sink comp="442" pin=0"/></net>

<net id="449"><net_src comp="42" pin="0"/><net_sink comp="446" pin=0"/></net>

<net id="453"><net_src comp="42" pin="0"/><net_sink comp="450" pin=0"/></net>

<net id="457"><net_src comp="42" pin="0"/><net_sink comp="454" pin=0"/></net>

<net id="461"><net_src comp="42" pin="0"/><net_sink comp="458" pin=0"/></net>

<net id="465"><net_src comp="42" pin="0"/><net_sink comp="462" pin=0"/></net>

<net id="469"><net_src comp="42" pin="0"/><net_sink comp="466" pin=0"/></net>

<net id="473"><net_src comp="42" pin="0"/><net_sink comp="470" pin=0"/></net>

<net id="477"><net_src comp="42" pin="0"/><net_sink comp="474" pin=0"/></net>

<net id="481"><net_src comp="42" pin="0"/><net_sink comp="478" pin=0"/></net>

<net id="485"><net_src comp="42" pin="0"/><net_sink comp="482" pin=0"/></net>

<net id="489"><net_src comp="42" pin="0"/><net_sink comp="486" pin=0"/></net>

<net id="493"><net_src comp="42" pin="0"/><net_sink comp="490" pin=0"/></net>

<net id="497"><net_src comp="42" pin="0"/><net_sink comp="494" pin=0"/></net>

<net id="501"><net_src comp="42" pin="0"/><net_sink comp="498" pin=0"/></net>

<net id="505"><net_src comp="42" pin="0"/><net_sink comp="502" pin=0"/></net>

<net id="509"><net_src comp="42" pin="0"/><net_sink comp="506" pin=0"/></net>

<net id="513"><net_src comp="42" pin="0"/><net_sink comp="510" pin=0"/></net>

<net id="517"><net_src comp="42" pin="0"/><net_sink comp="514" pin=0"/></net>

<net id="521"><net_src comp="42" pin="0"/><net_sink comp="518" pin=0"/></net>

<net id="525"><net_src comp="42" pin="0"/><net_sink comp="522" pin=0"/></net>

<net id="529"><net_src comp="42" pin="0"/><net_sink comp="526" pin=0"/></net>

<net id="533"><net_src comp="42" pin="0"/><net_sink comp="530" pin=0"/></net>

<net id="537"><net_src comp="42" pin="0"/><net_sink comp="534" pin=0"/></net>

<net id="541"><net_src comp="42" pin="0"/><net_sink comp="538" pin=0"/></net>

<net id="545"><net_src comp="42" pin="0"/><net_sink comp="542" pin=0"/></net>

<net id="549"><net_src comp="42" pin="0"/><net_sink comp="546" pin=0"/></net>

<net id="553"><net_src comp="42" pin="0"/><net_sink comp="550" pin=0"/></net>

<net id="557"><net_src comp="42" pin="0"/><net_sink comp="554" pin=0"/></net>

<net id="561"><net_src comp="42" pin="0"/><net_sink comp="558" pin=0"/></net>

<net id="565"><net_src comp="42" pin="0"/><net_sink comp="562" pin=0"/></net>

<net id="569"><net_src comp="42" pin="0"/><net_sink comp="566" pin=0"/></net>

<net id="573"><net_src comp="42" pin="0"/><net_sink comp="570" pin=0"/></net>

<net id="577"><net_src comp="42" pin="0"/><net_sink comp="574" pin=0"/></net>

<net id="581"><net_src comp="42" pin="0"/><net_sink comp="578" pin=0"/></net>

<net id="585"><net_src comp="42" pin="0"/><net_sink comp="582" pin=0"/></net>

<net id="589"><net_src comp="42" pin="0"/><net_sink comp="586" pin=0"/></net>

<net id="593"><net_src comp="42" pin="0"/><net_sink comp="590" pin=0"/></net>

<net id="597"><net_src comp="42" pin="0"/><net_sink comp="594" pin=0"/></net>

<net id="601"><net_src comp="42" pin="0"/><net_sink comp="598" pin=0"/></net>

<net id="605"><net_src comp="42" pin="0"/><net_sink comp="602" pin=0"/></net>

<net id="609"><net_src comp="42" pin="0"/><net_sink comp="606" pin=0"/></net>

<net id="613"><net_src comp="42" pin="0"/><net_sink comp="610" pin=0"/></net>

<net id="617"><net_src comp="42" pin="0"/><net_sink comp="614" pin=0"/></net>

<net id="621"><net_src comp="42" pin="0"/><net_sink comp="618" pin=0"/></net>

<net id="625"><net_src comp="42" pin="0"/><net_sink comp="622" pin=0"/></net>

<net id="629"><net_src comp="42" pin="0"/><net_sink comp="626" pin=0"/></net>

<net id="633"><net_src comp="42" pin="0"/><net_sink comp="630" pin=0"/></net>

<net id="637"><net_src comp="42" pin="0"/><net_sink comp="634" pin=0"/></net>

<net id="641"><net_src comp="42" pin="0"/><net_sink comp="638" pin=0"/></net>

<net id="645"><net_src comp="42" pin="0"/><net_sink comp="642" pin=0"/></net>

<net id="649"><net_src comp="42" pin="0"/><net_sink comp="646" pin=0"/></net>

<net id="653"><net_src comp="42" pin="0"/><net_sink comp="650" pin=0"/></net>

<net id="657"><net_src comp="42" pin="0"/><net_sink comp="654" pin=0"/></net>

<net id="661"><net_src comp="42" pin="0"/><net_sink comp="658" pin=0"/></net>

<net id="665"><net_src comp="42" pin="0"/><net_sink comp="662" pin=0"/></net>

<net id="669"><net_src comp="42" pin="0"/><net_sink comp="666" pin=0"/></net>

<net id="673"><net_src comp="42" pin="0"/><net_sink comp="670" pin=0"/></net>

<net id="677"><net_src comp="42" pin="0"/><net_sink comp="674" pin=0"/></net>

<net id="681"><net_src comp="42" pin="0"/><net_sink comp="678" pin=0"/></net>

<net id="685"><net_src comp="42" pin="0"/><net_sink comp="682" pin=0"/></net>

<net id="689"><net_src comp="42" pin="0"/><net_sink comp="686" pin=0"/></net>

<net id="693"><net_src comp="42" pin="0"/><net_sink comp="690" pin=0"/></net>

<net id="697"><net_src comp="42" pin="0"/><net_sink comp="694" pin=0"/></net>

<net id="701"><net_src comp="42" pin="0"/><net_sink comp="698" pin=0"/></net>

<net id="705"><net_src comp="42" pin="0"/><net_sink comp="702" pin=0"/></net>

<net id="709"><net_src comp="42" pin="0"/><net_sink comp="706" pin=0"/></net>

<net id="713"><net_src comp="42" pin="0"/><net_sink comp="710" pin=0"/></net>

<net id="717"><net_src comp="42" pin="0"/><net_sink comp="714" pin=0"/></net>

<net id="721"><net_src comp="42" pin="0"/><net_sink comp="718" pin=0"/></net>

<net id="725"><net_src comp="42" pin="0"/><net_sink comp="722" pin=0"/></net>

<net id="729"><net_src comp="42" pin="0"/><net_sink comp="726" pin=0"/></net>

<net id="733"><net_src comp="42" pin="0"/><net_sink comp="730" pin=0"/></net>

<net id="737"><net_src comp="42" pin="0"/><net_sink comp="734" pin=0"/></net>

<net id="741"><net_src comp="42" pin="0"/><net_sink comp="738" pin=0"/></net>

<net id="745"><net_src comp="42" pin="0"/><net_sink comp="742" pin=0"/></net>

<net id="749"><net_src comp="42" pin="0"/><net_sink comp="746" pin=0"/></net>

<net id="753"><net_src comp="42" pin="0"/><net_sink comp="750" pin=0"/></net>

<net id="757"><net_src comp="42" pin="0"/><net_sink comp="754" pin=0"/></net>

<net id="761"><net_src comp="42" pin="0"/><net_sink comp="758" pin=0"/></net>

<net id="765"><net_src comp="42" pin="0"/><net_sink comp="762" pin=0"/></net>

<net id="769"><net_src comp="42" pin="0"/><net_sink comp="766" pin=0"/></net>

<net id="773"><net_src comp="42" pin="0"/><net_sink comp="770" pin=0"/></net>

<net id="777"><net_src comp="42" pin="0"/><net_sink comp="774" pin=0"/></net>

<net id="781"><net_src comp="42" pin="0"/><net_sink comp="778" pin=0"/></net>

<net id="785"><net_src comp="42" pin="0"/><net_sink comp="782" pin=0"/></net>

<net id="789"><net_src comp="42" pin="0"/><net_sink comp="786" pin=0"/></net>

<net id="793"><net_src comp="42" pin="0"/><net_sink comp="790" pin=0"/></net>

<net id="797"><net_src comp="42" pin="0"/><net_sink comp="794" pin=0"/></net>

<net id="801"><net_src comp="42" pin="0"/><net_sink comp="798" pin=0"/></net>

<net id="805"><net_src comp="42" pin="0"/><net_sink comp="802" pin=0"/></net>

<net id="809"><net_src comp="42" pin="0"/><net_sink comp="806" pin=0"/></net>

<net id="813"><net_src comp="42" pin="0"/><net_sink comp="810" pin=0"/></net>

<net id="817"><net_src comp="42" pin="0"/><net_sink comp="814" pin=0"/></net>

<net id="821"><net_src comp="42" pin="0"/><net_sink comp="818" pin=0"/></net>

<net id="825"><net_src comp="42" pin="0"/><net_sink comp="822" pin=0"/></net>

<net id="829"><net_src comp="42" pin="0"/><net_sink comp="826" pin=0"/></net>

<net id="833"><net_src comp="42" pin="0"/><net_sink comp="830" pin=0"/></net>

<net id="837"><net_src comp="42" pin="0"/><net_sink comp="834" pin=0"/></net>

<net id="841"><net_src comp="42" pin="0"/><net_sink comp="838" pin=0"/></net>

<net id="845"><net_src comp="42" pin="0"/><net_sink comp="842" pin=0"/></net>

<net id="849"><net_src comp="42" pin="0"/><net_sink comp="846" pin=0"/></net>

<net id="853"><net_src comp="42" pin="0"/><net_sink comp="850" pin=0"/></net>

<net id="857"><net_src comp="42" pin="0"/><net_sink comp="854" pin=0"/></net>

<net id="861"><net_src comp="42" pin="0"/><net_sink comp="858" pin=0"/></net>

<net id="865"><net_src comp="42" pin="0"/><net_sink comp="862" pin=0"/></net>

<net id="869"><net_src comp="42" pin="0"/><net_sink comp="866" pin=0"/></net>

<net id="873"><net_src comp="42" pin="0"/><net_sink comp="870" pin=0"/></net>

<net id="877"><net_src comp="42" pin="0"/><net_sink comp="874" pin=0"/></net>

<net id="881"><net_src comp="42" pin="0"/><net_sink comp="878" pin=0"/></net>

<net id="885"><net_src comp="42" pin="0"/><net_sink comp="882" pin=0"/></net>

<net id="889"><net_src comp="42" pin="0"/><net_sink comp="886" pin=0"/></net>

<net id="893"><net_src comp="42" pin="0"/><net_sink comp="890" pin=0"/></net>

<net id="897"><net_src comp="42" pin="0"/><net_sink comp="894" pin=0"/></net>

<net id="901"><net_src comp="42" pin="0"/><net_sink comp="898" pin=0"/></net>

<net id="905"><net_src comp="42" pin="0"/><net_sink comp="902" pin=0"/></net>

<net id="909"><net_src comp="42" pin="0"/><net_sink comp="906" pin=0"/></net>

<net id="913"><net_src comp="42" pin="0"/><net_sink comp="910" pin=0"/></net>

<net id="917"><net_src comp="42" pin="0"/><net_sink comp="914" pin=0"/></net>

<net id="921"><net_src comp="42" pin="0"/><net_sink comp="918" pin=0"/></net>

<net id="925"><net_src comp="42" pin="0"/><net_sink comp="922" pin=0"/></net>

<net id="929"><net_src comp="42" pin="0"/><net_sink comp="926" pin=0"/></net>

<net id="933"><net_src comp="42" pin="0"/><net_sink comp="930" pin=0"/></net>

<net id="937"><net_src comp="42" pin="0"/><net_sink comp="934" pin=0"/></net>

<net id="941"><net_src comp="42" pin="0"/><net_sink comp="938" pin=0"/></net>

<net id="945"><net_src comp="42" pin="0"/><net_sink comp="942" pin=0"/></net>

<net id="949"><net_src comp="42" pin="0"/><net_sink comp="946" pin=0"/></net>

<net id="953"><net_src comp="42" pin="0"/><net_sink comp="950" pin=0"/></net>

<net id="957"><net_src comp="42" pin="0"/><net_sink comp="954" pin=0"/></net>

<net id="961"><net_src comp="42" pin="0"/><net_sink comp="958" pin=0"/></net>

<net id="965"><net_src comp="42" pin="0"/><net_sink comp="962" pin=0"/></net>

<net id="969"><net_src comp="42" pin="0"/><net_sink comp="966" pin=0"/></net>

<net id="973"><net_src comp="42" pin="0"/><net_sink comp="970" pin=0"/></net>

<net id="977"><net_src comp="42" pin="0"/><net_sink comp="974" pin=0"/></net>

<net id="981"><net_src comp="42" pin="0"/><net_sink comp="978" pin=0"/></net>

<net id="985"><net_src comp="42" pin="0"/><net_sink comp="982" pin=0"/></net>

<net id="989"><net_src comp="42" pin="0"/><net_sink comp="986" pin=0"/></net>

<net id="993"><net_src comp="42" pin="0"/><net_sink comp="990" pin=0"/></net>

<net id="997"><net_src comp="42" pin="0"/><net_sink comp="994" pin=0"/></net>

<net id="1001"><net_src comp="42" pin="0"/><net_sink comp="998" pin=0"/></net>

<net id="1005"><net_src comp="42" pin="0"/><net_sink comp="1002" pin=0"/></net>

<net id="1009"><net_src comp="42" pin="0"/><net_sink comp="1006" pin=0"/></net>

<net id="1013"><net_src comp="42" pin="0"/><net_sink comp="1010" pin=0"/></net>

<net id="1017"><net_src comp="42" pin="0"/><net_sink comp="1014" pin=0"/></net>

<net id="1021"><net_src comp="42" pin="0"/><net_sink comp="1018" pin=0"/></net>

<net id="1025"><net_src comp="42" pin="0"/><net_sink comp="1022" pin=0"/></net>

<net id="1029"><net_src comp="42" pin="0"/><net_sink comp="1026" pin=0"/></net>

<net id="1033"><net_src comp="42" pin="0"/><net_sink comp="1030" pin=0"/></net>

<net id="1037"><net_src comp="42" pin="0"/><net_sink comp="1034" pin=0"/></net>

<net id="1041"><net_src comp="42" pin="0"/><net_sink comp="1038" pin=0"/></net>

<net id="1045"><net_src comp="42" pin="0"/><net_sink comp="1042" pin=0"/></net>

<net id="1050"><net_src comp="38" pin="0"/><net_sink comp="1046" pin=0"/></net>

<net id="1051"><net_src comp="20" pin="0"/><net_sink comp="1046" pin=1"/></net>

<net id="1056"><net_src comp="40" pin="0"/><net_sink comp="1052" pin=0"/></net>

<net id="1057"><net_src comp="18" pin="0"/><net_sink comp="1052" pin=1"/></net>

<net id="1062"><net_src comp="40" pin="0"/><net_sink comp="1058" pin=0"/></net>

<net id="1063"><net_src comp="16" pin="0"/><net_sink comp="1058" pin=1"/></net>

<net id="1068"><net_src comp="40" pin="0"/><net_sink comp="1064" pin=0"/></net>

<net id="1069"><net_src comp="14" pin="0"/><net_sink comp="1064" pin=1"/></net>

<net id="1074"><net_src comp="40" pin="0"/><net_sink comp="1070" pin=0"/></net>

<net id="1075"><net_src comp="12" pin="0"/><net_sink comp="1070" pin=1"/></net>

<net id="1080"><net_src comp="40" pin="0"/><net_sink comp="1076" pin=0"/></net>

<net id="1081"><net_src comp="10" pin="0"/><net_sink comp="1076" pin=1"/></net>

<net id="1086"><net_src comp="40" pin="0"/><net_sink comp="1082" pin=0"/></net>

<net id="1087"><net_src comp="8" pin="0"/><net_sink comp="1082" pin=1"/></net>

<net id="1092"><net_src comp="40" pin="0"/><net_sink comp="1088" pin=0"/></net>

<net id="1093"><net_src comp="6" pin="0"/><net_sink comp="1088" pin=1"/></net>

<net id="1098"><net_src comp="40" pin="0"/><net_sink comp="1094" pin=0"/></net>

<net id="1099"><net_src comp="4" pin="0"/><net_sink comp="1094" pin=1"/></net>

<net id="1104"><net_src comp="40" pin="0"/><net_sink comp="1100" pin=0"/></net>

<net id="1105"><net_src comp="2" pin="0"/><net_sink comp="1100" pin=1"/></net>

<net id="1110"><net_src comp="40" pin="0"/><net_sink comp="1106" pin=0"/></net>

<net id="1111"><net_src comp="0" pin="0"/><net_sink comp="1106" pin=1"/></net>

<net id="1135"><net_src comp="44" pin="0"/><net_sink comp="1112" pin=0"/></net>

<net id="1136"><net_src comp="1106" pin="2"/><net_sink comp="1112" pin=1"/></net>

<net id="1137"><net_src comp="1100" pin="2"/><net_sink comp="1112" pin=3"/></net>

<net id="1138"><net_src comp="1094" pin="2"/><net_sink comp="1112" pin=5"/></net>

<net id="1139"><net_src comp="1088" pin="2"/><net_sink comp="1112" pin=7"/></net>

<net id="1140"><net_src comp="1082" pin="2"/><net_sink comp="1112" pin=9"/></net>

<net id="1141"><net_src comp="1076" pin="2"/><net_sink comp="1112" pin=11"/></net>

<net id="1142"><net_src comp="1070" pin="2"/><net_sink comp="1112" pin=13"/></net>

<net id="1143"><net_src comp="1064" pin="2"/><net_sink comp="1112" pin=15"/></net>

<net id="1144"><net_src comp="1058" pin="2"/><net_sink comp="1112" pin=17"/></net>

<net id="1145"><net_src comp="1052" pin="2"/><net_sink comp="1112" pin=19"/></net>

<net id="1156"><net_src comp="46" pin="0"/><net_sink comp="1146" pin=0"/></net>

<net id="1157"><net_src comp="22" pin="0"/><net_sink comp="1146" pin=1"/></net>

<net id="1158"><net_src comp="24" pin="0"/><net_sink comp="1146" pin=2"/></net>

<net id="1159"><net_src comp="26" pin="0"/><net_sink comp="1146" pin=3"/></net>

<net id="1160"><net_src comp="28" pin="0"/><net_sink comp="1146" pin=4"/></net>

<net id="1161"><net_src comp="1046" pin="2"/><net_sink comp="1146" pin=6"/></net>

<net id="1187"><net_src comp="48" pin="0"/><net_sink comp="1162" pin=0"/></net>

<net id="1213"><net_src comp="50" pin="0"/><net_sink comp="1188" pin=0"/></net>

<net id="1239"><net_src comp="52" pin="0"/><net_sink comp="1214" pin=0"/></net>

<net id="1265"><net_src comp="54" pin="0"/><net_sink comp="1240" pin=0"/></net>

<net id="1291"><net_src comp="56" pin="0"/><net_sink comp="1266" pin=0"/></net>

<net id="1317"><net_src comp="58" pin="0"/><net_sink comp="1292" pin=0"/></net>

<net id="1343"><net_src comp="60" pin="0"/><net_sink comp="1318" pin=0"/></net>

<net id="1369"><net_src comp="62" pin="0"/><net_sink comp="1344" pin=0"/></net>

<net id="1395"><net_src comp="64" pin="0"/><net_sink comp="1370" pin=0"/></net>

<net id="1421"><net_src comp="66" pin="0"/><net_sink comp="1396" pin=0"/></net>

<net id="1447"><net_src comp="68" pin="0"/><net_sink comp="1422" pin=0"/></net>

<net id="1473"><net_src comp="70" pin="0"/><net_sink comp="1448" pin=0"/></net>

<net id="1499"><net_src comp="72" pin="0"/><net_sink comp="1474" pin=0"/></net>

<net id="1515"><net_src comp="74" pin="0"/><net_sink comp="1500" pin=0"/></net>

<net id="1525"><net_src comp="76" pin="0"/><net_sink comp="1516" pin=0"/></net>

<net id="1526"><net_src comp="30" pin="0"/><net_sink comp="1516" pin=1"/></net>

<net id="1527"><net_src comp="32" pin="0"/><net_sink comp="1516" pin=2"/></net>

<net id="1528"><net_src comp="34" pin="0"/><net_sink comp="1516" pin=3"/></net>

<net id="1529"><net_src comp="36" pin="0"/><net_sink comp="1516" pin=4"/></net>

<net id="1533"><net_src comp="1046" pin="2"/><net_sink comp="1530" pin=0"/></net>

<net id="1534"><net_src comp="1530" pin="1"/><net_sink comp="1146" pin=6"/></net>

<net id="1538"><net_src comp="422" pin="1"/><net_sink comp="1535" pin=0"/></net>

<net id="1539"><net_src comp="1535" pin="1"/><net_sink comp="1146" pin=7"/></net>

<net id="1540"><net_src comp="1535" pin="1"/><net_sink comp="1516" pin=6"/></net>

<net id="1544"><net_src comp="426" pin="1"/><net_sink comp="1541" pin=0"/></net>

<net id="1545"><net_src comp="1541" pin="1"/><net_sink comp="1112" pin=20"/></net>

<net id="1546"><net_src comp="1541" pin="1"/><net_sink comp="1162" pin=10"/></net>

<net id="1550"><net_src comp="430" pin="1"/><net_sink comp="1547" pin=0"/></net>

<net id="1551"><net_src comp="1547" pin="1"/><net_sink comp="1162" pin=22"/></net>

<net id="1552"><net_src comp="1547" pin="1"/><net_sink comp="1188" pin=10"/></net>

<net id="1556"><net_src comp="434" pin="1"/><net_sink comp="1553" pin=0"/></net>

<net id="1557"><net_src comp="1553" pin="1"/><net_sink comp="1188" pin=22"/></net>

<net id="1558"><net_src comp="1553" pin="1"/><net_sink comp="1214" pin=10"/></net>

<net id="1562"><net_src comp="438" pin="1"/><net_sink comp="1559" pin=0"/></net>

<net id="1563"><net_src comp="1559" pin="1"/><net_sink comp="1214" pin=22"/></net>

<net id="1564"><net_src comp="1559" pin="1"/><net_sink comp="1240" pin=10"/></net>

<net id="1568"><net_src comp="442" pin="1"/><net_sink comp="1565" pin=0"/></net>

<net id="1569"><net_src comp="1565" pin="1"/><net_sink comp="1240" pin=22"/></net>

<net id="1570"><net_src comp="1565" pin="1"/><net_sink comp="1266" pin=10"/></net>

<net id="1574"><net_src comp="446" pin="1"/><net_sink comp="1571" pin=0"/></net>

<net id="1575"><net_src comp="1571" pin="1"/><net_sink comp="1266" pin=22"/></net>

<net id="1576"><net_src comp="1571" pin="1"/><net_sink comp="1292" pin=10"/></net>

<net id="1580"><net_src comp="450" pin="1"/><net_sink comp="1577" pin=0"/></net>

<net id="1581"><net_src comp="1577" pin="1"/><net_sink comp="1292" pin=22"/></net>

<net id="1582"><net_src comp="1577" pin="1"/><net_sink comp="1318" pin=10"/></net>

<net id="1586"><net_src comp="454" pin="1"/><net_sink comp="1583" pin=0"/></net>

<net id="1587"><net_src comp="1583" pin="1"/><net_sink comp="1318" pin=22"/></net>

<net id="1588"><net_src comp="1583" pin="1"/><net_sink comp="1344" pin=10"/></net>

<net id="1592"><net_src comp="458" pin="1"/><net_sink comp="1589" pin=0"/></net>

<net id="1593"><net_src comp="1589" pin="1"/><net_sink comp="1344" pin=22"/></net>

<net id="1594"><net_src comp="1589" pin="1"/><net_sink comp="1370" pin=10"/></net>

<net id="1598"><net_src comp="462" pin="1"/><net_sink comp="1595" pin=0"/></net>

<net id="1599"><net_src comp="1595" pin="1"/><net_sink comp="1370" pin=22"/></net>

<net id="1600"><net_src comp="1595" pin="1"/><net_sink comp="1396" pin=10"/></net>

<net id="1604"><net_src comp="466" pin="1"/><net_sink comp="1601" pin=0"/></net>

<net id="1605"><net_src comp="1601" pin="1"/><net_sink comp="1396" pin=22"/></net>

<net id="1606"><net_src comp="1601" pin="1"/><net_sink comp="1422" pin=10"/></net>

<net id="1610"><net_src comp="470" pin="1"/><net_sink comp="1607" pin=0"/></net>

<net id="1611"><net_src comp="1607" pin="1"/><net_sink comp="1422" pin=22"/></net>

<net id="1612"><net_src comp="1607" pin="1"/><net_sink comp="1448" pin=10"/></net>

<net id="1616"><net_src comp="474" pin="1"/><net_sink comp="1613" pin=0"/></net>

<net id="1617"><net_src comp="1613" pin="1"/><net_sink comp="1448" pin=22"/></net>

<net id="1618"><net_src comp="1613" pin="1"/><net_sink comp="1474" pin=10"/></net>

<net id="1622"><net_src comp="478" pin="1"/><net_sink comp="1619" pin=0"/></net>

<net id="1623"><net_src comp="1619" pin="1"/><net_sink comp="1474" pin=22"/></net>

<net id="1624"><net_src comp="1619" pin="1"/><net_sink comp="1500" pin=10"/></net>

<net id="1628"><net_src comp="482" pin="1"/><net_sink comp="1625" pin=0"/></net>

<net id="1629"><net_src comp="1625" pin="1"/><net_sink comp="1112" pin=18"/></net>

<net id="1630"><net_src comp="1625" pin="1"/><net_sink comp="1162" pin=9"/></net>

<net id="1634"><net_src comp="486" pin="1"/><net_sink comp="1631" pin=0"/></net>

<net id="1635"><net_src comp="1631" pin="1"/><net_sink comp="1162" pin=21"/></net>

<net id="1636"><net_src comp="1631" pin="1"/><net_sink comp="1188" pin=9"/></net>

<net id="1640"><net_src comp="490" pin="1"/><net_sink comp="1637" pin=0"/></net>

<net id="1641"><net_src comp="1637" pin="1"/><net_sink comp="1188" pin=21"/></net>

<net id="1642"><net_src comp="1637" pin="1"/><net_sink comp="1214" pin=9"/></net>

<net id="1646"><net_src comp="494" pin="1"/><net_sink comp="1643" pin=0"/></net>

<net id="1647"><net_src comp="1643" pin="1"/><net_sink comp="1214" pin=21"/></net>

<net id="1648"><net_src comp="1643" pin="1"/><net_sink comp="1240" pin=9"/></net>

<net id="1652"><net_src comp="498" pin="1"/><net_sink comp="1649" pin=0"/></net>

<net id="1653"><net_src comp="1649" pin="1"/><net_sink comp="1240" pin=21"/></net>

<net id="1654"><net_src comp="1649" pin="1"/><net_sink comp="1266" pin=9"/></net>

<net id="1658"><net_src comp="502" pin="1"/><net_sink comp="1655" pin=0"/></net>

<net id="1659"><net_src comp="1655" pin="1"/><net_sink comp="1266" pin=21"/></net>

<net id="1660"><net_src comp="1655" pin="1"/><net_sink comp="1292" pin=9"/></net>

<net id="1664"><net_src comp="506" pin="1"/><net_sink comp="1661" pin=0"/></net>

<net id="1665"><net_src comp="1661" pin="1"/><net_sink comp="1292" pin=21"/></net>

<net id="1666"><net_src comp="1661" pin="1"/><net_sink comp="1318" pin=9"/></net>

<net id="1670"><net_src comp="510" pin="1"/><net_sink comp="1667" pin=0"/></net>

<net id="1671"><net_src comp="1667" pin="1"/><net_sink comp="1318" pin=21"/></net>

<net id="1672"><net_src comp="1667" pin="1"/><net_sink comp="1344" pin=9"/></net>

<net id="1676"><net_src comp="514" pin="1"/><net_sink comp="1673" pin=0"/></net>

<net id="1677"><net_src comp="1673" pin="1"/><net_sink comp="1344" pin=21"/></net>

<net id="1678"><net_src comp="1673" pin="1"/><net_sink comp="1370" pin=9"/></net>

<net id="1682"><net_src comp="518" pin="1"/><net_sink comp="1679" pin=0"/></net>

<net id="1683"><net_src comp="1679" pin="1"/><net_sink comp="1370" pin=21"/></net>

<net id="1684"><net_src comp="1679" pin="1"/><net_sink comp="1396" pin=9"/></net>

<net id="1688"><net_src comp="522" pin="1"/><net_sink comp="1685" pin=0"/></net>

<net id="1689"><net_src comp="1685" pin="1"/><net_sink comp="1396" pin=21"/></net>

<net id="1690"><net_src comp="1685" pin="1"/><net_sink comp="1422" pin=9"/></net>

<net id="1694"><net_src comp="526" pin="1"/><net_sink comp="1691" pin=0"/></net>

<net id="1695"><net_src comp="1691" pin="1"/><net_sink comp="1422" pin=21"/></net>

<net id="1696"><net_src comp="1691" pin="1"/><net_sink comp="1448" pin=9"/></net>

<net id="1700"><net_src comp="530" pin="1"/><net_sink comp="1697" pin=0"/></net>

<net id="1701"><net_src comp="1697" pin="1"/><net_sink comp="1448" pin=21"/></net>

<net id="1702"><net_src comp="1697" pin="1"/><net_sink comp="1474" pin=9"/></net>

<net id="1706"><net_src comp="534" pin="1"/><net_sink comp="1703" pin=0"/></net>

<net id="1707"><net_src comp="1703" pin="1"/><net_sink comp="1474" pin=21"/></net>

<net id="1708"><net_src comp="1703" pin="1"/><net_sink comp="1500" pin=9"/></net>

<net id="1712"><net_src comp="538" pin="1"/><net_sink comp="1709" pin=0"/></net>

<net id="1713"><net_src comp="1709" pin="1"/><net_sink comp="1112" pin=16"/></net>

<net id="1714"><net_src comp="1709" pin="1"/><net_sink comp="1162" pin=8"/></net>

<net id="1718"><net_src comp="542" pin="1"/><net_sink comp="1715" pin=0"/></net>

<net id="1719"><net_src comp="1715" pin="1"/><net_sink comp="1162" pin=20"/></net>

<net id="1720"><net_src comp="1715" pin="1"/><net_sink comp="1188" pin=8"/></net>

<net id="1724"><net_src comp="546" pin="1"/><net_sink comp="1721" pin=0"/></net>

<net id="1725"><net_src comp="1721" pin="1"/><net_sink comp="1188" pin=20"/></net>

<net id="1726"><net_src comp="1721" pin="1"/><net_sink comp="1214" pin=8"/></net>

<net id="1730"><net_src comp="550" pin="1"/><net_sink comp="1727" pin=0"/></net>

<net id="1731"><net_src comp="1727" pin="1"/><net_sink comp="1214" pin=20"/></net>

<net id="1732"><net_src comp="1727" pin="1"/><net_sink comp="1240" pin=8"/></net>

<net id="1736"><net_src comp="554" pin="1"/><net_sink comp="1733" pin=0"/></net>

<net id="1737"><net_src comp="1733" pin="1"/><net_sink comp="1240" pin=20"/></net>

<net id="1738"><net_src comp="1733" pin="1"/><net_sink comp="1266" pin=8"/></net>

<net id="1742"><net_src comp="558" pin="1"/><net_sink comp="1739" pin=0"/></net>

<net id="1743"><net_src comp="1739" pin="1"/><net_sink comp="1266" pin=20"/></net>

<net id="1744"><net_src comp="1739" pin="1"/><net_sink comp="1292" pin=8"/></net>

<net id="1748"><net_src comp="562" pin="1"/><net_sink comp="1745" pin=0"/></net>

<net id="1749"><net_src comp="1745" pin="1"/><net_sink comp="1292" pin=20"/></net>

<net id="1750"><net_src comp="1745" pin="1"/><net_sink comp="1318" pin=8"/></net>

<net id="1754"><net_src comp="566" pin="1"/><net_sink comp="1751" pin=0"/></net>

<net id="1755"><net_src comp="1751" pin="1"/><net_sink comp="1318" pin=20"/></net>

<net id="1756"><net_src comp="1751" pin="1"/><net_sink comp="1344" pin=8"/></net>

<net id="1760"><net_src comp="570" pin="1"/><net_sink comp="1757" pin=0"/></net>

<net id="1761"><net_src comp="1757" pin="1"/><net_sink comp="1344" pin=20"/></net>

<net id="1762"><net_src comp="1757" pin="1"/><net_sink comp="1370" pin=8"/></net>

<net id="1766"><net_src comp="574" pin="1"/><net_sink comp="1763" pin=0"/></net>

<net id="1767"><net_src comp="1763" pin="1"/><net_sink comp="1370" pin=20"/></net>

<net id="1768"><net_src comp="1763" pin="1"/><net_sink comp="1396" pin=8"/></net>

<net id="1772"><net_src comp="578" pin="1"/><net_sink comp="1769" pin=0"/></net>

<net id="1773"><net_src comp="1769" pin="1"/><net_sink comp="1396" pin=20"/></net>

<net id="1774"><net_src comp="1769" pin="1"/><net_sink comp="1422" pin=8"/></net>

<net id="1778"><net_src comp="582" pin="1"/><net_sink comp="1775" pin=0"/></net>

<net id="1779"><net_src comp="1775" pin="1"/><net_sink comp="1422" pin=20"/></net>

<net id="1780"><net_src comp="1775" pin="1"/><net_sink comp="1448" pin=8"/></net>

<net id="1784"><net_src comp="586" pin="1"/><net_sink comp="1781" pin=0"/></net>

<net id="1785"><net_src comp="1781" pin="1"/><net_sink comp="1448" pin=20"/></net>

<net id="1786"><net_src comp="1781" pin="1"/><net_sink comp="1474" pin=8"/></net>

<net id="1790"><net_src comp="590" pin="1"/><net_sink comp="1787" pin=0"/></net>

<net id="1791"><net_src comp="1787" pin="1"/><net_sink comp="1474" pin=20"/></net>

<net id="1792"><net_src comp="1787" pin="1"/><net_sink comp="1500" pin=8"/></net>

<net id="1796"><net_src comp="594" pin="1"/><net_sink comp="1793" pin=0"/></net>

<net id="1797"><net_src comp="1793" pin="1"/><net_sink comp="1112" pin=14"/></net>

<net id="1798"><net_src comp="1793" pin="1"/><net_sink comp="1162" pin=7"/></net>

<net id="1802"><net_src comp="598" pin="1"/><net_sink comp="1799" pin=0"/></net>

<net id="1803"><net_src comp="1799" pin="1"/><net_sink comp="1162" pin=19"/></net>

<net id="1804"><net_src comp="1799" pin="1"/><net_sink comp="1188" pin=7"/></net>

<net id="1808"><net_src comp="602" pin="1"/><net_sink comp="1805" pin=0"/></net>

<net id="1809"><net_src comp="1805" pin="1"/><net_sink comp="1188" pin=19"/></net>

<net id="1810"><net_src comp="1805" pin="1"/><net_sink comp="1214" pin=7"/></net>

<net id="1814"><net_src comp="606" pin="1"/><net_sink comp="1811" pin=0"/></net>

<net id="1815"><net_src comp="1811" pin="1"/><net_sink comp="1214" pin=19"/></net>

<net id="1816"><net_src comp="1811" pin="1"/><net_sink comp="1240" pin=7"/></net>

<net id="1820"><net_src comp="610" pin="1"/><net_sink comp="1817" pin=0"/></net>

<net id="1821"><net_src comp="1817" pin="1"/><net_sink comp="1240" pin=19"/></net>

<net id="1822"><net_src comp="1817" pin="1"/><net_sink comp="1266" pin=7"/></net>

<net id="1826"><net_src comp="614" pin="1"/><net_sink comp="1823" pin=0"/></net>

<net id="1827"><net_src comp="1823" pin="1"/><net_sink comp="1266" pin=19"/></net>

<net id="1828"><net_src comp="1823" pin="1"/><net_sink comp="1292" pin=7"/></net>

<net id="1832"><net_src comp="618" pin="1"/><net_sink comp="1829" pin=0"/></net>

<net id="1833"><net_src comp="1829" pin="1"/><net_sink comp="1292" pin=19"/></net>

<net id="1834"><net_src comp="1829" pin="1"/><net_sink comp="1318" pin=7"/></net>

<net id="1838"><net_src comp="622" pin="1"/><net_sink comp="1835" pin=0"/></net>

<net id="1839"><net_src comp="1835" pin="1"/><net_sink comp="1318" pin=19"/></net>

<net id="1840"><net_src comp="1835" pin="1"/><net_sink comp="1344" pin=7"/></net>

<net id="1844"><net_src comp="626" pin="1"/><net_sink comp="1841" pin=0"/></net>

<net id="1845"><net_src comp="1841" pin="1"/><net_sink comp="1344" pin=19"/></net>

<net id="1846"><net_src comp="1841" pin="1"/><net_sink comp="1370" pin=7"/></net>

<net id="1850"><net_src comp="630" pin="1"/><net_sink comp="1847" pin=0"/></net>

<net id="1851"><net_src comp="1847" pin="1"/><net_sink comp="1370" pin=19"/></net>

<net id="1852"><net_src comp="1847" pin="1"/><net_sink comp="1396" pin=7"/></net>

<net id="1856"><net_src comp="634" pin="1"/><net_sink comp="1853" pin=0"/></net>

<net id="1857"><net_src comp="1853" pin="1"/><net_sink comp="1396" pin=19"/></net>

<net id="1858"><net_src comp="1853" pin="1"/><net_sink comp="1422" pin=7"/></net>

<net id="1862"><net_src comp="638" pin="1"/><net_sink comp="1859" pin=0"/></net>

<net id="1863"><net_src comp="1859" pin="1"/><net_sink comp="1422" pin=19"/></net>

<net id="1864"><net_src comp="1859" pin="1"/><net_sink comp="1448" pin=7"/></net>

<net id="1868"><net_src comp="642" pin="1"/><net_sink comp="1865" pin=0"/></net>

<net id="1869"><net_src comp="1865" pin="1"/><net_sink comp="1448" pin=19"/></net>

<net id="1870"><net_src comp="1865" pin="1"/><net_sink comp="1474" pin=7"/></net>

<net id="1874"><net_src comp="646" pin="1"/><net_sink comp="1871" pin=0"/></net>

<net id="1875"><net_src comp="1871" pin="1"/><net_sink comp="1474" pin=19"/></net>

<net id="1876"><net_src comp="1871" pin="1"/><net_sink comp="1500" pin=7"/></net>

<net id="1880"><net_src comp="650" pin="1"/><net_sink comp="1877" pin=0"/></net>

<net id="1881"><net_src comp="1877" pin="1"/><net_sink comp="1112" pin=12"/></net>

<net id="1882"><net_src comp="1877" pin="1"/><net_sink comp="1162" pin=6"/></net>

<net id="1886"><net_src comp="654" pin="1"/><net_sink comp="1883" pin=0"/></net>

<net id="1887"><net_src comp="1883" pin="1"/><net_sink comp="1162" pin=18"/></net>

<net id="1888"><net_src comp="1883" pin="1"/><net_sink comp="1188" pin=6"/></net>

<net id="1892"><net_src comp="658" pin="1"/><net_sink comp="1889" pin=0"/></net>

<net id="1893"><net_src comp="1889" pin="1"/><net_sink comp="1188" pin=18"/></net>

<net id="1894"><net_src comp="1889" pin="1"/><net_sink comp="1214" pin=6"/></net>

<net id="1898"><net_src comp="662" pin="1"/><net_sink comp="1895" pin=0"/></net>

<net id="1899"><net_src comp="1895" pin="1"/><net_sink comp="1214" pin=18"/></net>

<net id="1900"><net_src comp="1895" pin="1"/><net_sink comp="1240" pin=6"/></net>

<net id="1904"><net_src comp="666" pin="1"/><net_sink comp="1901" pin=0"/></net>

<net id="1905"><net_src comp="1901" pin="1"/><net_sink comp="1240" pin=18"/></net>

<net id="1906"><net_src comp="1901" pin="1"/><net_sink comp="1266" pin=6"/></net>

<net id="1910"><net_src comp="670" pin="1"/><net_sink comp="1907" pin=0"/></net>

<net id="1911"><net_src comp="1907" pin="1"/><net_sink comp="1266" pin=18"/></net>

<net id="1912"><net_src comp="1907" pin="1"/><net_sink comp="1292" pin=6"/></net>

<net id="1916"><net_src comp="674" pin="1"/><net_sink comp="1913" pin=0"/></net>

<net id="1917"><net_src comp="1913" pin="1"/><net_sink comp="1292" pin=18"/></net>

<net id="1918"><net_src comp="1913" pin="1"/><net_sink comp="1318" pin=6"/></net>

<net id="1922"><net_src comp="678" pin="1"/><net_sink comp="1919" pin=0"/></net>

<net id="1923"><net_src comp="1919" pin="1"/><net_sink comp="1318" pin=18"/></net>

<net id="1924"><net_src comp="1919" pin="1"/><net_sink comp="1344" pin=6"/></net>

<net id="1928"><net_src comp="682" pin="1"/><net_sink comp="1925" pin=0"/></net>

<net id="1929"><net_src comp="1925" pin="1"/><net_sink comp="1344" pin=18"/></net>

<net id="1930"><net_src comp="1925" pin="1"/><net_sink comp="1370" pin=6"/></net>

<net id="1934"><net_src comp="686" pin="1"/><net_sink comp="1931" pin=0"/></net>

<net id="1935"><net_src comp="1931" pin="1"/><net_sink comp="1370" pin=18"/></net>

<net id="1936"><net_src comp="1931" pin="1"/><net_sink comp="1396" pin=6"/></net>

<net id="1940"><net_src comp="690" pin="1"/><net_sink comp="1937" pin=0"/></net>

<net id="1941"><net_src comp="1937" pin="1"/><net_sink comp="1396" pin=18"/></net>

<net id="1942"><net_src comp="1937" pin="1"/><net_sink comp="1422" pin=6"/></net>

<net id="1946"><net_src comp="694" pin="1"/><net_sink comp="1943" pin=0"/></net>

<net id="1947"><net_src comp="1943" pin="1"/><net_sink comp="1422" pin=18"/></net>

<net id="1948"><net_src comp="1943" pin="1"/><net_sink comp="1448" pin=6"/></net>

<net id="1952"><net_src comp="698" pin="1"/><net_sink comp="1949" pin=0"/></net>

<net id="1953"><net_src comp="1949" pin="1"/><net_sink comp="1448" pin=18"/></net>

<net id="1954"><net_src comp="1949" pin="1"/><net_sink comp="1474" pin=6"/></net>

<net id="1958"><net_src comp="702" pin="1"/><net_sink comp="1955" pin=0"/></net>

<net id="1959"><net_src comp="1955" pin="1"/><net_sink comp="1474" pin=18"/></net>

<net id="1960"><net_src comp="1955" pin="1"/><net_sink comp="1500" pin=6"/></net>

<net id="1964"><net_src comp="706" pin="1"/><net_sink comp="1961" pin=0"/></net>

<net id="1965"><net_src comp="1961" pin="1"/><net_sink comp="1112" pin=10"/></net>

<net id="1966"><net_src comp="1961" pin="1"/><net_sink comp="1162" pin=5"/></net>

<net id="1970"><net_src comp="710" pin="1"/><net_sink comp="1967" pin=0"/></net>

<net id="1971"><net_src comp="1967" pin="1"/><net_sink comp="1162" pin=17"/></net>

<net id="1972"><net_src comp="1967" pin="1"/><net_sink comp="1188" pin=5"/></net>

<net id="1976"><net_src comp="714" pin="1"/><net_sink comp="1973" pin=0"/></net>

<net id="1977"><net_src comp="1973" pin="1"/><net_sink comp="1188" pin=17"/></net>

<net id="1978"><net_src comp="1973" pin="1"/><net_sink comp="1214" pin=5"/></net>

<net id="1982"><net_src comp="718" pin="1"/><net_sink comp="1979" pin=0"/></net>

<net id="1983"><net_src comp="1979" pin="1"/><net_sink comp="1214" pin=17"/></net>

<net id="1984"><net_src comp="1979" pin="1"/><net_sink comp="1240" pin=5"/></net>

<net id="1988"><net_src comp="722" pin="1"/><net_sink comp="1985" pin=0"/></net>

<net id="1989"><net_src comp="1985" pin="1"/><net_sink comp="1240" pin=17"/></net>

<net id="1990"><net_src comp="1985" pin="1"/><net_sink comp="1266" pin=5"/></net>

<net id="1994"><net_src comp="726" pin="1"/><net_sink comp="1991" pin=0"/></net>

<net id="1995"><net_src comp="1991" pin="1"/><net_sink comp="1266" pin=17"/></net>

<net id="1996"><net_src comp="1991" pin="1"/><net_sink comp="1292" pin=5"/></net>

<net id="2000"><net_src comp="730" pin="1"/><net_sink comp="1997" pin=0"/></net>

<net id="2001"><net_src comp="1997" pin="1"/><net_sink comp="1292" pin=17"/></net>

<net id="2002"><net_src comp="1997" pin="1"/><net_sink comp="1318" pin=5"/></net>

<net id="2006"><net_src comp="734" pin="1"/><net_sink comp="2003" pin=0"/></net>

<net id="2007"><net_src comp="2003" pin="1"/><net_sink comp="1318" pin=17"/></net>

<net id="2008"><net_src comp="2003" pin="1"/><net_sink comp="1344" pin=5"/></net>

<net id="2012"><net_src comp="738" pin="1"/><net_sink comp="2009" pin=0"/></net>

<net id="2013"><net_src comp="2009" pin="1"/><net_sink comp="1344" pin=17"/></net>

<net id="2014"><net_src comp="2009" pin="1"/><net_sink comp="1370" pin=5"/></net>

<net id="2018"><net_src comp="742" pin="1"/><net_sink comp="2015" pin=0"/></net>

<net id="2019"><net_src comp="2015" pin="1"/><net_sink comp="1370" pin=17"/></net>

<net id="2020"><net_src comp="2015" pin="1"/><net_sink comp="1396" pin=5"/></net>

<net id="2024"><net_src comp="746" pin="1"/><net_sink comp="2021" pin=0"/></net>

<net id="2025"><net_src comp="2021" pin="1"/><net_sink comp="1396" pin=17"/></net>

<net id="2026"><net_src comp="2021" pin="1"/><net_sink comp="1422" pin=5"/></net>

<net id="2030"><net_src comp="750" pin="1"/><net_sink comp="2027" pin=0"/></net>

<net id="2031"><net_src comp="2027" pin="1"/><net_sink comp="1422" pin=17"/></net>

<net id="2032"><net_src comp="2027" pin="1"/><net_sink comp="1448" pin=5"/></net>

<net id="2036"><net_src comp="754" pin="1"/><net_sink comp="2033" pin=0"/></net>

<net id="2037"><net_src comp="2033" pin="1"/><net_sink comp="1448" pin=17"/></net>

<net id="2038"><net_src comp="2033" pin="1"/><net_sink comp="1474" pin=5"/></net>

<net id="2042"><net_src comp="758" pin="1"/><net_sink comp="2039" pin=0"/></net>

<net id="2043"><net_src comp="2039" pin="1"/><net_sink comp="1474" pin=17"/></net>

<net id="2044"><net_src comp="2039" pin="1"/><net_sink comp="1500" pin=5"/></net>

<net id="2048"><net_src comp="762" pin="1"/><net_sink comp="2045" pin=0"/></net>

<net id="2049"><net_src comp="2045" pin="1"/><net_sink comp="1112" pin=8"/></net>

<net id="2050"><net_src comp="2045" pin="1"/><net_sink comp="1162" pin=4"/></net>

<net id="2054"><net_src comp="766" pin="1"/><net_sink comp="2051" pin=0"/></net>

<net id="2055"><net_src comp="2051" pin="1"/><net_sink comp="1162" pin=16"/></net>

<net id="2056"><net_src comp="2051" pin="1"/><net_sink comp="1188" pin=4"/></net>

<net id="2060"><net_src comp="770" pin="1"/><net_sink comp="2057" pin=0"/></net>

<net id="2061"><net_src comp="2057" pin="1"/><net_sink comp="1188" pin=16"/></net>

<net id="2062"><net_src comp="2057" pin="1"/><net_sink comp="1214" pin=4"/></net>

<net id="2066"><net_src comp="774" pin="1"/><net_sink comp="2063" pin=0"/></net>

<net id="2067"><net_src comp="2063" pin="1"/><net_sink comp="1214" pin=16"/></net>

<net id="2068"><net_src comp="2063" pin="1"/><net_sink comp="1240" pin=4"/></net>

<net id="2072"><net_src comp="778" pin="1"/><net_sink comp="2069" pin=0"/></net>

<net id="2073"><net_src comp="2069" pin="1"/><net_sink comp="1240" pin=16"/></net>

<net id="2074"><net_src comp="2069" pin="1"/><net_sink comp="1266" pin=4"/></net>

<net id="2078"><net_src comp="782" pin="1"/><net_sink comp="2075" pin=0"/></net>

<net id="2079"><net_src comp="2075" pin="1"/><net_sink comp="1266" pin=16"/></net>

<net id="2080"><net_src comp="2075" pin="1"/><net_sink comp="1292" pin=4"/></net>

<net id="2084"><net_src comp="786" pin="1"/><net_sink comp="2081" pin=0"/></net>

<net id="2085"><net_src comp="2081" pin="1"/><net_sink comp="1292" pin=16"/></net>

<net id="2086"><net_src comp="2081" pin="1"/><net_sink comp="1318" pin=4"/></net>

<net id="2090"><net_src comp="790" pin="1"/><net_sink comp="2087" pin=0"/></net>

<net id="2091"><net_src comp="2087" pin="1"/><net_sink comp="1318" pin=16"/></net>

<net id="2092"><net_src comp="2087" pin="1"/><net_sink comp="1344" pin=4"/></net>

<net id="2096"><net_src comp="794" pin="1"/><net_sink comp="2093" pin=0"/></net>

<net id="2097"><net_src comp="2093" pin="1"/><net_sink comp="1344" pin=16"/></net>

<net id="2098"><net_src comp="2093" pin="1"/><net_sink comp="1370" pin=4"/></net>

<net id="2102"><net_src comp="798" pin="1"/><net_sink comp="2099" pin=0"/></net>

<net id="2103"><net_src comp="2099" pin="1"/><net_sink comp="1370" pin=16"/></net>

<net id="2104"><net_src comp="2099" pin="1"/><net_sink comp="1396" pin=4"/></net>

<net id="2108"><net_src comp="802" pin="1"/><net_sink comp="2105" pin=0"/></net>

<net id="2109"><net_src comp="2105" pin="1"/><net_sink comp="1396" pin=16"/></net>

<net id="2110"><net_src comp="2105" pin="1"/><net_sink comp="1422" pin=4"/></net>

<net id="2114"><net_src comp="806" pin="1"/><net_sink comp="2111" pin=0"/></net>

<net id="2115"><net_src comp="2111" pin="1"/><net_sink comp="1422" pin=16"/></net>

<net id="2116"><net_src comp="2111" pin="1"/><net_sink comp="1448" pin=4"/></net>

<net id="2120"><net_src comp="810" pin="1"/><net_sink comp="2117" pin=0"/></net>

<net id="2121"><net_src comp="2117" pin="1"/><net_sink comp="1448" pin=16"/></net>

<net id="2122"><net_src comp="2117" pin="1"/><net_sink comp="1474" pin=4"/></net>

<net id="2126"><net_src comp="814" pin="1"/><net_sink comp="2123" pin=0"/></net>

<net id="2127"><net_src comp="2123" pin="1"/><net_sink comp="1474" pin=16"/></net>

<net id="2128"><net_src comp="2123" pin="1"/><net_sink comp="1500" pin=4"/></net>

<net id="2132"><net_src comp="818" pin="1"/><net_sink comp="2129" pin=0"/></net>

<net id="2133"><net_src comp="2129" pin="1"/><net_sink comp="1112" pin=6"/></net>

<net id="2134"><net_src comp="2129" pin="1"/><net_sink comp="1162" pin=3"/></net>

<net id="2138"><net_src comp="822" pin="1"/><net_sink comp="2135" pin=0"/></net>

<net id="2139"><net_src comp="2135" pin="1"/><net_sink comp="1162" pin=15"/></net>

<net id="2140"><net_src comp="2135" pin="1"/><net_sink comp="1188" pin=3"/></net>

<net id="2144"><net_src comp="826" pin="1"/><net_sink comp="2141" pin=0"/></net>

<net id="2145"><net_src comp="2141" pin="1"/><net_sink comp="1188" pin=15"/></net>

<net id="2146"><net_src comp="2141" pin="1"/><net_sink comp="1214" pin=3"/></net>

<net id="2150"><net_src comp="830" pin="1"/><net_sink comp="2147" pin=0"/></net>

<net id="2151"><net_src comp="2147" pin="1"/><net_sink comp="1214" pin=15"/></net>

<net id="2152"><net_src comp="2147" pin="1"/><net_sink comp="1240" pin=3"/></net>

<net id="2156"><net_src comp="834" pin="1"/><net_sink comp="2153" pin=0"/></net>

<net id="2157"><net_src comp="2153" pin="1"/><net_sink comp="1240" pin=15"/></net>

<net id="2158"><net_src comp="2153" pin="1"/><net_sink comp="1266" pin=3"/></net>

<net id="2162"><net_src comp="838" pin="1"/><net_sink comp="2159" pin=0"/></net>

<net id="2163"><net_src comp="2159" pin="1"/><net_sink comp="1266" pin=15"/></net>

<net id="2164"><net_src comp="2159" pin="1"/><net_sink comp="1292" pin=3"/></net>

<net id="2168"><net_src comp="842" pin="1"/><net_sink comp="2165" pin=0"/></net>

<net id="2169"><net_src comp="2165" pin="1"/><net_sink comp="1292" pin=15"/></net>

<net id="2170"><net_src comp="2165" pin="1"/><net_sink comp="1318" pin=3"/></net>

<net id="2174"><net_src comp="846" pin="1"/><net_sink comp="2171" pin=0"/></net>

<net id="2175"><net_src comp="2171" pin="1"/><net_sink comp="1318" pin=15"/></net>

<net id="2176"><net_src comp="2171" pin="1"/><net_sink comp="1344" pin=3"/></net>

<net id="2180"><net_src comp="850" pin="1"/><net_sink comp="2177" pin=0"/></net>

<net id="2181"><net_src comp="2177" pin="1"/><net_sink comp="1344" pin=15"/></net>

<net id="2182"><net_src comp="2177" pin="1"/><net_sink comp="1370" pin=3"/></net>

<net id="2186"><net_src comp="854" pin="1"/><net_sink comp="2183" pin=0"/></net>

<net id="2187"><net_src comp="2183" pin="1"/><net_sink comp="1370" pin=15"/></net>

<net id="2188"><net_src comp="2183" pin="1"/><net_sink comp="1396" pin=3"/></net>

<net id="2192"><net_src comp="858" pin="1"/><net_sink comp="2189" pin=0"/></net>

<net id="2193"><net_src comp="2189" pin="1"/><net_sink comp="1396" pin=15"/></net>

<net id="2194"><net_src comp="2189" pin="1"/><net_sink comp="1422" pin=3"/></net>

<net id="2198"><net_src comp="862" pin="1"/><net_sink comp="2195" pin=0"/></net>

<net id="2199"><net_src comp="2195" pin="1"/><net_sink comp="1422" pin=15"/></net>

<net id="2200"><net_src comp="2195" pin="1"/><net_sink comp="1448" pin=3"/></net>

<net id="2204"><net_src comp="866" pin="1"/><net_sink comp="2201" pin=0"/></net>

<net id="2205"><net_src comp="2201" pin="1"/><net_sink comp="1448" pin=15"/></net>

<net id="2206"><net_src comp="2201" pin="1"/><net_sink comp="1474" pin=3"/></net>

<net id="2210"><net_src comp="870" pin="1"/><net_sink comp="2207" pin=0"/></net>

<net id="2211"><net_src comp="2207" pin="1"/><net_sink comp="1474" pin=15"/></net>

<net id="2212"><net_src comp="2207" pin="1"/><net_sink comp="1500" pin=3"/></net>

<net id="2216"><net_src comp="874" pin="1"/><net_sink comp="2213" pin=0"/></net>

<net id="2217"><net_src comp="2213" pin="1"/><net_sink comp="1112" pin=4"/></net>

<net id="2218"><net_src comp="2213" pin="1"/><net_sink comp="1162" pin=2"/></net>

<net id="2222"><net_src comp="878" pin="1"/><net_sink comp="2219" pin=0"/></net>

<net id="2223"><net_src comp="2219" pin="1"/><net_sink comp="1162" pin=14"/></net>

<net id="2224"><net_src comp="2219" pin="1"/><net_sink comp="1188" pin=2"/></net>

<net id="2228"><net_src comp="882" pin="1"/><net_sink comp="2225" pin=0"/></net>

<net id="2229"><net_src comp="2225" pin="1"/><net_sink comp="1188" pin=14"/></net>

<net id="2230"><net_src comp="2225" pin="1"/><net_sink comp="1214" pin=2"/></net>

<net id="2234"><net_src comp="886" pin="1"/><net_sink comp="2231" pin=0"/></net>

<net id="2235"><net_src comp="2231" pin="1"/><net_sink comp="1214" pin=14"/></net>

<net id="2236"><net_src comp="2231" pin="1"/><net_sink comp="1240" pin=2"/></net>

<net id="2240"><net_src comp="890" pin="1"/><net_sink comp="2237" pin=0"/></net>

<net id="2241"><net_src comp="2237" pin="1"/><net_sink comp="1240" pin=14"/></net>

<net id="2242"><net_src comp="2237" pin="1"/><net_sink comp="1266" pin=2"/></net>

<net id="2246"><net_src comp="894" pin="1"/><net_sink comp="2243" pin=0"/></net>

<net id="2247"><net_src comp="2243" pin="1"/><net_sink comp="1266" pin=14"/></net>

<net id="2248"><net_src comp="2243" pin="1"/><net_sink comp="1292" pin=2"/></net>

<net id="2252"><net_src comp="898" pin="1"/><net_sink comp="2249" pin=0"/></net>

<net id="2253"><net_src comp="2249" pin="1"/><net_sink comp="1292" pin=14"/></net>

<net id="2254"><net_src comp="2249" pin="1"/><net_sink comp="1318" pin=2"/></net>

<net id="2258"><net_src comp="902" pin="1"/><net_sink comp="2255" pin=0"/></net>

<net id="2259"><net_src comp="2255" pin="1"/><net_sink comp="1318" pin=14"/></net>

<net id="2260"><net_src comp="2255" pin="1"/><net_sink comp="1344" pin=2"/></net>

<net id="2264"><net_src comp="906" pin="1"/><net_sink comp="2261" pin=0"/></net>

<net id="2265"><net_src comp="2261" pin="1"/><net_sink comp="1344" pin=14"/></net>

<net id="2266"><net_src comp="2261" pin="1"/><net_sink comp="1370" pin=2"/></net>

<net id="2270"><net_src comp="910" pin="1"/><net_sink comp="2267" pin=0"/></net>

<net id="2271"><net_src comp="2267" pin="1"/><net_sink comp="1370" pin=14"/></net>

<net id="2272"><net_src comp="2267" pin="1"/><net_sink comp="1396" pin=2"/></net>

<net id="2276"><net_src comp="914" pin="1"/><net_sink comp="2273" pin=0"/></net>

<net id="2277"><net_src comp="2273" pin="1"/><net_sink comp="1396" pin=14"/></net>

<net id="2278"><net_src comp="2273" pin="1"/><net_sink comp="1422" pin=2"/></net>

<net id="2282"><net_src comp="918" pin="1"/><net_sink comp="2279" pin=0"/></net>

<net id="2283"><net_src comp="2279" pin="1"/><net_sink comp="1422" pin=14"/></net>

<net id="2284"><net_src comp="2279" pin="1"/><net_sink comp="1448" pin=2"/></net>

<net id="2288"><net_src comp="922" pin="1"/><net_sink comp="2285" pin=0"/></net>

<net id="2289"><net_src comp="2285" pin="1"/><net_sink comp="1448" pin=14"/></net>

<net id="2290"><net_src comp="2285" pin="1"/><net_sink comp="1474" pin=2"/></net>

<net id="2294"><net_src comp="926" pin="1"/><net_sink comp="2291" pin=0"/></net>

<net id="2295"><net_src comp="2291" pin="1"/><net_sink comp="1474" pin=14"/></net>

<net id="2296"><net_src comp="2291" pin="1"/><net_sink comp="1500" pin=2"/></net>

<net id="2300"><net_src comp="930" pin="1"/><net_sink comp="2297" pin=0"/></net>

<net id="2301"><net_src comp="2297" pin="1"/><net_sink comp="1112" pin=2"/></net>

<net id="2302"><net_src comp="2297" pin="1"/><net_sink comp="1162" pin=1"/></net>

<net id="2306"><net_src comp="934" pin="1"/><net_sink comp="2303" pin=0"/></net>

<net id="2307"><net_src comp="2303" pin="1"/><net_sink comp="1162" pin=13"/></net>

<net id="2308"><net_src comp="2303" pin="1"/><net_sink comp="1188" pin=1"/></net>

<net id="2312"><net_src comp="938" pin="1"/><net_sink comp="2309" pin=0"/></net>

<net id="2313"><net_src comp="2309" pin="1"/><net_sink comp="1188" pin=13"/></net>

<net id="2314"><net_src comp="2309" pin="1"/><net_sink comp="1214" pin=1"/></net>

<net id="2318"><net_src comp="942" pin="1"/><net_sink comp="2315" pin=0"/></net>

<net id="2319"><net_src comp="2315" pin="1"/><net_sink comp="1214" pin=13"/></net>

<net id="2320"><net_src comp="2315" pin="1"/><net_sink comp="1240" pin=1"/></net>

<net id="2324"><net_src comp="946" pin="1"/><net_sink comp="2321" pin=0"/></net>

<net id="2325"><net_src comp="2321" pin="1"/><net_sink comp="1240" pin=13"/></net>

<net id="2326"><net_src comp="2321" pin="1"/><net_sink comp="1266" pin=1"/></net>

<net id="2330"><net_src comp="950" pin="1"/><net_sink comp="2327" pin=0"/></net>

<net id="2331"><net_src comp="2327" pin="1"/><net_sink comp="1266" pin=13"/></net>

<net id="2332"><net_src comp="2327" pin="1"/><net_sink comp="1292" pin=1"/></net>

<net id="2336"><net_src comp="954" pin="1"/><net_sink comp="2333" pin=0"/></net>

<net id="2337"><net_src comp="2333" pin="1"/><net_sink comp="1292" pin=13"/></net>

<net id="2338"><net_src comp="2333" pin="1"/><net_sink comp="1318" pin=1"/></net>

<net id="2342"><net_src comp="958" pin="1"/><net_sink comp="2339" pin=0"/></net>

<net id="2343"><net_src comp="2339" pin="1"/><net_sink comp="1318" pin=13"/></net>

<net id="2344"><net_src comp="2339" pin="1"/><net_sink comp="1344" pin=1"/></net>

<net id="2348"><net_src comp="962" pin="1"/><net_sink comp="2345" pin=0"/></net>

<net id="2349"><net_src comp="2345" pin="1"/><net_sink comp="1344" pin=13"/></net>

<net id="2350"><net_src comp="2345" pin="1"/><net_sink comp="1370" pin=1"/></net>

<net id="2354"><net_src comp="966" pin="1"/><net_sink comp="2351" pin=0"/></net>

<net id="2355"><net_src comp="2351" pin="1"/><net_sink comp="1370" pin=13"/></net>

<net id="2356"><net_src comp="2351" pin="1"/><net_sink comp="1396" pin=1"/></net>

<net id="2360"><net_src comp="970" pin="1"/><net_sink comp="2357" pin=0"/></net>

<net id="2361"><net_src comp="2357" pin="1"/><net_sink comp="1396" pin=13"/></net>

<net id="2362"><net_src comp="2357" pin="1"/><net_sink comp="1422" pin=1"/></net>

<net id="2366"><net_src comp="974" pin="1"/><net_sink comp="2363" pin=0"/></net>

<net id="2367"><net_src comp="2363" pin="1"/><net_sink comp="1422" pin=13"/></net>

<net id="2368"><net_src comp="2363" pin="1"/><net_sink comp="1448" pin=1"/></net>

<net id="2372"><net_src comp="978" pin="1"/><net_sink comp="2369" pin=0"/></net>

<net id="2373"><net_src comp="2369" pin="1"/><net_sink comp="1448" pin=13"/></net>

<net id="2374"><net_src comp="2369" pin="1"/><net_sink comp="1474" pin=1"/></net>

<net id="2378"><net_src comp="982" pin="1"/><net_sink comp="2375" pin=0"/></net>

<net id="2379"><net_src comp="2375" pin="1"/><net_sink comp="1474" pin=13"/></net>

<net id="2380"><net_src comp="2375" pin="1"/><net_sink comp="1500" pin=1"/></net>

<net id="2384"><net_src comp="986" pin="1"/><net_sink comp="2381" pin=0"/></net>

<net id="2385"><net_src comp="2381" pin="1"/><net_sink comp="1146" pin=5"/></net>

<net id="2386"><net_src comp="2381" pin="1"/><net_sink comp="1162" pin=11"/></net>

<net id="2390"><net_src comp="990" pin="1"/><net_sink comp="2387" pin=0"/></net>

<net id="2391"><net_src comp="2387" pin="1"/><net_sink comp="1162" pin=12"/></net>

<net id="2392"><net_src comp="2387" pin="1"/><net_sink comp="1188" pin=11"/></net>

<net id="2396"><net_src comp="994" pin="1"/><net_sink comp="2393" pin=0"/></net>

<net id="2397"><net_src comp="2393" pin="1"/><net_sink comp="1188" pin=12"/></net>

<net id="2398"><net_src comp="2393" pin="1"/><net_sink comp="1214" pin=11"/></net>

<net id="2402"><net_src comp="998" pin="1"/><net_sink comp="2399" pin=0"/></net>

<net id="2403"><net_src comp="2399" pin="1"/><net_sink comp="1214" pin=12"/></net>

<net id="2404"><net_src comp="2399" pin="1"/><net_sink comp="1240" pin=11"/></net>

<net id="2408"><net_src comp="1002" pin="1"/><net_sink comp="2405" pin=0"/></net>

<net id="2409"><net_src comp="2405" pin="1"/><net_sink comp="1240" pin=12"/></net>

<net id="2410"><net_src comp="2405" pin="1"/><net_sink comp="1266" pin=11"/></net>

<net id="2414"><net_src comp="1006" pin="1"/><net_sink comp="2411" pin=0"/></net>

<net id="2415"><net_src comp="2411" pin="1"/><net_sink comp="1266" pin=12"/></net>

<net id="2416"><net_src comp="2411" pin="1"/><net_sink comp="1292" pin=11"/></net>

<net id="2420"><net_src comp="1010" pin="1"/><net_sink comp="2417" pin=0"/></net>

<net id="2421"><net_src comp="2417" pin="1"/><net_sink comp="1292" pin=12"/></net>

<net id="2422"><net_src comp="2417" pin="1"/><net_sink comp="1318" pin=11"/></net>

<net id="2426"><net_src comp="1014" pin="1"/><net_sink comp="2423" pin=0"/></net>

<net id="2427"><net_src comp="2423" pin="1"/><net_sink comp="1318" pin=12"/></net>

<net id="2428"><net_src comp="2423" pin="1"/><net_sink comp="1344" pin=11"/></net>

<net id="2432"><net_src comp="1018" pin="1"/><net_sink comp="2429" pin=0"/></net>

<net id="2433"><net_src comp="2429" pin="1"/><net_sink comp="1344" pin=12"/></net>

<net id="2434"><net_src comp="2429" pin="1"/><net_sink comp="1370" pin=11"/></net>

<net id="2438"><net_src comp="1022" pin="1"/><net_sink comp="2435" pin=0"/></net>

<net id="2439"><net_src comp="2435" pin="1"/><net_sink comp="1370" pin=12"/></net>

<net id="2440"><net_src comp="2435" pin="1"/><net_sink comp="1396" pin=11"/></net>

<net id="2444"><net_src comp="1026" pin="1"/><net_sink comp="2441" pin=0"/></net>

<net id="2445"><net_src comp="2441" pin="1"/><net_sink comp="1396" pin=12"/></net>

<net id="2446"><net_src comp="2441" pin="1"/><net_sink comp="1422" pin=11"/></net>

<net id="2450"><net_src comp="1030" pin="1"/><net_sink comp="2447" pin=0"/></net>

<net id="2451"><net_src comp="2447" pin="1"/><net_sink comp="1422" pin=12"/></net>

<net id="2452"><net_src comp="2447" pin="1"/><net_sink comp="1448" pin=11"/></net>

<net id="2456"><net_src comp="1034" pin="1"/><net_sink comp="2453" pin=0"/></net>

<net id="2457"><net_src comp="2453" pin="1"/><net_sink comp="1448" pin=12"/></net>

<net id="2458"><net_src comp="2453" pin="1"/><net_sink comp="1474" pin=11"/></net>

<net id="2462"><net_src comp="1038" pin="1"/><net_sink comp="2459" pin=0"/></net>

<net id="2463"><net_src comp="2459" pin="1"/><net_sink comp="1474" pin=12"/></net>

<net id="2464"><net_src comp="2459" pin="1"/><net_sink comp="1500" pin=11"/></net>

<net id="2468"><net_src comp="1042" pin="1"/><net_sink comp="2465" pin=0"/></net>

<net id="2469"><net_src comp="2465" pin="1"/><net_sink comp="1500" pin=12"/></net>

<net id="2470"><net_src comp="2465" pin="1"/><net_sink comp="1516" pin=5"/></net>

</net_list>

</model> 
---------------- Datapath Model END ------------------

* FSMD analyzer results:
  - Output states:
	Port: arg0_axis_in_V_data_V | {}
	Port: arg0_axis_in_V_keep_V | {}
	Port: arg0_axis_in_V_strb_V | {}
	Port: arg0_axis_in_V_last_V | {}
	Port: arg1_axis_out_V_data_V | {31 32 }
	Port: arg1_axis_out_V_keep_V | {31 32 }
	Port: arg1_axis_out_V_strb_V | {31 32 }
	Port: arg1_axis_out_V_last_V | {31 32 }
 - Input state : 
	Port: kernel_outerloop_0_dataflow_region : p_read | {1 }
	Port: kernel_outerloop_0_dataflow_region : p_read1 | {1 }
	Port: kernel_outerloop_0_dataflow_region : p_read2 | {1 }
	Port: kernel_outerloop_0_dataflow_region : p_read3 | {1 }
	Port: kernel_outerloop_0_dataflow_region : p_read4 | {1 }
	Port: kernel_outerloop_0_dataflow_region : p_read5 | {1 }
	Port: kernel_outerloop_0_dataflow_region : p_read6 | {1 }
	Port: kernel_outerloop_0_dataflow_region : p_read7 | {1 }
	Port: kernel_outerloop_0_dataflow_region : p_read8 | {1 }
	Port: kernel_outerloop_0_dataflow_region : p_read9 | {1 }
	Port: kernel_outerloop_0_dataflow_region : total_bytes | {1 }
	Port: kernel_outerloop_0_dataflow_region : arg0_axis_in_V_data_V | {1 2 }
	Port: kernel_outerloop_0_dataflow_region : arg0_axis_in_V_keep_V | {1 2 }
	Port: kernel_outerloop_0_dataflow_region : arg0_axis_in_V_strb_V | {1 2 }
	Port: kernel_outerloop_0_dataflow_region : arg0_axis_in_V_last_V | {1 2 }
	Port: kernel_outerloop_0_dataflow_region : arg1_axis_out_V_data_V | {}
	Port: kernel_outerloop_0_dataflow_region : arg1_axis_out_V_keep_V | {}
	Port: kernel_outerloop_0_dataflow_region : arg1_axis_out_V_strb_V | {}
	Port: kernel_outerloop_0_dataflow_region : arg1_axis_out_V_last_V | {}
  - Chain level:
	State 1
		call_ln0 : 1
		call_ln45 : 1
	State 2
	State 3
	State 4
	State 5
	State 6
	State 7
	State 8
	State 9
	State 10
	State 11
	State 12
	State 13
	State 14
	State 15
	State 16
	State 17
	State 18
	State 19
	State 20
	State 21
	State 22
	State 23
	State 24
	State 25
	State 26
	State 27
	State 28
	State 29
	State 30
	State 31
	State 32


============================================================
+ Verbose Summary: Datapath Resource usage 
============================================================

* Functional unit list:
|----------|-------------------------------------|---------|---------|---------|---------|---------|---------|
| Operation|           Functional Unit           |   BRAM  |   DSP   |  Delay  |    FF   |   LUT   |   URAM  |
|----------|-------------------------------------|---------|---------|---------|---------|---------|---------|
|          |     call_ln0_entry_proc_fu_1112     |    0    |    0    |    0    |    0    |    0    |    0    |
|          | grp_axis2stream_256u_256u_s_fu_1146 |    0    |    0    |    0    |   310   |    72   |    0    |
|          |   grp_joint_PE_outerloop_0_fu_1162  |    16   |    78   |  52.39  |  11691  |   5366  |    16   |
|          |  grp_joint_PE_outerloop_0_1_fu_1188 |    16   |    78   |  52.39  |  11691  |   5366  |    16   |
|          |  grp_joint_PE_outerloop_0_2_fu_1214 |    16   |    78   |  52.39  |  11691  |   5366  |    16   |
|          |  grp_joint_PE_outerloop_0_3_fu_1240 |    16   |    78   |  52.39  |  11691  |   5366  |    16   |
|          |  grp_joint_PE_outerloop_0_4_fu_1266 |    16   |    78   |  52.39  |  11691  |   5366  |    16   |
|          |  grp_joint_PE_outerloop_0_5_fu_1292 |    16   |    78   |  52.39  |  11691  |   5366  |    16   |
|   call   |  grp_joint_PE_outerloop_0_6_fu_1318 |    16   |    78   |  52.39  |  11691  |   5366  |    16   |
|          |  grp_joint_PE_outerloop_0_7_fu_1344 |    16   |    78   |  52.39  |  11691  |   5366  |    16   |
|          |  grp_joint_PE_outerloop_0_8_fu_1370 |    16   |    78   |  52.39  |  11691  |   5366  |    16   |
|          |  grp_joint_PE_outerloop_0_9_fu_1396 |    16   |    78   |  52.39  |  11691  |   5366  |    16   |
|          | grp_joint_PE_outerloop_0_10_fu_1422 |    16   |    78   |  52.39  |  11691  |   5366  |    16   |
|          | grp_joint_PE_outerloop_0_11_fu_1448 |    16   |    78   |  52.39  |  11691  |   5366  |    16   |
|          | grp_joint_PE_outerloop_0_12_fu_1474 |    16   |    78   |  52.39  |  11691  |   5366  |    16   |
|          | grp_joint_PE_outerloop_0_13_fu_1500 |    16   |    78   |  52.39  |  11691  |   5366  |    16   |
|          | grp_stream2axis_256u_256u_s_fu_1516 |    0    |    0    |    0    |    54   |    72   |    0    |
|----------|-------------------------------------|---------|---------|---------|---------|---------|---------|
|          |    total_bytes_read_read_fu_1046    |    0    |    0    |    0    |    0    |    0    |    0    |
|          |        p_read_15_read_fu_1052       |    0    |    0    |    0    |    0    |    0    |    0    |
|          |        p_read_16_read_fu_1058       |    0    |    0    |    0    |    0    |    0    |    0    |
|          |        p_read_17_read_fu_1064       |    0    |    0    |    0    |    0    |    0    |    0    |
|          |        p_read616_read_fu_1070       |    0    |    0    |    0    |    0    |    0    |    0    |
|   read   |        p_read515_read_fu_1076       |    0    |    0    |    0    |    0    |    0    |    0    |
|          |        p_read414_read_fu_1082       |    0    |    0    |    0    |    0    |    0    |    0    |
|          |        p_read313_read_fu_1088       |    0    |    0    |    0    |    0    |    0    |    0    |
|          |        p_read212_read_fu_1094       |    0    |    0    |    0    |    0    |    0    |    0    |
|          |        p_read111_read_fu_1100       |    0    |    0    |    0    |    0    |    0    |    0    |
|          |        p_read_18_read_fu_1106       |    0    |    0    |    0    |    0    |    0    |    0    |
|----------|-------------------------------------|---------|---------|---------|---------|---------|---------|
|   Total  |                                     |   224   |   1092  |  733.46 |  164038 |  75268  |   224   |
|----------|-------------------------------------|---------|---------|---------|---------|---------|---------|

Memories:
N/A

* Register list:
+--------------------------------------------+--------+
|                                            |   FF   |
+--------------------------------------------+--------+
|        arg0_arg1_streams_0_reg_2381        |   256  |
|        arg0_arg1_streams_10_reg_2441       |   256  |
|        arg0_arg1_streams_11_reg_2447       |   256  |
|        arg0_arg1_streams_12_reg_2453       |   256  |
|        arg0_arg1_streams_13_reg_2459       |   256  |
|        arg0_arg1_streams_14_reg_2465       |   256  |
|        arg0_arg1_streams_1_reg_2387        |   256  |
|        arg0_arg1_streams_2_reg_2393        |   256  |
|        arg0_arg1_streams_3_reg_2399        |   256  |
|        arg0_arg1_streams_4_reg_2405        |   256  |
|        arg0_arg1_streams_5_reg_2411        |   256  |
|        arg0_arg1_streams_6_reg_2417        |   256  |
|        arg0_arg1_streams_7_reg_2423        |   256  |
|        arg0_arg1_streams_8_reg_2429        |   256  |
|        arg0_arg1_streams_9_reg_2435        |   256  |
|   stencilConfig_grid_size_0_c35_reg_2369   |   16   |
|   stencilConfig_grid_size_0_c36_reg_2363   |   16   |
|   stencilConfig_grid_size_0_c37_reg_2357   |   16   |
|   stencilConfig_grid_size_0_c38_reg_2351   |   16   |
|   stencilConfig_grid_size_0_c39_reg_2345   |   16   |
|   stencilConfig_grid_size_0_c40_reg_2339   |   16   |
|   stencilConfig_grid_size_0_c41_reg_2333   |   16   |
|   stencilConfig_grid_size_0_c42_reg_2327   |   16   |
|   stencilConfig_grid_size_0_c43_reg_2321   |   16   |
|   stencilConfig_grid_size_0_c44_reg_2315   |   16   |
|   stencilConfig_grid_size_0_c45_reg_2309   |   16   |
|   stencilConfig_grid_size_0_c46_reg_2303   |   16   |
|   stencilConfig_grid_size_0_c47_reg_2297   |   16   |
|    stencilConfig_grid_size_0_c_reg_2375    |   16   |
|   stencilConfig_grid_size_1_c48_reg_2285   |   16   |
|   stencilConfig_grid_size_1_c49_reg_2279   |   16   |
|   stencilConfig_grid_size_1_c50_reg_2273   |   16   |
|   stencilConfig_grid_size_1_c51_reg_2267   |   16   |
|   stencilConfig_grid_size_1_c52_reg_2261   |   16   |
|   stencilConfig_grid_size_1_c53_reg_2255   |   16   |
|   stencilConfig_grid_size_1_c54_reg_2249   |   16   |
|   stencilConfig_grid_size_1_c55_reg_2243   |   16   |
|   stencilConfig_grid_size_1_c56_reg_2237   |   16   |
|   stencilConfig_grid_size_1_c57_reg_2231   |   16   |
|   stencilConfig_grid_size_1_c58_reg_2225   |   16   |
|   stencilConfig_grid_size_1_c59_reg_2219   |   16   |
|   stencilConfig_grid_size_1_c60_reg_2213   |   16   |
|    stencilConfig_grid_size_1_c_reg_2291    |   16   |
|   stencilConfig_grid_size_2_c61_reg_2201   |   16   |
|   stencilConfig_grid_size_2_c62_reg_2195   |   16   |
|   stencilConfig_grid_size_2_c63_reg_2189   |   16   |
|   stencilConfig_grid_size_2_c64_reg_2183   |   16   |
|   stencilConfig_grid_size_2_c65_reg_2177   |   16   |
|   stencilConfig_grid_size_2_c66_reg_2171   |   16   |
|   stencilConfig_grid_size_2_c67_reg_2165   |   16   |
|   stencilConfig_grid_size_2_c68_reg_2159   |   16   |
|   stencilConfig_grid_size_2_c69_reg_2153   |   16   |
|   stencilConfig_grid_size_2_c70_reg_2147   |   16   |
|   stencilConfig_grid_size_2_c71_reg_2141   |   16   |
|   stencilConfig_grid_size_2_c72_reg_2135   |   16   |
|   stencilConfig_grid_size_2_c73_reg_2129   |   16   |
|    stencilConfig_grid_size_2_c_reg_2207    |   16   |
|  stencilConfig_lower_limit_0_c74_reg_2117  |   16   |
|  stencilConfig_lower_limit_0_c75_reg_2111  |   16   |
|  stencilConfig_lower_limit_0_c76_reg_2105  |   16   |
|  stencilConfig_lower_limit_0_c77_reg_2099  |   16   |
|  stencilConfig_lower_limit_0_c78_reg_2093  |   16   |
|  stencilConfig_lower_limit_0_c79_reg_2087  |   16   |
|  stencilConfig_lower_limit_0_c80_reg_2081  |   16   |
|  stencilConfig_lower_limit_0_c81_reg_2075  |   16   |
|  stencilConfig_lower_limit_0_c82_reg_2069  |   16   |
|  stencilConfig_lower_limit_0_c83_reg_2063  |   16   |
|  stencilConfig_lower_limit_0_c84_reg_2057  |   16   |
|  stencilConfig_lower_limit_0_c85_reg_2051  |   16   |
|  stencilConfig_lower_limit_0_c86_reg_2045  |   16   |
|   stencilConfig_lower_limit_0_c_reg_2123   |   16   |
|  stencilConfig_lower_limit_1_c87_reg_2033  |   16   |
|  stencilConfig_lower_limit_1_c88_reg_2027  |   16   |
|  stencilConfig_lower_limit_1_c89_reg_2021  |   16   |
|  stencilConfig_lower_limit_1_c90_reg_2015  |   16   |
|  stencilConfig_lower_limit_1_c91_reg_2009  |   16   |
|  stencilConfig_lower_limit_1_c92_reg_2003  |   16   |
|  stencilConfig_lower_limit_1_c93_reg_1997  |   16   |
|  stencilConfig_lower_limit_1_c94_reg_1991  |   16   |
|  stencilConfig_lower_limit_1_c95_reg_1985  |   16   |
|  stencilConfig_lower_limit_1_c96_reg_1979  |   16   |
|  stencilConfig_lower_limit_1_c97_reg_1973  |   16   |
|  stencilConfig_lower_limit_1_c98_reg_1967  |   16   |
|  stencilConfig_lower_limit_1_c99_reg_1961  |   16   |
|   stencilConfig_lower_limit_1_c_reg_2039   |   16   |
|  stencilConfig_lower_limit_2_c100_reg_1949 |   16   |
|  stencilConfig_lower_limit_2_c101_reg_1943 |   16   |
|  stencilConfig_lower_limit_2_c102_reg_1937 |   16   |
|  stencilConfig_lower_limit_2_c103_reg_1931 |   16   |
|  stencilConfig_lower_limit_2_c104_reg_1925 |   16   |
|  stencilConfig_lower_limit_2_c105_reg_1919 |   16   |
|  stencilConfig_lower_limit_2_c106_reg_1913 |   16   |
|  stencilConfig_lower_limit_2_c107_reg_1907 |   16   |
|  stencilConfig_lower_limit_2_c108_reg_1901 |   16   |
|  stencilConfig_lower_limit_2_c109_reg_1895 |   16   |
|  stencilConfig_lower_limit_2_c110_reg_1889 |   16   |
|  stencilConfig_lower_limit_2_c111_reg_1883 |   16   |
|  stencilConfig_lower_limit_2_c112_reg_1877 |   16   |
|   stencilConfig_lower_limit_2_c_reg_1955   |   16   |
|stencilConfig_outer_loop_limit_c152_reg_1613|   16   |
|stencilConfig_outer_loop_limit_c153_reg_1607|   16   |
|stencilConfig_outer_loop_limit_c154_reg_1601|   16   |
|stencilConfig_outer_loop_limit_c155_reg_1595|   16   |
|stencilConfig_outer_loop_limit_c156_reg_1589|   16   |
|stencilConfig_outer_loop_limit_c157_reg_1583|   16   |
|stencilConfig_outer_loop_limit_c158_reg_1577|   16   |
|stencilConfig_outer_loop_limit_c159_reg_1571|   16   |
|stencilConfig_outer_loop_limit_c160_reg_1565|   16   |
|stencilConfig_outer_loop_limit_c161_reg_1559|   16   |
|stencilConfig_outer_loop_limit_c162_reg_1553|   16   |
|stencilConfig_outer_loop_limit_c163_reg_1547|   16   |
|stencilConfig_outer_loop_limit_c164_reg_1541|   16   |
|  stencilConfig_outer_loop_limit_c_reg_1619 |   16   |
|  stencilConfig_upper_limit_0_c113_reg_1865 |   16   |
|  stencilConfig_upper_limit_0_c114_reg_1859 |   16   |
|  stencilConfig_upper_limit_0_c115_reg_1853 |   16   |
|  stencilConfig_upper_limit_0_c116_reg_1847 |   16   |
|  stencilConfig_upper_limit_0_c117_reg_1841 |   16   |
|  stencilConfig_upper_limit_0_c118_reg_1835 |   16   |
|  stencilConfig_upper_limit_0_c119_reg_1829 |   16   |
|  stencilConfig_upper_limit_0_c120_reg_1823 |   16   |
|  stencilConfig_upper_limit_0_c121_reg_1817 |   16   |
|  stencilConfig_upper_limit_0_c122_reg_1811 |   16   |
|  stencilConfig_upper_limit_0_c123_reg_1805 |   16   |
|  stencilConfig_upper_limit_0_c124_reg_1799 |   16   |
|  stencilConfig_upper_limit_0_c125_reg_1793 |   16   |
|   stencilConfig_upper_limit_0_c_reg_1871   |   16   |
|  stencilConfig_upper_limit_1_c126_reg_1781 |   16   |
|  stencilConfig_upper_limit_1_c127_reg_1775 |   16   |
|  stencilConfig_upper_limit_1_c128_reg_1769 |   16   |
|  stencilConfig_upper_limit_1_c129_reg_1763 |   16   |
|  stencilConfig_upper_limit_1_c130_reg_1757 |   16   |
|  stencilConfig_upper_limit_1_c131_reg_1751 |   16   |
|  stencilConfig_upper_limit_1_c132_reg_1745 |   16   |
|  stencilConfig_upper_limit_1_c133_reg_1739 |   16   |
|  stencilConfig_upper_limit_1_c134_reg_1733 |   16   |
|  stencilConfig_upper_limit_1_c135_reg_1727 |   16   |
|  stencilConfig_upper_limit_1_c136_reg_1721 |   16   |
|  stencilConfig_upper_limit_1_c137_reg_1715 |   16   |
|  stencilConfig_upper_limit_1_c138_reg_1709 |   16   |
|   stencilConfig_upper_limit_1_c_reg_1787   |   16   |
|  stencilConfig_upper_limit_2_c139_reg_1697 |   16   |
|  stencilConfig_upper_limit_2_c140_reg_1691 |   16   |
|  stencilConfig_upper_limit_2_c141_reg_1685 |   16   |
|  stencilConfig_upper_limit_2_c142_reg_1679 |   16   |
|  stencilConfig_upper_limit_2_c143_reg_1673 |   16   |
|  stencilConfig_upper_limit_2_c144_reg_1667 |   16   |
|  stencilConfig_upper_limit_2_c145_reg_1661 |   16   |
|  stencilConfig_upper_limit_2_c146_reg_1655 |   16   |
|  stencilConfig_upper_limit_2_c147_reg_1649 |   16   |
|  stencilConfig_upper_limit_2_c148_reg_1643 |   16   |
|  stencilConfig_upper_limit_2_c149_reg_1637 |   16   |
|  stencilConfig_upper_limit_2_c150_reg_1631 |   16   |
|  stencilConfig_upper_limit_2_c151_reg_1625 |   16   |
|   stencilConfig_upper_limit_2_c_reg_1703   |   16   |
|           total_bytes_c_reg_1535           |   32   |
|          total_bytes_read_reg_1530         |   32   |
+--------------------------------------------+--------+
|                    Total                   |  6144  |
+--------------------------------------------+--------+

* Multiplexer (MUX) list: 
|-------------------------------------|------|------|------|--------||---------||---------|
|                 Comp                |  Pin | Size |  BW  | S x BW ||  Delay  ||   LUT   |
|-------------------------------------|------|------|------|--------||---------||---------|
| grp_axis2stream_256u_256u_s_fu_1146 |  p6  |   2  |  32  |   64   ||    32   |
|-------------------------------------|------|------|------|--------||---------||---------|
|                Total                |      |      |      |   64   ||  0.468  ||    32   |
|-------------------------------------|------|------|------|--------||---------||---------|



* Summary:
+-----------+--------+--------+--------+--------+--------+--------+
|           |  BRAM  |   DSP  |  Delay |   FF   |   LUT  |  URAM  |
+-----------+--------+--------+--------+--------+--------+--------+
|  Function |   224  |  1092  |   733  | 164038 |  75268 |   224  |
|   Memory  |    -   |    -   |    -   |    -   |    -   |    -   |
|Multiplexer|    -   |    -   |    0   |    -   |   32   |    -   |
|  Register |    -   |    -   |    -   |  6144  |    -   |    -   |
+-----------+--------+--------+--------+--------+--------+--------+
|   Total   |   224  |  1092  |   733  | 170182 |  75300 |   224  |
+-----------+--------+--------+--------+--------+--------+--------+
