

================================================================
== Vitis HLS Report for 'stencilRun_Pipeline_VITIS_LOOP_194_1'
================================================================
* Date:           Sun Jul 26 01:25:58 2026

* Version:        2022.1 (Build 3526262 on Mon Apr 18 15:47:01 MDT 2022)
* Project:        kernel_outerloop_0
* Solution:       solution (Vitis Kernel Flow Target)
* Product family: versal
* Target device:  xcvc1902-vsvd1760-2MP-e-S


================================================================
== Performance Estimates
================================================================
+ Timing: 
    * Summary: 
    +--------+---------+----------+------------+
    |  Clock |  Target | Estimated| Uncertainty|
    +--------+---------+----------+------------+
    |ap_clk  |  3.33 ns|  2.301 ns|     0.90 ns|
    +--------+---------+----------+------------+

+ Latency: 
    * Summary: 
    +---------+---------+----------+----------+-----+-----+---------+
    |  Latency (cycles) |  Latency (absolute) |  Interval | Pipeline|
    |   min   |   max   |    min   |    max   | min | max |   Type  |
    +---------+---------+----------+----------+-----+-----+---------+
    |        ?|        ?|         ?|         ?|    ?|    ?|       no|
    +---------+---------+----------+----------+-----+-----+---------+

    + Detail: 
        * Instance: 
        +---------------------------------------------+----------------------------------+---------+---------+-----------+-----------+-----+-----+---------+
        |                                             |                                  |  Latency (cycles) |   Latency (absolute)  |  Interval | Pipeline|
        |                   Instance                  |              Module              |   min   |   max   |    min    |    max    | min | max |   Type  |
        +---------------------------------------------+----------------------------------+---------+---------+-----------+-----------+-----+-----+---------+
        |grp_kernel_jac3D_kernel_stencil_core_fu_509  |kernel_jac3D_kernel_stencil_core  |        9|        9|  29.997 ns|  29.997 ns|    1|    1|      yes|
        |grp_kernel_jac3D_kernel_stencil_core_fu_521  |kernel_jac3D_kernel_stencil_core  |        9|        9|  29.997 ns|  29.997 ns|    1|    1|      yes|
        |grp_kernel_jac3D_kernel_stencil_core_fu_533  |kernel_jac3D_kernel_stencil_core  |        9|        9|  29.997 ns|  29.997 ns|    1|    1|      yes|
        |grp_kernel_jac3D_kernel_stencil_core_fu_545  |kernel_jac3D_kernel_stencil_core  |        9|        9|  29.997 ns|  29.997 ns|    1|    1|      yes|
        |grp_kernel_jac3D_kernel_stencil_core_fu_557  |kernel_jac3D_kernel_stencil_core  |        9|        9|  29.997 ns|  29.997 ns|    1|    1|      yes|
        |grp_kernel_jac3D_kernel_stencil_core_fu_569  |kernel_jac3D_kernel_stencil_core  |        9|        9|  29.997 ns|  29.997 ns|    1|    1|      yes|
        |grp_kernel_jac3D_kernel_stencil_core_fu_580  |kernel_jac3D_kernel_stencil_core  |        9|        9|  29.997 ns|  29.997 ns|    1|    1|      yes|
        |grp_kernel_jac3D_kernel_stencil_core_fu_591  |kernel_jac3D_kernel_stencil_core  |        9|        9|  29.997 ns|  29.997 ns|    1|    1|      yes|
        +---------------------------------------------+----------------------------------+---------+---------+-----------+-----------+-----+-----+---------+

        * Loop: 
        +--------------------+---------+---------+----------+-----------+-----------+------+----------+
        |                    |  Latency (cycles) | Iteration|  Initiation Interval  | Trip |          |
        |      Loop Name     |   min   |   max   |  Latency |  achieved |   target  | Count| Pipelined|
        +--------------------+---------+---------+----------+-----------+-----------+------+----------+
        |- VITIS_LOOP_194_1  |        ?|        ?|        20|          1|          1|     ?|       yes|
        +--------------------+---------+---------+----------+-----------+-----------+------+----------+



================================================================
== Utilization Estimates
================================================================
* Summary: 
+-----------------+---------+------+---------+--------+-----+
|       Name      | BRAM_18K|  DSP |    FF   |   LUT  | URAM|
+-----------------+---------+------+---------+--------+-----+
|DSP              |        -|     -|        -|       -|    -|
|Expression       |        -|     -|        0|    2116|    -|
|FIFO             |        -|     -|        -|       -|    -|
|Instance         |        -|    72|     4424|     288|    -|
|Memory           |        -|     -|        -|       -|    -|
|Multiplexer      |        -|     -|        -|    1682|    -|
|Register         |        -|     -|    10382|       0|    -|
+-----------------+---------+------+---------+--------+-----+
|Total            |        0|    72|    14806|    4086|    0|
+-----------------+---------+------+---------+--------+-----+
|Available        |     1934|  1968|  1799680|  899840|  463|
+-----------------+---------+------+---------+--------+-----+
|Utilization (%)  |        0|     3|       ~0|      ~0|    0|
+-----------------+---------+------+---------+--------+-----+

+ Detail: 
    * Instance: 
    +---------------------------------------------+----------------------------------+---------+----+-----+----+-----+
    |                   Instance                  |              Module              | BRAM_18K| DSP|  FF | LUT| URAM|
    +---------------------------------------------+----------------------------------+---------+----+-----+----+-----+
    |grp_kernel_jac3D_kernel_stencil_core_fu_509  |kernel_jac3D_kernel_stencil_core  |        0|   9|  553|  36|    0|
    |grp_kernel_jac3D_kernel_stencil_core_fu_521  |kernel_jac3D_kernel_stencil_core  |        0|   9|  553|  36|    0|
    |grp_kernel_jac3D_kernel_stencil_core_fu_533  |kernel_jac3D_kernel_stencil_core  |        0|   9|  553|  36|    0|
    |grp_kernel_jac3D_kernel_stencil_core_fu_545  |kernel_jac3D_kernel_stencil_core  |        0|   9|  553|  36|    0|
    |grp_kernel_jac3D_kernel_stencil_core_fu_557  |kernel_jac3D_kernel_stencil_core  |        0|   9|  553|  36|    0|
    |grp_kernel_jac3D_kernel_stencil_core_fu_569  |kernel_jac3D_kernel_stencil_core  |        0|   9|  553|  36|    0|
    |grp_kernel_jac3D_kernel_stencil_core_fu_580  |kernel_jac3D_kernel_stencil_core  |        0|   9|  553|  36|    0|
    |grp_kernel_jac3D_kernel_stencil_core_fu_591  |kernel_jac3D_kernel_stencil_core  |        0|   9|  553|  36|    0|
    +---------------------------------------------+----------------------------------+---------+----+-----+----+-----+
    |Total                                        |                                  |        0|  72| 4424| 288|    0|
    +---------------------------------------------+----------------------------------+---------+----+-----+----+-----+

    * DSP: 
    N/A

    * Memory: 
    N/A

    * FIFO: 
    N/A

    * Expression: 
    +---------------------------------------------------------+----------+----+---+-----+------------+------------+
    |                      Variable Name                      | Operation| DSP| FF| LUT | Bitwidth P0| Bitwidth P1|
    +---------------------------------------------------------+----------+----+---+-----+------------+------------+
    |S3D_7PT_buf_p0_1_rd_1_fu_1875_p2                         |         +|   0|  0|   16|          16|           1|
    |S3D_7PT_buf_p0_1_wr_1_fu_1681_p2                         |         +|   0|  0|   16|          16|           1|
    |S3D_7PT_buf_p1_2_rd_1_fu_836_p2                          |         +|   0|  0|   16|          16|           1|
    |S3D_7PT_buf_p1_2_wr_1_fu_781_p2                          |         +|   0|  0|   16|          16|           1|
    |S3D_7PT_buf_r0_1_p1_rd_1_fu_1282_p2                      |         +|   0|  0|   16|          16|           1|
    |S3D_7PT_buf_r0_1_p1_wr_1_fu_1110_p2                      |         +|   0|  0|   16|          16|           1|
    |S3D_7PT_buf_r1_2_p1_rd_1_fu_1139_p2                      |         +|   0|  0|   16|          16|           1|
    |S3D_7PT_buf_r1_2_p1_wr_1_fu_966_p2                       |         +|   0|  0|   16|          16|           1|
    |add_ln237_fu_1214_p2                                     |         +|   0|  0|   16|          16|           1|
    |add_ln241_fu_1627_p2                                     |         +|   0|  0|   16|          16|           1|
    |i_1_fu_1182_p2                                           |         +|   0|  0|   16|          16|           1|
    |itr_fu_734_p2                                            |         +|   0|  0|   32|          32|           1|
    |ap_block_state20_pp0_stage0_iter19                       |       and|   0|  0|    2|           1|           1|
    |ap_block_state2_pp0_stage0_iter1                         |       and|   0|  0|    2|           1|           1|
    |ap_condition_2454                                        |       and|   0|  0|    2|           1|           1|
    |ap_condition_2485                                        |       and|   0|  0|    2|           1|           1|
    |ap_condition_2516                                        |       and|   0|  0|    2|           1|           1|
    |ap_condition_3721                                        |       and|   0|  0|    2|           1|           1|
    |ap_predicate_op101_read_state2                           |       and|   0|  0|    2|           1|           1|
    |ap_predicate_op440_call_state10                          |       and|   0|  0|    2|           1|           1|
    |ap_predicate_op441_call_state10                          |       and|   0|  0|    2|           1|           1|
    |ap_predicate_op442_call_state10                          |       and|   0|  0|    2|           1|           1|
    |ap_predicate_op443_call_state10                          |       and|   0|  0|    2|           1|           1|
    |ap_predicate_op444_call_state10                          |       and|   0|  0|    2|           1|           1|
    |ap_predicate_op445_call_state10                          |       and|   0|  0|    2|           1|           1|
    |ap_predicate_op446_call_state10                          |       and|   0|  0|    2|           1|           1|
    |ap_predicate_op447_call_state10                          |       and|   0|  0|    2|           1|           1|
    |S3D_7PT_read_cond_fu_746_p2                              |      icmp|   0|  0|   16|          32|          32|
    |addr_cmp162_fu_1076_p2                                   |      icmp|   0|  0|   32|          64|          64|
    |addr_cmp168_fu_1246_p2                                   |      icmp|   0|  0|   32|          64|          64|
    |addr_cmp174_fu_1845_p2                                   |      icmp|   0|  0|   32|          64|          64|
    |addr_cmp_fu_810_p2                                       |      icmp|   0|  0|   32|          64|          64|
    |cmp387_fu_1406_p2                                        |      icmp|   0|  0|    8|          17|          17|
    |cmp399_fu_1773_p2                                        |      icmp|   0|  0|    8|          17|          17|
    |cond_x_terminate_fu_1172_p2                              |      icmp|   0|  0|    8|          16|          16|
    |cond_y_terminate_fu_1177_p2                              |      icmp|   0|  0|    8|          16|          16|
    |icmp_ln194_fu_740_p2                                     |      icmp|   0|  0|   16|          32|          32|
    |icmp_ln238_fu_1598_p2                                    |      icmp|   0|  0|    8|          16|          16|
    |icmp_ln267_fu_1864_p2                                    |      icmp|   0|  0|    8|          16|          16|
    |icmp_ln268_fu_1670_p2                                    |      icmp|   0|  0|    8|          16|          16|
    |icmp_ln279_fu_1271_p2                                    |      icmp|   0|  0|    8|          17|          17|
    |icmp_ln280_fu_1099_p2                                    |      icmp|   0|  0|    8|          17|          17|
    |icmp_ln291_fu_1128_p2                                    |      icmp|   0|  0|    8|          17|          17|
    |icmp_ln292_fu_955_p2                                     |      icmp|   0|  0|    8|          17|          17|
    |icmp_ln303_fu_825_p2                                     |      icmp|   0|  0|    8|          16|          16|
    |icmp_ln304_fu_770_p2                                     |      icmp|   0|  0|    8|          16|          16|
    |icmp_ln394_1_fu_1440_p2                                  |      icmp|   0|  0|    8|          17|          17|
    |icmp_ln394_2_fu_1460_p2                                  |      icmp|   0|  0|    8|          17|          17|
    |icmp_ln394_3_fu_1480_p2                                  |      icmp|   0|  0|    8|          17|          17|
    |icmp_ln394_4_fu_1500_p2                                  |      icmp|   0|  0|    8|          17|          17|
    |icmp_ln394_5_fu_1520_p2                                  |      icmp|   0|  0|    8|          17|          17|
    |icmp_ln394_6_fu_1540_p2                                  |      icmp|   0|  0|    8|          17|          17|
    |icmp_ln394_7_fu_1560_p2                                  |      icmp|   0|  0|    8|          17|          17|
    |icmp_ln394_fu_1420_p2                                    |      icmp|   0|  0|    8|          17|          17|
    |icmp_ln395_1_fu_1445_p2                                  |      icmp|   0|  0|    8|          17|          17|
    |icmp_ln395_2_fu_1465_p2                                  |      icmp|   0|  0|    8|          17|          17|
    |icmp_ln395_3_fu_1485_p2                                  |      icmp|   0|  0|    8|          17|          17|
    |icmp_ln395_4_fu_1505_p2                                  |      icmp|   0|  0|    8|          17|          17|
    |icmp_ln395_5_fu_1525_p2                                  |      icmp|   0|  0|    8|          17|          17|
    |icmp_ln395_6_fu_1545_p2                                  |      icmp|   0|  0|    8|          17|          17|
    |icmp_ln395_7_fu_1565_p2                                  |      icmp|   0|  0|    8|          17|          17|
    |icmp_ln395_fu_1425_p2                                    |      icmp|   0|  0|    8|          17|          17|
    |icmp_ln399_1_fu_1783_p2                                  |      icmp|   0|  0|    8|          17|          17|
    |icmp_ln399_2_fu_1788_p2                                  |      icmp|   0|  0|    8|          17|          17|
    |icmp_ln399_3_fu_1793_p2                                  |      icmp|   0|  0|    8|          17|          17|
    |icmp_ln399_4_fu_1798_p2                                  |      icmp|   0|  0|    8|          17|          17|
    |icmp_ln399_5_fu_1803_p2                                  |      icmp|   0|  0|    8|          17|          17|
    |icmp_ln399_6_fu_1808_p2                                  |      icmp|   0|  0|    8|          17|          17|
    |icmp_ln399_7_fu_1813_p2                                  |      icmp|   0|  0|    8|          17|          17|
    |icmp_ln399_fu_1778_p2                                    |      icmp|   0|  0|    8|          17|          17|
    |slt144_fu_1411_p2                                        |      icmp|   0|  0|    8|          17|          17|
    |ap_block_pp0_stage0_01001                                |        or|   0|  0|    2|           1|           1|
    |ap_condition_2296                                        |        or|   0|  0|    2|           1|           1|
    |ap_condition_2330                                        |        or|   0|  0|    2|           1|           1|
    |ap_condition_2360                                        |        or|   0|  0|    2|           1|           1|
    |ap_condition_2390                                        |        or|   0|  0|    2|           1|           1|
    |ap_condition_2420                                        |        or|   0|  0|    2|           1|           1|
    |index_1_fu_1430_p2                                       |        or|   0|  0|   12|          16|           1|
    |index_2_fu_1450_p2                                       |        or|   0|  0|   12|          16|           2|
    |index_3_fu_1470_p2                                       |        or|   0|  0|   12|          16|           2|
    |index_4_fu_1490_p2                                       |        or|   0|  0|   12|          16|           3|
    |index_5_fu_1510_p2                                       |        or|   0|  0|   12|          16|           3|
    |index_6_fu_1530_p2                                       |        or|   0|  0|   12|          16|           3|
    |index_7_fu_1550_p2                                       |        or|   0|  0|   12|          16|           3|
    |neg_cond_1_fu_1958_p2                                    |        or|   0|  0|    2|           1|           1|
    |neg_cond_2_fu_1990_p2                                    |        or|   0|  0|    2|           1|           1|
    |neg_cond_3_fu_2022_p2                                    |        or|   0|  0|    2|           1|           1|
    |neg_cond_4_fu_2054_p2                                    |        or|   0|  0|    2|           1|           1|
    |neg_cond_5_fu_2086_p2                                    |        or|   0|  0|    2|           1|           1|
    |neg_cond_6_fu_2118_p2                                    |        or|   0|  0|    2|           1|           1|
    |neg_cond_7_fu_2150_p2                                    |        or|   0|  0|    2|           1|           1|
    |neg_cond_fu_1926_p2                                      |        or|   0|  0|    2|           1|           1|
    |or_ln234_fu_1208_p2                                      |        or|   0|  0|    2|           1|           1|
    |or_ln238_1_fu_1614_p2                                    |        or|   0|  0|    2|           1|           1|
    |or_ln238_fu_1603_p2                                      |        or|   0|  0|    2|           1|           1|
    |or_ln396_10_fu_1985_p2                                   |        or|   0|  0|    2|           1|           1|
    |or_ln396_12_fu_2006_p2                                   |        or|   0|  0|    2|           1|           1|
    |or_ln396_13_fu_2011_p2                                   |        or|   0|  0|    2|           1|           1|
    |or_ln396_14_fu_2017_p2                                   |        or|   0|  0|    2|           1|           1|
    |or_ln396_16_fu_2038_p2                                   |        or|   0|  0|    2|           1|           1|
    |or_ln396_17_fu_2043_p2                                   |        or|   0|  0|    2|           1|           1|
    |or_ln396_18_fu_2049_p2                                   |        or|   0|  0|    2|           1|           1|
    |or_ln396_1_fu_1915_p2                                    |        or|   0|  0|    2|           1|           1|
    |or_ln396_20_fu_2070_p2                                   |        or|   0|  0|    2|           1|           1|
    |or_ln396_21_fu_2075_p2                                   |        or|   0|  0|    2|           1|           1|
    |or_ln396_22_fu_2081_p2                                   |        or|   0|  0|    2|           1|           1|
    |or_ln396_24_fu_2102_p2                                   |        or|   0|  0|    2|           1|           1|
    |or_ln396_25_fu_2107_p2                                   |        or|   0|  0|    2|           1|           1|
    |or_ln396_26_fu_2113_p2                                   |        or|   0|  0|    2|           1|           1|
    |or_ln396_28_fu_2134_p2                                   |        or|   0|  0|    2|           1|           1|
    |or_ln396_29_fu_2139_p2                                   |        or|   0|  0|    2|           1|           1|
    |or_ln396_2_fu_1920_p2                                    |        or|   0|  0|    2|           1|           1|
    |or_ln396_30_fu_2145_p2                                   |        or|   0|  0|    2|           1|           1|
    |or_ln396_4_fu_1942_p2                                    |        or|   0|  0|    2|           1|           1|
    |or_ln396_5_fu_1947_p2                                    |        or|   0|  0|    2|           1|           1|
    |or_ln396_6_fu_1953_p2                                    |        or|   0|  0|    2|           1|           1|
    |or_ln396_8_fu_1974_p2                                    |        or|   0|  0|    2|           1|           1|
    |or_ln396_9_fu_1979_p2                                    |        or|   0|  0|    2|           1|           1|
    |or_ln396_fu_1910_p2                                      |        or|   0|  0|    2|           1|           1|
    |S3D_7PT_buf_p0_1_rd_2_fu_1881_p3                         |    select|   0|  0|   15|           1|           1|
    |S3D_7PT_buf_p0_1_wr_2_fu_1687_p3                         |    select|   0|  0|   15|           1|           1|
    |S3D_7PT_buf_p1_2_rd_2_fu_842_p3                          |    select|   0|  0|   15|           1|           1|
    |S3D_7PT_buf_p1_2_wr_2_fu_787_p3                          |    select|   0|  0|   15|           1|           1|
    |S3D_7PT_buf_r0_1_p1_rd_2_fu_1288_p3                      |    select|   0|  0|   15|           1|           1|
    |S3D_7PT_buf_r0_1_p1_wr_2_fu_1116_p3                      |    select|   0|  0|   15|           1|           1|
    |S3D_7PT_buf_r1_2_p1_rd_2_fu_1145_p3                      |    select|   0|  0|   15|           1|           1|
    |S3D_7PT_buf_r1_2_p1_wr_2_fu_972_p3                       |    select|   0|  0|   15|           1|           1|
    |i_2_fu_1188_p3                                           |    select|   0|  0|   15|           1|           1|
    |j_1_fu_1220_p3                                           |    select|   0|  0|   15|           1|          16|
    |j_2_fu_1228_p3                                           |    select|   0|  0|   15|           1|          16|
    |k_1_fu_1640_p3                                           |    select|   0|  0|   15|           1|          16|
    |select_ln238_fu_1619_p3                                  |    select|   0|  0|   15|           1|          16|
    |select_ln240_fu_1633_p3                                  |    select|   0|  0|   15|           1|          16|
    |t_1_fu_1659_p3                                           |    select|   0|  0|  245|           1|         256|
    |t_3_fu_940_p3                                            |    select|   0|  0|  245|           1|         256|
    |t_4_fu_1251_p3                                           |    select|   0|  0|  245|           1|         256|
    |t_fu_2161_p3                                             |    select|   0|  0|  245|           1|         256|
    |ap_enable_pp0                                            |       xor|   0|  0|    2|           1|           2|
    |cond_end_of_line_buff_S3D_7PT_buf_p0_1_rd_fu_1869_p2     |       xor|   0|  0|    2|           1|           2|
    |cond_end_of_line_buff_S3D_7PT_buf_p0_1_wr_fu_1675_p2     |       xor|   0|  0|    2|           1|           2|
    |cond_end_of_line_buff_S3D_7PT_buf_p1_2_rd_fu_830_p2      |       xor|   0|  0|    2|           1|           2|
    |cond_end_of_line_buff_S3D_7PT_buf_p1_2_wr_fu_775_p2      |       xor|   0|  0|    2|           1|           2|
    |cond_end_of_line_buff_S3D_7PT_buf_r0_1_p1_rd_fu_1276_p2  |       xor|   0|  0|    2|           1|           2|
    |cond_end_of_line_buff_S3D_7PT_buf_r0_1_p1_wr_fu_1104_p2  |       xor|   0|  0|    2|           1|           2|
    |cond_end_of_line_buff_S3D_7PT_buf_r1_2_p1_rd_fu_1133_p2  |       xor|   0|  0|    2|           1|           2|
    |cond_end_of_line_buff_S3D_7PT_buf_r1_2_p1_wr_fu_960_p2   |       xor|   0|  0|    2|           1|           2|
    |rev145_fu_1895_p2                                        |       xor|   0|  0|    2|           1|           2|
    |xor_ln234_1_fu_1202_p2                                   |       xor|   0|  0|    2|           1|           2|
    |xor_ln234_fu_1196_p2                                     |       xor|   0|  0|    2|           1|           2|
    |xor_ln238_fu_1608_p2                                     |       xor|   0|  0|    2|           1|           2|
    |xor_ln395_1_fu_1932_p2                                   |       xor|   0|  0|    2|           1|           2|
    |xor_ln395_2_fu_1964_p2                                   |       xor|   0|  0|    2|           1|           2|
    |xor_ln395_3_fu_1996_p2                                   |       xor|   0|  0|    2|           1|           2|
    |xor_ln395_4_fu_2028_p2                                   |       xor|   0|  0|    2|           1|           2|
    |xor_ln395_5_fu_2060_p2                                   |       xor|   0|  0|    2|           1|           2|
    |xor_ln395_6_fu_2092_p2                                   |       xor|   0|  0|    2|           1|           2|
    |xor_ln395_7_fu_2124_p2                                   |       xor|   0|  0|    2|           1|           2|
    |xor_ln395_fu_1900_p2                                     |       xor|   0|  0|    2|           1|           2|
    |xor_ln399_1_fu_1937_p2                                   |       xor|   0|  0|    2|           1|           2|
    |xor_ln399_2_fu_1969_p2                                   |       xor|   0|  0|    2|           1|           2|
    |xor_ln399_3_fu_2001_p2                                   |       xor|   0|  0|    2|           1|           2|
    |xor_ln399_4_fu_2033_p2                                   |       xor|   0|  0|    2|           1|           2|
    |xor_ln399_5_fu_2065_p2                                   |       xor|   0|  0|    2|           1|           2|
    |xor_ln399_6_fu_2097_p2                                   |       xor|   0|  0|    2|           1|           2|
    |xor_ln399_7_fu_2129_p2                                   |       xor|   0|  0|    2|           1|           2|
    |xor_ln399_fu_1905_p2                                     |       xor|   0|  0|    2|           1|           2|
    +---------------------------------------------------------+----------+----+---+-----+------------+------------+
    |Total                                                    |          |   0|  0| 2116|        1382|        2215|
    +---------------------------------------------------------+----------+----+---+-----+------------+------------+

    * Multiplexer: 
    +------------------------------------------------------+-----+-----------+-----+-----------+
    |                         Name                         | LUT | Input Size| Bits| Total Bits|
    +------------------------------------------------------+-----+-----------+-----+-----------+
    |S3D_7PT_buf_p0_1_rd_fu_194                            |   15|          2|   16|         32|
    |S3D_7PT_buf_p0_1_wr_fu_190                            |   15|          2|   16|         32|
    |S3D_7PT_buf_p1_2_rd_fu_198                            |   15|          2|   16|         32|
    |S3D_7PT_buf_p1_2_wr_fu_214                            |   15|          2|   16|         32|
    |S3D_7PT_buf_r0_1_p1_rd_fu_186                         |   15|          2|   16|         32|
    |S3D_7PT_buf_r0_1_p1_wr_fu_182                         |   15|          2|   16|         32|
    |S3D_7PT_buf_r1_2_p1_rd_fu_178                         |   15|          2|   16|         32|
    |S3D_7PT_buf_r1_2_p1_wr_fu_174                         |   15|          2|   16|         32|
    |ap_done_int                                           |    2|          2|    1|          2|
    |ap_enable_reg_pp0_iter6                               |    2|          2|    1|          2|
    |ap_phi_mux_arg1_tmpConvWrite4_0_in_phi_fu_434_p4      |   32|          2|   32|         64|
    |ap_phi_mux_arg1_tmpConvWrite4_1_in_phi_fu_443_p4      |   32|          2|   32|         64|
    |ap_phi_mux_arg1_tmpConvWrite4_2_in_phi_fu_452_p4      |   32|          2|   32|         64|
    |ap_phi_mux_arg1_tmpConvWrite4_3_in_phi_fu_461_p4      |   32|          2|   32|         64|
    |ap_phi_mux_arg1_tmpConvWrite4_4_in_phi_fu_470_p4      |   32|          2|   32|         64|
    |ap_phi_mux_arg1_tmpConvWrite_10_phi_fu_490_p6         |   32|          2|   32|         64|
    |ap_phi_mux_arg1_tmpConvWrite_13_phi_fu_501_p6         |   32|          2|   32|         64|
    |ap_phi_mux_arg1_tmpConvWrite_7_phi_fu_479_p6          |   32|          2|   32|         64|
    |ap_phi_reg_pp0_iter6_arg1_tmpConvWrite_10_reg_487     |   32|          2|   32|         64|
    |ap_phi_reg_pp0_iter6_arg1_tmpConvWrite_13_reg_498     |   32|          2|   32|         64|
    |ap_phi_reg_pp0_iter6_arg1_tmpConvWrite_7_reg_476      |   32|          2|   32|         64|
    |ap_phi_reg_pp0_iter8_arg1_tmpConvWrite4_0_in_reg_431  |   32|          2|   32|         64|
    |ap_phi_reg_pp0_iter8_arg1_tmpConvWrite4_1_in_reg_440  |   32|          2|   32|         64|
    |ap_phi_reg_pp0_iter8_arg1_tmpConvWrite4_2_in_reg_449  |   32|          2|   32|         64|
    |ap_phi_reg_pp0_iter8_arg1_tmpConvWrite4_3_in_reg_458  |   32|          2|   32|         64|
    |ap_phi_reg_pp0_iter8_arg1_tmpConvWrite4_4_in_reg_467  |   32|          2|   32|         64|
    |ap_phi_reg_pp0_iter8_arg1_tmpConvWrite_10_reg_487     |   32|          2|   32|         64|
    |ap_phi_reg_pp0_iter8_arg1_tmpConvWrite_13_reg_498     |   32|          2|   32|         64|
    |ap_phi_reg_pp0_iter8_arg1_tmpConvWrite_7_reg_476      |   32|          2|   32|         64|
    |ap_sig_allocacmp_itr_3                                |   32|          2|   32|         64|
    |arg0_arg1_streams_1313_blk_n                          |    2|          2|    1|          2|
    |arg0_arg1_streams_14_blk_n                            |    2|          2|    1|          2|
    |arg0_read_val_V_fu_226                                |  121|          2|  256|        512|
    |i_fu_210                                              |   15|          2|   16|         32|
    |j_fu_206                                              |   15|          2|   16|         32|
    |k_fu_202                                              |   15|          2|   16|         32|
    |reg_itr_fu_218                                        |   32|          2|   32|         64|
    |reuse_addr_reg159_fu_158                              |   58|          2|   64|        128|
    |reuse_addr_reg165_fu_150                              |   58|          2|   64|        128|
    |reuse_addr_reg171_fu_142                              |   58|          2|   64|        128|
    |reuse_addr_reg_fu_166                                 |   58|          2|   64|        128|
    |reuse_reg158_fu_162                                   |  121|          2|  256|        512|
    |reuse_reg164_fu_154                                   |  121|          2|  256|        512|
    |reuse_reg170_fu_146                                   |  121|          2|  256|        512|
    |reuse_reg_fu_170                                      |  121|          2|  256|        512|
    +------------------------------------------------------+-----+-----------+-----+-----------+
    |Total                                                 | 1682|         90| 2388|       4776|
    +------------------------------------------------------+-----+-----------+-----+-----------+

    * Register: 
    +-------------------------------------------------------+-----+----+-----+-----------+
    |                          Name                         |  FF | LUT| Bits| Const Bits|
    +-------------------------------------------------------+-----+----+-----+-----------+
    |S3D_7PT_buf_p0_1_rd_fu_194                             |   16|   0|   16|          0|
    |S3D_7PT_buf_p0_1_wr_fu_190                             |   16|   0|   16|          0|
    |S3D_7PT_buf_p1_2_rd_fu_198                             |   16|   0|   16|          0|
    |S3D_7PT_buf_p1_2_wr_fu_214                             |   16|   0|   16|          0|
    |S3D_7PT_buf_r0_1_p1_rd_fu_186                          |   16|   0|   16|          0|
    |S3D_7PT_buf_r0_1_p1_wr_fu_182                          |   16|   0|   16|          0|
    |S3D_7PT_buf_r1_2_p1_rd_fu_178                          |   16|   0|   16|          0|
    |S3D_7PT_buf_r1_2_p1_wr_fu_174                          |   16|   0|   16|          0|
    |S3D_7PT_read_cond_reg_2695                             |    1|   0|    1|          0|
    |addr_cmp162_reg_2830                                   |    1|   0|    1|          0|
    |addr_cmp168_reg_2855                                   |    1|   0|    1|          0|
    |addr_cmp174_reg_3130                                   |    1|   0|    1|          0|
    |addr_cmp_reg_2714                                      |    1|   0|    1|          0|
    |ap_CS_fsm                                              |    1|   0|    1|          0|
    |ap_done_reg                                            |    1|   0|    1|          0|
    |ap_enable_reg_pp0_iter1                                |    1|   0|    1|          0|
    |ap_enable_reg_pp0_iter10                               |    1|   0|    1|          0|
    |ap_enable_reg_pp0_iter11                               |    1|   0|    1|          0|
    |ap_enable_reg_pp0_iter12                               |    1|   0|    1|          0|
    |ap_enable_reg_pp0_iter13                               |    1|   0|    1|          0|
    |ap_enable_reg_pp0_iter14                               |    1|   0|    1|          0|
    |ap_enable_reg_pp0_iter15                               |    1|   0|    1|          0|
    |ap_enable_reg_pp0_iter16                               |    1|   0|    1|          0|
    |ap_enable_reg_pp0_iter17                               |    1|   0|    1|          0|
    |ap_enable_reg_pp0_iter18                               |    1|   0|    1|          0|
    |ap_enable_reg_pp0_iter19                               |    1|   0|    1|          0|
    |ap_enable_reg_pp0_iter2                                |    1|   0|    1|          0|
    |ap_enable_reg_pp0_iter3                                |    1|   0|    1|          0|
    |ap_enable_reg_pp0_iter4                                |    1|   0|    1|          0|
    |ap_enable_reg_pp0_iter5                                |    1|   0|    1|          0|
    |ap_enable_reg_pp0_iter6                                |    1|   0|    1|          0|
    |ap_enable_reg_pp0_iter7                                |    1|   0|    1|          0|
    |ap_enable_reg_pp0_iter8                                |    1|   0|    1|          0|
    |ap_enable_reg_pp0_iter9                                |    1|   0|    1|          0|
    |ap_loop_exit_ready_pp0_iter10_reg                      |    1|   0|    1|          0|
    |ap_loop_exit_ready_pp0_iter11_reg                      |    1|   0|    1|          0|
    |ap_loop_exit_ready_pp0_iter12_reg                      |    1|   0|    1|          0|
    |ap_loop_exit_ready_pp0_iter13_reg                      |    1|   0|    1|          0|
    |ap_loop_exit_ready_pp0_iter14_reg                      |    1|   0|    1|          0|
    |ap_loop_exit_ready_pp0_iter15_reg                      |    1|   0|    1|          0|
    |ap_loop_exit_ready_pp0_iter16_reg                      |    1|   0|    1|          0|
    |ap_loop_exit_ready_pp0_iter17_reg                      |    1|   0|    1|          0|
    |ap_loop_exit_ready_pp0_iter18_reg                      |    1|   0|    1|          0|
    |ap_loop_exit_ready_pp0_iter1_reg                       |    1|   0|    1|          0|
    |ap_loop_exit_ready_pp0_iter2_reg                       |    1|   0|    1|          0|
    |ap_loop_exit_ready_pp0_iter3_reg                       |    1|   0|    1|          0|
    |ap_loop_exit_ready_pp0_iter4_reg                       |    1|   0|    1|          0|
    |ap_loop_exit_ready_pp0_iter5_reg                       |    1|   0|    1|          0|
    |ap_loop_exit_ready_pp0_iter6_reg                       |    1|   0|    1|          0|
    |ap_loop_exit_ready_pp0_iter7_reg                       |    1|   0|    1|          0|
    |ap_loop_exit_ready_pp0_iter8_reg                       |    1|   0|    1|          0|
    |ap_loop_exit_ready_pp0_iter9_reg                       |    1|   0|    1|          0|
    |ap_phi_reg_pp0_iter10_arg1_tmpConvWrite4_0_in_reg_431  |   32|   0|   32|          0|
    |ap_phi_reg_pp0_iter10_arg1_tmpConvWrite4_1_in_reg_440  |   32|   0|   32|          0|
    |ap_phi_reg_pp0_iter10_arg1_tmpConvWrite4_2_in_reg_449  |   32|   0|   32|          0|
    |ap_phi_reg_pp0_iter10_arg1_tmpConvWrite4_3_in_reg_458  |   32|   0|   32|          0|
    |ap_phi_reg_pp0_iter10_arg1_tmpConvWrite4_4_in_reg_467  |   32|   0|   32|          0|
    |ap_phi_reg_pp0_iter10_arg1_tmpConvWrite_10_reg_487     |   32|   0|   32|          0|
    |ap_phi_reg_pp0_iter10_arg1_tmpConvWrite_13_reg_498     |   32|   0|   32|          0|
    |ap_phi_reg_pp0_iter10_arg1_tmpConvWrite_7_reg_476      |   32|   0|   32|          0|
    |ap_phi_reg_pp0_iter11_arg1_tmpConvWrite4_0_in_reg_431  |   32|   0|   32|          0|
    |ap_phi_reg_pp0_iter11_arg1_tmpConvWrite4_1_in_reg_440  |   32|   0|   32|          0|
    |ap_phi_reg_pp0_iter11_arg1_tmpConvWrite4_2_in_reg_449  |   32|   0|   32|          0|
    |ap_phi_reg_pp0_iter11_arg1_tmpConvWrite4_3_in_reg_458  |   32|   0|   32|          0|
    |ap_phi_reg_pp0_iter11_arg1_tmpConvWrite4_4_in_reg_467  |   32|   0|   32|          0|
    |ap_phi_reg_pp0_iter11_arg1_tmpConvWrite_10_reg_487     |   32|   0|   32|          0|
    |ap_phi_reg_pp0_iter11_arg1_tmpConvWrite_13_reg_498     |   32|   0|   32|          0|
    |ap_phi_reg_pp0_iter11_arg1_tmpConvWrite_7_reg_476      |   32|   0|   32|          0|
    |ap_phi_reg_pp0_iter12_arg1_tmpConvWrite4_0_in_reg_431  |   32|   0|   32|          0|
    |ap_phi_reg_pp0_iter12_arg1_tmpConvWrite4_1_in_reg_440  |   32|   0|   32|          0|
    |ap_phi_reg_pp0_iter12_arg1_tmpConvWrite4_2_in_reg_449  |   32|   0|   32|          0|
    |ap_phi_reg_pp0_iter12_arg1_tmpConvWrite4_3_in_reg_458  |   32|   0|   32|          0|
    |ap_phi_reg_pp0_iter12_arg1_tmpConvWrite4_4_in_reg_467  |   32|   0|   32|          0|
    |ap_phi_reg_pp0_iter12_arg1_tmpConvWrite_10_reg_487     |   32|   0|   32|          0|
    |ap_phi_reg_pp0_iter12_arg1_tmpConvWrite_13_reg_498     |   32|   0|   32|          0|
    |ap_phi_reg_pp0_iter12_arg1_tmpConvWrite_7_reg_476      |   32|   0|   32|          0|
    |ap_phi_reg_pp0_iter13_arg1_tmpConvWrite4_0_in_reg_431  |   32|   0|   32|          0|
    |ap_phi_reg_pp0_iter13_arg1_tmpConvWrite4_1_in_reg_440  |   32|   0|   32|          0|
    |ap_phi_reg_pp0_iter13_arg1_tmpConvWrite4_2_in_reg_449  |   32|   0|   32|          0|
    |ap_phi_reg_pp0_iter13_arg1_tmpConvWrite4_3_in_reg_458  |   32|   0|   32|          0|
    |ap_phi_reg_pp0_iter13_arg1_tmpConvWrite4_4_in_reg_467  |   32|   0|   32|          0|
    |ap_phi_reg_pp0_iter13_arg1_tmpConvWrite_10_reg_487     |   32|   0|   32|          0|
    |ap_phi_reg_pp0_iter13_arg1_tmpConvWrite_13_reg_498     |   32|   0|   32|          0|
    |ap_phi_reg_pp0_iter13_arg1_tmpConvWrite_7_reg_476      |   32|   0|   32|          0|
    |ap_phi_reg_pp0_iter14_arg1_tmpConvWrite4_0_in_reg_431  |   32|   0|   32|          0|
    |ap_phi_reg_pp0_iter14_arg1_tmpConvWrite4_1_in_reg_440  |   32|   0|   32|          0|
    |ap_phi_reg_pp0_iter14_arg1_tmpConvWrite4_2_in_reg_449  |   32|   0|   32|          0|
    |ap_phi_reg_pp0_iter14_arg1_tmpConvWrite4_3_in_reg_458  |   32|   0|   32|          0|
    |ap_phi_reg_pp0_iter14_arg1_tmpConvWrite4_4_in_reg_467  |   32|   0|   32|          0|
    |ap_phi_reg_pp0_iter14_arg1_tmpConvWrite_10_reg_487     |   32|   0|   32|          0|
    |ap_phi_reg_pp0_iter14_arg1_tmpConvWrite_13_reg_498     |   32|   0|   32|          0|
    |ap_phi_reg_pp0_iter14_arg1_tmpConvWrite_7_reg_476      |   32|   0|   32|          0|
    |ap_phi_reg_pp0_iter15_arg1_tmpConvWrite4_0_in_reg_431  |   32|   0|   32|          0|
    |ap_phi_reg_pp0_iter15_arg1_tmpConvWrite4_1_in_reg_440  |   32|   0|   32|          0|
    |ap_phi_reg_pp0_iter15_arg1_tmpConvWrite4_2_in_reg_449  |   32|   0|   32|          0|
    |ap_phi_reg_pp0_iter15_arg1_tmpConvWrite4_3_in_reg_458  |   32|   0|   32|          0|
    |ap_phi_reg_pp0_iter15_arg1_tmpConvWrite4_4_in_reg_467  |   32|   0|   32|          0|
    |ap_phi_reg_pp0_iter15_arg1_tmpConvWrite_10_reg_487     |   32|   0|   32|          0|
    |ap_phi_reg_pp0_iter15_arg1_tmpConvWrite_13_reg_498     |   32|   0|   32|          0|
    |ap_phi_reg_pp0_iter15_arg1_tmpConvWrite_7_reg_476      |   32|   0|   32|          0|
    |ap_phi_reg_pp0_iter16_arg1_tmpConvWrite4_0_in_reg_431  |   32|   0|   32|          0|
    |ap_phi_reg_pp0_iter16_arg1_tmpConvWrite4_1_in_reg_440  |   32|   0|   32|          0|
    |ap_phi_reg_pp0_iter16_arg1_tmpConvWrite4_2_in_reg_449  |   32|   0|   32|          0|
    |ap_phi_reg_pp0_iter16_arg1_tmpConvWrite4_3_in_reg_458  |   32|   0|   32|          0|
    |ap_phi_reg_pp0_iter16_arg1_tmpConvWrite4_4_in_reg_467  |   32|   0|   32|          0|
    |ap_phi_reg_pp0_iter16_arg1_tmpConvWrite_10_reg_487     |   32|   0|   32|          0|
    |ap_phi_reg_pp0_iter16_arg1_tmpConvWrite_13_reg_498     |   32|   0|   32|          0|
    |ap_phi_reg_pp0_iter16_arg1_tmpConvWrite_7_reg_476      |   32|   0|   32|          0|
    |ap_phi_reg_pp0_iter17_arg1_tmpConvWrite4_0_in_reg_431  |   32|   0|   32|          0|
    |ap_phi_reg_pp0_iter17_arg1_tmpConvWrite4_1_in_reg_440  |   32|   0|   32|          0|
    |ap_phi_reg_pp0_iter17_arg1_tmpConvWrite4_2_in_reg_449  |   32|   0|   32|          0|
    |ap_phi_reg_pp0_iter17_arg1_tmpConvWrite4_3_in_reg_458  |   32|   0|   32|          0|
    |ap_phi_reg_pp0_iter17_arg1_tmpConvWrite4_4_in_reg_467  |   32|   0|   32|          0|
    |ap_phi_reg_pp0_iter17_arg1_tmpConvWrite_10_reg_487     |   32|   0|   32|          0|
    |ap_phi_reg_pp0_iter17_arg1_tmpConvWrite_13_reg_498     |   32|   0|   32|          0|
    |ap_phi_reg_pp0_iter17_arg1_tmpConvWrite_7_reg_476      |   32|   0|   32|          0|
    |ap_phi_reg_pp0_iter18_arg1_tmpConvWrite4_0_in_reg_431  |   32|   0|   32|          0|
    |ap_phi_reg_pp0_iter18_arg1_tmpConvWrite4_1_in_reg_440  |   32|   0|   32|          0|
    |ap_phi_reg_pp0_iter18_arg1_tmpConvWrite4_2_in_reg_449  |   32|   0|   32|          0|
    |ap_phi_reg_pp0_iter18_arg1_tmpConvWrite4_3_in_reg_458  |   32|   0|   32|          0|
    |ap_phi_reg_pp0_iter18_arg1_tmpConvWrite4_4_in_reg_467  |   32|   0|   32|          0|
    |ap_phi_reg_pp0_iter18_arg1_tmpConvWrite_10_reg_487     |   32|   0|   32|          0|
    |ap_phi_reg_pp0_iter18_arg1_tmpConvWrite_13_reg_498     |   32|   0|   32|          0|
    |ap_phi_reg_pp0_iter18_arg1_tmpConvWrite_7_reg_476      |   32|   0|   32|          0|
    |ap_phi_reg_pp0_iter19_arg1_tmpConvWrite4_0_in_reg_431  |   32|   0|   32|          0|
    |ap_phi_reg_pp0_iter19_arg1_tmpConvWrite4_1_in_reg_440  |   32|   0|   32|          0|
    |ap_phi_reg_pp0_iter19_arg1_tmpConvWrite4_2_in_reg_449  |   32|   0|   32|          0|
    |ap_phi_reg_pp0_iter19_arg1_tmpConvWrite4_3_in_reg_458  |   32|   0|   32|          0|
    |ap_phi_reg_pp0_iter19_arg1_tmpConvWrite4_4_in_reg_467  |   32|   0|   32|          0|
    |ap_phi_reg_pp0_iter19_arg1_tmpConvWrite_10_reg_487     |   32|   0|   32|          0|
    |ap_phi_reg_pp0_iter19_arg1_tmpConvWrite_13_reg_498     |   32|   0|   32|          0|
    |ap_phi_reg_pp0_iter19_arg1_tmpConvWrite_7_reg_476      |   32|   0|   32|          0|
    |ap_phi_reg_pp0_iter1_arg1_tmpConvWrite4_0_in_reg_431   |   32|   0|   32|          0|
    |ap_phi_reg_pp0_iter1_arg1_tmpConvWrite4_1_in_reg_440   |   32|   0|   32|          0|
    |ap_phi_reg_pp0_iter1_arg1_tmpConvWrite4_2_in_reg_449   |   32|   0|   32|          0|
    |ap_phi_reg_pp0_iter1_arg1_tmpConvWrite4_3_in_reg_458   |   32|   0|   32|          0|
    |ap_phi_reg_pp0_iter1_arg1_tmpConvWrite4_4_in_reg_467   |   32|   0|   32|          0|
    |ap_phi_reg_pp0_iter1_arg1_tmpConvWrite_10_reg_487      |   32|   0|   32|          0|
    |ap_phi_reg_pp0_iter1_arg1_tmpConvWrite_13_reg_498      |   32|   0|   32|          0|
    |ap_phi_reg_pp0_iter1_arg1_tmpConvWrite_7_reg_476       |   32|   0|   32|          0|
    |ap_phi_reg_pp0_iter2_arg1_tmpConvWrite4_0_in_reg_431   |   32|   0|   32|          0|
    |ap_phi_reg_pp0_iter2_arg1_tmpConvWrite4_1_in_reg_440   |   32|   0|   32|          0|
    |ap_phi_reg_pp0_iter2_arg1_tmpConvWrite4_2_in_reg_449   |   32|   0|   32|          0|
    |ap_phi_reg_pp0_iter2_arg1_tmpConvWrite4_3_in_reg_458   |   32|   0|   32|          0|
    |ap_phi_reg_pp0_iter2_arg1_tmpConvWrite4_4_in_reg_467   |   32|   0|   32|          0|
    |ap_phi_reg_pp0_iter2_arg1_tmpConvWrite_10_reg_487      |   32|   0|   32|          0|
    |ap_phi_reg_pp0_iter2_arg1_tmpConvWrite_13_reg_498      |   32|   0|   32|          0|
    |ap_phi_reg_pp0_iter2_arg1_tmpConvWrite_7_reg_476       |   32|   0|   32|          0|
    |ap_phi_reg_pp0_iter3_arg1_tmpConvWrite4_0_in_reg_431   |   32|   0|   32|          0|
    |ap_phi_reg_pp0_iter3_arg1_tmpConvWrite4_1_in_reg_440   |   32|   0|   32|          0|
    |ap_phi_reg_pp0_iter3_arg1_tmpConvWrite4_2_in_reg_449   |   32|   0|   32|          0|
    |ap_phi_reg_pp0_iter3_arg1_tmpConvWrite4_3_in_reg_458   |   32|   0|   32|          0|
    |ap_phi_reg_pp0_iter3_arg1_tmpConvWrite4_4_in_reg_467   |   32|   0|   32|          0|
    |ap_phi_reg_pp0_iter3_arg1_tmpConvWrite_10_reg_487      |   32|   0|   32|          0|
    |ap_phi_reg_pp0_iter3_arg1_tmpConvWrite_13_reg_498      |   32|   0|   32|          0|
    |ap_phi_reg_pp0_iter3_arg1_tmpConvWrite_7_reg_476       |   32|   0|   32|          0|
    |ap_phi_reg_pp0_iter4_arg1_tmpConvWrite4_0_in_reg_431   |   32|   0|   32|          0|
    |ap_phi_reg_pp0_iter4_arg1_tmpConvWrite4_1_in_reg_440   |   32|   0|   32|          0|
    |ap_phi_reg_pp0_iter4_arg1_tmpConvWrite4_2_in_reg_449   |   32|   0|   32|          0|
    |ap_phi_reg_pp0_iter4_arg1_tmpConvWrite4_3_in_reg_458   |   32|   0|   32|          0|
    |ap_phi_reg_pp0_iter4_arg1_tmpConvWrite4_4_in_reg_467   |   32|   0|   32|          0|
    |ap_phi_reg_pp0_iter4_arg1_tmpConvWrite_10_reg_487      |   32|   0|   32|          0|
    |ap_phi_reg_pp0_iter4_arg1_tmpConvWrite_13_reg_498      |   32|   0|   32|          0|
    |ap_phi_reg_pp0_iter4_arg1_tmpConvWrite_7_reg_476       |   32|   0|   32|          0|
    |ap_phi_reg_pp0_iter5_arg1_tmpConvWrite4_0_in_reg_431   |   32|   0|   32|          0|
    |ap_phi_reg_pp0_iter5_arg1_tmpConvWrite4_1_in_reg_440   |   32|   0|   32|          0|
    |ap_phi_reg_pp0_iter5_arg1_tmpConvWrite4_2_in_reg_449   |   32|   0|   32|          0|
    |ap_phi_reg_pp0_iter5_arg1_tmpConvWrite4_3_in_reg_458   |   32|   0|   32|          0|
    |ap_phi_reg_pp0_iter5_arg1_tmpConvWrite4_4_in_reg_467   |   32|   0|   32|          0|
    |ap_phi_reg_pp0_iter5_arg1_tmpConvWrite_10_reg_487      |   32|   0|   32|          0|
    |ap_phi_reg_pp0_iter5_arg1_tmpConvWrite_13_reg_498      |   32|   0|   32|          0|
    |ap_phi_reg_pp0_iter5_arg1_tmpConvWrite_7_reg_476       |   32|   0|   32|          0|
    |ap_phi_reg_pp0_iter6_arg1_tmpConvWrite4_0_in_reg_431   |   32|   0|   32|          0|
    |ap_phi_reg_pp0_iter6_arg1_tmpConvWrite4_1_in_reg_440   |   32|   0|   32|          0|
    |ap_phi_reg_pp0_iter6_arg1_tmpConvWrite4_2_in_reg_449   |   32|   0|   32|          0|
    |ap_phi_reg_pp0_iter6_arg1_tmpConvWrite4_3_in_reg_458   |   32|   0|   32|          0|
    |ap_phi_reg_pp0_iter6_arg1_tmpConvWrite4_4_in_reg_467   |   32|   0|   32|          0|
    |ap_phi_reg_pp0_iter6_arg1_tmpConvWrite_10_reg_487      |   32|   0|   32|          0|
    |ap_phi_reg_pp0_iter6_arg1_tmpConvWrite_13_reg_498      |   32|   0|   32|          0|
    |ap_phi_reg_pp0_iter6_arg1_tmpConvWrite_7_reg_476       |   32|   0|   32|          0|
    |ap_phi_reg_pp0_iter7_arg1_tmpConvWrite4_0_in_reg_431   |   32|   0|   32|          0|
    |ap_phi_reg_pp0_iter7_arg1_tmpConvWrite4_1_in_reg_440   |   32|   0|   32|          0|
    |ap_phi_reg_pp0_iter7_arg1_tmpConvWrite4_2_in_reg_449   |   32|   0|   32|          0|
    |ap_phi_reg_pp0_iter7_arg1_tmpConvWrite4_3_in_reg_458   |   32|   0|   32|          0|
    |ap_phi_reg_pp0_iter7_arg1_tmpConvWrite4_4_in_reg_467   |   32|   0|   32|          0|
    |ap_phi_reg_pp0_iter7_arg1_tmpConvWrite_10_reg_487      |   32|   0|   32|          0|
    |ap_phi_reg_pp0_iter7_arg1_tmpConvWrite_13_reg_498      |   32|   0|   32|          0|
    |ap_phi_reg_pp0_iter7_arg1_tmpConvWrite_7_reg_476       |   32|   0|   32|          0|
    |ap_phi_reg_pp0_iter8_arg1_tmpConvWrite4_0_in_reg_431   |   32|   0|   32|          0|
    |ap_phi_reg_pp0_iter8_arg1_tmpConvWrite4_1_in_reg_440   |   32|   0|   32|          0|
    |ap_phi_reg_pp0_iter8_arg1_tmpConvWrite4_2_in_reg_449   |   32|   0|   32|          0|
    |ap_phi_reg_pp0_iter8_arg1_tmpConvWrite4_3_in_reg_458   |   32|   0|   32|          0|
    |ap_phi_reg_pp0_iter8_arg1_tmpConvWrite4_4_in_reg_467   |   32|   0|   32|          0|
    |ap_phi_reg_pp0_iter8_arg1_tmpConvWrite_10_reg_487      |   32|   0|   32|          0|
    |ap_phi_reg_pp0_iter8_arg1_tmpConvWrite_13_reg_498      |   32|   0|   32|          0|
    |ap_phi_reg_pp0_iter8_arg1_tmpConvWrite_7_reg_476       |   32|   0|   32|          0|
    |ap_phi_reg_pp0_iter9_arg1_tmpConvWrite4_0_in_reg_431   |   32|   0|   32|          0|
    |ap_phi_reg_pp0_iter9_arg1_tmpConvWrite4_1_in_reg_440   |   32|   0|   32|          0|
    |ap_phi_reg_pp0_iter9_arg1_tmpConvWrite4_2_in_reg_449   |   32|   0|   32|          0|
    |ap_phi_reg_pp0_iter9_arg1_tmpConvWrite4_3_in_reg_458   |   32|   0|   32|          0|
    |ap_phi_reg_pp0_iter9_arg1_tmpConvWrite4_4_in_reg_467   |   32|   0|   32|          0|
    |ap_phi_reg_pp0_iter9_arg1_tmpConvWrite_10_reg_487      |   32|   0|   32|          0|
    |ap_phi_reg_pp0_iter9_arg1_tmpConvWrite_13_reg_498      |   32|   0|   32|          0|
    |ap_phi_reg_pp0_iter9_arg1_tmpConvWrite_7_reg_476       |   32|   0|   32|          0|
    |arg0_read_val_V_2_reg_2709                             |  256|   0|  256|          0|
    |arg0_read_val_V_fu_226                                 |  256|   0|  256|          0|
    |arg0_rowArr_1_0_reg_3183                               |   32|   0|   32|          0|
    |arg0_rowArr_1_1_1_reg_2867                             |   32|   0|   32|          0|
    |arg0_rowArr_1_1_2_reg_3135                             |   32|   0|   32|          0|
    |arg0_rowArr_1_1_3_reg_3143                             |   32|   0|   32|          0|
    |arg0_rowArr_1_1_4_reg_2885                             |   32|   0|   32|          0|
    |arg0_rowArr_1_1_reg_2860                               |   32|   0|   32|          0|
    |arg0_tmpConverter_0_1_1_7_reg_2914                     |   32|   0|   32|          0|
    |arg0_tmpConverter_0_1_1_reg_3034                       |   32|   0|   32|          0|
    |arg0_tmpConverter_0_1_2_reg_3039                       |   32|   0|   32|          0|
    |arg0_tmpConverter_0_1_3_reg_3044                       |   32|   0|   32|          0|
    |arg0_tmpConverter_0_1_4_reg_3049                       |   32|   0|   32|          0|
    |arg0_tmpConverter_0_1_5_reg_3054                       |   32|   0|   32|          0|
    |arg0_tmpConverter_0_1_6_reg_3059                       |   32|   0|   32|          0|
    |arg0_tmpConverter_0_1_7_reg_3064                       |   32|   0|   32|          0|
    |arg0_tmpConverter_0_1_reg_3029                         |   32|   0|   32|          0|
    |arg0_tmpConverter_1_0_1_reg_3188                       |   32|   0|   32|          0|
    |arg0_tmpConverter_1_0_2_reg_3193                       |   32|   0|   32|          0|
    |arg0_tmpConverter_1_0_3_reg_3198                       |   32|   0|   32|          0|
    |arg0_tmpConverter_1_0_4_reg_3203                       |   32|   0|   32|          0|
    |arg0_tmpConverter_1_0_5_reg_3208                       |   32|   0|   32|          0|
    |arg0_tmpConverter_1_0_6_reg_3213                       |   32|   0|   32|          0|
    |arg0_tmpConverter_1_0_7_reg_3218                       |   32|   0|   32|          0|
    |arg0_tmpConverter_1_1_2_reg_2875                       |   32|   0|   32|          0|
    |arg0_tmpConverter_1_1_2_reg_2875_pp0_iter6_reg         |   32|   0|   32|          0|
    |arg0_tmpConverter_1_1_3_reg_2880                       |   32|   0|   32|          0|
    |arg0_tmpConverter_1_1_3_reg_2880_pp0_iter6_reg         |   32|   0|   32|          0|
    |arg0_tmpConverter_1_2_1_reg_2724                       |   32|   0|   32|          0|
    |arg0_tmpConverter_1_2_2_reg_2729                       |   32|   0|   32|          0|
    |arg0_tmpConverter_1_2_3_reg_2734                       |   32|   0|   32|          0|
    |arg0_tmpConverter_1_2_4_reg_2739                       |   32|   0|   32|          0|
    |arg0_tmpConverter_1_2_5_reg_2744                       |   32|   0|   32|          0|
    |arg0_tmpConverter_1_2_6_reg_2749                       |   32|   0|   32|          0|
    |arg0_tmpConverter_1_2_7_reg_2754                       |   32|   0|   32|          0|
    |arg0_tmpConverter_1_2_reg_2719                         |   32|   0|   32|          0|
    |arg0_tmpConverter_2_1_1_0_reg_2919                     |   32|   0|   32|          0|
    |arg0_tmpConverter_2_1_1_reg_2780                       |   32|   0|   32|          0|
    |arg0_tmpConverter_2_1_2_reg_2785                       |   32|   0|   32|          0|
    |arg0_tmpConverter_2_1_3_reg_2790                       |   32|   0|   32|          0|
    |arg0_tmpConverter_2_1_4_reg_2795                       |   32|   0|   32|          0|
    |arg0_tmpConverter_2_1_5_reg_2800                       |   32|   0|   32|          0|
    |arg0_tmpConverter_2_1_6_reg_2805                       |   32|   0|   32|          0|
    |arg0_tmpConverter_2_1_7_reg_2810                       |   32|   0|   32|          0|
    |arg0_tmpConverter_2_1_reg_2775                         |   32|   0|   32|          0|
    |arg1_tmpConvWrite_14_reg_2893                          |   32|   0|   32|          0|
    |arg1_tmpConvWrite_15_reg_2900                          |   32|   0|   32|          0|
    |arg1_tmpConvWrite_16_reg_2907                          |   32|   0|   32|          0|
    |cmp387_reg_2924                                        |    1|   0|    1|          0|
    |cmp387_reg_2924_pp0_iter6_reg                          |    1|   0|    1|          0|
    |cmp399_reg_3069                                        |    1|   0|    1|          0|
    |cond_y_terminate_reg_2835                              |    1|   0|    1|          0|
    |i_fu_210                                               |   16|   0|   16|          0|
    |icmp_ln194_reg_2691                                    |    1|   0|    1|          0|
    |icmp_ln394_1_reg_2950                                  |    1|   0|    1|          0|
    |icmp_ln394_2_reg_2959                                  |    1|   0|    1|          0|
    |icmp_ln394_3_reg_2968                                  |    1|   0|    1|          0|
    |icmp_ln394_4_reg_2977                                  |    1|   0|    1|          0|
    |icmp_ln394_5_reg_2986                                  |    1|   0|    1|          0|
    |icmp_ln394_6_reg_2995                                  |    1|   0|    1|          0|
    |icmp_ln394_7_reg_3004                                  |    1|   0|    1|          0|
    |icmp_ln394_reg_2941                                    |    1|   0|    1|          0|
    |icmp_ln395_1_reg_2954                                  |    1|   0|    1|          0|
    |icmp_ln395_1_reg_2954_pp0_iter6_reg                    |    1|   0|    1|          0|
    |icmp_ln395_2_reg_2963                                  |    1|   0|    1|          0|
    |icmp_ln395_2_reg_2963_pp0_iter6_reg                    |    1|   0|    1|          0|
    |icmp_ln395_3_reg_2972                                  |    1|   0|    1|          0|
    |icmp_ln395_3_reg_2972_pp0_iter6_reg                    |    1|   0|    1|          0|
    |icmp_ln395_4_reg_2981                                  |    1|   0|    1|          0|
    |icmp_ln395_4_reg_2981_pp0_iter6_reg                    |    1|   0|    1|          0|
    |icmp_ln395_5_reg_2990                                  |    1|   0|    1|          0|
    |icmp_ln395_5_reg_2990_pp0_iter6_reg                    |    1|   0|    1|          0|
    |icmp_ln395_6_reg_2999                                  |    1|   0|    1|          0|
    |icmp_ln395_6_reg_2999_pp0_iter6_reg                    |    1|   0|    1|          0|
    |icmp_ln395_7_reg_3008                                  |    1|   0|    1|          0|
    |icmp_ln395_7_reg_3008_pp0_iter6_reg                    |    1|   0|    1|          0|
    |icmp_ln395_reg_2945                                    |    1|   0|    1|          0|
    |icmp_ln395_reg_2945_pp0_iter6_reg                      |    1|   0|    1|          0|
    |icmp_ln399_1_reg_3086                                  |    1|   0|    1|          0|
    |icmp_ln399_2_reg_3091                                  |    1|   0|    1|          0|
    |icmp_ln399_3_reg_3096                                  |    1|   0|    1|          0|
    |icmp_ln399_4_reg_3101                                  |    1|   0|    1|          0|
    |icmp_ln399_5_reg_3106                                  |    1|   0|    1|          0|
    |icmp_ln399_6_reg_3111                                  |    1|   0|    1|          0|
    |icmp_ln399_7_reg_3116                                  |    1|   0|    1|          0|
    |icmp_ln399_reg_3081                                    |    1|   0|    1|          0|
    |j_fu_206                                               |   16|   0|   16|          0|
    |k_fu_202                                               |   16|   0|   16|          0|
    |neg_cond_1_reg_3155                                    |    1|   0|    1|          0|
    |neg_cond_2_reg_3159                                    |    1|   0|    1|          0|
    |neg_cond_3_reg_3163                                    |    1|   0|    1|          0|
    |neg_cond_4_reg_3167                                    |    1|   0|    1|          0|
    |neg_cond_5_reg_3171                                    |    1|   0|    1|          0|
    |neg_cond_6_reg_3175                                    |    1|   0|    1|          0|
    |neg_cond_7_reg_3179                                    |    1|   0|    1|          0|
    |neg_cond_reg_3151                                      |    1|   0|    1|          0|
    |or_ln234_reg_2845                                      |    1|   0|    1|          0|
    |p_Val2_1_fu_230                                        |  256|   0|  256|          0|
    |p_Val2_load_reg_2850                                   |  256|   0|  256|          0|
    |p_Val2_s_fu_222                                        |  256|   0|  256|          0|
    |p_read3_cast_cast_reg_2679                             |   16|   0|   17|          1|
    |p_read4_cast_cast_reg_2650                             |   16|   0|   17|          1|
    |p_read5_cast_cast_reg_2640                             |   16|   0|   17|          1|
    |p_read6_cast_cast_reg_2667                             |   16|   0|   17|          1|
    |p_read7_cast_cast_reg_2645                             |   16|   0|   17|          1|
    |reg_itr_fu_218                                         |   32|   0|   32|          0|
    |reuse_addr_reg159_fu_158                               |   64|   0|   64|          0|
    |reuse_addr_reg165_fu_150                               |   64|   0|   64|          0|
    |reuse_addr_reg171_fu_142                               |   64|   0|   64|          0|
    |reuse_addr_reg_fu_166                                  |   64|   0|   64|          0|
    |reuse_reg158_fu_162                                    |  256|   0|  256|          0|
    |reuse_reg158_load_reg_2825                             |  256|   0|  256|          0|
    |reuse_reg164_fu_154                                    |  256|   0|  256|          0|
    |reuse_reg170_fu_146                                    |  256|   0|  256|          0|
    |reuse_reg170_load_reg_3125                             |  256|   0|  256|          0|
    |reuse_reg_fu_170                                       |  256|   0|  256|          0|
    |slt144_reg_2936                                        |    1|   0|    1|          0|
    |slt144_reg_2936_pp0_iter6_reg                          |    1|   0|    1|          0|
    |t_1_reg_3023                                           |  256|   0|  256|          0|
    |t_3_reg_2769                                           |  256|   0|  256|          0|
    |tmp_reg_3121                                           |    1|   0|    1|          0|
    |xor_ln234_reg_2840                                     |    1|   0|    1|          0|
    |zext_ln194_cast_reg_2655                               |   16|   0|   17|          1|
    |zext_ln255_reg_3013                                    |   16|   0|   64|         48|
    |zext_ln256_reg_2815                                    |   16|   0|   64|         48|
    |zext_ln260_reg_2759                                    |   16|   0|   64|         48|
    |zext_ln262_reg_2699                                    |   16|   0|   64|         48|
    |arg0_rowArr_1_1_1_reg_2867                             |    0|   0|   32|          0|
    |arg0_rowArr_1_1_2_reg_3135                             |    0|   0|   32|          0|
    |arg0_rowArr_1_1_3_reg_3143                             |    0|   0|   32|          0|
    |arg0_rowArr_1_1_4_reg_2885                             |    0|   0|   32|          0|
    |arg0_rowArr_1_1_reg_2860                               |    0|   0|   32|          0|
    |arg0_tmpConverter_0_1_1_7_reg_2914                     |    0|   0|   32|          0|
    |arg0_tmpConverter_0_1_1_reg_3034                       |    0|   0|   32|          0|
    |arg0_tmpConverter_0_1_2_reg_3039                       |    0|   0|   32|          0|
    |arg0_tmpConverter_0_1_3_reg_3044                       |    0|   0|   32|          0|
    |arg0_tmpConverter_0_1_4_reg_3049                       |    0|   0|   32|          0|
    |arg0_tmpConverter_0_1_5_reg_3054                       |    0|   0|   32|          0|
    |arg0_tmpConverter_0_1_6_reg_3059                       |    0|   0|   32|          0|
    |arg0_tmpConverter_0_1_7_reg_3064                       |    0|   0|   32|          0|
    |arg0_tmpConverter_0_1_reg_3029                         |    0|   0|   32|          0|
    |arg0_tmpConverter_1_2_1_reg_2724                       |    0|   0|   32|          0|
    |arg0_tmpConverter_1_2_2_reg_2729                       |    0|   0|   32|          0|
    |arg0_tmpConverter_1_2_3_reg_2734                       |    0|   0|   32|          0|
    |arg0_tmpConverter_1_2_4_reg_2739                       |    0|   0|   32|          0|
    |arg0_tmpConverter_1_2_5_reg_2744                       |    0|   0|   32|          0|
    |arg0_tmpConverter_1_2_6_reg_2749                       |    0|   0|   32|          0|
    |arg0_tmpConverter_1_2_7_reg_2754                       |    0|   0|   32|          0|
    |arg0_tmpConverter_1_2_reg_2719                         |    0|   0|   32|          0|
    |arg0_tmpConverter_2_1_1_0_reg_2919                     |    0|   0|   32|          0|
    |arg0_tmpConverter_2_1_1_reg_2780                       |    0|   0|   32|          0|
    |arg0_tmpConverter_2_1_2_reg_2785                       |    0|   0|   32|          0|
    |arg0_tmpConverter_2_1_3_reg_2790                       |    0|   0|   32|          0|
    |arg0_tmpConverter_2_1_4_reg_2795                       |    0|   0|   32|          0|
    |arg0_tmpConverter_2_1_5_reg_2800                       |    0|   0|   32|          0|
    |arg0_tmpConverter_2_1_6_reg_2805                       |    0|   0|   32|          0|
    |arg0_tmpConverter_2_1_7_reg_2810                       |    0|   0|   32|          0|
    |arg0_tmpConverter_2_1_reg_2775                         |    0|   0|   32|          0|
    |arg1_tmpConvWrite_14_reg_2893                          |    0|   0|   32|          0|
    |arg1_tmpConvWrite_15_reg_2900                          |    0|   0|   32|          0|
    |arg1_tmpConvWrite_16_reg_2907                          |    0|   0|   32|          0|
    |icmp_ln194_reg_2691                                    |    0|   0|    1|          0|
    |icmp_ln394_1_reg_2950                                  |    0|   0|    1|          0|
    |icmp_ln394_2_reg_2959                                  |    0|   0|    1|          0|
    |icmp_ln394_3_reg_2968                                  |    0|   0|    1|          0|
    |icmp_ln394_4_reg_2977                                  |    0|   0|    1|          0|
    |icmp_ln394_5_reg_2986                                  |    0|   0|    1|          0|
    |icmp_ln394_6_reg_2995                                  |    0|   0|    1|          0|
    |icmp_ln394_7_reg_3004                                  |    0|   0|    1|          0|
    |icmp_ln394_reg_2941                                    |    0|   0|    1|          0|
    |neg_cond_1_reg_3155                                    |    0|   0|    1|          0|
    |neg_cond_2_reg_3159                                    |    0|   0|    1|          0|
    |neg_cond_3_reg_3163                                    |    0|   0|    1|          0|
    |neg_cond_4_reg_3167                                    |    0|   0|    1|          0|
    |neg_cond_5_reg_3171                                    |    0|   0|    1|          0|
    |neg_cond_6_reg_3175                                    |    0|   0|    1|          0|
    |neg_cond_7_reg_3179                                    |    0|   0|    1|          0|
    |neg_cond_reg_3151                                      |    0|   0|    1|          0|
    |tmp_reg_3121                                           |    0|   0|    1|          0|
    +-------------------------------------------------------+-----+----+-----+-----------+
    |Total                                                  |10382|   0|11686|        198|
    +-------------------------------------------------------+-----+----+-----+-----------+



================================================================
== Interface
================================================================
* Summary: 
+---------------------------------------+-----+-----+------------+--------------------------------------+--------------+
|               RTL Ports               | Dir | Bits|  Protocol  |             Source Object            |    C Type    |
+---------------------------------------+-----+-----+------------+--------------------------------------+--------------+
|ap_clk                                 |   in|    1|  ap_ctrl_hs|  stencilRun_Pipeline_VITIS_LOOP_194_1|  return value|
|ap_rst                                 |   in|    1|  ap_ctrl_hs|  stencilRun_Pipeline_VITIS_LOOP_194_1|  return value|
|ap_start                               |   in|    1|  ap_ctrl_hs|  stencilRun_Pipeline_VITIS_LOOP_194_1|  return value|
|ap_done                                |  out|    1|  ap_ctrl_hs|  stencilRun_Pipeline_VITIS_LOOP_194_1|  return value|
|ap_idle                                |  out|    1|  ap_ctrl_hs|  stencilRun_Pipeline_VITIS_LOOP_194_1|  return value|
|ap_ready                               |  out|    1|  ap_ctrl_hs|  stencilRun_Pipeline_VITIS_LOOP_194_1|  return value|
|arg0_arg1_streams_1313_dout            |   in|  256|     ap_fifo|                arg0_arg1_streams_1313|       pointer|
|arg0_arg1_streams_1313_num_data_valid  |   in|    5|     ap_fifo|                arg0_arg1_streams_1313|       pointer|
|arg0_arg1_streams_1313_fifo_cap        |   in|    5|     ap_fifo|                arg0_arg1_streams_1313|       pointer|
|arg0_arg1_streams_1313_empty_n         |   in|    1|     ap_fifo|                arg0_arg1_streams_1313|       pointer|
|arg0_arg1_streams_1313_read            |  out|    1|     ap_fifo|                arg0_arg1_streams_1313|       pointer|
|arg0_arg1_streams_14_din               |  out|  256|     ap_fifo|                  arg0_arg1_streams_14|       pointer|
|arg0_arg1_streams_14_num_data_valid    |   in|    5|     ap_fifo|                  arg0_arg1_streams_14|       pointer|
|arg0_arg1_streams_14_fifo_cap          |   in|    5|     ap_fifo|                  arg0_arg1_streams_14|       pointer|
|arg0_arg1_streams_14_full_n            |   in|    1|     ap_fifo|                  arg0_arg1_streams_14|       pointer|
|arg0_arg1_streams_14_write             |  out|    1|     ap_fifo|                  arg0_arg1_streams_14|       pointer|
|p_read                                 |   in|   16|     ap_none|                                p_read|        scalar|
|iter_limit                             |   in|   32|     ap_none|                            iter_limit|        scalar|
|p_read3_cast                           |   in|   16|     ap_none|                          p_read3_cast|        scalar|
|p_read6_cast                           |   in|   16|     ap_none|                          p_read6_cast|        scalar|
|zext_ln194                             |   in|   16|     ap_none|                            zext_ln194|        scalar|
|arg0_buf_p0_1_V_address0               |  out|   14|   ap_memory|                       arg0_buf_p0_1_V|         array|
|arg0_buf_p0_1_V_ce0                    |  out|    1|   ap_memory|                       arg0_buf_p0_1_V|         array|
|arg0_buf_p0_1_V_q0                     |   in|  256|   ap_memory|                       arg0_buf_p0_1_V|         array|
|arg0_buf_p0_1_V_address1               |  out|   14|   ap_memory|                       arg0_buf_p0_1_V|         array|
|arg0_buf_p0_1_V_ce1                    |  out|    1|   ap_memory|                       arg0_buf_p0_1_V|         array|
|arg0_buf_p0_1_V_we1                    |  out|    1|   ap_memory|                       arg0_buf_p0_1_V|         array|
|arg0_buf_p0_1_V_d1                     |  out|  256|   ap_memory|                       arg0_buf_p0_1_V|         array|
|arg0_buf_r0_1_p1_V_address0            |  out|    6|   ap_memory|                    arg0_buf_r0_1_p1_V|         array|
|arg0_buf_r0_1_p1_V_ce0                 |  out|    1|   ap_memory|                    arg0_buf_r0_1_p1_V|         array|
|arg0_buf_r0_1_p1_V_q0                  |   in|  256|   ap_memory|                    arg0_buf_r0_1_p1_V|         array|
|arg0_buf_r0_1_p1_V_address1            |  out|    6|   ap_memory|                    arg0_buf_r0_1_p1_V|         array|
|arg0_buf_r0_1_p1_V_ce1                 |  out|    1|   ap_memory|                    arg0_buf_r0_1_p1_V|         array|
|arg0_buf_r0_1_p1_V_we1                 |  out|    1|   ap_memory|                    arg0_buf_r0_1_p1_V|         array|
|arg0_buf_r0_1_p1_V_d1                  |  out|  256|   ap_memory|                    arg0_buf_r0_1_p1_V|         array|
|arg0_buf_r1_2_p1_V_address0            |  out|    6|   ap_memory|                    arg0_buf_r1_2_p1_V|         array|
|arg0_buf_r1_2_p1_V_ce0                 |  out|    1|   ap_memory|                    arg0_buf_r1_2_p1_V|         array|
|arg0_buf_r1_2_p1_V_q0                  |   in|  256|   ap_memory|                    arg0_buf_r1_2_p1_V|         array|
|arg0_buf_r1_2_p1_V_address1            |  out|    6|   ap_memory|                    arg0_buf_r1_2_p1_V|         array|
|arg0_buf_r1_2_p1_V_ce1                 |  out|    1|   ap_memory|                    arg0_buf_r1_2_p1_V|         array|
|arg0_buf_r1_2_p1_V_we1                 |  out|    1|   ap_memory|                    arg0_buf_r1_2_p1_V|         array|
|arg0_buf_r1_2_p1_V_d1                  |  out|  256|   ap_memory|                    arg0_buf_r1_2_p1_V|         array|
|arg0_buf_p1_2_V_address0               |  out|   14|   ap_memory|                       arg0_buf_p1_2_V|         array|
|arg0_buf_p1_2_V_ce0                    |  out|    1|   ap_memory|                       arg0_buf_p1_2_V|         array|
|arg0_buf_p1_2_V_q0                     |   in|  256|   ap_memory|                       arg0_buf_p1_2_V|         array|
|arg0_buf_p1_2_V_address1               |  out|   14|   ap_memory|                       arg0_buf_p1_2_V|         array|
|arg0_buf_p1_2_V_ce1                    |  out|    1|   ap_memory|                       arg0_buf_p1_2_V|         array|
|arg0_buf_p1_2_V_we1                    |  out|    1|   ap_memory|                       arg0_buf_p1_2_V|         array|
|arg0_buf_p1_2_V_d1                     |  out|  256|   ap_memory|                       arg0_buf_p1_2_V|         array|
|plane_diff                             |   in|   16|     ap_none|                            plane_diff|        scalar|
|add_ln190                              |   in|   17|     ap_none|                             add_ln190|        scalar|
|p_read4_cast                           |   in|   16|     ap_none|                          p_read4_cast|        scalar|
|p_read7_cast                           |   in|   16|     ap_none|                          p_read7_cast|        scalar|
|p_read5_cast                           |   in|   16|     ap_none|                          p_read5_cast|        scalar|
|cond_x_val                             |   in|   16|     ap_none|                            cond_x_val|        scalar|
|cond_y_val                             |   in|   16|     ap_none|                            cond_y_val|        scalar|
|cond_z_val                             |   in|   16|     ap_none|                            cond_z_val|        scalar|
|S3D_7PT_read_ub_itr                    |   in|   32|     ap_none|                   S3D_7PT_read_ub_itr|        scalar|
+---------------------------------------+-----+-----+------------+--------------------------------------+--------------+

============================================================
+ Verbose Summary: Synthesis Manager
============================================================
InlineROM: 1
ExposeGlobal: 0
============================================================
+ Verbose Summary: CDFG Model
============================================================
IsTopModel: 0
ResetActiveHigh: 1
IsCombinational: 2
IsDatapathOnly: 2
HasWiredReturn: 1
HasMFsm: 2
HasVarLatency: 1
IsPipeline: 0
IsRtlPipelined: 0
IsInstanceOverlapped: 0
IsDontTouch: 0
HasImplIP: 0
IsGatedGlobalClock: 0

+ Individual pipeline summary: 
  * Pipeline-0: initiation interval (II) = 1, depth = 20


============================================================
+ Verbose Summary: Schedule
============================================================
* Number of FSM states : 20
* Pipeline : 1
  Pipeline-0 : II = 1, D = 20, States = { 1 2 3 4 5 6 7 8 9 10 11 12 13 14 15 16 17 18 19 20 }
* Dataflow Pipeline: 0

* FSM state transitions: 
1 --> 2 
2 --> 3 
3 --> 4 
4 --> 5 
5 --> 6 
6 --> 7 
7 --> 8 
8 --> 9 
9 --> 10 
10 --> 11 
11 --> 12 
12 --> 13 
13 --> 14 
14 --> 15 
15 --> 16 
16 --> 17 
17 --> 18 
18 --> 19 
19 --> 20 
20 --> 

* FSM state operations: 

State 1 <SV = 0> <Delay = 1.36>
ST_1 : Operation 23 [1/1] (0.00ns)   --->   "%reuse_addr_reg171 = alloca i32 1"   --->   Operation 23 'alloca' 'reuse_addr_reg171' <Predicate = true> <Delay = 0.00>
ST_1 : Operation 24 [1/1] (0.00ns)   --->   "%reuse_reg170 = alloca i32 1"   --->   Operation 24 'alloca' 'reuse_reg170' <Predicate = true> <Delay = 0.00>
ST_1 : Operation 25 [1/1] (0.00ns)   --->   "%reuse_addr_reg165 = alloca i32 1"   --->   Operation 25 'alloca' 'reuse_addr_reg165' <Predicate = true> <Delay = 0.00>
ST_1 : Operation 26 [1/1] (0.00ns)   --->   "%reuse_reg164 = alloca i32 1"   --->   Operation 26 'alloca' 'reuse_reg164' <Predicate = true> <Delay = 0.00>
ST_1 : Operation 27 [1/1] (0.00ns)   --->   "%reuse_addr_reg159 = alloca i32 1"   --->   Operation 27 'alloca' 'reuse_addr_reg159' <Predicate = true> <Delay = 0.00>
ST_1 : Operation 28 [1/1] (0.00ns)   --->   "%reuse_reg158 = alloca i32 1"   --->   Operation 28 'alloca' 'reuse_reg158' <Predicate = true> <Delay = 0.00>
ST_1 : Operation 29 [1/1] (0.00ns)   --->   "%reuse_addr_reg = alloca i32 1"   --->   Operation 29 'alloca' 'reuse_addr_reg' <Predicate = true> <Delay = 0.00>
ST_1 : Operation 30 [1/1] (0.00ns)   --->   "%reuse_reg = alloca i32 1"   --->   Operation 30 'alloca' 'reuse_reg' <Predicate = true> <Delay = 0.00>
ST_1 : Operation 31 [1/1] (0.00ns)   --->   "%S3D_7PT_buf_r1_2_p1_wr = alloca i32 1"   --->   Operation 31 'alloca' 'S3D_7PT_buf_r1_2_p1_wr' <Predicate = true> <Delay = 0.00>
ST_1 : Operation 32 [1/1] (0.00ns)   --->   "%S3D_7PT_buf_r1_2_p1_rd = alloca i32 1"   --->   Operation 32 'alloca' 'S3D_7PT_buf_r1_2_p1_rd' <Predicate = true> <Delay = 0.00>
ST_1 : Operation 33 [1/1] (0.00ns)   --->   "%S3D_7PT_buf_r0_1_p1_wr = alloca i32 1"   --->   Operation 33 'alloca' 'S3D_7PT_buf_r0_1_p1_wr' <Predicate = true> <Delay = 0.00>
ST_1 : Operation 34 [1/1] (0.00ns)   --->   "%S3D_7PT_buf_r0_1_p1_rd = alloca i32 1"   --->   Operation 34 'alloca' 'S3D_7PT_buf_r0_1_p1_rd' <Predicate = true> <Delay = 0.00>
ST_1 : Operation 35 [1/1] (0.00ns)   --->   "%S3D_7PT_buf_p0_1_wr = alloca i32 1"   --->   Operation 35 'alloca' 'S3D_7PT_buf_p0_1_wr' <Predicate = true> <Delay = 0.00>
ST_1 : Operation 36 [1/1] (0.00ns)   --->   "%S3D_7PT_buf_p0_1_rd = alloca i32 1"   --->   Operation 36 'alloca' 'S3D_7PT_buf_p0_1_rd' <Predicate = true> <Delay = 0.00>
ST_1 : Operation 37 [1/1] (0.00ns)   --->   "%S3D_7PT_buf_p1_2_rd = alloca i32 1"   --->   Operation 37 'alloca' 'S3D_7PT_buf_p1_2_rd' <Predicate = true> <Delay = 0.00>
ST_1 : Operation 38 [1/1] (0.00ns)   --->   "%k = alloca i32 1"   --->   Operation 38 'alloca' 'k' <Predicate = true> <Delay = 0.00>
ST_1 : Operation 39 [1/1] (0.00ns)   --->   "%j = alloca i32 1"   --->   Operation 39 'alloca' 'j' <Predicate = true> <Delay = 0.00>
ST_1 : Operation 40 [1/1] (0.00ns)   --->   "%i = alloca i32 1"   --->   Operation 40 'alloca' 'i' <Predicate = true> <Delay = 0.00>
ST_1 : Operation 41 [1/1] (0.00ns)   --->   "%S3D_7PT_buf_p1_2_wr = alloca i32 1"   --->   Operation 41 'alloca' 'S3D_7PT_buf_p1_2_wr' <Predicate = true> <Delay = 0.00>
ST_1 : Operation 42 [1/1] (0.00ns)   --->   "%reg_itr = alloca i32 1"   --->   Operation 42 'alloca' 'reg_itr' <Predicate = true> <Delay = 0.00>
ST_1 : Operation 43 [1/1] (0.00ns)   --->   "%p_Val2_s = alloca i32 1"   --->   Operation 43 'alloca' 'p_Val2_s' <Predicate = true> <Delay = 0.00>
ST_1 : Operation 44 [1/1] (0.00ns)   --->   "%arg0_read_val_V = alloca i32 1"   --->   Operation 44 'alloca' 'arg0_read_val_V' <Predicate = true> <Delay = 0.00>
ST_1 : Operation 45 [1/1] (0.00ns)   --->   "%p_Val2_1 = alloca i32 1"   --->   Operation 45 'alloca' 'p_Val2_1' <Predicate = true> <Delay = 0.00>
ST_1 : Operation 46 [1/1] (0.00ns)   --->   "%S3D_7PT_read_ub_itr_read = read i32 @_ssdm_op_Read.ap_auto.i32, i32 %S3D_7PT_read_ub_itr"   --->   Operation 46 'read' 'S3D_7PT_read_ub_itr_read' <Predicate = true> <Delay = 0.00>
ST_1 : Operation 47 [1/1] (0.00ns)   --->   "%cond_z_val_read = read i16 @_ssdm_op_Read.ap_auto.i16, i16 %cond_z_val"   --->   Operation 47 'read' 'cond_z_val_read' <Predicate = true> <Delay = 0.00>
ST_1 : Operation 48 [1/1] (0.00ns)   --->   "%cond_y_val_read = read i16 @_ssdm_op_Read.ap_auto.i16, i16 %cond_y_val"   --->   Operation 48 'read' 'cond_y_val_read' <Predicate = true> <Delay = 0.00>
ST_1 : Operation 49 [1/1] (0.00ns)   --->   "%cond_x_val_read = read i16 @_ssdm_op_Read.ap_auto.i16, i16 %cond_x_val"   --->   Operation 49 'read' 'cond_x_val_read' <Predicate = true> <Delay = 0.00>
ST_1 : Operation 50 [1/1] (0.00ns)   --->   "%p_read_1 = read i16 @_ssdm_op_Read.ap_auto.i16, i16 %p_read5_cast"   --->   Operation 50 'read' 'p_read_1' <Predicate = true> <Delay = 0.00>
ST_1 : Operation 51 [1/1] (0.00ns)   --->   "%p_read_2 = read i16 @_ssdm_op_Read.ap_auto.i16, i16 %p_read7_cast"   --->   Operation 51 'read' 'p_read_2' <Predicate = true> <Delay = 0.00>
ST_1 : Operation 52 [1/1] (0.00ns)   --->   "%p_read_3 = read i16 @_ssdm_op_Read.ap_auto.i16, i16 %p_read4_cast"   --->   Operation 52 'read' 'p_read_3' <Predicate = true> <Delay = 0.00>
ST_1 : Operation 53 [1/1] (0.00ns)   --->   "%add_ln190_read = read i17 @_ssdm_op_Read.ap_auto.i17, i17 %add_ln190"   --->   Operation 53 'read' 'add_ln190_read' <Predicate = true> <Delay = 0.00>
ST_1 : Operation 54 [1/1] (0.00ns)   --->   "%plane_diff_read = read i16 @_ssdm_op_Read.ap_auto.i16, i16 %plane_diff"   --->   Operation 54 'read' 'plane_diff_read' <Predicate = true> <Delay = 0.00>
ST_1 : Operation 55 [1/1] (0.00ns)   --->   "%zext_ln194_read = read i16 @_ssdm_op_Read.ap_auto.i16, i16 %zext_ln194"   --->   Operation 55 'read' 'zext_ln194_read' <Predicate = true> <Delay = 0.00>
ST_1 : Operation 56 [1/1] (0.00ns)   --->   "%p_read_4 = read i16 @_ssdm_op_Read.ap_auto.i16, i16 %p_read6_cast"   --->   Operation 56 'read' 'p_read_4' <Predicate = true> <Delay = 0.00>
ST_1 : Operation 57 [1/1] (0.00ns)   --->   "%p_read_5 = read i16 @_ssdm_op_Read.ap_auto.i16, i16 %p_read3_cast"   --->   Operation 57 'read' 'p_read_5' <Predicate = true> <Delay = 0.00>
ST_1 : Operation 58 [1/1] (0.00ns)   --->   "%iter_limit_read = read i32 @_ssdm_op_Read.ap_auto.i32, i32 %iter_limit"   --->   Operation 58 'read' 'iter_limit_read' <Predicate = true> <Delay = 0.00>
ST_1 : Operation 59 [1/1] (0.00ns)   --->   "%p_read11 = read i16 @_ssdm_op_Read.ap_auto.i16, i16 %p_read"   --->   Operation 59 'read' 'p_read11' <Predicate = true> <Delay = 0.00>
ST_1 : Operation 60 [1/1] (0.00ns)   --->   "%p_read5_cast_cast = zext i16 %p_read_1"   --->   Operation 60 'zext' 'p_read5_cast_cast' <Predicate = true> <Delay = 0.00>
ST_1 : Operation 61 [1/1] (0.00ns)   --->   "%p_read7_cast_cast = zext i16 %p_read_2"   --->   Operation 61 'zext' 'p_read7_cast_cast' <Predicate = true> <Delay = 0.00>
ST_1 : Operation 62 [1/1] (0.00ns)   --->   "%p_read4_cast_cast = zext i16 %p_read_3"   --->   Operation 62 'zext' 'p_read4_cast_cast' <Predicate = true> <Delay = 0.00>
ST_1 : Operation 63 [1/1] (0.00ns)   --->   "%zext_ln194_cast = zext i16 %zext_ln194_read"   --->   Operation 63 'zext' 'zext_ln194_cast' <Predicate = true> <Delay = 0.00>
ST_1 : Operation 64 [1/1] (0.00ns)   --->   "%p_read6_cast_cast = zext i16 %p_read_4"   --->   Operation 64 'zext' 'p_read6_cast_cast' <Predicate = true> <Delay = 0.00>
ST_1 : Operation 65 [1/1] (0.00ns)   --->   "%p_read3_cast_cast = zext i16 %p_read_5"   --->   Operation 65 'zext' 'p_read3_cast_cast' <Predicate = true> <Delay = 0.00>
ST_1 : Operation 66 [1/1] (0.00ns)   --->   "%specmemcore_ln0 = specmemcore void @_ssdm_op_SpecMemCore, i256 %arg0_buf_p1_2_V, i64 666, i64 28, i64 2"   --->   Operation 66 'specmemcore' 'specmemcore_ln0' <Predicate = true> <Delay = 0.00>
ST_1 : Operation 67 [1/1] (0.00ns)   --->   "%specmemcore_ln0 = specmemcore void @_ssdm_op_SpecMemCore, i256 %arg0_buf_r1_2_p1_V, i64 666, i64 211, i64 2"   --->   Operation 67 'specmemcore' 'specmemcore_ln0' <Predicate = true> <Delay = 0.00>
ST_1 : Operation 68 [1/1] (0.00ns)   --->   "%specmemcore_ln0 = specmemcore void @_ssdm_op_SpecMemCore, i256 %arg0_buf_r0_1_p1_V, i64 666, i64 211, i64 2"   --->   Operation 68 'specmemcore' 'specmemcore_ln0' <Predicate = true> <Delay = 0.00>
ST_1 : Operation 69 [1/1] (0.00ns)   --->   "%specmemcore_ln0 = specmemcore void @_ssdm_op_SpecMemCore, i256 %arg0_buf_p0_1_V, i64 666, i64 28, i64 2"   --->   Operation 69 'specmemcore' 'specmemcore_ln0' <Predicate = true> <Delay = 0.00>
ST_1 : Operation 70 [1/1] (0.00ns)   --->   "%specinterface_ln0 = specinterface void @_ssdm_op_SpecInterface, i256 %arg0_arg1_streams_14, void @empty_2, i32 0, i32 0, void @empty_18, i32 0, i32 0, void @empty_18, void @empty_18, void @empty_18, i32 0, i32 0, i32 0, i32 0, void @empty_18, void @empty_18, i32 4294967295, i32 0"   --->   Operation 70 'specinterface' 'specinterface_ln0' <Predicate = true> <Delay = 0.00>
ST_1 : Operation 71 [1/1] (0.00ns)   --->   "%specinterface_ln0 = specinterface void @_ssdm_op_SpecInterface, i256 %arg0_arg1_streams_1313, void @empty_2, i32 0, i32 0, void @empty_18, i32 0, i32 0, void @empty_18, void @empty_18, void @empty_18, i32 0, i32 0, i32 0, i32 0, void @empty_18, void @empty_18, i32 4294967295, i32 0"   --->   Operation 71 'specinterface' 'specinterface_ln0' <Predicate = true> <Delay = 0.00>
ST_1 : Operation 72 [1/1] (0.53ns)   --->   "%store_ln0 = store i256 0, i256 %arg0_read_val_V"   --->   Operation 72 'store' 'store_ln0' <Predicate = true> <Delay = 0.53>
ST_1 : Operation 73 [1/1] (0.46ns)   --->   "%store_ln0 = store i32 0, i32 %reg_itr"   --->   Operation 73 'store' 'store_ln0' <Predicate = true> <Delay = 0.46>
ST_1 : Operation 74 [1/1] (0.39ns)   --->   "%store_ln0 = store i16 %p_read11, i16 %S3D_7PT_buf_p1_2_wr"   --->   Operation 74 'store' 'store_ln0' <Predicate = true> <Delay = 0.39>
ST_1 : Operation 75 [1/1] (0.39ns)   --->   "%store_ln0 = store i16 65535, i16 %i"   --->   Operation 75 'store' 'store_ln0' <Predicate = true> <Delay = 0.39>
ST_1 : Operation 76 [1/1] (0.39ns)   --->   "%store_ln0 = store i16 0, i16 %j"   --->   Operation 76 'store' 'store_ln0' <Predicate = true> <Delay = 0.39>
ST_1 : Operation 77 [1/1] (0.39ns)   --->   "%store_ln0 = store i16 65535, i16 %k"   --->   Operation 77 'store' 'store_ln0' <Predicate = true> <Delay = 0.39>
ST_1 : Operation 78 [1/1] (0.39ns)   --->   "%store_ln0 = store i16 0, i16 %S3D_7PT_buf_p1_2_rd"   --->   Operation 78 'store' 'store_ln0' <Predicate = true> <Delay = 0.39>
ST_1 : Operation 79 [1/1] (0.39ns)   --->   "%store_ln0 = store i16 0, i16 %S3D_7PT_buf_p0_1_rd"   --->   Operation 79 'store' 'store_ln0' <Predicate = true> <Delay = 0.39>
ST_1 : Operation 80 [1/1] (0.39ns)   --->   "%store_ln0 = store i16 %p_read11, i16 %S3D_7PT_buf_p0_1_wr"   --->   Operation 80 'store' 'store_ln0' <Predicate = true> <Delay = 0.39>
ST_1 : Operation 81 [1/1] (0.39ns)   --->   "%store_ln0 = store i16 0, i16 %S3D_7PT_buf_r0_1_p1_rd"   --->   Operation 81 'store' 'store_ln0' <Predicate = true> <Delay = 0.39>
ST_1 : Operation 82 [1/1] (0.39ns)   --->   "%store_ln0 = store i16 1, i16 %S3D_7PT_buf_r0_1_p1_wr"   --->   Operation 82 'store' 'store_ln0' <Predicate = true> <Delay = 0.39>
ST_1 : Operation 83 [1/1] (0.39ns)   --->   "%store_ln0 = store i16 0, i16 %S3D_7PT_buf_r1_2_p1_rd"   --->   Operation 83 'store' 'store_ln0' <Predicate = true> <Delay = 0.39>
ST_1 : Operation 84 [1/1] (0.39ns)   --->   "%store_ln0 = store i16 1, i16 %S3D_7PT_buf_r1_2_p1_wr"   --->   Operation 84 'store' 'store_ln0' <Predicate = true> <Delay = 0.39>
ST_1 : Operation 85 [1/1] (0.53ns)   --->   "%store_ln0 = store i256 0, i256 %reuse_reg"   --->   Operation 85 'store' 'store_ln0' <Predicate = true> <Delay = 0.53>
ST_1 : Operation 86 [1/1] (0.49ns)   --->   "%store_ln0 = store i64 18446744073709551615, i64 %reuse_addr_reg"   --->   Operation 86 'store' 'store_ln0' <Predicate = true> <Delay = 0.49>
ST_1 : Operation 87 [1/1] (0.53ns)   --->   "%store_ln0 = store i256 0, i256 %reuse_reg158"   --->   Operation 87 'store' 'store_ln0' <Predicate = true> <Delay = 0.53>
ST_1 : Operation 88 [1/1] (0.49ns)   --->   "%store_ln0 = store i64 18446744073709551615, i64 %reuse_addr_reg159"   --->   Operation 88 'store' 'store_ln0' <Predicate = true> <Delay = 0.49>
ST_1 : Operation 89 [1/1] (0.53ns)   --->   "%store_ln0 = store i256 0, i256 %reuse_reg164"   --->   Operation 89 'store' 'store_ln0' <Predicate = true> <Delay = 0.53>
ST_1 : Operation 90 [1/1] (0.49ns)   --->   "%store_ln0 = store i64 18446744073709551615, i64 %reuse_addr_reg165"   --->   Operation 90 'store' 'store_ln0' <Predicate = true> <Delay = 0.49>
ST_1 : Operation 91 [1/1] (0.53ns)   --->   "%store_ln0 = store i256 0, i256 %reuse_reg170"   --->   Operation 91 'store' 'store_ln0' <Predicate = true> <Delay = 0.53>
ST_1 : Operation 92 [1/1] (0.49ns)   --->   "%store_ln0 = store i64 18446744073709551615, i64 %reuse_addr_reg171"   --->   Operation 92 'store' 'store_ln0' <Predicate = true> <Delay = 0.49>
ST_1 : Operation 93 [1/1] (0.00ns)   --->   "%br_ln0 = br void %spc_temp_blocking_read"   --->   Operation 93 'br' 'br_ln0' <Predicate = true> <Delay = 0.00>
ST_1 : Operation 94 [1/1] (0.00ns)   --->   "%itr_3 = load i32 %reg_itr" [/home/x_thileeb/repos/ops-hls-pact25-artifact/codegen_apps/jacobian3d/vck5000_project/hls/device/include/PE_jac3D_kernel_stencil.hpp:194]   --->   Operation 94 'load' 'itr_3' <Predicate = true> <Delay = 0.00>
ST_1 : Operation 95 [1/1] (0.89ns)   --->   "%itr = add i32 %itr_3, i32 1" [/home/x_thileeb/repos/ops-hls-pact25-artifact/codegen_apps/jacobian3d/vck5000_project/hls/device/include/PE_jac3D_kernel_stencil.hpp:194]   --->   Operation 95 'add' 'itr' <Predicate = true> <Delay = 0.89> <CoreInst = "Adder">   --->   Core 1 'Adder' <Latency = 0> <II = 1> <Delay = 0.89> <FuncUnit> <Opcode : 'add' 'sub'> <InPorts = 2> <OutPorts = 1>
ST_1 : Operation 96 [1/1] (0.70ns)   --->   "%icmp_ln194 = icmp_eq  i32 %itr_3, i32 %iter_limit_read" [/home/x_thileeb/repos/ops-hls-pact25-artifact/codegen_apps/jacobian3d/vck5000_project/hls/device/include/PE_jac3D_kernel_stencil.hpp:194]   --->   Operation 96 'icmp' 'icmp_ln194' <Predicate = true> <Delay = 0.70> <CoreInst = "Cmp">   --->   Core 9 'Cmp' <Latency = 0> <II = 1> <Delay = 0.70> <FuncUnit> <Opcode : 'icmp'> <InPorts = 2> <OutPorts = 1>
ST_1 : Operation 97 [1/1] (0.00ns)   --->   "%br_ln194 = br i1 %icmp_ln194, void %spc_temp_blocking_read.split, void %for.end461.loopexit.exitStub" [/home/x_thileeb/repos/ops-hls-pact25-artifact/codegen_apps/jacobian3d/vck5000_project/hls/device/include/PE_jac3D_kernel_stencil.hpp:194]   --->   Operation 97 'br' 'br_ln194' <Predicate = true> <Delay = 0.00>
ST_1 : Operation 98 [1/1] (0.70ns)   --->   "%S3D_7PT_read_cond = icmp_ult  i32 %itr_3, i32 %S3D_7PT_read_ub_itr_read" [/home/x_thileeb/repos/ops-hls-pact25-artifact/codegen_apps/jacobian3d/vck5000_project/hls/device/include/PE_jac3D_kernel_stencil.hpp:242]   --->   Operation 98 'icmp' 'S3D_7PT_read_cond' <Predicate = (!icmp_ln194)> <Delay = 0.70> <CoreInst = "Cmp">   --->   Core 9 'Cmp' <Latency = 0> <II = 1> <Delay = 0.70> <FuncUnit> <Opcode : 'icmp'> <InPorts = 2> <OutPorts = 1>
ST_1 : Operation 99 [1/1] (0.00ns)   --->   "%br_ln245 = br i1 %S3D_7PT_read_cond, void %if.end167, void %if.then166" [/home/x_thileeb/repos/ops-hls-pact25-artifact/codegen_apps/jacobian3d/vck5000_project/hls/device/include/PE_jac3D_kernel_stencil.hpp:245]   --->   Operation 99 'br' 'br_ln245' <Predicate = (!icmp_ln194)> <Delay = 0.00>
ST_1 : Operation 100 [1/1] (0.46ns)   --->   "%store_ln194 = store i32 %itr, i32 %reg_itr" [/home/x_thileeb/repos/ops-hls-pact25-artifact/codegen_apps/jacobian3d/vck5000_project/hls/device/include/PE_jac3D_kernel_stencil.hpp:194]   --->   Operation 100 'store' 'store_ln194' <Predicate = (!icmp_ln194)> <Delay = 0.46>

State 2 <SV = 1> <Delay = 1.75>
ST_2 : Operation 101 [1/1] (1.21ns)   --->   "%arg0_read_val_V_1 = read i256 @_ssdm_op_Read.ap_fifo.volatile.i256P0A, i256 %arg0_arg1_streams_1313" [/tools/Xilinx/Vitis_HLS/2022.1/common/technology/autopilot/hls_stream_39.h:145]   --->   Operation 101 'read' 'arg0_read_val_V_1' <Predicate = (!icmp_ln194 & S3D_7PT_read_cond)> <Delay = 1.21> <CoreInst = "FIFO">   --->   Core 82 'FIFO' <Latency = 0> <II = 1> <Delay = 1.38> <Storage> <Opcode : 'read' 'write' 'nbread' 'nbwrite'> <Ports = 0> <Width = 256> <Depth = 10> <FIFO>
ST_2 : Operation 102 [1/1] (0.53ns)   --->   "%store_ln248 = store i256 %arg0_read_val_V_1, i256 %arg0_read_val_V" [/home/x_thileeb/repos/ops-hls-pact25-artifact/codegen_apps/jacobian3d/vck5000_project/hls/device/include/PE_jac3D_kernel_stencil.hpp:248]   --->   Operation 102 'store' 'store_ln248' <Predicate = (!icmp_ln194 & S3D_7PT_read_cond)> <Delay = 0.53>
ST_2 : Operation 103 [1/1] (0.00ns)   --->   "%br_ln248 = br void %if.end167" [/home/x_thileeb/repos/ops-hls-pact25-artifact/codegen_apps/jacobian3d/vck5000_project/hls/device/include/PE_jac3D_kernel_stencil.hpp:248]   --->   Operation 103 'br' 'br_ln248' <Predicate = (!icmp_ln194 & S3D_7PT_read_cond)> <Delay = 0.00>
ST_2 : Operation 104 [1/1] (0.00ns)   --->   "%S3D_7PT_buf_p1_2_wr_load = load i16 %S3D_7PT_buf_p1_2_wr" [/home/x_thileeb/repos/ops-hls-pact25-artifact/codegen_apps/jacobian3d/vck5000_project/hls/device/include/PE_jac3D_kernel_stencil.hpp:304]   --->   Operation 104 'load' 'S3D_7PT_buf_p1_2_wr_load' <Predicate = (!icmp_ln194)> <Delay = 0.00>
ST_2 : Operation 105 [1/1] (0.00ns)   --->   "%zext_ln262 = zext i16 %S3D_7PT_buf_p1_2_wr_load" [/home/x_thileeb/repos/ops-hls-pact25-artifact/codegen_apps/jacobian3d/vck5000_project/hls/device/include/PE_jac3D_kernel_stencil.hpp:262]   --->   Operation 105 'zext' 'zext_ln262' <Predicate = (!icmp_ln194)> <Delay = 0.00>
ST_2 : Operation 106 [1/1] (0.00ns)   --->   "%arg0_buf_p1_2_V_addr = getelementptr i256 %arg0_buf_p1_2_V, i64 0, i64 %zext_ln262" [/home/x_thileeb/repos/ops-hls-pact25-artifact/codegen_apps/jacobian3d/vck5000_project/hls/device/include/PE_jac3D_kernel_stencil.hpp:262]   --->   Operation 106 'getelementptr' 'arg0_buf_p1_2_V_addr' <Predicate = (!icmp_ln194)> <Delay = 0.00>
ST_2 : Operation 107 [3/3] (1.17ns)   --->   "%arg0_buf_p1_2_V_load = load i14 %arg0_buf_p1_2_V_addr" [/home/x_thileeb/repos/ops-hls-pact25-artifact/codegen_apps/jacobian3d/vck5000_project/hls/device/include/PE_jac3D_kernel_stencil.hpp:262]   --->   Operation 107 'load' 'arg0_buf_p1_2_V_load' <Predicate = (!icmp_ln194)> <Delay = 1.17> <CoreInst = "RAM_S2P_URAM">   --->   Core 102 'RAM_S2P_URAM' <Latency = 2> <II = 1> <Delay = 1.25> <Storage> <Opcode : 'load' 'store'> <Ports = 2> <Width = 256> <Depth = 11476> <RAM>
ST_2 : Operation 108 [1/1] (0.62ns)   --->   "%icmp_ln304 = icmp_ult  i16 %S3D_7PT_buf_p1_2_wr_load, i16 %plane_diff_read" [/home/x_thileeb/repos/ops-hls-pact25-artifact/codegen_apps/jacobian3d/vck5000_project/hls/device/include/PE_jac3D_kernel_stencil.hpp:304]   --->   Operation 108 'icmp' 'icmp_ln304' <Predicate = (!icmp_ln194)> <Delay = 0.62> <CoreInst = "Cmp">   --->   Core 9 'Cmp' <Latency = 0> <II = 1> <Delay = 0.62> <FuncUnit> <Opcode : 'icmp'> <InPorts = 2> <OutPorts = 1>
ST_2 : Operation 109 [1/1] (0.00ns) (grouped into LUT with out node S3D_7PT_buf_p1_2_wr_2)   --->   "%cond_end_of_line_buff_S3D_7PT_buf_p1_2_wr = xor i1 %icmp_ln304, i1 1" [/home/x_thileeb/repos/ops-hls-pact25-artifact/codegen_apps/jacobian3d/vck5000_project/hls/device/include/PE_jac3D_kernel_stencil.hpp:304]   --->   Operation 109 'xor' 'cond_end_of_line_buff_S3D_7PT_buf_p1_2_wr' <Predicate = (!icmp_ln194)> <Delay = 0.00> <CoreInst = "LogicGate">   --->   Core 78 'LogicGate' <Latency = 0> <II = 1> <Delay = 0.30> <FuncUnit> <Opcode : 'and' 'or' 'xor'> <InPorts = 2> <OutPorts = 1>
ST_2 : Operation 110 [1/1] (0.82ns)   --->   "%S3D_7PT_buf_p1_2_wr_1 = add i16 %S3D_7PT_buf_p1_2_wr_load, i16 1" [/home/x_thileeb/repos/ops-hls-pact25-artifact/codegen_apps/jacobian3d/vck5000_project/hls/device/include/PE_jac3D_kernel_stencil.hpp:314]   --->   Operation 110 'add' 'S3D_7PT_buf_p1_2_wr_1' <Predicate = (!icmp_ln194)> <Delay = 0.82> <CoreInst = "Adder">   --->   Core 1 'Adder' <Latency = 0> <II = 1> <Delay = 0.82> <FuncUnit> <Opcode : 'add' 'sub'> <InPorts = 2> <OutPorts = 1>
ST_2 : Operation 111 [1/1] (0.38ns) (out node of the LUT)   --->   "%S3D_7PT_buf_p1_2_wr_2 = select i1 %cond_end_of_line_buff_S3D_7PT_buf_p1_2_wr, i16 0, i16 %S3D_7PT_buf_p1_2_wr_1" [/home/x_thileeb/repos/ops-hls-pact25-artifact/codegen_apps/jacobian3d/vck5000_project/hls/device/include/PE_jac3D_kernel_stencil.hpp:311]   --->   Operation 111 'select' 'S3D_7PT_buf_p1_2_wr_2' <Predicate = (!icmp_ln194)> <Delay = 0.38> <CoreInst = "Sel">   --->   Core 77 'Sel' <Latency = 0> <II = 1> <Delay = 0.38> <FuncUnit> <Opcode : 'select'> <InPorts = 3> <OutPorts = 1>
ST_2 : Operation 112 [1/1] (0.39ns)   --->   "%store_ln194 = store i16 %S3D_7PT_buf_p1_2_wr_2, i16 %S3D_7PT_buf_p1_2_wr" [/home/x_thileeb/repos/ops-hls-pact25-artifact/codegen_apps/jacobian3d/vck5000_project/hls/device/include/PE_jac3D_kernel_stencil.hpp:194]   --->   Operation 112 'store' 'store_ln194' <Predicate = (!icmp_ln194)> <Delay = 0.39>

State 3 <SV = 2> <Delay = 1.60>
ST_3 : Operation 113 [1/1] (0.00ns)   --->   "%S3D_7PT_buf_p1_2_rd_load = load i16 %S3D_7PT_buf_p1_2_rd" [/home/x_thileeb/repos/ops-hls-pact25-artifact/codegen_apps/jacobian3d/vck5000_project/hls/device/include/PE_jac3D_kernel_stencil.hpp:303]   --->   Operation 113 'load' 'S3D_7PT_buf_p1_2_rd_load' <Predicate = (!icmp_ln194)> <Delay = 0.00>
ST_3 : Operation 114 [1/1] (0.00ns)   --->   "%arg0_read_val_V_2 = load i256 %arg0_read_val_V"   --->   Operation 114 'load' 'arg0_read_val_V_2' <Predicate = (!icmp_ln194)> <Delay = 0.00>
ST_3 : Operation 115 [1/1] (0.00ns)   --->   "%reuse_addr_reg_load = load i64 %reuse_addr_reg"   --->   Operation 115 'load' 'reuse_addr_reg_load' <Predicate = (!icmp_ln194)> <Delay = 0.00>
ST_3 : Operation 116 [2/3] (1.25ns)   --->   "%arg0_buf_p1_2_V_load = load i14 %arg0_buf_p1_2_V_addr" [/home/x_thileeb/repos/ops-hls-pact25-artifact/codegen_apps/jacobian3d/vck5000_project/hls/device/include/PE_jac3D_kernel_stencil.hpp:262]   --->   Operation 116 'load' 'arg0_buf_p1_2_V_load' <Predicate = (!icmp_ln194)> <Delay = 1.25> <CoreInst = "RAM_S2P_URAM">   --->   Core 102 'RAM_S2P_URAM' <Latency = 2> <II = 1> <Delay = 1.25> <Storage> <Opcode : 'load' 'store'> <Ports = 2> <Width = 256> <Depth = 11476> <RAM>
ST_3 : Operation 117 [1/1] (0.77ns)   --->   "%addr_cmp = icmp_eq  i64 %reuse_addr_reg_load, i64 %zext_ln262" [/home/x_thileeb/repos/ops-hls-pact25-artifact/codegen_apps/jacobian3d/vck5000_project/hls/device/include/PE_jac3D_kernel_stencil.hpp:262]   --->   Operation 117 'icmp' 'addr_cmp' <Predicate = (!icmp_ln194)> <Delay = 0.77> <CoreInst = "Cmp">   --->   Core 9 'Cmp' <Latency = 0> <II = 1> <Delay = 0.77> <FuncUnit> <Opcode : 'icmp'> <InPorts = 2> <OutPorts = 1>
ST_3 : Operation 118 [1/1] (0.00ns)   --->   "%zext_ln265 = zext i16 %S3D_7PT_buf_p1_2_rd_load" [/home/x_thileeb/repos/ops-hls-pact25-artifact/codegen_apps/jacobian3d/vck5000_project/hls/device/include/PE_jac3D_kernel_stencil.hpp:265]   --->   Operation 118 'zext' 'zext_ln265' <Predicate = (!icmp_ln194)> <Delay = 0.00>
ST_3 : Operation 119 [1/1] (0.00ns)   --->   "%arg0_buf_p1_2_V_addr_1 = getelementptr i256 %arg0_buf_p1_2_V, i64 0, i64 %zext_ln265" [/home/x_thileeb/repos/ops-hls-pact25-artifact/codegen_apps/jacobian3d/vck5000_project/hls/device/include/PE_jac3D_kernel_stencil.hpp:265]   --->   Operation 119 'getelementptr' 'arg0_buf_p1_2_V_addr_1' <Predicate = (!icmp_ln194)> <Delay = 0.00>
ST_3 : Operation 120 [1/1] (1.17ns)   --->   "%store_ln265 = store i256 %arg0_read_val_V_2, i14 %arg0_buf_p1_2_V_addr_1" [/home/x_thileeb/repos/ops-hls-pact25-artifact/codegen_apps/jacobian3d/vck5000_project/hls/device/include/PE_jac3D_kernel_stencil.hpp:265]   --->   Operation 120 'store' 'store_ln265' <Predicate = (!icmp_ln194)> <Delay = 1.17> <CoreInst = "RAM_S2P_URAM">   --->   Core 102 'RAM_S2P_URAM' <Latency = 2> <II = 1> <Delay = 1.25> <Storage> <Opcode : 'load' 'store'> <Ports = 2> <Width = 256> <Depth = 11476> <RAM>
ST_3 : Operation 121 [1/1] (0.49ns)   --->   "%store_ln265 = store i64 %zext_ln265, i64 %reuse_addr_reg" [/home/x_thileeb/repos/ops-hls-pact25-artifact/codegen_apps/jacobian3d/vck5000_project/hls/device/include/PE_jac3D_kernel_stencil.hpp:265]   --->   Operation 121 'store' 'store_ln265' <Predicate = (!icmp_ln194)> <Delay = 0.49>
ST_3 : Operation 122 [1/1] (0.62ns)   --->   "%icmp_ln303 = icmp_ult  i16 %S3D_7PT_buf_p1_2_rd_load, i16 %plane_diff_read" [/home/x_thileeb/repos/ops-hls-pact25-artifact/codegen_apps/jacobian3d/vck5000_project/hls/device/include/PE_jac3D_kernel_stencil.hpp:303]   --->   Operation 122 'icmp' 'icmp_ln303' <Predicate = (!icmp_ln194)> <Delay = 0.62> <CoreInst = "Cmp">   --->   Core 9 'Cmp' <Latency = 0> <II = 1> <Delay = 0.62> <FuncUnit> <Opcode : 'icmp'> <InPorts = 2> <OutPorts = 1>
ST_3 : Operation 123 [1/1] (0.00ns) (grouped into LUT with out node S3D_7PT_buf_p1_2_rd_2)   --->   "%cond_end_of_line_buff_S3D_7PT_buf_p1_2_rd = xor i1 %icmp_ln303, i1 1" [/home/x_thileeb/repos/ops-hls-pact25-artifact/codegen_apps/jacobian3d/vck5000_project/hls/device/include/PE_jac3D_kernel_stencil.hpp:303]   --->   Operation 123 'xor' 'cond_end_of_line_buff_S3D_7PT_buf_p1_2_rd' <Predicate = (!icmp_ln194)> <Delay = 0.00> <CoreInst = "LogicGate">   --->   Core 78 'LogicGate' <Latency = 0> <II = 1> <Delay = 0.30> <FuncUnit> <Opcode : 'and' 'or' 'xor'> <InPorts = 2> <OutPorts = 1>
ST_3 : Operation 124 [1/1] (0.82ns)   --->   "%S3D_7PT_buf_p1_2_rd_1 = add i16 %S3D_7PT_buf_p1_2_rd_load, i16 1" [/home/x_thileeb/repos/ops-hls-pact25-artifact/codegen_apps/jacobian3d/vck5000_project/hls/device/include/PE_jac3D_kernel_stencil.hpp:309]   --->   Operation 124 'add' 'S3D_7PT_buf_p1_2_rd_1' <Predicate = (!icmp_ln194)> <Delay = 0.82> <CoreInst = "Adder">   --->   Core 1 'Adder' <Latency = 0> <II = 1> <Delay = 0.82> <FuncUnit> <Opcode : 'add' 'sub'> <InPorts = 2> <OutPorts = 1>
ST_3 : Operation 125 [1/1] (0.38ns) (out node of the LUT)   --->   "%S3D_7PT_buf_p1_2_rd_2 = select i1 %cond_end_of_line_buff_S3D_7PT_buf_p1_2_rd, i16 0, i16 %S3D_7PT_buf_p1_2_rd_1" [/home/x_thileeb/repos/ops-hls-pact25-artifact/codegen_apps/jacobian3d/vck5000_project/hls/device/include/PE_jac3D_kernel_stencil.hpp:306]   --->   Operation 125 'select' 'S3D_7PT_buf_p1_2_rd_2' <Predicate = (!icmp_ln194)> <Delay = 0.38> <CoreInst = "Sel">   --->   Core 77 'Sel' <Latency = 0> <II = 1> <Delay = 0.38> <FuncUnit> <Opcode : 'select'> <InPorts = 3> <OutPorts = 1>
ST_3 : Operation 126 [1/1] (0.00ns)   --->   "%arg0_tmpConverter_1_2 = trunc i256 %arg0_read_val_V_2"   --->   Operation 126 'trunc' 'arg0_tmpConverter_1_2' <Predicate = (!icmp_ln194)> <Delay = 0.00>
ST_3 : Operation 127 [1/1] (0.00ns)   --->   "%arg0_tmpConverter_1_2_1 = partselect i32 @_ssdm_op_PartSelect.i32.i256.i32.i32, i256 %arg0_read_val_V_2, i32 32, i32 63"   --->   Operation 127 'partselect' 'arg0_tmpConverter_1_2_1' <Predicate = (!icmp_ln194)> <Delay = 0.00>
ST_3 : Operation 128 [1/1] (0.00ns)   --->   "%arg0_tmpConverter_1_2_2 = partselect i32 @_ssdm_op_PartSelect.i32.i256.i32.i32, i256 %arg0_read_val_V_2, i32 64, i32 95"   --->   Operation 128 'partselect' 'arg0_tmpConverter_1_2_2' <Predicate = (!icmp_ln194)> <Delay = 0.00>
ST_3 : Operation 129 [1/1] (0.00ns)   --->   "%arg0_tmpConverter_1_2_3 = partselect i32 @_ssdm_op_PartSelect.i32.i256.i32.i32, i256 %arg0_read_val_V_2, i32 96, i32 127"   --->   Operation 129 'partselect' 'arg0_tmpConverter_1_2_3' <Predicate = (!icmp_ln194)> <Delay = 0.00>
ST_3 : Operation 130 [1/1] (0.00ns)   --->   "%arg0_tmpConverter_1_2_4 = partselect i32 @_ssdm_op_PartSelect.i32.i256.i32.i32, i256 %arg0_read_val_V_2, i32 128, i32 159"   --->   Operation 130 'partselect' 'arg0_tmpConverter_1_2_4' <Predicate = (!icmp_ln194)> <Delay = 0.00>
ST_3 : Operation 131 [1/1] (0.00ns)   --->   "%arg0_tmpConverter_1_2_5 = partselect i32 @_ssdm_op_PartSelect.i32.i256.i32.i32, i256 %arg0_read_val_V_2, i32 160, i32 191"   --->   Operation 131 'partselect' 'arg0_tmpConverter_1_2_5' <Predicate = (!icmp_ln194)> <Delay = 0.00>
ST_3 : Operation 132 [1/1] (0.00ns)   --->   "%arg0_tmpConverter_1_2_6 = partselect i32 @_ssdm_op_PartSelect.i32.i256.i32.i32, i256 %arg0_read_val_V_2, i32 192, i32 223"   --->   Operation 132 'partselect' 'arg0_tmpConverter_1_2_6' <Predicate = (!icmp_ln194)> <Delay = 0.00>
ST_3 : Operation 133 [1/1] (0.00ns)   --->   "%arg0_tmpConverter_1_2_7 = partselect i32 @_ssdm_op_PartSelect.i32.i256.i32.i32, i256 %arg0_read_val_V_2, i32 224, i32 255"   --->   Operation 133 'partselect' 'arg0_tmpConverter_1_2_7' <Predicate = (!icmp_ln194)> <Delay = 0.00>
ST_3 : Operation 134 [1/1] (0.39ns)   --->   "%store_ln194 = store i16 %S3D_7PT_buf_p1_2_rd_2, i16 %S3D_7PT_buf_p1_2_rd" [/home/x_thileeb/repos/ops-hls-pact25-artifact/codegen_apps/jacobian3d/vck5000_project/hls/device/include/PE_jac3D_kernel_stencil.hpp:194]   --->   Operation 134 'store' 'store_ln194' <Predicate = (!icmp_ln194)> <Delay = 0.39>

State 4 <SV = 3> <Delay = 1.74>
ST_4 : Operation 135 [1/1] (0.00ns)   --->   "%S3D_7PT_buf_r1_2_p1_wr_load = load i16 %S3D_7PT_buf_r1_2_p1_wr" [/home/x_thileeb/repos/ops-hls-pact25-artifact/codegen_apps/jacobian3d/vck5000_project/hls/device/include/PE_jac3D_kernel_stencil.hpp:302]   --->   Operation 135 'load' 'S3D_7PT_buf_r1_2_p1_wr_load' <Predicate = (!icmp_ln194)> <Delay = 0.00>
ST_4 : Operation 136 [1/1] (0.00ns)   --->   "%zext_ln260 = zext i16 %S3D_7PT_buf_r1_2_p1_wr_load" [/home/x_thileeb/repos/ops-hls-pact25-artifact/codegen_apps/jacobian3d/vck5000_project/hls/device/include/PE_jac3D_kernel_stencil.hpp:260]   --->   Operation 136 'zext' 'zext_ln260' <Predicate = (!icmp_ln194)> <Delay = 0.00>
ST_4 : Operation 137 [1/1] (0.00ns)   --->   "%arg0_buf_r1_2_p1_V_addr = getelementptr i256 %arg0_buf_r1_2_p1_V, i64 0, i64 %zext_ln260" [/home/x_thileeb/repos/ops-hls-pact25-artifact/codegen_apps/jacobian3d/vck5000_project/hls/device/include/PE_jac3D_kernel_stencil.hpp:260]   --->   Operation 137 'getelementptr' 'arg0_buf_r1_2_p1_V_addr' <Predicate = (!icmp_ln194)> <Delay = 0.00>
ST_4 : Operation 138 [3/3] (0.77ns)   --->   "%arg0_buf_r1_2_p1_V_load = load i6 %arg0_buf_r1_2_p1_V_addr" [/home/x_thileeb/repos/ops-hls-pact25-artifact/codegen_apps/jacobian3d/vck5000_project/hls/device/include/PE_jac3D_kernel_stencil.hpp:260]   --->   Operation 138 'load' 'arg0_buf_r1_2_p1_V_load' <Predicate = (!icmp_ln194)> <Delay = 0.77> <CoreInst = "RAM_S2P_BRAM">   --->   Core 101 'RAM_S2P_BRAM' <Latency = 2> <II = 1> <Delay = 1.25> <Storage> <Opcode : 'load' 'store'> <Ports = 2> <Width = 256> <Depth = 38> <RAM>
ST_4 : Operation 139 [1/1] (0.00ns)   --->   "%reuse_reg_load = load i256 %reuse_reg"   --->   Operation 139 'load' 'reuse_reg_load' <Predicate = (!icmp_ln194 & addr_cmp)> <Delay = 0.00>
ST_4 : Operation 140 [1/3] (1.04ns)   --->   "%arg0_buf_p1_2_V_load = load i14 %arg0_buf_p1_2_V_addr" [/home/x_thileeb/repos/ops-hls-pact25-artifact/codegen_apps/jacobian3d/vck5000_project/hls/device/include/PE_jac3D_kernel_stencil.hpp:262]   --->   Operation 140 'load' 'arg0_buf_p1_2_V_load' <Predicate = (!icmp_ln194)> <Delay = 1.04> <CoreInst = "RAM_S2P_URAM">   --->   Core 102 'RAM_S2P_URAM' <Latency = 2> <II = 1> <Delay = 1.25> <Storage> <Opcode : 'load' 'store'> <Ports = 2> <Width = 256> <Depth = 11476> <RAM>
ST_4 : Operation 141 [1/1] (0.70ns)   --->   "%t_3 = select i1 %addr_cmp, i256 %reuse_reg_load, i256 %arg0_buf_p1_2_V_load" [/home/x_thileeb/repos/ops-hls-pact25-artifact/codegen_apps/jacobian3d/vck5000_project/hls/device/include/PE_jac3D_kernel_stencil.hpp:262]   --->   Operation 141 'select' 't_3' <Predicate = (!icmp_ln194)> <Delay = 0.70> <CoreInst = "Sel">   --->   Core 77 'Sel' <Latency = 0> <II = 1> <Delay = 0.70> <FuncUnit> <Opcode : 'select'> <InPorts = 3> <OutPorts = 1>
ST_4 : Operation 142 [1/1] (0.53ns)   --->   "%store_ln714 = store i256 %arg0_read_val_V_2, i256 %reuse_reg"   --->   Operation 142 'store' 'store_ln714' <Predicate = (!icmp_ln194)> <Delay = 0.53>
ST_4 : Operation 143 [1/1] (0.00ns)   --->   "%zext_ln292 = zext i16 %S3D_7PT_buf_r1_2_p1_wr_load" [/home/x_thileeb/repos/ops-hls-pact25-artifact/codegen_apps/jacobian3d/vck5000_project/hls/device/include/PE_jac3D_kernel_stencil.hpp:292]   --->   Operation 143 'zext' 'zext_ln292' <Predicate = (!icmp_ln194)> <Delay = 0.00>
ST_4 : Operation 144 [1/1] (0.65ns)   --->   "%icmp_ln292 = icmp_slt  i17 %zext_ln292, i17 %add_ln190_read" [/home/x_thileeb/repos/ops-hls-pact25-artifact/codegen_apps/jacobian3d/vck5000_project/hls/device/include/PE_jac3D_kernel_stencil.hpp:292]   --->   Operation 144 'icmp' 'icmp_ln292' <Predicate = (!icmp_ln194)> <Delay = 0.65> <CoreInst = "Cmp">   --->   Core 9 'Cmp' <Latency = 0> <II = 1> <Delay = 0.65> <FuncUnit> <Opcode : 'icmp'> <InPorts = 2> <OutPorts = 1>
ST_4 : Operation 145 [1/1] (0.00ns) (grouped into LUT with out node S3D_7PT_buf_r1_2_p1_wr_2)   --->   "%cond_end_of_line_buff_S3D_7PT_buf_r1_2_p1_wr = xor i1 %icmp_ln292, i1 1" [/home/x_thileeb/repos/ops-hls-pact25-artifact/codegen_apps/jacobian3d/vck5000_project/hls/device/include/PE_jac3D_kernel_stencil.hpp:292]   --->   Operation 145 'xor' 'cond_end_of_line_buff_S3D_7PT_buf_r1_2_p1_wr' <Predicate = (!icmp_ln194)> <Delay = 0.00> <CoreInst = "LogicGate">   --->   Core 78 'LogicGate' <Latency = 0> <II = 1> <Delay = 0.30> <FuncUnit> <Opcode : 'and' 'or' 'xor'> <InPorts = 2> <OutPorts = 1>
ST_4 : Operation 146 [1/1] (0.82ns)   --->   "%S3D_7PT_buf_r1_2_p1_wr_1 = add i16 %S3D_7PT_buf_r1_2_p1_wr_load, i16 1" [/home/x_thileeb/repos/ops-hls-pact25-artifact/codegen_apps/jacobian3d/vck5000_project/hls/device/include/PE_jac3D_kernel_stencil.hpp:302]   --->   Operation 146 'add' 'S3D_7PT_buf_r1_2_p1_wr_1' <Predicate = (!icmp_ln194)> <Delay = 0.82> <CoreInst = "Adder">   --->   Core 1 'Adder' <Latency = 0> <II = 1> <Delay = 0.82> <FuncUnit> <Opcode : 'add' 'sub'> <InPorts = 2> <OutPorts = 1>
ST_4 : Operation 147 [1/1] (0.38ns) (out node of the LUT)   --->   "%S3D_7PT_buf_r1_2_p1_wr_2 = select i1 %cond_end_of_line_buff_S3D_7PT_buf_r1_2_p1_wr, i16 0, i16 %S3D_7PT_buf_r1_2_p1_wr_1" [/home/x_thileeb/repos/ops-hls-pact25-artifact/codegen_apps/jacobian3d/vck5000_project/hls/device/include/PE_jac3D_kernel_stencil.hpp:299]   --->   Operation 147 'select' 'S3D_7PT_buf_r1_2_p1_wr_2' <Predicate = (!icmp_ln194)> <Delay = 0.38> <CoreInst = "Sel">   --->   Core 77 'Sel' <Latency = 0> <II = 1> <Delay = 0.38> <FuncUnit> <Opcode : 'select'> <InPorts = 3> <OutPorts = 1>
ST_4 : Operation 148 [1/1] (0.00ns)   --->   "%arg0_tmpConverter_2_1 = trunc i256 %t_3"   --->   Operation 148 'trunc' 'arg0_tmpConverter_2_1' <Predicate = (!icmp_ln194)> <Delay = 0.00>
ST_4 : Operation 149 [1/1] (0.00ns)   --->   "%arg0_tmpConverter_2_1_1 = partselect i32 @_ssdm_op_PartSelect.i32.i256.i32.i32, i256 %t_3, i32 32, i32 63"   --->   Operation 149 'partselect' 'arg0_tmpConverter_2_1_1' <Predicate = (!icmp_ln194)> <Delay = 0.00>
ST_4 : Operation 150 [1/1] (0.00ns)   --->   "%arg0_tmpConverter_2_1_2 = partselect i32 @_ssdm_op_PartSelect.i32.i256.i32.i32, i256 %t_3, i32 64, i32 95"   --->   Operation 150 'partselect' 'arg0_tmpConverter_2_1_2' <Predicate = (!icmp_ln194)> <Delay = 0.00>
ST_4 : Operation 151 [1/1] (0.00ns)   --->   "%arg0_tmpConverter_2_1_3 = partselect i32 @_ssdm_op_PartSelect.i32.i256.i32.i32, i256 %t_3, i32 96, i32 127"   --->   Operation 151 'partselect' 'arg0_tmpConverter_2_1_3' <Predicate = (!icmp_ln194)> <Delay = 0.00>
ST_4 : Operation 152 [1/1] (0.00ns)   --->   "%arg0_tmpConverter_2_1_4 = partselect i32 @_ssdm_op_PartSelect.i32.i256.i32.i32, i256 %t_3, i32 128, i32 159"   --->   Operation 152 'partselect' 'arg0_tmpConverter_2_1_4' <Predicate = (!icmp_ln194)> <Delay = 0.00>
ST_4 : Operation 153 [1/1] (0.00ns)   --->   "%arg0_tmpConverter_2_1_5 = partselect i32 @_ssdm_op_PartSelect.i32.i256.i32.i32, i256 %t_3, i32 160, i32 191"   --->   Operation 153 'partselect' 'arg0_tmpConverter_2_1_5' <Predicate = (!icmp_ln194)> <Delay = 0.00>
ST_4 : Operation 154 [1/1] (0.00ns)   --->   "%arg0_tmpConverter_2_1_6 = partselect i32 @_ssdm_op_PartSelect.i32.i256.i32.i32, i256 %t_3, i32 192, i32 223"   --->   Operation 154 'partselect' 'arg0_tmpConverter_2_1_6' <Predicate = (!icmp_ln194)> <Delay = 0.00>
ST_4 : Operation 155 [1/1] (0.00ns)   --->   "%arg0_tmpConverter_2_1_7 = partselect i32 @_ssdm_op_PartSelect.i32.i256.i32.i32, i256 %t_3, i32 224, i32 255"   --->   Operation 155 'partselect' 'arg0_tmpConverter_2_1_7' <Predicate = (!icmp_ln194)> <Delay = 0.00>
ST_4 : Operation 156 [1/1] (0.39ns)   --->   "%store_ln194 = store i16 %S3D_7PT_buf_r1_2_p1_wr_2, i16 %S3D_7PT_buf_r1_2_p1_wr" [/home/x_thileeb/repos/ops-hls-pact25-artifact/codegen_apps/jacobian3d/vck5000_project/hls/device/include/PE_jac3D_kernel_stencil.hpp:194]   --->   Operation 156 'store' 'store_ln194' <Predicate = (!icmp_ln194)> <Delay = 0.39>

State 5 <SV = 4> <Delay = 1.60>
ST_5 : Operation 157 [1/1] (0.00ns)   --->   "%S3D_7PT_buf_r1_2_p1_rd_load = load i16 %S3D_7PT_buf_r1_2_p1_rd" [/home/x_thileeb/repos/ops-hls-pact25-artifact/codegen_apps/jacobian3d/vck5000_project/hls/device/include/PE_jac3D_kernel_stencil.hpp:297]   --->   Operation 157 'load' 'S3D_7PT_buf_r1_2_p1_rd_load' <Predicate = (!icmp_ln194)> <Delay = 0.00>
ST_5 : Operation 158 [1/1] (0.00ns)   --->   "%S3D_7PT_buf_r0_1_p1_wr_load = load i16 %S3D_7PT_buf_r0_1_p1_wr" [/home/x_thileeb/repos/ops-hls-pact25-artifact/codegen_apps/jacobian3d/vck5000_project/hls/device/include/PE_jac3D_kernel_stencil.hpp:290]   --->   Operation 158 'load' 'S3D_7PT_buf_r0_1_p1_wr_load' <Predicate = (!icmp_ln194)> <Delay = 0.00>
ST_5 : Operation 159 [1/1] (0.00ns)   --->   "%zext_ln256 = zext i16 %S3D_7PT_buf_r0_1_p1_wr_load" [/home/x_thileeb/repos/ops-hls-pact25-artifact/codegen_apps/jacobian3d/vck5000_project/hls/device/include/PE_jac3D_kernel_stencil.hpp:256]   --->   Operation 159 'zext' 'zext_ln256' <Predicate = (!icmp_ln194)> <Delay = 0.00>
ST_5 : Operation 160 [1/1] (0.00ns)   --->   "%arg0_buf_r0_1_p1_V_addr = getelementptr i256 %arg0_buf_r0_1_p1_V, i64 0, i64 %zext_ln256" [/home/x_thileeb/repos/ops-hls-pact25-artifact/codegen_apps/jacobian3d/vck5000_project/hls/device/include/PE_jac3D_kernel_stencil.hpp:256]   --->   Operation 160 'getelementptr' 'arg0_buf_r0_1_p1_V_addr' <Predicate = (!icmp_ln194)> <Delay = 0.00>
ST_5 : Operation 161 [3/3] (0.77ns)   --->   "%arg0_buf_r0_1_p1_V_load = load i6 %arg0_buf_r0_1_p1_V_addr" [/home/x_thileeb/repos/ops-hls-pact25-artifact/codegen_apps/jacobian3d/vck5000_project/hls/device/include/PE_jac3D_kernel_stencil.hpp:256]   --->   Operation 161 'load' 'arg0_buf_r0_1_p1_V_load' <Predicate = (!icmp_ln194)> <Delay = 0.77> <CoreInst = "RAM_S2P_BRAM">   --->   Core 101 'RAM_S2P_BRAM' <Latency = 2> <II = 1> <Delay = 1.25> <Storage> <Opcode : 'load' 'store'> <Ports = 2> <Width = 256> <Depth = 38> <RAM>
ST_5 : Operation 162 [1/1] (0.00ns)   --->   "%reuse_reg158_load = load i256 %reuse_reg158"   --->   Operation 162 'load' 'reuse_reg158_load' <Predicate = (!icmp_ln194)> <Delay = 0.00>
ST_5 : Operation 163 [1/1] (0.00ns)   --->   "%reuse_addr_reg159_load = load i64 %reuse_addr_reg159"   --->   Operation 163 'load' 'reuse_addr_reg159_load' <Predicate = (!icmp_ln194)> <Delay = 0.00>
ST_5 : Operation 164 [2/3] (1.25ns)   --->   "%arg0_buf_r1_2_p1_V_load = load i6 %arg0_buf_r1_2_p1_V_addr" [/home/x_thileeb/repos/ops-hls-pact25-artifact/codegen_apps/jacobian3d/vck5000_project/hls/device/include/PE_jac3D_kernel_stencil.hpp:260]   --->   Operation 164 'load' 'arg0_buf_r1_2_p1_V_load' <Predicate = (!icmp_ln194)> <Delay = 1.25> <CoreInst = "RAM_S2P_BRAM">   --->   Core 101 'RAM_S2P_BRAM' <Latency = 2> <II = 1> <Delay = 1.25> <Storage> <Opcode : 'load' 'store'> <Ports = 2> <Width = 256> <Depth = 38> <RAM>
ST_5 : Operation 165 [1/1] (0.77ns)   --->   "%addr_cmp162 = icmp_eq  i64 %reuse_addr_reg159_load, i64 %zext_ln260" [/home/x_thileeb/repos/ops-hls-pact25-artifact/codegen_apps/jacobian3d/vck5000_project/hls/device/include/PE_jac3D_kernel_stencil.hpp:260]   --->   Operation 165 'icmp' 'addr_cmp162' <Predicate = (!icmp_ln194)> <Delay = 0.77> <CoreInst = "Cmp">   --->   Core 9 'Cmp' <Latency = 0> <II = 1> <Delay = 0.77> <FuncUnit> <Opcode : 'icmp'> <InPorts = 2> <OutPorts = 1>
ST_5 : Operation 166 [1/1] (0.00ns)   --->   "%zext_ln263 = zext i16 %S3D_7PT_buf_r1_2_p1_rd_load" [/home/x_thileeb/repos/ops-hls-pact25-artifact/codegen_apps/jacobian3d/vck5000_project/hls/device/include/PE_jac3D_kernel_stencil.hpp:263]   --->   Operation 166 'zext' 'zext_ln263' <Predicate = (!icmp_ln194)> <Delay = 0.00>
ST_5 : Operation 167 [1/1] (0.00ns)   --->   "%arg0_buf_r1_2_p1_V_addr_1 = getelementptr i256 %arg0_buf_r1_2_p1_V, i64 0, i64 %zext_ln263" [/home/x_thileeb/repos/ops-hls-pact25-artifact/codegen_apps/jacobian3d/vck5000_project/hls/device/include/PE_jac3D_kernel_stencil.hpp:263]   --->   Operation 167 'getelementptr' 'arg0_buf_r1_2_p1_V_addr_1' <Predicate = (!icmp_ln194)> <Delay = 0.00>
ST_5 : Operation 168 [1/1] (0.77ns)   --->   "%store_ln263 = store i256 %t_3, i6 %arg0_buf_r1_2_p1_V_addr_1" [/home/x_thileeb/repos/ops-hls-pact25-artifact/codegen_apps/jacobian3d/vck5000_project/hls/device/include/PE_jac3D_kernel_stencil.hpp:263]   --->   Operation 168 'store' 'store_ln263' <Predicate = (!icmp_ln194)> <Delay = 0.77> <CoreInst = "RAM_S2P_BRAM">   --->   Core 101 'RAM_S2P_BRAM' <Latency = 2> <II = 1> <Delay = 1.25> <Storage> <Opcode : 'load' 'store'> <Ports = 2> <Width = 256> <Depth = 38> <RAM>
ST_5 : Operation 169 [1/1] (0.53ns)   --->   "%store_ln262 = store i256 %t_3, i256 %reuse_reg158" [/home/x_thileeb/repos/ops-hls-pact25-artifact/codegen_apps/jacobian3d/vck5000_project/hls/device/include/PE_jac3D_kernel_stencil.hpp:262]   --->   Operation 169 'store' 'store_ln262' <Predicate = (!icmp_ln194)> <Delay = 0.53>
ST_5 : Operation 170 [1/1] (0.49ns)   --->   "%store_ln263 = store i64 %zext_ln263, i64 %reuse_addr_reg159" [/home/x_thileeb/repos/ops-hls-pact25-artifact/codegen_apps/jacobian3d/vck5000_project/hls/device/include/PE_jac3D_kernel_stencil.hpp:263]   --->   Operation 170 'store' 'store_ln263' <Predicate = (!icmp_ln194)> <Delay = 0.49>
ST_5 : Operation 171 [1/1] (0.00ns)   --->   "%zext_ln280 = zext i16 %S3D_7PT_buf_r0_1_p1_wr_load" [/home/x_thileeb/repos/ops-hls-pact25-artifact/codegen_apps/jacobian3d/vck5000_project/hls/device/include/PE_jac3D_kernel_stencil.hpp:280]   --->   Operation 171 'zext' 'zext_ln280' <Predicate = (!icmp_ln194)> <Delay = 0.00>
ST_5 : Operation 172 [1/1] (0.65ns)   --->   "%icmp_ln280 = icmp_slt  i17 %zext_ln280, i17 %add_ln190_read" [/home/x_thileeb/repos/ops-hls-pact25-artifact/codegen_apps/jacobian3d/vck5000_project/hls/device/include/PE_jac3D_kernel_stencil.hpp:280]   --->   Operation 172 'icmp' 'icmp_ln280' <Predicate = (!icmp_ln194)> <Delay = 0.65> <CoreInst = "Cmp">   --->   Core 9 'Cmp' <Latency = 0> <II = 1> <Delay = 0.65> <FuncUnit> <Opcode : 'icmp'> <InPorts = 2> <OutPorts = 1>
ST_5 : Operation 173 [1/1] (0.00ns) (grouped into LUT with out node S3D_7PT_buf_r0_1_p1_wr_2)   --->   "%cond_end_of_line_buff_S3D_7PT_buf_r0_1_p1_wr = xor i1 %icmp_ln280, i1 1" [/home/x_thileeb/repos/ops-hls-pact25-artifact/codegen_apps/jacobian3d/vck5000_project/hls/device/include/PE_jac3D_kernel_stencil.hpp:280]   --->   Operation 173 'xor' 'cond_end_of_line_buff_S3D_7PT_buf_r0_1_p1_wr' <Predicate = (!icmp_ln194)> <Delay = 0.00> <CoreInst = "LogicGate">   --->   Core 78 'LogicGate' <Latency = 0> <II = 1> <Delay = 0.30> <FuncUnit> <Opcode : 'and' 'or' 'xor'> <InPorts = 2> <OutPorts = 1>
ST_5 : Operation 174 [1/1] (0.82ns)   --->   "%S3D_7PT_buf_r0_1_p1_wr_1 = add i16 %S3D_7PT_buf_r0_1_p1_wr_load, i16 1" [/home/x_thileeb/repos/ops-hls-pact25-artifact/codegen_apps/jacobian3d/vck5000_project/hls/device/include/PE_jac3D_kernel_stencil.hpp:290]   --->   Operation 174 'add' 'S3D_7PT_buf_r0_1_p1_wr_1' <Predicate = (!icmp_ln194)> <Delay = 0.82> <CoreInst = "Adder">   --->   Core 1 'Adder' <Latency = 0> <II = 1> <Delay = 0.82> <FuncUnit> <Opcode : 'add' 'sub'> <InPorts = 2> <OutPorts = 1>
ST_5 : Operation 175 [1/1] (0.38ns) (out node of the LUT)   --->   "%S3D_7PT_buf_r0_1_p1_wr_2 = select i1 %cond_end_of_line_buff_S3D_7PT_buf_r0_1_p1_wr, i16 0, i16 %S3D_7PT_buf_r0_1_p1_wr_1" [/home/x_thileeb/repos/ops-hls-pact25-artifact/codegen_apps/jacobian3d/vck5000_project/hls/device/include/PE_jac3D_kernel_stencil.hpp:287]   --->   Operation 175 'select' 'S3D_7PT_buf_r0_1_p1_wr_2' <Predicate = (!icmp_ln194)> <Delay = 0.38> <CoreInst = "Sel">   --->   Core 77 'Sel' <Latency = 0> <II = 1> <Delay = 0.38> <FuncUnit> <Opcode : 'select'> <InPorts = 3> <OutPorts = 1>
ST_5 : Operation 176 [1/1] (0.00ns)   --->   "%zext_ln291 = zext i16 %S3D_7PT_buf_r1_2_p1_rd_load" [/home/x_thileeb/repos/ops-hls-pact25-artifact/codegen_apps/jacobian3d/vck5000_project/hls/device/include/PE_jac3D_kernel_stencil.hpp:291]   --->   Operation 176 'zext' 'zext_ln291' <Predicate = (!icmp_ln194)> <Delay = 0.00>
ST_5 : Operation 177 [1/1] (0.65ns)   --->   "%icmp_ln291 = icmp_slt  i17 %zext_ln291, i17 %add_ln190_read" [/home/x_thileeb/repos/ops-hls-pact25-artifact/codegen_apps/jacobian3d/vck5000_project/hls/device/include/PE_jac3D_kernel_stencil.hpp:291]   --->   Operation 177 'icmp' 'icmp_ln291' <Predicate = (!icmp_ln194)> <Delay = 0.65> <CoreInst = "Cmp">   --->   Core 9 'Cmp' <Latency = 0> <II = 1> <Delay = 0.65> <FuncUnit> <Opcode : 'icmp'> <InPorts = 2> <OutPorts = 1>
ST_5 : Operation 178 [1/1] (0.00ns) (grouped into LUT with out node S3D_7PT_buf_r1_2_p1_rd_2)   --->   "%cond_end_of_line_buff_S3D_7PT_buf_r1_2_p1_rd = xor i1 %icmp_ln291, i1 1" [/home/x_thileeb/repos/ops-hls-pact25-artifact/codegen_apps/jacobian3d/vck5000_project/hls/device/include/PE_jac3D_kernel_stencil.hpp:291]   --->   Operation 178 'xor' 'cond_end_of_line_buff_S3D_7PT_buf_r1_2_p1_rd' <Predicate = (!icmp_ln194)> <Delay = 0.00> <CoreInst = "LogicGate">   --->   Core 78 'LogicGate' <Latency = 0> <II = 1> <Delay = 0.30> <FuncUnit> <Opcode : 'and' 'or' 'xor'> <InPorts = 2> <OutPorts = 1>
ST_5 : Operation 179 [1/1] (0.82ns)   --->   "%S3D_7PT_buf_r1_2_p1_rd_1 = add i16 %S3D_7PT_buf_r1_2_p1_rd_load, i16 1" [/home/x_thileeb/repos/ops-hls-pact25-artifact/codegen_apps/jacobian3d/vck5000_project/hls/device/include/PE_jac3D_kernel_stencil.hpp:297]   --->   Operation 179 'add' 'S3D_7PT_buf_r1_2_p1_rd_1' <Predicate = (!icmp_ln194)> <Delay = 0.82> <CoreInst = "Adder">   --->   Core 1 'Adder' <Latency = 0> <II = 1> <Delay = 0.82> <FuncUnit> <Opcode : 'add' 'sub'> <InPorts = 2> <OutPorts = 1>
ST_5 : Operation 180 [1/1] (0.38ns) (out node of the LUT)   --->   "%S3D_7PT_buf_r1_2_p1_rd_2 = select i1 %cond_end_of_line_buff_S3D_7PT_buf_r1_2_p1_rd, i16 0, i16 %S3D_7PT_buf_r1_2_p1_rd_1" [/home/x_thileeb/repos/ops-hls-pact25-artifact/codegen_apps/jacobian3d/vck5000_project/hls/device/include/PE_jac3D_kernel_stencil.hpp:294]   --->   Operation 180 'select' 'S3D_7PT_buf_r1_2_p1_rd_2' <Predicate = (!icmp_ln194)> <Delay = 0.38> <CoreInst = "Sel">   --->   Core 77 'Sel' <Latency = 0> <II = 1> <Delay = 0.38> <FuncUnit> <Opcode : 'select'> <InPorts = 3> <OutPorts = 1>
ST_5 : Operation 181 [1/1] (0.39ns)   --->   "%store_ln194 = store i16 %S3D_7PT_buf_r0_1_p1_wr_2, i16 %S3D_7PT_buf_r0_1_p1_wr" [/home/x_thileeb/repos/ops-hls-pact25-artifact/codegen_apps/jacobian3d/vck5000_project/hls/device/include/PE_jac3D_kernel_stencil.hpp:194]   --->   Operation 181 'store' 'store_ln194' <Predicate = (!icmp_ln194)> <Delay = 0.39>
ST_5 : Operation 182 [1/1] (0.39ns)   --->   "%store_ln194 = store i16 %S3D_7PT_buf_r1_2_p1_rd_2, i16 %S3D_7PT_buf_r1_2_p1_rd" [/home/x_thileeb/repos/ops-hls-pact25-artifact/codegen_apps/jacobian3d/vck5000_project/hls/device/include/PE_jac3D_kernel_stencil.hpp:194]   --->   Operation 182 'store' 'store_ln194' <Predicate = (!icmp_ln194)> <Delay = 0.39>

State 6 <SV = 5> <Delay = 2.30>
ST_6 : Operation 183 [1/1] (0.00ns)   --->   "%t_2 = load i256 %p_Val2_1"   --->   Operation 183 'load' 't_2' <Predicate = true> <Delay = 0.00>
ST_6 : Operation 184 [1/1] (0.00ns)   --->   "%j_load = load i16 %j" [/home/x_thileeb/repos/ops-hls-pact25-artifact/codegen_apps/jacobian3d/vck5000_project/hls/device/include/PE_jac3D_kernel_stencil.hpp:237]   --->   Operation 184 'load' 'j_load' <Predicate = (!icmp_ln194)> <Delay = 0.00>
ST_6 : Operation 185 [1/1] (0.00ns)   --->   "%i_load = load i16 %i" [/home/x_thileeb/repos/ops-hls-pact25-artifact/codegen_apps/jacobian3d/vck5000_project/hls/device/include/PE_jac3D_kernel_stencil.hpp:233]   --->   Operation 185 'load' 'i_load' <Predicate = (!icmp_ln194)> <Delay = 0.00>
ST_6 : Operation 186 [1/1] (0.62ns)   --->   "%cond_x_terminate = icmp_eq  i16 %i_load, i16 %cond_x_val_read" [/home/x_thileeb/repos/ops-hls-pact25-artifact/codegen_apps/jacobian3d/vck5000_project/hls/device/include/PE_jac3D_kernel_stencil.hpp:201]   --->   Operation 186 'icmp' 'cond_x_terminate' <Predicate = (!icmp_ln194)> <Delay = 0.62> <CoreInst = "Cmp">   --->   Core 9 'Cmp' <Latency = 0> <II = 1> <Delay = 0.62> <FuncUnit> <Opcode : 'icmp'> <InPorts = 2> <OutPorts = 1>
ST_6 : Operation 187 [1/1] (0.62ns)   --->   "%cond_y_terminate = icmp_eq  i16 %j_load, i16 %cond_y_val_read" [/home/x_thileeb/repos/ops-hls-pact25-artifact/codegen_apps/jacobian3d/vck5000_project/hls/device/include/PE_jac3D_kernel_stencil.hpp:202]   --->   Operation 187 'icmp' 'cond_y_terminate' <Predicate = (!icmp_ln194)> <Delay = 0.62> <CoreInst = "Cmp">   --->   Core 9 'Cmp' <Latency = 0> <II = 1> <Delay = 0.62> <FuncUnit> <Opcode : 'icmp'> <InPorts = 2> <OutPorts = 1>
ST_6 : Operation 188 [1/1] (0.82ns)   --->   "%i_1 = add i16 %i_load, i16 1" [/home/x_thileeb/repos/ops-hls-pact25-artifact/codegen_apps/jacobian3d/vck5000_project/hls/device/include/PE_jac3D_kernel_stencil.hpp:233]   --->   Operation 188 'add' 'i_1' <Predicate = (!icmp_ln194)> <Delay = 0.82> <CoreInst = "Adder">   --->   Core 1 'Adder' <Latency = 0> <II = 1> <Delay = 0.82> <FuncUnit> <Opcode : 'add' 'sub'> <InPorts = 2> <OutPorts = 1>
ST_6 : Operation 189 [1/1] (0.38ns)   --->   "%i_2 = select i1 %cond_x_terminate, i16 0, i16 %i_1" [/home/x_thileeb/repos/ops-hls-pact25-artifact/codegen_apps/jacobian3d/vck5000_project/hls/device/include/PE_jac3D_kernel_stencil.hpp:230]   --->   Operation 189 'select' 'i_2' <Predicate = (!icmp_ln194)> <Delay = 0.38> <CoreInst = "Sel">   --->   Core 77 'Sel' <Latency = 0> <II = 1> <Delay = 0.38> <FuncUnit> <Opcode : 'select'> <InPorts = 3> <OutPorts = 1>
ST_6 : Operation 190 [1/1] (0.30ns)   --->   "%xor_ln234 = xor i1 %cond_x_terminate, i1 1" [/home/x_thileeb/repos/ops-hls-pact25-artifact/codegen_apps/jacobian3d/vck5000_project/hls/device/include/PE_jac3D_kernel_stencil.hpp:234]   --->   Operation 190 'xor' 'xor_ln234' <Predicate = (!icmp_ln194)> <Delay = 0.30> <CoreInst = "LogicGate">   --->   Core 78 'LogicGate' <Latency = 0> <II = 1> <Delay = 0.30> <FuncUnit> <Opcode : 'and' 'or' 'xor'> <InPorts = 2> <OutPorts = 1>
ST_6 : Operation 191 [1/1] (0.00ns) (grouped into LUT with out node or_ln234)   --->   "%xor_ln234_1 = xor i1 %cond_y_terminate, i1 1" [/home/x_thileeb/repos/ops-hls-pact25-artifact/codegen_apps/jacobian3d/vck5000_project/hls/device/include/PE_jac3D_kernel_stencil.hpp:234]   --->   Operation 191 'xor' 'xor_ln234_1' <Predicate = (!icmp_ln194)> <Delay = 0.00> <CoreInst = "LogicGate">   --->   Core 78 'LogicGate' <Latency = 0> <II = 1> <Delay = 0.30> <FuncUnit> <Opcode : 'and' 'or' 'xor'> <InPorts = 2> <OutPorts = 1>
ST_6 : Operation 192 [1/1] (0.30ns) (out node of the LUT)   --->   "%or_ln234 = or i1 %xor_ln234, i1 %xor_ln234_1" [/home/x_thileeb/repos/ops-hls-pact25-artifact/codegen_apps/jacobian3d/vck5000_project/hls/device/include/PE_jac3D_kernel_stencil.hpp:234]   --->   Operation 192 'or' 'or_ln234' <Predicate = (!icmp_ln194)> <Delay = 0.30> <CoreInst = "LogicGate">   --->   Core 78 'LogicGate' <Latency = 0> <II = 1> <Delay = 0.30> <FuncUnit> <Opcode : 'and' 'or' 'xor'> <InPorts = 2> <OutPorts = 1>
ST_6 : Operation 193 [1/1] (0.82ns)   --->   "%add_ln237 = add i16 %j_load, i16 1" [/home/x_thileeb/repos/ops-hls-pact25-artifact/codegen_apps/jacobian3d/vck5000_project/hls/device/include/PE_jac3D_kernel_stencil.hpp:237]   --->   Operation 193 'add' 'add_ln237' <Predicate = (!icmp_ln194)> <Delay = 0.82> <CoreInst = "Adder">   --->   Core 1 'Adder' <Latency = 0> <II = 1> <Delay = 0.82> <FuncUnit> <Opcode : 'add' 'sub'> <InPorts = 2> <OutPorts = 1>
ST_6 : Operation 194 [1/1] (0.00ns) (grouped into LUT with out node j_2)   --->   "%j_1 = select i1 %cond_x_terminate, i16 %add_ln237, i16 %j_load" [/home/x_thileeb/repos/ops-hls-pact25-artifact/codegen_apps/jacobian3d/vck5000_project/hls/device/include/PE_jac3D_kernel_stencil.hpp:236]   --->   Operation 194 'select' 'j_1' <Predicate = (!icmp_ln194)> <Delay = 0.00> <CoreInst = "Sel">   --->   Core 77 'Sel' <Latency = 0> <II = 1> <Delay = 0.38> <FuncUnit> <Opcode : 'select'> <InPorts = 3> <OutPorts = 1>
ST_6 : Operation 195 [1/1] (0.38ns) (out node of the LUT)   --->   "%j_2 = select i1 %or_ln234, i16 %j_1, i16 0" [/home/x_thileeb/repos/ops-hls-pact25-artifact/codegen_apps/jacobian3d/vck5000_project/hls/device/include/PE_jac3D_kernel_stencil.hpp:234]   --->   Operation 195 'select' 'j_2' <Predicate = (!icmp_ln194)> <Delay = 0.38> <CoreInst = "Sel">   --->   Core 77 'Sel' <Latency = 0> <II = 1> <Delay = 0.38> <FuncUnit> <Opcode : 'select'> <InPorts = 3> <OutPorts = 1>
ST_6 : Operation 196 [1/1] (0.00ns)   --->   "%S3D_7PT_buf_r0_1_p1_rd_load = load i16 %S3D_7PT_buf_r0_1_p1_rd" [/home/x_thileeb/repos/ops-hls-pact25-artifact/codegen_apps/jacobian3d/vck5000_project/hls/device/include/PE_jac3D_kernel_stencil.hpp:285]   --->   Operation 196 'load' 'S3D_7PT_buf_r0_1_p1_rd_load' <Predicate = (!icmp_ln194)> <Delay = 0.00>
ST_6 : Operation 197 [1/1] (0.00ns)   --->   "%p_Val2_load = load i256 %p_Val2_s"   --->   Operation 197 'load' 'p_Val2_load' <Predicate = (!icmp_ln194)> <Delay = 0.00>
ST_6 : Operation 198 [1/1] (0.00ns)   --->   "%reuse_addr_reg165_load = load i64 %reuse_addr_reg165"   --->   Operation 198 'load' 'reuse_addr_reg165_load' <Predicate = (!icmp_ln194)> <Delay = 0.00>
ST_6 : Operation 199 [2/3] (1.25ns)   --->   "%arg0_buf_r0_1_p1_V_load = load i6 %arg0_buf_r0_1_p1_V_addr" [/home/x_thileeb/repos/ops-hls-pact25-artifact/codegen_apps/jacobian3d/vck5000_project/hls/device/include/PE_jac3D_kernel_stencil.hpp:256]   --->   Operation 199 'load' 'arg0_buf_r0_1_p1_V_load' <Predicate = (!icmp_ln194)> <Delay = 1.25> <CoreInst = "RAM_S2P_BRAM">   --->   Core 101 'RAM_S2P_BRAM' <Latency = 2> <II = 1> <Delay = 1.25> <Storage> <Opcode : 'load' 'store'> <Ports = 2> <Width = 256> <Depth = 38> <RAM>
ST_6 : Operation 200 [1/1] (0.77ns)   --->   "%addr_cmp168 = icmp_eq  i64 %reuse_addr_reg165_load, i64 %zext_ln256" [/home/x_thileeb/repos/ops-hls-pact25-artifact/codegen_apps/jacobian3d/vck5000_project/hls/device/include/PE_jac3D_kernel_stencil.hpp:256]   --->   Operation 200 'icmp' 'addr_cmp168' <Predicate = (!icmp_ln194)> <Delay = 0.77> <CoreInst = "Cmp">   --->   Core 9 'Cmp' <Latency = 0> <II = 1> <Delay = 0.77> <FuncUnit> <Opcode : 'icmp'> <InPorts = 2> <OutPorts = 1>
ST_6 : Operation 201 [1/3] (0.88ns)   --->   "%arg0_buf_r1_2_p1_V_load = load i6 %arg0_buf_r1_2_p1_V_addr" [/home/x_thileeb/repos/ops-hls-pact25-artifact/codegen_apps/jacobian3d/vck5000_project/hls/device/include/PE_jac3D_kernel_stencil.hpp:260]   --->   Operation 201 'load' 'arg0_buf_r1_2_p1_V_load' <Predicate = (!icmp_ln194)> <Delay = 0.88> <CoreInst = "RAM_S2P_BRAM">   --->   Core 101 'RAM_S2P_BRAM' <Latency = 2> <II = 1> <Delay = 1.25> <Storage> <Opcode : 'load' 'store'> <Ports = 2> <Width = 256> <Depth = 38> <RAM>
ST_6 : Operation 202 [1/1] (0.70ns)   --->   "%t_4 = select i1 %addr_cmp162, i256 %reuse_reg158_load, i256 %arg0_buf_r1_2_p1_V_load" [/home/x_thileeb/repos/ops-hls-pact25-artifact/codegen_apps/jacobian3d/vck5000_project/hls/device/include/PE_jac3D_kernel_stencil.hpp:260]   --->   Operation 202 'select' 't_4' <Predicate = (!icmp_ln194)> <Delay = 0.70> <CoreInst = "Sel">   --->   Core 77 'Sel' <Latency = 0> <II = 1> <Delay = 0.70> <FuncUnit> <Opcode : 'select'> <InPorts = 3> <OutPorts = 1>
ST_6 : Operation 203 [1/1] (0.00ns)   --->   "%zext_ln261 = zext i16 %S3D_7PT_buf_r0_1_p1_rd_load" [/home/x_thileeb/repos/ops-hls-pact25-artifact/codegen_apps/jacobian3d/vck5000_project/hls/device/include/PE_jac3D_kernel_stencil.hpp:261]   --->   Operation 203 'zext' 'zext_ln261' <Predicate = (!icmp_ln194)> <Delay = 0.00>
ST_6 : Operation 204 [1/1] (0.00ns)   --->   "%arg0_buf_r0_1_p1_V_addr_1 = getelementptr i256 %arg0_buf_r0_1_p1_V, i64 0, i64 %zext_ln261" [/home/x_thileeb/repos/ops-hls-pact25-artifact/codegen_apps/jacobian3d/vck5000_project/hls/device/include/PE_jac3D_kernel_stencil.hpp:261]   --->   Operation 204 'getelementptr' 'arg0_buf_r0_1_p1_V_addr_1' <Predicate = (!icmp_ln194)> <Delay = 0.00>
ST_6 : Operation 205 [1/1] (0.77ns)   --->   "%store_ln261 = store i256 %p_Val2_load, i6 %arg0_buf_r0_1_p1_V_addr_1" [/home/x_thileeb/repos/ops-hls-pact25-artifact/codegen_apps/jacobian3d/vck5000_project/hls/device/include/PE_jac3D_kernel_stencil.hpp:261]   --->   Operation 205 'store' 'store_ln261' <Predicate = (!icmp_ln194)> <Delay = 0.77> <CoreInst = "RAM_S2P_BRAM">   --->   Core 101 'RAM_S2P_BRAM' <Latency = 2> <II = 1> <Delay = 1.25> <Storage> <Opcode : 'load' 'store'> <Ports = 2> <Width = 256> <Depth = 38> <RAM>
ST_6 : Operation 206 [1/1] (0.49ns)   --->   "%store_ln261 = store i64 %zext_ln261, i64 %reuse_addr_reg165" [/home/x_thileeb/repos/ops-hls-pact25-artifact/codegen_apps/jacobian3d/vck5000_project/hls/device/include/PE_jac3D_kernel_stencil.hpp:261]   --->   Operation 206 'store' 'store_ln261' <Predicate = (!icmp_ln194)> <Delay = 0.49>
ST_6 : Operation 207 [1/1] (0.00ns)   --->   "%zext_ln279 = zext i16 %S3D_7PT_buf_r0_1_p1_rd_load" [/home/x_thileeb/repos/ops-hls-pact25-artifact/codegen_apps/jacobian3d/vck5000_project/hls/device/include/PE_jac3D_kernel_stencil.hpp:279]   --->   Operation 207 'zext' 'zext_ln279' <Predicate = (!icmp_ln194)> <Delay = 0.00>
ST_6 : Operation 208 [1/1] (0.65ns)   --->   "%icmp_ln279 = icmp_slt  i17 %zext_ln279, i17 %add_ln190_read" [/home/x_thileeb/repos/ops-hls-pact25-artifact/codegen_apps/jacobian3d/vck5000_project/hls/device/include/PE_jac3D_kernel_stencil.hpp:279]   --->   Operation 208 'icmp' 'icmp_ln279' <Predicate = (!icmp_ln194)> <Delay = 0.65> <CoreInst = "Cmp">   --->   Core 9 'Cmp' <Latency = 0> <II = 1> <Delay = 0.65> <FuncUnit> <Opcode : 'icmp'> <InPorts = 2> <OutPorts = 1>
ST_6 : Operation 209 [1/1] (0.00ns) (grouped into LUT with out node S3D_7PT_buf_r0_1_p1_rd_2)   --->   "%cond_end_of_line_buff_S3D_7PT_buf_r0_1_p1_rd = xor i1 %icmp_ln279, i1 1" [/home/x_thileeb/repos/ops-hls-pact25-artifact/codegen_apps/jacobian3d/vck5000_project/hls/device/include/PE_jac3D_kernel_stencil.hpp:279]   --->   Operation 209 'xor' 'cond_end_of_line_buff_S3D_7PT_buf_r0_1_p1_rd' <Predicate = (!icmp_ln194)> <Delay = 0.00> <CoreInst = "LogicGate">   --->   Core 78 'LogicGate' <Latency = 0> <II = 1> <Delay = 0.30> <FuncUnit> <Opcode : 'and' 'or' 'xor'> <InPorts = 2> <OutPorts = 1>
ST_6 : Operation 210 [1/1] (0.82ns)   --->   "%S3D_7PT_buf_r0_1_p1_rd_1 = add i16 %S3D_7PT_buf_r0_1_p1_rd_load, i16 1" [/home/x_thileeb/repos/ops-hls-pact25-artifact/codegen_apps/jacobian3d/vck5000_project/hls/device/include/PE_jac3D_kernel_stencil.hpp:285]   --->   Operation 210 'add' 'S3D_7PT_buf_r0_1_p1_rd_1' <Predicate = (!icmp_ln194)> <Delay = 0.82> <CoreInst = "Adder">   --->   Core 1 'Adder' <Latency = 0> <II = 1> <Delay = 0.82> <FuncUnit> <Opcode : 'add' 'sub'> <InPorts = 2> <OutPorts = 1>
ST_6 : Operation 211 [1/1] (0.38ns) (out node of the LUT)   --->   "%S3D_7PT_buf_r0_1_p1_rd_2 = select i1 %cond_end_of_line_buff_S3D_7PT_buf_r0_1_p1_rd, i16 0, i16 %S3D_7PT_buf_r0_1_p1_rd_1" [/home/x_thileeb/repos/ops-hls-pact25-artifact/codegen_apps/jacobian3d/vck5000_project/hls/device/include/PE_jac3D_kernel_stencil.hpp:282]   --->   Operation 211 'select' 'S3D_7PT_buf_r0_1_p1_rd_2' <Predicate = (!icmp_ln194)> <Delay = 0.38> <CoreInst = "Sel">   --->   Core 77 'Sel' <Latency = 0> <II = 1> <Delay = 0.38> <FuncUnit> <Opcode : 'select'> <InPorts = 3> <OutPorts = 1>
ST_6 : Operation 212 [1/1] (0.00ns)   --->   "%arg0_tmpConverter_1_1 = trunc i256 %t_2"   --->   Operation 212 'trunc' 'arg0_tmpConverter_1_1' <Predicate = (!icmp_ln194)> <Delay = 0.00>
ST_6 : Operation 213 [1/1] (0.00ns)   --->   "%arg0_rowArr_1_1 = bitcast i32 %arg0_tmpConverter_1_1" [/home/x_thileeb/repos/ops-hls-pact25-artifact/codegen_apps/jacobian3d/vck5000_project/hls/device/include/PE_jac3D_kernel_stencil.hpp:366]   --->   Operation 213 'bitcast' 'arg0_rowArr_1_1' <Predicate = (!icmp_ln194)> <Delay = 0.00>
ST_6 : Operation 214 [1/1] (0.00ns)   --->   "%arg0_tmpConverter_1_1_1 = partselect i32 @_ssdm_op_PartSelect.i32.i256.i32.i32, i256 %t_2, i32 32, i32 63"   --->   Operation 214 'partselect' 'arg0_tmpConverter_1_1_1' <Predicate = (!icmp_ln194)> <Delay = 0.00>
ST_6 : Operation 215 [1/1] (0.00ns)   --->   "%arg0_rowArr_1_1_1 = bitcast i32 %arg0_tmpConverter_1_1_1" [/home/x_thileeb/repos/ops-hls-pact25-artifact/codegen_apps/jacobian3d/vck5000_project/hls/device/include/PE_jac3D_kernel_stencil.hpp:366]   --->   Operation 215 'bitcast' 'arg0_rowArr_1_1_1' <Predicate = (!icmp_ln194)> <Delay = 0.00>
ST_6 : Operation 216 [1/1] (0.00ns)   --->   "%arg0_tmpConverter_1_1_2 = partselect i32 @_ssdm_op_PartSelect.i32.i256.i32.i32, i256 %t_2, i32 64, i32 95"   --->   Operation 216 'partselect' 'arg0_tmpConverter_1_1_2' <Predicate = (!icmp_ln194)> <Delay = 0.00>
ST_6 : Operation 217 [1/1] (0.00ns)   --->   "%arg0_tmpConverter_1_1_3 = partselect i32 @_ssdm_op_PartSelect.i32.i256.i32.i32, i256 %t_2, i32 96, i32 127"   --->   Operation 217 'partselect' 'arg0_tmpConverter_1_1_3' <Predicate = (!icmp_ln194)> <Delay = 0.00>
ST_6 : Operation 218 [1/1] (0.00ns)   --->   "%arg0_tmpConverter_1_1_4 = partselect i32 @_ssdm_op_PartSelect.i32.i256.i32.i32, i256 %t_2, i32 128, i32 159"   --->   Operation 218 'partselect' 'arg0_tmpConverter_1_1_4' <Predicate = (!icmp_ln194)> <Delay = 0.00>
ST_6 : Operation 219 [1/1] (0.00ns)   --->   "%arg0_rowArr_1_1_4 = bitcast i32 %arg0_tmpConverter_1_1_4" [/home/x_thileeb/repos/ops-hls-pact25-artifact/codegen_apps/jacobian3d/vck5000_project/hls/device/include/PE_jac3D_kernel_stencil.hpp:366]   --->   Operation 219 'bitcast' 'arg0_rowArr_1_1_4' <Predicate = (!icmp_ln194)> <Delay = 0.00>
ST_6 : Operation 220 [1/1] (0.00ns)   --->   "%arg1_tmpConvWrite_14 = partselect i32 @_ssdm_op_PartSelect.i32.i256.i32.i32, i256 %t_2, i32 160, i32 191"   --->   Operation 220 'partselect' 'arg1_tmpConvWrite_14' <Predicate = (!icmp_ln194)> <Delay = 0.00>
ST_6 : Operation 221 [1/1] (0.00ns)   --->   "%arg1_tmpConvWrite_15 = partselect i32 @_ssdm_op_PartSelect.i32.i256.i32.i32, i256 %t_2, i32 192, i32 223"   --->   Operation 221 'partselect' 'arg1_tmpConvWrite_15' <Predicate = (!icmp_ln194)> <Delay = 0.00>
ST_6 : Operation 222 [1/1] (0.00ns)   --->   "%arg1_tmpConvWrite_16 = partselect i32 @_ssdm_op_PartSelect.i32.i256.i32.i32, i256 %t_2, i32 224, i32 255"   --->   Operation 222 'partselect' 'arg1_tmpConvWrite_16' <Predicate = (!icmp_ln194)> <Delay = 0.00>
ST_6 : Operation 223 [1/1] (0.00ns)   --->   "%arg0_tmpConverter_0_1_1_7 = partselect i32 @_ssdm_op_PartSelect.i32.i256.i32.i32, i256 %p_Val2_load, i32 224, i32 255"   --->   Operation 223 'partselect' 'arg0_tmpConverter_0_1_1_7' <Predicate = (!icmp_ln194)> <Delay = 0.00>
ST_6 : Operation 224 [1/1] (0.00ns)   --->   "%arg0_tmpConverter_2_1_1_0 = trunc i256 %t_4"   --->   Operation 224 'trunc' 'arg0_tmpConverter_2_1_1_0' <Predicate = (!icmp_ln194)> <Delay = 0.00>
ST_6 : Operation 225 [1/1] (0.00ns)   --->   "%index = shl i16 %i_2, i16 3" [/home/x_thileeb/repos/ops-hls-pact25-artifact/codegen_apps/jacobian3d/vck5000_project/hls/device/include/PE_jac3D_kernel_stencil.hpp:392]   --->   Operation 225 'shl' 'index' <Predicate = (!icmp_ln194)> <Delay = 0.00>
ST_6 : Operation 226 [1/1] (0.00ns)   --->   "%j_2_cast = sext i16 %j_2" [/home/x_thileeb/repos/ops-hls-pact25-artifact/codegen_apps/jacobian3d/vck5000_project/hls/device/include/PE_jac3D_kernel_stencil.hpp:234]   --->   Operation 226 'sext' 'j_2_cast' <Predicate = (!icmp_ln194)> <Delay = 0.00>
ST_6 : Operation 227 [1/1] (0.62ns)   --->   "%cmp387 = icmp_slt  i17 %j_2_cast, i17 %p_read4_cast_cast" [/home/x_thileeb/repos/ops-hls-pact25-artifact/codegen_apps/jacobian3d/vck5000_project/hls/device/include/PE_jac3D_kernel_stencil.hpp:234]   --->   Operation 227 'icmp' 'cmp387' <Predicate = (!icmp_ln194)> <Delay = 0.62> <CoreInst = "Cmp">   --->   Core 9 'Cmp' <Latency = 0> <II = 1> <Delay = 0.65> <FuncUnit> <Opcode : 'icmp'> <InPorts = 2> <OutPorts = 1>
ST_6 : Operation 228 [1/1] (0.62ns)   --->   "%slt144 = icmp_slt  i17 %j_2_cast, i17 %p_read7_cast_cast" [/home/x_thileeb/repos/ops-hls-pact25-artifact/codegen_apps/jacobian3d/vck5000_project/hls/device/include/PE_jac3D_kernel_stencil.hpp:234]   --->   Operation 228 'icmp' 'slt144' <Predicate = (!icmp_ln194)> <Delay = 0.62> <CoreInst = "Cmp">   --->   Core 9 'Cmp' <Latency = 0> <II = 1> <Delay = 0.65> <FuncUnit> <Opcode : 'icmp'> <InPorts = 2> <OutPorts = 1>
ST_6 : Operation 229 [1/1] (0.00ns)   --->   "%sext_ln394 = sext i16 %index" [/home/x_thileeb/repos/ops-hls-pact25-artifact/codegen_apps/jacobian3d/vck5000_project/hls/device/include/PE_jac3D_kernel_stencil.hpp:394]   --->   Operation 229 'sext' 'sext_ln394' <Predicate = (!icmp_ln194)> <Delay = 0.00>
ST_6 : Operation 230 [1/1] (0.62ns)   --->   "%icmp_ln394 = icmp_slt  i17 %sext_ln394, i17 %p_read3_cast_cast" [/home/x_thileeb/repos/ops-hls-pact25-artifact/codegen_apps/jacobian3d/vck5000_project/hls/device/include/PE_jac3D_kernel_stencil.hpp:394]   --->   Operation 230 'icmp' 'icmp_ln394' <Predicate = (!icmp_ln194)> <Delay = 0.62> <CoreInst = "Cmp">   --->   Core 9 'Cmp' <Latency = 0> <II = 1> <Delay = 0.65> <FuncUnit> <Opcode : 'icmp'> <InPorts = 2> <OutPorts = 1>
ST_6 : Operation 231 [1/1] (0.00ns)   --->   "%br_ln395 = br i1 %icmp_ln394, void %lor.lhs.false, void %if.else436" [/home/x_thileeb/repos/ops-hls-pact25-artifact/codegen_apps/jacobian3d/vck5000_project/hls/device/include/PE_jac3D_kernel_stencil.hpp:395]   --->   Operation 231 'br' 'br_ln395' <Predicate = (!icmp_ln194)> <Delay = 0.00>
ST_6 : Operation 232 [1/1] (0.62ns)   --->   "%icmp_ln395 = icmp_slt  i17 %sext_ln394, i17 %p_read6_cast_cast" [/home/x_thileeb/repos/ops-hls-pact25-artifact/codegen_apps/jacobian3d/vck5000_project/hls/device/include/PE_jac3D_kernel_stencil.hpp:395]   --->   Operation 232 'icmp' 'icmp_ln395' <Predicate = (!icmp_ln194 & !icmp_ln394)> <Delay = 0.62> <CoreInst = "Cmp">   --->   Core 9 'Cmp' <Latency = 0> <II = 1> <Delay = 0.65> <FuncUnit> <Opcode : 'icmp'> <InPorts = 2> <OutPorts = 1>
ST_6 : Operation 233 [1/1] (0.00ns)   --->   "%index_1 = or i16 %index, i16 1" [/home/x_thileeb/repos/ops-hls-pact25-artifact/codegen_apps/jacobian3d/vck5000_project/hls/device/include/PE_jac3D_kernel_stencil.hpp:392]   --->   Operation 233 'or' 'index_1' <Predicate = (!icmp_ln194)> <Delay = 0.00>
ST_6 : Operation 234 [1/1] (0.00ns)   --->   "%sext_ln394_1 = sext i16 %index_1" [/home/x_thileeb/repos/ops-hls-pact25-artifact/codegen_apps/jacobian3d/vck5000_project/hls/device/include/PE_jac3D_kernel_stencil.hpp:394]   --->   Operation 234 'sext' 'sext_ln394_1' <Predicate = (!icmp_ln194)> <Delay = 0.00>
ST_6 : Operation 235 [1/1] (0.62ns)   --->   "%icmp_ln394_1 = icmp_slt  i17 %sext_ln394_1, i17 %p_read3_cast_cast" [/home/x_thileeb/repos/ops-hls-pact25-artifact/codegen_apps/jacobian3d/vck5000_project/hls/device/include/PE_jac3D_kernel_stencil.hpp:394]   --->   Operation 235 'icmp' 'icmp_ln394_1' <Predicate = (!icmp_ln194)> <Delay = 0.62> <CoreInst = "Cmp">   --->   Core 9 'Cmp' <Latency = 0> <II = 1> <Delay = 0.65> <FuncUnit> <Opcode : 'icmp'> <InPorts = 2> <OutPorts = 1>
ST_6 : Operation 236 [1/1] (0.00ns)   --->   "%br_ln395 = br i1 %icmp_ln394_1, void %lor.lhs.false.1, void %if.else436.1" [/home/x_thileeb/repos/ops-hls-pact25-artifact/codegen_apps/jacobian3d/vck5000_project/hls/device/include/PE_jac3D_kernel_stencil.hpp:395]   --->   Operation 236 'br' 'br_ln395' <Predicate = (!icmp_ln194)> <Delay = 0.00>
ST_6 : Operation 237 [1/1] (0.62ns)   --->   "%icmp_ln395_1 = icmp_slt  i17 %sext_ln394_1, i17 %p_read6_cast_cast" [/home/x_thileeb/repos/ops-hls-pact25-artifact/codegen_apps/jacobian3d/vck5000_project/hls/device/include/PE_jac3D_kernel_stencil.hpp:395]   --->   Operation 237 'icmp' 'icmp_ln395_1' <Predicate = (!icmp_ln194 & !icmp_ln394_1)> <Delay = 0.62> <CoreInst = "Cmp">   --->   Core 9 'Cmp' <Latency = 0> <II = 1> <Delay = 0.65> <FuncUnit> <Opcode : 'icmp'> <InPorts = 2> <OutPorts = 1>
ST_6 : Operation 238 [1/1] (0.00ns)   --->   "%index_2 = or i16 %index, i16 2" [/home/x_thileeb/repos/ops-hls-pact25-artifact/codegen_apps/jacobian3d/vck5000_project/hls/device/include/PE_jac3D_kernel_stencil.hpp:392]   --->   Operation 238 'or' 'index_2' <Predicate = (!icmp_ln194)> <Delay = 0.00>
ST_6 : Operation 239 [1/1] (0.00ns)   --->   "%sext_ln394_2 = sext i16 %index_2" [/home/x_thileeb/repos/ops-hls-pact25-artifact/codegen_apps/jacobian3d/vck5000_project/hls/device/include/PE_jac3D_kernel_stencil.hpp:394]   --->   Operation 239 'sext' 'sext_ln394_2' <Predicate = (!icmp_ln194)> <Delay = 0.00>
ST_6 : Operation 240 [1/1] (0.62ns)   --->   "%icmp_ln394_2 = icmp_slt  i17 %sext_ln394_2, i17 %p_read3_cast_cast" [/home/x_thileeb/repos/ops-hls-pact25-artifact/codegen_apps/jacobian3d/vck5000_project/hls/device/include/PE_jac3D_kernel_stencil.hpp:394]   --->   Operation 240 'icmp' 'icmp_ln394_2' <Predicate = (!icmp_ln194)> <Delay = 0.62> <CoreInst = "Cmp">   --->   Core 9 'Cmp' <Latency = 0> <II = 1> <Delay = 0.65> <FuncUnit> <Opcode : 'icmp'> <InPorts = 2> <OutPorts = 1>
ST_6 : Operation 241 [1/1] (0.00ns)   --->   "%br_ln395 = br i1 %icmp_ln394_2, void %lor.lhs.false.2, void %if.else436.2" [/home/x_thileeb/repos/ops-hls-pact25-artifact/codegen_apps/jacobian3d/vck5000_project/hls/device/include/PE_jac3D_kernel_stencil.hpp:395]   --->   Operation 241 'br' 'br_ln395' <Predicate = (!icmp_ln194)> <Delay = 0.00>
ST_6 : Operation 242 [1/1] (0.62ns)   --->   "%icmp_ln395_2 = icmp_slt  i17 %sext_ln394_2, i17 %p_read6_cast_cast" [/home/x_thileeb/repos/ops-hls-pact25-artifact/codegen_apps/jacobian3d/vck5000_project/hls/device/include/PE_jac3D_kernel_stencil.hpp:395]   --->   Operation 242 'icmp' 'icmp_ln395_2' <Predicate = (!icmp_ln194 & !icmp_ln394_2)> <Delay = 0.62> <CoreInst = "Cmp">   --->   Core 9 'Cmp' <Latency = 0> <II = 1> <Delay = 0.65> <FuncUnit> <Opcode : 'icmp'> <InPorts = 2> <OutPorts = 1>
ST_6 : Operation 243 [1/1] (0.00ns)   --->   "%index_3 = or i16 %index, i16 3" [/home/x_thileeb/repos/ops-hls-pact25-artifact/codegen_apps/jacobian3d/vck5000_project/hls/device/include/PE_jac3D_kernel_stencil.hpp:392]   --->   Operation 243 'or' 'index_3' <Predicate = (!icmp_ln194)> <Delay = 0.00>
ST_6 : Operation 244 [1/1] (0.00ns)   --->   "%sext_ln394_3 = sext i16 %index_3" [/home/x_thileeb/repos/ops-hls-pact25-artifact/codegen_apps/jacobian3d/vck5000_project/hls/device/include/PE_jac3D_kernel_stencil.hpp:394]   --->   Operation 244 'sext' 'sext_ln394_3' <Predicate = (!icmp_ln194)> <Delay = 0.00>
ST_6 : Operation 245 [1/1] (0.62ns)   --->   "%icmp_ln394_3 = icmp_slt  i17 %sext_ln394_3, i17 %p_read3_cast_cast" [/home/x_thileeb/repos/ops-hls-pact25-artifact/codegen_apps/jacobian3d/vck5000_project/hls/device/include/PE_jac3D_kernel_stencil.hpp:394]   --->   Operation 245 'icmp' 'icmp_ln394_3' <Predicate = (!icmp_ln194)> <Delay = 0.62> <CoreInst = "Cmp">   --->   Core 9 'Cmp' <Latency = 0> <II = 1> <Delay = 0.65> <FuncUnit> <Opcode : 'icmp'> <InPorts = 2> <OutPorts = 1>
ST_6 : Operation 246 [1/1] (0.00ns)   --->   "%br_ln395 = br i1 %icmp_ln394_3, void %lor.lhs.false.3, void %if.else436.3" [/home/x_thileeb/repos/ops-hls-pact25-artifact/codegen_apps/jacobian3d/vck5000_project/hls/device/include/PE_jac3D_kernel_stencil.hpp:395]   --->   Operation 246 'br' 'br_ln395' <Predicate = (!icmp_ln194)> <Delay = 0.00>
ST_6 : Operation 247 [1/1] (0.62ns)   --->   "%icmp_ln395_3 = icmp_slt  i17 %sext_ln394_3, i17 %p_read6_cast_cast" [/home/x_thileeb/repos/ops-hls-pact25-artifact/codegen_apps/jacobian3d/vck5000_project/hls/device/include/PE_jac3D_kernel_stencil.hpp:395]   --->   Operation 247 'icmp' 'icmp_ln395_3' <Predicate = (!icmp_ln194 & !icmp_ln394_3)> <Delay = 0.62> <CoreInst = "Cmp">   --->   Core 9 'Cmp' <Latency = 0> <II = 1> <Delay = 0.65> <FuncUnit> <Opcode : 'icmp'> <InPorts = 2> <OutPorts = 1>
ST_6 : Operation 248 [1/1] (0.00ns)   --->   "%index_4 = or i16 %index, i16 4" [/home/x_thileeb/repos/ops-hls-pact25-artifact/codegen_apps/jacobian3d/vck5000_project/hls/device/include/PE_jac3D_kernel_stencil.hpp:392]   --->   Operation 248 'or' 'index_4' <Predicate = (!icmp_ln194)> <Delay = 0.00>
ST_6 : Operation 249 [1/1] (0.00ns)   --->   "%sext_ln394_4 = sext i16 %index_4" [/home/x_thileeb/repos/ops-hls-pact25-artifact/codegen_apps/jacobian3d/vck5000_project/hls/device/include/PE_jac3D_kernel_stencil.hpp:394]   --->   Operation 249 'sext' 'sext_ln394_4' <Predicate = (!icmp_ln194)> <Delay = 0.00>
ST_6 : Operation 250 [1/1] (0.62ns)   --->   "%icmp_ln394_4 = icmp_slt  i17 %sext_ln394_4, i17 %p_read3_cast_cast" [/home/x_thileeb/repos/ops-hls-pact25-artifact/codegen_apps/jacobian3d/vck5000_project/hls/device/include/PE_jac3D_kernel_stencil.hpp:394]   --->   Operation 250 'icmp' 'icmp_ln394_4' <Predicate = (!icmp_ln194)> <Delay = 0.62> <CoreInst = "Cmp">   --->   Core 9 'Cmp' <Latency = 0> <II = 1> <Delay = 0.65> <FuncUnit> <Opcode : 'icmp'> <InPorts = 2> <OutPorts = 1>
ST_6 : Operation 251 [1/1] (0.00ns)   --->   "%br_ln395 = br i1 %icmp_ln394_4, void %lor.lhs.false.4, void %if.else436.4" [/home/x_thileeb/repos/ops-hls-pact25-artifact/codegen_apps/jacobian3d/vck5000_project/hls/device/include/PE_jac3D_kernel_stencil.hpp:395]   --->   Operation 251 'br' 'br_ln395' <Predicate = (!icmp_ln194)> <Delay = 0.00>
ST_6 : Operation 252 [1/1] (0.62ns)   --->   "%icmp_ln395_4 = icmp_slt  i17 %sext_ln394_4, i17 %p_read6_cast_cast" [/home/x_thileeb/repos/ops-hls-pact25-artifact/codegen_apps/jacobian3d/vck5000_project/hls/device/include/PE_jac3D_kernel_stencil.hpp:395]   --->   Operation 252 'icmp' 'icmp_ln395_4' <Predicate = (!icmp_ln194 & !icmp_ln394_4)> <Delay = 0.62> <CoreInst = "Cmp">   --->   Core 9 'Cmp' <Latency = 0> <II = 1> <Delay = 0.65> <FuncUnit> <Opcode : 'icmp'> <InPorts = 2> <OutPorts = 1>
ST_6 : Operation 253 [1/1] (0.00ns)   --->   "%index_5 = or i16 %index, i16 5" [/home/x_thileeb/repos/ops-hls-pact25-artifact/codegen_apps/jacobian3d/vck5000_project/hls/device/include/PE_jac3D_kernel_stencil.hpp:392]   --->   Operation 253 'or' 'index_5' <Predicate = (!icmp_ln194)> <Delay = 0.00>
ST_6 : Operation 254 [1/1] (0.00ns)   --->   "%sext_ln394_5 = sext i16 %index_5" [/home/x_thileeb/repos/ops-hls-pact25-artifact/codegen_apps/jacobian3d/vck5000_project/hls/device/include/PE_jac3D_kernel_stencil.hpp:394]   --->   Operation 254 'sext' 'sext_ln394_5' <Predicate = (!icmp_ln194)> <Delay = 0.00>
ST_6 : Operation 255 [1/1] (0.62ns)   --->   "%icmp_ln394_5 = icmp_slt  i17 %sext_ln394_5, i17 %p_read3_cast_cast" [/home/x_thileeb/repos/ops-hls-pact25-artifact/codegen_apps/jacobian3d/vck5000_project/hls/device/include/PE_jac3D_kernel_stencil.hpp:394]   --->   Operation 255 'icmp' 'icmp_ln394_5' <Predicate = (!icmp_ln194)> <Delay = 0.62> <CoreInst = "Cmp">   --->   Core 9 'Cmp' <Latency = 0> <II = 1> <Delay = 0.65> <FuncUnit> <Opcode : 'icmp'> <InPorts = 2> <OutPorts = 1>
ST_6 : Operation 256 [1/1] (0.46ns)   --->   "%br_ln395 = br i1 %icmp_ln394_5, void %lor.lhs.false.5, void %for.inc452.5" [/home/x_thileeb/repos/ops-hls-pact25-artifact/codegen_apps/jacobian3d/vck5000_project/hls/device/include/PE_jac3D_kernel_stencil.hpp:395]   --->   Operation 256 'br' 'br_ln395' <Predicate = (!icmp_ln194)> <Delay = 0.46>
ST_6 : Operation 257 [1/1] (0.62ns)   --->   "%icmp_ln395_5 = icmp_slt  i17 %sext_ln394_5, i17 %p_read6_cast_cast" [/home/x_thileeb/repos/ops-hls-pact25-artifact/codegen_apps/jacobian3d/vck5000_project/hls/device/include/PE_jac3D_kernel_stencil.hpp:395]   --->   Operation 257 'icmp' 'icmp_ln395_5' <Predicate = (!icmp_ln194 & !icmp_ln394_5)> <Delay = 0.62> <CoreInst = "Cmp">   --->   Core 9 'Cmp' <Latency = 0> <II = 1> <Delay = 0.65> <FuncUnit> <Opcode : 'icmp'> <InPorts = 2> <OutPorts = 1>
ST_6 : Operation 258 [1/1] (0.00ns)   --->   "%index_6 = or i16 %index, i16 6" [/home/x_thileeb/repos/ops-hls-pact25-artifact/codegen_apps/jacobian3d/vck5000_project/hls/device/include/PE_jac3D_kernel_stencil.hpp:392]   --->   Operation 258 'or' 'index_6' <Predicate = (!icmp_ln194)> <Delay = 0.00>
ST_6 : Operation 259 [1/1] (0.00ns)   --->   "%sext_ln394_6 = sext i16 %index_6" [/home/x_thileeb/repos/ops-hls-pact25-artifact/codegen_apps/jacobian3d/vck5000_project/hls/device/include/PE_jac3D_kernel_stencil.hpp:394]   --->   Operation 259 'sext' 'sext_ln394_6' <Predicate = (!icmp_ln194)> <Delay = 0.00>
ST_6 : Operation 260 [1/1] (0.62ns)   --->   "%icmp_ln394_6 = icmp_slt  i17 %sext_ln394_6, i17 %p_read3_cast_cast" [/home/x_thileeb/repos/ops-hls-pact25-artifact/codegen_apps/jacobian3d/vck5000_project/hls/device/include/PE_jac3D_kernel_stencil.hpp:394]   --->   Operation 260 'icmp' 'icmp_ln394_6' <Predicate = (!icmp_ln194)> <Delay = 0.62> <CoreInst = "Cmp">   --->   Core 9 'Cmp' <Latency = 0> <II = 1> <Delay = 0.65> <FuncUnit> <Opcode : 'icmp'> <InPorts = 2> <OutPorts = 1>
ST_6 : Operation 261 [1/1] (0.46ns)   --->   "%br_ln395 = br i1 %icmp_ln394_6, void %lor.lhs.false.6, void %for.inc452.6" [/home/x_thileeb/repos/ops-hls-pact25-artifact/codegen_apps/jacobian3d/vck5000_project/hls/device/include/PE_jac3D_kernel_stencil.hpp:395]   --->   Operation 261 'br' 'br_ln395' <Predicate = (!icmp_ln194)> <Delay = 0.46>
ST_6 : Operation 262 [1/1] (0.62ns)   --->   "%icmp_ln395_6 = icmp_slt  i17 %sext_ln394_6, i17 %p_read6_cast_cast" [/home/x_thileeb/repos/ops-hls-pact25-artifact/codegen_apps/jacobian3d/vck5000_project/hls/device/include/PE_jac3D_kernel_stencil.hpp:395]   --->   Operation 262 'icmp' 'icmp_ln395_6' <Predicate = (!icmp_ln194 & !icmp_ln394_6)> <Delay = 0.62> <CoreInst = "Cmp">   --->   Core 9 'Cmp' <Latency = 0> <II = 1> <Delay = 0.65> <FuncUnit> <Opcode : 'icmp'> <InPorts = 2> <OutPorts = 1>
ST_6 : Operation 263 [1/1] (0.00ns)   --->   "%index_7 = or i16 %index, i16 7" [/home/x_thileeb/repos/ops-hls-pact25-artifact/codegen_apps/jacobian3d/vck5000_project/hls/device/include/PE_jac3D_kernel_stencil.hpp:392]   --->   Operation 263 'or' 'index_7' <Predicate = (!icmp_ln194)> <Delay = 0.00>
ST_6 : Operation 264 [1/1] (0.00ns)   --->   "%sext_ln394_7 = sext i16 %index_7" [/home/x_thileeb/repos/ops-hls-pact25-artifact/codegen_apps/jacobian3d/vck5000_project/hls/device/include/PE_jac3D_kernel_stencil.hpp:394]   --->   Operation 264 'sext' 'sext_ln394_7' <Predicate = (!icmp_ln194)> <Delay = 0.00>
ST_6 : Operation 265 [1/1] (0.62ns)   --->   "%icmp_ln394_7 = icmp_slt  i17 %sext_ln394_7, i17 %p_read3_cast_cast" [/home/x_thileeb/repos/ops-hls-pact25-artifact/codegen_apps/jacobian3d/vck5000_project/hls/device/include/PE_jac3D_kernel_stencil.hpp:394]   --->   Operation 265 'icmp' 'icmp_ln394_7' <Predicate = (!icmp_ln194)> <Delay = 0.62> <CoreInst = "Cmp">   --->   Core 9 'Cmp' <Latency = 0> <II = 1> <Delay = 0.65> <FuncUnit> <Opcode : 'icmp'> <InPorts = 2> <OutPorts = 1>
ST_6 : Operation 266 [1/1] (0.46ns)   --->   "%br_ln395 = br i1 %icmp_ln394_7, void %lor.lhs.false.7, void %for.inc452.7" [/home/x_thileeb/repos/ops-hls-pact25-artifact/codegen_apps/jacobian3d/vck5000_project/hls/device/include/PE_jac3D_kernel_stencil.hpp:395]   --->   Operation 266 'br' 'br_ln395' <Predicate = (!icmp_ln194)> <Delay = 0.46>
ST_6 : Operation 267 [1/1] (0.62ns)   --->   "%icmp_ln395_7 = icmp_slt  i17 %sext_ln394_7, i17 %p_read6_cast_cast" [/home/x_thileeb/repos/ops-hls-pact25-artifact/codegen_apps/jacobian3d/vck5000_project/hls/device/include/PE_jac3D_kernel_stencil.hpp:395]   --->   Operation 267 'icmp' 'icmp_ln395_7' <Predicate = (!icmp_ln194 & !icmp_ln394_7)> <Delay = 0.62> <CoreInst = "Cmp">   --->   Core 9 'Cmp' <Latency = 0> <II = 1> <Delay = 0.65> <FuncUnit> <Opcode : 'icmp'> <InPorts = 2> <OutPorts = 1>
ST_6 : Operation 268 [1/1] (0.00ns)   --->   "%store_ln194 = store i256 %t_4, i256 %p_Val2_1" [/home/x_thileeb/repos/ops-hls-pact25-artifact/codegen_apps/jacobian3d/vck5000_project/hls/device/include/PE_jac3D_kernel_stencil.hpp:194]   --->   Operation 268 'store' 'store_ln194' <Predicate = (!icmp_ln194)> <Delay = 0.00>
ST_6 : Operation 269 [1/1] (0.00ns)   --->   "%store_ln194 = store i256 %t_2, i256 %p_Val2_s" [/home/x_thileeb/repos/ops-hls-pact25-artifact/codegen_apps/jacobian3d/vck5000_project/hls/device/include/PE_jac3D_kernel_stencil.hpp:194]   --->   Operation 269 'store' 'store_ln194' <Predicate = (!icmp_ln194)> <Delay = 0.00>
ST_6 : Operation 270 [1/1] (0.39ns)   --->   "%store_ln194 = store i16 %i_2, i16 %i" [/home/x_thileeb/repos/ops-hls-pact25-artifact/codegen_apps/jacobian3d/vck5000_project/hls/device/include/PE_jac3D_kernel_stencil.hpp:194]   --->   Operation 270 'store' 'store_ln194' <Predicate = (!icmp_ln194)> <Delay = 0.39>
ST_6 : Operation 271 [1/1] (0.39ns)   --->   "%store_ln194 = store i16 %j_2, i16 %j" [/home/x_thileeb/repos/ops-hls-pact25-artifact/codegen_apps/jacobian3d/vck5000_project/hls/device/include/PE_jac3D_kernel_stencil.hpp:194]   --->   Operation 271 'store' 'store_ln194' <Predicate = (!icmp_ln194)> <Delay = 0.39>
ST_6 : Operation 272 [1/1] (0.39ns)   --->   "%store_ln194 = store i16 %S3D_7PT_buf_r0_1_p1_rd_2, i16 %S3D_7PT_buf_r0_1_p1_rd" [/home/x_thileeb/repos/ops-hls-pact25-artifact/codegen_apps/jacobian3d/vck5000_project/hls/device/include/PE_jac3D_kernel_stencil.hpp:194]   --->   Operation 272 'store' 'store_ln194' <Predicate = (!icmp_ln194)> <Delay = 0.39>

State 7 <SV = 6> <Delay = 2.24>
ST_7 : Operation 273 [1/1] (0.00ns)   --->   "%k_load = load i16 %k" [/home/x_thileeb/repos/ops-hls-pact25-artifact/codegen_apps/jacobian3d/vck5000_project/hls/device/include/PE_jac3D_kernel_stencil.hpp:241]   --->   Operation 273 'load' 'k_load' <Predicate = true> <Delay = 0.00>
ST_7 : Operation 274 [1/1] (0.00ns)   --->   "%specpipeline_ln196 = specpipeline void @_ssdm_op_SpecPipeline, i32 1, i32 0, i32 0, i32 0, void @empty_18" [/home/x_thileeb/repos/ops-hls-pact25-artifact/codegen_apps/jacobian3d/vck5000_project/hls/device/include/PE_jac3D_kernel_stencil.hpp:196]   --->   Operation 274 'specpipeline' 'specpipeline_ln196' <Predicate = true> <Delay = 0.00>
ST_7 : Operation 275 [1/1] (0.00ns)   --->   "%specloopname_ln161 = specloopname void @_ssdm_op_SpecLoopName, void @empty_9" [/home/x_thileeb/repos/ops-hls-pact25-artifact/codegen_apps/jacobian3d/vck5000_project/hls/device/include/PE_jac3D_kernel_stencil.hpp:161]   --->   Operation 275 'specloopname' 'specloopname_ln161' <Predicate = true> <Delay = 0.00>
ST_7 : Operation 276 [1/1] (0.62ns)   --->   "%icmp_ln238 = icmp_ne  i16 %k_load, i16 %cond_z_val_read" [/home/x_thileeb/repos/ops-hls-pact25-artifact/codegen_apps/jacobian3d/vck5000_project/hls/device/include/PE_jac3D_kernel_stencil.hpp:238]   --->   Operation 276 'icmp' 'icmp_ln238' <Predicate = true> <Delay = 0.62> <CoreInst = "Cmp">   --->   Core 9 'Cmp' <Latency = 0> <II = 1> <Delay = 0.62> <FuncUnit> <Opcode : 'icmp'> <InPorts = 2> <OutPorts = 1>
ST_7 : Operation 277 [1/1] (0.30ns)   --->   "%or_ln238 = or i1 %or_ln234, i1 %icmp_ln238" [/home/x_thileeb/repos/ops-hls-pact25-artifact/codegen_apps/jacobian3d/vck5000_project/hls/device/include/PE_jac3D_kernel_stencil.hpp:238]   --->   Operation 277 'or' 'or_ln238' <Predicate = true> <Delay = 0.30> <CoreInst = "LogicGate">   --->   Core 78 'LogicGate' <Latency = 0> <II = 1> <Delay = 0.30> <FuncUnit> <Opcode : 'and' 'or' 'xor'> <InPorts = 2> <OutPorts = 1>
ST_7 : Operation 278 [1/1] (0.00ns) (grouped into LUT with out node or_ln238_1)   --->   "%xor_ln238 = xor i1 %or_ln238, i1 1" [/home/x_thileeb/repos/ops-hls-pact25-artifact/codegen_apps/jacobian3d/vck5000_project/hls/device/include/PE_jac3D_kernel_stencil.hpp:238]   --->   Operation 278 'xor' 'xor_ln238' <Predicate = true> <Delay = 0.00> <CoreInst = "LogicGate">   --->   Core 78 'LogicGate' <Latency = 0> <II = 1> <Delay = 0.30> <FuncUnit> <Opcode : 'and' 'or' 'xor'> <InPorts = 2> <OutPorts = 1>
ST_7 : Operation 279 [1/1] (0.30ns) (out node of the LUT)   --->   "%or_ln238_1 = or i1 %xor_ln238, i1 %xor_ln234" [/home/x_thileeb/repos/ops-hls-pact25-artifact/codegen_apps/jacobian3d/vck5000_project/hls/device/include/PE_jac3D_kernel_stencil.hpp:238]   --->   Operation 279 'or' 'or_ln238_1' <Predicate = true> <Delay = 0.30> <CoreInst = "LogicGate">   --->   Core 78 'LogicGate' <Latency = 0> <II = 1> <Delay = 0.30> <FuncUnit> <Opcode : 'and' 'or' 'xor'> <InPorts = 2> <OutPorts = 1>
ST_7 : Operation 280 [1/1] (0.00ns) (grouped into LUT with out node k_1)   --->   "%select_ln238 = select i1 %or_ln238, i16 %k_load, i16 0" [/home/x_thileeb/repos/ops-hls-pact25-artifact/codegen_apps/jacobian3d/vck5000_project/hls/device/include/PE_jac3D_kernel_stencil.hpp:238]   --->   Operation 280 'select' 'select_ln238' <Predicate = true> <Delay = 0.00> <CoreInst = "Sel">   --->   Core 77 'Sel' <Latency = 0> <II = 1> <Delay = 0.38> <FuncUnit> <Opcode : 'select'> <InPorts = 3> <OutPorts = 1>
ST_7 : Operation 281 [1/1] (0.82ns)   --->   "%add_ln241 = add i16 %k_load, i16 1" [/home/x_thileeb/repos/ops-hls-pact25-artifact/codegen_apps/jacobian3d/vck5000_project/hls/device/include/PE_jac3D_kernel_stencil.hpp:241]   --->   Operation 281 'add' 'add_ln241' <Predicate = (cond_y_terminate)> <Delay = 0.82> <CoreInst = "Adder">   --->   Core 1 'Adder' <Latency = 0> <II = 1> <Delay = 0.82> <FuncUnit> <Opcode : 'add' 'sub'> <InPorts = 2> <OutPorts = 1>
ST_7 : Operation 282 [1/1] (0.00ns) (grouped into LUT with out node k_1)   --->   "%select_ln240 = select i1 %cond_y_terminate, i16 %add_ln241, i16 %k_load" [/home/x_thileeb/repos/ops-hls-pact25-artifact/codegen_apps/jacobian3d/vck5000_project/hls/device/include/PE_jac3D_kernel_stencil.hpp:240]   --->   Operation 282 'select' 'select_ln240' <Predicate = true> <Delay = 0.00> <CoreInst = "Sel">   --->   Core 77 'Sel' <Latency = 0> <II = 1> <Delay = 0.38> <FuncUnit> <Opcode : 'select'> <InPorts = 3> <OutPorts = 1>
ST_7 : Operation 283 [1/1] (0.38ns) (out node of the LUT)   --->   "%k_1 = select i1 %or_ln238_1, i16 %select_ln238, i16 %select_ln240" [/home/x_thileeb/repos/ops-hls-pact25-artifact/codegen_apps/jacobian3d/vck5000_project/hls/device/include/PE_jac3D_kernel_stencil.hpp:238]   --->   Operation 283 'select' 'k_1' <Predicate = true> <Delay = 0.38> <CoreInst = "Sel">   --->   Core 77 'Sel' <Latency = 0> <II = 1> <Delay = 0.38> <FuncUnit> <Opcode : 'select'> <InPorts = 3> <OutPorts = 1>
ST_7 : Operation 284 [1/1] (0.00ns)   --->   "%S3D_7PT_buf_p0_1_wr_load = load i16 %S3D_7PT_buf_p0_1_wr" [/home/x_thileeb/repos/ops-hls-pact25-artifact/codegen_apps/jacobian3d/vck5000_project/hls/device/include/PE_jac3D_kernel_stencil.hpp:268]   --->   Operation 284 'load' 'S3D_7PT_buf_p0_1_wr_load' <Predicate = (!icmp_ln194)> <Delay = 0.00>
ST_7 : Operation 285 [1/1] (0.00ns)   --->   "%zext_ln255 = zext i16 %S3D_7PT_buf_p0_1_wr_load" [/home/x_thileeb/repos/ops-hls-pact25-artifact/codegen_apps/jacobian3d/vck5000_project/hls/device/include/PE_jac3D_kernel_stencil.hpp:255]   --->   Operation 285 'zext' 'zext_ln255' <Predicate = (!icmp_ln194)> <Delay = 0.00>
ST_7 : Operation 286 [1/1] (0.00ns)   --->   "%arg0_buf_p0_1_V_addr = getelementptr i256 %arg0_buf_p0_1_V, i64 0, i64 %zext_ln255" [/home/x_thileeb/repos/ops-hls-pact25-artifact/codegen_apps/jacobian3d/vck5000_project/hls/device/include/PE_jac3D_kernel_stencil.hpp:255]   --->   Operation 286 'getelementptr' 'arg0_buf_p0_1_V_addr' <Predicate = (!icmp_ln194)> <Delay = 0.00>
ST_7 : Operation 287 [3/3] (1.17ns)   --->   "%arg0_buf_p0_1_V_load = load i14 %arg0_buf_p0_1_V_addr" [/home/x_thileeb/repos/ops-hls-pact25-artifact/codegen_apps/jacobian3d/vck5000_project/hls/device/include/PE_jac3D_kernel_stencil.hpp:255]   --->   Operation 287 'load' 'arg0_buf_p0_1_V_load' <Predicate = (!icmp_ln194)> <Delay = 1.17> <CoreInst = "RAM_S2P_URAM">   --->   Core 102 'RAM_S2P_URAM' <Latency = 2> <II = 1> <Delay = 1.25> <Storage> <Opcode : 'load' 'store'> <Ports = 2> <Width = 256> <Depth = 11476> <RAM>
ST_7 : Operation 288 [1/1] (0.00ns)   --->   "%reuse_reg164_load = load i256 %reuse_reg164"   --->   Operation 288 'load' 'reuse_reg164_load' <Predicate = (!icmp_ln194 & addr_cmp168)> <Delay = 0.00>
ST_7 : Operation 289 [1/3] (0.88ns)   --->   "%arg0_buf_r0_1_p1_V_load = load i6 %arg0_buf_r0_1_p1_V_addr" [/home/x_thileeb/repos/ops-hls-pact25-artifact/codegen_apps/jacobian3d/vck5000_project/hls/device/include/PE_jac3D_kernel_stencil.hpp:256]   --->   Operation 289 'load' 'arg0_buf_r0_1_p1_V_load' <Predicate = (!icmp_ln194)> <Delay = 0.88> <CoreInst = "RAM_S2P_BRAM">   --->   Core 101 'RAM_S2P_BRAM' <Latency = 2> <II = 1> <Delay = 1.25> <Storage> <Opcode : 'load' 'store'> <Ports = 2> <Width = 256> <Depth = 38> <RAM>
ST_7 : Operation 290 [1/1] (0.70ns)   --->   "%t_1 = select i1 %addr_cmp168, i256 %reuse_reg164_load, i256 %arg0_buf_r0_1_p1_V_load" [/home/x_thileeb/repos/ops-hls-pact25-artifact/codegen_apps/jacobian3d/vck5000_project/hls/device/include/PE_jac3D_kernel_stencil.hpp:256]   --->   Operation 290 'select' 't_1' <Predicate = (!icmp_ln194)> <Delay = 0.70> <CoreInst = "Sel">   --->   Core 77 'Sel' <Latency = 0> <II = 1> <Delay = 0.70> <FuncUnit> <Opcode : 'select'> <InPorts = 3> <OutPorts = 1>
ST_7 : Operation 291 [1/1] (0.53ns)   --->   "%store_ln714 = store i256 %p_Val2_load, i256 %reuse_reg164"   --->   Operation 291 'store' 'store_ln714' <Predicate = (!icmp_ln194)> <Delay = 0.53>
ST_7 : Operation 292 [1/1] (0.62ns)   --->   "%icmp_ln268 = icmp_ult  i16 %S3D_7PT_buf_p0_1_wr_load, i16 %plane_diff_read" [/home/x_thileeb/repos/ops-hls-pact25-artifact/codegen_apps/jacobian3d/vck5000_project/hls/device/include/PE_jac3D_kernel_stencil.hpp:268]   --->   Operation 292 'icmp' 'icmp_ln268' <Predicate = (!icmp_ln194)> <Delay = 0.62> <CoreInst = "Cmp">   --->   Core 9 'Cmp' <Latency = 0> <II = 1> <Delay = 0.62> <FuncUnit> <Opcode : 'icmp'> <InPorts = 2> <OutPorts = 1>
ST_7 : Operation 293 [1/1] (0.00ns) (grouped into LUT with out node S3D_7PT_buf_p0_1_wr_2)   --->   "%cond_end_of_line_buff_S3D_7PT_buf_p0_1_wr = xor i1 %icmp_ln268, i1 1" [/home/x_thileeb/repos/ops-hls-pact25-artifact/codegen_apps/jacobian3d/vck5000_project/hls/device/include/PE_jac3D_kernel_stencil.hpp:268]   --->   Operation 293 'xor' 'cond_end_of_line_buff_S3D_7PT_buf_p0_1_wr' <Predicate = (!icmp_ln194)> <Delay = 0.00> <CoreInst = "LogicGate">   --->   Core 78 'LogicGate' <Latency = 0> <II = 1> <Delay = 0.30> <FuncUnit> <Opcode : 'and' 'or' 'xor'> <InPorts = 2> <OutPorts = 1>
ST_7 : Operation 294 [1/1] (0.82ns)   --->   "%S3D_7PT_buf_p0_1_wr_1 = add i16 %S3D_7PT_buf_p0_1_wr_load, i16 1" [/home/x_thileeb/repos/ops-hls-pact25-artifact/codegen_apps/jacobian3d/vck5000_project/hls/device/include/PE_jac3D_kernel_stencil.hpp:278]   --->   Operation 294 'add' 'S3D_7PT_buf_p0_1_wr_1' <Predicate = (!icmp_ln194)> <Delay = 0.82> <CoreInst = "Adder">   --->   Core 1 'Adder' <Latency = 0> <II = 1> <Delay = 0.82> <FuncUnit> <Opcode : 'add' 'sub'> <InPorts = 2> <OutPorts = 1>
ST_7 : Operation 295 [1/1] (0.38ns) (out node of the LUT)   --->   "%S3D_7PT_buf_p0_1_wr_2 = select i1 %cond_end_of_line_buff_S3D_7PT_buf_p0_1_wr, i16 0, i16 %S3D_7PT_buf_p0_1_wr_1" [/home/x_thileeb/repos/ops-hls-pact25-artifact/codegen_apps/jacobian3d/vck5000_project/hls/device/include/PE_jac3D_kernel_stencil.hpp:275]   --->   Operation 295 'select' 'S3D_7PT_buf_p0_1_wr_2' <Predicate = (!icmp_ln194)> <Delay = 0.38> <CoreInst = "Sel">   --->   Core 77 'Sel' <Latency = 0> <II = 1> <Delay = 0.38> <FuncUnit> <Opcode : 'select'> <InPorts = 3> <OutPorts = 1>
ST_7 : Operation 296 [1/1] (0.00ns)   --->   "%arg0_tmpConverter_0_1 = trunc i256 %t_1"   --->   Operation 296 'trunc' 'arg0_tmpConverter_0_1' <Predicate = (!icmp_ln194)> <Delay = 0.00>
ST_7 : Operation 297 [1/1] (0.00ns)   --->   "%arg0_tmpConverter_0_1_1 = partselect i32 @_ssdm_op_PartSelect.i32.i256.i32.i32, i256 %t_1, i32 32, i32 63"   --->   Operation 297 'partselect' 'arg0_tmpConverter_0_1_1' <Predicate = (!icmp_ln194)> <Delay = 0.00>
ST_7 : Operation 298 [1/1] (0.00ns)   --->   "%arg0_tmpConverter_0_1_2 = partselect i32 @_ssdm_op_PartSelect.i32.i256.i32.i32, i256 %t_1, i32 64, i32 95"   --->   Operation 298 'partselect' 'arg0_tmpConverter_0_1_2' <Predicate = (!icmp_ln194)> <Delay = 0.00>
ST_7 : Operation 299 [1/1] (0.00ns)   --->   "%arg0_tmpConverter_0_1_3 = partselect i32 @_ssdm_op_PartSelect.i32.i256.i32.i32, i256 %t_1, i32 96, i32 127"   --->   Operation 299 'partselect' 'arg0_tmpConverter_0_1_3' <Predicate = (!icmp_ln194)> <Delay = 0.00>
ST_7 : Operation 300 [1/1] (0.00ns)   --->   "%arg0_tmpConverter_0_1_4 = partselect i32 @_ssdm_op_PartSelect.i32.i256.i32.i32, i256 %t_1, i32 128, i32 159"   --->   Operation 300 'partselect' 'arg0_tmpConverter_0_1_4' <Predicate = (!icmp_ln194)> <Delay = 0.00>
ST_7 : Operation 301 [1/1] (0.00ns)   --->   "%arg0_tmpConverter_0_1_5 = partselect i32 @_ssdm_op_PartSelect.i32.i256.i32.i32, i256 %t_1, i32 160, i32 191"   --->   Operation 301 'partselect' 'arg0_tmpConverter_0_1_5' <Predicate = (!icmp_ln194)> <Delay = 0.00>
ST_7 : Operation 302 [1/1] (0.00ns)   --->   "%arg0_tmpConverter_0_1_6 = partselect i32 @_ssdm_op_PartSelect.i32.i256.i32.i32, i256 %t_1, i32 192, i32 223"   --->   Operation 302 'partselect' 'arg0_tmpConverter_0_1_6' <Predicate = (!icmp_ln194)> <Delay = 0.00>
ST_7 : Operation 303 [1/1] (0.00ns)   --->   "%arg0_tmpConverter_0_1_7 = partselect i32 @_ssdm_op_PartSelect.i32.i256.i32.i32, i256 %t_1, i32 224, i32 255"   --->   Operation 303 'partselect' 'arg0_tmpConverter_0_1_7' <Predicate = (!icmp_ln194)> <Delay = 0.00>
ST_7 : Operation 304 [1/1] (0.00ns)   --->   "%k_1_cast = sext i16 %k_1" [/home/x_thileeb/repos/ops-hls-pact25-artifact/codegen_apps/jacobian3d/vck5000_project/hls/device/include/PE_jac3D_kernel_stencil.hpp:238]   --->   Operation 304 'sext' 'k_1_cast' <Predicate = (!icmp_ln194)> <Delay = 0.00>
ST_7 : Operation 305 [1/1] (0.62ns)   --->   "%cmp399 = icmp_slt  i17 %k_1_cast, i17 %p_read5_cast_cast" [/home/x_thileeb/repos/ops-hls-pact25-artifact/codegen_apps/jacobian3d/vck5000_project/hls/device/include/PE_jac3D_kernel_stencil.hpp:238]   --->   Operation 305 'icmp' 'cmp399' <Predicate = (!icmp_ln194)> <Delay = 0.62> <CoreInst = "Cmp">   --->   Core 9 'Cmp' <Latency = 0> <II = 1> <Delay = 0.65> <FuncUnit> <Opcode : 'icmp'> <InPorts = 2> <OutPorts = 1>
ST_7 : Operation 306 [1/1] (0.62ns)   --->   "%icmp_ln399 = icmp_slt  i17 %k_1_cast, i17 %zext_ln194_cast" [/home/x_thileeb/repos/ops-hls-pact25-artifact/codegen_apps/jacobian3d/vck5000_project/hls/device/include/PE_jac3D_kernel_stencil.hpp:399]   --->   Operation 306 'icmp' 'icmp_ln399' <Predicate = (!icmp_ln194 & !icmp_ln394)> <Delay = 0.62> <CoreInst = "Cmp">   --->   Core 9 'Cmp' <Latency = 0> <II = 1> <Delay = 0.65> <FuncUnit> <Opcode : 'icmp'> <InPorts = 2> <OutPorts = 1>
ST_7 : Operation 307 [1/1] (0.62ns)   --->   "%icmp_ln399_1 = icmp_slt  i17 %k_1_cast, i17 %zext_ln194_cast" [/home/x_thileeb/repos/ops-hls-pact25-artifact/codegen_apps/jacobian3d/vck5000_project/hls/device/include/PE_jac3D_kernel_stencil.hpp:399]   --->   Operation 307 'icmp' 'icmp_ln399_1' <Predicate = (!icmp_ln194 & !icmp_ln394_1)> <Delay = 0.62> <CoreInst = "Cmp">   --->   Core 9 'Cmp' <Latency = 0> <II = 1> <Delay = 0.65> <FuncUnit> <Opcode : 'icmp'> <InPorts = 2> <OutPorts = 1>
ST_7 : Operation 308 [1/1] (0.62ns)   --->   "%icmp_ln399_2 = icmp_slt  i17 %k_1_cast, i17 %zext_ln194_cast" [/home/x_thileeb/repos/ops-hls-pact25-artifact/codegen_apps/jacobian3d/vck5000_project/hls/device/include/PE_jac3D_kernel_stencil.hpp:399]   --->   Operation 308 'icmp' 'icmp_ln399_2' <Predicate = (!icmp_ln194 & !icmp_ln394_2)> <Delay = 0.62> <CoreInst = "Cmp">   --->   Core 9 'Cmp' <Latency = 0> <II = 1> <Delay = 0.65> <FuncUnit> <Opcode : 'icmp'> <InPorts = 2> <OutPorts = 1>
ST_7 : Operation 309 [1/1] (0.62ns)   --->   "%icmp_ln399_3 = icmp_slt  i17 %k_1_cast, i17 %zext_ln194_cast" [/home/x_thileeb/repos/ops-hls-pact25-artifact/codegen_apps/jacobian3d/vck5000_project/hls/device/include/PE_jac3D_kernel_stencil.hpp:399]   --->   Operation 309 'icmp' 'icmp_ln399_3' <Predicate = (!icmp_ln194 & !icmp_ln394_3)> <Delay = 0.62> <CoreInst = "Cmp">   --->   Core 9 'Cmp' <Latency = 0> <II = 1> <Delay = 0.65> <FuncUnit> <Opcode : 'icmp'> <InPorts = 2> <OutPorts = 1>
ST_7 : Operation 310 [1/1] (0.62ns)   --->   "%icmp_ln399_4 = icmp_slt  i17 %k_1_cast, i17 %zext_ln194_cast" [/home/x_thileeb/repos/ops-hls-pact25-artifact/codegen_apps/jacobian3d/vck5000_project/hls/device/include/PE_jac3D_kernel_stencil.hpp:399]   --->   Operation 310 'icmp' 'icmp_ln399_4' <Predicate = (!icmp_ln194 & !icmp_ln394_4)> <Delay = 0.62> <CoreInst = "Cmp">   --->   Core 9 'Cmp' <Latency = 0> <II = 1> <Delay = 0.65> <FuncUnit> <Opcode : 'icmp'> <InPorts = 2> <OutPorts = 1>
ST_7 : Operation 311 [1/1] (0.62ns)   --->   "%icmp_ln399_5 = icmp_slt  i17 %k_1_cast, i17 %zext_ln194_cast" [/home/x_thileeb/repos/ops-hls-pact25-artifact/codegen_apps/jacobian3d/vck5000_project/hls/device/include/PE_jac3D_kernel_stencil.hpp:399]   --->   Operation 311 'icmp' 'icmp_ln399_5' <Predicate = (!icmp_ln194 & !icmp_ln394_5)> <Delay = 0.62> <CoreInst = "Cmp">   --->   Core 9 'Cmp' <Latency = 0> <II = 1> <Delay = 0.65> <FuncUnit> <Opcode : 'icmp'> <InPorts = 2> <OutPorts = 1>
ST_7 : Operation 312 [1/1] (0.62ns)   --->   "%icmp_ln399_6 = icmp_slt  i17 %k_1_cast, i17 %zext_ln194_cast" [/home/x_thileeb/repos/ops-hls-pact25-artifact/codegen_apps/jacobian3d/vck5000_project/hls/device/include/PE_jac3D_kernel_stencil.hpp:399]   --->   Operation 312 'icmp' 'icmp_ln399_6' <Predicate = (!icmp_ln194 & !icmp_ln394_6)> <Delay = 0.62> <CoreInst = "Cmp">   --->   Core 9 'Cmp' <Latency = 0> <II = 1> <Delay = 0.65> <FuncUnit> <Opcode : 'icmp'> <InPorts = 2> <OutPorts = 1>
ST_7 : Operation 313 [1/1] (0.62ns)   --->   "%icmp_ln399_7 = icmp_slt  i17 %k_1_cast, i17 %zext_ln194_cast" [/home/x_thileeb/repos/ops-hls-pact25-artifact/codegen_apps/jacobian3d/vck5000_project/hls/device/include/PE_jac3D_kernel_stencil.hpp:399]   --->   Operation 313 'icmp' 'icmp_ln399_7' <Predicate = (!icmp_ln194 & !icmp_ln394_7)> <Delay = 0.62> <CoreInst = "Cmp">   --->   Core 9 'Cmp' <Latency = 0> <II = 1> <Delay = 0.65> <FuncUnit> <Opcode : 'icmp'> <InPorts = 2> <OutPorts = 1>
ST_7 : Operation 314 [1/1] (0.00ns)   --->   "%tmp = bitselect i1 @_ssdm_op_BitSelect.i1.i16.i32, i16 %k_1, i32 15" [/home/x_thileeb/repos/ops-hls-pact25-artifact/codegen_apps/jacobian3d/vck5000_project/hls/device/include/PE_jac3D_kernel_stencil.hpp:443]   --->   Operation 314 'bitselect' 'tmp' <Predicate = true> <Delay = 0.00>
ST_7 : Operation 315 [1/1] (0.00ns)   --->   "%br_ln445 = br i1 %tmp, void %if.then457, void %for.inc459" [/home/x_thileeb/repos/ops-hls-pact25-artifact/codegen_apps/jacobian3d/vck5000_project/hls/device/include/PE_jac3D_kernel_stencil.hpp:445]   --->   Operation 315 'br' 'br_ln445' <Predicate = true> <Delay = 0.00>
ST_7 : Operation 316 [1/1] (0.39ns)   --->   "%store_ln194 = store i16 %k_1, i16 %k" [/home/x_thileeb/repos/ops-hls-pact25-artifact/codegen_apps/jacobian3d/vck5000_project/hls/device/include/PE_jac3D_kernel_stencil.hpp:194]   --->   Operation 316 'store' 'store_ln194' <Predicate = true> <Delay = 0.39>
ST_7 : Operation 317 [1/1] (0.39ns)   --->   "%store_ln194 = store i16 %S3D_7PT_buf_p0_1_wr_2, i16 %S3D_7PT_buf_p0_1_wr" [/home/x_thileeb/repos/ops-hls-pact25-artifact/codegen_apps/jacobian3d/vck5000_project/hls/device/include/PE_jac3D_kernel_stencil.hpp:194]   --->   Operation 317 'store' 'store_ln194' <Predicate = true> <Delay = 0.39>

State 8 <SV = 7> <Delay = 1.60>
ST_8 : Operation 318 [1/1] (0.00ns)   --->   "%S3D_7PT_buf_p0_1_rd_load = load i16 %S3D_7PT_buf_p0_1_rd" [/home/x_thileeb/repos/ops-hls-pact25-artifact/codegen_apps/jacobian3d/vck5000_project/hls/device/include/PE_jac3D_kernel_stencil.hpp:267]   --->   Operation 318 'load' 'S3D_7PT_buf_p0_1_rd_load' <Predicate = (!icmp_ln194)> <Delay = 0.00>
ST_8 : Operation 319 [1/1] (0.00ns)   --->   "%reuse_reg170_load = load i256 %reuse_reg170"   --->   Operation 319 'load' 'reuse_reg170_load' <Predicate = (!icmp_ln194)> <Delay = 0.00>
ST_8 : Operation 320 [1/1] (0.00ns)   --->   "%reuse_addr_reg171_load = load i64 %reuse_addr_reg171"   --->   Operation 320 'load' 'reuse_addr_reg171_load' <Predicate = (!icmp_ln194)> <Delay = 0.00>
ST_8 : Operation 321 [2/3] (1.25ns)   --->   "%arg0_buf_p0_1_V_load = load i14 %arg0_buf_p0_1_V_addr" [/home/x_thileeb/repos/ops-hls-pact25-artifact/codegen_apps/jacobian3d/vck5000_project/hls/device/include/PE_jac3D_kernel_stencil.hpp:255]   --->   Operation 321 'load' 'arg0_buf_p0_1_V_load' <Predicate = (!icmp_ln194)> <Delay = 1.25> <CoreInst = "RAM_S2P_URAM">   --->   Core 102 'RAM_S2P_URAM' <Latency = 2> <II = 1> <Delay = 1.25> <Storage> <Opcode : 'load' 'store'> <Ports = 2> <Width = 256> <Depth = 11476> <RAM>
ST_8 : Operation 322 [1/1] (0.77ns)   --->   "%addr_cmp174 = icmp_eq  i64 %reuse_addr_reg171_load, i64 %zext_ln255" [/home/x_thileeb/repos/ops-hls-pact25-artifact/codegen_apps/jacobian3d/vck5000_project/hls/device/include/PE_jac3D_kernel_stencil.hpp:255]   --->   Operation 322 'icmp' 'addr_cmp174' <Predicate = (!icmp_ln194)> <Delay = 0.77> <CoreInst = "Cmp">   --->   Core 9 'Cmp' <Latency = 0> <II = 1> <Delay = 0.77> <FuncUnit> <Opcode : 'icmp'> <InPorts = 2> <OutPorts = 1>
ST_8 : Operation 323 [1/1] (0.00ns)   --->   "%zext_ln257 = zext i16 %S3D_7PT_buf_p0_1_rd_load" [/home/x_thileeb/repos/ops-hls-pact25-artifact/codegen_apps/jacobian3d/vck5000_project/hls/device/include/PE_jac3D_kernel_stencil.hpp:257]   --->   Operation 323 'zext' 'zext_ln257' <Predicate = (!icmp_ln194)> <Delay = 0.00>
ST_8 : Operation 324 [1/1] (0.00ns)   --->   "%arg0_buf_p0_1_V_addr_1 = getelementptr i256 %arg0_buf_p0_1_V, i64 0, i64 %zext_ln257" [/home/x_thileeb/repos/ops-hls-pact25-artifact/codegen_apps/jacobian3d/vck5000_project/hls/device/include/PE_jac3D_kernel_stencil.hpp:257]   --->   Operation 324 'getelementptr' 'arg0_buf_p0_1_V_addr_1' <Predicate = (!icmp_ln194)> <Delay = 0.00>
ST_8 : Operation 325 [1/1] (1.17ns)   --->   "%store_ln257 = store i256 %t_1, i14 %arg0_buf_p0_1_V_addr_1" [/home/x_thileeb/repos/ops-hls-pact25-artifact/codegen_apps/jacobian3d/vck5000_project/hls/device/include/PE_jac3D_kernel_stencil.hpp:257]   --->   Operation 325 'store' 'store_ln257' <Predicate = (!icmp_ln194)> <Delay = 1.17> <CoreInst = "RAM_S2P_URAM">   --->   Core 102 'RAM_S2P_URAM' <Latency = 2> <II = 1> <Delay = 1.25> <Storage> <Opcode : 'load' 'store'> <Ports = 2> <Width = 256> <Depth = 11476> <RAM>
ST_8 : Operation 326 [1/1] (0.53ns)   --->   "%store_ln256 = store i256 %t_1, i256 %reuse_reg170" [/home/x_thileeb/repos/ops-hls-pact25-artifact/codegen_apps/jacobian3d/vck5000_project/hls/device/include/PE_jac3D_kernel_stencil.hpp:256]   --->   Operation 326 'store' 'store_ln256' <Predicate = (!icmp_ln194)> <Delay = 0.53>
ST_8 : Operation 327 [1/1] (0.49ns)   --->   "%store_ln257 = store i64 %zext_ln257, i64 %reuse_addr_reg171" [/home/x_thileeb/repos/ops-hls-pact25-artifact/codegen_apps/jacobian3d/vck5000_project/hls/device/include/PE_jac3D_kernel_stencil.hpp:257]   --->   Operation 327 'store' 'store_ln257' <Predicate = (!icmp_ln194)> <Delay = 0.49>
ST_8 : Operation 328 [1/1] (0.62ns)   --->   "%icmp_ln267 = icmp_ult  i16 %S3D_7PT_buf_p0_1_rd_load, i16 %plane_diff_read" [/home/x_thileeb/repos/ops-hls-pact25-artifact/codegen_apps/jacobian3d/vck5000_project/hls/device/include/PE_jac3D_kernel_stencil.hpp:267]   --->   Operation 328 'icmp' 'icmp_ln267' <Predicate = (!icmp_ln194)> <Delay = 0.62> <CoreInst = "Cmp">   --->   Core 9 'Cmp' <Latency = 0> <II = 1> <Delay = 0.62> <FuncUnit> <Opcode : 'icmp'> <InPorts = 2> <OutPorts = 1>
ST_8 : Operation 329 [1/1] (0.00ns) (grouped into LUT with out node S3D_7PT_buf_p0_1_rd_2)   --->   "%cond_end_of_line_buff_S3D_7PT_buf_p0_1_rd = xor i1 %icmp_ln267, i1 1" [/home/x_thileeb/repos/ops-hls-pact25-artifact/codegen_apps/jacobian3d/vck5000_project/hls/device/include/PE_jac3D_kernel_stencil.hpp:267]   --->   Operation 329 'xor' 'cond_end_of_line_buff_S3D_7PT_buf_p0_1_rd' <Predicate = (!icmp_ln194)> <Delay = 0.00> <CoreInst = "LogicGate">   --->   Core 78 'LogicGate' <Latency = 0> <II = 1> <Delay = 0.30> <FuncUnit> <Opcode : 'and' 'or' 'xor'> <InPorts = 2> <OutPorts = 1>
ST_8 : Operation 330 [1/1] (0.82ns)   --->   "%S3D_7PT_buf_p0_1_rd_1 = add i16 %S3D_7PT_buf_p0_1_rd_load, i16 1" [/home/x_thileeb/repos/ops-hls-pact25-artifact/codegen_apps/jacobian3d/vck5000_project/hls/device/include/PE_jac3D_kernel_stencil.hpp:273]   --->   Operation 330 'add' 'S3D_7PT_buf_p0_1_rd_1' <Predicate = (!icmp_ln194)> <Delay = 0.82> <CoreInst = "Adder">   --->   Core 1 'Adder' <Latency = 0> <II = 1> <Delay = 0.82> <FuncUnit> <Opcode : 'add' 'sub'> <InPorts = 2> <OutPorts = 1>
ST_8 : Operation 331 [1/1] (0.38ns) (out node of the LUT)   --->   "%S3D_7PT_buf_p0_1_rd_2 = select i1 %cond_end_of_line_buff_S3D_7PT_buf_p0_1_rd, i16 0, i16 %S3D_7PT_buf_p0_1_rd_1" [/home/x_thileeb/repos/ops-hls-pact25-artifact/codegen_apps/jacobian3d/vck5000_project/hls/device/include/PE_jac3D_kernel_stencil.hpp:270]   --->   Operation 331 'select' 'S3D_7PT_buf_p0_1_rd_2' <Predicate = (!icmp_ln194)> <Delay = 0.38> <CoreInst = "Sel">   --->   Core 77 'Sel' <Latency = 0> <II = 1> <Delay = 0.38> <FuncUnit> <Opcode : 'select'> <InPorts = 3> <OutPorts = 1>
ST_8 : Operation 332 [1/1] (0.00ns)   --->   "%arg0_rowArr_1_1_2 = bitcast i32 %arg0_tmpConverter_1_1_2" [/home/x_thileeb/repos/ops-hls-pact25-artifact/codegen_apps/jacobian3d/vck5000_project/hls/device/include/PE_jac3D_kernel_stencil.hpp:366]   --->   Operation 332 'bitcast' 'arg0_rowArr_1_1_2' <Predicate = (!icmp_ln194)> <Delay = 0.00>
ST_8 : Operation 333 [1/1] (0.00ns)   --->   "%arg0_rowArr_1_1_3 = bitcast i32 %arg0_tmpConverter_1_1_3" [/home/x_thileeb/repos/ops-hls-pact25-artifact/codegen_apps/jacobian3d/vck5000_project/hls/device/include/PE_jac3D_kernel_stencil.hpp:366]   --->   Operation 333 'bitcast' 'arg0_rowArr_1_1_3' <Predicate = (!icmp_ln194)> <Delay = 0.00>
ST_8 : Operation 334 [1/1] (0.30ns)   --->   "%rev145 = xor i1 %slt144, i1 1" [/home/x_thileeb/repos/ops-hls-pact25-artifact/codegen_apps/jacobian3d/vck5000_project/hls/device/include/PE_jac3D_kernel_stencil.hpp:234]   --->   Operation 334 'xor' 'rev145' <Predicate = (!icmp_ln194)> <Delay = 0.30> <CoreInst = "LogicGate">   --->   Core 78 'LogicGate' <Latency = 0> <II = 1> <Delay = 0.30> <FuncUnit> <Opcode : 'and' 'or' 'xor'> <InPorts = 2> <OutPorts = 1>
ST_8 : Operation 335 [1/1] (0.00ns) (grouped into LUT with out node neg_cond)   --->   "%xor_ln395 = xor i1 %icmp_ln395, i1 1" [/home/x_thileeb/repos/ops-hls-pact25-artifact/codegen_apps/jacobian3d/vck5000_project/hls/device/include/PE_jac3D_kernel_stencil.hpp:395]   --->   Operation 335 'xor' 'xor_ln395' <Predicate = (!icmp_ln194 & !icmp_ln394)> <Delay = 0.00> <CoreInst = "LogicGate">   --->   Core 78 'LogicGate' <Latency = 0> <II = 1> <Delay = 0.30> <FuncUnit> <Opcode : 'and' 'or' 'xor'> <InPorts = 2> <OutPorts = 1>
ST_8 : Operation 336 [1/1] (0.00ns) (grouped into LUT with out node neg_cond)   --->   "%xor_ln399 = xor i1 %icmp_ln399, i1 1" [/home/x_thileeb/repos/ops-hls-pact25-artifact/codegen_apps/jacobian3d/vck5000_project/hls/device/include/PE_jac3D_kernel_stencil.hpp:399]   --->   Operation 336 'xor' 'xor_ln399' <Predicate = (!icmp_ln194 & !icmp_ln394)> <Delay = 0.00> <CoreInst = "LogicGate">   --->   Core 78 'LogicGate' <Latency = 0> <II = 1> <Delay = 0.30> <FuncUnit> <Opcode : 'and' 'or' 'xor'> <InPorts = 2> <OutPorts = 1>
ST_8 : Operation 337 [1/1] (0.00ns) (grouped into LUT with out node neg_cond)   --->   "%or_ln396 = or i1 %xor_ln395, i1 %cmp387" [/home/x_thileeb/repos/ops-hls-pact25-artifact/codegen_apps/jacobian3d/vck5000_project/hls/device/include/PE_jac3D_kernel_stencil.hpp:396]   --->   Operation 337 'or' 'or_ln396' <Predicate = (!icmp_ln194 & !icmp_ln394)> <Delay = 0.00> <CoreInst = "LogicGate">   --->   Core 78 'LogicGate' <Latency = 0> <II = 1> <Delay = 0.30> <FuncUnit> <Opcode : 'and' 'or' 'xor'> <InPorts = 2> <OutPorts = 1>
ST_8 : Operation 338 [1/1] (0.00ns) (grouped into LUT with out node neg_cond)   --->   "%or_ln396_1 = or i1 %rev145, i1 %cmp399" [/home/x_thileeb/repos/ops-hls-pact25-artifact/codegen_apps/jacobian3d/vck5000_project/hls/device/include/PE_jac3D_kernel_stencil.hpp:396]   --->   Operation 338 'or' 'or_ln396_1' <Predicate = (!icmp_ln194 & !icmp_ln394)> <Delay = 0.00> <CoreInst = "LogicGate">   --->   Core 78 'LogicGate' <Latency = 0> <II = 1> <Delay = 0.30> <FuncUnit> <Opcode : 'and' 'or' 'xor'> <InPorts = 2> <OutPorts = 1>
ST_8 : Operation 339 [1/1] (0.00ns) (grouped into LUT with out node neg_cond)   --->   "%or_ln396_2 = or i1 %or_ln396, i1 %or_ln396_1" [/home/x_thileeb/repos/ops-hls-pact25-artifact/codegen_apps/jacobian3d/vck5000_project/hls/device/include/PE_jac3D_kernel_stencil.hpp:396]   --->   Operation 339 'or' 'or_ln396_2' <Predicate = (!icmp_ln194 & !icmp_ln394)> <Delay = 0.00> <CoreInst = "LogicGate">   --->   Core 78 'LogicGate' <Latency = 0> <II = 1> <Delay = 0.30> <FuncUnit> <Opcode : 'and' 'or' 'xor'> <InPorts = 2> <OutPorts = 1>
ST_8 : Operation 340 [1/1] (0.30ns) (out node of the LUT)   --->   "%neg_cond = or i1 %or_ln396_2, i1 %xor_ln399" [/home/x_thileeb/repos/ops-hls-pact25-artifact/codegen_apps/jacobian3d/vck5000_project/hls/device/include/PE_jac3D_kernel_stencil.hpp:396]   --->   Operation 340 'or' 'neg_cond' <Predicate = (!icmp_ln194 & !icmp_ln394)> <Delay = 0.30> <CoreInst = "LogicGate">   --->   Core 78 'LogicGate' <Latency = 0> <II = 1> <Delay = 0.30> <FuncUnit> <Opcode : 'and' 'or' 'xor'> <InPorts = 2> <OutPorts = 1>
ST_8 : Operation 341 [1/1] (0.46ns)   --->   "%br_ln0 = br void %for.inc452"   --->   Operation 341 'br' 'br_ln0' <Predicate = (!icmp_ln194 & neg_cond) | (!icmp_ln194 & icmp_ln394)> <Delay = 0.46>
ST_8 : Operation 342 [1/1] (0.00ns) (grouped into LUT with out node neg_cond_1)   --->   "%xor_ln395_1 = xor i1 %icmp_ln395_1, i1 1" [/home/x_thileeb/repos/ops-hls-pact25-artifact/codegen_apps/jacobian3d/vck5000_project/hls/device/include/PE_jac3D_kernel_stencil.hpp:395]   --->   Operation 342 'xor' 'xor_ln395_1' <Predicate = (!icmp_ln194 & !icmp_ln394_1)> <Delay = 0.00> <CoreInst = "LogicGate">   --->   Core 78 'LogicGate' <Latency = 0> <II = 1> <Delay = 0.30> <FuncUnit> <Opcode : 'and' 'or' 'xor'> <InPorts = 2> <OutPorts = 1>
ST_8 : Operation 343 [1/1] (0.00ns) (grouped into LUT with out node neg_cond_1)   --->   "%xor_ln399_1 = xor i1 %icmp_ln399_1, i1 1" [/home/x_thileeb/repos/ops-hls-pact25-artifact/codegen_apps/jacobian3d/vck5000_project/hls/device/include/PE_jac3D_kernel_stencil.hpp:399]   --->   Operation 343 'xor' 'xor_ln399_1' <Predicate = (!icmp_ln194 & !icmp_ln394_1)> <Delay = 0.00> <CoreInst = "LogicGate">   --->   Core 78 'LogicGate' <Latency = 0> <II = 1> <Delay = 0.30> <FuncUnit> <Opcode : 'and' 'or' 'xor'> <InPorts = 2> <OutPorts = 1>
ST_8 : Operation 344 [1/1] (0.00ns) (grouped into LUT with out node neg_cond_1)   --->   "%or_ln396_4 = or i1 %xor_ln395_1, i1 %cmp387" [/home/x_thileeb/repos/ops-hls-pact25-artifact/codegen_apps/jacobian3d/vck5000_project/hls/device/include/PE_jac3D_kernel_stencil.hpp:396]   --->   Operation 344 'or' 'or_ln396_4' <Predicate = (!icmp_ln194 & !icmp_ln394_1)> <Delay = 0.00> <CoreInst = "LogicGate">   --->   Core 78 'LogicGate' <Latency = 0> <II = 1> <Delay = 0.30> <FuncUnit> <Opcode : 'and' 'or' 'xor'> <InPorts = 2> <OutPorts = 1>
ST_8 : Operation 345 [1/1] (0.00ns) (grouped into LUT with out node neg_cond_1)   --->   "%or_ln396_5 = or i1 %rev145, i1 %xor_ln399_1" [/home/x_thileeb/repos/ops-hls-pact25-artifact/codegen_apps/jacobian3d/vck5000_project/hls/device/include/PE_jac3D_kernel_stencil.hpp:396]   --->   Operation 345 'or' 'or_ln396_5' <Predicate = (!icmp_ln194 & !icmp_ln394_1)> <Delay = 0.00> <CoreInst = "LogicGate">   --->   Core 78 'LogicGate' <Latency = 0> <II = 1> <Delay = 0.30> <FuncUnit> <Opcode : 'and' 'or' 'xor'> <InPorts = 2> <OutPorts = 1>
ST_8 : Operation 346 [1/1] (0.00ns) (grouped into LUT with out node neg_cond_1)   --->   "%or_ln396_6 = or i1 %or_ln396_5, i1 %cmp399" [/home/x_thileeb/repos/ops-hls-pact25-artifact/codegen_apps/jacobian3d/vck5000_project/hls/device/include/PE_jac3D_kernel_stencil.hpp:396]   --->   Operation 346 'or' 'or_ln396_6' <Predicate = (!icmp_ln194 & !icmp_ln394_1)> <Delay = 0.00> <CoreInst = "LogicGate">   --->   Core 78 'LogicGate' <Latency = 0> <II = 1> <Delay = 0.30> <FuncUnit> <Opcode : 'and' 'or' 'xor'> <InPorts = 2> <OutPorts = 1>
ST_8 : Operation 347 [1/1] (0.30ns) (out node of the LUT)   --->   "%neg_cond_1 = or i1 %or_ln396_6, i1 %or_ln396_4" [/home/x_thileeb/repos/ops-hls-pact25-artifact/codegen_apps/jacobian3d/vck5000_project/hls/device/include/PE_jac3D_kernel_stencil.hpp:396]   --->   Operation 347 'or' 'neg_cond_1' <Predicate = (!icmp_ln194 & !icmp_ln394_1)> <Delay = 0.30> <CoreInst = "LogicGate">   --->   Core 78 'LogicGate' <Latency = 0> <II = 1> <Delay = 0.30> <FuncUnit> <Opcode : 'and' 'or' 'xor'> <InPorts = 2> <OutPorts = 1>
ST_8 : Operation 348 [1/1] (0.46ns)   --->   "%br_ln0 = br void %for.inc452.1"   --->   Operation 348 'br' 'br_ln0' <Predicate = (!icmp_ln194 & neg_cond_1) | (!icmp_ln194 & icmp_ln394_1)> <Delay = 0.46>
ST_8 : Operation 349 [1/1] (0.00ns) (grouped into LUT with out node neg_cond_2)   --->   "%xor_ln395_2 = xor i1 %icmp_ln395_2, i1 1" [/home/x_thileeb/repos/ops-hls-pact25-artifact/codegen_apps/jacobian3d/vck5000_project/hls/device/include/PE_jac3D_kernel_stencil.hpp:395]   --->   Operation 349 'xor' 'xor_ln395_2' <Predicate = (!icmp_ln194 & !icmp_ln394_2)> <Delay = 0.00> <CoreInst = "LogicGate">   --->   Core 78 'LogicGate' <Latency = 0> <II = 1> <Delay = 0.30> <FuncUnit> <Opcode : 'and' 'or' 'xor'> <InPorts = 2> <OutPorts = 1>
ST_8 : Operation 350 [1/1] (0.00ns) (grouped into LUT with out node neg_cond_2)   --->   "%xor_ln399_2 = xor i1 %icmp_ln399_2, i1 1" [/home/x_thileeb/repos/ops-hls-pact25-artifact/codegen_apps/jacobian3d/vck5000_project/hls/device/include/PE_jac3D_kernel_stencil.hpp:399]   --->   Operation 350 'xor' 'xor_ln399_2' <Predicate = (!icmp_ln194 & !icmp_ln394_2)> <Delay = 0.00> <CoreInst = "LogicGate">   --->   Core 78 'LogicGate' <Latency = 0> <II = 1> <Delay = 0.30> <FuncUnit> <Opcode : 'and' 'or' 'xor'> <InPorts = 2> <OutPorts = 1>
ST_8 : Operation 351 [1/1] (0.00ns) (grouped into LUT with out node neg_cond_2)   --->   "%or_ln396_8 = or i1 %xor_ln395_2, i1 %cmp387" [/home/x_thileeb/repos/ops-hls-pact25-artifact/codegen_apps/jacobian3d/vck5000_project/hls/device/include/PE_jac3D_kernel_stencil.hpp:396]   --->   Operation 351 'or' 'or_ln396_8' <Predicate = (!icmp_ln194 & !icmp_ln394_2)> <Delay = 0.00> <CoreInst = "LogicGate">   --->   Core 78 'LogicGate' <Latency = 0> <II = 1> <Delay = 0.30> <FuncUnit> <Opcode : 'and' 'or' 'xor'> <InPorts = 2> <OutPorts = 1>
ST_8 : Operation 352 [1/1] (0.00ns) (grouped into LUT with out node neg_cond_2)   --->   "%or_ln396_9 = or i1 %rev145, i1 %xor_ln399_2" [/home/x_thileeb/repos/ops-hls-pact25-artifact/codegen_apps/jacobian3d/vck5000_project/hls/device/include/PE_jac3D_kernel_stencil.hpp:396]   --->   Operation 352 'or' 'or_ln396_9' <Predicate = (!icmp_ln194 & !icmp_ln394_2)> <Delay = 0.00> <CoreInst = "LogicGate">   --->   Core 78 'LogicGate' <Latency = 0> <II = 1> <Delay = 0.30> <FuncUnit> <Opcode : 'and' 'or' 'xor'> <InPorts = 2> <OutPorts = 1>
ST_8 : Operation 353 [1/1] (0.00ns) (grouped into LUT with out node neg_cond_2)   --->   "%or_ln396_10 = or i1 %or_ln396_9, i1 %cmp399" [/home/x_thileeb/repos/ops-hls-pact25-artifact/codegen_apps/jacobian3d/vck5000_project/hls/device/include/PE_jac3D_kernel_stencil.hpp:396]   --->   Operation 353 'or' 'or_ln396_10' <Predicate = (!icmp_ln194 & !icmp_ln394_2)> <Delay = 0.00> <CoreInst = "LogicGate">   --->   Core 78 'LogicGate' <Latency = 0> <II = 1> <Delay = 0.30> <FuncUnit> <Opcode : 'and' 'or' 'xor'> <InPorts = 2> <OutPorts = 1>
ST_8 : Operation 354 [1/1] (0.30ns) (out node of the LUT)   --->   "%neg_cond_2 = or i1 %or_ln396_10, i1 %or_ln396_8" [/home/x_thileeb/repos/ops-hls-pact25-artifact/codegen_apps/jacobian3d/vck5000_project/hls/device/include/PE_jac3D_kernel_stencil.hpp:396]   --->   Operation 354 'or' 'neg_cond_2' <Predicate = (!icmp_ln194 & !icmp_ln394_2)> <Delay = 0.30> <CoreInst = "LogicGate">   --->   Core 78 'LogicGate' <Latency = 0> <II = 1> <Delay = 0.30> <FuncUnit> <Opcode : 'and' 'or' 'xor'> <InPorts = 2> <OutPorts = 1>
ST_8 : Operation 355 [1/1] (0.46ns)   --->   "%br_ln0 = br void %for.inc452.2"   --->   Operation 355 'br' 'br_ln0' <Predicate = (!icmp_ln194 & neg_cond_2) | (!icmp_ln194 & icmp_ln394_2)> <Delay = 0.46>
ST_8 : Operation 356 [1/1] (0.00ns) (grouped into LUT with out node neg_cond_3)   --->   "%xor_ln395_3 = xor i1 %icmp_ln395_3, i1 1" [/home/x_thileeb/repos/ops-hls-pact25-artifact/codegen_apps/jacobian3d/vck5000_project/hls/device/include/PE_jac3D_kernel_stencil.hpp:395]   --->   Operation 356 'xor' 'xor_ln395_3' <Predicate = (!icmp_ln194 & !icmp_ln394_3)> <Delay = 0.00> <CoreInst = "LogicGate">   --->   Core 78 'LogicGate' <Latency = 0> <II = 1> <Delay = 0.30> <FuncUnit> <Opcode : 'and' 'or' 'xor'> <InPorts = 2> <OutPorts = 1>
ST_8 : Operation 357 [1/1] (0.00ns) (grouped into LUT with out node neg_cond_3)   --->   "%xor_ln399_3 = xor i1 %icmp_ln399_3, i1 1" [/home/x_thileeb/repos/ops-hls-pact25-artifact/codegen_apps/jacobian3d/vck5000_project/hls/device/include/PE_jac3D_kernel_stencil.hpp:399]   --->   Operation 357 'xor' 'xor_ln399_3' <Predicate = (!icmp_ln194 & !icmp_ln394_3)> <Delay = 0.00> <CoreInst = "LogicGate">   --->   Core 78 'LogicGate' <Latency = 0> <II = 1> <Delay = 0.30> <FuncUnit> <Opcode : 'and' 'or' 'xor'> <InPorts = 2> <OutPorts = 1>
ST_8 : Operation 358 [1/1] (0.00ns) (grouped into LUT with out node neg_cond_3)   --->   "%or_ln396_12 = or i1 %xor_ln395_3, i1 %cmp387" [/home/x_thileeb/repos/ops-hls-pact25-artifact/codegen_apps/jacobian3d/vck5000_project/hls/device/include/PE_jac3D_kernel_stencil.hpp:396]   --->   Operation 358 'or' 'or_ln396_12' <Predicate = (!icmp_ln194 & !icmp_ln394_3)> <Delay = 0.00> <CoreInst = "LogicGate">   --->   Core 78 'LogicGate' <Latency = 0> <II = 1> <Delay = 0.30> <FuncUnit> <Opcode : 'and' 'or' 'xor'> <InPorts = 2> <OutPorts = 1>
ST_8 : Operation 359 [1/1] (0.00ns) (grouped into LUT with out node neg_cond_3)   --->   "%or_ln396_13 = or i1 %rev145, i1 %xor_ln399_3" [/home/x_thileeb/repos/ops-hls-pact25-artifact/codegen_apps/jacobian3d/vck5000_project/hls/device/include/PE_jac3D_kernel_stencil.hpp:396]   --->   Operation 359 'or' 'or_ln396_13' <Predicate = (!icmp_ln194 & !icmp_ln394_3)> <Delay = 0.00> <CoreInst = "LogicGate">   --->   Core 78 'LogicGate' <Latency = 0> <II = 1> <Delay = 0.30> <FuncUnit> <Opcode : 'and' 'or' 'xor'> <InPorts = 2> <OutPorts = 1>
ST_8 : Operation 360 [1/1] (0.00ns) (grouped into LUT with out node neg_cond_3)   --->   "%or_ln396_14 = or i1 %or_ln396_13, i1 %cmp399" [/home/x_thileeb/repos/ops-hls-pact25-artifact/codegen_apps/jacobian3d/vck5000_project/hls/device/include/PE_jac3D_kernel_stencil.hpp:396]   --->   Operation 360 'or' 'or_ln396_14' <Predicate = (!icmp_ln194 & !icmp_ln394_3)> <Delay = 0.00> <CoreInst = "LogicGate">   --->   Core 78 'LogicGate' <Latency = 0> <II = 1> <Delay = 0.30> <FuncUnit> <Opcode : 'and' 'or' 'xor'> <InPorts = 2> <OutPorts = 1>
ST_8 : Operation 361 [1/1] (0.30ns) (out node of the LUT)   --->   "%neg_cond_3 = or i1 %or_ln396_14, i1 %or_ln396_12" [/home/x_thileeb/repos/ops-hls-pact25-artifact/codegen_apps/jacobian3d/vck5000_project/hls/device/include/PE_jac3D_kernel_stencil.hpp:396]   --->   Operation 361 'or' 'neg_cond_3' <Predicate = (!icmp_ln194 & !icmp_ln394_3)> <Delay = 0.30> <CoreInst = "LogicGate">   --->   Core 78 'LogicGate' <Latency = 0> <II = 1> <Delay = 0.30> <FuncUnit> <Opcode : 'and' 'or' 'xor'> <InPorts = 2> <OutPorts = 1>
ST_8 : Operation 362 [1/1] (0.46ns)   --->   "%br_ln0 = br void %for.inc452.3"   --->   Operation 362 'br' 'br_ln0' <Predicate = (!icmp_ln194 & neg_cond_3) | (!icmp_ln194 & icmp_ln394_3)> <Delay = 0.46>
ST_8 : Operation 363 [1/1] (0.00ns) (grouped into LUT with out node neg_cond_4)   --->   "%xor_ln395_4 = xor i1 %icmp_ln395_4, i1 1" [/home/x_thileeb/repos/ops-hls-pact25-artifact/codegen_apps/jacobian3d/vck5000_project/hls/device/include/PE_jac3D_kernel_stencil.hpp:395]   --->   Operation 363 'xor' 'xor_ln395_4' <Predicate = (!icmp_ln194 & !icmp_ln394_4)> <Delay = 0.00> <CoreInst = "LogicGate">   --->   Core 78 'LogicGate' <Latency = 0> <II = 1> <Delay = 0.30> <FuncUnit> <Opcode : 'and' 'or' 'xor'> <InPorts = 2> <OutPorts = 1>
ST_8 : Operation 364 [1/1] (0.00ns) (grouped into LUT with out node neg_cond_4)   --->   "%xor_ln399_4 = xor i1 %icmp_ln399_4, i1 1" [/home/x_thileeb/repos/ops-hls-pact25-artifact/codegen_apps/jacobian3d/vck5000_project/hls/device/include/PE_jac3D_kernel_stencil.hpp:399]   --->   Operation 364 'xor' 'xor_ln399_4' <Predicate = (!icmp_ln194 & !icmp_ln394_4)> <Delay = 0.00> <CoreInst = "LogicGate">   --->   Core 78 'LogicGate' <Latency = 0> <II = 1> <Delay = 0.30> <FuncUnit> <Opcode : 'and' 'or' 'xor'> <InPorts = 2> <OutPorts = 1>
ST_8 : Operation 365 [1/1] (0.00ns) (grouped into LUT with out node neg_cond_4)   --->   "%or_ln396_16 = or i1 %xor_ln395_4, i1 %cmp387" [/home/x_thileeb/repos/ops-hls-pact25-artifact/codegen_apps/jacobian3d/vck5000_project/hls/device/include/PE_jac3D_kernel_stencil.hpp:396]   --->   Operation 365 'or' 'or_ln396_16' <Predicate = (!icmp_ln194 & !icmp_ln394_4)> <Delay = 0.00> <CoreInst = "LogicGate">   --->   Core 78 'LogicGate' <Latency = 0> <II = 1> <Delay = 0.30> <FuncUnit> <Opcode : 'and' 'or' 'xor'> <InPorts = 2> <OutPorts = 1>
ST_8 : Operation 366 [1/1] (0.00ns) (grouped into LUT with out node neg_cond_4)   --->   "%or_ln396_17 = or i1 %rev145, i1 %xor_ln399_4" [/home/x_thileeb/repos/ops-hls-pact25-artifact/codegen_apps/jacobian3d/vck5000_project/hls/device/include/PE_jac3D_kernel_stencil.hpp:396]   --->   Operation 366 'or' 'or_ln396_17' <Predicate = (!icmp_ln194 & !icmp_ln394_4)> <Delay = 0.00> <CoreInst = "LogicGate">   --->   Core 78 'LogicGate' <Latency = 0> <II = 1> <Delay = 0.30> <FuncUnit> <Opcode : 'and' 'or' 'xor'> <InPorts = 2> <OutPorts = 1>
ST_8 : Operation 367 [1/1] (0.00ns) (grouped into LUT with out node neg_cond_4)   --->   "%or_ln396_18 = or i1 %or_ln396_17, i1 %cmp399" [/home/x_thileeb/repos/ops-hls-pact25-artifact/codegen_apps/jacobian3d/vck5000_project/hls/device/include/PE_jac3D_kernel_stencil.hpp:396]   --->   Operation 367 'or' 'or_ln396_18' <Predicate = (!icmp_ln194 & !icmp_ln394_4)> <Delay = 0.00> <CoreInst = "LogicGate">   --->   Core 78 'LogicGate' <Latency = 0> <II = 1> <Delay = 0.30> <FuncUnit> <Opcode : 'and' 'or' 'xor'> <InPorts = 2> <OutPorts = 1>
ST_8 : Operation 368 [1/1] (0.30ns) (out node of the LUT)   --->   "%neg_cond_4 = or i1 %or_ln396_18, i1 %or_ln396_16" [/home/x_thileeb/repos/ops-hls-pact25-artifact/codegen_apps/jacobian3d/vck5000_project/hls/device/include/PE_jac3D_kernel_stencil.hpp:396]   --->   Operation 368 'or' 'neg_cond_4' <Predicate = (!icmp_ln194 & !icmp_ln394_4)> <Delay = 0.30> <CoreInst = "LogicGate">   --->   Core 78 'LogicGate' <Latency = 0> <II = 1> <Delay = 0.30> <FuncUnit> <Opcode : 'and' 'or' 'xor'> <InPorts = 2> <OutPorts = 1>
ST_8 : Operation 369 [1/1] (0.46ns)   --->   "%br_ln0 = br void %for.inc452.4"   --->   Operation 369 'br' 'br_ln0' <Predicate = (!icmp_ln194 & neg_cond_4) | (!icmp_ln194 & icmp_ln394_4)> <Delay = 0.46>
ST_8 : Operation 370 [1/1] (0.00ns) (grouped into LUT with out node neg_cond_5)   --->   "%xor_ln395_5 = xor i1 %icmp_ln395_5, i1 1" [/home/x_thileeb/repos/ops-hls-pact25-artifact/codegen_apps/jacobian3d/vck5000_project/hls/device/include/PE_jac3D_kernel_stencil.hpp:395]   --->   Operation 370 'xor' 'xor_ln395_5' <Predicate = (!icmp_ln194 & !icmp_ln394_5)> <Delay = 0.00> <CoreInst = "LogicGate">   --->   Core 78 'LogicGate' <Latency = 0> <II = 1> <Delay = 0.30> <FuncUnit> <Opcode : 'and' 'or' 'xor'> <InPorts = 2> <OutPorts = 1>
ST_8 : Operation 371 [1/1] (0.00ns) (grouped into LUT with out node neg_cond_5)   --->   "%xor_ln399_5 = xor i1 %icmp_ln399_5, i1 1" [/home/x_thileeb/repos/ops-hls-pact25-artifact/codegen_apps/jacobian3d/vck5000_project/hls/device/include/PE_jac3D_kernel_stencil.hpp:399]   --->   Operation 371 'xor' 'xor_ln399_5' <Predicate = (!icmp_ln194 & !icmp_ln394_5)> <Delay = 0.00> <CoreInst = "LogicGate">   --->   Core 78 'LogicGate' <Latency = 0> <II = 1> <Delay = 0.30> <FuncUnit> <Opcode : 'and' 'or' 'xor'> <InPorts = 2> <OutPorts = 1>
ST_8 : Operation 372 [1/1] (0.00ns) (grouped into LUT with out node neg_cond_5)   --->   "%or_ln396_20 = or i1 %xor_ln395_5, i1 %cmp387" [/home/x_thileeb/repos/ops-hls-pact25-artifact/codegen_apps/jacobian3d/vck5000_project/hls/device/include/PE_jac3D_kernel_stencil.hpp:396]   --->   Operation 372 'or' 'or_ln396_20' <Predicate = (!icmp_ln194 & !icmp_ln394_5)> <Delay = 0.00> <CoreInst = "LogicGate">   --->   Core 78 'LogicGate' <Latency = 0> <II = 1> <Delay = 0.30> <FuncUnit> <Opcode : 'and' 'or' 'xor'> <InPorts = 2> <OutPorts = 1>
ST_8 : Operation 373 [1/1] (0.00ns) (grouped into LUT with out node neg_cond_5)   --->   "%or_ln396_21 = or i1 %rev145, i1 %xor_ln399_5" [/home/x_thileeb/repos/ops-hls-pact25-artifact/codegen_apps/jacobian3d/vck5000_project/hls/device/include/PE_jac3D_kernel_stencil.hpp:396]   --->   Operation 373 'or' 'or_ln396_21' <Predicate = (!icmp_ln194 & !icmp_ln394_5)> <Delay = 0.00> <CoreInst = "LogicGate">   --->   Core 78 'LogicGate' <Latency = 0> <II = 1> <Delay = 0.30> <FuncUnit> <Opcode : 'and' 'or' 'xor'> <InPorts = 2> <OutPorts = 1>
ST_8 : Operation 374 [1/1] (0.00ns) (grouped into LUT with out node neg_cond_5)   --->   "%or_ln396_22 = or i1 %or_ln396_21, i1 %cmp399" [/home/x_thileeb/repos/ops-hls-pact25-artifact/codegen_apps/jacobian3d/vck5000_project/hls/device/include/PE_jac3D_kernel_stencil.hpp:396]   --->   Operation 374 'or' 'or_ln396_22' <Predicate = (!icmp_ln194 & !icmp_ln394_5)> <Delay = 0.00> <CoreInst = "LogicGate">   --->   Core 78 'LogicGate' <Latency = 0> <II = 1> <Delay = 0.30> <FuncUnit> <Opcode : 'and' 'or' 'xor'> <InPorts = 2> <OutPorts = 1>
ST_8 : Operation 375 [1/1] (0.30ns) (out node of the LUT)   --->   "%neg_cond_5 = or i1 %or_ln396_22, i1 %or_ln396_20" [/home/x_thileeb/repos/ops-hls-pact25-artifact/codegen_apps/jacobian3d/vck5000_project/hls/device/include/PE_jac3D_kernel_stencil.hpp:396]   --->   Operation 375 'or' 'neg_cond_5' <Predicate = (!icmp_ln194 & !icmp_ln394_5)> <Delay = 0.30> <CoreInst = "LogicGate">   --->   Core 78 'LogicGate' <Latency = 0> <II = 1> <Delay = 0.30> <FuncUnit> <Opcode : 'and' 'or' 'xor'> <InPorts = 2> <OutPorts = 1>
ST_8 : Operation 376 [1/1] (0.46ns)   --->   "%br_ln424 = br i1 %neg_cond_5, void %if.then434.5, void %for.inc452.5" [/home/x_thileeb/repos/ops-hls-pact25-artifact/codegen_apps/jacobian3d/vck5000_project/hls/device/include/PE_jac3D_kernel_stencil.hpp:424]   --->   Operation 376 'br' 'br_ln424' <Predicate = (!icmp_ln194 & !icmp_ln394_5)> <Delay = 0.46>
ST_8 : Operation 377 [1/1] (0.00ns) (grouped into LUT with out node neg_cond_6)   --->   "%xor_ln395_6 = xor i1 %icmp_ln395_6, i1 1" [/home/x_thileeb/repos/ops-hls-pact25-artifact/codegen_apps/jacobian3d/vck5000_project/hls/device/include/PE_jac3D_kernel_stencil.hpp:395]   --->   Operation 377 'xor' 'xor_ln395_6' <Predicate = (!icmp_ln194 & !icmp_ln394_6)> <Delay = 0.00> <CoreInst = "LogicGate">   --->   Core 78 'LogicGate' <Latency = 0> <II = 1> <Delay = 0.30> <FuncUnit> <Opcode : 'and' 'or' 'xor'> <InPorts = 2> <OutPorts = 1>
ST_8 : Operation 378 [1/1] (0.00ns) (grouped into LUT with out node neg_cond_6)   --->   "%xor_ln399_6 = xor i1 %icmp_ln399_6, i1 1" [/home/x_thileeb/repos/ops-hls-pact25-artifact/codegen_apps/jacobian3d/vck5000_project/hls/device/include/PE_jac3D_kernel_stencil.hpp:399]   --->   Operation 378 'xor' 'xor_ln399_6' <Predicate = (!icmp_ln194 & !icmp_ln394_6)> <Delay = 0.00> <CoreInst = "LogicGate">   --->   Core 78 'LogicGate' <Latency = 0> <II = 1> <Delay = 0.30> <FuncUnit> <Opcode : 'and' 'or' 'xor'> <InPorts = 2> <OutPorts = 1>
ST_8 : Operation 379 [1/1] (0.00ns) (grouped into LUT with out node neg_cond_6)   --->   "%or_ln396_24 = or i1 %xor_ln395_6, i1 %cmp387" [/home/x_thileeb/repos/ops-hls-pact25-artifact/codegen_apps/jacobian3d/vck5000_project/hls/device/include/PE_jac3D_kernel_stencil.hpp:396]   --->   Operation 379 'or' 'or_ln396_24' <Predicate = (!icmp_ln194 & !icmp_ln394_6)> <Delay = 0.00> <CoreInst = "LogicGate">   --->   Core 78 'LogicGate' <Latency = 0> <II = 1> <Delay = 0.30> <FuncUnit> <Opcode : 'and' 'or' 'xor'> <InPorts = 2> <OutPorts = 1>
ST_8 : Operation 380 [1/1] (0.00ns) (grouped into LUT with out node neg_cond_6)   --->   "%or_ln396_25 = or i1 %rev145, i1 %xor_ln399_6" [/home/x_thileeb/repos/ops-hls-pact25-artifact/codegen_apps/jacobian3d/vck5000_project/hls/device/include/PE_jac3D_kernel_stencil.hpp:396]   --->   Operation 380 'or' 'or_ln396_25' <Predicate = (!icmp_ln194 & !icmp_ln394_6)> <Delay = 0.00> <CoreInst = "LogicGate">   --->   Core 78 'LogicGate' <Latency = 0> <II = 1> <Delay = 0.30> <FuncUnit> <Opcode : 'and' 'or' 'xor'> <InPorts = 2> <OutPorts = 1>
ST_8 : Operation 381 [1/1] (0.00ns) (grouped into LUT with out node neg_cond_6)   --->   "%or_ln396_26 = or i1 %or_ln396_25, i1 %cmp399" [/home/x_thileeb/repos/ops-hls-pact25-artifact/codegen_apps/jacobian3d/vck5000_project/hls/device/include/PE_jac3D_kernel_stencil.hpp:396]   --->   Operation 381 'or' 'or_ln396_26' <Predicate = (!icmp_ln194 & !icmp_ln394_6)> <Delay = 0.00> <CoreInst = "LogicGate">   --->   Core 78 'LogicGate' <Latency = 0> <II = 1> <Delay = 0.30> <FuncUnit> <Opcode : 'and' 'or' 'xor'> <InPorts = 2> <OutPorts = 1>
ST_8 : Operation 382 [1/1] (0.30ns) (out node of the LUT)   --->   "%neg_cond_6 = or i1 %or_ln396_26, i1 %or_ln396_24" [/home/x_thileeb/repos/ops-hls-pact25-artifact/codegen_apps/jacobian3d/vck5000_project/hls/device/include/PE_jac3D_kernel_stencil.hpp:396]   --->   Operation 382 'or' 'neg_cond_6' <Predicate = (!icmp_ln194 & !icmp_ln394_6)> <Delay = 0.30> <CoreInst = "LogicGate">   --->   Core 78 'LogicGate' <Latency = 0> <II = 1> <Delay = 0.30> <FuncUnit> <Opcode : 'and' 'or' 'xor'> <InPorts = 2> <OutPorts = 1>
ST_8 : Operation 383 [1/1] (0.46ns)   --->   "%br_ln424 = br i1 %neg_cond_6, void %if.then434.6, void %for.inc452.6" [/home/x_thileeb/repos/ops-hls-pact25-artifact/codegen_apps/jacobian3d/vck5000_project/hls/device/include/PE_jac3D_kernel_stencil.hpp:424]   --->   Operation 383 'br' 'br_ln424' <Predicate = (!icmp_ln194 & !icmp_ln394_6)> <Delay = 0.46>
ST_8 : Operation 384 [1/1] (0.00ns) (grouped into LUT with out node neg_cond_7)   --->   "%xor_ln395_7 = xor i1 %icmp_ln395_7, i1 1" [/home/x_thileeb/repos/ops-hls-pact25-artifact/codegen_apps/jacobian3d/vck5000_project/hls/device/include/PE_jac3D_kernel_stencil.hpp:395]   --->   Operation 384 'xor' 'xor_ln395_7' <Predicate = (!icmp_ln194 & !icmp_ln394_7)> <Delay = 0.00> <CoreInst = "LogicGate">   --->   Core 78 'LogicGate' <Latency = 0> <II = 1> <Delay = 0.30> <FuncUnit> <Opcode : 'and' 'or' 'xor'> <InPorts = 2> <OutPorts = 1>
ST_8 : Operation 385 [1/1] (0.00ns) (grouped into LUT with out node neg_cond_7)   --->   "%xor_ln399_7 = xor i1 %icmp_ln399_7, i1 1" [/home/x_thileeb/repos/ops-hls-pact25-artifact/codegen_apps/jacobian3d/vck5000_project/hls/device/include/PE_jac3D_kernel_stencil.hpp:399]   --->   Operation 385 'xor' 'xor_ln399_7' <Predicate = (!icmp_ln194 & !icmp_ln394_7)> <Delay = 0.00> <CoreInst = "LogicGate">   --->   Core 78 'LogicGate' <Latency = 0> <II = 1> <Delay = 0.30> <FuncUnit> <Opcode : 'and' 'or' 'xor'> <InPorts = 2> <OutPorts = 1>
ST_8 : Operation 386 [1/1] (0.00ns) (grouped into LUT with out node neg_cond_7)   --->   "%or_ln396_28 = or i1 %xor_ln395_7, i1 %cmp387" [/home/x_thileeb/repos/ops-hls-pact25-artifact/codegen_apps/jacobian3d/vck5000_project/hls/device/include/PE_jac3D_kernel_stencil.hpp:396]   --->   Operation 386 'or' 'or_ln396_28' <Predicate = (!icmp_ln194 & !icmp_ln394_7)> <Delay = 0.00> <CoreInst = "LogicGate">   --->   Core 78 'LogicGate' <Latency = 0> <II = 1> <Delay = 0.30> <FuncUnit> <Opcode : 'and' 'or' 'xor'> <InPorts = 2> <OutPorts = 1>
ST_8 : Operation 387 [1/1] (0.00ns) (grouped into LUT with out node neg_cond_7)   --->   "%or_ln396_29 = or i1 %rev145, i1 %xor_ln399_7" [/home/x_thileeb/repos/ops-hls-pact25-artifact/codegen_apps/jacobian3d/vck5000_project/hls/device/include/PE_jac3D_kernel_stencil.hpp:396]   --->   Operation 387 'or' 'or_ln396_29' <Predicate = (!icmp_ln194 & !icmp_ln394_7)> <Delay = 0.00> <CoreInst = "LogicGate">   --->   Core 78 'LogicGate' <Latency = 0> <II = 1> <Delay = 0.30> <FuncUnit> <Opcode : 'and' 'or' 'xor'> <InPorts = 2> <OutPorts = 1>
ST_8 : Operation 388 [1/1] (0.00ns) (grouped into LUT with out node neg_cond_7)   --->   "%or_ln396_30 = or i1 %or_ln396_29, i1 %cmp399" [/home/x_thileeb/repos/ops-hls-pact25-artifact/codegen_apps/jacobian3d/vck5000_project/hls/device/include/PE_jac3D_kernel_stencil.hpp:396]   --->   Operation 388 'or' 'or_ln396_30' <Predicate = (!icmp_ln194 & !icmp_ln394_7)> <Delay = 0.00> <CoreInst = "LogicGate">   --->   Core 78 'LogicGate' <Latency = 0> <II = 1> <Delay = 0.30> <FuncUnit> <Opcode : 'and' 'or' 'xor'> <InPorts = 2> <OutPorts = 1>
ST_8 : Operation 389 [1/1] (0.30ns) (out node of the LUT)   --->   "%neg_cond_7 = or i1 %or_ln396_30, i1 %or_ln396_28" [/home/x_thileeb/repos/ops-hls-pact25-artifact/codegen_apps/jacobian3d/vck5000_project/hls/device/include/PE_jac3D_kernel_stencil.hpp:396]   --->   Operation 389 'or' 'neg_cond_7' <Predicate = (!icmp_ln194 & !icmp_ln394_7)> <Delay = 0.30> <CoreInst = "LogicGate">   --->   Core 78 'LogicGate' <Latency = 0> <II = 1> <Delay = 0.30> <FuncUnit> <Opcode : 'and' 'or' 'xor'> <InPorts = 2> <OutPorts = 1>
ST_8 : Operation 390 [1/1] (0.46ns)   --->   "%br_ln424 = br i1 %neg_cond_7, void %if.then434.7, void %for.inc452.7" [/home/x_thileeb/repos/ops-hls-pact25-artifact/codegen_apps/jacobian3d/vck5000_project/hls/device/include/PE_jac3D_kernel_stencil.hpp:424]   --->   Operation 390 'br' 'br_ln424' <Predicate = (!icmp_ln194 & !icmp_ln394_7)> <Delay = 0.46>
ST_8 : Operation 391 [1/1] (0.39ns)   --->   "%store_ln194 = store i16 %S3D_7PT_buf_p0_1_rd_2, i16 %S3D_7PT_buf_p0_1_rd" [/home/x_thileeb/repos/ops-hls-pact25-artifact/codegen_apps/jacobian3d/vck5000_project/hls/device/include/PE_jac3D_kernel_stencil.hpp:194]   --->   Operation 391 'store' 'store_ln194' <Predicate = true> <Delay = 0.39>
ST_8 : Operation 392 [1/1] (0.00ns)   --->   "%br_ln194 = br void %spc_temp_blocking_read" [/home/x_thileeb/repos/ops-hls-pact25-artifact/codegen_apps/jacobian3d/vck5000_project/hls/device/include/PE_jac3D_kernel_stencil.hpp:194]   --->   Operation 392 'br' 'br_ln194' <Predicate = true> <Delay = 0.00>

State 9 <SV = 8> <Delay = 1.74>
ST_9 : Operation 393 [1/3] (1.04ns)   --->   "%arg0_buf_p0_1_V_load = load i14 %arg0_buf_p0_1_V_addr" [/home/x_thileeb/repos/ops-hls-pact25-artifact/codegen_apps/jacobian3d/vck5000_project/hls/device/include/PE_jac3D_kernel_stencil.hpp:255]   --->   Operation 393 'load' 'arg0_buf_p0_1_V_load' <Predicate = (!icmp_ln194)> <Delay = 1.04> <CoreInst = "RAM_S2P_URAM">   --->   Core 102 'RAM_S2P_URAM' <Latency = 2> <II = 1> <Delay = 1.25> <Storage> <Opcode : 'load' 'store'> <Ports = 2> <Width = 256> <Depth = 11476> <RAM>
ST_9 : Operation 394 [1/1] (0.70ns)   --->   "%t = select i1 %addr_cmp174, i256 %reuse_reg170_load, i256 %arg0_buf_p0_1_V_load" [/home/x_thileeb/repos/ops-hls-pact25-artifact/codegen_apps/jacobian3d/vck5000_project/hls/device/include/PE_jac3D_kernel_stencil.hpp:255]   --->   Operation 394 'select' 't' <Predicate = (!icmp_ln194)> <Delay = 0.70> <CoreInst = "Sel">   --->   Core 77 'Sel' <Latency = 0> <II = 1> <Delay = 0.70> <FuncUnit> <Opcode : 'select'> <InPorts = 3> <OutPorts = 1>
ST_9 : Operation 395 [1/1] (0.00ns)   --->   "%arg0_tmpConverter_1_0 = trunc i256 %t"   --->   Operation 395 'trunc' 'arg0_tmpConverter_1_0' <Predicate = (!icmp_ln194)> <Delay = 0.00>
ST_9 : Operation 396 [1/1] (0.00ns)   --->   "%arg0_rowArr_1_0 = bitcast i32 %arg0_tmpConverter_1_0" [/home/x_thileeb/repos/ops-hls-pact25-artifact/codegen_apps/jacobian3d/vck5000_project/hls/device/include/PE_jac3D_kernel_stencil.hpp:360]   --->   Operation 396 'bitcast' 'arg0_rowArr_1_0' <Predicate = (!icmp_ln194)> <Delay = 0.00>
ST_9 : Operation 397 [1/1] (0.00ns)   --->   "%arg0_tmpConverter_1_0_1 = partselect i32 @_ssdm_op_PartSelect.i32.i256.i32.i32, i256 %t, i32 32, i32 63"   --->   Operation 397 'partselect' 'arg0_tmpConverter_1_0_1' <Predicate = (!icmp_ln194)> <Delay = 0.00>
ST_9 : Operation 398 [1/1] (0.00ns)   --->   "%arg0_tmpConverter_1_0_2 = partselect i32 @_ssdm_op_PartSelect.i32.i256.i32.i32, i256 %t, i32 64, i32 95"   --->   Operation 398 'partselect' 'arg0_tmpConverter_1_0_2' <Predicate = (!icmp_ln194)> <Delay = 0.00>
ST_9 : Operation 399 [1/1] (0.00ns)   --->   "%arg0_tmpConverter_1_0_3 = partselect i32 @_ssdm_op_PartSelect.i32.i256.i32.i32, i256 %t, i32 96, i32 127"   --->   Operation 399 'partselect' 'arg0_tmpConverter_1_0_3' <Predicate = (!icmp_ln194)> <Delay = 0.00>
ST_9 : Operation 400 [1/1] (0.00ns)   --->   "%arg0_tmpConverter_1_0_4 = partselect i32 @_ssdm_op_PartSelect.i32.i256.i32.i32, i256 %t, i32 128, i32 159"   --->   Operation 400 'partselect' 'arg0_tmpConverter_1_0_4' <Predicate = (!icmp_ln194)> <Delay = 0.00>
ST_9 : Operation 401 [1/1] (0.00ns)   --->   "%arg0_tmpConverter_1_0_5 = partselect i32 @_ssdm_op_PartSelect.i32.i256.i32.i32, i256 %t, i32 160, i32 191"   --->   Operation 401 'partselect' 'arg0_tmpConverter_1_0_5' <Predicate = (!icmp_ln194)> <Delay = 0.00>
ST_9 : Operation 402 [1/1] (0.00ns)   --->   "%arg0_tmpConverter_1_0_6 = partselect i32 @_ssdm_op_PartSelect.i32.i256.i32.i32, i256 %t, i32 192, i32 223"   --->   Operation 402 'partselect' 'arg0_tmpConverter_1_0_6' <Predicate = (!icmp_ln194)> <Delay = 0.00>
ST_9 : Operation 403 [1/1] (0.00ns)   --->   "%arg0_tmpConverter_1_0_7 = partselect i32 @_ssdm_op_PartSelect.i32.i256.i32.i32, i256 %t, i32 224, i32 255"   --->   Operation 403 'partselect' 'arg0_tmpConverter_1_0_7' <Predicate = (!icmp_ln194)> <Delay = 0.00>

State 10 <SV = 9> <Delay = 1.22>
ST_10 : Operation 404 [1/1] (0.00ns)   --->   "%arg0_rowArr_0_1 = bitcast i32 %arg0_tmpConverter_0_1" [/home/x_thileeb/repos/ops-hls-pact25-artifact/codegen_apps/jacobian3d/vck5000_project/hls/device/include/PE_jac3D_kernel_stencil.hpp:363]   --->   Operation 404 'bitcast' 'arg0_rowArr_0_1' <Predicate = (!icmp_ln194)> <Delay = 0.00>
ST_10 : Operation 405 [1/1] (0.00ns)   --->   "%arg0_rowArr_2_1 = bitcast i32 %arg0_tmpConverter_2_1" [/home/x_thileeb/repos/ops-hls-pact25-artifact/codegen_apps/jacobian3d/vck5000_project/hls/device/include/PE_jac3D_kernel_stencil.hpp:369]   --->   Operation 405 'bitcast' 'arg0_rowArr_2_1' <Predicate = (!icmp_ln194)> <Delay = 0.00>
ST_10 : Operation 406 [1/1] (0.00ns)   --->   "%arg0_rowArr_1_2 = bitcast i32 %arg0_tmpConverter_1_2" [/home/x_thileeb/repos/ops-hls-pact25-artifact/codegen_apps/jacobian3d/vck5000_project/hls/device/include/PE_jac3D_kernel_stencil.hpp:372]   --->   Operation 406 'bitcast' 'arg0_rowArr_1_2' <Predicate = (!icmp_ln194)> <Delay = 0.00>
ST_10 : Operation 407 [1/1] (0.00ns)   --->   "%arg0_rowArr_1_0_1 = bitcast i32 %arg0_tmpConverter_1_0_1" [/home/x_thileeb/repos/ops-hls-pact25-artifact/codegen_apps/jacobian3d/vck5000_project/hls/device/include/PE_jac3D_kernel_stencil.hpp:360]   --->   Operation 407 'bitcast' 'arg0_rowArr_1_0_1' <Predicate = (!icmp_ln194)> <Delay = 0.00>
ST_10 : Operation 408 [1/1] (0.00ns)   --->   "%arg0_rowArr_0_1_1 = bitcast i32 %arg0_tmpConverter_0_1_1" [/home/x_thileeb/repos/ops-hls-pact25-artifact/codegen_apps/jacobian3d/vck5000_project/hls/device/include/PE_jac3D_kernel_stencil.hpp:363]   --->   Operation 408 'bitcast' 'arg0_rowArr_0_1_1' <Predicate = (!icmp_ln194)> <Delay = 0.00>
ST_10 : Operation 409 [1/1] (0.00ns)   --->   "%arg0_rowArr_2_1_1 = bitcast i32 %arg0_tmpConverter_2_1_1" [/home/x_thileeb/repos/ops-hls-pact25-artifact/codegen_apps/jacobian3d/vck5000_project/hls/device/include/PE_jac3D_kernel_stencil.hpp:369]   --->   Operation 409 'bitcast' 'arg0_rowArr_2_1_1' <Predicate = (!icmp_ln194)> <Delay = 0.00>
ST_10 : Operation 410 [1/1] (0.00ns)   --->   "%arg0_rowArr_1_2_1 = bitcast i32 %arg0_tmpConverter_1_2_1" [/home/x_thileeb/repos/ops-hls-pact25-artifact/codegen_apps/jacobian3d/vck5000_project/hls/device/include/PE_jac3D_kernel_stencil.hpp:372]   --->   Operation 410 'bitcast' 'arg0_rowArr_1_2_1' <Predicate = (!icmp_ln194)> <Delay = 0.00>
ST_10 : Operation 411 [1/1] (0.00ns)   --->   "%arg0_rowArr_1_0_2 = bitcast i32 %arg0_tmpConverter_1_0_2" [/home/x_thileeb/repos/ops-hls-pact25-artifact/codegen_apps/jacobian3d/vck5000_project/hls/device/include/PE_jac3D_kernel_stencil.hpp:360]   --->   Operation 411 'bitcast' 'arg0_rowArr_1_0_2' <Predicate = (!icmp_ln194)> <Delay = 0.00>
ST_10 : Operation 412 [1/1] (0.00ns)   --->   "%arg0_rowArr_0_1_2 = bitcast i32 %arg0_tmpConverter_0_1_2" [/home/x_thileeb/repos/ops-hls-pact25-artifact/codegen_apps/jacobian3d/vck5000_project/hls/device/include/PE_jac3D_kernel_stencil.hpp:363]   --->   Operation 412 'bitcast' 'arg0_rowArr_0_1_2' <Predicate = (!icmp_ln194)> <Delay = 0.00>
ST_10 : Operation 413 [1/1] (0.00ns)   --->   "%arg0_rowArr_2_1_2 = bitcast i32 %arg0_tmpConverter_2_1_2" [/home/x_thileeb/repos/ops-hls-pact25-artifact/codegen_apps/jacobian3d/vck5000_project/hls/device/include/PE_jac3D_kernel_stencil.hpp:369]   --->   Operation 413 'bitcast' 'arg0_rowArr_2_1_2' <Predicate = (!icmp_ln194)> <Delay = 0.00>
ST_10 : Operation 414 [1/1] (0.00ns)   --->   "%arg0_rowArr_1_2_2 = bitcast i32 %arg0_tmpConverter_1_2_2" [/home/x_thileeb/repos/ops-hls-pact25-artifact/codegen_apps/jacobian3d/vck5000_project/hls/device/include/PE_jac3D_kernel_stencil.hpp:372]   --->   Operation 414 'bitcast' 'arg0_rowArr_1_2_2' <Predicate = (!icmp_ln194)> <Delay = 0.00>
ST_10 : Operation 415 [1/1] (0.00ns)   --->   "%arg0_rowArr_1_0_3 = bitcast i32 %arg0_tmpConverter_1_0_3" [/home/x_thileeb/repos/ops-hls-pact25-artifact/codegen_apps/jacobian3d/vck5000_project/hls/device/include/PE_jac3D_kernel_stencil.hpp:360]   --->   Operation 415 'bitcast' 'arg0_rowArr_1_0_3' <Predicate = (!icmp_ln194)> <Delay = 0.00>
ST_10 : Operation 416 [1/1] (0.00ns)   --->   "%arg0_rowArr_0_1_3 = bitcast i32 %arg0_tmpConverter_0_1_3" [/home/x_thileeb/repos/ops-hls-pact25-artifact/codegen_apps/jacobian3d/vck5000_project/hls/device/include/PE_jac3D_kernel_stencil.hpp:363]   --->   Operation 416 'bitcast' 'arg0_rowArr_0_1_3' <Predicate = (!icmp_ln194)> <Delay = 0.00>
ST_10 : Operation 417 [1/1] (0.00ns)   --->   "%arg0_rowArr_2_1_3 = bitcast i32 %arg0_tmpConverter_2_1_3" [/home/x_thileeb/repos/ops-hls-pact25-artifact/codegen_apps/jacobian3d/vck5000_project/hls/device/include/PE_jac3D_kernel_stencil.hpp:369]   --->   Operation 417 'bitcast' 'arg0_rowArr_2_1_3' <Predicate = (!icmp_ln194)> <Delay = 0.00>
ST_10 : Operation 418 [1/1] (0.00ns)   --->   "%arg0_rowArr_1_2_3 = bitcast i32 %arg0_tmpConverter_1_2_3" [/home/x_thileeb/repos/ops-hls-pact25-artifact/codegen_apps/jacobian3d/vck5000_project/hls/device/include/PE_jac3D_kernel_stencil.hpp:372]   --->   Operation 418 'bitcast' 'arg0_rowArr_1_2_3' <Predicate = (!icmp_ln194)> <Delay = 0.00>
ST_10 : Operation 419 [1/1] (0.00ns)   --->   "%arg0_rowArr_1_0_4 = bitcast i32 %arg0_tmpConverter_1_0_4" [/home/x_thileeb/repos/ops-hls-pact25-artifact/codegen_apps/jacobian3d/vck5000_project/hls/device/include/PE_jac3D_kernel_stencil.hpp:360]   --->   Operation 419 'bitcast' 'arg0_rowArr_1_0_4' <Predicate = (!icmp_ln194)> <Delay = 0.00>
ST_10 : Operation 420 [1/1] (0.00ns)   --->   "%arg0_rowArr_0_1_4 = bitcast i32 %arg0_tmpConverter_0_1_4" [/home/x_thileeb/repos/ops-hls-pact25-artifact/codegen_apps/jacobian3d/vck5000_project/hls/device/include/PE_jac3D_kernel_stencil.hpp:363]   --->   Operation 420 'bitcast' 'arg0_rowArr_0_1_4' <Predicate = (!icmp_ln194)> <Delay = 0.00>
ST_10 : Operation 421 [1/1] (0.00ns)   --->   "%arg0_rowArr_2_1_4 = bitcast i32 %arg0_tmpConverter_2_1_4" [/home/x_thileeb/repos/ops-hls-pact25-artifact/codegen_apps/jacobian3d/vck5000_project/hls/device/include/PE_jac3D_kernel_stencil.hpp:369]   --->   Operation 421 'bitcast' 'arg0_rowArr_2_1_4' <Predicate = (!icmp_ln194)> <Delay = 0.00>
ST_10 : Operation 422 [1/1] (0.00ns)   --->   "%arg0_rowArr_1_2_4 = bitcast i32 %arg0_tmpConverter_1_2_4" [/home/x_thileeb/repos/ops-hls-pact25-artifact/codegen_apps/jacobian3d/vck5000_project/hls/device/include/PE_jac3D_kernel_stencil.hpp:372]   --->   Operation 422 'bitcast' 'arg0_rowArr_1_2_4' <Predicate = (!icmp_ln194)> <Delay = 0.00>
ST_10 : Operation 423 [1/1] (0.00ns)   --->   "%arg0_rowArr_1_0_5 = bitcast i32 %arg0_tmpConverter_1_0_5" [/home/x_thileeb/repos/ops-hls-pact25-artifact/codegen_apps/jacobian3d/vck5000_project/hls/device/include/PE_jac3D_kernel_stencil.hpp:360]   --->   Operation 423 'bitcast' 'arg0_rowArr_1_0_5' <Predicate = (!icmp_ln194)> <Delay = 0.00>
ST_10 : Operation 424 [1/1] (0.00ns)   --->   "%arg0_rowArr_0_1_5 = bitcast i32 %arg0_tmpConverter_0_1_5" [/home/x_thileeb/repos/ops-hls-pact25-artifact/codegen_apps/jacobian3d/vck5000_project/hls/device/include/PE_jac3D_kernel_stencil.hpp:363]   --->   Operation 424 'bitcast' 'arg0_rowArr_0_1_5' <Predicate = (!icmp_ln194)> <Delay = 0.00>
ST_10 : Operation 425 [1/1] (0.00ns)   --->   "%arg0_rowArr_1_1_5 = bitcast i32 %arg1_tmpConvWrite_14" [/home/x_thileeb/repos/ops-hls-pact25-artifact/codegen_apps/jacobian3d/vck5000_project/hls/device/include/PE_jac3D_kernel_stencil.hpp:366]   --->   Operation 425 'bitcast' 'arg0_rowArr_1_1_5' <Predicate = (!icmp_ln194)> <Delay = 0.00>
ST_10 : Operation 426 [1/1] (0.00ns)   --->   "%arg0_rowArr_2_1_5 = bitcast i32 %arg0_tmpConverter_2_1_5" [/home/x_thileeb/repos/ops-hls-pact25-artifact/codegen_apps/jacobian3d/vck5000_project/hls/device/include/PE_jac3D_kernel_stencil.hpp:369]   --->   Operation 426 'bitcast' 'arg0_rowArr_2_1_5' <Predicate = (!icmp_ln194)> <Delay = 0.00>
ST_10 : Operation 427 [1/1] (0.00ns)   --->   "%arg0_rowArr_1_2_5 = bitcast i32 %arg0_tmpConverter_1_2_5" [/home/x_thileeb/repos/ops-hls-pact25-artifact/codegen_apps/jacobian3d/vck5000_project/hls/device/include/PE_jac3D_kernel_stencil.hpp:372]   --->   Operation 427 'bitcast' 'arg0_rowArr_1_2_5' <Predicate = (!icmp_ln194)> <Delay = 0.00>
ST_10 : Operation 428 [1/1] (0.00ns)   --->   "%arg0_rowArr_1_0_6 = bitcast i32 %arg0_tmpConverter_1_0_6" [/home/x_thileeb/repos/ops-hls-pact25-artifact/codegen_apps/jacobian3d/vck5000_project/hls/device/include/PE_jac3D_kernel_stencil.hpp:360]   --->   Operation 428 'bitcast' 'arg0_rowArr_1_0_6' <Predicate = (!icmp_ln194)> <Delay = 0.00>
ST_10 : Operation 429 [1/1] (0.00ns)   --->   "%arg0_rowArr_0_1_6 = bitcast i32 %arg0_tmpConverter_0_1_6" [/home/x_thileeb/repos/ops-hls-pact25-artifact/codegen_apps/jacobian3d/vck5000_project/hls/device/include/PE_jac3D_kernel_stencil.hpp:363]   --->   Operation 429 'bitcast' 'arg0_rowArr_0_1_6' <Predicate = (!icmp_ln194)> <Delay = 0.00>
ST_10 : Operation 430 [1/1] (0.00ns)   --->   "%arg0_rowArr_1_1_6 = bitcast i32 %arg1_tmpConvWrite_15" [/home/x_thileeb/repos/ops-hls-pact25-artifact/codegen_apps/jacobian3d/vck5000_project/hls/device/include/PE_jac3D_kernel_stencil.hpp:366]   --->   Operation 430 'bitcast' 'arg0_rowArr_1_1_6' <Predicate = (!icmp_ln194)> <Delay = 0.00>
ST_10 : Operation 431 [1/1] (0.00ns)   --->   "%arg0_rowArr_2_1_6 = bitcast i32 %arg0_tmpConverter_2_1_6" [/home/x_thileeb/repos/ops-hls-pact25-artifact/codegen_apps/jacobian3d/vck5000_project/hls/device/include/PE_jac3D_kernel_stencil.hpp:369]   --->   Operation 431 'bitcast' 'arg0_rowArr_2_1_6' <Predicate = (!icmp_ln194)> <Delay = 0.00>
ST_10 : Operation 432 [1/1] (0.00ns)   --->   "%arg0_rowArr_1_2_6 = bitcast i32 %arg0_tmpConverter_1_2_6" [/home/x_thileeb/repos/ops-hls-pact25-artifact/codegen_apps/jacobian3d/vck5000_project/hls/device/include/PE_jac3D_kernel_stencil.hpp:372]   --->   Operation 432 'bitcast' 'arg0_rowArr_1_2_6' <Predicate = (!icmp_ln194)> <Delay = 0.00>
ST_10 : Operation 433 [1/1] (0.00ns)   --->   "%arg0_rowArr_1_0_7 = bitcast i32 %arg0_tmpConverter_1_0_7" [/home/x_thileeb/repos/ops-hls-pact25-artifact/codegen_apps/jacobian3d/vck5000_project/hls/device/include/PE_jac3D_kernel_stencil.hpp:360]   --->   Operation 433 'bitcast' 'arg0_rowArr_1_0_7' <Predicate = (!icmp_ln194)> <Delay = 0.00>
ST_10 : Operation 434 [1/1] (0.00ns)   --->   "%arg0_rowArr_0_1_7 = bitcast i32 %arg0_tmpConverter_0_1_7" [/home/x_thileeb/repos/ops-hls-pact25-artifact/codegen_apps/jacobian3d/vck5000_project/hls/device/include/PE_jac3D_kernel_stencil.hpp:363]   --->   Operation 434 'bitcast' 'arg0_rowArr_0_1_7' <Predicate = (!icmp_ln194)> <Delay = 0.00>
ST_10 : Operation 435 [1/1] (0.00ns)   --->   "%arg0_rowArr_1_1_7 = bitcast i32 %arg1_tmpConvWrite_16" [/home/x_thileeb/repos/ops-hls-pact25-artifact/codegen_apps/jacobian3d/vck5000_project/hls/device/include/PE_jac3D_kernel_stencil.hpp:366]   --->   Operation 435 'bitcast' 'arg0_rowArr_1_1_7' <Predicate = (!icmp_ln194)> <Delay = 0.00>
ST_10 : Operation 436 [1/1] (0.00ns)   --->   "%arg0_rowArr_2_1_7 = bitcast i32 %arg0_tmpConverter_2_1_7" [/home/x_thileeb/repos/ops-hls-pact25-artifact/codegen_apps/jacobian3d/vck5000_project/hls/device/include/PE_jac3D_kernel_stencil.hpp:369]   --->   Operation 436 'bitcast' 'arg0_rowArr_2_1_7' <Predicate = (!icmp_ln194)> <Delay = 0.00>
ST_10 : Operation 437 [1/1] (0.00ns)   --->   "%arg0_rowArr_1_2_7 = bitcast i32 %arg0_tmpConverter_1_2_7" [/home/x_thileeb/repos/ops-hls-pact25-artifact/codegen_apps/jacobian3d/vck5000_project/hls/device/include/PE_jac3D_kernel_stencil.hpp:372]   --->   Operation 437 'bitcast' 'arg0_rowArr_1_2_7' <Predicate = (!icmp_ln194)> <Delay = 0.00>
ST_10 : Operation 438 [1/1] (0.00ns)   --->   "%arg0_rowArr_1_1_8 = bitcast i32 %arg0_tmpConverter_0_1_1_7" [/home/x_thileeb/repos/ops-hls-pact25-artifact/codegen_apps/jacobian3d/vck5000_project/hls/device/include/PE_jac3D_kernel_stencil.hpp:381]   --->   Operation 438 'bitcast' 'arg0_rowArr_1_1_8' <Predicate = (!icmp_ln194)> <Delay = 0.00>
ST_10 : Operation 439 [1/1] (0.00ns)   --->   "%arg0_rowArr_1_1_9 = bitcast i32 %arg0_tmpConverter_2_1_1_0" [/home/x_thileeb/repos/ops-hls-pact25-artifact/codegen_apps/jacobian3d/vck5000_project/hls/device/include/PE_jac3D_kernel_stencil.hpp:386]   --->   Operation 439 'bitcast' 'arg0_rowArr_1_1_9' <Predicate = (!icmp_ln194)> <Delay = 0.00>
ST_10 : Operation 440 [11/11] (1.22ns)   --->   "%arg1_result = call i32 @kernel_jac3D_kernel_stencil_core, i32 %arg0_rowArr_1_0, i32 %arg0_rowArr_0_1, i32 %arg0_rowArr_1_1_8, i32 %arg0_rowArr_1_1, i32 %arg0_rowArr_1_1_1, i32 %arg0_rowArr_2_1, i32 %arg0_rowArr_1_2" [/home/x_thileeb/repos/ops-hls-pact25-artifact/codegen_apps/jacobian3d/vck5000_project/hls/device/include/PE_jac3D_kernel_stencil.hpp:411]   --->   Operation 440 'call' 'arg1_result' <Predicate = (!icmp_ln194 & !icmp_ln394)> <Delay = 1.22> <CoreType = "Generic">   --->   Core 0 '' <Latency = 0> <II = 1> <Delay = 1.00> <Generic> <Opcode : >
ST_10 : Operation 441 [11/11] (1.22ns)   --->   "%arg1_result_1 = call i32 @kernel_jac3D_kernel_stencil_core, i32 %arg0_rowArr_1_0_1, i32 %arg0_rowArr_0_1_1, i32 %arg0_rowArr_1_1, i32 %arg0_rowArr_1_1_1, i32 %arg0_rowArr_1_1_2, i32 %arg0_rowArr_2_1_1, i32 %arg0_rowArr_1_2_1" [/home/x_thileeb/repos/ops-hls-pact25-artifact/codegen_apps/jacobian3d/vck5000_project/hls/device/include/PE_jac3D_kernel_stencil.hpp:411]   --->   Operation 441 'call' 'arg1_result_1' <Predicate = (!icmp_ln194 & !icmp_ln394_1)> <Delay = 1.22> <CoreType = "Generic">   --->   Core 0 '' <Latency = 0> <II = 1> <Delay = 1.00> <Generic> <Opcode : >
ST_10 : Operation 442 [11/11] (1.22ns)   --->   "%arg1_result_2 = call i32 @kernel_jac3D_kernel_stencil_core, i32 %arg0_rowArr_1_0_2, i32 %arg0_rowArr_0_1_2, i32 %arg0_rowArr_1_1_1, i32 %arg0_rowArr_1_1_2, i32 %arg0_rowArr_1_1_3, i32 %arg0_rowArr_2_1_2, i32 %arg0_rowArr_1_2_2" [/home/x_thileeb/repos/ops-hls-pact25-artifact/codegen_apps/jacobian3d/vck5000_project/hls/device/include/PE_jac3D_kernel_stencil.hpp:411]   --->   Operation 442 'call' 'arg1_result_2' <Predicate = (!icmp_ln194 & !icmp_ln394_2)> <Delay = 1.22> <CoreType = "Generic">   --->   Core 0 '' <Latency = 0> <II = 1> <Delay = 1.00> <Generic> <Opcode : >
ST_10 : Operation 443 [11/11] (1.22ns)   --->   "%arg1_result_3 = call i32 @kernel_jac3D_kernel_stencil_core, i32 %arg0_rowArr_1_0_3, i32 %arg0_rowArr_0_1_3, i32 %arg0_rowArr_1_1_2, i32 %arg0_rowArr_1_1_3, i32 %arg0_rowArr_1_1_4, i32 %arg0_rowArr_2_1_3, i32 %arg0_rowArr_1_2_3" [/home/x_thileeb/repos/ops-hls-pact25-artifact/codegen_apps/jacobian3d/vck5000_project/hls/device/include/PE_jac3D_kernel_stencil.hpp:411]   --->   Operation 443 'call' 'arg1_result_3' <Predicate = (!icmp_ln194 & !icmp_ln394_3)> <Delay = 1.22> <CoreType = "Generic">   --->   Core 0 '' <Latency = 0> <II = 1> <Delay = 1.00> <Generic> <Opcode : >
ST_10 : Operation 444 [11/11] (1.22ns)   --->   "%arg1_result_4 = call i32 @kernel_jac3D_kernel_stencil_core, i32 %arg0_rowArr_1_0_4, i32 %arg0_rowArr_0_1_4, i32 %arg0_rowArr_1_1_3, i32 %arg0_rowArr_1_1_4, i32 %arg0_rowArr_1_1_5, i32 %arg0_rowArr_2_1_4, i32 %arg0_rowArr_1_2_4" [/home/x_thileeb/repos/ops-hls-pact25-artifact/codegen_apps/jacobian3d/vck5000_project/hls/device/include/PE_jac3D_kernel_stencil.hpp:411]   --->   Operation 444 'call' 'arg1_result_4' <Predicate = (!icmp_ln194 & !icmp_ln394_4)> <Delay = 1.22> <CoreType = "Generic">   --->   Core 0 '' <Latency = 0> <II = 1> <Delay = 1.00> <Generic> <Opcode : >
ST_10 : Operation 445 [11/11] (1.22ns)   --->   "%arg1_result_5 = call i32 @kernel_jac3D_kernel_stencil_core, i32 %arg0_rowArr_1_0_5, i32 %arg0_rowArr_0_1_5, i32 %arg0_rowArr_1_1_4, i32 %arg0_rowArr_1_1_5, i32 %arg0_rowArr_1_1_6, i32 %arg0_rowArr_2_1_5, i32 %arg0_rowArr_1_2_5" [/home/x_thileeb/repos/ops-hls-pact25-artifact/codegen_apps/jacobian3d/vck5000_project/hls/device/include/PE_jac3D_kernel_stencil.hpp:411]   --->   Operation 445 'call' 'arg1_result_5' <Predicate = (!icmp_ln194 & !icmp_ln394_5)> <Delay = 1.22> <CoreType = "Generic">   --->   Core 0 '' <Latency = 0> <II = 1> <Delay = 1.00> <Generic> <Opcode : >
ST_10 : Operation 446 [11/11] (1.22ns)   --->   "%arg1_result_6 = call i32 @kernel_jac3D_kernel_stencil_core, i32 %arg0_rowArr_1_0_6, i32 %arg0_rowArr_0_1_6, i32 %arg0_rowArr_1_1_5, i32 %arg0_rowArr_1_1_6, i32 %arg0_rowArr_1_1_7, i32 %arg0_rowArr_2_1_6, i32 %arg0_rowArr_1_2_6" [/home/x_thileeb/repos/ops-hls-pact25-artifact/codegen_apps/jacobian3d/vck5000_project/hls/device/include/PE_jac3D_kernel_stencil.hpp:411]   --->   Operation 446 'call' 'arg1_result_6' <Predicate = (!icmp_ln194 & !icmp_ln394_6)> <Delay = 1.22> <CoreType = "Generic">   --->   Core 0 '' <Latency = 0> <II = 1> <Delay = 1.00> <Generic> <Opcode : >
ST_10 : Operation 447 [11/11] (1.22ns)   --->   "%arg1_result_7 = call i32 @kernel_jac3D_kernel_stencil_core, i32 %arg0_rowArr_1_0_7, i32 %arg0_rowArr_0_1_7, i32 %arg0_rowArr_1_1_6, i32 %arg0_rowArr_1_1_7, i32 %arg0_rowArr_1_1_9, i32 %arg0_rowArr_2_1_7, i32 %arg0_rowArr_1_2_7" [/home/x_thileeb/repos/ops-hls-pact25-artifact/codegen_apps/jacobian3d/vck5000_project/hls/device/include/PE_jac3D_kernel_stencil.hpp:411]   --->   Operation 447 'call' 'arg1_result_7' <Predicate = (!icmp_ln194 & !icmp_ln394_7)> <Delay = 1.22> <CoreType = "Generic">   --->   Core 0 '' <Latency = 0> <II = 1> <Delay = 1.00> <Generic> <Opcode : >

State 11 <SV = 10> <Delay = 2.04>
ST_11 : Operation 448 [10/11] (2.04ns)   --->   "%arg1_result = call i32 @kernel_jac3D_kernel_stencil_core, i32 %arg0_rowArr_1_0, i32 %arg0_rowArr_0_1, i32 %arg0_rowArr_1_1_8, i32 %arg0_rowArr_1_1, i32 %arg0_rowArr_1_1_1, i32 %arg0_rowArr_2_1, i32 %arg0_rowArr_1_2" [/home/x_thileeb/repos/ops-hls-pact25-artifact/codegen_apps/jacobian3d/vck5000_project/hls/device/include/PE_jac3D_kernel_stencil.hpp:411]   --->   Operation 448 'call' 'arg1_result' <Predicate = (!icmp_ln194 & !icmp_ln394)> <Delay = 2.04> <CoreType = "Generic">   --->   Core 0 '' <Latency = 0> <II = 1> <Delay = 1.00> <Generic> <Opcode : >
ST_11 : Operation 449 [10/11] (2.04ns)   --->   "%arg1_result_1 = call i32 @kernel_jac3D_kernel_stencil_core, i32 %arg0_rowArr_1_0_1, i32 %arg0_rowArr_0_1_1, i32 %arg0_rowArr_1_1, i32 %arg0_rowArr_1_1_1, i32 %arg0_rowArr_1_1_2, i32 %arg0_rowArr_2_1_1, i32 %arg0_rowArr_1_2_1" [/home/x_thileeb/repos/ops-hls-pact25-artifact/codegen_apps/jacobian3d/vck5000_project/hls/device/include/PE_jac3D_kernel_stencil.hpp:411]   --->   Operation 449 'call' 'arg1_result_1' <Predicate = (!icmp_ln194 & !icmp_ln394_1)> <Delay = 2.04> <CoreType = "Generic">   --->   Core 0 '' <Latency = 0> <II = 1> <Delay = 1.00> <Generic> <Opcode : >
ST_11 : Operation 450 [10/11] (2.04ns)   --->   "%arg1_result_2 = call i32 @kernel_jac3D_kernel_stencil_core, i32 %arg0_rowArr_1_0_2, i32 %arg0_rowArr_0_1_2, i32 %arg0_rowArr_1_1_1, i32 %arg0_rowArr_1_1_2, i32 %arg0_rowArr_1_1_3, i32 %arg0_rowArr_2_1_2, i32 %arg0_rowArr_1_2_2" [/home/x_thileeb/repos/ops-hls-pact25-artifact/codegen_apps/jacobian3d/vck5000_project/hls/device/include/PE_jac3D_kernel_stencil.hpp:411]   --->   Operation 450 'call' 'arg1_result_2' <Predicate = (!icmp_ln194 & !icmp_ln394_2)> <Delay = 2.04> <CoreType = "Generic">   --->   Core 0 '' <Latency = 0> <II = 1> <Delay = 1.00> <Generic> <Opcode : >
ST_11 : Operation 451 [10/11] (2.04ns)   --->   "%arg1_result_3 = call i32 @kernel_jac3D_kernel_stencil_core, i32 %arg0_rowArr_1_0_3, i32 %arg0_rowArr_0_1_3, i32 %arg0_rowArr_1_1_2, i32 %arg0_rowArr_1_1_3, i32 %arg0_rowArr_1_1_4, i32 %arg0_rowArr_2_1_3, i32 %arg0_rowArr_1_2_3" [/home/x_thileeb/repos/ops-hls-pact25-artifact/codegen_apps/jacobian3d/vck5000_project/hls/device/include/PE_jac3D_kernel_stencil.hpp:411]   --->   Operation 451 'call' 'arg1_result_3' <Predicate = (!icmp_ln194 & !icmp_ln394_3)> <Delay = 2.04> <CoreType = "Generic">   --->   Core 0 '' <Latency = 0> <II = 1> <Delay = 1.00> <Generic> <Opcode : >
ST_11 : Operation 452 [10/11] (2.04ns)   --->   "%arg1_result_4 = call i32 @kernel_jac3D_kernel_stencil_core, i32 %arg0_rowArr_1_0_4, i32 %arg0_rowArr_0_1_4, i32 %arg0_rowArr_1_1_3, i32 %arg0_rowArr_1_1_4, i32 %arg0_rowArr_1_1_5, i32 %arg0_rowArr_2_1_4, i32 %arg0_rowArr_1_2_4" [/home/x_thileeb/repos/ops-hls-pact25-artifact/codegen_apps/jacobian3d/vck5000_project/hls/device/include/PE_jac3D_kernel_stencil.hpp:411]   --->   Operation 452 'call' 'arg1_result_4' <Predicate = (!icmp_ln194 & !icmp_ln394_4)> <Delay = 2.04> <CoreType = "Generic">   --->   Core 0 '' <Latency = 0> <II = 1> <Delay = 1.00> <Generic> <Opcode : >
ST_11 : Operation 453 [10/11] (2.04ns)   --->   "%arg1_result_5 = call i32 @kernel_jac3D_kernel_stencil_core, i32 %arg0_rowArr_1_0_5, i32 %arg0_rowArr_0_1_5, i32 %arg0_rowArr_1_1_4, i32 %arg0_rowArr_1_1_5, i32 %arg0_rowArr_1_1_6, i32 %arg0_rowArr_2_1_5, i32 %arg0_rowArr_1_2_5" [/home/x_thileeb/repos/ops-hls-pact25-artifact/codegen_apps/jacobian3d/vck5000_project/hls/device/include/PE_jac3D_kernel_stencil.hpp:411]   --->   Operation 453 'call' 'arg1_result_5' <Predicate = (!icmp_ln194 & !icmp_ln394_5)> <Delay = 2.04> <CoreType = "Generic">   --->   Core 0 '' <Latency = 0> <II = 1> <Delay = 1.00> <Generic> <Opcode : >
ST_11 : Operation 454 [10/11] (2.04ns)   --->   "%arg1_result_6 = call i32 @kernel_jac3D_kernel_stencil_core, i32 %arg0_rowArr_1_0_6, i32 %arg0_rowArr_0_1_6, i32 %arg0_rowArr_1_1_5, i32 %arg0_rowArr_1_1_6, i32 %arg0_rowArr_1_1_7, i32 %arg0_rowArr_2_1_6, i32 %arg0_rowArr_1_2_6" [/home/x_thileeb/repos/ops-hls-pact25-artifact/codegen_apps/jacobian3d/vck5000_project/hls/device/include/PE_jac3D_kernel_stencil.hpp:411]   --->   Operation 454 'call' 'arg1_result_6' <Predicate = (!icmp_ln194 & !icmp_ln394_6)> <Delay = 2.04> <CoreType = "Generic">   --->   Core 0 '' <Latency = 0> <II = 1> <Delay = 1.00> <Generic> <Opcode : >
ST_11 : Operation 455 [10/11] (2.04ns)   --->   "%arg1_result_7 = call i32 @kernel_jac3D_kernel_stencil_core, i32 %arg0_rowArr_1_0_7, i32 %arg0_rowArr_0_1_7, i32 %arg0_rowArr_1_1_6, i32 %arg0_rowArr_1_1_7, i32 %arg0_rowArr_1_1_9, i32 %arg0_rowArr_2_1_7, i32 %arg0_rowArr_1_2_7" [/home/x_thileeb/repos/ops-hls-pact25-artifact/codegen_apps/jacobian3d/vck5000_project/hls/device/include/PE_jac3D_kernel_stencil.hpp:411]   --->   Operation 455 'call' 'arg1_result_7' <Predicate = (!icmp_ln194 & !icmp_ln394_7)> <Delay = 2.04> <CoreType = "Generic">   --->   Core 0 '' <Latency = 0> <II = 1> <Delay = 1.00> <Generic> <Opcode : >

State 12 <SV = 11> <Delay = 2.04>
ST_12 : Operation 456 [9/11] (2.04ns)   --->   "%arg1_result = call i32 @kernel_jac3D_kernel_stencil_core, i32 %arg0_rowArr_1_0, i32 %arg0_rowArr_0_1, i32 %arg0_rowArr_1_1_8, i32 %arg0_rowArr_1_1, i32 %arg0_rowArr_1_1_1, i32 %arg0_rowArr_2_1, i32 %arg0_rowArr_1_2" [/home/x_thileeb/repos/ops-hls-pact25-artifact/codegen_apps/jacobian3d/vck5000_project/hls/device/include/PE_jac3D_kernel_stencil.hpp:411]   --->   Operation 456 'call' 'arg1_result' <Predicate = (!icmp_ln194 & !icmp_ln394)> <Delay = 2.04> <CoreType = "Generic">   --->   Core 0 '' <Latency = 0> <II = 1> <Delay = 1.00> <Generic> <Opcode : >
ST_12 : Operation 457 [9/11] (2.04ns)   --->   "%arg1_result_1 = call i32 @kernel_jac3D_kernel_stencil_core, i32 %arg0_rowArr_1_0_1, i32 %arg0_rowArr_0_1_1, i32 %arg0_rowArr_1_1, i32 %arg0_rowArr_1_1_1, i32 %arg0_rowArr_1_1_2, i32 %arg0_rowArr_2_1_1, i32 %arg0_rowArr_1_2_1" [/home/x_thileeb/repos/ops-hls-pact25-artifact/codegen_apps/jacobian3d/vck5000_project/hls/device/include/PE_jac3D_kernel_stencil.hpp:411]   --->   Operation 457 'call' 'arg1_result_1' <Predicate = (!icmp_ln194 & !icmp_ln394_1)> <Delay = 2.04> <CoreType = "Generic">   --->   Core 0 '' <Latency = 0> <II = 1> <Delay = 1.00> <Generic> <Opcode : >
ST_12 : Operation 458 [9/11] (2.04ns)   --->   "%arg1_result_2 = call i32 @kernel_jac3D_kernel_stencil_core, i32 %arg0_rowArr_1_0_2, i32 %arg0_rowArr_0_1_2, i32 %arg0_rowArr_1_1_1, i32 %arg0_rowArr_1_1_2, i32 %arg0_rowArr_1_1_3, i32 %arg0_rowArr_2_1_2, i32 %arg0_rowArr_1_2_2" [/home/x_thileeb/repos/ops-hls-pact25-artifact/codegen_apps/jacobian3d/vck5000_project/hls/device/include/PE_jac3D_kernel_stencil.hpp:411]   --->   Operation 458 'call' 'arg1_result_2' <Predicate = (!icmp_ln194 & !icmp_ln394_2)> <Delay = 2.04> <CoreType = "Generic">   --->   Core 0 '' <Latency = 0> <II = 1> <Delay = 1.00> <Generic> <Opcode : >
ST_12 : Operation 459 [9/11] (2.04ns)   --->   "%arg1_result_3 = call i32 @kernel_jac3D_kernel_stencil_core, i32 %arg0_rowArr_1_0_3, i32 %arg0_rowArr_0_1_3, i32 %arg0_rowArr_1_1_2, i32 %arg0_rowArr_1_1_3, i32 %arg0_rowArr_1_1_4, i32 %arg0_rowArr_2_1_3, i32 %arg0_rowArr_1_2_3" [/home/x_thileeb/repos/ops-hls-pact25-artifact/codegen_apps/jacobian3d/vck5000_project/hls/device/include/PE_jac3D_kernel_stencil.hpp:411]   --->   Operation 459 'call' 'arg1_result_3' <Predicate = (!icmp_ln194 & !icmp_ln394_3)> <Delay = 2.04> <CoreType = "Generic">   --->   Core 0 '' <Latency = 0> <II = 1> <Delay = 1.00> <Generic> <Opcode : >
ST_12 : Operation 460 [9/11] (2.04ns)   --->   "%arg1_result_4 = call i32 @kernel_jac3D_kernel_stencil_core, i32 %arg0_rowArr_1_0_4, i32 %arg0_rowArr_0_1_4, i32 %arg0_rowArr_1_1_3, i32 %arg0_rowArr_1_1_4, i32 %arg0_rowArr_1_1_5, i32 %arg0_rowArr_2_1_4, i32 %arg0_rowArr_1_2_4" [/home/x_thileeb/repos/ops-hls-pact25-artifact/codegen_apps/jacobian3d/vck5000_project/hls/device/include/PE_jac3D_kernel_stencil.hpp:411]   --->   Operation 460 'call' 'arg1_result_4' <Predicate = (!icmp_ln194 & !icmp_ln394_4)> <Delay = 2.04> <CoreType = "Generic">   --->   Core 0 '' <Latency = 0> <II = 1> <Delay = 1.00> <Generic> <Opcode : >
ST_12 : Operation 461 [9/11] (2.04ns)   --->   "%arg1_result_5 = call i32 @kernel_jac3D_kernel_stencil_core, i32 %arg0_rowArr_1_0_5, i32 %arg0_rowArr_0_1_5, i32 %arg0_rowArr_1_1_4, i32 %arg0_rowArr_1_1_5, i32 %arg0_rowArr_1_1_6, i32 %arg0_rowArr_2_1_5, i32 %arg0_rowArr_1_2_5" [/home/x_thileeb/repos/ops-hls-pact25-artifact/codegen_apps/jacobian3d/vck5000_project/hls/device/include/PE_jac3D_kernel_stencil.hpp:411]   --->   Operation 461 'call' 'arg1_result_5' <Predicate = (!icmp_ln194 & !icmp_ln394_5)> <Delay = 2.04> <CoreType = "Generic">   --->   Core 0 '' <Latency = 0> <II = 1> <Delay = 1.00> <Generic> <Opcode : >
ST_12 : Operation 462 [9/11] (2.04ns)   --->   "%arg1_result_6 = call i32 @kernel_jac3D_kernel_stencil_core, i32 %arg0_rowArr_1_0_6, i32 %arg0_rowArr_0_1_6, i32 %arg0_rowArr_1_1_5, i32 %arg0_rowArr_1_1_6, i32 %arg0_rowArr_1_1_7, i32 %arg0_rowArr_2_1_6, i32 %arg0_rowArr_1_2_6" [/home/x_thileeb/repos/ops-hls-pact25-artifact/codegen_apps/jacobian3d/vck5000_project/hls/device/include/PE_jac3D_kernel_stencil.hpp:411]   --->   Operation 462 'call' 'arg1_result_6' <Predicate = (!icmp_ln194 & !icmp_ln394_6)> <Delay = 2.04> <CoreType = "Generic">   --->   Core 0 '' <Latency = 0> <II = 1> <Delay = 1.00> <Generic> <Opcode : >
ST_12 : Operation 463 [9/11] (2.04ns)   --->   "%arg1_result_7 = call i32 @kernel_jac3D_kernel_stencil_core, i32 %arg0_rowArr_1_0_7, i32 %arg0_rowArr_0_1_7, i32 %arg0_rowArr_1_1_6, i32 %arg0_rowArr_1_1_7, i32 %arg0_rowArr_1_1_9, i32 %arg0_rowArr_2_1_7, i32 %arg0_rowArr_1_2_7" [/home/x_thileeb/repos/ops-hls-pact25-artifact/codegen_apps/jacobian3d/vck5000_project/hls/device/include/PE_jac3D_kernel_stencil.hpp:411]   --->   Operation 463 'call' 'arg1_result_7' <Predicate = (!icmp_ln194 & !icmp_ln394_7)> <Delay = 2.04> <CoreType = "Generic">   --->   Core 0 '' <Latency = 0> <II = 1> <Delay = 1.00> <Generic> <Opcode : >

State 13 <SV = 12> <Delay = 2.04>
ST_13 : Operation 464 [8/11] (2.04ns)   --->   "%arg1_result = call i32 @kernel_jac3D_kernel_stencil_core, i32 %arg0_rowArr_1_0, i32 %arg0_rowArr_0_1, i32 %arg0_rowArr_1_1_8, i32 %arg0_rowArr_1_1, i32 %arg0_rowArr_1_1_1, i32 %arg0_rowArr_2_1, i32 %arg0_rowArr_1_2" [/home/x_thileeb/repos/ops-hls-pact25-artifact/codegen_apps/jacobian3d/vck5000_project/hls/device/include/PE_jac3D_kernel_stencil.hpp:411]   --->   Operation 464 'call' 'arg1_result' <Predicate = (!icmp_ln194 & !icmp_ln394)> <Delay = 2.04> <CoreType = "Generic">   --->   Core 0 '' <Latency = 0> <II = 1> <Delay = 1.00> <Generic> <Opcode : >
ST_13 : Operation 465 [8/11] (2.04ns)   --->   "%arg1_result_1 = call i32 @kernel_jac3D_kernel_stencil_core, i32 %arg0_rowArr_1_0_1, i32 %arg0_rowArr_0_1_1, i32 %arg0_rowArr_1_1, i32 %arg0_rowArr_1_1_1, i32 %arg0_rowArr_1_1_2, i32 %arg0_rowArr_2_1_1, i32 %arg0_rowArr_1_2_1" [/home/x_thileeb/repos/ops-hls-pact25-artifact/codegen_apps/jacobian3d/vck5000_project/hls/device/include/PE_jac3D_kernel_stencil.hpp:411]   --->   Operation 465 'call' 'arg1_result_1' <Predicate = (!icmp_ln194 & !icmp_ln394_1)> <Delay = 2.04> <CoreType = "Generic">   --->   Core 0 '' <Latency = 0> <II = 1> <Delay = 1.00> <Generic> <Opcode : >
ST_13 : Operation 466 [8/11] (2.04ns)   --->   "%arg1_result_2 = call i32 @kernel_jac3D_kernel_stencil_core, i32 %arg0_rowArr_1_0_2, i32 %arg0_rowArr_0_1_2, i32 %arg0_rowArr_1_1_1, i32 %arg0_rowArr_1_1_2, i32 %arg0_rowArr_1_1_3, i32 %arg0_rowArr_2_1_2, i32 %arg0_rowArr_1_2_2" [/home/x_thileeb/repos/ops-hls-pact25-artifact/codegen_apps/jacobian3d/vck5000_project/hls/device/include/PE_jac3D_kernel_stencil.hpp:411]   --->   Operation 466 'call' 'arg1_result_2' <Predicate = (!icmp_ln194 & !icmp_ln394_2)> <Delay = 2.04> <CoreType = "Generic">   --->   Core 0 '' <Latency = 0> <II = 1> <Delay = 1.00> <Generic> <Opcode : >
ST_13 : Operation 467 [8/11] (2.04ns)   --->   "%arg1_result_3 = call i32 @kernel_jac3D_kernel_stencil_core, i32 %arg0_rowArr_1_0_3, i32 %arg0_rowArr_0_1_3, i32 %arg0_rowArr_1_1_2, i32 %arg0_rowArr_1_1_3, i32 %arg0_rowArr_1_1_4, i32 %arg0_rowArr_2_1_3, i32 %arg0_rowArr_1_2_3" [/home/x_thileeb/repos/ops-hls-pact25-artifact/codegen_apps/jacobian3d/vck5000_project/hls/device/include/PE_jac3D_kernel_stencil.hpp:411]   --->   Operation 467 'call' 'arg1_result_3' <Predicate = (!icmp_ln194 & !icmp_ln394_3)> <Delay = 2.04> <CoreType = "Generic">   --->   Core 0 '' <Latency = 0> <II = 1> <Delay = 1.00> <Generic> <Opcode : >
ST_13 : Operation 468 [8/11] (2.04ns)   --->   "%arg1_result_4 = call i32 @kernel_jac3D_kernel_stencil_core, i32 %arg0_rowArr_1_0_4, i32 %arg0_rowArr_0_1_4, i32 %arg0_rowArr_1_1_3, i32 %arg0_rowArr_1_1_4, i32 %arg0_rowArr_1_1_5, i32 %arg0_rowArr_2_1_4, i32 %arg0_rowArr_1_2_4" [/home/x_thileeb/repos/ops-hls-pact25-artifact/codegen_apps/jacobian3d/vck5000_project/hls/device/include/PE_jac3D_kernel_stencil.hpp:411]   --->   Operation 468 'call' 'arg1_result_4' <Predicate = (!icmp_ln194 & !icmp_ln394_4)> <Delay = 2.04> <CoreType = "Generic">   --->   Core 0 '' <Latency = 0> <II = 1> <Delay = 1.00> <Generic> <Opcode : >
ST_13 : Operation 469 [8/11] (2.04ns)   --->   "%arg1_result_5 = call i32 @kernel_jac3D_kernel_stencil_core, i32 %arg0_rowArr_1_0_5, i32 %arg0_rowArr_0_1_5, i32 %arg0_rowArr_1_1_4, i32 %arg0_rowArr_1_1_5, i32 %arg0_rowArr_1_1_6, i32 %arg0_rowArr_2_1_5, i32 %arg0_rowArr_1_2_5" [/home/x_thileeb/repos/ops-hls-pact25-artifact/codegen_apps/jacobian3d/vck5000_project/hls/device/include/PE_jac3D_kernel_stencil.hpp:411]   --->   Operation 469 'call' 'arg1_result_5' <Predicate = (!icmp_ln194 & !icmp_ln394_5)> <Delay = 2.04> <CoreType = "Generic">   --->   Core 0 '' <Latency = 0> <II = 1> <Delay = 1.00> <Generic> <Opcode : >
ST_13 : Operation 470 [8/11] (2.04ns)   --->   "%arg1_result_6 = call i32 @kernel_jac3D_kernel_stencil_core, i32 %arg0_rowArr_1_0_6, i32 %arg0_rowArr_0_1_6, i32 %arg0_rowArr_1_1_5, i32 %arg0_rowArr_1_1_6, i32 %arg0_rowArr_1_1_7, i32 %arg0_rowArr_2_1_6, i32 %arg0_rowArr_1_2_6" [/home/x_thileeb/repos/ops-hls-pact25-artifact/codegen_apps/jacobian3d/vck5000_project/hls/device/include/PE_jac3D_kernel_stencil.hpp:411]   --->   Operation 470 'call' 'arg1_result_6' <Predicate = (!icmp_ln194 & !icmp_ln394_6)> <Delay = 2.04> <CoreType = "Generic">   --->   Core 0 '' <Latency = 0> <II = 1> <Delay = 1.00> <Generic> <Opcode : >
ST_13 : Operation 471 [8/11] (2.04ns)   --->   "%arg1_result_7 = call i32 @kernel_jac3D_kernel_stencil_core, i32 %arg0_rowArr_1_0_7, i32 %arg0_rowArr_0_1_7, i32 %arg0_rowArr_1_1_6, i32 %arg0_rowArr_1_1_7, i32 %arg0_rowArr_1_1_9, i32 %arg0_rowArr_2_1_7, i32 %arg0_rowArr_1_2_7" [/home/x_thileeb/repos/ops-hls-pact25-artifact/codegen_apps/jacobian3d/vck5000_project/hls/device/include/PE_jac3D_kernel_stencil.hpp:411]   --->   Operation 471 'call' 'arg1_result_7' <Predicate = (!icmp_ln194 & !icmp_ln394_7)> <Delay = 2.04> <CoreType = "Generic">   --->   Core 0 '' <Latency = 0> <II = 1> <Delay = 1.00> <Generic> <Opcode : >

State 14 <SV = 13> <Delay = 2.04>
ST_14 : Operation 472 [7/11] (2.04ns)   --->   "%arg1_result = call i32 @kernel_jac3D_kernel_stencil_core, i32 %arg0_rowArr_1_0, i32 %arg0_rowArr_0_1, i32 %arg0_rowArr_1_1_8, i32 %arg0_rowArr_1_1, i32 %arg0_rowArr_1_1_1, i32 %arg0_rowArr_2_1, i32 %arg0_rowArr_1_2" [/home/x_thileeb/repos/ops-hls-pact25-artifact/codegen_apps/jacobian3d/vck5000_project/hls/device/include/PE_jac3D_kernel_stencil.hpp:411]   --->   Operation 472 'call' 'arg1_result' <Predicate = (!icmp_ln194 & !icmp_ln394)> <Delay = 2.04> <CoreType = "Generic">   --->   Core 0 '' <Latency = 0> <II = 1> <Delay = 1.00> <Generic> <Opcode : >
ST_14 : Operation 473 [7/11] (2.04ns)   --->   "%arg1_result_1 = call i32 @kernel_jac3D_kernel_stencil_core, i32 %arg0_rowArr_1_0_1, i32 %arg0_rowArr_0_1_1, i32 %arg0_rowArr_1_1, i32 %arg0_rowArr_1_1_1, i32 %arg0_rowArr_1_1_2, i32 %arg0_rowArr_2_1_1, i32 %arg0_rowArr_1_2_1" [/home/x_thileeb/repos/ops-hls-pact25-artifact/codegen_apps/jacobian3d/vck5000_project/hls/device/include/PE_jac3D_kernel_stencil.hpp:411]   --->   Operation 473 'call' 'arg1_result_1' <Predicate = (!icmp_ln194 & !icmp_ln394_1)> <Delay = 2.04> <CoreType = "Generic">   --->   Core 0 '' <Latency = 0> <II = 1> <Delay = 1.00> <Generic> <Opcode : >
ST_14 : Operation 474 [7/11] (2.04ns)   --->   "%arg1_result_2 = call i32 @kernel_jac3D_kernel_stencil_core, i32 %arg0_rowArr_1_0_2, i32 %arg0_rowArr_0_1_2, i32 %arg0_rowArr_1_1_1, i32 %arg0_rowArr_1_1_2, i32 %arg0_rowArr_1_1_3, i32 %arg0_rowArr_2_1_2, i32 %arg0_rowArr_1_2_2" [/home/x_thileeb/repos/ops-hls-pact25-artifact/codegen_apps/jacobian3d/vck5000_project/hls/device/include/PE_jac3D_kernel_stencil.hpp:411]   --->   Operation 474 'call' 'arg1_result_2' <Predicate = (!icmp_ln194 & !icmp_ln394_2)> <Delay = 2.04> <CoreType = "Generic">   --->   Core 0 '' <Latency = 0> <II = 1> <Delay = 1.00> <Generic> <Opcode : >
ST_14 : Operation 475 [7/11] (2.04ns)   --->   "%arg1_result_3 = call i32 @kernel_jac3D_kernel_stencil_core, i32 %arg0_rowArr_1_0_3, i32 %arg0_rowArr_0_1_3, i32 %arg0_rowArr_1_1_2, i32 %arg0_rowArr_1_1_3, i32 %arg0_rowArr_1_1_4, i32 %arg0_rowArr_2_1_3, i32 %arg0_rowArr_1_2_3" [/home/x_thileeb/repos/ops-hls-pact25-artifact/codegen_apps/jacobian3d/vck5000_project/hls/device/include/PE_jac3D_kernel_stencil.hpp:411]   --->   Operation 475 'call' 'arg1_result_3' <Predicate = (!icmp_ln194 & !icmp_ln394_3)> <Delay = 2.04> <CoreType = "Generic">   --->   Core 0 '' <Latency = 0> <II = 1> <Delay = 1.00> <Generic> <Opcode : >
ST_14 : Operation 476 [7/11] (2.04ns)   --->   "%arg1_result_4 = call i32 @kernel_jac3D_kernel_stencil_core, i32 %arg0_rowArr_1_0_4, i32 %arg0_rowArr_0_1_4, i32 %arg0_rowArr_1_1_3, i32 %arg0_rowArr_1_1_4, i32 %arg0_rowArr_1_1_5, i32 %arg0_rowArr_2_1_4, i32 %arg0_rowArr_1_2_4" [/home/x_thileeb/repos/ops-hls-pact25-artifact/codegen_apps/jacobian3d/vck5000_project/hls/device/include/PE_jac3D_kernel_stencil.hpp:411]   --->   Operation 476 'call' 'arg1_result_4' <Predicate = (!icmp_ln194 & !icmp_ln394_4)> <Delay = 2.04> <CoreType = "Generic">   --->   Core 0 '' <Latency = 0> <II = 1> <Delay = 1.00> <Generic> <Opcode : >
ST_14 : Operation 477 [7/11] (2.04ns)   --->   "%arg1_result_5 = call i32 @kernel_jac3D_kernel_stencil_core, i32 %arg0_rowArr_1_0_5, i32 %arg0_rowArr_0_1_5, i32 %arg0_rowArr_1_1_4, i32 %arg0_rowArr_1_1_5, i32 %arg0_rowArr_1_1_6, i32 %arg0_rowArr_2_1_5, i32 %arg0_rowArr_1_2_5" [/home/x_thileeb/repos/ops-hls-pact25-artifact/codegen_apps/jacobian3d/vck5000_project/hls/device/include/PE_jac3D_kernel_stencil.hpp:411]   --->   Operation 477 'call' 'arg1_result_5' <Predicate = (!icmp_ln194 & !icmp_ln394_5)> <Delay = 2.04> <CoreType = "Generic">   --->   Core 0 '' <Latency = 0> <II = 1> <Delay = 1.00> <Generic> <Opcode : >
ST_14 : Operation 478 [7/11] (2.04ns)   --->   "%arg1_result_6 = call i32 @kernel_jac3D_kernel_stencil_core, i32 %arg0_rowArr_1_0_6, i32 %arg0_rowArr_0_1_6, i32 %arg0_rowArr_1_1_5, i32 %arg0_rowArr_1_1_6, i32 %arg0_rowArr_1_1_7, i32 %arg0_rowArr_2_1_6, i32 %arg0_rowArr_1_2_6" [/home/x_thileeb/repos/ops-hls-pact25-artifact/codegen_apps/jacobian3d/vck5000_project/hls/device/include/PE_jac3D_kernel_stencil.hpp:411]   --->   Operation 478 'call' 'arg1_result_6' <Predicate = (!icmp_ln194 & !icmp_ln394_6)> <Delay = 2.04> <CoreType = "Generic">   --->   Core 0 '' <Latency = 0> <II = 1> <Delay = 1.00> <Generic> <Opcode : >
ST_14 : Operation 479 [7/11] (2.04ns)   --->   "%arg1_result_7 = call i32 @kernel_jac3D_kernel_stencil_core, i32 %arg0_rowArr_1_0_7, i32 %arg0_rowArr_0_1_7, i32 %arg0_rowArr_1_1_6, i32 %arg0_rowArr_1_1_7, i32 %arg0_rowArr_1_1_9, i32 %arg0_rowArr_2_1_7, i32 %arg0_rowArr_1_2_7" [/home/x_thileeb/repos/ops-hls-pact25-artifact/codegen_apps/jacobian3d/vck5000_project/hls/device/include/PE_jac3D_kernel_stencil.hpp:411]   --->   Operation 479 'call' 'arg1_result_7' <Predicate = (!icmp_ln194 & !icmp_ln394_7)> <Delay = 2.04> <CoreType = "Generic">   --->   Core 0 '' <Latency = 0> <II = 1> <Delay = 1.00> <Generic> <Opcode : >

State 15 <SV = 14> <Delay = 2.04>
ST_15 : Operation 480 [6/11] (2.04ns)   --->   "%arg1_result = call i32 @kernel_jac3D_kernel_stencil_core, i32 %arg0_rowArr_1_0, i32 %arg0_rowArr_0_1, i32 %arg0_rowArr_1_1_8, i32 %arg0_rowArr_1_1, i32 %arg0_rowArr_1_1_1, i32 %arg0_rowArr_2_1, i32 %arg0_rowArr_1_2" [/home/x_thileeb/repos/ops-hls-pact25-artifact/codegen_apps/jacobian3d/vck5000_project/hls/device/include/PE_jac3D_kernel_stencil.hpp:411]   --->   Operation 480 'call' 'arg1_result' <Predicate = (!icmp_ln194 & !icmp_ln394)> <Delay = 2.04> <CoreType = "Generic">   --->   Core 0 '' <Latency = 0> <II = 1> <Delay = 1.00> <Generic> <Opcode : >
ST_15 : Operation 481 [6/11] (2.04ns)   --->   "%arg1_result_1 = call i32 @kernel_jac3D_kernel_stencil_core, i32 %arg0_rowArr_1_0_1, i32 %arg0_rowArr_0_1_1, i32 %arg0_rowArr_1_1, i32 %arg0_rowArr_1_1_1, i32 %arg0_rowArr_1_1_2, i32 %arg0_rowArr_2_1_1, i32 %arg0_rowArr_1_2_1" [/home/x_thileeb/repos/ops-hls-pact25-artifact/codegen_apps/jacobian3d/vck5000_project/hls/device/include/PE_jac3D_kernel_stencil.hpp:411]   --->   Operation 481 'call' 'arg1_result_1' <Predicate = (!icmp_ln194 & !icmp_ln394_1)> <Delay = 2.04> <CoreType = "Generic">   --->   Core 0 '' <Latency = 0> <II = 1> <Delay = 1.00> <Generic> <Opcode : >
ST_15 : Operation 482 [6/11] (2.04ns)   --->   "%arg1_result_2 = call i32 @kernel_jac3D_kernel_stencil_core, i32 %arg0_rowArr_1_0_2, i32 %arg0_rowArr_0_1_2, i32 %arg0_rowArr_1_1_1, i32 %arg0_rowArr_1_1_2, i32 %arg0_rowArr_1_1_3, i32 %arg0_rowArr_2_1_2, i32 %arg0_rowArr_1_2_2" [/home/x_thileeb/repos/ops-hls-pact25-artifact/codegen_apps/jacobian3d/vck5000_project/hls/device/include/PE_jac3D_kernel_stencil.hpp:411]   --->   Operation 482 'call' 'arg1_result_2' <Predicate = (!icmp_ln194 & !icmp_ln394_2)> <Delay = 2.04> <CoreType = "Generic">   --->   Core 0 '' <Latency = 0> <II = 1> <Delay = 1.00> <Generic> <Opcode : >
ST_15 : Operation 483 [6/11] (2.04ns)   --->   "%arg1_result_3 = call i32 @kernel_jac3D_kernel_stencil_core, i32 %arg0_rowArr_1_0_3, i32 %arg0_rowArr_0_1_3, i32 %arg0_rowArr_1_1_2, i32 %arg0_rowArr_1_1_3, i32 %arg0_rowArr_1_1_4, i32 %arg0_rowArr_2_1_3, i32 %arg0_rowArr_1_2_3" [/home/x_thileeb/repos/ops-hls-pact25-artifact/codegen_apps/jacobian3d/vck5000_project/hls/device/include/PE_jac3D_kernel_stencil.hpp:411]   --->   Operation 483 'call' 'arg1_result_3' <Predicate = (!icmp_ln194 & !icmp_ln394_3)> <Delay = 2.04> <CoreType = "Generic">   --->   Core 0 '' <Latency = 0> <II = 1> <Delay = 1.00> <Generic> <Opcode : >
ST_15 : Operation 484 [6/11] (2.04ns)   --->   "%arg1_result_4 = call i32 @kernel_jac3D_kernel_stencil_core, i32 %arg0_rowArr_1_0_4, i32 %arg0_rowArr_0_1_4, i32 %arg0_rowArr_1_1_3, i32 %arg0_rowArr_1_1_4, i32 %arg0_rowArr_1_1_5, i32 %arg0_rowArr_2_1_4, i32 %arg0_rowArr_1_2_4" [/home/x_thileeb/repos/ops-hls-pact25-artifact/codegen_apps/jacobian3d/vck5000_project/hls/device/include/PE_jac3D_kernel_stencil.hpp:411]   --->   Operation 484 'call' 'arg1_result_4' <Predicate = (!icmp_ln194 & !icmp_ln394_4)> <Delay = 2.04> <CoreType = "Generic">   --->   Core 0 '' <Latency = 0> <II = 1> <Delay = 1.00> <Generic> <Opcode : >
ST_15 : Operation 485 [6/11] (2.04ns)   --->   "%arg1_result_5 = call i32 @kernel_jac3D_kernel_stencil_core, i32 %arg0_rowArr_1_0_5, i32 %arg0_rowArr_0_1_5, i32 %arg0_rowArr_1_1_4, i32 %arg0_rowArr_1_1_5, i32 %arg0_rowArr_1_1_6, i32 %arg0_rowArr_2_1_5, i32 %arg0_rowArr_1_2_5" [/home/x_thileeb/repos/ops-hls-pact25-artifact/codegen_apps/jacobian3d/vck5000_project/hls/device/include/PE_jac3D_kernel_stencil.hpp:411]   --->   Operation 485 'call' 'arg1_result_5' <Predicate = (!icmp_ln194 & !icmp_ln394_5)> <Delay = 2.04> <CoreType = "Generic">   --->   Core 0 '' <Latency = 0> <II = 1> <Delay = 1.00> <Generic> <Opcode : >
ST_15 : Operation 486 [6/11] (2.04ns)   --->   "%arg1_result_6 = call i32 @kernel_jac3D_kernel_stencil_core, i32 %arg0_rowArr_1_0_6, i32 %arg0_rowArr_0_1_6, i32 %arg0_rowArr_1_1_5, i32 %arg0_rowArr_1_1_6, i32 %arg0_rowArr_1_1_7, i32 %arg0_rowArr_2_1_6, i32 %arg0_rowArr_1_2_6" [/home/x_thileeb/repos/ops-hls-pact25-artifact/codegen_apps/jacobian3d/vck5000_project/hls/device/include/PE_jac3D_kernel_stencil.hpp:411]   --->   Operation 486 'call' 'arg1_result_6' <Predicate = (!icmp_ln194 & !icmp_ln394_6)> <Delay = 2.04> <CoreType = "Generic">   --->   Core 0 '' <Latency = 0> <II = 1> <Delay = 1.00> <Generic> <Opcode : >
ST_15 : Operation 487 [6/11] (2.04ns)   --->   "%arg1_result_7 = call i32 @kernel_jac3D_kernel_stencil_core, i32 %arg0_rowArr_1_0_7, i32 %arg0_rowArr_0_1_7, i32 %arg0_rowArr_1_1_6, i32 %arg0_rowArr_1_1_7, i32 %arg0_rowArr_1_1_9, i32 %arg0_rowArr_2_1_7, i32 %arg0_rowArr_1_2_7" [/home/x_thileeb/repos/ops-hls-pact25-artifact/codegen_apps/jacobian3d/vck5000_project/hls/device/include/PE_jac3D_kernel_stencil.hpp:411]   --->   Operation 487 'call' 'arg1_result_7' <Predicate = (!icmp_ln194 & !icmp_ln394_7)> <Delay = 2.04> <CoreType = "Generic">   --->   Core 0 '' <Latency = 0> <II = 1> <Delay = 1.00> <Generic> <Opcode : >

State 16 <SV = 15> <Delay = 2.04>
ST_16 : Operation 488 [5/11] (2.04ns)   --->   "%arg1_result = call i32 @kernel_jac3D_kernel_stencil_core, i32 %arg0_rowArr_1_0, i32 %arg0_rowArr_0_1, i32 %arg0_rowArr_1_1_8, i32 %arg0_rowArr_1_1, i32 %arg0_rowArr_1_1_1, i32 %arg0_rowArr_2_1, i32 %arg0_rowArr_1_2" [/home/x_thileeb/repos/ops-hls-pact25-artifact/codegen_apps/jacobian3d/vck5000_project/hls/device/include/PE_jac3D_kernel_stencil.hpp:411]   --->   Operation 488 'call' 'arg1_result' <Predicate = (!icmp_ln194 & !icmp_ln394)> <Delay = 2.04> <CoreType = "Generic">   --->   Core 0 '' <Latency = 0> <II = 1> <Delay = 1.00> <Generic> <Opcode : >
ST_16 : Operation 489 [5/11] (2.04ns)   --->   "%arg1_result_1 = call i32 @kernel_jac3D_kernel_stencil_core, i32 %arg0_rowArr_1_0_1, i32 %arg0_rowArr_0_1_1, i32 %arg0_rowArr_1_1, i32 %arg0_rowArr_1_1_1, i32 %arg0_rowArr_1_1_2, i32 %arg0_rowArr_2_1_1, i32 %arg0_rowArr_1_2_1" [/home/x_thileeb/repos/ops-hls-pact25-artifact/codegen_apps/jacobian3d/vck5000_project/hls/device/include/PE_jac3D_kernel_stencil.hpp:411]   --->   Operation 489 'call' 'arg1_result_1' <Predicate = (!icmp_ln194 & !icmp_ln394_1)> <Delay = 2.04> <CoreType = "Generic">   --->   Core 0 '' <Latency = 0> <II = 1> <Delay = 1.00> <Generic> <Opcode : >
ST_16 : Operation 490 [5/11] (2.04ns)   --->   "%arg1_result_2 = call i32 @kernel_jac3D_kernel_stencil_core, i32 %arg0_rowArr_1_0_2, i32 %arg0_rowArr_0_1_2, i32 %arg0_rowArr_1_1_1, i32 %arg0_rowArr_1_1_2, i32 %arg0_rowArr_1_1_3, i32 %arg0_rowArr_2_1_2, i32 %arg0_rowArr_1_2_2" [/home/x_thileeb/repos/ops-hls-pact25-artifact/codegen_apps/jacobian3d/vck5000_project/hls/device/include/PE_jac3D_kernel_stencil.hpp:411]   --->   Operation 490 'call' 'arg1_result_2' <Predicate = (!icmp_ln194 & !icmp_ln394_2)> <Delay = 2.04> <CoreType = "Generic">   --->   Core 0 '' <Latency = 0> <II = 1> <Delay = 1.00> <Generic> <Opcode : >
ST_16 : Operation 491 [5/11] (2.04ns)   --->   "%arg1_result_3 = call i32 @kernel_jac3D_kernel_stencil_core, i32 %arg0_rowArr_1_0_3, i32 %arg0_rowArr_0_1_3, i32 %arg0_rowArr_1_1_2, i32 %arg0_rowArr_1_1_3, i32 %arg0_rowArr_1_1_4, i32 %arg0_rowArr_2_1_3, i32 %arg0_rowArr_1_2_3" [/home/x_thileeb/repos/ops-hls-pact25-artifact/codegen_apps/jacobian3d/vck5000_project/hls/device/include/PE_jac3D_kernel_stencil.hpp:411]   --->   Operation 491 'call' 'arg1_result_3' <Predicate = (!icmp_ln194 & !icmp_ln394_3)> <Delay = 2.04> <CoreType = "Generic">   --->   Core 0 '' <Latency = 0> <II = 1> <Delay = 1.00> <Generic> <Opcode : >
ST_16 : Operation 492 [5/11] (2.04ns)   --->   "%arg1_result_4 = call i32 @kernel_jac3D_kernel_stencil_core, i32 %arg0_rowArr_1_0_4, i32 %arg0_rowArr_0_1_4, i32 %arg0_rowArr_1_1_3, i32 %arg0_rowArr_1_1_4, i32 %arg0_rowArr_1_1_5, i32 %arg0_rowArr_2_1_4, i32 %arg0_rowArr_1_2_4" [/home/x_thileeb/repos/ops-hls-pact25-artifact/codegen_apps/jacobian3d/vck5000_project/hls/device/include/PE_jac3D_kernel_stencil.hpp:411]   --->   Operation 492 'call' 'arg1_result_4' <Predicate = (!icmp_ln194 & !icmp_ln394_4)> <Delay = 2.04> <CoreType = "Generic">   --->   Core 0 '' <Latency = 0> <II = 1> <Delay = 1.00> <Generic> <Opcode : >
ST_16 : Operation 493 [5/11] (2.04ns)   --->   "%arg1_result_5 = call i32 @kernel_jac3D_kernel_stencil_core, i32 %arg0_rowArr_1_0_5, i32 %arg0_rowArr_0_1_5, i32 %arg0_rowArr_1_1_4, i32 %arg0_rowArr_1_1_5, i32 %arg0_rowArr_1_1_6, i32 %arg0_rowArr_2_1_5, i32 %arg0_rowArr_1_2_5" [/home/x_thileeb/repos/ops-hls-pact25-artifact/codegen_apps/jacobian3d/vck5000_project/hls/device/include/PE_jac3D_kernel_stencil.hpp:411]   --->   Operation 493 'call' 'arg1_result_5' <Predicate = (!icmp_ln194 & !icmp_ln394_5)> <Delay = 2.04> <CoreType = "Generic">   --->   Core 0 '' <Latency = 0> <II = 1> <Delay = 1.00> <Generic> <Opcode : >
ST_16 : Operation 494 [5/11] (2.04ns)   --->   "%arg1_result_6 = call i32 @kernel_jac3D_kernel_stencil_core, i32 %arg0_rowArr_1_0_6, i32 %arg0_rowArr_0_1_6, i32 %arg0_rowArr_1_1_5, i32 %arg0_rowArr_1_1_6, i32 %arg0_rowArr_1_1_7, i32 %arg0_rowArr_2_1_6, i32 %arg0_rowArr_1_2_6" [/home/x_thileeb/repos/ops-hls-pact25-artifact/codegen_apps/jacobian3d/vck5000_project/hls/device/include/PE_jac3D_kernel_stencil.hpp:411]   --->   Operation 494 'call' 'arg1_result_6' <Predicate = (!icmp_ln194 & !icmp_ln394_6)> <Delay = 2.04> <CoreType = "Generic">   --->   Core 0 '' <Latency = 0> <II = 1> <Delay = 1.00> <Generic> <Opcode : >
ST_16 : Operation 495 [5/11] (2.04ns)   --->   "%arg1_result_7 = call i32 @kernel_jac3D_kernel_stencil_core, i32 %arg0_rowArr_1_0_7, i32 %arg0_rowArr_0_1_7, i32 %arg0_rowArr_1_1_6, i32 %arg0_rowArr_1_1_7, i32 %arg0_rowArr_1_1_9, i32 %arg0_rowArr_2_1_7, i32 %arg0_rowArr_1_2_7" [/home/x_thileeb/repos/ops-hls-pact25-artifact/codegen_apps/jacobian3d/vck5000_project/hls/device/include/PE_jac3D_kernel_stencil.hpp:411]   --->   Operation 495 'call' 'arg1_result_7' <Predicate = (!icmp_ln194 & !icmp_ln394_7)> <Delay = 2.04> <CoreType = "Generic">   --->   Core 0 '' <Latency = 0> <II = 1> <Delay = 1.00> <Generic> <Opcode : >

State 17 <SV = 16> <Delay = 2.04>
ST_17 : Operation 496 [4/11] (2.04ns)   --->   "%arg1_result = call i32 @kernel_jac3D_kernel_stencil_core, i32 %arg0_rowArr_1_0, i32 %arg0_rowArr_0_1, i32 %arg0_rowArr_1_1_8, i32 %arg0_rowArr_1_1, i32 %arg0_rowArr_1_1_1, i32 %arg0_rowArr_2_1, i32 %arg0_rowArr_1_2" [/home/x_thileeb/repos/ops-hls-pact25-artifact/codegen_apps/jacobian3d/vck5000_project/hls/device/include/PE_jac3D_kernel_stencil.hpp:411]   --->   Operation 496 'call' 'arg1_result' <Predicate = (!icmp_ln194 & !icmp_ln394)> <Delay = 2.04> <CoreType = "Generic">   --->   Core 0 '' <Latency = 0> <II = 1> <Delay = 1.00> <Generic> <Opcode : >
ST_17 : Operation 497 [4/11] (2.04ns)   --->   "%arg1_result_1 = call i32 @kernel_jac3D_kernel_stencil_core, i32 %arg0_rowArr_1_0_1, i32 %arg0_rowArr_0_1_1, i32 %arg0_rowArr_1_1, i32 %arg0_rowArr_1_1_1, i32 %arg0_rowArr_1_1_2, i32 %arg0_rowArr_2_1_1, i32 %arg0_rowArr_1_2_1" [/home/x_thileeb/repos/ops-hls-pact25-artifact/codegen_apps/jacobian3d/vck5000_project/hls/device/include/PE_jac3D_kernel_stencil.hpp:411]   --->   Operation 497 'call' 'arg1_result_1' <Predicate = (!icmp_ln194 & !icmp_ln394_1)> <Delay = 2.04> <CoreType = "Generic">   --->   Core 0 '' <Latency = 0> <II = 1> <Delay = 1.00> <Generic> <Opcode : >
ST_17 : Operation 498 [4/11] (2.04ns)   --->   "%arg1_result_2 = call i32 @kernel_jac3D_kernel_stencil_core, i32 %arg0_rowArr_1_0_2, i32 %arg0_rowArr_0_1_2, i32 %arg0_rowArr_1_1_1, i32 %arg0_rowArr_1_1_2, i32 %arg0_rowArr_1_1_3, i32 %arg0_rowArr_2_1_2, i32 %arg0_rowArr_1_2_2" [/home/x_thileeb/repos/ops-hls-pact25-artifact/codegen_apps/jacobian3d/vck5000_project/hls/device/include/PE_jac3D_kernel_stencil.hpp:411]   --->   Operation 498 'call' 'arg1_result_2' <Predicate = (!icmp_ln194 & !icmp_ln394_2)> <Delay = 2.04> <CoreType = "Generic">   --->   Core 0 '' <Latency = 0> <II = 1> <Delay = 1.00> <Generic> <Opcode : >
ST_17 : Operation 499 [4/11] (2.04ns)   --->   "%arg1_result_3 = call i32 @kernel_jac3D_kernel_stencil_core, i32 %arg0_rowArr_1_0_3, i32 %arg0_rowArr_0_1_3, i32 %arg0_rowArr_1_1_2, i32 %arg0_rowArr_1_1_3, i32 %arg0_rowArr_1_1_4, i32 %arg0_rowArr_2_1_3, i32 %arg0_rowArr_1_2_3" [/home/x_thileeb/repos/ops-hls-pact25-artifact/codegen_apps/jacobian3d/vck5000_project/hls/device/include/PE_jac3D_kernel_stencil.hpp:411]   --->   Operation 499 'call' 'arg1_result_3' <Predicate = (!icmp_ln194 & !icmp_ln394_3)> <Delay = 2.04> <CoreType = "Generic">   --->   Core 0 '' <Latency = 0> <II = 1> <Delay = 1.00> <Generic> <Opcode : >
ST_17 : Operation 500 [4/11] (2.04ns)   --->   "%arg1_result_4 = call i32 @kernel_jac3D_kernel_stencil_core, i32 %arg0_rowArr_1_0_4, i32 %arg0_rowArr_0_1_4, i32 %arg0_rowArr_1_1_3, i32 %arg0_rowArr_1_1_4, i32 %arg0_rowArr_1_1_5, i32 %arg0_rowArr_2_1_4, i32 %arg0_rowArr_1_2_4" [/home/x_thileeb/repos/ops-hls-pact25-artifact/codegen_apps/jacobian3d/vck5000_project/hls/device/include/PE_jac3D_kernel_stencil.hpp:411]   --->   Operation 500 'call' 'arg1_result_4' <Predicate = (!icmp_ln194 & !icmp_ln394_4)> <Delay = 2.04> <CoreType = "Generic">   --->   Core 0 '' <Latency = 0> <II = 1> <Delay = 1.00> <Generic> <Opcode : >
ST_17 : Operation 501 [4/11] (2.04ns)   --->   "%arg1_result_5 = call i32 @kernel_jac3D_kernel_stencil_core, i32 %arg0_rowArr_1_0_5, i32 %arg0_rowArr_0_1_5, i32 %arg0_rowArr_1_1_4, i32 %arg0_rowArr_1_1_5, i32 %arg0_rowArr_1_1_6, i32 %arg0_rowArr_2_1_5, i32 %arg0_rowArr_1_2_5" [/home/x_thileeb/repos/ops-hls-pact25-artifact/codegen_apps/jacobian3d/vck5000_project/hls/device/include/PE_jac3D_kernel_stencil.hpp:411]   --->   Operation 501 'call' 'arg1_result_5' <Predicate = (!icmp_ln194 & !icmp_ln394_5)> <Delay = 2.04> <CoreType = "Generic">   --->   Core 0 '' <Latency = 0> <II = 1> <Delay = 1.00> <Generic> <Opcode : >
ST_17 : Operation 502 [4/11] (2.04ns)   --->   "%arg1_result_6 = call i32 @kernel_jac3D_kernel_stencil_core, i32 %arg0_rowArr_1_0_6, i32 %arg0_rowArr_0_1_6, i32 %arg0_rowArr_1_1_5, i32 %arg0_rowArr_1_1_6, i32 %arg0_rowArr_1_1_7, i32 %arg0_rowArr_2_1_6, i32 %arg0_rowArr_1_2_6" [/home/x_thileeb/repos/ops-hls-pact25-artifact/codegen_apps/jacobian3d/vck5000_project/hls/device/include/PE_jac3D_kernel_stencil.hpp:411]   --->   Operation 502 'call' 'arg1_result_6' <Predicate = (!icmp_ln194 & !icmp_ln394_6)> <Delay = 2.04> <CoreType = "Generic">   --->   Core 0 '' <Latency = 0> <II = 1> <Delay = 1.00> <Generic> <Opcode : >
ST_17 : Operation 503 [4/11] (2.04ns)   --->   "%arg1_result_7 = call i32 @kernel_jac3D_kernel_stencil_core, i32 %arg0_rowArr_1_0_7, i32 %arg0_rowArr_0_1_7, i32 %arg0_rowArr_1_1_6, i32 %arg0_rowArr_1_1_7, i32 %arg0_rowArr_1_1_9, i32 %arg0_rowArr_2_1_7, i32 %arg0_rowArr_1_2_7" [/home/x_thileeb/repos/ops-hls-pact25-artifact/codegen_apps/jacobian3d/vck5000_project/hls/device/include/PE_jac3D_kernel_stencil.hpp:411]   --->   Operation 503 'call' 'arg1_result_7' <Predicate = (!icmp_ln194 & !icmp_ln394_7)> <Delay = 2.04> <CoreType = "Generic">   --->   Core 0 '' <Latency = 0> <II = 1> <Delay = 1.00> <Generic> <Opcode : >

State 18 <SV = 17> <Delay = 2.04>
ST_18 : Operation 504 [3/11] (2.04ns)   --->   "%arg1_result = call i32 @kernel_jac3D_kernel_stencil_core, i32 %arg0_rowArr_1_0, i32 %arg0_rowArr_0_1, i32 %arg0_rowArr_1_1_8, i32 %arg0_rowArr_1_1, i32 %arg0_rowArr_1_1_1, i32 %arg0_rowArr_2_1, i32 %arg0_rowArr_1_2" [/home/x_thileeb/repos/ops-hls-pact25-artifact/codegen_apps/jacobian3d/vck5000_project/hls/device/include/PE_jac3D_kernel_stencil.hpp:411]   --->   Operation 504 'call' 'arg1_result' <Predicate = (!icmp_ln194 & !icmp_ln394)> <Delay = 2.04> <CoreType = "Generic">   --->   Core 0 '' <Latency = 0> <II = 1> <Delay = 1.00> <Generic> <Opcode : >
ST_18 : Operation 505 [3/11] (2.04ns)   --->   "%arg1_result_1 = call i32 @kernel_jac3D_kernel_stencil_core, i32 %arg0_rowArr_1_0_1, i32 %arg0_rowArr_0_1_1, i32 %arg0_rowArr_1_1, i32 %arg0_rowArr_1_1_1, i32 %arg0_rowArr_1_1_2, i32 %arg0_rowArr_2_1_1, i32 %arg0_rowArr_1_2_1" [/home/x_thileeb/repos/ops-hls-pact25-artifact/codegen_apps/jacobian3d/vck5000_project/hls/device/include/PE_jac3D_kernel_stencil.hpp:411]   --->   Operation 505 'call' 'arg1_result_1' <Predicate = (!icmp_ln194 & !icmp_ln394_1)> <Delay = 2.04> <CoreType = "Generic">   --->   Core 0 '' <Latency = 0> <II = 1> <Delay = 1.00> <Generic> <Opcode : >
ST_18 : Operation 506 [3/11] (2.04ns)   --->   "%arg1_result_2 = call i32 @kernel_jac3D_kernel_stencil_core, i32 %arg0_rowArr_1_0_2, i32 %arg0_rowArr_0_1_2, i32 %arg0_rowArr_1_1_1, i32 %arg0_rowArr_1_1_2, i32 %arg0_rowArr_1_1_3, i32 %arg0_rowArr_2_1_2, i32 %arg0_rowArr_1_2_2" [/home/x_thileeb/repos/ops-hls-pact25-artifact/codegen_apps/jacobian3d/vck5000_project/hls/device/include/PE_jac3D_kernel_stencil.hpp:411]   --->   Operation 506 'call' 'arg1_result_2' <Predicate = (!icmp_ln194 & !icmp_ln394_2)> <Delay = 2.04> <CoreType = "Generic">   --->   Core 0 '' <Latency = 0> <II = 1> <Delay = 1.00> <Generic> <Opcode : >
ST_18 : Operation 507 [3/11] (2.04ns)   --->   "%arg1_result_3 = call i32 @kernel_jac3D_kernel_stencil_core, i32 %arg0_rowArr_1_0_3, i32 %arg0_rowArr_0_1_3, i32 %arg0_rowArr_1_1_2, i32 %arg0_rowArr_1_1_3, i32 %arg0_rowArr_1_1_4, i32 %arg0_rowArr_2_1_3, i32 %arg0_rowArr_1_2_3" [/home/x_thileeb/repos/ops-hls-pact25-artifact/codegen_apps/jacobian3d/vck5000_project/hls/device/include/PE_jac3D_kernel_stencil.hpp:411]   --->   Operation 507 'call' 'arg1_result_3' <Predicate = (!icmp_ln194 & !icmp_ln394_3)> <Delay = 2.04> <CoreType = "Generic">   --->   Core 0 '' <Latency = 0> <II = 1> <Delay = 1.00> <Generic> <Opcode : >
ST_18 : Operation 508 [3/11] (2.04ns)   --->   "%arg1_result_4 = call i32 @kernel_jac3D_kernel_stencil_core, i32 %arg0_rowArr_1_0_4, i32 %arg0_rowArr_0_1_4, i32 %arg0_rowArr_1_1_3, i32 %arg0_rowArr_1_1_4, i32 %arg0_rowArr_1_1_5, i32 %arg0_rowArr_2_1_4, i32 %arg0_rowArr_1_2_4" [/home/x_thileeb/repos/ops-hls-pact25-artifact/codegen_apps/jacobian3d/vck5000_project/hls/device/include/PE_jac3D_kernel_stencil.hpp:411]   --->   Operation 508 'call' 'arg1_result_4' <Predicate = (!icmp_ln194 & !icmp_ln394_4)> <Delay = 2.04> <CoreType = "Generic">   --->   Core 0 '' <Latency = 0> <II = 1> <Delay = 1.00> <Generic> <Opcode : >
ST_18 : Operation 509 [3/11] (2.04ns)   --->   "%arg1_result_5 = call i32 @kernel_jac3D_kernel_stencil_core, i32 %arg0_rowArr_1_0_5, i32 %arg0_rowArr_0_1_5, i32 %arg0_rowArr_1_1_4, i32 %arg0_rowArr_1_1_5, i32 %arg0_rowArr_1_1_6, i32 %arg0_rowArr_2_1_5, i32 %arg0_rowArr_1_2_5" [/home/x_thileeb/repos/ops-hls-pact25-artifact/codegen_apps/jacobian3d/vck5000_project/hls/device/include/PE_jac3D_kernel_stencil.hpp:411]   --->   Operation 509 'call' 'arg1_result_5' <Predicate = (!icmp_ln194 & !icmp_ln394_5)> <Delay = 2.04> <CoreType = "Generic">   --->   Core 0 '' <Latency = 0> <II = 1> <Delay = 1.00> <Generic> <Opcode : >
ST_18 : Operation 510 [3/11] (2.04ns)   --->   "%arg1_result_6 = call i32 @kernel_jac3D_kernel_stencil_core, i32 %arg0_rowArr_1_0_6, i32 %arg0_rowArr_0_1_6, i32 %arg0_rowArr_1_1_5, i32 %arg0_rowArr_1_1_6, i32 %arg0_rowArr_1_1_7, i32 %arg0_rowArr_2_1_6, i32 %arg0_rowArr_1_2_6" [/home/x_thileeb/repos/ops-hls-pact25-artifact/codegen_apps/jacobian3d/vck5000_project/hls/device/include/PE_jac3D_kernel_stencil.hpp:411]   --->   Operation 510 'call' 'arg1_result_6' <Predicate = (!icmp_ln194 & !icmp_ln394_6)> <Delay = 2.04> <CoreType = "Generic">   --->   Core 0 '' <Latency = 0> <II = 1> <Delay = 1.00> <Generic> <Opcode : >
ST_18 : Operation 511 [3/11] (2.04ns)   --->   "%arg1_result_7 = call i32 @kernel_jac3D_kernel_stencil_core, i32 %arg0_rowArr_1_0_7, i32 %arg0_rowArr_0_1_7, i32 %arg0_rowArr_1_1_6, i32 %arg0_rowArr_1_1_7, i32 %arg0_rowArr_1_1_9, i32 %arg0_rowArr_2_1_7, i32 %arg0_rowArr_1_2_7" [/home/x_thileeb/repos/ops-hls-pact25-artifact/codegen_apps/jacobian3d/vck5000_project/hls/device/include/PE_jac3D_kernel_stencil.hpp:411]   --->   Operation 511 'call' 'arg1_result_7' <Predicate = (!icmp_ln194 & !icmp_ln394_7)> <Delay = 2.04> <CoreType = "Generic">   --->   Core 0 '' <Latency = 0> <II = 1> <Delay = 1.00> <Generic> <Opcode : >

State 19 <SV = 18> <Delay = 2.04>
ST_19 : Operation 512 [2/11] (2.04ns)   --->   "%arg1_result = call i32 @kernel_jac3D_kernel_stencil_core, i32 %arg0_rowArr_1_0, i32 %arg0_rowArr_0_1, i32 %arg0_rowArr_1_1_8, i32 %arg0_rowArr_1_1, i32 %arg0_rowArr_1_1_1, i32 %arg0_rowArr_2_1, i32 %arg0_rowArr_1_2" [/home/x_thileeb/repos/ops-hls-pact25-artifact/codegen_apps/jacobian3d/vck5000_project/hls/device/include/PE_jac3D_kernel_stencil.hpp:411]   --->   Operation 512 'call' 'arg1_result' <Predicate = (!icmp_ln194 & !icmp_ln394)> <Delay = 2.04> <CoreType = "Generic">   --->   Core 0 '' <Latency = 0> <II = 1> <Delay = 1.00> <Generic> <Opcode : >
ST_19 : Operation 513 [2/11] (2.04ns)   --->   "%arg1_result_1 = call i32 @kernel_jac3D_kernel_stencil_core, i32 %arg0_rowArr_1_0_1, i32 %arg0_rowArr_0_1_1, i32 %arg0_rowArr_1_1, i32 %arg0_rowArr_1_1_1, i32 %arg0_rowArr_1_1_2, i32 %arg0_rowArr_2_1_1, i32 %arg0_rowArr_1_2_1" [/home/x_thileeb/repos/ops-hls-pact25-artifact/codegen_apps/jacobian3d/vck5000_project/hls/device/include/PE_jac3D_kernel_stencil.hpp:411]   --->   Operation 513 'call' 'arg1_result_1' <Predicate = (!icmp_ln194 & !icmp_ln394_1)> <Delay = 2.04> <CoreType = "Generic">   --->   Core 0 '' <Latency = 0> <II = 1> <Delay = 1.00> <Generic> <Opcode : >
ST_19 : Operation 514 [2/11] (2.04ns)   --->   "%arg1_result_2 = call i32 @kernel_jac3D_kernel_stencil_core, i32 %arg0_rowArr_1_0_2, i32 %arg0_rowArr_0_1_2, i32 %arg0_rowArr_1_1_1, i32 %arg0_rowArr_1_1_2, i32 %arg0_rowArr_1_1_3, i32 %arg0_rowArr_2_1_2, i32 %arg0_rowArr_1_2_2" [/home/x_thileeb/repos/ops-hls-pact25-artifact/codegen_apps/jacobian3d/vck5000_project/hls/device/include/PE_jac3D_kernel_stencil.hpp:411]   --->   Operation 514 'call' 'arg1_result_2' <Predicate = (!icmp_ln194 & !icmp_ln394_2)> <Delay = 2.04> <CoreType = "Generic">   --->   Core 0 '' <Latency = 0> <II = 1> <Delay = 1.00> <Generic> <Opcode : >
ST_19 : Operation 515 [2/11] (2.04ns)   --->   "%arg1_result_3 = call i32 @kernel_jac3D_kernel_stencil_core, i32 %arg0_rowArr_1_0_3, i32 %arg0_rowArr_0_1_3, i32 %arg0_rowArr_1_1_2, i32 %arg0_rowArr_1_1_3, i32 %arg0_rowArr_1_1_4, i32 %arg0_rowArr_2_1_3, i32 %arg0_rowArr_1_2_3" [/home/x_thileeb/repos/ops-hls-pact25-artifact/codegen_apps/jacobian3d/vck5000_project/hls/device/include/PE_jac3D_kernel_stencil.hpp:411]   --->   Operation 515 'call' 'arg1_result_3' <Predicate = (!icmp_ln194 & !icmp_ln394_3)> <Delay = 2.04> <CoreType = "Generic">   --->   Core 0 '' <Latency = 0> <II = 1> <Delay = 1.00> <Generic> <Opcode : >
ST_19 : Operation 516 [2/11] (2.04ns)   --->   "%arg1_result_4 = call i32 @kernel_jac3D_kernel_stencil_core, i32 %arg0_rowArr_1_0_4, i32 %arg0_rowArr_0_1_4, i32 %arg0_rowArr_1_1_3, i32 %arg0_rowArr_1_1_4, i32 %arg0_rowArr_1_1_5, i32 %arg0_rowArr_2_1_4, i32 %arg0_rowArr_1_2_4" [/home/x_thileeb/repos/ops-hls-pact25-artifact/codegen_apps/jacobian3d/vck5000_project/hls/device/include/PE_jac3D_kernel_stencil.hpp:411]   --->   Operation 516 'call' 'arg1_result_4' <Predicate = (!icmp_ln194 & !icmp_ln394_4)> <Delay = 2.04> <CoreType = "Generic">   --->   Core 0 '' <Latency = 0> <II = 1> <Delay = 1.00> <Generic> <Opcode : >
ST_19 : Operation 517 [2/11] (2.04ns)   --->   "%arg1_result_5 = call i32 @kernel_jac3D_kernel_stencil_core, i32 %arg0_rowArr_1_0_5, i32 %arg0_rowArr_0_1_5, i32 %arg0_rowArr_1_1_4, i32 %arg0_rowArr_1_1_5, i32 %arg0_rowArr_1_1_6, i32 %arg0_rowArr_2_1_5, i32 %arg0_rowArr_1_2_5" [/home/x_thileeb/repos/ops-hls-pact25-artifact/codegen_apps/jacobian3d/vck5000_project/hls/device/include/PE_jac3D_kernel_stencil.hpp:411]   --->   Operation 517 'call' 'arg1_result_5' <Predicate = (!icmp_ln194 & !icmp_ln394_5)> <Delay = 2.04> <CoreType = "Generic">   --->   Core 0 '' <Latency = 0> <II = 1> <Delay = 1.00> <Generic> <Opcode : >
ST_19 : Operation 518 [2/11] (2.04ns)   --->   "%arg1_result_6 = call i32 @kernel_jac3D_kernel_stencil_core, i32 %arg0_rowArr_1_0_6, i32 %arg0_rowArr_0_1_6, i32 %arg0_rowArr_1_1_5, i32 %arg0_rowArr_1_1_6, i32 %arg0_rowArr_1_1_7, i32 %arg0_rowArr_2_1_6, i32 %arg0_rowArr_1_2_6" [/home/x_thileeb/repos/ops-hls-pact25-artifact/codegen_apps/jacobian3d/vck5000_project/hls/device/include/PE_jac3D_kernel_stencil.hpp:411]   --->   Operation 518 'call' 'arg1_result_6' <Predicate = (!icmp_ln194 & !icmp_ln394_6)> <Delay = 2.04> <CoreType = "Generic">   --->   Core 0 '' <Latency = 0> <II = 1> <Delay = 1.00> <Generic> <Opcode : >
ST_19 : Operation 519 [2/11] (2.04ns)   --->   "%arg1_result_7 = call i32 @kernel_jac3D_kernel_stencil_core, i32 %arg0_rowArr_1_0_7, i32 %arg0_rowArr_0_1_7, i32 %arg0_rowArr_1_1_6, i32 %arg0_rowArr_1_1_7, i32 %arg0_rowArr_1_1_9, i32 %arg0_rowArr_2_1_7, i32 %arg0_rowArr_1_2_7" [/home/x_thileeb/repos/ops-hls-pact25-artifact/codegen_apps/jacobian3d/vck5000_project/hls/device/include/PE_jac3D_kernel_stencil.hpp:411]   --->   Operation 519 'call' 'arg1_result_7' <Predicate = (!icmp_ln194 & !icmp_ln394_7)> <Delay = 2.04> <CoreType = "Generic">   --->   Core 0 '' <Latency = 0> <II = 1> <Delay = 1.00> <Generic> <Opcode : >
ST_19 : Operation 555 [1/1] (0.00ns)   --->   "%ret_ln0 = ret"   --->   Operation 555 'ret' 'ret_ln0' <Predicate = (icmp_ln194)> <Delay = 0.00>

State 20 <SV = 19> <Delay = 1.97>
ST_20 : Operation 520 [1/11] (0.28ns)   --->   "%arg1_result = call i32 @kernel_jac3D_kernel_stencil_core, i32 %arg0_rowArr_1_0, i32 %arg0_rowArr_0_1, i32 %arg0_rowArr_1_1_8, i32 %arg0_rowArr_1_1, i32 %arg0_rowArr_1_1_1, i32 %arg0_rowArr_2_1, i32 %arg0_rowArr_1_2" [/home/x_thileeb/repos/ops-hls-pact25-artifact/codegen_apps/jacobian3d/vck5000_project/hls/device/include/PE_jac3D_kernel_stencil.hpp:411]   --->   Operation 520 'call' 'arg1_result' <Predicate = (!icmp_ln194 & !icmp_ln394)> <Delay = 0.28> <CoreType = "Generic">   --->   Core 0 '' <Latency = 0> <II = 1> <Delay = 1.00> <Generic> <Opcode : >
ST_20 : Operation 521 [1/1] (0.46ns)   --->   "%br_ln424 = br i1 %neg_cond, void %for.inc452, void %if.else436" [/home/x_thileeb/repos/ops-hls-pact25-artifact/codegen_apps/jacobian3d/vck5000_project/hls/device/include/PE_jac3D_kernel_stencil.hpp:424]   --->   Operation 521 'br' 'br_ln424' <Predicate = (!icmp_ln194 & !icmp_ln394)> <Delay = 0.46>
ST_20 : Operation 522 [1/1] (0.00ns)   --->   "%arg1_tmpConvWrite4_0_in = phi i32 %arg0_rowArr_1_1, void %if.else436, i32 %arg1_result, void %lor.lhs.false"   --->   Operation 522 'phi' 'arg1_tmpConvWrite4_0_in' <Predicate = true> <Delay = 0.00>
ST_20 : Operation 523 [1/1] (0.00ns)   --->   "%arg1_tmpConvWrite = bitcast i32 %arg1_tmpConvWrite4_0_in" [/home/x_thileeb/repos/ops-hls-pact25-artifact/codegen_apps/jacobian3d/vck5000_project/hls/device/include/PE_jac3D_kernel_stencil.hpp:422]   --->   Operation 523 'bitcast' 'arg1_tmpConvWrite' <Predicate = true> <Delay = 0.00>
ST_20 : Operation 524 [1/11] (0.28ns)   --->   "%arg1_result_1 = call i32 @kernel_jac3D_kernel_stencil_core, i32 %arg0_rowArr_1_0_1, i32 %arg0_rowArr_0_1_1, i32 %arg0_rowArr_1_1, i32 %arg0_rowArr_1_1_1, i32 %arg0_rowArr_1_1_2, i32 %arg0_rowArr_2_1_1, i32 %arg0_rowArr_1_2_1" [/home/x_thileeb/repos/ops-hls-pact25-artifact/codegen_apps/jacobian3d/vck5000_project/hls/device/include/PE_jac3D_kernel_stencil.hpp:411]   --->   Operation 524 'call' 'arg1_result_1' <Predicate = (!icmp_ln194 & !icmp_ln394_1)> <Delay = 0.28> <CoreType = "Generic">   --->   Core 0 '' <Latency = 0> <II = 1> <Delay = 1.00> <Generic> <Opcode : >
ST_20 : Operation 525 [1/1] (0.46ns)   --->   "%br_ln424 = br i1 %neg_cond_1, void %for.inc452.1, void %if.else436.1" [/home/x_thileeb/repos/ops-hls-pact25-artifact/codegen_apps/jacobian3d/vck5000_project/hls/device/include/PE_jac3D_kernel_stencil.hpp:424]   --->   Operation 525 'br' 'br_ln424' <Predicate = (!icmp_ln194 & !icmp_ln394_1)> <Delay = 0.46>
ST_20 : Operation 526 [1/1] (0.00ns)   --->   "%arg1_tmpConvWrite4_1_in = phi i32 %arg0_rowArr_1_1_1, void %if.else436.1, i32 %arg1_result_1, void %lor.lhs.false.1"   --->   Operation 526 'phi' 'arg1_tmpConvWrite4_1_in' <Predicate = true> <Delay = 0.00>
ST_20 : Operation 527 [1/1] (0.00ns)   --->   "%arg1_tmpConvWrite_4 = bitcast i32 %arg1_tmpConvWrite4_1_in" [/home/x_thileeb/repos/ops-hls-pact25-artifact/codegen_apps/jacobian3d/vck5000_project/hls/device/include/PE_jac3D_kernel_stencil.hpp:422]   --->   Operation 527 'bitcast' 'arg1_tmpConvWrite_4' <Predicate = true> <Delay = 0.00>
ST_20 : Operation 528 [1/11] (0.28ns)   --->   "%arg1_result_2 = call i32 @kernel_jac3D_kernel_stencil_core, i32 %arg0_rowArr_1_0_2, i32 %arg0_rowArr_0_1_2, i32 %arg0_rowArr_1_1_1, i32 %arg0_rowArr_1_1_2, i32 %arg0_rowArr_1_1_3, i32 %arg0_rowArr_2_1_2, i32 %arg0_rowArr_1_2_2" [/home/x_thileeb/repos/ops-hls-pact25-artifact/codegen_apps/jacobian3d/vck5000_project/hls/device/include/PE_jac3D_kernel_stencil.hpp:411]   --->   Operation 528 'call' 'arg1_result_2' <Predicate = (!icmp_ln194 & !icmp_ln394_2)> <Delay = 0.28> <CoreType = "Generic">   --->   Core 0 '' <Latency = 0> <II = 1> <Delay = 1.00> <Generic> <Opcode : >
ST_20 : Operation 529 [1/1] (0.46ns)   --->   "%br_ln424 = br i1 %neg_cond_2, void %for.inc452.2, void %if.else436.2" [/home/x_thileeb/repos/ops-hls-pact25-artifact/codegen_apps/jacobian3d/vck5000_project/hls/device/include/PE_jac3D_kernel_stencil.hpp:424]   --->   Operation 529 'br' 'br_ln424' <Predicate = (!icmp_ln194 & !icmp_ln394_2)> <Delay = 0.46>
ST_20 : Operation 530 [1/1] (0.00ns)   --->   "%arg1_tmpConvWrite4_2_in = phi i32 %arg0_rowArr_1_1_2, void %if.else436.2, i32 %arg1_result_2, void %lor.lhs.false.2"   --->   Operation 530 'phi' 'arg1_tmpConvWrite4_2_in' <Predicate = true> <Delay = 0.00>
ST_20 : Operation 531 [1/1] (0.00ns)   --->   "%arg1_tmpConvWrite_5 = bitcast i32 %arg1_tmpConvWrite4_2_in" [/home/x_thileeb/repos/ops-hls-pact25-artifact/codegen_apps/jacobian3d/vck5000_project/hls/device/include/PE_jac3D_kernel_stencil.hpp:422]   --->   Operation 531 'bitcast' 'arg1_tmpConvWrite_5' <Predicate = true> <Delay = 0.00>
ST_20 : Operation 532 [1/11] (0.28ns)   --->   "%arg1_result_3 = call i32 @kernel_jac3D_kernel_stencil_core, i32 %arg0_rowArr_1_0_3, i32 %arg0_rowArr_0_1_3, i32 %arg0_rowArr_1_1_2, i32 %arg0_rowArr_1_1_3, i32 %arg0_rowArr_1_1_4, i32 %arg0_rowArr_2_1_3, i32 %arg0_rowArr_1_2_3" [/home/x_thileeb/repos/ops-hls-pact25-artifact/codegen_apps/jacobian3d/vck5000_project/hls/device/include/PE_jac3D_kernel_stencil.hpp:411]   --->   Operation 532 'call' 'arg1_result_3' <Predicate = (!icmp_ln194 & !icmp_ln394_3)> <Delay = 0.28> <CoreType = "Generic">   --->   Core 0 '' <Latency = 0> <II = 1> <Delay = 1.00> <Generic> <Opcode : >
ST_20 : Operation 533 [1/1] (0.46ns)   --->   "%br_ln424 = br i1 %neg_cond_3, void %for.inc452.3, void %if.else436.3" [/home/x_thileeb/repos/ops-hls-pact25-artifact/codegen_apps/jacobian3d/vck5000_project/hls/device/include/PE_jac3D_kernel_stencil.hpp:424]   --->   Operation 533 'br' 'br_ln424' <Predicate = (!icmp_ln194 & !icmp_ln394_3)> <Delay = 0.46>
ST_20 : Operation 534 [1/1] (0.00ns)   --->   "%arg1_tmpConvWrite4_3_in = phi i32 %arg0_rowArr_1_1_3, void %if.else436.3, i32 %arg1_result_3, void %lor.lhs.false.3"   --->   Operation 534 'phi' 'arg1_tmpConvWrite4_3_in' <Predicate = true> <Delay = 0.00>
ST_20 : Operation 535 [1/1] (0.00ns)   --->   "%arg1_tmpConvWrite_6 = bitcast i32 %arg1_tmpConvWrite4_3_in" [/home/x_thileeb/repos/ops-hls-pact25-artifact/codegen_apps/jacobian3d/vck5000_project/hls/device/include/PE_jac3D_kernel_stencil.hpp:422]   --->   Operation 535 'bitcast' 'arg1_tmpConvWrite_6' <Predicate = true> <Delay = 0.00>
ST_20 : Operation 536 [1/11] (0.28ns)   --->   "%arg1_result_4 = call i32 @kernel_jac3D_kernel_stencil_core, i32 %arg0_rowArr_1_0_4, i32 %arg0_rowArr_0_1_4, i32 %arg0_rowArr_1_1_3, i32 %arg0_rowArr_1_1_4, i32 %arg0_rowArr_1_1_5, i32 %arg0_rowArr_2_1_4, i32 %arg0_rowArr_1_2_4" [/home/x_thileeb/repos/ops-hls-pact25-artifact/codegen_apps/jacobian3d/vck5000_project/hls/device/include/PE_jac3D_kernel_stencil.hpp:411]   --->   Operation 536 'call' 'arg1_result_4' <Predicate = (!icmp_ln194 & !icmp_ln394_4)> <Delay = 0.28> <CoreType = "Generic">   --->   Core 0 '' <Latency = 0> <II = 1> <Delay = 1.00> <Generic> <Opcode : >
ST_20 : Operation 537 [1/1] (0.46ns)   --->   "%br_ln424 = br i1 %neg_cond_4, void %for.inc452.4, void %if.else436.4" [/home/x_thileeb/repos/ops-hls-pact25-artifact/codegen_apps/jacobian3d/vck5000_project/hls/device/include/PE_jac3D_kernel_stencil.hpp:424]   --->   Operation 537 'br' 'br_ln424' <Predicate = (!icmp_ln194 & !icmp_ln394_4)> <Delay = 0.46>
ST_20 : Operation 538 [1/1] (0.00ns)   --->   "%arg1_tmpConvWrite4_4_in = phi i32 %arg0_rowArr_1_1_4, void %if.else436.4, i32 %arg1_result_4, void %lor.lhs.false.4"   --->   Operation 538 'phi' 'arg1_tmpConvWrite4_4_in' <Predicate = (!icmp_ln194)> <Delay = 0.00>
ST_20 : Operation 539 [1/1] (0.00ns)   --->   "%arg1_tmpConvWrite_8 = bitcast i32 %arg1_tmpConvWrite4_4_in" [/home/x_thileeb/repos/ops-hls-pact25-artifact/codegen_apps/jacobian3d/vck5000_project/hls/device/include/PE_jac3D_kernel_stencil.hpp:422]   --->   Operation 539 'bitcast' 'arg1_tmpConvWrite_8' <Predicate = (!icmp_ln194)> <Delay = 0.00>
ST_20 : Operation 540 [1/11] (0.28ns)   --->   "%arg1_result_5 = call i32 @kernel_jac3D_kernel_stencil_core, i32 %arg0_rowArr_1_0_5, i32 %arg0_rowArr_0_1_5, i32 %arg0_rowArr_1_1_4, i32 %arg0_rowArr_1_1_5, i32 %arg0_rowArr_1_1_6, i32 %arg0_rowArr_2_1_5, i32 %arg0_rowArr_1_2_5" [/home/x_thileeb/repos/ops-hls-pact25-artifact/codegen_apps/jacobian3d/vck5000_project/hls/device/include/PE_jac3D_kernel_stencil.hpp:411]   --->   Operation 540 'call' 'arg1_result_5' <Predicate = (!icmp_ln194 & !icmp_ln394_5)> <Delay = 0.28> <CoreType = "Generic">   --->   Core 0 '' <Latency = 0> <II = 1> <Delay = 1.00> <Generic> <Opcode : >
ST_20 : Operation 541 [1/1] (0.00ns)   --->   "%arg1_tmpConvWrite_9 = bitcast i32 %arg1_result_5" [/home/x_thileeb/repos/ops-hls-pact25-artifact/codegen_apps/jacobian3d/vck5000_project/hls/device/include/PE_jac3D_kernel_stencil.hpp:426]   --->   Operation 541 'bitcast' 'arg1_tmpConvWrite_9' <Predicate = (!icmp_ln194 & !icmp_ln394_5 & !neg_cond_5)> <Delay = 0.00>
ST_20 : Operation 542 [1/1] (0.46ns)   --->   "%br_ln427 = br void %for.inc452.5" [/home/x_thileeb/repos/ops-hls-pact25-artifact/codegen_apps/jacobian3d/vck5000_project/hls/device/include/PE_jac3D_kernel_stencil.hpp:427]   --->   Operation 542 'br' 'br_ln427' <Predicate = (!icmp_ln194 & !icmp_ln394_5 & !neg_cond_5)> <Delay = 0.46>
ST_20 : Operation 543 [1/1] (0.00ns)   --->   "%arg1_tmpConvWrite_7 = phi i32 %arg1_tmpConvWrite_9, void %if.then434.5, i32 %arg1_tmpConvWrite_14, void %for.inc452.4, i32 %arg1_tmpConvWrite_14, void %lor.lhs.false.5"   --->   Operation 543 'phi' 'arg1_tmpConvWrite_7' <Predicate = (!icmp_ln194)> <Delay = 0.00>
ST_20 : Operation 544 [1/11] (0.28ns)   --->   "%arg1_result_6 = call i32 @kernel_jac3D_kernel_stencil_core, i32 %arg0_rowArr_1_0_6, i32 %arg0_rowArr_0_1_6, i32 %arg0_rowArr_1_1_5, i32 %arg0_rowArr_1_1_6, i32 %arg0_rowArr_1_1_7, i32 %arg0_rowArr_2_1_6, i32 %arg0_rowArr_1_2_6" [/home/x_thileeb/repos/ops-hls-pact25-artifact/codegen_apps/jacobian3d/vck5000_project/hls/device/include/PE_jac3D_kernel_stencil.hpp:411]   --->   Operation 544 'call' 'arg1_result_6' <Predicate = (!icmp_ln194 & !icmp_ln394_6)> <Delay = 0.28> <CoreType = "Generic">   --->   Core 0 '' <Latency = 0> <II = 1> <Delay = 1.00> <Generic> <Opcode : >
ST_20 : Operation 545 [1/1] (0.00ns)   --->   "%arg1_tmpConvWrite_11 = bitcast i32 %arg1_result_6" [/home/x_thileeb/repos/ops-hls-pact25-artifact/codegen_apps/jacobian3d/vck5000_project/hls/device/include/PE_jac3D_kernel_stencil.hpp:426]   --->   Operation 545 'bitcast' 'arg1_tmpConvWrite_11' <Predicate = (!icmp_ln194 & !icmp_ln394_6 & !neg_cond_6)> <Delay = 0.00>
ST_20 : Operation 546 [1/1] (0.46ns)   --->   "%br_ln427 = br void %for.inc452.6" [/home/x_thileeb/repos/ops-hls-pact25-artifact/codegen_apps/jacobian3d/vck5000_project/hls/device/include/PE_jac3D_kernel_stencil.hpp:427]   --->   Operation 546 'br' 'br_ln427' <Predicate = (!icmp_ln194 & !icmp_ln394_6 & !neg_cond_6)> <Delay = 0.46>
ST_20 : Operation 547 [1/1] (0.00ns)   --->   "%arg1_tmpConvWrite_10 = phi i32 %arg1_tmpConvWrite_11, void %if.then434.6, i32 %arg1_tmpConvWrite_15, void %for.inc452.5, i32 %arg1_tmpConvWrite_15, void %lor.lhs.false.6"   --->   Operation 547 'phi' 'arg1_tmpConvWrite_10' <Predicate = (!icmp_ln194)> <Delay = 0.00>
ST_20 : Operation 548 [1/11] (0.28ns)   --->   "%arg1_result_7 = call i32 @kernel_jac3D_kernel_stencil_core, i32 %arg0_rowArr_1_0_7, i32 %arg0_rowArr_0_1_7, i32 %arg0_rowArr_1_1_6, i32 %arg0_rowArr_1_1_7, i32 %arg0_rowArr_1_1_9, i32 %arg0_rowArr_2_1_7, i32 %arg0_rowArr_1_2_7" [/home/x_thileeb/repos/ops-hls-pact25-artifact/codegen_apps/jacobian3d/vck5000_project/hls/device/include/PE_jac3D_kernel_stencil.hpp:411]   --->   Operation 548 'call' 'arg1_result_7' <Predicate = (!icmp_ln194 & !icmp_ln394_7)> <Delay = 0.28> <CoreType = "Generic">   --->   Core 0 '' <Latency = 0> <II = 1> <Delay = 1.00> <Generic> <Opcode : >
ST_20 : Operation 549 [1/1] (0.00ns)   --->   "%arg1_tmpConvWrite_12 = bitcast i32 %arg1_result_7" [/home/x_thileeb/repos/ops-hls-pact25-artifact/codegen_apps/jacobian3d/vck5000_project/hls/device/include/PE_jac3D_kernel_stencil.hpp:426]   --->   Operation 549 'bitcast' 'arg1_tmpConvWrite_12' <Predicate = (!icmp_ln194 & !icmp_ln394_7 & !neg_cond_7)> <Delay = 0.00>
ST_20 : Operation 550 [1/1] (0.46ns)   --->   "%br_ln427 = br void %for.inc452.7" [/home/x_thileeb/repos/ops-hls-pact25-artifact/codegen_apps/jacobian3d/vck5000_project/hls/device/include/PE_jac3D_kernel_stencil.hpp:427]   --->   Operation 550 'br' 'br_ln427' <Predicate = (!icmp_ln194 & !icmp_ln394_7 & !neg_cond_7)> <Delay = 0.46>
ST_20 : Operation 551 [1/1] (0.00ns)   --->   "%arg1_tmpConvWrite_13 = phi i32 %arg1_tmpConvWrite_12, void %if.then434.7, i32 %arg1_tmpConvWrite_16, void %for.inc452.6, i32 %arg1_tmpConvWrite_16, void %lor.lhs.false.7"   --->   Operation 551 'phi' 'arg1_tmpConvWrite_13' <Predicate = true> <Delay = 0.00>
ST_20 : Operation 552 [1/1] (0.00ns)   --->   "%arg1_update_val_V = bitconcatenate i256 @_ssdm_op_BitConcatenate.i256.i32.i32.i32.i32.i32.i32.i32.i32, i32 %arg1_tmpConvWrite_13, i32 %arg1_tmpConvWrite_10, i32 %arg1_tmpConvWrite_7, i32 %arg1_tmpConvWrite_8, i32 %arg1_tmpConvWrite_6, i32 %arg1_tmpConvWrite_5, i32 %arg1_tmpConvWrite_4, i32 %arg1_tmpConvWrite"   --->   Operation 552 'bitconcatenate' 'arg1_update_val_V' <Predicate = true> <Delay = 0.00>
ST_20 : Operation 553 [1/1] (1.21ns)   --->   "%write_ln174 = write void @_ssdm_op_Write.ap_fifo.volatile.i256P0A, i256 %arg0_arg1_streams_14, i256 %arg1_update_val_V" [/tools/Xilinx/Vitis_HLS/2022.1/common/technology/autopilot/hls_stream_39.h:174]   --->   Operation 553 'write' 'write_ln174' <Predicate = (!tmp)> <Delay = 1.21> <CoreInst = "FIFO">   --->   Core 82 'FIFO' <Latency = 0> <II = 1> <Delay = 1.38> <Storage> <Opcode : 'read' 'write' 'nbread' 'nbwrite'> <Ports = 0> <Width = 256> <Depth = 10> <FIFO>
ST_20 : Operation 554 [1/1] (0.00ns)   --->   "%br_ln460 = br void %for.inc459" [/home/x_thileeb/repos/ops-hls-pact25-artifact/codegen_apps/jacobian3d/vck5000_project/hls/device/include/PE_jac3D_kernel_stencil.hpp:460]   --->   Operation 554 'br' 'br_ln460' <Predicate = (!tmp)> <Delay = 0.00>


============================================================
+ Verbose Summary: Binding
============================================================
STG Binding: 
---------------- STG Properties BEGIN ----------------
- Is combinational: 0
- Is one-state seq: 0
- Is datapath-only: 0
- Is pipelined: 0
- Is top level: 0
Port [ Return ] is wired: 1; IO mode=ap_ctrl_hs:ce=0
Port [ p_read]:  wired=1; compound=0; hidden=0; nouse=0; global=0; static=0; extern=0; dir=0; type=0; pingpong=0; private_global=0; IO mode=ap_none:ce=0
Port [ iter_limit]:  wired=1; compound=0; hidden=0; nouse=0; global=0; static=0; extern=0; dir=0; type=0; pingpong=0; private_global=0; IO mode=ap_none:ce=0
Port [ arg0_arg1_streams_14]:  wired=1; compound=1; hidden=0; nouse=0; global=0; static=0; extern=0; dir=1; type=3; pingpong=0; private_global=0; IO mode=ap_fifo:ce=0
Port [ p_read3_cast]:  wired=1; compound=0; hidden=0; nouse=0; global=0; static=0; extern=0; dir=0; type=0; pingpong=0; private_global=0; IO mode=ap_none:ce=0
Port [ p_read6_cast]:  wired=1; compound=0; hidden=0; nouse=0; global=0; static=0; extern=0; dir=0; type=0; pingpong=0; private_global=0; IO mode=ap_none:ce=0
Port [ zext_ln194]:  wired=1; compound=0; hidden=0; nouse=0; global=0; static=0; extern=0; dir=0; type=0; pingpong=0; private_global=0; IO mode=ap_none:ce=0
Port [ arg0_buf_p0_1_V]:  wired=1; compound=1; hidden=0; nouse=0; global=0; static=0; extern=0; dir=2; type=1; pingpong=0; private_global=0; MemPort=[10]; IO mode=ap_memory:ce=0
Port [ arg0_buf_r0_1_p1_V]:  wired=1; compound=1; hidden=0; nouse=0; global=0; static=0; extern=0; dir=2; type=1; pingpong=0; private_global=0; MemPort=[10]; IO mode=ap_memory:ce=0
Port [ arg0_buf_r1_2_p1_V]:  wired=1; compound=1; hidden=0; nouse=0; global=0; static=0; extern=0; dir=2; type=1; pingpong=0; private_global=0; MemPort=[10]; IO mode=ap_memory:ce=0
Port [ arg0_buf_p1_2_V]:  wired=1; compound=1; hidden=0; nouse=0; global=0; static=0; extern=0; dir=2; type=1; pingpong=0; private_global=0; MemPort=[10]; IO mode=ap_memory:ce=0
Port [ plane_diff]:  wired=1; compound=0; hidden=0; nouse=0; global=0; static=0; extern=0; dir=0; type=0; pingpong=0; private_global=0; IO mode=ap_none:ce=0
Port [ add_ln190]:  wired=1; compound=0; hidden=0; nouse=0; global=0; static=0; extern=0; dir=0; type=0; pingpong=0; private_global=0; IO mode=ap_none:ce=0
Port [ p_read4_cast]:  wired=1; compound=0; hidden=0; nouse=0; global=0; static=0; extern=0; dir=0; type=0; pingpong=0; private_global=0; IO mode=ap_none:ce=0
Port [ p_read7_cast]:  wired=1; compound=0; hidden=0; nouse=0; global=0; static=0; extern=0; dir=0; type=0; pingpong=0; private_global=0; IO mode=ap_none:ce=0
Port [ p_read5_cast]:  wired=1; compound=0; hidden=0; nouse=0; global=0; static=0; extern=0; dir=0; type=0; pingpong=0; private_global=0; IO mode=ap_none:ce=0
Port [ cond_x_val]:  wired=1; compound=0; hidden=0; nouse=0; global=0; static=0; extern=0; dir=0; type=0; pingpong=0; private_global=0; IO mode=ap_none:ce=0
Port [ cond_y_val]:  wired=1; compound=0; hidden=0; nouse=0; global=0; static=0; extern=0; dir=0; type=0; pingpong=0; private_global=0; IO mode=ap_none:ce=0
Port [ cond_z_val]:  wired=1; compound=0; hidden=0; nouse=0; global=0; static=0; extern=0; dir=0; type=0; pingpong=0; private_global=0; IO mode=ap_none:ce=0
Port [ S3D_7PT_read_ub_itr]:  wired=1; compound=0; hidden=0; nouse=0; global=0; static=0; extern=0; dir=0; type=0; pingpong=0; private_global=0; IO mode=ap_none:ce=0
Port [ arg0_arg1_streams_1313]:  wired=1; compound=1; hidden=0; nouse=0; global=0; static=0; extern=0; dir=0; type=3; pingpong=0; private_global=0; IO mode=ap_fifo:ce=0
---------------- STG Properties END ------------------

---------------- Datapath Model BEGIN ----------------

<LifeTime>
<method=bitvector/>
reuse_addr_reg171                            (alloca        ) [ 011111111000000000000]
reuse_reg170                                 (alloca        ) [ 011111111000000000000]
reuse_addr_reg165                            (alloca        ) [ 011111100000000000000]
reuse_reg164                                 (alloca        ) [ 011111110000000000000]
reuse_addr_reg159                            (alloca        ) [ 011111000000000000000]
reuse_reg158                                 (alloca        ) [ 011111000000000000000]
reuse_addr_reg                               (alloca        ) [ 011100000000000000000]
reuse_reg                                    (alloca        ) [ 011110000000000000000]
S3D_7PT_buf_r1_2_p1_wr                       (alloca        ) [ 011110000000000000000]
S3D_7PT_buf_r1_2_p1_rd                       (alloca        ) [ 011111000000000000000]
S3D_7PT_buf_r0_1_p1_wr                       (alloca        ) [ 011111000000000000000]
S3D_7PT_buf_r0_1_p1_rd                       (alloca        ) [ 011111100000000000000]
S3D_7PT_buf_p0_1_wr                          (alloca        ) [ 011111110000000000000]
S3D_7PT_buf_p0_1_rd                          (alloca        ) [ 011111111000000000000]
S3D_7PT_buf_p1_2_rd                          (alloca        ) [ 011100000000000000000]
k                                            (alloca        ) [ 011111110000000000000]
j                                            (alloca        ) [ 011111100000000000000]
i                                            (alloca        ) [ 011111100000000000000]
S3D_7PT_buf_p1_2_wr                          (alloca        ) [ 011000000000000000000]
reg_itr                                      (alloca        ) [ 010000000000000000000]
p_Val2_s                                     (alloca        ) [ 011111100000000000000]
arg0_read_val_V                              (alloca        ) [ 011100000000000000000]
p_Val2_1                                     (alloca        ) [ 011111100000000000000]
S3D_7PT_read_ub_itr_read                     (read          ) [ 000000000000000000000]
cond_z_val_read                              (read          ) [ 011111110000000000000]
cond_y_val_read                              (read          ) [ 011111100000000000000]
cond_x_val_read                              (read          ) [ 011111100000000000000]
p_read_1                                     (read          ) [ 000000000000000000000]
p_read_2                                     (read          ) [ 000000000000000000000]
p_read_3                                     (read          ) [ 000000000000000000000]
add_ln190_read                               (read          ) [ 011111100000000000000]
plane_diff_read                              (read          ) [ 011111111000000000000]
zext_ln194_read                              (read          ) [ 000000000000000000000]
p_read_4                                     (read          ) [ 000000000000000000000]
p_read_5                                     (read          ) [ 000000000000000000000]
iter_limit_read                              (read          ) [ 000000000000000000000]
p_read11                                     (read          ) [ 000000000000000000000]
p_read5_cast_cast                            (zext          ) [ 011111110000000000000]
p_read7_cast_cast                            (zext          ) [ 011111100000000000000]
p_read4_cast_cast                            (zext          ) [ 011111100000000000000]
zext_ln194_cast                              (zext          ) [ 011111110000000000000]
p_read6_cast_cast                            (zext          ) [ 011111100000000000000]
p_read3_cast_cast                            (zext          ) [ 011111100000000000000]
specmemcore_ln0                              (specmemcore   ) [ 000000000000000000000]
specmemcore_ln0                              (specmemcore   ) [ 000000000000000000000]
specmemcore_ln0                              (specmemcore   ) [ 000000000000000000000]
specmemcore_ln0                              (specmemcore   ) [ 000000000000000000000]
specinterface_ln0                            (specinterface ) [ 000000000000000000000]
specinterface_ln0                            (specinterface ) [ 000000000000000000000]
store_ln0                                    (store         ) [ 000000000000000000000]
store_ln0                                    (store         ) [ 000000000000000000000]
store_ln0                                    (store         ) [ 000000000000000000000]
store_ln0                                    (store         ) [ 000000000000000000000]
store_ln0                                    (store         ) [ 000000000000000000000]
store_ln0                                    (store         ) [ 000000000000000000000]
store_ln0                                    (store         ) [ 000000000000000000000]
store_ln0                                    (store         ) [ 000000000000000000000]
store_ln0                                    (store         ) [ 000000000000000000000]
store_ln0                                    (store         ) [ 000000000000000000000]
store_ln0                                    (store         ) [ 000000000000000000000]
store_ln0                                    (store         ) [ 000000000000000000000]
store_ln0                                    (store         ) [ 000000000000000000000]
store_ln0                                    (store         ) [ 000000000000000000000]
store_ln0                                    (store         ) [ 000000000000000000000]
store_ln0                                    (store         ) [ 000000000000000000000]
store_ln0                                    (store         ) [ 000000000000000000000]
store_ln0                                    (store         ) [ 000000000000000000000]
store_ln0                                    (store         ) [ 000000000000000000000]
store_ln0                                    (store         ) [ 000000000000000000000]
store_ln0                                    (store         ) [ 000000000000000000000]
br_ln0                                       (br            ) [ 000000000000000000000]
itr_3                                        (load          ) [ 000000000000000000000]
itr                                          (add           ) [ 000000000000000000000]
icmp_ln194                                   (icmp          ) [ 011111111111111111111]
br_ln194                                     (br            ) [ 000000000000000000000]
S3D_7PT_read_cond                            (icmp          ) [ 011000000000000000000]
br_ln245                                     (br            ) [ 000000000000000000000]
store_ln194                                  (store         ) [ 000000000000000000000]
arg0_read_val_V_1                            (read          ) [ 000000000000000000000]
store_ln248                                  (store         ) [ 000000000000000000000]
br_ln248                                     (br            ) [ 000000000000000000000]
S3D_7PT_buf_p1_2_wr_load                     (load          ) [ 000000000000000000000]
zext_ln262                                   (zext          ) [ 010100000000000000000]
arg0_buf_p1_2_V_addr                         (getelementptr ) [ 010110000000000000000]
icmp_ln304                                   (icmp          ) [ 000000000000000000000]
cond_end_of_line_buff_S3D_7PT_buf_p1_2_wr    (xor           ) [ 000000000000000000000]
S3D_7PT_buf_p1_2_wr_1                        (add           ) [ 000000000000000000000]
S3D_7PT_buf_p1_2_wr_2                        (select        ) [ 000000000000000000000]
store_ln194                                  (store         ) [ 000000000000000000000]
S3D_7PT_buf_p1_2_rd_load                     (load          ) [ 000000000000000000000]
arg0_read_val_V_2                            (load          ) [ 010010000000000000000]
reuse_addr_reg_load                          (load          ) [ 000000000000000000000]
addr_cmp                                     (icmp          ) [ 010010000000000000000]
zext_ln265                                   (zext          ) [ 000000000000000000000]
arg0_buf_p1_2_V_addr_1                       (getelementptr ) [ 000000000000000000000]
store_ln265                                  (store         ) [ 000000000000000000000]
store_ln265                                  (store         ) [ 000000000000000000000]
icmp_ln303                                   (icmp          ) [ 000000000000000000000]
cond_end_of_line_buff_S3D_7PT_buf_p1_2_rd    (xor           ) [ 000000000000000000000]
S3D_7PT_buf_p1_2_rd_1                        (add           ) [ 000000000000000000000]
S3D_7PT_buf_p1_2_rd_2                        (select        ) [ 000000000000000000000]
arg0_tmpConverter_1_2                        (trunc         ) [ 010011111110000000000]
arg0_tmpConverter_1_2_1                      (partselect    ) [ 010011111110000000000]
arg0_tmpConverter_1_2_2                      (partselect    ) [ 010011111110000000000]
arg0_tmpConverter_1_2_3                      (partselect    ) [ 010011111110000000000]
arg0_tmpConverter_1_2_4                      (partselect    ) [ 010011111110000000000]
arg0_tmpConverter_1_2_5                      (partselect    ) [ 010011111110000000000]
arg0_tmpConverter_1_2_6                      (partselect    ) [ 010011111110000000000]
arg0_tmpConverter_1_2_7                      (partselect    ) [ 010011111110000000000]
store_ln194                                  (store         ) [ 000000000000000000000]
S3D_7PT_buf_r1_2_p1_wr_load                  (load          ) [ 000000000000000000000]
zext_ln260                                   (zext          ) [ 010001000000000000000]
arg0_buf_r1_2_p1_V_addr                      (getelementptr ) [ 010001100000000000000]
reuse_reg_load                               (load          ) [ 000000000000000000000]
arg0_buf_p1_2_V_load                         (load          ) [ 000000000000000000000]
t_3                                          (select        ) [ 010001000000000000000]
store_ln714                                  (store         ) [ 000000000000000000000]
zext_ln292                                   (zext          ) [ 000000000000000000000]
icmp_ln292                                   (icmp          ) [ 000000000000000000000]
cond_end_of_line_buff_S3D_7PT_buf_r1_2_p1_wr (xor           ) [ 000000000000000000000]
S3D_7PT_buf_r1_2_p1_wr_1                     (add           ) [ 000000000000000000000]
S3D_7PT_buf_r1_2_p1_wr_2                     (select        ) [ 000000000000000000000]
arg0_tmpConverter_2_1                        (trunc         ) [ 010001111110000000000]
arg0_tmpConverter_2_1_1                      (partselect    ) [ 010001111110000000000]
arg0_tmpConverter_2_1_2                      (partselect    ) [ 010001111110000000000]
arg0_tmpConverter_2_1_3                      (partselect    ) [ 010001111110000000000]
arg0_tmpConverter_2_1_4                      (partselect    ) [ 010001111110000000000]
arg0_tmpConverter_2_1_5                      (partselect    ) [ 010001111110000000000]
arg0_tmpConverter_2_1_6                      (partselect    ) [ 010001111110000000000]
arg0_tmpConverter_2_1_7                      (partselect    ) [ 010001111110000000000]
store_ln194                                  (store         ) [ 000000000000000000000]
S3D_7PT_buf_r1_2_p1_rd_load                  (load          ) [ 000000000000000000000]
S3D_7PT_buf_r0_1_p1_wr_load                  (load          ) [ 000000000000000000000]
zext_ln256                                   (zext          ) [ 010000100000000000000]
arg0_buf_r0_1_p1_V_addr                      (getelementptr ) [ 010000110000000000000]
reuse_reg158_load                            (load          ) [ 010000100000000000000]
reuse_addr_reg159_load                       (load          ) [ 000000000000000000000]
addr_cmp162                                  (icmp          ) [ 010000100000000000000]
zext_ln263                                   (zext          ) [ 000000000000000000000]
arg0_buf_r1_2_p1_V_addr_1                    (getelementptr ) [ 000000000000000000000]
store_ln263                                  (store         ) [ 000000000000000000000]
store_ln262                                  (store         ) [ 000000000000000000000]
store_ln263                                  (store         ) [ 000000000000000000000]
zext_ln280                                   (zext          ) [ 000000000000000000000]
icmp_ln280                                   (icmp          ) [ 000000000000000000000]
cond_end_of_line_buff_S3D_7PT_buf_r0_1_p1_wr (xor           ) [ 000000000000000000000]
S3D_7PT_buf_r0_1_p1_wr_1                     (add           ) [ 000000000000000000000]
S3D_7PT_buf_r0_1_p1_wr_2                     (select        ) [ 000000000000000000000]
zext_ln291                                   (zext          ) [ 000000000000000000000]
icmp_ln291                                   (icmp          ) [ 000000000000000000000]
cond_end_of_line_buff_S3D_7PT_buf_r1_2_p1_rd (xor           ) [ 000000000000000000000]
S3D_7PT_buf_r1_2_p1_rd_1                     (add           ) [ 000000000000000000000]
S3D_7PT_buf_r1_2_p1_rd_2                     (select        ) [ 000000000000000000000]
store_ln194                                  (store         ) [ 000000000000000000000]
store_ln194                                  (store         ) [ 000000000000000000000]
t_2                                          (load          ) [ 000000000000000000000]
j_load                                       (load          ) [ 000000000000000000000]
i_load                                       (load          ) [ 000000000000000000000]
cond_x_terminate                             (icmp          ) [ 000000000000000000000]
cond_y_terminate                             (icmp          ) [ 010000010000000000000]
i_1                                          (add           ) [ 000000000000000000000]
i_2                                          (select        ) [ 000000000000000000000]
xor_ln234                                    (xor           ) [ 010000010000000000000]
xor_ln234_1                                  (xor           ) [ 000000000000000000000]
or_ln234                                     (or            ) [ 010000010000000000000]
add_ln237                                    (add           ) [ 000000000000000000000]
j_1                                          (select        ) [ 000000000000000000000]
j_2                                          (select        ) [ 000000000000000000000]
S3D_7PT_buf_r0_1_p1_rd_load                  (load          ) [ 000000000000000000000]
p_Val2_load                                  (load          ) [ 010000010000000000000]
reuse_addr_reg165_load                       (load          ) [ 000000000000000000000]
addr_cmp168                                  (icmp          ) [ 010000010000000000000]
arg0_buf_r1_2_p1_V_load                      (load          ) [ 000000000000000000000]
t_4                                          (select        ) [ 000000000000000000000]
zext_ln261                                   (zext          ) [ 000000000000000000000]
arg0_buf_r0_1_p1_V_addr_1                    (getelementptr ) [ 000000000000000000000]
store_ln261                                  (store         ) [ 000000000000000000000]
store_ln261                                  (store         ) [ 000000000000000000000]
zext_ln279                                   (zext          ) [ 000000000000000000000]
icmp_ln279                                   (icmp          ) [ 000000000000000000000]
cond_end_of_line_buff_S3D_7PT_buf_r0_1_p1_rd (xor           ) [ 000000000000000000000]
S3D_7PT_buf_r0_1_p1_rd_1                     (add           ) [ 000000000000000000000]
S3D_7PT_buf_r0_1_p1_rd_2                     (select        ) [ 000000000000000000000]
arg0_tmpConverter_1_1                        (trunc         ) [ 000000000000000000000]
arg0_rowArr_1_1                              (bitcast       ) [ 010000011111111111111]
arg0_tmpConverter_1_1_1                      (partselect    ) [ 000000000000000000000]
arg0_rowArr_1_1_1                            (bitcast       ) [ 010000011111111111111]
arg0_tmpConverter_1_1_2                      (partselect    ) [ 010000011000000000000]
arg0_tmpConverter_1_1_3                      (partselect    ) [ 010000011000000000000]
arg0_tmpConverter_1_1_4                      (partselect    ) [ 000000000000000000000]
arg0_rowArr_1_1_4                            (bitcast       ) [ 010000011111111111111]
arg1_tmpConvWrite_14                         (partselect    ) [ 010000111111111111111]
arg1_tmpConvWrite_15                         (partselect    ) [ 010000111111111111111]
arg1_tmpConvWrite_16                         (partselect    ) [ 010000111111111111111]
arg0_tmpConverter_0_1_1_7                    (partselect    ) [ 010000011110000000000]
arg0_tmpConverter_2_1_1_0                    (trunc         ) [ 010000011110000000000]
index                                        (shl           ) [ 000000000000000000000]
j_2_cast                                     (sext          ) [ 000000000000000000000]
cmp387                                       (icmp          ) [ 010000011000000000000]
slt144                                       (icmp          ) [ 010000011000000000000]
sext_ln394                                   (sext          ) [ 000000000000000000000]
icmp_ln394                                   (icmp          ) [ 010000111111111111111]
br_ln395                                     (br            ) [ 000000000000000000000]
icmp_ln395                                   (icmp          ) [ 010000011000000000000]
index_1                                      (or            ) [ 000000000000000000000]
sext_ln394_1                                 (sext          ) [ 000000000000000000000]
icmp_ln394_1                                 (icmp          ) [ 010000111111111111111]
br_ln395                                     (br            ) [ 000000000000000000000]
icmp_ln395_1                                 (icmp          ) [ 010000011000000000000]
index_2                                      (or            ) [ 000000000000000000000]
sext_ln394_2                                 (sext          ) [ 000000000000000000000]
icmp_ln394_2                                 (icmp          ) [ 010000111111111111111]
br_ln395                                     (br            ) [ 000000000000000000000]
icmp_ln395_2                                 (icmp          ) [ 010000011000000000000]
index_3                                      (or            ) [ 000000000000000000000]
sext_ln394_3                                 (sext          ) [ 000000000000000000000]
icmp_ln394_3                                 (icmp          ) [ 010000111111111111111]
br_ln395                                     (br            ) [ 000000000000000000000]
icmp_ln395_3                                 (icmp          ) [ 010000011000000000000]
index_4                                      (or            ) [ 000000000000000000000]
sext_ln394_4                                 (sext          ) [ 000000000000000000000]
icmp_ln394_4                                 (icmp          ) [ 010000111111111111111]
br_ln395                                     (br            ) [ 000000000000000000000]
icmp_ln395_4                                 (icmp          ) [ 010000011000000000000]
index_5                                      (or            ) [ 000000000000000000000]
sext_ln394_5                                 (sext          ) [ 000000000000000000000]
icmp_ln394_5                                 (icmp          ) [ 010000111111111111111]
br_ln395                                     (br            ) [ 010000111111111111111]
icmp_ln395_5                                 (icmp          ) [ 010000011000000000000]
index_6                                      (or            ) [ 000000000000000000000]
sext_ln394_6                                 (sext          ) [ 000000000000000000000]
icmp_ln394_6                                 (icmp          ) [ 010000111111111111111]
br_ln395                                     (br            ) [ 010000111111111111111]
icmp_ln395_6                                 (icmp          ) [ 010000011000000000000]
index_7                                      (or            ) [ 000000000000000000000]
sext_ln394_7                                 (sext          ) [ 000000000000000000000]
icmp_ln394_7                                 (icmp          ) [ 010000111111111111111]
br_ln395                                     (br            ) [ 010000111111111111111]
icmp_ln395_7                                 (icmp          ) [ 010000011000000000000]
store_ln194                                  (store         ) [ 000000000000000000000]
store_ln194                                  (store         ) [ 000000000000000000000]
store_ln194                                  (store         ) [ 000000000000000000000]
store_ln194                                  (store         ) [ 000000000000000000000]
store_ln194                                  (store         ) [ 000000000000000000000]
k_load                                       (load          ) [ 000000000000000000000]
specpipeline_ln196                           (specpipeline  ) [ 000000000000000000000]
specloopname_ln161                           (specloopname  ) [ 000000000000000000000]
icmp_ln238                                   (icmp          ) [ 000000000000000000000]
or_ln238                                     (or            ) [ 000000000000000000000]
xor_ln238                                    (xor           ) [ 000000000000000000000]
or_ln238_1                                   (or            ) [ 000000000000000000000]
select_ln238                                 (select        ) [ 000000000000000000000]
add_ln241                                    (add           ) [ 000000000000000000000]
select_ln240                                 (select        ) [ 000000000000000000000]
k_1                                          (select        ) [ 000000000000000000000]
S3D_7PT_buf_p0_1_wr_load                     (load          ) [ 000000000000000000000]
zext_ln255                                   (zext          ) [ 010000001000000000000]
arg0_buf_p0_1_V_addr                         (getelementptr ) [ 010000001100000000000]
reuse_reg164_load                            (load          ) [ 000000000000000000000]
arg0_buf_r0_1_p1_V_load                      (load          ) [ 000000000000000000000]
t_1                                          (select        ) [ 010000001000000000000]
store_ln714                                  (store         ) [ 000000000000000000000]
icmp_ln268                                   (icmp          ) [ 000000000000000000000]
cond_end_of_line_buff_S3D_7PT_buf_p0_1_wr    (xor           ) [ 000000000000000000000]
S3D_7PT_buf_p0_1_wr_1                        (add           ) [ 000000000000000000000]
S3D_7PT_buf_p0_1_wr_2                        (select        ) [ 000000000000000000000]
arg0_tmpConverter_0_1                        (trunc         ) [ 010000001110000000000]
arg0_tmpConverter_0_1_1                      (partselect    ) [ 010000001110000000000]
arg0_tmpConverter_0_1_2                      (partselect    ) [ 010000001110000000000]
arg0_tmpConverter_0_1_3                      (partselect    ) [ 010000001110000000000]
arg0_tmpConverter_0_1_4                      (partselect    ) [ 010000001110000000000]
arg0_tmpConverter_0_1_5                      (partselect    ) [ 010000001110000000000]
arg0_tmpConverter_0_1_6                      (partselect    ) [ 010000001110000000000]
arg0_tmpConverter_0_1_7                      (partselect    ) [ 010000001110000000000]
k_1_cast                                     (sext          ) [ 000000000000000000000]
cmp399                                       (icmp          ) [ 010000001000000000000]
icmp_ln399                                   (icmp          ) [ 010000001000000000000]
icmp_ln399_1                                 (icmp          ) [ 010000001000000000000]
icmp_ln399_2                                 (icmp          ) [ 010000001000000000000]
icmp_ln399_3                                 (icmp          ) [ 010000001000000000000]
icmp_ln399_4                                 (icmp          ) [ 010000001000000000000]
icmp_ln399_5                                 (icmp          ) [ 010000001000000000000]
icmp_ln399_6                                 (icmp          ) [ 010000001000000000000]
icmp_ln399_7                                 (icmp          ) [ 010000001000000000000]
tmp                                          (bitselect     ) [ 010000001111111111111]
br_ln445                                     (br            ) [ 000000000000000000000]
store_ln194                                  (store         ) [ 000000000000000000000]
store_ln194                                  (store         ) [ 000000000000000000000]
S3D_7PT_buf_p0_1_rd_load                     (load          ) [ 000000000000000000000]
reuse_reg170_load                            (load          ) [ 010000000100000000000]
reuse_addr_reg171_load                       (load          ) [ 000000000000000000000]
addr_cmp174                                  (icmp          ) [ 010000000100000000000]
zext_ln257                                   (zext          ) [ 000000000000000000000]
arg0_buf_p0_1_V_addr_1                       (getelementptr ) [ 000000000000000000000]
store_ln257                                  (store         ) [ 000000000000000000000]
store_ln256                                  (store         ) [ 000000000000000000000]
store_ln257                                  (store         ) [ 000000000000000000000]
icmp_ln267                                   (icmp          ) [ 000000000000000000000]
cond_end_of_line_buff_S3D_7PT_buf_p0_1_rd    (xor           ) [ 000000000000000000000]
S3D_7PT_buf_p0_1_rd_1                        (add           ) [ 000000000000000000000]
S3D_7PT_buf_p0_1_rd_2                        (select        ) [ 000000000000000000000]
arg0_rowArr_1_1_2                            (bitcast       ) [ 010000001111111111111]
arg0_rowArr_1_1_3                            (bitcast       ) [ 010000001111111111111]
rev145                                       (xor           ) [ 000000000000000000000]
xor_ln395                                    (xor           ) [ 000000000000000000000]
xor_ln399                                    (xor           ) [ 000000000000000000000]
or_ln396                                     (or            ) [ 000000000000000000000]
or_ln396_1                                   (or            ) [ 000000000000000000000]
or_ln396_2                                   (or            ) [ 000000000000000000000]
neg_cond                                     (or            ) [ 010000001111111111111]
br_ln0                                       (br            ) [ 010000001111111111111]
xor_ln395_1                                  (xor           ) [ 000000000000000000000]
xor_ln399_1                                  (xor           ) [ 000000000000000000000]
or_ln396_4                                   (or            ) [ 000000000000000000000]
or_ln396_5                                   (or            ) [ 000000000000000000000]
or_ln396_6                                   (or            ) [ 000000000000000000000]
neg_cond_1                                   (or            ) [ 010000001111111111111]
br_ln0                                       (br            ) [ 010000001111111111111]
xor_ln395_2                                  (xor           ) [ 000000000000000000000]
xor_ln399_2                                  (xor           ) [ 000000000000000000000]
or_ln396_8                                   (or            ) [ 000000000000000000000]
or_ln396_9                                   (or            ) [ 000000000000000000000]
or_ln396_10                                  (or            ) [ 000000000000000000000]
neg_cond_2                                   (or            ) [ 010000001111111111111]
br_ln0                                       (br            ) [ 010000001111111111111]
xor_ln395_3                                  (xor           ) [ 000000000000000000000]
xor_ln399_3                                  (xor           ) [ 000000000000000000000]
or_ln396_12                                  (or            ) [ 000000000000000000000]
or_ln396_13                                  (or            ) [ 000000000000000000000]
or_ln396_14                                  (or            ) [ 000000000000000000000]
neg_cond_3                                   (or            ) [ 010000001111111111111]
br_ln0                                       (br            ) [ 010000001111111111111]
xor_ln395_4                                  (xor           ) [ 000000000000000000000]
xor_ln399_4                                  (xor           ) [ 000000000000000000000]
or_ln396_16                                  (or            ) [ 000000000000000000000]
or_ln396_17                                  (or            ) [ 000000000000000000000]
or_ln396_18                                  (or            ) [ 000000000000000000000]
neg_cond_4                                   (or            ) [ 010000001111111111111]
br_ln0                                       (br            ) [ 010000001111111111111]
xor_ln395_5                                  (xor           ) [ 000000000000000000000]
xor_ln399_5                                  (xor           ) [ 000000000000000000000]
or_ln396_20                                  (or            ) [ 000000000000000000000]
or_ln396_21                                  (or            ) [ 000000000000000000000]
or_ln396_22                                  (or            ) [ 000000000000000000000]
neg_cond_5                                   (or            ) [ 010000001111111111111]
br_ln424                                     (br            ) [ 010000101111111111111]
xor_ln395_6                                  (xor           ) [ 000000000000000000000]
xor_ln399_6                                  (xor           ) [ 000000000000000000000]
or_ln396_24                                  (or            ) [ 000000000000000000000]
or_ln396_25                                  (or            ) [ 000000000000000000000]
or_ln396_26                                  (or            ) [ 000000000000000000000]
neg_cond_6                                   (or            ) [ 010000001111111111111]
br_ln424                                     (br            ) [ 010000101111111111111]
xor_ln395_7                                  (xor           ) [ 000000000000000000000]
xor_ln399_7                                  (xor           ) [ 000000000000000000000]
or_ln396_28                                  (or            ) [ 000000000000000000000]
or_ln396_29                                  (or            ) [ 000000000000000000000]
or_ln396_30                                  (or            ) [ 000000000000000000000]
neg_cond_7                                   (or            ) [ 010000001111111111111]
br_ln424                                     (br            ) [ 010000101111111111111]
store_ln194                                  (store         ) [ 000000000000000000000]
br_ln194                                     (br            ) [ 000000000000000000000]
arg0_buf_p0_1_V_load                         (load          ) [ 000000000000000000000]
t                                            (select        ) [ 000000000000000000000]
arg0_tmpConverter_1_0                        (trunc         ) [ 000000000000000000000]
arg0_rowArr_1_0                              (bitcast       ) [ 010000000011111111111]
arg0_tmpConverter_1_0_1                      (partselect    ) [ 010000000010000000000]
arg0_tmpConverter_1_0_2                      (partselect    ) [ 010000000010000000000]
arg0_tmpConverter_1_0_3                      (partselect    ) [ 010000000010000000000]
arg0_tmpConverter_1_0_4                      (partselect    ) [ 010000000010000000000]
arg0_tmpConverter_1_0_5                      (partselect    ) [ 010000000010000000000]
arg0_tmpConverter_1_0_6                      (partselect    ) [ 010000000010000000000]
arg0_tmpConverter_1_0_7                      (partselect    ) [ 010000000010000000000]
arg0_rowArr_0_1                              (bitcast       ) [ 010000000001111111111]
arg0_rowArr_2_1                              (bitcast       ) [ 010000000001111111111]
arg0_rowArr_1_2                              (bitcast       ) [ 010000000001111111111]
arg0_rowArr_1_0_1                            (bitcast       ) [ 010000000001111111111]
arg0_rowArr_0_1_1                            (bitcast       ) [ 010000000001111111111]
arg0_rowArr_2_1_1                            (bitcast       ) [ 010000000001111111111]
arg0_rowArr_1_2_1                            (bitcast       ) [ 010000000001111111111]
arg0_rowArr_1_0_2                            (bitcast       ) [ 010000000001111111111]
arg0_rowArr_0_1_2                            (bitcast       ) [ 010000000001111111111]
arg0_rowArr_2_1_2                            (bitcast       ) [ 010000000001111111111]
arg0_rowArr_1_2_2                            (bitcast       ) [ 010000000001111111111]
arg0_rowArr_1_0_3                            (bitcast       ) [ 010000000001111111111]
arg0_rowArr_0_1_3                            (bitcast       ) [ 010000000001111111111]
arg0_rowArr_2_1_3                            (bitcast       ) [ 010000000001111111111]
arg0_rowArr_1_2_3                            (bitcast       ) [ 010000000001111111111]
arg0_rowArr_1_0_4                            (bitcast       ) [ 010000000001111111111]
arg0_rowArr_0_1_4                            (bitcast       ) [ 010000000001111111111]
arg0_rowArr_2_1_4                            (bitcast       ) [ 010000000001111111111]
arg0_rowArr_1_2_4                            (bitcast       ) [ 010000000001111111111]
arg0_rowArr_1_0_5                            (bitcast       ) [ 010000000001111111111]
arg0_rowArr_0_1_5                            (bitcast       ) [ 010000000001111111111]
arg0_rowArr_1_1_5                            (bitcast       ) [ 010000000001111111111]
arg0_rowArr_2_1_5                            (bitcast       ) [ 010000000001111111111]
arg0_rowArr_1_2_5                            (bitcast       ) [ 010000000001111111111]
arg0_rowArr_1_0_6                            (bitcast       ) [ 010000000001111111111]
arg0_rowArr_0_1_6                            (bitcast       ) [ 010000000001111111111]
arg0_rowArr_1_1_6                            (bitcast       ) [ 010000000001111111111]
arg0_rowArr_2_1_6                            (bitcast       ) [ 010000000001111111111]
arg0_rowArr_1_2_6                            (bitcast       ) [ 010000000001111111111]
arg0_rowArr_1_0_7                            (bitcast       ) [ 010000000001111111111]
arg0_rowArr_0_1_7                            (bitcast       ) [ 010000000001111111111]
arg0_rowArr_1_1_7                            (bitcast       ) [ 010000000001111111111]
arg0_rowArr_2_1_7                            (bitcast       ) [ 010000000001111111111]
arg0_rowArr_1_2_7                            (bitcast       ) [ 010000000001111111111]
arg0_rowArr_1_1_8                            (bitcast       ) [ 010000000001111111111]
arg0_rowArr_1_1_9                            (bitcast       ) [ 010000000001111111111]
arg1_result                                  (call          ) [ 000000000000000000000]
br_ln424                                     (br            ) [ 000000000000000000000]
arg1_tmpConvWrite4_0_in                      (phi           ) [ 010000000111111111111]
arg1_tmpConvWrite                            (bitcast       ) [ 000000000000000000000]
arg1_result_1                                (call          ) [ 000000000000000000000]
br_ln424                                     (br            ) [ 000000000000000000000]
arg1_tmpConvWrite4_1_in                      (phi           ) [ 010000000111111111111]
arg1_tmpConvWrite_4                          (bitcast       ) [ 000000000000000000000]
arg1_result_2                                (call          ) [ 000000000000000000000]
br_ln424                                     (br            ) [ 000000000000000000000]
arg1_tmpConvWrite4_2_in                      (phi           ) [ 010000000111111111111]
arg1_tmpConvWrite_5                          (bitcast       ) [ 000000000000000000000]
arg1_result_3                                (call          ) [ 000000000000000000000]
br_ln424                                     (br            ) [ 000000000000000000000]
arg1_tmpConvWrite4_3_in                      (phi           ) [ 010000000111111111111]
arg1_tmpConvWrite_6                          (bitcast       ) [ 000000000000000000000]
arg1_result_4                                (call          ) [ 000000000000000000000]
br_ln424                                     (br            ) [ 000000000000000000000]
arg1_tmpConvWrite4_4_in                      (phi           ) [ 010000000111111111111]
arg1_tmpConvWrite_8                          (bitcast       ) [ 000000000000000000000]
arg1_result_5                                (call          ) [ 000000000000000000000]
arg1_tmpConvWrite_9                          (bitcast       ) [ 000000000000000000000]
br_ln427                                     (br            ) [ 000000000000000000000]
arg1_tmpConvWrite_7                          (phi           ) [ 010000000111111111111]
arg1_result_6                                (call          ) [ 000000000000000000000]
arg1_tmpConvWrite_11                         (bitcast       ) [ 000000000000000000000]
br_ln427                                     (br            ) [ 000000000000000000000]
arg1_tmpConvWrite_10                         (phi           ) [ 010000000111111111111]
arg1_result_7                                (call          ) [ 000000000000000000000]
arg1_tmpConvWrite_12                         (bitcast       ) [ 000000000000000000000]
br_ln427                                     (br            ) [ 000000000000000000000]
arg1_tmpConvWrite_13                         (phi           ) [ 010000000111111111111]
arg1_update_val_V                            (bitconcatenate) [ 000000000000000000000]
write_ln174                                  (write         ) [ 000000000000000000000]
br_ln460                                     (br            ) [ 000000000000000000000]
ret_ln0                                      (ret           ) [ 000000000000000000000]
</LifeTime>

<model>

<comp_list>
<comp id="0" class="1000" name="p_read">
<pin_list>
<pin id="1" dir="1" index="0" bw="1" slack="0"/>
</pin_list>
<bind>
<StgValue><ssdm name="p_read"/></StgValue>
</bind>
</comp>

<comp id="2" class="1000" name="iter_limit">
<pin_list>
<pin id="3" dir="1" index="0" bw="1" slack="0"/>
</pin_list>
<bind>
<StgValue><ssdm name="iter_limit"/></StgValue>
</bind>
</comp>

<comp id="4" class="1000" name="arg0_arg1_streams_14">
<pin_list>
<pin id="5" dir="1" index="0" bw="1" slack="0"/>
</pin_list>
<bind>
<StgValue><ssdm name="arg0_arg1_streams_14"/></StgValue>
</bind>
</comp>

<comp id="6" class="1000" name="p_read3_cast">
<pin_list>
<pin id="7" dir="1" index="0" bw="1" slack="0"/>
</pin_list>
<bind>
<StgValue><ssdm name="p_read3_cast"/></StgValue>
</bind>
</comp>

<comp id="8" class="1000" name="p_read6_cast">
<pin_list>
<pin id="9" dir="1" index="0" bw="1" slack="0"/>
</pin_list>
<bind>
<StgValue><ssdm name="p_read6_cast"/></StgValue>
</bind>
</comp>

<comp id="10" class="1000" name="zext_ln194">
<pin_list>
<pin id="11" dir="1" index="0" bw="1" slack="0"/>
</pin_list>
<bind>
<StgValue><ssdm name="zext_ln194"/></StgValue>
</bind>
</comp>

<comp id="12" class="1000" name="arg0_buf_p0_1_V">
<pin_list>
<pin id="13" dir="1" index="0" bw="1" slack="0"/>
</pin_list>
<bind>
<StgValue><ssdm name="arg0_buf_p0_1_V"/><MemPortTyVec>1 0 </MemPortTyVec>
</StgValue>
</bind>
</comp>

<comp id="14" class="1000" name="arg0_buf_r0_1_p1_V">
<pin_list>
<pin id="15" dir="1" index="0" bw="1" slack="0"/>
</pin_list>
<bind>
<StgValue><ssdm name="arg0_buf_r0_1_p1_V"/><MemPortTyVec>1 0 </MemPortTyVec>
</StgValue>
</bind>
</comp>

<comp id="16" class="1000" name="arg0_buf_r1_2_p1_V">
<pin_list>
<pin id="17" dir="1" index="0" bw="1" slack="0"/>
</pin_list>
<bind>
<StgValue><ssdm name="arg0_buf_r1_2_p1_V"/><MemPortTyVec>1 0 </MemPortTyVec>
</StgValue>
</bind>
</comp>

<comp id="18" class="1000" name="arg0_buf_p1_2_V">
<pin_list>
<pin id="19" dir="1" index="0" bw="1" slack="0"/>
</pin_list>
<bind>
<StgValue><ssdm name="arg0_buf_p1_2_V"/><MemPortTyVec>1 0 </MemPortTyVec>
</StgValue>
</bind>
</comp>

<comp id="20" class="1000" name="plane_diff">
<pin_list>
<pin id="21" dir="1" index="0" bw="1" slack="0"/>
</pin_list>
<bind>
<StgValue><ssdm name="plane_diff"/></StgValue>
</bind>
</comp>

<comp id="22" class="1000" name="add_ln190">
<pin_list>
<pin id="23" dir="1" index="0" bw="1" slack="0"/>
</pin_list>
<bind>
<StgValue><ssdm name="add_ln190"/></StgValue>
</bind>
</comp>

<comp id="24" class="1000" name="p_read4_cast">
<pin_list>
<pin id="25" dir="1" index="0" bw="1" slack="0"/>
</pin_list>
<bind>
<StgValue><ssdm name="p_read4_cast"/></StgValue>
</bind>
</comp>

<comp id="26" class="1000" name="p_read7_cast">
<pin_list>
<pin id="27" dir="1" index="0" bw="1" slack="0"/>
</pin_list>
<bind>
<StgValue><ssdm name="p_read7_cast"/></StgValue>
</bind>
</comp>

<comp id="28" class="1000" name="p_read5_cast">
<pin_list>
<pin id="29" dir="1" index="0" bw="1" slack="0"/>
</pin_list>
<bind>
<StgValue><ssdm name="p_read5_cast"/></StgValue>
</bind>
</comp>

<comp id="30" class="1000" name="cond_x_val">
<pin_list>
<pin id="31" dir="1" index="0" bw="1" slack="0"/>
</pin_list>
<bind>
<StgValue><ssdm name="cond_x_val"/></StgValue>
</bind>
</comp>

<comp id="32" class="1000" name="cond_y_val">
<pin_list>
<pin id="33" dir="1" index="0" bw="1" slack="0"/>
</pin_list>
<bind>
<StgValue><ssdm name="cond_y_val"/></StgValue>
</bind>
</comp>

<comp id="34" class="1000" name="cond_z_val">
<pin_list>
<pin id="35" dir="1" index="0" bw="1" slack="0"/>
</pin_list>
<bind>
<StgValue><ssdm name="cond_z_val"/></StgValue>
</bind>
</comp>

<comp id="36" class="1000" name="S3D_7PT_read_ub_itr">
<pin_list>
<pin id="37" dir="1" index="0" bw="1" slack="0"/>
</pin_list>
<bind>
<StgValue><ssdm name="S3D_7PT_read_ub_itr"/></StgValue>
</bind>
</comp>

<comp id="38" class="1000" name="arg0_arg1_streams_1313">
<pin_list>
<pin id="39" dir="1" index="0" bw="1" slack="0"/>
</pin_list>
<bind>
<StgValue><ssdm name="arg0_arg1_streams_1313"/></StgValue>
</bind>
</comp>

<comp id="40" class="1001" name="const_40">
<pin_list>
<pin id="41" dir="1" index="0" bw="1" slack="0"/>
</pin_list>
<bind>
<StgValue><ssdm name=""/></StgValue>
</bind>
</comp>

<comp id="42" class="1001" name="const_42">
<pin_list>
<pin id="43" dir="1" index="0" bw="1" slack="0"/>
</pin_list>
<bind>
<StgValue><ssdm name="_ssdm_op_Read.ap_auto.i32"/></StgValue>
</bind>
</comp>

<comp id="44" class="1001" name="const_44">
<pin_list>
<pin id="45" dir="1" index="0" bw="1" slack="0"/>
</pin_list>
<bind>
<StgValue><ssdm name="_ssdm_op_Read.ap_auto.i16"/></StgValue>
</bind>
</comp>

<comp id="46" class="1001" name="const_46">
<pin_list>
<pin id="47" dir="1" index="0" bw="1" slack="0"/>
</pin_list>
<bind>
<StgValue><ssdm name="_ssdm_op_Read.ap_auto.i17"/></StgValue>
</bind>
</comp>

<comp id="48" class="1001" name="const_48">
<pin_list>
<pin id="49" dir="1" index="0" bw="1" slack="2147483647"/>
</pin_list>
<bind>
<StgValue><ssdm name="_ssdm_op_SpecMemCore"/></StgValue>
</bind>
</comp>

<comp id="50" class="1001" name="const_50">
<pin_list>
<pin id="51" dir="1" index="0" bw="1" slack="2147483647"/>
</pin_list>
<bind>
<StgValue><ssdm name=""/></StgValue>
</bind>
</comp>

<comp id="52" class="1001" name="const_52">
<pin_list>
<pin id="53" dir="1" index="0" bw="1" slack="2147483647"/>
</pin_list>
<bind>
<StgValue><ssdm name=""/></StgValue>
</bind>
</comp>

<comp id="54" class="1001" name="const_54">
<pin_list>
<pin id="55" dir="1" index="0" bw="1" slack="2147483647"/>
</pin_list>
<bind>
<StgValue><ssdm name=""/></StgValue>
</bind>
</comp>

<comp id="56" class="1001" name="const_56">
<pin_list>
<pin id="57" dir="1" index="0" bw="1" slack="2147483647"/>
</pin_list>
<bind>
<StgValue><ssdm name=""/></StgValue>
</bind>
</comp>

<comp id="58" class="1001" name="const_58">
<pin_list>
<pin id="59" dir="1" index="0" bw="1" slack="2147483647"/>
</pin_list>
<bind>
<StgValue><ssdm name="_ssdm_op_SpecInterface"/></StgValue>
</bind>
</comp>

<comp id="60" class="1001" name="const_60">
<pin_list>
<pin id="61" dir="1" index="0" bw="1" slack="2147483647"/>
</pin_list>
<bind>
<StgValue><ssdm name="empty_2"/></StgValue>
</bind>
</comp>

<comp id="62" class="1001" name="const_62">
<pin_list>
<pin id="63" dir="1" index="0" bw="1" slack="0"/>
</pin_list>
<bind>
<StgValue><ssdm name=""/></StgValue>
</bind>
</comp>

<comp id="64" class="1001" name="const_64">
<pin_list>
<pin id="65" dir="1" index="0" bw="1" slack="2147483647"/>
</pin_list>
<bind>
<StgValue><ssdm name="empty_18"/></StgValue>
</bind>
</comp>

<comp id="66" class="1001" name="const_66">
<pin_list>
<pin id="67" dir="1" index="0" bw="1" slack="2147483647"/>
</pin_list>
<bind>
<StgValue><ssdm name=""/></StgValue>
</bind>
</comp>

<comp id="68" class="1001" name="const_68">
<pin_list>
<pin id="69" dir="1" index="0" bw="1" slack="0"/>
</pin_list>
<bind>
<StgValue><ssdm name=""/></StgValue>
</bind>
</comp>

<comp id="70" class="1001" name="const_70">
<pin_list>
<pin id="71" dir="1" index="0" bw="1" slack="0"/>
</pin_list>
<bind>
<StgValue><ssdm name=""/></StgValue>
</bind>
</comp>

<comp id="72" class="1001" name="const_72">
<pin_list>
<pin id="73" dir="1" index="0" bw="1" slack="0"/>
</pin_list>
<bind>
<StgValue><ssdm name=""/></StgValue>
</bind>
</comp>

<comp id="74" class="1001" name="const_74">
<pin_list>
<pin id="75" dir="1" index="0" bw="1" slack="0"/>
</pin_list>
<bind>
<StgValue><ssdm name=""/></StgValue>
</bind>
</comp>

<comp id="76" class="1001" name="const_76">
<pin_list>
<pin id="77" dir="1" index="0" bw="1" slack="0"/>
</pin_list>
<bind>
<StgValue><ssdm name=""/></StgValue>
</bind>
</comp>

<comp id="78" class="1001" name="const_78">
<pin_list>
<pin id="79" dir="1" index="0" bw="1" slack="0"/>
</pin_list>
<bind>
<StgValue><ssdm name="_ssdm_op_Read.ap_fifo.volatile.i256P0A"/></StgValue>
</bind>
</comp>

<comp id="80" class="1001" name="const_80">
<pin_list>
<pin id="81" dir="1" index="0" bw="1" slack="0"/>
</pin_list>
<bind>
<StgValue><ssdm name=""/></StgValue>
</bind>
</comp>

<comp id="82" class="1001" name="const_82">
<pin_list>
<pin id="83" dir="1" index="0" bw="1" slack="0"/>
</pin_list>
<bind>
<StgValue><ssdm name=""/></StgValue>
</bind>
</comp>

<comp id="84" class="1001" name="const_84">
<pin_list>
<pin id="85" dir="1" index="0" bw="1" slack="0"/>
</pin_list>
<bind>
<StgValue><ssdm name="_ssdm_op_PartSelect.i32.i256.i32.i32"/></StgValue>
</bind>
</comp>

<comp id="86" class="1001" name="const_86">
<pin_list>
<pin id="87" dir="1" index="0" bw="1" slack="0"/>
</pin_list>
<bind>
<StgValue><ssdm name=""/></StgValue>
</bind>
</comp>

<comp id="88" class="1001" name="const_88">
<pin_list>
<pin id="89" dir="1" index="0" bw="1" slack="0"/>
</pin_list>
<bind>
<StgValue><ssdm name=""/></StgValue>
</bind>
</comp>

<comp id="90" class="1001" name="const_90">
<pin_list>
<pin id="91" dir="1" index="0" bw="1" slack="0"/>
</pin_list>
<bind>
<StgValue><ssdm name=""/></StgValue>
</bind>
</comp>

<comp id="92" class="1001" name="const_92">
<pin_list>
<pin id="93" dir="1" index="0" bw="1" slack="0"/>
</pin_list>
<bind>
<StgValue><ssdm name=""/></StgValue>
</bind>
</comp>

<comp id="94" class="1001" name="const_94">
<pin_list>
<pin id="95" dir="1" index="0" bw="1" slack="0"/>
</pin_list>
<bind>
<StgValue><ssdm name=""/></StgValue>
</bind>
</comp>

<comp id="96" class="1001" name="const_96">
<pin_list>
<pin id="97" dir="1" index="0" bw="1" slack="0"/>
</pin_list>
<bind>
<StgValue><ssdm name=""/></StgValue>
</bind>
</comp>

<comp id="98" class="1001" name="const_98">
<pin_list>
<pin id="99" dir="1" index="0" bw="1" slack="0"/>
</pin_list>
<bind>
<StgValue><ssdm name=""/></StgValue>
</bind>
</comp>

<comp id="100" class="1001" name="const_100">
<pin_list>
<pin id="101" dir="1" index="0" bw="1" slack="0"/>
</pin_list>
<bind>
<StgValue><ssdm name=""/></StgValue>
</bind>
</comp>

<comp id="102" class="1001" name="const_102">
<pin_list>
<pin id="103" dir="1" index="0" bw="1" slack="0"/>
</pin_list>
<bind>
<StgValue><ssdm name=""/></StgValue>
</bind>
</comp>

<comp id="104" class="1001" name="const_104">
<pin_list>
<pin id="105" dir="1" index="0" bw="1" slack="0"/>
</pin_list>
<bind>
<StgValue><ssdm name=""/></StgValue>
</bind>
</comp>

<comp id="106" class="1001" name="const_106">
<pin_list>
<pin id="107" dir="1" index="0" bw="1" slack="0"/>
</pin_list>
<bind>
<StgValue><ssdm name=""/></StgValue>
</bind>
</comp>

<comp id="108" class="1001" name="const_108">
<pin_list>
<pin id="109" dir="1" index="0" bw="1" slack="0"/>
</pin_list>
<bind>
<StgValue><ssdm name=""/></StgValue>
</bind>
</comp>

<comp id="110" class="1001" name="const_110">
<pin_list>
<pin id="111" dir="1" index="0" bw="1" slack="0"/>
</pin_list>
<bind>
<StgValue><ssdm name=""/></StgValue>
</bind>
</comp>

<comp id="112" class="1001" name="const_112">
<pin_list>
<pin id="113" dir="1" index="0" bw="1" slack="0"/>
</pin_list>
<bind>
<StgValue><ssdm name=""/></StgValue>
</bind>
</comp>

<comp id="114" class="1001" name="const_114">
<pin_list>
<pin id="115" dir="1" index="0" bw="1" slack="0"/>
</pin_list>
<bind>
<StgValue><ssdm name=""/></StgValue>
</bind>
</comp>

<comp id="116" class="1001" name="const_116">
<pin_list>
<pin id="117" dir="1" index="0" bw="1" slack="0"/>
</pin_list>
<bind>
<StgValue><ssdm name=""/></StgValue>
</bind>
</comp>

<comp id="118" class="1001" name="const_118">
<pin_list>
<pin id="119" dir="1" index="0" bw="1" slack="0"/>
</pin_list>
<bind>
<StgValue><ssdm name=""/></StgValue>
</bind>
</comp>

<comp id="120" class="1001" name="const_120">
<pin_list>
<pin id="121" dir="1" index="0" bw="1" slack="0"/>
</pin_list>
<bind>
<StgValue><ssdm name=""/></StgValue>
</bind>
</comp>

<comp id="122" class="1001" name="const_122">
<pin_list>
<pin id="123" dir="1" index="0" bw="1" slack="0"/>
</pin_list>
<bind>
<StgValue><ssdm name=""/></StgValue>
</bind>
</comp>

<comp id="124" class="1001" name="const_124">
<pin_list>
<pin id="125" dir="1" index="0" bw="1" slack="0"/>
</pin_list>
<bind>
<StgValue><ssdm name=""/></StgValue>
</bind>
</comp>

<comp id="126" class="1001" name="const_126">
<pin_list>
<pin id="127" dir="1" index="0" bw="1" slack="2147483647"/>
</pin_list>
<bind>
<StgValue><ssdm name="_ssdm_op_SpecPipeline"/></StgValue>
</bind>
</comp>

<comp id="128" class="1001" name="const_128">
<pin_list>
<pin id="129" dir="1" index="0" bw="1" slack="2147483647"/>
</pin_list>
<bind>
<StgValue><ssdm name="_ssdm_op_SpecLoopName"/></StgValue>
</bind>
</comp>

<comp id="130" class="1001" name="const_130">
<pin_list>
<pin id="131" dir="1" index="0" bw="1" slack="2147483647"/>
</pin_list>
<bind>
<StgValue><ssdm name="empty_9"/></StgValue>
</bind>
</comp>

<comp id="132" class="1001" name="const_132">
<pin_list>
<pin id="133" dir="1" index="0" bw="1" slack="0"/>
</pin_list>
<bind>
<StgValue><ssdm name="_ssdm_op_BitSelect.i1.i16.i32"/></StgValue>
</bind>
</comp>

<comp id="134" class="1001" name="const_134">
<pin_list>
<pin id="135" dir="1" index="0" bw="1" slack="0"/>
</pin_list>
<bind>
<StgValue><ssdm name=""/></StgValue>
</bind>
</comp>

<comp id="136" class="1001" name="const_136">
<pin_list>
<pin id="137" dir="1" index="0" bw="1" slack="0"/>
</pin_list>
<bind>
<StgValue><ssdm name="kernel_jac3D_kernel_stencil_core"/></StgValue>
</bind>
</comp>

<comp id="138" class="1001" name="const_138">
<pin_list>
<pin id="139" dir="1" index="0" bw="1" slack="0"/>
</pin_list>
<bind>
<StgValue><ssdm name="_ssdm_op_BitConcatenate.i256.i32.i32.i32.i32.i32.i32.i32.i32"/></StgValue>
</bind>
</comp>

<comp id="140" class="1001" name="const_140">
<pin_list>
<pin id="141" dir="1" index="0" bw="1" slack="0"/>
</pin_list>
<bind>
<StgValue><ssdm name="_ssdm_op_Write.ap_fifo.volatile.i256P0A"/></StgValue>
</bind>
</comp>

<comp id="142" class="1004" name="reuse_addr_reg171_fu_142">
<pin_list>
<pin id="143" dir="0" index="0" bw="1" slack="0"/>
<pin id="144" dir="1" index="1" bw="64" slack="0"/>
</pin_list>
<bind>
<opcode="alloca(26) " fcode="alloca"/>
<opset="reuse_addr_reg171/1 "/>
</bind>
</comp>

<comp id="146" class="1004" name="reuse_reg170_fu_146">
<pin_list>
<pin id="147" dir="0" index="0" bw="1" slack="0"/>
<pin id="148" dir="1" index="1" bw="256" slack="0"/>
</pin_list>
<bind>
<opcode="alloca(26) " fcode="alloca"/>
<opset="reuse_reg170/1 "/>
</bind>
</comp>

<comp id="150" class="1004" name="reuse_addr_reg165_fu_150">
<pin_list>
<pin id="151" dir="0" index="0" bw="1" slack="0"/>
<pin id="152" dir="1" index="1" bw="64" slack="0"/>
</pin_list>
<bind>
<opcode="alloca(26) " fcode="alloca"/>
<opset="reuse_addr_reg165/1 "/>
</bind>
</comp>

<comp id="154" class="1004" name="reuse_reg164_fu_154">
<pin_list>
<pin id="155" dir="0" index="0" bw="1" slack="0"/>
<pin id="156" dir="1" index="1" bw="256" slack="0"/>
</pin_list>
<bind>
<opcode="alloca(26) " fcode="alloca"/>
<opset="reuse_reg164/1 "/>
</bind>
</comp>

<comp id="158" class="1004" name="reuse_addr_reg159_fu_158">
<pin_list>
<pin id="159" dir="0" index="0" bw="1" slack="0"/>
<pin id="160" dir="1" index="1" bw="64" slack="0"/>
</pin_list>
<bind>
<opcode="alloca(26) " fcode="alloca"/>
<opset="reuse_addr_reg159/1 "/>
</bind>
</comp>

<comp id="162" class="1004" name="reuse_reg158_fu_162">
<pin_list>
<pin id="163" dir="0" index="0" bw="1" slack="0"/>
<pin id="164" dir="1" index="1" bw="256" slack="0"/>
</pin_list>
<bind>
<opcode="alloca(26) " fcode="alloca"/>
<opset="reuse_reg158/1 "/>
</bind>
</comp>

<comp id="166" class="1004" name="reuse_addr_reg_fu_166">
<pin_list>
<pin id="167" dir="0" index="0" bw="1" slack="0"/>
<pin id="168" dir="1" index="1" bw="64" slack="0"/>
</pin_list>
<bind>
<opcode="alloca(26) " fcode="alloca"/>
<opset="reuse_addr_reg/1 "/>
</bind>
</comp>

<comp id="170" class="1004" name="reuse_reg_fu_170">
<pin_list>
<pin id="171" dir="0" index="0" bw="1" slack="0"/>
<pin id="172" dir="1" index="1" bw="256" slack="0"/>
</pin_list>
<bind>
<opcode="alloca(26) " fcode="alloca"/>
<opset="reuse_reg/1 "/>
</bind>
</comp>

<comp id="174" class="1004" name="S3D_7PT_buf_r1_2_p1_wr_fu_174">
<pin_list>
<pin id="175" dir="0" index="0" bw="1" slack="0"/>
<pin id="176" dir="1" index="1" bw="16" slack="0"/>
</pin_list>
<bind>
<opcode="alloca(26) " fcode="alloca"/>
<opset="S3D_7PT_buf_r1_2_p1_wr/1 "/>
</bind>
</comp>

<comp id="178" class="1004" name="S3D_7PT_buf_r1_2_p1_rd_fu_178">
<pin_list>
<pin id="179" dir="0" index="0" bw="1" slack="0"/>
<pin id="180" dir="1" index="1" bw="16" slack="0"/>
</pin_list>
<bind>
<opcode="alloca(26) " fcode="alloca"/>
<opset="S3D_7PT_buf_r1_2_p1_rd/1 "/>
</bind>
</comp>

<comp id="182" class="1004" name="S3D_7PT_buf_r0_1_p1_wr_fu_182">
<pin_list>
<pin id="183" dir="0" index="0" bw="1" slack="0"/>
<pin id="184" dir="1" index="1" bw="16" slack="0"/>
</pin_list>
<bind>
<opcode="alloca(26) " fcode="alloca"/>
<opset="S3D_7PT_buf_r0_1_p1_wr/1 "/>
</bind>
</comp>

<comp id="186" class="1004" name="S3D_7PT_buf_r0_1_p1_rd_fu_186">
<pin_list>
<pin id="187" dir="0" index="0" bw="1" slack="0"/>
<pin id="188" dir="1" index="1" bw="16" slack="0"/>
</pin_list>
<bind>
<opcode="alloca(26) " fcode="alloca"/>
<opset="S3D_7PT_buf_r0_1_p1_rd/1 "/>
</bind>
</comp>

<comp id="190" class="1004" name="S3D_7PT_buf_p0_1_wr_fu_190">
<pin_list>
<pin id="191" dir="0" index="0" bw="1" slack="0"/>
<pin id="192" dir="1" index="1" bw="16" slack="0"/>
</pin_list>
<bind>
<opcode="alloca(26) " fcode="alloca"/>
<opset="S3D_7PT_buf_p0_1_wr/1 "/>
</bind>
</comp>

<comp id="194" class="1004" name="S3D_7PT_buf_p0_1_rd_fu_194">
<pin_list>
<pin id="195" dir="0" index="0" bw="1" slack="0"/>
<pin id="196" dir="1" index="1" bw="16" slack="0"/>
</pin_list>
<bind>
<opcode="alloca(26) " fcode="alloca"/>
<opset="S3D_7PT_buf_p0_1_rd/1 "/>
</bind>
</comp>

<comp id="198" class="1004" name="S3D_7PT_buf_p1_2_rd_fu_198">
<pin_list>
<pin id="199" dir="0" index="0" bw="1" slack="0"/>
<pin id="200" dir="1" index="1" bw="16" slack="0"/>
</pin_list>
<bind>
<opcode="alloca(26) " fcode="alloca"/>
<opset="S3D_7PT_buf_p1_2_rd/1 "/>
</bind>
</comp>

<comp id="202" class="1004" name="k_fu_202">
<pin_list>
<pin id="203" dir="0" index="0" bw="1" slack="0"/>
<pin id="204" dir="1" index="1" bw="16" slack="0"/>
</pin_list>
<bind>
<opcode="alloca(26) " fcode="alloca"/>
<opset="k/1 "/>
</bind>
</comp>

<comp id="206" class="1004" name="j_fu_206">
<pin_list>
<pin id="207" dir="0" index="0" bw="1" slack="0"/>
<pin id="208" dir="1" index="1" bw="16" slack="0"/>
</pin_list>
<bind>
<opcode="alloca(26) " fcode="alloca"/>
<opset="j/1 "/>
</bind>
</comp>

<comp id="210" class="1004" name="i_fu_210">
<pin_list>
<pin id="211" dir="0" index="0" bw="1" slack="0"/>
<pin id="212" dir="1" index="1" bw="16" slack="0"/>
</pin_list>
<bind>
<opcode="alloca(26) " fcode="alloca"/>
<opset="i/1 "/>
</bind>
</comp>

<comp id="214" class="1004" name="S3D_7PT_buf_p1_2_wr_fu_214">
<pin_list>
<pin id="215" dir="0" index="0" bw="1" slack="0"/>
<pin id="216" dir="1" index="1" bw="16" slack="0"/>
</pin_list>
<bind>
<opcode="alloca(26) " fcode="alloca"/>
<opset="S3D_7PT_buf_p1_2_wr/1 "/>
</bind>
</comp>

<comp id="218" class="1004" name="reg_itr_fu_218">
<pin_list>
<pin id="219" dir="0" index="0" bw="1" slack="0"/>
<pin id="220" dir="1" index="1" bw="32" slack="0"/>
</pin_list>
<bind>
<opcode="alloca(26) " fcode="alloca"/>
<opset="reg_itr/1 "/>
</bind>
</comp>

<comp id="222" class="1004" name="p_Val2_s_fu_222">
<pin_list>
<pin id="223" dir="0" index="0" bw="1" slack="0"/>
<pin id="224" dir="1" index="1" bw="256" slack="5"/>
</pin_list>
<bind>
<opcode="alloca(26) " fcode="alloca"/>
<opset="p_Val2_s/1 "/>
</bind>
</comp>

<comp id="226" class="1004" name="arg0_read_val_V_fu_226">
<pin_list>
<pin id="227" dir="0" index="0" bw="1" slack="0"/>
<pin id="228" dir="1" index="1" bw="256" slack="0"/>
</pin_list>
<bind>
<opcode="alloca(26) " fcode="alloca"/>
<opset="arg0_read_val_V/1 "/>
</bind>
</comp>

<comp id="230" class="1004" name="p_Val2_1_fu_230">
<pin_list>
<pin id="231" dir="0" index="0" bw="1" slack="0"/>
<pin id="232" dir="1" index="1" bw="256" slack="5"/>
</pin_list>
<bind>
<opcode="alloca(26) " fcode="alloca"/>
<opset="p_Val2_1/1 "/>
</bind>
</comp>

<comp id="234" class="1004" name="S3D_7PT_read_ub_itr_read_read_fu_234">
<pin_list>
<pin id="235" dir="0" index="0" bw="32" slack="0"/>
<pin id="236" dir="0" index="1" bw="32" slack="0"/>
<pin id="237" dir="1" index="2" bw="32" slack="0"/>
</pin_list>
<bind>
<opcode="read(1150) " fcode="read"/>
<opset="S3D_7PT_read_ub_itr_read/1 "/>
</bind>
</comp>

<comp id="240" class="1004" name="cond_z_val_read_read_fu_240">
<pin_list>
<pin id="241" dir="0" index="0" bw="16" slack="0"/>
<pin id="242" dir="0" index="1" bw="16" slack="0"/>
<pin id="243" dir="1" index="2" bw="16" slack="6"/>
</pin_list>
<bind>
<opcode="read(1150) " fcode="read"/>
<opset="cond_z_val_read/1 "/>
</bind>
</comp>

<comp id="246" class="1004" name="cond_y_val_read_read_fu_246">
<pin_list>
<pin id="247" dir="0" index="0" bw="16" slack="0"/>
<pin id="248" dir="0" index="1" bw="16" slack="0"/>
<pin id="249" dir="1" index="2" bw="16" slack="5"/>
</pin_list>
<bind>
<opcode="read(1150) " fcode="read"/>
<opset="cond_y_val_read/1 "/>
</bind>
</comp>

<comp id="252" class="1004" name="cond_x_val_read_read_fu_252">
<pin_list>
<pin id="253" dir="0" index="0" bw="16" slack="0"/>
<pin id="254" dir="0" index="1" bw="16" slack="0"/>
<pin id="255" dir="1" index="2" bw="16" slack="5"/>
</pin_list>
<bind>
<opcode="read(1150) " fcode="read"/>
<opset="cond_x_val_read/1 "/>
</bind>
</comp>

<comp id="258" class="1004" name="p_read_1_read_fu_258">
<pin_list>
<pin id="259" dir="0" index="0" bw="16" slack="0"/>
<pin id="260" dir="0" index="1" bw="16" slack="0"/>
<pin id="261" dir="1" index="2" bw="16" slack="0"/>
</pin_list>
<bind>
<opcode="read(1150) " fcode="read"/>
<opset="p_read_1/1 "/>
</bind>
</comp>

<comp id="264" class="1004" name="p_read_2_read_fu_264">
<pin_list>
<pin id="265" dir="0" index="0" bw="16" slack="0"/>
<pin id="266" dir="0" index="1" bw="16" slack="0"/>
<pin id="267" dir="1" index="2" bw="16" slack="0"/>
</pin_list>
<bind>
<opcode="read(1150) " fcode="read"/>
<opset="p_read_2/1 "/>
</bind>
</comp>

<comp id="270" class="1004" name="p_read_3_read_fu_270">
<pin_list>
<pin id="271" dir="0" index="0" bw="16" slack="0"/>
<pin id="272" dir="0" index="1" bw="16" slack="0"/>
<pin id="273" dir="1" index="2" bw="16" slack="0"/>
</pin_list>
<bind>
<opcode="read(1150) " fcode="read"/>
<opset="p_read_3/1 "/>
</bind>
</comp>

<comp id="276" class="1004" name="add_ln190_read_read_fu_276">
<pin_list>
<pin id="277" dir="0" index="0" bw="17" slack="0"/>
<pin id="278" dir="0" index="1" bw="17" slack="0"/>
<pin id="279" dir="1" index="2" bw="17" slack="3"/>
</pin_list>
<bind>
<opcode="read(1150) " fcode="read"/>
<opset="add_ln190_read/1 "/>
</bind>
</comp>

<comp id="282" class="1004" name="plane_diff_read_read_fu_282">
<pin_list>
<pin id="283" dir="0" index="0" bw="16" slack="0"/>
<pin id="284" dir="0" index="1" bw="16" slack="0"/>
<pin id="285" dir="1" index="2" bw="16" slack="1"/>
</pin_list>
<bind>
<opcode="read(1150) " fcode="read"/>
<opset="plane_diff_read/1 "/>
</bind>
</comp>

<comp id="288" class="1004" name="zext_ln194_read_read_fu_288">
<pin_list>
<pin id="289" dir="0" index="0" bw="16" slack="0"/>
<pin id="290" dir="0" index="1" bw="16" slack="0"/>
<pin id="291" dir="1" index="2" bw="16" slack="0"/>
</pin_list>
<bind>
<opcode="read(1150) " fcode="read"/>
<opset="zext_ln194_read/1 "/>
</bind>
</comp>

<comp id="294" class="1004" name="p_read_4_read_fu_294">
<pin_list>
<pin id="295" dir="0" index="0" bw="16" slack="0"/>
<pin id="296" dir="0" index="1" bw="16" slack="0"/>
<pin id="297" dir="1" index="2" bw="16" slack="0"/>
</pin_list>
<bind>
<opcode="read(1150) " fcode="read"/>
<opset="p_read_4/1 "/>
</bind>
</comp>

<comp id="300" class="1004" name="p_read_5_read_fu_300">
<pin_list>
<pin id="301" dir="0" index="0" bw="16" slack="0"/>
<pin id="302" dir="0" index="1" bw="16" slack="0"/>
<pin id="303" dir="1" index="2" bw="16" slack="0"/>
</pin_list>
<bind>
<opcode="read(1150) " fcode="read"/>
<opset="p_read_5/1 "/>
</bind>
</comp>

<comp id="306" class="1004" name="iter_limit_read_read_fu_306">
<pin_list>
<pin id="307" dir="0" index="0" bw="32" slack="0"/>
<pin id="308" dir="0" index="1" bw="32" slack="0"/>
<pin id="309" dir="1" index="2" bw="32" slack="0"/>
</pin_list>
<bind>
<opcode="read(1150) " fcode="read"/>
<opset="iter_limit_read/1 "/>
</bind>
</comp>

<comp id="312" class="1004" name="p_read11_read_fu_312">
<pin_list>
<pin id="313" dir="0" index="0" bw="16" slack="0"/>
<pin id="314" dir="0" index="1" bw="16" slack="0"/>
<pin id="315" dir="1" index="2" bw="16" slack="0"/>
</pin_list>
<bind>
<opcode="read(1150) " fcode="read"/>
<opset="p_read11/1 "/>
</bind>
</comp>

<comp id="318" class="1004" name="arg0_read_val_V_1_read_fu_318">
<pin_list>
<pin id="319" dir="0" index="0" bw="256" slack="0"/>
<pin id="320" dir="0" index="1" bw="256" slack="0"/>
<pin id="321" dir="1" index="2" bw="256" slack="0"/>
</pin_list>
<bind>
<opcode="read(1150) " fcode="read"/>
<opset="arg0_read_val_V_1/2 "/>
</bind>
</comp>

<comp id="324" class="1004" name="write_ln174_write_fu_324">
<pin_list>
<pin id="325" dir="0" index="0" bw="0" slack="0"/>
<pin id="326" dir="0" index="1" bw="256" slack="0"/>
<pin id="327" dir="0" index="2" bw="256" slack="0"/>
<pin id="328" dir="1" index="3" bw="0" slack="2147483647"/>
</pin_list>
<bind>
<opcode="write(1151) " fcode="write"/>
<opset="write_ln174/20 "/>
</bind>
</comp>

<comp id="331" class="1004" name="arg0_buf_p1_2_V_addr_gep_fu_331">
<pin_list>
<pin id="332" dir="0" index="0" bw="256" slack="0"/>
<pin id="333" dir="0" index="1" bw="1" slack="0"/>
<pin id="334" dir="0" index="2" bw="16" slack="0"/>
<pin id="335" dir="1" index="3" bw="14" slack="0"/>
</pin_list>
<bind>
<opcode="getelementptr(29) " fcode="getelementptr"/>
<opset="arg0_buf_p1_2_V_addr/2 "/>
</bind>
</comp>

<comp id="338" class="1004" name="grp_access_fu_338">
<pin_list>
<pin id="339" dir="0" index="0" bw="14" slack="0"/>
<pin id="340" dir="0" index="1" bw="256" slack="2147483647"/>
<pin id="341" dir="0" index="2" bw="0" slack="0"/>
<pin id="351" dir="0" index="4" bw="14" slack="0"/>
<pin id="352" dir="0" index="5" bw="256" slack="2147483647"/>
<pin id="353" dir="0" index="6" bw="0" slack="2147483647"/>
<pin id="342" dir="1" index="3" bw="256" slack="0"/>
<pin id="354" dir="1" index="7" bw="256" slack="2147483647"/>
</pin_list>
<bind>
<opcode="load(27) store(28) " fcode="store"/>
<opset="arg0_buf_p1_2_V_load/2 store_ln265/3 "/>
</bind>
</comp>

<comp id="344" class="1004" name="arg0_buf_p1_2_V_addr_1_gep_fu_344">
<pin_list>
<pin id="345" dir="0" index="0" bw="256" slack="0"/>
<pin id="346" dir="0" index="1" bw="1" slack="0"/>
<pin id="347" dir="0" index="2" bw="16" slack="0"/>
<pin id="348" dir="1" index="3" bw="14" slack="0"/>
</pin_list>
<bind>
<opcode="getelementptr(29) " fcode="getelementptr"/>
<opset="arg0_buf_p1_2_V_addr_1/3 "/>
</bind>
</comp>

<comp id="356" class="1004" name="arg0_buf_r1_2_p1_V_addr_gep_fu_356">
<pin_list>
<pin id="357" dir="0" index="0" bw="256" slack="0"/>
<pin id="358" dir="0" index="1" bw="1" slack="0"/>
<pin id="359" dir="0" index="2" bw="16" slack="0"/>
<pin id="360" dir="1" index="3" bw="6" slack="0"/>
</pin_list>
<bind>
<opcode="getelementptr(29) " fcode="getelementptr"/>
<opset="arg0_buf_r1_2_p1_V_addr/4 "/>
</bind>
</comp>

<comp id="363" class="1004" name="grp_access_fu_363">
<pin_list>
<pin id="364" dir="0" index="0" bw="6" slack="0"/>
<pin id="365" dir="0" index="1" bw="256" slack="2147483647"/>
<pin id="366" dir="0" index="2" bw="0" slack="0"/>
<pin id="389" dir="0" index="4" bw="6" slack="1"/>
<pin id="390" dir="0" index="5" bw="256" slack="2147483647"/>
<pin id="391" dir="0" index="6" bw="0" slack="2147483647"/>
<pin id="367" dir="1" index="3" bw="256" slack="0"/>
<pin id="392" dir="1" index="7" bw="256" slack="2147483647"/>
</pin_list>
<bind>
<opcode="load(27) store(28) " fcode="store"/>
<opset="arg0_buf_r1_2_p1_V_load/4 store_ln263/5 "/>
</bind>
</comp>

<comp id="369" class="1004" name="arg0_buf_r0_1_p1_V_addr_gep_fu_369">
<pin_list>
<pin id="370" dir="0" index="0" bw="256" slack="0"/>
<pin id="371" dir="0" index="1" bw="1" slack="0"/>
<pin id="372" dir="0" index="2" bw="16" slack="0"/>
<pin id="373" dir="1" index="3" bw="6" slack="0"/>
</pin_list>
<bind>
<opcode="getelementptr(29) " fcode="getelementptr"/>
<opset="arg0_buf_r0_1_p1_V_addr/5 "/>
</bind>
</comp>

<comp id="376" class="1004" name="grp_access_fu_376">
<pin_list>
<pin id="377" dir="0" index="0" bw="6" slack="0"/>
<pin id="378" dir="0" index="1" bw="256" slack="2147483647"/>
<pin id="379" dir="0" index="2" bw="0" slack="0"/>
<pin id="401" dir="0" index="4" bw="6" slack="0"/>
<pin id="402" dir="0" index="5" bw="256" slack="2147483647"/>
<pin id="403" dir="0" index="6" bw="0" slack="2147483647"/>
<pin id="380" dir="1" index="3" bw="256" slack="0"/>
<pin id="404" dir="1" index="7" bw="256" slack="2147483647"/>
</pin_list>
<bind>
<opcode="load(27) store(28) " fcode="store"/>
<opset="arg0_buf_r0_1_p1_V_load/5 store_ln261/6 "/>
</bind>
</comp>

<comp id="382" class="1004" name="arg0_buf_r1_2_p1_V_addr_1_gep_fu_382">
<pin_list>
<pin id="383" dir="0" index="0" bw="256" slack="0"/>
<pin id="384" dir="0" index="1" bw="1" slack="0"/>
<pin id="385" dir="0" index="2" bw="16" slack="0"/>
<pin id="386" dir="1" index="3" bw="6" slack="0"/>
</pin_list>
<bind>
<opcode="getelementptr(29) " fcode="getelementptr"/>
<opset="arg0_buf_r1_2_p1_V_addr_1/5 "/>
</bind>
</comp>

<comp id="394" class="1004" name="arg0_buf_r0_1_p1_V_addr_1_gep_fu_394">
<pin_list>
<pin id="395" dir="0" index="0" bw="256" slack="0"/>
<pin id="396" dir="0" index="1" bw="1" slack="0"/>
<pin id="397" dir="0" index="2" bw="16" slack="0"/>
<pin id="398" dir="1" index="3" bw="6" slack="0"/>
</pin_list>
<bind>
<opcode="getelementptr(29) " fcode="getelementptr"/>
<opset="arg0_buf_r0_1_p1_V_addr_1/6 "/>
</bind>
</comp>

<comp id="406" class="1004" name="arg0_buf_p0_1_V_addr_gep_fu_406">
<pin_list>
<pin id="407" dir="0" index="0" bw="256" slack="0"/>
<pin id="408" dir="0" index="1" bw="1" slack="0"/>
<pin id="409" dir="0" index="2" bw="16" slack="0"/>
<pin id="410" dir="1" index="3" bw="14" slack="0"/>
</pin_list>
<bind>
<opcode="getelementptr(29) " fcode="getelementptr"/>
<opset="arg0_buf_p0_1_V_addr/7 "/>
</bind>
</comp>

<comp id="413" class="1004" name="grp_access_fu_413">
<pin_list>
<pin id="414" dir="0" index="0" bw="14" slack="0"/>
<pin id="415" dir="0" index="1" bw="256" slack="2147483647"/>
<pin id="416" dir="0" index="2" bw="0" slack="0"/>
<pin id="426" dir="0" index="4" bw="14" slack="1"/>
<pin id="427" dir="0" index="5" bw="256" slack="2147483647"/>
<pin id="428" dir="0" index="6" bw="0" slack="2147483647"/>
<pin id="417" dir="1" index="3" bw="256" slack="0"/>
<pin id="429" dir="1" index="7" bw="256" slack="2147483647"/>
</pin_list>
<bind>
<opcode="load(27) store(28) " fcode="store"/>
<opset="arg0_buf_p0_1_V_load/7 store_ln257/8 "/>
</bind>
</comp>

<comp id="419" class="1004" name="arg0_buf_p0_1_V_addr_1_gep_fu_419">
<pin_list>
<pin id="420" dir="0" index="0" bw="256" slack="0"/>
<pin id="421" dir="0" index="1" bw="1" slack="0"/>
<pin id="422" dir="0" index="2" bw="16" slack="0"/>
<pin id="423" dir="1" index="3" bw="14" slack="0"/>
</pin_list>
<bind>
<opcode="getelementptr(29) " fcode="getelementptr"/>
<opset="arg0_buf_p0_1_V_addr_1/8 "/>
</bind>
</comp>

<comp id="431" class="1005" name="arg1_tmpConvWrite4_0_in_reg_431">
<pin_list>
<pin id="432" dir="0" index="0" bw="32" slack="2147483647"/>
<pin id="433" dir="1" index="1" bw="32" slack="2147483647"/>
</pin_list>
<bind>
<opset="arg1_tmpConvWrite4_0_in (phireg) "/>
</bind>
</comp>

<comp id="434" class="1004" name="arg1_tmpConvWrite4_0_in_phi_fu_434">
<pin_list>
<pin id="435" dir="0" index="0" bw="32" slack="14"/>
<pin id="436" dir="0" index="1" bw="0" slack="2147483647"/>
<pin id="437" dir="0" index="2" bw="32" slack="0"/>
<pin id="438" dir="0" index="3" bw="0" slack="2147483647"/>
<pin id="439" dir="1" index="4" bw="32" slack="0"/>
</pin_list>
<bind>
<opcode="phi(47) " fcode="phi"/>
<opset="arg1_tmpConvWrite4_0_in/20 "/>
</bind>
</comp>

<comp id="440" class="1005" name="arg1_tmpConvWrite4_1_in_reg_440">
<pin_list>
<pin id="441" dir="0" index="0" bw="32" slack="2147483647"/>
<pin id="442" dir="1" index="1" bw="32" slack="2147483647"/>
</pin_list>
<bind>
<opset="arg1_tmpConvWrite4_1_in (phireg) "/>
</bind>
</comp>

<comp id="443" class="1004" name="arg1_tmpConvWrite4_1_in_phi_fu_443">
<pin_list>
<pin id="444" dir="0" index="0" bw="32" slack="14"/>
<pin id="445" dir="0" index="1" bw="0" slack="2147483647"/>
<pin id="446" dir="0" index="2" bw="32" slack="0"/>
<pin id="447" dir="0" index="3" bw="0" slack="2147483647"/>
<pin id="448" dir="1" index="4" bw="32" slack="0"/>
</pin_list>
<bind>
<opcode="phi(47) " fcode="phi"/>
<opset="arg1_tmpConvWrite4_1_in/20 "/>
</bind>
</comp>

<comp id="449" class="1005" name="arg1_tmpConvWrite4_2_in_reg_449">
<pin_list>
<pin id="450" dir="0" index="0" bw="32" slack="2147483647"/>
<pin id="451" dir="1" index="1" bw="32" slack="2147483647"/>
</pin_list>
<bind>
<opset="arg1_tmpConvWrite4_2_in (phireg) "/>
</bind>
</comp>

<comp id="452" class="1004" name="arg1_tmpConvWrite4_2_in_phi_fu_452">
<pin_list>
<pin id="453" dir="0" index="0" bw="32" slack="12"/>
<pin id="454" dir="0" index="1" bw="0" slack="2147483647"/>
<pin id="455" dir="0" index="2" bw="32" slack="0"/>
<pin id="456" dir="0" index="3" bw="0" slack="2147483647"/>
<pin id="457" dir="1" index="4" bw="32" slack="0"/>
</pin_list>
<bind>
<opcode="phi(47) " fcode="phi"/>
<opset="arg1_tmpConvWrite4_2_in/20 "/>
</bind>
</comp>

<comp id="458" class="1005" name="arg1_tmpConvWrite4_3_in_reg_458">
<pin_list>
<pin id="459" dir="0" index="0" bw="32" slack="2147483647"/>
<pin id="460" dir="1" index="1" bw="32" slack="2147483647"/>
</pin_list>
<bind>
<opset="arg1_tmpConvWrite4_3_in (phireg) "/>
</bind>
</comp>

<comp id="461" class="1004" name="arg1_tmpConvWrite4_3_in_phi_fu_461">
<pin_list>
<pin id="462" dir="0" index="0" bw="32" slack="12"/>
<pin id="463" dir="0" index="1" bw="0" slack="2147483647"/>
<pin id="464" dir="0" index="2" bw="32" slack="0"/>
<pin id="465" dir="0" index="3" bw="0" slack="2147483647"/>
<pin id="466" dir="1" index="4" bw="32" slack="0"/>
</pin_list>
<bind>
<opcode="phi(47) " fcode="phi"/>
<opset="arg1_tmpConvWrite4_3_in/20 "/>
</bind>
</comp>

<comp id="467" class="1005" name="arg1_tmpConvWrite4_4_in_reg_467">
<pin_list>
<pin id="468" dir="0" index="0" bw="32" slack="2147483647"/>
<pin id="469" dir="1" index="1" bw="32" slack="2147483647"/>
</pin_list>
<bind>
<opset="arg1_tmpConvWrite4_4_in (phireg) "/>
</bind>
</comp>

<comp id="470" class="1004" name="arg1_tmpConvWrite4_4_in_phi_fu_470">
<pin_list>
<pin id="471" dir="0" index="0" bw="32" slack="14"/>
<pin id="472" dir="0" index="1" bw="0" slack="2147483647"/>
<pin id="473" dir="0" index="2" bw="32" slack="0"/>
<pin id="474" dir="0" index="3" bw="0" slack="2147483647"/>
<pin id="475" dir="1" index="4" bw="32" slack="0"/>
</pin_list>
<bind>
<opcode="phi(47) " fcode="phi"/>
<opset="arg1_tmpConvWrite4_4_in/20 "/>
</bind>
</comp>

<comp id="476" class="1005" name="arg1_tmpConvWrite_7_reg_476">
<pin_list>
<pin id="477" dir="0" index="0" bw="32" slack="2147483647"/>
<pin id="478" dir="1" index="1" bw="32" slack="2147483647"/>
</pin_list>
<bind>
<opset="arg1_tmpConvWrite_7 (phireg) "/>
</bind>
</comp>

<comp id="479" class="1004" name="arg1_tmpConvWrite_7_phi_fu_479">
<pin_list>
<pin id="480" dir="0" index="0" bw="32" slack="0"/>
<pin id="481" dir="0" index="1" bw="0" slack="2147483647"/>
<pin id="482" dir="0" index="2" bw="32" slack="14"/>
<pin id="483" dir="0" index="3" bw="0" slack="2147483647"/>
<pin id="484" dir="0" index="4" bw="32" slack="14"/>
<pin id="485" dir="0" index="5" bw="0" slack="2147483647"/>
<pin id="486" dir="1" index="6" bw="32" slack="0"/>
</pin_list>
<bind>
<opcode="phi(47) " fcode="phi"/>
<opset="arg1_tmpConvWrite_7/20 "/>
</bind>
</comp>

<comp id="487" class="1005" name="arg1_tmpConvWrite_10_reg_487">
<pin_list>
<pin id="488" dir="0" index="0" bw="32" slack="2147483647"/>
<pin id="489" dir="1" index="1" bw="32" slack="2147483647"/>
</pin_list>
<bind>
<opset="arg1_tmpConvWrite_10 (phireg) "/>
</bind>
</comp>

<comp id="490" class="1004" name="arg1_tmpConvWrite_10_phi_fu_490">
<pin_list>
<pin id="491" dir="0" index="0" bw="32" slack="0"/>
<pin id="492" dir="0" index="1" bw="0" slack="2147483647"/>
<pin id="493" dir="0" index="2" bw="32" slack="14"/>
<pin id="494" dir="0" index="3" bw="0" slack="2147483647"/>
<pin id="495" dir="0" index="4" bw="32" slack="14"/>
<pin id="496" dir="0" index="5" bw="0" slack="2147483647"/>
<pin id="497" dir="1" index="6" bw="32" slack="0"/>
</pin_list>
<bind>
<opcode="phi(47) " fcode="phi"/>
<opset="arg1_tmpConvWrite_10/20 "/>
</bind>
</comp>

<comp id="498" class="1005" name="arg1_tmpConvWrite_13_reg_498">
<pin_list>
<pin id="499" dir="0" index="0" bw="32" slack="2147483647"/>
<pin id="500" dir="1" index="1" bw="32" slack="2147483647"/>
</pin_list>
<bind>
<opset="arg1_tmpConvWrite_13 (phireg) "/>
</bind>
</comp>

<comp id="501" class="1004" name="arg1_tmpConvWrite_13_phi_fu_501">
<pin_list>
<pin id="502" dir="0" index="0" bw="32" slack="0"/>
<pin id="503" dir="0" index="1" bw="0" slack="2147483647"/>
<pin id="504" dir="0" index="2" bw="32" slack="14"/>
<pin id="505" dir="0" index="3" bw="0" slack="2147483647"/>
<pin id="506" dir="0" index="4" bw="32" slack="14"/>
<pin id="507" dir="0" index="5" bw="0" slack="2147483647"/>
<pin id="508" dir="1" index="6" bw="32" slack="0"/>
</pin_list>
<bind>
<opcode="phi(47) " fcode="phi"/>
<opset="arg1_tmpConvWrite_13/20 "/>
</bind>
</comp>

<comp id="509" class="1004" name="grp_kernel_jac3D_kernel_stencil_core_fu_509">
<pin_list>
<pin id="510" dir="0" index="0" bw="32" slack="0"/>
<pin id="511" dir="0" index="1" bw="32" slack="1"/>
<pin id="512" dir="0" index="2" bw="32" slack="0"/>
<pin id="513" dir="0" index="3" bw="32" slack="0"/>
<pin id="514" dir="0" index="4" bw="32" slack="4"/>
<pin id="515" dir="0" index="5" bw="32" slack="4"/>
<pin id="516" dir="0" index="6" bw="32" slack="0"/>
<pin id="517" dir="0" index="7" bw="32" slack="0"/>
<pin id="518" dir="1" index="8" bw="32" slack="0"/>
</pin_list>
<bind>
<opcode="call(48) " fcode="call"/>
<opset="arg1_result/10 "/>
</bind>
</comp>

<comp id="521" class="1004" name="grp_kernel_jac3D_kernel_stencil_core_fu_521">
<pin_list>
<pin id="522" dir="0" index="0" bw="32" slack="0"/>
<pin id="523" dir="0" index="1" bw="32" slack="0"/>
<pin id="524" dir="0" index="2" bw="32" slack="0"/>
<pin id="525" dir="0" index="3" bw="32" slack="4"/>
<pin id="526" dir="0" index="4" bw="32" slack="4"/>
<pin id="527" dir="0" index="5" bw="32" slack="2"/>
<pin id="528" dir="0" index="6" bw="32" slack="0"/>
<pin id="529" dir="0" index="7" bw="32" slack="0"/>
<pin id="530" dir="1" index="8" bw="32" slack="0"/>
</pin_list>
<bind>
<opcode="call(48) " fcode="call"/>
<opset="arg1_result_1/10 "/>
</bind>
</comp>

<comp id="533" class="1004" name="grp_kernel_jac3D_kernel_stencil_core_fu_533">
<pin_list>
<pin id="534" dir="0" index="0" bw="32" slack="0"/>
<pin id="535" dir="0" index="1" bw="32" slack="0"/>
<pin id="536" dir="0" index="2" bw="32" slack="0"/>
<pin id="537" dir="0" index="3" bw="32" slack="4"/>
<pin id="538" dir="0" index="4" bw="32" slack="2"/>
<pin id="539" dir="0" index="5" bw="32" slack="2"/>
<pin id="540" dir="0" index="6" bw="32" slack="0"/>
<pin id="541" dir="0" index="7" bw="32" slack="0"/>
<pin id="542" dir="1" index="8" bw="32" slack="0"/>
</pin_list>
<bind>
<opcode="call(48) " fcode="call"/>
<opset="arg1_result_2/10 "/>
</bind>
</comp>

<comp id="545" class="1004" name="grp_kernel_jac3D_kernel_stencil_core_fu_545">
<pin_list>
<pin id="546" dir="0" index="0" bw="32" slack="0"/>
<pin id="547" dir="0" index="1" bw="32" slack="0"/>
<pin id="548" dir="0" index="2" bw="32" slack="0"/>
<pin id="549" dir="0" index="3" bw="32" slack="2"/>
<pin id="550" dir="0" index="4" bw="32" slack="2"/>
<pin id="551" dir="0" index="5" bw="32" slack="4"/>
<pin id="552" dir="0" index="6" bw="32" slack="0"/>
<pin id="553" dir="0" index="7" bw="32" slack="0"/>
<pin id="554" dir="1" index="8" bw="32" slack="0"/>
</pin_list>
<bind>
<opcode="call(48) " fcode="call"/>
<opset="arg1_result_3/10 "/>
</bind>
</comp>

<comp id="557" class="1004" name="grp_kernel_jac3D_kernel_stencil_core_fu_557">
<pin_list>
<pin id="558" dir="0" index="0" bw="32" slack="0"/>
<pin id="559" dir="0" index="1" bw="32" slack="0"/>
<pin id="560" dir="0" index="2" bw="32" slack="0"/>
<pin id="561" dir="0" index="3" bw="32" slack="2"/>
<pin id="562" dir="0" index="4" bw="32" slack="4"/>
<pin id="563" dir="0" index="5" bw="32" slack="0"/>
<pin id="564" dir="0" index="6" bw="32" slack="0"/>
<pin id="565" dir="0" index="7" bw="32" slack="0"/>
<pin id="566" dir="1" index="8" bw="32" slack="0"/>
</pin_list>
<bind>
<opcode="call(48) " fcode="call"/>
<opset="arg1_result_4/10 "/>
</bind>
</comp>

<comp id="569" class="1004" name="grp_kernel_jac3D_kernel_stencil_core_fu_569">
<pin_list>
<pin id="570" dir="0" index="0" bw="32" slack="0"/>
<pin id="571" dir="0" index="1" bw="32" slack="0"/>
<pin id="572" dir="0" index="2" bw="32" slack="0"/>
<pin id="573" dir="0" index="3" bw="32" slack="4"/>
<pin id="574" dir="0" index="4" bw="32" slack="0"/>
<pin id="575" dir="0" index="5" bw="32" slack="0"/>
<pin id="576" dir="0" index="6" bw="32" slack="0"/>
<pin id="577" dir="0" index="7" bw="32" slack="0"/>
<pin id="578" dir="1" index="8" bw="32" slack="0"/>
</pin_list>
<bind>
<opcode="call(48) " fcode="call"/>
<opset="arg1_result_5/10 "/>
</bind>
</comp>

<comp id="580" class="1004" name="grp_kernel_jac3D_kernel_stencil_core_fu_580">
<pin_list>
<pin id="581" dir="0" index="0" bw="32" slack="0"/>
<pin id="582" dir="0" index="1" bw="32" slack="0"/>
<pin id="583" dir="0" index="2" bw="32" slack="0"/>
<pin id="584" dir="0" index="3" bw="32" slack="0"/>
<pin id="585" dir="0" index="4" bw="32" slack="0"/>
<pin id="586" dir="0" index="5" bw="32" slack="0"/>
<pin id="587" dir="0" index="6" bw="32" slack="0"/>
<pin id="588" dir="0" index="7" bw="32" slack="0"/>
<pin id="589" dir="1" index="8" bw="32" slack="0"/>
</pin_list>
<bind>
<opcode="call(48) " fcode="call"/>
<opset="arg1_result_6/10 "/>
</bind>
</comp>

<comp id="591" class="1004" name="grp_kernel_jac3D_kernel_stencil_core_fu_591">
<pin_list>
<pin id="592" dir="0" index="0" bw="32" slack="0"/>
<pin id="593" dir="0" index="1" bw="32" slack="0"/>
<pin id="594" dir="0" index="2" bw="32" slack="0"/>
<pin id="595" dir="0" index="3" bw="32" slack="0"/>
<pin id="596" dir="0" index="4" bw="32" slack="0"/>
<pin id="597" dir="0" index="5" bw="32" slack="0"/>
<pin id="598" dir="0" index="6" bw="32" slack="0"/>
<pin id="599" dir="0" index="7" bw="32" slack="0"/>
<pin id="600" dir="1" index="8" bw="32" slack="0"/>
</pin_list>
<bind>
<opcode="call(48) " fcode="call"/>
<opset="arg1_result_7/10 "/>
</bind>
</comp>

<comp id="602" class="1004" name="p_read5_cast_cast_fu_602">
<pin_list>
<pin id="603" dir="0" index="0" bw="16" slack="0"/>
<pin id="604" dir="1" index="1" bw="17" slack="6"/>
</pin_list>
<bind>
<opcode="zext(34) " fcode="zext"/>
<opset="p_read5_cast_cast/1 "/>
</bind>
</comp>

<comp id="606" class="1004" name="p_read7_cast_cast_fu_606">
<pin_list>
<pin id="607" dir="0" index="0" bw="16" slack="0"/>
<pin id="608" dir="1" index="1" bw="17" slack="5"/>
</pin_list>
<bind>
<opcode="zext(34) " fcode="zext"/>
<opset="p_read7_cast_cast/1 "/>
</bind>
</comp>

<comp id="610" class="1004" name="p_read4_cast_cast_fu_610">
<pin_list>
<pin id="611" dir="0" index="0" bw="16" slack="0"/>
<pin id="612" dir="1" index="1" bw="17" slack="5"/>
</pin_list>
<bind>
<opcode="zext(34) " fcode="zext"/>
<opset="p_read4_cast_cast/1 "/>
</bind>
</comp>

<comp id="614" class="1004" name="zext_ln194_cast_fu_614">
<pin_list>
<pin id="615" dir="0" index="0" bw="16" slack="0"/>
<pin id="616" dir="1" index="1" bw="17" slack="6"/>
</pin_list>
<bind>
<opcode="zext(34) " fcode="zext"/>
<opset="zext_ln194_cast/1 "/>
</bind>
</comp>

<comp id="618" class="1004" name="p_read6_cast_cast_fu_618">
<pin_list>
<pin id="619" dir="0" index="0" bw="16" slack="0"/>
<pin id="620" dir="1" index="1" bw="17" slack="5"/>
</pin_list>
<bind>
<opcode="zext(34) " fcode="zext"/>
<opset="p_read6_cast_cast/1 "/>
</bind>
</comp>

<comp id="622" class="1004" name="p_read3_cast_cast_fu_622">
<pin_list>
<pin id="623" dir="0" index="0" bw="16" slack="0"/>
<pin id="624" dir="1" index="1" bw="17" slack="5"/>
</pin_list>
<bind>
<opcode="zext(34) " fcode="zext"/>
<opset="p_read3_cast_cast/1 "/>
</bind>
</comp>

<comp id="626" class="1004" name="store_ln0_store_fu_626">
<pin_list>
<pin id="627" dir="0" index="0" bw="1" slack="0"/>
<pin id="628" dir="0" index="1" bw="256" slack="0"/>
<pin id="629" dir="1" index="2" bw="0" slack="2147483647"/>
</pin_list>
<bind>
<opcode="store(28) " fcode="store"/>
<opset="store_ln0/1 "/>
</bind>
</comp>

<comp id="631" class="1004" name="store_ln0_store_fu_631">
<pin_list>
<pin id="632" dir="0" index="0" bw="1" slack="0"/>
<pin id="633" dir="0" index="1" bw="32" slack="0"/>
<pin id="634" dir="1" index="2" bw="0" slack="2147483647"/>
</pin_list>
<bind>
<opcode="store(28) " fcode="store"/>
<opset="store_ln0/1 "/>
</bind>
</comp>

<comp id="636" class="1004" name="store_ln0_store_fu_636">
<pin_list>
<pin id="637" dir="0" index="0" bw="16" slack="0"/>
<pin id="638" dir="0" index="1" bw="16" slack="0"/>
<pin id="639" dir="1" index="2" bw="0" slack="2147483647"/>
</pin_list>
<bind>
<opcode="store(28) " fcode="store"/>
<opset="store_ln0/1 "/>
</bind>
</comp>

<comp id="641" class="1004" name="store_ln0_store_fu_641">
<pin_list>
<pin id="642" dir="0" index="0" bw="1" slack="0"/>
<pin id="643" dir="0" index="1" bw="16" slack="0"/>
<pin id="644" dir="1" index="2" bw="0" slack="2147483647"/>
</pin_list>
<bind>
<opcode="store(28) " fcode="store"/>
<opset="store_ln0/1 "/>
</bind>
</comp>

<comp id="646" class="1004" name="store_ln0_store_fu_646">
<pin_list>
<pin id="647" dir="0" index="0" bw="1" slack="0"/>
<pin id="648" dir="0" index="1" bw="16" slack="0"/>
<pin id="649" dir="1" index="2" bw="0" slack="2147483647"/>
</pin_list>
<bind>
<opcode="store(28) " fcode="store"/>
<opset="store_ln0/1 "/>
</bind>
</comp>

<comp id="651" class="1004" name="store_ln0_store_fu_651">
<pin_list>
<pin id="652" dir="0" index="0" bw="1" slack="0"/>
<pin id="653" dir="0" index="1" bw="16" slack="0"/>
<pin id="654" dir="1" index="2" bw="0" slack="2147483647"/>
</pin_list>
<bind>
<opcode="store(28) " fcode="store"/>
<opset="store_ln0/1 "/>
</bind>
</comp>

<comp id="656" class="1004" name="store_ln0_store_fu_656">
<pin_list>
<pin id="657" dir="0" index="0" bw="1" slack="0"/>
<pin id="658" dir="0" index="1" bw="16" slack="0"/>
<pin id="659" dir="1" index="2" bw="0" slack="2147483647"/>
</pin_list>
<bind>
<opcode="store(28) " fcode="store"/>
<opset="store_ln0/1 "/>
</bind>
</comp>

<comp id="661" class="1004" name="store_ln0_store_fu_661">
<pin_list>
<pin id="662" dir="0" index="0" bw="1" slack="0"/>
<pin id="663" dir="0" index="1" bw="16" slack="0"/>
<pin id="664" dir="1" index="2" bw="0" slack="2147483647"/>
</pin_list>
<bind>
<opcode="store(28) " fcode="store"/>
<opset="store_ln0/1 "/>
</bind>
</comp>

<comp id="666" class="1004" name="store_ln0_store_fu_666">
<pin_list>
<pin id="667" dir="0" index="0" bw="16" slack="0"/>
<pin id="668" dir="0" index="1" bw="16" slack="0"/>
<pin id="669" dir="1" index="2" bw="0" slack="2147483647"/>
</pin_list>
<bind>
<opcode="store(28) " fcode="store"/>
<opset="store_ln0/1 "/>
</bind>
</comp>

<comp id="671" class="1004" name="store_ln0_store_fu_671">
<pin_list>
<pin id="672" dir="0" index="0" bw="1" slack="0"/>
<pin id="673" dir="0" index="1" bw="16" slack="0"/>
<pin id="674" dir="1" index="2" bw="0" slack="2147483647"/>
</pin_list>
<bind>
<opcode="store(28) " fcode="store"/>
<opset="store_ln0/1 "/>
</bind>
</comp>

<comp id="676" class="1004" name="store_ln0_store_fu_676">
<pin_list>
<pin id="677" dir="0" index="0" bw="1" slack="0"/>
<pin id="678" dir="0" index="1" bw="16" slack="0"/>
<pin id="679" dir="1" index="2" bw="0" slack="2147483647"/>
</pin_list>
<bind>
<opcode="store(28) " fcode="store"/>
<opset="store_ln0/1 "/>
</bind>
</comp>

<comp id="681" class="1004" name="store_ln0_store_fu_681">
<pin_list>
<pin id="682" dir="0" index="0" bw="1" slack="0"/>
<pin id="683" dir="0" index="1" bw="16" slack="0"/>
<pin id="684" dir="1" index="2" bw="0" slack="2147483647"/>
</pin_list>
<bind>
<opcode="store(28) " fcode="store"/>
<opset="store_ln0/1 "/>
</bind>
</comp>

<comp id="686" class="1004" name="store_ln0_store_fu_686">
<pin_list>
<pin id="687" dir="0" index="0" bw="1" slack="0"/>
<pin id="688" dir="0" index="1" bw="16" slack="0"/>
<pin id="689" dir="1" index="2" bw="0" slack="2147483647"/>
</pin_list>
<bind>
<opcode="store(28) " fcode="store"/>
<opset="store_ln0/1 "/>
</bind>
</comp>

<comp id="691" class="1004" name="store_ln0_store_fu_691">
<pin_list>
<pin id="692" dir="0" index="0" bw="1" slack="0"/>
<pin id="693" dir="0" index="1" bw="256" slack="0"/>
<pin id="694" dir="1" index="2" bw="0" slack="2147483647"/>
</pin_list>
<bind>
<opcode="store(28) " fcode="store"/>
<opset="store_ln0/1 "/>
</bind>
</comp>

<comp id="696" class="1004" name="store_ln0_store_fu_696">
<pin_list>
<pin id="697" dir="0" index="0" bw="1" slack="0"/>
<pin id="698" dir="0" index="1" bw="64" slack="0"/>
<pin id="699" dir="1" index="2" bw="0" slack="2147483647"/>
</pin_list>
<bind>
<opcode="store(28) " fcode="store"/>
<opset="store_ln0/1 "/>
</bind>
</comp>

<comp id="701" class="1004" name="store_ln0_store_fu_701">
<pin_list>
<pin id="702" dir="0" index="0" bw="1" slack="0"/>
<pin id="703" dir="0" index="1" bw="256" slack="0"/>
<pin id="704" dir="1" index="2" bw="0" slack="2147483647"/>
</pin_list>
<bind>
<opcode="store(28) " fcode="store"/>
<opset="store_ln0/1 "/>
</bind>
</comp>

<comp id="706" class="1004" name="store_ln0_store_fu_706">
<pin_list>
<pin id="707" dir="0" index="0" bw="1" slack="0"/>
<pin id="708" dir="0" index="1" bw="64" slack="0"/>
<pin id="709" dir="1" index="2" bw="0" slack="2147483647"/>
</pin_list>
<bind>
<opcode="store(28) " fcode="store"/>
<opset="store_ln0/1 "/>
</bind>
</comp>

<comp id="711" class="1004" name="store_ln0_store_fu_711">
<pin_list>
<pin id="712" dir="0" index="0" bw="1" slack="0"/>
<pin id="713" dir="0" index="1" bw="256" slack="0"/>
<pin id="714" dir="1" index="2" bw="0" slack="2147483647"/>
</pin_list>
<bind>
<opcode="store(28) " fcode="store"/>
<opset="store_ln0/1 "/>
</bind>
</comp>

<comp id="716" class="1004" name="store_ln0_store_fu_716">
<pin_list>
<pin id="717" dir="0" index="0" bw="1" slack="0"/>
<pin id="718" dir="0" index="1" bw="64" slack="0"/>
<pin id="719" dir="1" index="2" bw="0" slack="2147483647"/>
</pin_list>
<bind>
<opcode="store(28) " fcode="store"/>
<opset="store_ln0/1 "/>
</bind>
</comp>

<comp id="721" class="1004" name="store_ln0_store_fu_721">
<pin_list>
<pin id="722" dir="0" index="0" bw="1" slack="0"/>
<pin id="723" dir="0" index="1" bw="256" slack="0"/>
<pin id="724" dir="1" index="2" bw="0" slack="2147483647"/>
</pin_list>
<bind>
<opcode="store(28) " fcode="store"/>
<opset="store_ln0/1 "/>
</bind>
</comp>

<comp id="726" class="1004" name="store_ln0_store_fu_726">
<pin_list>
<pin id="727" dir="0" index="0" bw="1" slack="0"/>
<pin id="728" dir="0" index="1" bw="64" slack="0"/>
<pin id="729" dir="1" index="2" bw="0" slack="2147483647"/>
</pin_list>
<bind>
<opcode="store(28) " fcode="store"/>
<opset="store_ln0/1 "/>
</bind>
</comp>

<comp id="731" class="1004" name="itr_3_load_fu_731">
<pin_list>
<pin id="732" dir="0" index="0" bw="32" slack="0"/>
<pin id="733" dir="1" index="1" bw="32" slack="0"/>
</pin_list>
<bind>
<opcode="load(27) " fcode="load"/>
<opset="itr_3/1 "/>
</bind>
</comp>

<comp id="734" class="1004" name="itr_fu_734">
<pin_list>
<pin id="735" dir="0" index="0" bw="32" slack="0"/>
<pin id="736" dir="0" index="1" bw="1" slack="0"/>
<pin id="737" dir="1" index="2" bw="32" slack="0"/>
</pin_list>
<bind>
<opcode="add(8) " fcode="add"/>
<opset="itr/1 "/>
</bind>
</comp>

<comp id="740" class="1004" name="icmp_ln194_fu_740">
<pin_list>
<pin id="741" dir="0" index="0" bw="32" slack="0"/>
<pin id="742" dir="0" index="1" bw="32" slack="0"/>
<pin id="743" dir="1" index="2" bw="1" slack="1"/>
</pin_list>
<bind>
<opcode="icmp(45) " fcode="icmp"/>
<opset="icmp_ln194/1 "/>
</bind>
</comp>

<comp id="746" class="1004" name="S3D_7PT_read_cond_fu_746">
<pin_list>
<pin id="747" dir="0" index="0" bw="32" slack="0"/>
<pin id="748" dir="0" index="1" bw="32" slack="0"/>
<pin id="749" dir="1" index="2" bw="1" slack="1"/>
</pin_list>
<bind>
<opcode="icmp(45) " fcode="icmp"/>
<opset="S3D_7PT_read_cond/1 "/>
</bind>
</comp>

<comp id="752" class="1004" name="store_ln194_store_fu_752">
<pin_list>
<pin id="753" dir="0" index="0" bw="32" slack="0"/>
<pin id="754" dir="0" index="1" bw="32" slack="0"/>
<pin id="755" dir="1" index="2" bw="0" slack="2147483647"/>
</pin_list>
<bind>
<opcode="store(28) " fcode="store"/>
<opset="store_ln194/1 "/>
</bind>
</comp>

<comp id="757" class="1004" name="store_ln248_store_fu_757">
<pin_list>
<pin id="758" dir="0" index="0" bw="256" slack="0"/>
<pin id="759" dir="0" index="1" bw="256" slack="1"/>
<pin id="760" dir="1" index="2" bw="0" slack="2147483647"/>
</pin_list>
<bind>
<opcode="store(28) " fcode="store"/>
<opset="store_ln248/2 "/>
</bind>
</comp>

<comp id="762" class="1004" name="S3D_7PT_buf_p1_2_wr_load_load_fu_762">
<pin_list>
<pin id="763" dir="0" index="0" bw="16" slack="1"/>
<pin id="764" dir="1" index="1" bw="16" slack="0"/>
</pin_list>
<bind>
<opcode="load(27) " fcode="load"/>
<opset="S3D_7PT_buf_p1_2_wr_load/2 "/>
</bind>
</comp>

<comp id="765" class="1004" name="zext_ln262_fu_765">
<pin_list>
<pin id="766" dir="0" index="0" bw="16" slack="0"/>
<pin id="767" dir="1" index="1" bw="64" slack="0"/>
</pin_list>
<bind>
<opcode="zext(34) " fcode="zext"/>
<opset="zext_ln262/2 "/>
</bind>
</comp>

<comp id="770" class="1004" name="icmp_ln304_fu_770">
<pin_list>
<pin id="771" dir="0" index="0" bw="16" slack="0"/>
<pin id="772" dir="0" index="1" bw="16" slack="1"/>
<pin id="773" dir="1" index="2" bw="1" slack="0"/>
</pin_list>
<bind>
<opcode="icmp(45) " fcode="icmp"/>
<opset="icmp_ln304/2 "/>
</bind>
</comp>

<comp id="775" class="1004" name="cond_end_of_line_buff_S3D_7PT_buf_p1_2_wr_fu_775">
<pin_list>
<pin id="776" dir="0" index="0" bw="1" slack="0"/>
<pin id="777" dir="0" index="1" bw="1" slack="0"/>
<pin id="778" dir="1" index="2" bw="1" slack="0"/>
</pin_list>
<bind>
<opcode="xor(25) " fcode="xor"/>
<opset="cond_end_of_line_buff_S3D_7PT_buf_p1_2_wr/2 "/>
</bind>
</comp>

<comp id="781" class="1004" name="S3D_7PT_buf_p1_2_wr_1_fu_781">
<pin_list>
<pin id="782" dir="0" index="0" bw="16" slack="0"/>
<pin id="783" dir="0" index="1" bw="1" slack="0"/>
<pin id="784" dir="1" index="2" bw="16" slack="0"/>
</pin_list>
<bind>
<opcode="add(8) " fcode="add"/>
<opset="S3D_7PT_buf_p1_2_wr_1/2 "/>
</bind>
</comp>

<comp id="787" class="1004" name="S3D_7PT_buf_p1_2_wr_2_fu_787">
<pin_list>
<pin id="788" dir="0" index="0" bw="1" slack="0"/>
<pin id="789" dir="0" index="1" bw="16" slack="0"/>
<pin id="790" dir="0" index="2" bw="16" slack="0"/>
<pin id="791" dir="1" index="3" bw="16" slack="0"/>
</pin_list>
<bind>
<opcode="select(49) " fcode="select"/>
<opset="S3D_7PT_buf_p1_2_wr_2/2 "/>
</bind>
</comp>

<comp id="795" class="1004" name="store_ln194_store_fu_795">
<pin_list>
<pin id="796" dir="0" index="0" bw="16" slack="0"/>
<pin id="797" dir="0" index="1" bw="16" slack="1"/>
<pin id="798" dir="1" index="2" bw="0" slack="2147483647"/>
</pin_list>
<bind>
<opcode="store(28) " fcode="store"/>
<opset="store_ln194/2 "/>
</bind>
</comp>

<comp id="800" class="1004" name="S3D_7PT_buf_p1_2_rd_load_load_fu_800">
<pin_list>
<pin id="801" dir="0" index="0" bw="16" slack="2"/>
<pin id="802" dir="1" index="1" bw="16" slack="0"/>
</pin_list>
<bind>
<opcode="load(27) " fcode="load"/>
<opset="S3D_7PT_buf_p1_2_rd_load/3 "/>
</bind>
</comp>

<comp id="803" class="1004" name="arg0_read_val_V_2_load_fu_803">
<pin_list>
<pin id="804" dir="0" index="0" bw="256" slack="2"/>
<pin id="805" dir="1" index="1" bw="256" slack="0"/>
</pin_list>
<bind>
<opcode="load(27) " fcode="load"/>
<opset="arg0_read_val_V_2/3 "/>
</bind>
</comp>

<comp id="807" class="1004" name="reuse_addr_reg_load_load_fu_807">
<pin_list>
<pin id="808" dir="0" index="0" bw="64" slack="2"/>
<pin id="809" dir="1" index="1" bw="64" slack="0"/>
</pin_list>
<bind>
<opcode="load(27) " fcode="load"/>
<opset="reuse_addr_reg_load/3 "/>
</bind>
</comp>

<comp id="810" class="1004" name="addr_cmp_fu_810">
<pin_list>
<pin id="811" dir="0" index="0" bw="64" slack="0"/>
<pin id="812" dir="0" index="1" bw="64" slack="1"/>
<pin id="813" dir="1" index="2" bw="1" slack="1"/>
</pin_list>
<bind>
<opcode="icmp(45) " fcode="icmp"/>
<opset="addr_cmp/3 "/>
</bind>
</comp>

<comp id="815" class="1004" name="zext_ln265_fu_815">
<pin_list>
<pin id="816" dir="0" index="0" bw="16" slack="0"/>
<pin id="817" dir="1" index="1" bw="64" slack="0"/>
</pin_list>
<bind>
<opcode="zext(34) " fcode="zext"/>
<opset="zext_ln265/3 "/>
</bind>
</comp>

<comp id="820" class="1004" name="store_ln265_store_fu_820">
<pin_list>
<pin id="821" dir="0" index="0" bw="16" slack="0"/>
<pin id="822" dir="0" index="1" bw="64" slack="2"/>
<pin id="823" dir="1" index="2" bw="0" slack="2147483647"/>
</pin_list>
<bind>
<opcode="store(28) " fcode="store"/>
<opset="store_ln265/3 "/>
</bind>
</comp>

<comp id="825" class="1004" name="icmp_ln303_fu_825">
<pin_list>
<pin id="826" dir="0" index="0" bw="16" slack="0"/>
<pin id="827" dir="0" index="1" bw="16" slack="2"/>
<pin id="828" dir="1" index="2" bw="1" slack="0"/>
</pin_list>
<bind>
<opcode="icmp(45) " fcode="icmp"/>
<opset="icmp_ln303/3 "/>
</bind>
</comp>

<comp id="830" class="1004" name="cond_end_of_line_buff_S3D_7PT_buf_p1_2_rd_fu_830">
<pin_list>
<pin id="831" dir="0" index="0" bw="1" slack="0"/>
<pin id="832" dir="0" index="1" bw="1" slack="0"/>
<pin id="833" dir="1" index="2" bw="1" slack="0"/>
</pin_list>
<bind>
<opcode="xor(25) " fcode="xor"/>
<opset="cond_end_of_line_buff_S3D_7PT_buf_p1_2_rd/3 "/>
</bind>
</comp>

<comp id="836" class="1004" name="S3D_7PT_buf_p1_2_rd_1_fu_836">
<pin_list>
<pin id="837" dir="0" index="0" bw="16" slack="0"/>
<pin id="838" dir="0" index="1" bw="1" slack="0"/>
<pin id="839" dir="1" index="2" bw="16" slack="0"/>
</pin_list>
<bind>
<opcode="add(8) " fcode="add"/>
<opset="S3D_7PT_buf_p1_2_rd_1/3 "/>
</bind>
</comp>

<comp id="842" class="1004" name="S3D_7PT_buf_p1_2_rd_2_fu_842">
<pin_list>
<pin id="843" dir="0" index="0" bw="1" slack="0"/>
<pin id="844" dir="0" index="1" bw="16" slack="0"/>
<pin id="845" dir="0" index="2" bw="16" slack="0"/>
<pin id="846" dir="1" index="3" bw="16" slack="0"/>
</pin_list>
<bind>
<opcode="select(49) " fcode="select"/>
<opset="S3D_7PT_buf_p1_2_rd_2/3 "/>
</bind>
</comp>

<comp id="850" class="1004" name="arg0_tmpConverter_1_2_fu_850">
<pin_list>
<pin id="851" dir="0" index="0" bw="256" slack="0"/>
<pin id="852" dir="1" index="1" bw="32" slack="7"/>
</pin_list>
<bind>
<opcode="trunc(33) " fcode="trunc"/>
<opset="arg0_tmpConverter_1_2/3 "/>
</bind>
</comp>

<comp id="854" class="1004" name="arg0_tmpConverter_1_2_1_fu_854">
<pin_list>
<pin id="855" dir="0" index="0" bw="32" slack="0"/>
<pin id="856" dir="0" index="1" bw="256" slack="0"/>
<pin id="857" dir="0" index="2" bw="7" slack="0"/>
<pin id="858" dir="0" index="3" bw="7" slack="0"/>
<pin id="859" dir="1" index="4" bw="32" slack="7"/>
</pin_list>
<bind>
<opcode="partselect(1002) " fcode="partselect"/>
<opset="arg0_tmpConverter_1_2_1/3 "/>
</bind>
</comp>

<comp id="864" class="1004" name="arg0_tmpConverter_1_2_2_fu_864">
<pin_list>
<pin id="865" dir="0" index="0" bw="32" slack="0"/>
<pin id="866" dir="0" index="1" bw="256" slack="0"/>
<pin id="867" dir="0" index="2" bw="8" slack="0"/>
<pin id="868" dir="0" index="3" bw="8" slack="0"/>
<pin id="869" dir="1" index="4" bw="32" slack="7"/>
</pin_list>
<bind>
<opcode="partselect(1002) " fcode="partselect"/>
<opset="arg0_tmpConverter_1_2_2/3 "/>
</bind>
</comp>

<comp id="874" class="1004" name="arg0_tmpConverter_1_2_3_fu_874">
<pin_list>
<pin id="875" dir="0" index="0" bw="32" slack="0"/>
<pin id="876" dir="0" index="1" bw="256" slack="0"/>
<pin id="877" dir="0" index="2" bw="8" slack="0"/>
<pin id="878" dir="0" index="3" bw="8" slack="0"/>
<pin id="879" dir="1" index="4" bw="32" slack="7"/>
</pin_list>
<bind>
<opcode="partselect(1002) " fcode="partselect"/>
<opset="arg0_tmpConverter_1_2_3/3 "/>
</bind>
</comp>

<comp id="884" class="1004" name="arg0_tmpConverter_1_2_4_fu_884">
<pin_list>
<pin id="885" dir="0" index="0" bw="32" slack="0"/>
<pin id="886" dir="0" index="1" bw="256" slack="0"/>
<pin id="887" dir="0" index="2" bw="9" slack="0"/>
<pin id="888" dir="0" index="3" bw="9" slack="0"/>
<pin id="889" dir="1" index="4" bw="32" slack="7"/>
</pin_list>
<bind>
<opcode="partselect(1002) " fcode="partselect"/>
<opset="arg0_tmpConverter_1_2_4/3 "/>
</bind>
</comp>

<comp id="894" class="1004" name="arg0_tmpConverter_1_2_5_fu_894">
<pin_list>
<pin id="895" dir="0" index="0" bw="32" slack="0"/>
<pin id="896" dir="0" index="1" bw="256" slack="0"/>
<pin id="897" dir="0" index="2" bw="9" slack="0"/>
<pin id="898" dir="0" index="3" bw="9" slack="0"/>
<pin id="899" dir="1" index="4" bw="32" slack="7"/>
</pin_list>
<bind>
<opcode="partselect(1002) " fcode="partselect"/>
<opset="arg0_tmpConverter_1_2_5/3 "/>
</bind>
</comp>

<comp id="904" class="1004" name="arg0_tmpConverter_1_2_6_fu_904">
<pin_list>
<pin id="905" dir="0" index="0" bw="32" slack="0"/>
<pin id="906" dir="0" index="1" bw="256" slack="0"/>
<pin id="907" dir="0" index="2" bw="9" slack="0"/>
<pin id="908" dir="0" index="3" bw="9" slack="0"/>
<pin id="909" dir="1" index="4" bw="32" slack="7"/>
</pin_list>
<bind>
<opcode="partselect(1002) " fcode="partselect"/>
<opset="arg0_tmpConverter_1_2_6/3 "/>
</bind>
</comp>

<comp id="914" class="1004" name="arg0_tmpConverter_1_2_7_fu_914">
<pin_list>
<pin id="915" dir="0" index="0" bw="32" slack="0"/>
<pin id="916" dir="0" index="1" bw="256" slack="0"/>
<pin id="917" dir="0" index="2" bw="9" slack="0"/>
<pin id="918" dir="0" index="3" bw="9" slack="0"/>
<pin id="919" dir="1" index="4" bw="32" slack="7"/>
</pin_list>
<bind>
<opcode="partselect(1002) " fcode="partselect"/>
<opset="arg0_tmpConverter_1_2_7/3 "/>
</bind>
</comp>

<comp id="924" class="1004" name="store_ln194_store_fu_924">
<pin_list>
<pin id="925" dir="0" index="0" bw="16" slack="0"/>
<pin id="926" dir="0" index="1" bw="16" slack="2"/>
<pin id="927" dir="1" index="2" bw="0" slack="2147483647"/>
</pin_list>
<bind>
<opcode="store(28) " fcode="store"/>
<opset="store_ln194/3 "/>
</bind>
</comp>

<comp id="929" class="1004" name="S3D_7PT_buf_r1_2_p1_wr_load_load_fu_929">
<pin_list>
<pin id="930" dir="0" index="0" bw="16" slack="3"/>
<pin id="931" dir="1" index="1" bw="16" slack="0"/>
</pin_list>
<bind>
<opcode="load(27) " fcode="load"/>
<opset="S3D_7PT_buf_r1_2_p1_wr_load/4 "/>
</bind>
</comp>

<comp id="932" class="1004" name="zext_ln260_fu_932">
<pin_list>
<pin id="933" dir="0" index="0" bw="16" slack="0"/>
<pin id="934" dir="1" index="1" bw="64" slack="0"/>
</pin_list>
<bind>
<opcode="zext(34) " fcode="zext"/>
<opset="zext_ln260/4 "/>
</bind>
</comp>

<comp id="937" class="1004" name="reuse_reg_load_load_fu_937">
<pin_list>
<pin id="938" dir="0" index="0" bw="256" slack="3"/>
<pin id="939" dir="1" index="1" bw="256" slack="0"/>
</pin_list>
<bind>
<opcode="load(27) " fcode="load"/>
<opset="reuse_reg_load/4 "/>
</bind>
</comp>

<comp id="940" class="1004" name="t_3_fu_940">
<pin_list>
<pin id="941" dir="0" index="0" bw="1" slack="1"/>
<pin id="942" dir="0" index="1" bw="256" slack="0"/>
<pin id="943" dir="0" index="2" bw="256" slack="0"/>
<pin id="944" dir="1" index="3" bw="256" slack="0"/>
</pin_list>
<bind>
<opcode="select(49) " fcode="select"/>
<opset="t_3/4 "/>
</bind>
</comp>

<comp id="947" class="1004" name="store_ln714_store_fu_947">
<pin_list>
<pin id="948" dir="0" index="0" bw="256" slack="1"/>
<pin id="949" dir="0" index="1" bw="256" slack="3"/>
<pin id="950" dir="1" index="2" bw="0" slack="2147483647"/>
</pin_list>
<bind>
<opcode="store(28) " fcode="store"/>
<opset="store_ln714/4 "/>
</bind>
</comp>

<comp id="951" class="1004" name="zext_ln292_fu_951">
<pin_list>
<pin id="952" dir="0" index="0" bw="16" slack="0"/>
<pin id="953" dir="1" index="1" bw="17" slack="0"/>
</pin_list>
<bind>
<opcode="zext(34) " fcode="zext"/>
<opset="zext_ln292/4 "/>
</bind>
</comp>

<comp id="955" class="1004" name="icmp_ln292_fu_955">
<pin_list>
<pin id="956" dir="0" index="0" bw="17" slack="0"/>
<pin id="957" dir="0" index="1" bw="17" slack="3"/>
<pin id="958" dir="1" index="2" bw="1" slack="0"/>
</pin_list>
<bind>
<opcode="icmp(45) " fcode="icmp"/>
<opset="icmp_ln292/4 "/>
</bind>
</comp>

<comp id="960" class="1004" name="cond_end_of_line_buff_S3D_7PT_buf_r1_2_p1_wr_fu_960">
<pin_list>
<pin id="961" dir="0" index="0" bw="1" slack="0"/>
<pin id="962" dir="0" index="1" bw="1" slack="0"/>
<pin id="963" dir="1" index="2" bw="1" slack="0"/>
</pin_list>
<bind>
<opcode="xor(25) " fcode="xor"/>
<opset="cond_end_of_line_buff_S3D_7PT_buf_r1_2_p1_wr/4 "/>
</bind>
</comp>

<comp id="966" class="1004" name="S3D_7PT_buf_r1_2_p1_wr_1_fu_966">
<pin_list>
<pin id="967" dir="0" index="0" bw="16" slack="0"/>
<pin id="968" dir="0" index="1" bw="1" slack="0"/>
<pin id="969" dir="1" index="2" bw="16" slack="0"/>
</pin_list>
<bind>
<opcode="add(8) " fcode="add"/>
<opset="S3D_7PT_buf_r1_2_p1_wr_1/4 "/>
</bind>
</comp>

<comp id="972" class="1004" name="S3D_7PT_buf_r1_2_p1_wr_2_fu_972">
<pin_list>
<pin id="973" dir="0" index="0" bw="1" slack="0"/>
<pin id="974" dir="0" index="1" bw="16" slack="0"/>
<pin id="975" dir="0" index="2" bw="16" slack="0"/>
<pin id="976" dir="1" index="3" bw="16" slack="0"/>
</pin_list>
<bind>
<opcode="select(49) " fcode="select"/>
<opset="S3D_7PT_buf_r1_2_p1_wr_2/4 "/>
</bind>
</comp>

<comp id="980" class="1004" name="arg0_tmpConverter_2_1_fu_980">
<pin_list>
<pin id="981" dir="0" index="0" bw="256" slack="0"/>
<pin id="982" dir="1" index="1" bw="32" slack="6"/>
</pin_list>
<bind>
<opcode="trunc(33) " fcode="trunc"/>
<opset="arg0_tmpConverter_2_1/4 "/>
</bind>
</comp>

<comp id="984" class="1004" name="arg0_tmpConverter_2_1_1_fu_984">
<pin_list>
<pin id="985" dir="0" index="0" bw="32" slack="0"/>
<pin id="986" dir="0" index="1" bw="256" slack="0"/>
<pin id="987" dir="0" index="2" bw="7" slack="0"/>
<pin id="988" dir="0" index="3" bw="7" slack="0"/>
<pin id="989" dir="1" index="4" bw="32" slack="6"/>
</pin_list>
<bind>
<opcode="partselect(1002) " fcode="partselect"/>
<opset="arg0_tmpConverter_2_1_1/4 "/>
</bind>
</comp>

<comp id="994" class="1004" name="arg0_tmpConverter_2_1_2_fu_994">
<pin_list>
<pin id="995" dir="0" index="0" bw="32" slack="0"/>
<pin id="996" dir="0" index="1" bw="256" slack="0"/>
<pin id="997" dir="0" index="2" bw="8" slack="0"/>
<pin id="998" dir="0" index="3" bw="8" slack="0"/>
<pin id="999" dir="1" index="4" bw="32" slack="6"/>
</pin_list>
<bind>
<opcode="partselect(1002) " fcode="partselect"/>
<opset="arg0_tmpConverter_2_1_2/4 "/>
</bind>
</comp>

<comp id="1004" class="1004" name="arg0_tmpConverter_2_1_3_fu_1004">
<pin_list>
<pin id="1005" dir="0" index="0" bw="32" slack="0"/>
<pin id="1006" dir="0" index="1" bw="256" slack="0"/>
<pin id="1007" dir="0" index="2" bw="8" slack="0"/>
<pin id="1008" dir="0" index="3" bw="8" slack="0"/>
<pin id="1009" dir="1" index="4" bw="32" slack="6"/>
</pin_list>
<bind>
<opcode="partselect(1002) " fcode="partselect"/>
<opset="arg0_tmpConverter_2_1_3/4 "/>
</bind>
</comp>

<comp id="1014" class="1004" name="arg0_tmpConverter_2_1_4_fu_1014">
<pin_list>
<pin id="1015" dir="0" index="0" bw="32" slack="0"/>
<pin id="1016" dir="0" index="1" bw="256" slack="0"/>
<pin id="1017" dir="0" index="2" bw="9" slack="0"/>
<pin id="1018" dir="0" index="3" bw="9" slack="0"/>
<pin id="1019" dir="1" index="4" bw="32" slack="6"/>
</pin_list>
<bind>
<opcode="partselect(1002) " fcode="partselect"/>
<opset="arg0_tmpConverter_2_1_4/4 "/>
</bind>
</comp>

<comp id="1024" class="1004" name="arg0_tmpConverter_2_1_5_fu_1024">
<pin_list>
<pin id="1025" dir="0" index="0" bw="32" slack="0"/>
<pin id="1026" dir="0" index="1" bw="256" slack="0"/>
<pin id="1027" dir="0" index="2" bw="9" slack="0"/>
<pin id="1028" dir="0" index="3" bw="9" slack="0"/>
<pin id="1029" dir="1" index="4" bw="32" slack="6"/>
</pin_list>
<bind>
<opcode="partselect(1002) " fcode="partselect"/>
<opset="arg0_tmpConverter_2_1_5/4 "/>
</bind>
</comp>

<comp id="1034" class="1004" name="arg0_tmpConverter_2_1_6_fu_1034">
<pin_list>
<pin id="1035" dir="0" index="0" bw="32" slack="0"/>
<pin id="1036" dir="0" index="1" bw="256" slack="0"/>
<pin id="1037" dir="0" index="2" bw="9" slack="0"/>
<pin id="1038" dir="0" index="3" bw="9" slack="0"/>
<pin id="1039" dir="1" index="4" bw="32" slack="6"/>
</pin_list>
<bind>
<opcode="partselect(1002) " fcode="partselect"/>
<opset="arg0_tmpConverter_2_1_6/4 "/>
</bind>
</comp>

<comp id="1044" class="1004" name="arg0_tmpConverter_2_1_7_fu_1044">
<pin_list>
<pin id="1045" dir="0" index="0" bw="32" slack="0"/>
<pin id="1046" dir="0" index="1" bw="256" slack="0"/>
<pin id="1047" dir="0" index="2" bw="9" slack="0"/>
<pin id="1048" dir="0" index="3" bw="9" slack="0"/>
<pin id="1049" dir="1" index="4" bw="32" slack="6"/>
</pin_list>
<bind>
<opcode="partselect(1002) " fcode="partselect"/>
<opset="arg0_tmpConverter_2_1_7/4 "/>
</bind>
</comp>

<comp id="1054" class="1004" name="store_ln194_store_fu_1054">
<pin_list>
<pin id="1055" dir="0" index="0" bw="16" slack="0"/>
<pin id="1056" dir="0" index="1" bw="16" slack="3"/>
<pin id="1057" dir="1" index="2" bw="0" slack="2147483647"/>
</pin_list>
<bind>
<opcode="store(28) " fcode="store"/>
<opset="store_ln194/4 "/>
</bind>
</comp>

<comp id="1059" class="1004" name="S3D_7PT_buf_r1_2_p1_rd_load_load_fu_1059">
<pin_list>
<pin id="1060" dir="0" index="0" bw="16" slack="4"/>
<pin id="1061" dir="1" index="1" bw="16" slack="0"/>
</pin_list>
<bind>
<opcode="load(27) " fcode="load"/>
<opset="S3D_7PT_buf_r1_2_p1_rd_load/5 "/>
</bind>
</comp>

<comp id="1062" class="1004" name="S3D_7PT_buf_r0_1_p1_wr_load_load_fu_1062">
<pin_list>
<pin id="1063" dir="0" index="0" bw="16" slack="4"/>
<pin id="1064" dir="1" index="1" bw="16" slack="0"/>
</pin_list>
<bind>
<opcode="load(27) " fcode="load"/>
<opset="S3D_7PT_buf_r0_1_p1_wr_load/5 "/>
</bind>
</comp>

<comp id="1065" class="1004" name="zext_ln256_fu_1065">
<pin_list>
<pin id="1066" dir="0" index="0" bw="16" slack="0"/>
<pin id="1067" dir="1" index="1" bw="64" slack="0"/>
</pin_list>
<bind>
<opcode="zext(34) " fcode="zext"/>
<opset="zext_ln256/5 "/>
</bind>
</comp>

<comp id="1070" class="1004" name="reuse_reg158_load_load_fu_1070">
<pin_list>
<pin id="1071" dir="0" index="0" bw="256" slack="4"/>
<pin id="1072" dir="1" index="1" bw="256" slack="1"/>
</pin_list>
<bind>
<opcode="load(27) " fcode="load"/>
<opset="reuse_reg158_load/5 "/>
</bind>
</comp>

<comp id="1073" class="1004" name="reuse_addr_reg159_load_load_fu_1073">
<pin_list>
<pin id="1074" dir="0" index="0" bw="64" slack="4"/>
<pin id="1075" dir="1" index="1" bw="64" slack="0"/>
</pin_list>
<bind>
<opcode="load(27) " fcode="load"/>
<opset="reuse_addr_reg159_load/5 "/>
</bind>
</comp>

<comp id="1076" class="1004" name="addr_cmp162_fu_1076">
<pin_list>
<pin id="1077" dir="0" index="0" bw="64" slack="0"/>
<pin id="1078" dir="0" index="1" bw="64" slack="1"/>
<pin id="1079" dir="1" index="2" bw="1" slack="1"/>
</pin_list>
<bind>
<opcode="icmp(45) " fcode="icmp"/>
<opset="addr_cmp162/5 "/>
</bind>
</comp>

<comp id="1081" class="1004" name="zext_ln263_fu_1081">
<pin_list>
<pin id="1082" dir="0" index="0" bw="16" slack="0"/>
<pin id="1083" dir="1" index="1" bw="64" slack="0"/>
</pin_list>
<bind>
<opcode="zext(34) " fcode="zext"/>
<opset="zext_ln263/5 "/>
</bind>
</comp>

<comp id="1086" class="1004" name="store_ln262_store_fu_1086">
<pin_list>
<pin id="1087" dir="0" index="0" bw="256" slack="1"/>
<pin id="1088" dir="0" index="1" bw="256" slack="4"/>
<pin id="1089" dir="1" index="2" bw="0" slack="2147483647"/>
</pin_list>
<bind>
<opcode="store(28) " fcode="store"/>
<opset="store_ln262/5 "/>
</bind>
</comp>

<comp id="1090" class="1004" name="store_ln263_store_fu_1090">
<pin_list>
<pin id="1091" dir="0" index="0" bw="16" slack="0"/>
<pin id="1092" dir="0" index="1" bw="64" slack="4"/>
<pin id="1093" dir="1" index="2" bw="0" slack="2147483647"/>
</pin_list>
<bind>
<opcode="store(28) " fcode="store"/>
<opset="store_ln263/5 "/>
</bind>
</comp>

<comp id="1095" class="1004" name="zext_ln280_fu_1095">
<pin_list>
<pin id="1096" dir="0" index="0" bw="16" slack="0"/>
<pin id="1097" dir="1" index="1" bw="17" slack="0"/>
</pin_list>
<bind>
<opcode="zext(34) " fcode="zext"/>
<opset="zext_ln280/5 "/>
</bind>
</comp>

<comp id="1099" class="1004" name="icmp_ln280_fu_1099">
<pin_list>
<pin id="1100" dir="0" index="0" bw="17" slack="0"/>
<pin id="1101" dir="0" index="1" bw="17" slack="4"/>
<pin id="1102" dir="1" index="2" bw="1" slack="0"/>
</pin_list>
<bind>
<opcode="icmp(45) " fcode="icmp"/>
<opset="icmp_ln280/5 "/>
</bind>
</comp>

<comp id="1104" class="1004" name="cond_end_of_line_buff_S3D_7PT_buf_r0_1_p1_wr_fu_1104">
<pin_list>
<pin id="1105" dir="0" index="0" bw="1" slack="0"/>
<pin id="1106" dir="0" index="1" bw="1" slack="0"/>
<pin id="1107" dir="1" index="2" bw="1" slack="0"/>
</pin_list>
<bind>
<opcode="xor(25) " fcode="xor"/>
<opset="cond_end_of_line_buff_S3D_7PT_buf_r0_1_p1_wr/5 "/>
</bind>
</comp>

<comp id="1110" class="1004" name="S3D_7PT_buf_r0_1_p1_wr_1_fu_1110">
<pin_list>
<pin id="1111" dir="0" index="0" bw="16" slack="0"/>
<pin id="1112" dir="0" index="1" bw="1" slack="0"/>
<pin id="1113" dir="1" index="2" bw="16" slack="0"/>
</pin_list>
<bind>
<opcode="add(8) " fcode="add"/>
<opset="S3D_7PT_buf_r0_1_p1_wr_1/5 "/>
</bind>
</comp>

<comp id="1116" class="1004" name="S3D_7PT_buf_r0_1_p1_wr_2_fu_1116">
<pin_list>
<pin id="1117" dir="0" index="0" bw="1" slack="0"/>
<pin id="1118" dir="0" index="1" bw="16" slack="0"/>
<pin id="1119" dir="0" index="2" bw="16" slack="0"/>
<pin id="1120" dir="1" index="3" bw="16" slack="0"/>
</pin_list>
<bind>
<opcode="select(49) " fcode="select"/>
<opset="S3D_7PT_buf_r0_1_p1_wr_2/5 "/>
</bind>
</comp>

<comp id="1124" class="1004" name="zext_ln291_fu_1124">
<pin_list>
<pin id="1125" dir="0" index="0" bw="16" slack="0"/>
<pin id="1126" dir="1" index="1" bw="17" slack="0"/>
</pin_list>
<bind>
<opcode="zext(34) " fcode="zext"/>
<opset="zext_ln291/5 "/>
</bind>
</comp>

<comp id="1128" class="1004" name="icmp_ln291_fu_1128">
<pin_list>
<pin id="1129" dir="0" index="0" bw="17" slack="0"/>
<pin id="1130" dir="0" index="1" bw="17" slack="4"/>
<pin id="1131" dir="1" index="2" bw="1" slack="0"/>
</pin_list>
<bind>
<opcode="icmp(45) " fcode="icmp"/>
<opset="icmp_ln291/5 "/>
</bind>
</comp>

<comp id="1133" class="1004" name="cond_end_of_line_buff_S3D_7PT_buf_r1_2_p1_rd_fu_1133">
<pin_list>
<pin id="1134" dir="0" index="0" bw="1" slack="0"/>
<pin id="1135" dir="0" index="1" bw="1" slack="0"/>
<pin id="1136" dir="1" index="2" bw="1" slack="0"/>
</pin_list>
<bind>
<opcode="xor(25) " fcode="xor"/>
<opset="cond_end_of_line_buff_S3D_7PT_buf_r1_2_p1_rd/5 "/>
</bind>
</comp>

<comp id="1139" class="1004" name="S3D_7PT_buf_r1_2_p1_rd_1_fu_1139">
<pin_list>
<pin id="1140" dir="0" index="0" bw="16" slack="0"/>
<pin id="1141" dir="0" index="1" bw="1" slack="0"/>
<pin id="1142" dir="1" index="2" bw="16" slack="0"/>
</pin_list>
<bind>
<opcode="add(8) " fcode="add"/>
<opset="S3D_7PT_buf_r1_2_p1_rd_1/5 "/>
</bind>
</comp>

<comp id="1145" class="1004" name="S3D_7PT_buf_r1_2_p1_rd_2_fu_1145">
<pin_list>
<pin id="1146" dir="0" index="0" bw="1" slack="0"/>
<pin id="1147" dir="0" index="1" bw="16" slack="0"/>
<pin id="1148" dir="0" index="2" bw="16" slack="0"/>
<pin id="1149" dir="1" index="3" bw="16" slack="0"/>
</pin_list>
<bind>
<opcode="select(49) " fcode="select"/>
<opset="S3D_7PT_buf_r1_2_p1_rd_2/5 "/>
</bind>
</comp>

<comp id="1153" class="1004" name="store_ln194_store_fu_1153">
<pin_list>
<pin id="1154" dir="0" index="0" bw="16" slack="0"/>
<pin id="1155" dir="0" index="1" bw="16" slack="4"/>
<pin id="1156" dir="1" index="2" bw="0" slack="2147483647"/>
</pin_list>
<bind>
<opcode="store(28) " fcode="store"/>
<opset="store_ln194/5 "/>
</bind>
</comp>

<comp id="1158" class="1004" name="store_ln194_store_fu_1158">
<pin_list>
<pin id="1159" dir="0" index="0" bw="16" slack="0"/>
<pin id="1160" dir="0" index="1" bw="16" slack="4"/>
<pin id="1161" dir="1" index="2" bw="0" slack="2147483647"/>
</pin_list>
<bind>
<opcode="store(28) " fcode="store"/>
<opset="store_ln194/5 "/>
</bind>
</comp>

<comp id="1163" class="1004" name="t_2_load_fu_1163">
<pin_list>
<pin id="1164" dir="0" index="0" bw="256" slack="5"/>
<pin id="1165" dir="1" index="1" bw="256" slack="0"/>
</pin_list>
<bind>
<opcode="load(27) " fcode="load"/>
<opset="t_2/6 "/>
</bind>
</comp>

<comp id="1166" class="1004" name="j_load_load_fu_1166">
<pin_list>
<pin id="1167" dir="0" index="0" bw="16" slack="5"/>
<pin id="1168" dir="1" index="1" bw="16" slack="0"/>
</pin_list>
<bind>
<opcode="load(27) " fcode="load"/>
<opset="j_load/6 "/>
</bind>
</comp>

<comp id="1169" class="1004" name="i_load_load_fu_1169">
<pin_list>
<pin id="1170" dir="0" index="0" bw="16" slack="5"/>
<pin id="1171" dir="1" index="1" bw="16" slack="0"/>
</pin_list>
<bind>
<opcode="load(27) " fcode="load"/>
<opset="i_load/6 "/>
</bind>
</comp>

<comp id="1172" class="1004" name="cond_x_terminate_fu_1172">
<pin_list>
<pin id="1173" dir="0" index="0" bw="16" slack="0"/>
<pin id="1174" dir="0" index="1" bw="16" slack="5"/>
<pin id="1175" dir="1" index="2" bw="1" slack="0"/>
</pin_list>
<bind>
<opcode="icmp(45) " fcode="icmp"/>
<opset="cond_x_terminate/6 "/>
</bind>
</comp>

<comp id="1177" class="1004" name="cond_y_terminate_fu_1177">
<pin_list>
<pin id="1178" dir="0" index="0" bw="16" slack="0"/>
<pin id="1179" dir="0" index="1" bw="16" slack="5"/>
<pin id="1180" dir="1" index="2" bw="1" slack="0"/>
</pin_list>
<bind>
<opcode="icmp(45) " fcode="icmp"/>
<opset="cond_y_terminate/6 "/>
</bind>
</comp>

<comp id="1182" class="1004" name="i_1_fu_1182">
<pin_list>
<pin id="1183" dir="0" index="0" bw="16" slack="0"/>
<pin id="1184" dir="0" index="1" bw="1" slack="0"/>
<pin id="1185" dir="1" index="2" bw="16" slack="0"/>
</pin_list>
<bind>
<opcode="add(8) " fcode="add"/>
<opset="i_1/6 "/>
</bind>
</comp>

<comp id="1188" class="1004" name="i_2_fu_1188">
<pin_list>
<pin id="1189" dir="0" index="0" bw="1" slack="0"/>
<pin id="1190" dir="0" index="1" bw="16" slack="0"/>
<pin id="1191" dir="0" index="2" bw="16" slack="0"/>
<pin id="1192" dir="1" index="3" bw="16" slack="0"/>
</pin_list>
<bind>
<opcode="select(49) " fcode="select"/>
<opset="i_2/6 "/>
</bind>
</comp>

<comp id="1196" class="1004" name="xor_ln234_fu_1196">
<pin_list>
<pin id="1197" dir="0" index="0" bw="1" slack="0"/>
<pin id="1198" dir="0" index="1" bw="1" slack="0"/>
<pin id="1199" dir="1" index="2" bw="1" slack="0"/>
</pin_list>
<bind>
<opcode="xor(25) " fcode="xor"/>
<opset="xor_ln234/6 "/>
</bind>
</comp>

<comp id="1202" class="1004" name="xor_ln234_1_fu_1202">
<pin_list>
<pin id="1203" dir="0" index="0" bw="1" slack="0"/>
<pin id="1204" dir="0" index="1" bw="1" slack="0"/>
<pin id="1205" dir="1" index="2" bw="1" slack="0"/>
</pin_list>
<bind>
<opcode="xor(25) " fcode="xor"/>
<opset="xor_ln234_1/6 "/>
</bind>
</comp>

<comp id="1208" class="1004" name="or_ln234_fu_1208">
<pin_list>
<pin id="1209" dir="0" index="0" bw="1" slack="0"/>
<pin id="1210" dir="0" index="1" bw="1" slack="0"/>
<pin id="1211" dir="1" index="2" bw="1" slack="0"/>
</pin_list>
<bind>
<opcode="or(24) " fcode="or"/>
<opset="or_ln234/6 "/>
</bind>
</comp>

<comp id="1214" class="1004" name="add_ln237_fu_1214">
<pin_list>
<pin id="1215" dir="0" index="0" bw="16" slack="0"/>
<pin id="1216" dir="0" index="1" bw="1" slack="0"/>
<pin id="1217" dir="1" index="2" bw="16" slack="0"/>
</pin_list>
<bind>
<opcode="add(8) " fcode="add"/>
<opset="add_ln237/6 "/>
</bind>
</comp>

<comp id="1220" class="1004" name="j_1_fu_1220">
<pin_list>
<pin id="1221" dir="0" index="0" bw="1" slack="0"/>
<pin id="1222" dir="0" index="1" bw="16" slack="0"/>
<pin id="1223" dir="0" index="2" bw="16" slack="0"/>
<pin id="1224" dir="1" index="3" bw="16" slack="0"/>
</pin_list>
<bind>
<opcode="select(49) " fcode="select"/>
<opset="j_1/6 "/>
</bind>
</comp>

<comp id="1228" class="1004" name="j_2_fu_1228">
<pin_list>
<pin id="1229" dir="0" index="0" bw="1" slack="0"/>
<pin id="1230" dir="0" index="1" bw="16" slack="0"/>
<pin id="1231" dir="0" index="2" bw="16" slack="0"/>
<pin id="1232" dir="1" index="3" bw="16" slack="0"/>
</pin_list>
<bind>
<opcode="select(49) " fcode="select"/>
<opset="j_2/6 "/>
</bind>
</comp>

<comp id="1236" class="1004" name="S3D_7PT_buf_r0_1_p1_rd_load_load_fu_1236">
<pin_list>
<pin id="1237" dir="0" index="0" bw="16" slack="5"/>
<pin id="1238" dir="1" index="1" bw="16" slack="0"/>
</pin_list>
<bind>
<opcode="load(27) " fcode="load"/>
<opset="S3D_7PT_buf_r0_1_p1_rd_load/6 "/>
</bind>
</comp>

<comp id="1239" class="1004" name="p_Val2_load_load_fu_1239">
<pin_list>
<pin id="1240" dir="0" index="0" bw="256" slack="5"/>
<pin id="1241" dir="1" index="1" bw="256" slack="0"/>
</pin_list>
<bind>
<opcode="load(27) " fcode="load"/>
<opset="p_Val2_load/6 "/>
</bind>
</comp>

<comp id="1243" class="1004" name="reuse_addr_reg165_load_load_fu_1243">
<pin_list>
<pin id="1244" dir="0" index="0" bw="64" slack="5"/>
<pin id="1245" dir="1" index="1" bw="64" slack="0"/>
</pin_list>
<bind>
<opcode="load(27) " fcode="load"/>
<opset="reuse_addr_reg165_load/6 "/>
</bind>
</comp>

<comp id="1246" class="1004" name="addr_cmp168_fu_1246">
<pin_list>
<pin id="1247" dir="0" index="0" bw="64" slack="0"/>
<pin id="1248" dir="0" index="1" bw="64" slack="1"/>
<pin id="1249" dir="1" index="2" bw="1" slack="1"/>
</pin_list>
<bind>
<opcode="icmp(45) " fcode="icmp"/>
<opset="addr_cmp168/6 "/>
</bind>
</comp>

<comp id="1251" class="1004" name="t_4_fu_1251">
<pin_list>
<pin id="1252" dir="0" index="0" bw="1" slack="1"/>
<pin id="1253" dir="0" index="1" bw="256" slack="1"/>
<pin id="1254" dir="0" index="2" bw="256" slack="0"/>
<pin id="1255" dir="1" index="3" bw="256" slack="0"/>
</pin_list>
<bind>
<opcode="select(49) " fcode="select"/>
<opset="t_4/6 "/>
</bind>
</comp>

<comp id="1257" class="1004" name="zext_ln261_fu_1257">
<pin_list>
<pin id="1258" dir="0" index="0" bw="16" slack="0"/>
<pin id="1259" dir="1" index="1" bw="64" slack="0"/>
</pin_list>
<bind>
<opcode="zext(34) " fcode="zext"/>
<opset="zext_ln261/6 "/>
</bind>
</comp>

<comp id="1262" class="1004" name="store_ln261_store_fu_1262">
<pin_list>
<pin id="1263" dir="0" index="0" bw="16" slack="0"/>
<pin id="1264" dir="0" index="1" bw="64" slack="5"/>
<pin id="1265" dir="1" index="2" bw="0" slack="2147483647"/>
</pin_list>
<bind>
<opcode="store(28) " fcode="store"/>
<opset="store_ln261/6 "/>
</bind>
</comp>

<comp id="1267" class="1004" name="zext_ln279_fu_1267">
<pin_list>
<pin id="1268" dir="0" index="0" bw="16" slack="0"/>
<pin id="1269" dir="1" index="1" bw="17" slack="0"/>
</pin_list>
<bind>
<opcode="zext(34) " fcode="zext"/>
<opset="zext_ln279/6 "/>
</bind>
</comp>

<comp id="1271" class="1004" name="icmp_ln279_fu_1271">
<pin_list>
<pin id="1272" dir="0" index="0" bw="17" slack="0"/>
<pin id="1273" dir="0" index="1" bw="17" slack="5"/>
<pin id="1274" dir="1" index="2" bw="1" slack="0"/>
</pin_list>
<bind>
<opcode="icmp(45) " fcode="icmp"/>
<opset="icmp_ln279/6 "/>
</bind>
</comp>

<comp id="1276" class="1004" name="cond_end_of_line_buff_S3D_7PT_buf_r0_1_p1_rd_fu_1276">
<pin_list>
<pin id="1277" dir="0" index="0" bw="1" slack="0"/>
<pin id="1278" dir="0" index="1" bw="1" slack="0"/>
<pin id="1279" dir="1" index="2" bw="1" slack="0"/>
</pin_list>
<bind>
<opcode="xor(25) " fcode="xor"/>
<opset="cond_end_of_line_buff_S3D_7PT_buf_r0_1_p1_rd/6 "/>
</bind>
</comp>

<comp id="1282" class="1004" name="S3D_7PT_buf_r0_1_p1_rd_1_fu_1282">
<pin_list>
<pin id="1283" dir="0" index="0" bw="16" slack="0"/>
<pin id="1284" dir="0" index="1" bw="1" slack="0"/>
<pin id="1285" dir="1" index="2" bw="16" slack="0"/>
</pin_list>
<bind>
<opcode="add(8) " fcode="add"/>
<opset="S3D_7PT_buf_r0_1_p1_rd_1/6 "/>
</bind>
</comp>

<comp id="1288" class="1004" name="S3D_7PT_buf_r0_1_p1_rd_2_fu_1288">
<pin_list>
<pin id="1289" dir="0" index="0" bw="1" slack="0"/>
<pin id="1290" dir="0" index="1" bw="16" slack="0"/>
<pin id="1291" dir="0" index="2" bw="16" slack="0"/>
<pin id="1292" dir="1" index="3" bw="16" slack="0"/>
</pin_list>
<bind>
<opcode="select(49) " fcode="select"/>
<opset="S3D_7PT_buf_r0_1_p1_rd_2/6 "/>
</bind>
</comp>

<comp id="1296" class="1004" name="arg0_tmpConverter_1_1_fu_1296">
<pin_list>
<pin id="1297" dir="0" index="0" bw="256" slack="0"/>
<pin id="1298" dir="1" index="1" bw="32" slack="0"/>
</pin_list>
<bind>
<opcode="trunc(33) " fcode="trunc"/>
<opset="arg0_tmpConverter_1_1/6 "/>
</bind>
</comp>

<comp id="1300" class="1004" name="arg0_rowArr_1_1_fu_1300">
<pin_list>
<pin id="1301" dir="0" index="0" bw="32" slack="0"/>
<pin id="1302" dir="1" index="1" bw="32" slack="4"/>
</pin_list>
<bind>
<opcode="bitcast(44) " fcode="bitcast"/>
<opset="arg0_rowArr_1_1/6 "/>
</bind>
</comp>

<comp id="1304" class="1004" name="arg0_tmpConverter_1_1_1_fu_1304">
<pin_list>
<pin id="1305" dir="0" index="0" bw="32" slack="0"/>
<pin id="1306" dir="0" index="1" bw="256" slack="0"/>
<pin id="1307" dir="0" index="2" bw="7" slack="0"/>
<pin id="1308" dir="0" index="3" bw="7" slack="0"/>
<pin id="1309" dir="1" index="4" bw="32" slack="0"/>
</pin_list>
<bind>
<opcode="partselect(1002) " fcode="partselect"/>
<opset="arg0_tmpConverter_1_1_1/6 "/>
</bind>
</comp>

<comp id="1314" class="1004" name="arg0_rowArr_1_1_1_fu_1314">
<pin_list>
<pin id="1315" dir="0" index="0" bw="32" slack="0"/>
<pin id="1316" dir="1" index="1" bw="32" slack="4"/>
</pin_list>
<bind>
<opcode="bitcast(44) " fcode="bitcast"/>
<opset="arg0_rowArr_1_1_1/6 "/>
</bind>
</comp>

<comp id="1318" class="1004" name="arg0_tmpConverter_1_1_2_fu_1318">
<pin_list>
<pin id="1319" dir="0" index="0" bw="32" slack="0"/>
<pin id="1320" dir="0" index="1" bw="256" slack="0"/>
<pin id="1321" dir="0" index="2" bw="8" slack="0"/>
<pin id="1322" dir="0" index="3" bw="8" slack="0"/>
<pin id="1323" dir="1" index="4" bw="32" slack="2"/>
</pin_list>
<bind>
<opcode="partselect(1002) " fcode="partselect"/>
<opset="arg0_tmpConverter_1_1_2/6 "/>
</bind>
</comp>

<comp id="1328" class="1004" name="arg0_tmpConverter_1_1_3_fu_1328">
<pin_list>
<pin id="1329" dir="0" index="0" bw="32" slack="0"/>
<pin id="1330" dir="0" index="1" bw="256" slack="0"/>
<pin id="1331" dir="0" index="2" bw="8" slack="0"/>
<pin id="1332" dir="0" index="3" bw="8" slack="0"/>
<pin id="1333" dir="1" index="4" bw="32" slack="2"/>
</pin_list>
<bind>
<opcode="partselect(1002) " fcode="partselect"/>
<opset="arg0_tmpConverter_1_1_3/6 "/>
</bind>
</comp>

<comp id="1338" class="1004" name="arg0_tmpConverter_1_1_4_fu_1338">
<pin_list>
<pin id="1339" dir="0" index="0" bw="32" slack="0"/>
<pin id="1340" dir="0" index="1" bw="256" slack="0"/>
<pin id="1341" dir="0" index="2" bw="9" slack="0"/>
<pin id="1342" dir="0" index="3" bw="9" slack="0"/>
<pin id="1343" dir="1" index="4" bw="32" slack="0"/>
</pin_list>
<bind>
<opcode="partselect(1002) " fcode="partselect"/>
<opset="arg0_tmpConverter_1_1_4/6 "/>
</bind>
</comp>

<comp id="1348" class="1004" name="arg0_rowArr_1_1_4_fu_1348">
<pin_list>
<pin id="1349" dir="0" index="0" bw="32" slack="0"/>
<pin id="1350" dir="1" index="1" bw="32" slack="4"/>
</pin_list>
<bind>
<opcode="bitcast(44) " fcode="bitcast"/>
<opset="arg0_rowArr_1_1_4/6 "/>
</bind>
</comp>

<comp id="1352" class="1004" name="arg1_tmpConvWrite_14_fu_1352">
<pin_list>
<pin id="1353" dir="0" index="0" bw="32" slack="0"/>
<pin id="1354" dir="0" index="1" bw="256" slack="0"/>
<pin id="1355" dir="0" index="2" bw="9" slack="0"/>
<pin id="1356" dir="0" index="3" bw="9" slack="0"/>
<pin id="1357" dir="1" index="4" bw="32" slack="4"/>
</pin_list>
<bind>
<opcode="partselect(1002) " fcode="partselect"/>
<opset="arg1_tmpConvWrite_14/6 "/>
</bind>
</comp>

<comp id="1362" class="1004" name="arg1_tmpConvWrite_15_fu_1362">
<pin_list>
<pin id="1363" dir="0" index="0" bw="32" slack="0"/>
<pin id="1364" dir="0" index="1" bw="256" slack="0"/>
<pin id="1365" dir="0" index="2" bw="9" slack="0"/>
<pin id="1366" dir="0" index="3" bw="9" slack="0"/>
<pin id="1367" dir="1" index="4" bw="32" slack="4"/>
</pin_list>
<bind>
<opcode="partselect(1002) " fcode="partselect"/>
<opset="arg1_tmpConvWrite_15/6 "/>
</bind>
</comp>

<comp id="1372" class="1004" name="arg1_tmpConvWrite_16_fu_1372">
<pin_list>
<pin id="1373" dir="0" index="0" bw="32" slack="0"/>
<pin id="1374" dir="0" index="1" bw="256" slack="0"/>
<pin id="1375" dir="0" index="2" bw="9" slack="0"/>
<pin id="1376" dir="0" index="3" bw="9" slack="0"/>
<pin id="1377" dir="1" index="4" bw="32" slack="4"/>
</pin_list>
<bind>
<opcode="partselect(1002) " fcode="partselect"/>
<opset="arg1_tmpConvWrite_16/6 "/>
</bind>
</comp>

<comp id="1382" class="1004" name="arg0_tmpConverter_0_1_1_7_fu_1382">
<pin_list>
<pin id="1383" dir="0" index="0" bw="32" slack="0"/>
<pin id="1384" dir="0" index="1" bw="256" slack="0"/>
<pin id="1385" dir="0" index="2" bw="9" slack="0"/>
<pin id="1386" dir="0" index="3" bw="9" slack="0"/>
<pin id="1387" dir="1" index="4" bw="32" slack="4"/>
</pin_list>
<bind>
<opcode="partselect(1002) " fcode="partselect"/>
<opset="arg0_tmpConverter_0_1_1_7/6 "/>
</bind>
</comp>

<comp id="1392" class="1004" name="arg0_tmpConverter_2_1_1_0_fu_1392">
<pin_list>
<pin id="1393" dir="0" index="0" bw="256" slack="0"/>
<pin id="1394" dir="1" index="1" bw="32" slack="4"/>
</pin_list>
<bind>
<opcode="trunc(33) " fcode="trunc"/>
<opset="arg0_tmpConverter_2_1_1_0/6 "/>
</bind>
</comp>

<comp id="1396" class="1004" name="index_fu_1396">
<pin_list>
<pin id="1397" dir="0" index="0" bw="16" slack="0"/>
<pin id="1398" dir="0" index="1" bw="3" slack="0"/>
<pin id="1399" dir="1" index="2" bw="16" slack="0"/>
</pin_list>
<bind>
<opcode="shl(20) " fcode="shl"/>
<opset="index/6 "/>
</bind>
</comp>

<comp id="1402" class="1004" name="j_2_cast_fu_1402">
<pin_list>
<pin id="1403" dir="0" index="0" bw="16" slack="0"/>
<pin id="1404" dir="1" index="1" bw="17" slack="0"/>
</pin_list>
<bind>
<opcode="sext(35) " fcode="sext"/>
<opset="j_2_cast/6 "/>
</bind>
</comp>

<comp id="1406" class="1004" name="cmp387_fu_1406">
<pin_list>
<pin id="1407" dir="0" index="0" bw="16" slack="0"/>
<pin id="1408" dir="0" index="1" bw="16" slack="5"/>
<pin id="1409" dir="1" index="2" bw="1" slack="2"/>
</pin_list>
<bind>
<opcode="icmp(45) " fcode="icmp"/>
<opset="cmp387/6 "/>
</bind>
</comp>

<comp id="1411" class="1004" name="slt144_fu_1411">
<pin_list>
<pin id="1412" dir="0" index="0" bw="16" slack="0"/>
<pin id="1413" dir="0" index="1" bw="16" slack="5"/>
<pin id="1414" dir="1" index="2" bw="1" slack="2"/>
</pin_list>
<bind>
<opcode="icmp(45) " fcode="icmp"/>
<opset="slt144/6 "/>
</bind>
</comp>

<comp id="1416" class="1004" name="sext_ln394_fu_1416">
<pin_list>
<pin id="1417" dir="0" index="0" bw="16" slack="0"/>
<pin id="1418" dir="1" index="1" bw="17" slack="0"/>
</pin_list>
<bind>
<opcode="sext(35) " fcode="sext"/>
<opset="sext_ln394/6 "/>
</bind>
</comp>

<comp id="1420" class="1004" name="icmp_ln394_fu_1420">
<pin_list>
<pin id="1421" dir="0" index="0" bw="16" slack="0"/>
<pin id="1422" dir="0" index="1" bw="16" slack="5"/>
<pin id="1423" dir="1" index="2" bw="1" slack="1"/>
</pin_list>
<bind>
<opcode="icmp(45) " fcode="icmp"/>
<opset="icmp_ln394/6 "/>
</bind>
</comp>

<comp id="1425" class="1004" name="icmp_ln395_fu_1425">
<pin_list>
<pin id="1426" dir="0" index="0" bw="16" slack="0"/>
<pin id="1427" dir="0" index="1" bw="16" slack="5"/>
<pin id="1428" dir="1" index="2" bw="1" slack="2"/>
</pin_list>
<bind>
<opcode="icmp(45) " fcode="icmp"/>
<opset="icmp_ln395/6 "/>
</bind>
</comp>

<comp id="1430" class="1004" name="index_1_fu_1430">
<pin_list>
<pin id="1431" dir="0" index="0" bw="16" slack="0"/>
<pin id="1432" dir="0" index="1" bw="16" slack="0"/>
<pin id="1433" dir="1" index="2" bw="16" slack="0"/>
</pin_list>
<bind>
<opcode="or(24) " fcode="or"/>
<opset="index_1/6 "/>
</bind>
</comp>

<comp id="1436" class="1004" name="sext_ln394_1_fu_1436">
<pin_list>
<pin id="1437" dir="0" index="0" bw="16" slack="0"/>
<pin id="1438" dir="1" index="1" bw="17" slack="0"/>
</pin_list>
<bind>
<opcode="sext(35) " fcode="sext"/>
<opset="sext_ln394_1/6 "/>
</bind>
</comp>

<comp id="1440" class="1004" name="icmp_ln394_1_fu_1440">
<pin_list>
<pin id="1441" dir="0" index="0" bw="16" slack="0"/>
<pin id="1442" dir="0" index="1" bw="16" slack="5"/>
<pin id="1443" dir="1" index="2" bw="1" slack="1"/>
</pin_list>
<bind>
<opcode="icmp(45) " fcode="icmp"/>
<opset="icmp_ln394_1/6 "/>
</bind>
</comp>

<comp id="1445" class="1004" name="icmp_ln395_1_fu_1445">
<pin_list>
<pin id="1446" dir="0" index="0" bw="16" slack="0"/>
<pin id="1447" dir="0" index="1" bw="16" slack="5"/>
<pin id="1448" dir="1" index="2" bw="1" slack="2"/>
</pin_list>
<bind>
<opcode="icmp(45) " fcode="icmp"/>
<opset="icmp_ln395_1/6 "/>
</bind>
</comp>

<comp id="1450" class="1004" name="index_2_fu_1450">
<pin_list>
<pin id="1451" dir="0" index="0" bw="16" slack="0"/>
<pin id="1452" dir="0" index="1" bw="16" slack="0"/>
<pin id="1453" dir="1" index="2" bw="16" slack="0"/>
</pin_list>
<bind>
<opcode="or(24) " fcode="or"/>
<opset="index_2/6 "/>
</bind>
</comp>

<comp id="1456" class="1004" name="sext_ln394_2_fu_1456">
<pin_list>
<pin id="1457" dir="0" index="0" bw="16" slack="0"/>
<pin id="1458" dir="1" index="1" bw="17" slack="0"/>
</pin_list>
<bind>
<opcode="sext(35) " fcode="sext"/>
<opset="sext_ln394_2/6 "/>
</bind>
</comp>

<comp id="1460" class="1004" name="icmp_ln394_2_fu_1460">
<pin_list>
<pin id="1461" dir="0" index="0" bw="16" slack="0"/>
<pin id="1462" dir="0" index="1" bw="16" slack="5"/>
<pin id="1463" dir="1" index="2" bw="1" slack="1"/>
</pin_list>
<bind>
<opcode="icmp(45) " fcode="icmp"/>
<opset="icmp_ln394_2/6 "/>
</bind>
</comp>

<comp id="1465" class="1004" name="icmp_ln395_2_fu_1465">
<pin_list>
<pin id="1466" dir="0" index="0" bw="16" slack="0"/>
<pin id="1467" dir="0" index="1" bw="16" slack="5"/>
<pin id="1468" dir="1" index="2" bw="1" slack="2"/>
</pin_list>
<bind>
<opcode="icmp(45) " fcode="icmp"/>
<opset="icmp_ln395_2/6 "/>
</bind>
</comp>

<comp id="1470" class="1004" name="index_3_fu_1470">
<pin_list>
<pin id="1471" dir="0" index="0" bw="16" slack="0"/>
<pin id="1472" dir="0" index="1" bw="16" slack="0"/>
<pin id="1473" dir="1" index="2" bw="16" slack="0"/>
</pin_list>
<bind>
<opcode="or(24) " fcode="or"/>
<opset="index_3/6 "/>
</bind>
</comp>

<comp id="1476" class="1004" name="sext_ln394_3_fu_1476">
<pin_list>
<pin id="1477" dir="0" index="0" bw="16" slack="0"/>
<pin id="1478" dir="1" index="1" bw="17" slack="0"/>
</pin_list>
<bind>
<opcode="sext(35) " fcode="sext"/>
<opset="sext_ln394_3/6 "/>
</bind>
</comp>

<comp id="1480" class="1004" name="icmp_ln394_3_fu_1480">
<pin_list>
<pin id="1481" dir="0" index="0" bw="16" slack="0"/>
<pin id="1482" dir="0" index="1" bw="16" slack="5"/>
<pin id="1483" dir="1" index="2" bw="1" slack="1"/>
</pin_list>
<bind>
<opcode="icmp(45) " fcode="icmp"/>
<opset="icmp_ln394_3/6 "/>
</bind>
</comp>

<comp id="1485" class="1004" name="icmp_ln395_3_fu_1485">
<pin_list>
<pin id="1486" dir="0" index="0" bw="16" slack="0"/>
<pin id="1487" dir="0" index="1" bw="16" slack="5"/>
<pin id="1488" dir="1" index="2" bw="1" slack="2"/>
</pin_list>
<bind>
<opcode="icmp(45) " fcode="icmp"/>
<opset="icmp_ln395_3/6 "/>
</bind>
</comp>

<comp id="1490" class="1004" name="index_4_fu_1490">
<pin_list>
<pin id="1491" dir="0" index="0" bw="16" slack="0"/>
<pin id="1492" dir="0" index="1" bw="16" slack="0"/>
<pin id="1493" dir="1" index="2" bw="16" slack="0"/>
</pin_list>
<bind>
<opcode="or(24) " fcode="or"/>
<opset="index_4/6 "/>
</bind>
</comp>

<comp id="1496" class="1004" name="sext_ln394_4_fu_1496">
<pin_list>
<pin id="1497" dir="0" index="0" bw="16" slack="0"/>
<pin id="1498" dir="1" index="1" bw="17" slack="0"/>
</pin_list>
<bind>
<opcode="sext(35) " fcode="sext"/>
<opset="sext_ln394_4/6 "/>
</bind>
</comp>

<comp id="1500" class="1004" name="icmp_ln394_4_fu_1500">
<pin_list>
<pin id="1501" dir="0" index="0" bw="16" slack="0"/>
<pin id="1502" dir="0" index="1" bw="16" slack="5"/>
<pin id="1503" dir="1" index="2" bw="1" slack="1"/>
</pin_list>
<bind>
<opcode="icmp(45) " fcode="icmp"/>
<opset="icmp_ln394_4/6 "/>
</bind>
</comp>

<comp id="1505" class="1004" name="icmp_ln395_4_fu_1505">
<pin_list>
<pin id="1506" dir="0" index="0" bw="16" slack="0"/>
<pin id="1507" dir="0" index="1" bw="16" slack="5"/>
<pin id="1508" dir="1" index="2" bw="1" slack="2"/>
</pin_list>
<bind>
<opcode="icmp(45) " fcode="icmp"/>
<opset="icmp_ln395_4/6 "/>
</bind>
</comp>

<comp id="1510" class="1004" name="index_5_fu_1510">
<pin_list>
<pin id="1511" dir="0" index="0" bw="16" slack="0"/>
<pin id="1512" dir="0" index="1" bw="16" slack="0"/>
<pin id="1513" dir="1" index="2" bw="16" slack="0"/>
</pin_list>
<bind>
<opcode="or(24) " fcode="or"/>
<opset="index_5/6 "/>
</bind>
</comp>

<comp id="1516" class="1004" name="sext_ln394_5_fu_1516">
<pin_list>
<pin id="1517" dir="0" index="0" bw="16" slack="0"/>
<pin id="1518" dir="1" index="1" bw="17" slack="0"/>
</pin_list>
<bind>
<opcode="sext(35) " fcode="sext"/>
<opset="sext_ln394_5/6 "/>
</bind>
</comp>

<comp id="1520" class="1004" name="icmp_ln394_5_fu_1520">
<pin_list>
<pin id="1521" dir="0" index="0" bw="16" slack="0"/>
<pin id="1522" dir="0" index="1" bw="16" slack="5"/>
<pin id="1523" dir="1" index="2" bw="1" slack="1"/>
</pin_list>
<bind>
<opcode="icmp(45) " fcode="icmp"/>
<opset="icmp_ln394_5/6 "/>
</bind>
</comp>

<comp id="1525" class="1004" name="icmp_ln395_5_fu_1525">
<pin_list>
<pin id="1526" dir="0" index="0" bw="16" slack="0"/>
<pin id="1527" dir="0" index="1" bw="16" slack="5"/>
<pin id="1528" dir="1" index="2" bw="1" slack="2"/>
</pin_list>
<bind>
<opcode="icmp(45) " fcode="icmp"/>
<opset="icmp_ln395_5/6 "/>
</bind>
</comp>

<comp id="1530" class="1004" name="index_6_fu_1530">
<pin_list>
<pin id="1531" dir="0" index="0" bw="16" slack="0"/>
<pin id="1532" dir="0" index="1" bw="16" slack="0"/>
<pin id="1533" dir="1" index="2" bw="16" slack="0"/>
</pin_list>
<bind>
<opcode="or(24) " fcode="or"/>
<opset="index_6/6 "/>
</bind>
</comp>

<comp id="1536" class="1004" name="sext_ln394_6_fu_1536">
<pin_list>
<pin id="1537" dir="0" index="0" bw="16" slack="0"/>
<pin id="1538" dir="1" index="1" bw="17" slack="0"/>
</pin_list>
<bind>
<opcode="sext(35) " fcode="sext"/>
<opset="sext_ln394_6/6 "/>
</bind>
</comp>

<comp id="1540" class="1004" name="icmp_ln394_6_fu_1540">
<pin_list>
<pin id="1541" dir="0" index="0" bw="16" slack="0"/>
<pin id="1542" dir="0" index="1" bw="16" slack="5"/>
<pin id="1543" dir="1" index="2" bw="1" slack="1"/>
</pin_list>
<bind>
<opcode="icmp(45) " fcode="icmp"/>
<opset="icmp_ln394_6/6 "/>
</bind>
</comp>

<comp id="1545" class="1004" name="icmp_ln395_6_fu_1545">
<pin_list>
<pin id="1546" dir="0" index="0" bw="16" slack="0"/>
<pin id="1547" dir="0" index="1" bw="16" slack="5"/>
<pin id="1548" dir="1" index="2" bw="1" slack="2"/>
</pin_list>
<bind>
<opcode="icmp(45) " fcode="icmp"/>
<opset="icmp_ln395_6/6 "/>
</bind>
</comp>

<comp id="1550" class="1004" name="index_7_fu_1550">
<pin_list>
<pin id="1551" dir="0" index="0" bw="16" slack="0"/>
<pin id="1552" dir="0" index="1" bw="16" slack="0"/>
<pin id="1553" dir="1" index="2" bw="16" slack="0"/>
</pin_list>
<bind>
<opcode="or(24) " fcode="or"/>
<opset="index_7/6 "/>
</bind>
</comp>

<comp id="1556" class="1004" name="sext_ln394_7_fu_1556">
<pin_list>
<pin id="1557" dir="0" index="0" bw="16" slack="0"/>
<pin id="1558" dir="1" index="1" bw="17" slack="0"/>
</pin_list>
<bind>
<opcode="sext(35) " fcode="sext"/>
<opset="sext_ln394_7/6 "/>
</bind>
</comp>

<comp id="1560" class="1004" name="icmp_ln394_7_fu_1560">
<pin_list>
<pin id="1561" dir="0" index="0" bw="16" slack="0"/>
<pin id="1562" dir="0" index="1" bw="16" slack="5"/>
<pin id="1563" dir="1" index="2" bw="1" slack="1"/>
</pin_list>
<bind>
<opcode="icmp(45) " fcode="icmp"/>
<opset="icmp_ln394_7/6 "/>
</bind>
</comp>

<comp id="1565" class="1004" name="icmp_ln395_7_fu_1565">
<pin_list>
<pin id="1566" dir="0" index="0" bw="16" slack="0"/>
<pin id="1567" dir="0" index="1" bw="16" slack="5"/>
<pin id="1568" dir="1" index="2" bw="1" slack="2"/>
</pin_list>
<bind>
<opcode="icmp(45) " fcode="icmp"/>
<opset="icmp_ln395_7/6 "/>
</bind>
</comp>

<comp id="1570" class="1004" name="store_ln194_store_fu_1570">
<pin_list>
<pin id="1571" dir="0" index="0" bw="256" slack="0"/>
<pin id="1572" dir="0" index="1" bw="256" slack="5"/>
<pin id="1573" dir="1" index="2" bw="0" slack="2147483647"/>
</pin_list>
<bind>
<opcode="store(28) " fcode="store"/>
<opset="store_ln194/6 "/>
</bind>
</comp>

<comp id="1575" class="1004" name="store_ln194_store_fu_1575">
<pin_list>
<pin id="1576" dir="0" index="0" bw="256" slack="0"/>
<pin id="1577" dir="0" index="1" bw="256" slack="5"/>
<pin id="1578" dir="1" index="2" bw="0" slack="2147483647"/>
</pin_list>
<bind>
<opcode="store(28) " fcode="store"/>
<opset="store_ln194/6 "/>
</bind>
</comp>

<comp id="1580" class="1004" name="store_ln194_store_fu_1580">
<pin_list>
<pin id="1581" dir="0" index="0" bw="16" slack="0"/>
<pin id="1582" dir="0" index="1" bw="16" slack="5"/>
<pin id="1583" dir="1" index="2" bw="0" slack="2147483647"/>
</pin_list>
<bind>
<opcode="store(28) " fcode="store"/>
<opset="store_ln194/6 "/>
</bind>
</comp>

<comp id="1585" class="1004" name="store_ln194_store_fu_1585">
<pin_list>
<pin id="1586" dir="0" index="0" bw="16" slack="0"/>
<pin id="1587" dir="0" index="1" bw="16" slack="5"/>
<pin id="1588" dir="1" index="2" bw="0" slack="2147483647"/>
</pin_list>
<bind>
<opcode="store(28) " fcode="store"/>
<opset="store_ln194/6 "/>
</bind>
</comp>

<comp id="1590" class="1004" name="store_ln194_store_fu_1590">
<pin_list>
<pin id="1591" dir="0" index="0" bw="16" slack="0"/>
<pin id="1592" dir="0" index="1" bw="16" slack="5"/>
<pin id="1593" dir="1" index="2" bw="0" slack="2147483647"/>
</pin_list>
<bind>
<opcode="store(28) " fcode="store"/>
<opset="store_ln194/6 "/>
</bind>
</comp>

<comp id="1595" class="1004" name="k_load_load_fu_1595">
<pin_list>
<pin id="1596" dir="0" index="0" bw="16" slack="6"/>
<pin id="1597" dir="1" index="1" bw="16" slack="0"/>
</pin_list>
<bind>
<opcode="load(27) " fcode="load"/>
<opset="k_load/7 "/>
</bind>
</comp>

<comp id="1598" class="1004" name="icmp_ln238_fu_1598">
<pin_list>
<pin id="1599" dir="0" index="0" bw="16" slack="0"/>
<pin id="1600" dir="0" index="1" bw="16" slack="6"/>
<pin id="1601" dir="1" index="2" bw="1" slack="0"/>
</pin_list>
<bind>
<opcode="icmp(45) " fcode="icmp"/>
<opset="icmp_ln238/7 "/>
</bind>
</comp>

<comp id="1603" class="1004" name="or_ln238_fu_1603">
<pin_list>
<pin id="1604" dir="0" index="0" bw="1" slack="1"/>
<pin id="1605" dir="0" index="1" bw="1" slack="0"/>
<pin id="1606" dir="1" index="2" bw="1" slack="0"/>
</pin_list>
<bind>
<opcode="or(24) " fcode="or"/>
<opset="or_ln238/7 "/>
</bind>
</comp>

<comp id="1608" class="1004" name="xor_ln238_fu_1608">
<pin_list>
<pin id="1609" dir="0" index="0" bw="1" slack="0"/>
<pin id="1610" dir="0" index="1" bw="1" slack="0"/>
<pin id="1611" dir="1" index="2" bw="1" slack="0"/>
</pin_list>
<bind>
<opcode="xor(25) " fcode="xor"/>
<opset="xor_ln238/7 "/>
</bind>
</comp>

<comp id="1614" class="1004" name="or_ln238_1_fu_1614">
<pin_list>
<pin id="1615" dir="0" index="0" bw="1" slack="0"/>
<pin id="1616" dir="0" index="1" bw="1" slack="1"/>
<pin id="1617" dir="1" index="2" bw="1" slack="0"/>
</pin_list>
<bind>
<opcode="or(24) " fcode="or"/>
<opset="or_ln238_1/7 "/>
</bind>
</comp>

<comp id="1619" class="1004" name="select_ln238_fu_1619">
<pin_list>
<pin id="1620" dir="0" index="0" bw="1" slack="0"/>
<pin id="1621" dir="0" index="1" bw="16" slack="0"/>
<pin id="1622" dir="0" index="2" bw="16" slack="0"/>
<pin id="1623" dir="1" index="3" bw="16" slack="0"/>
</pin_list>
<bind>
<opcode="select(49) " fcode="select"/>
<opset="select_ln238/7 "/>
</bind>
</comp>

<comp id="1627" class="1004" name="add_ln241_fu_1627">
<pin_list>
<pin id="1628" dir="0" index="0" bw="16" slack="0"/>
<pin id="1629" dir="0" index="1" bw="1" slack="0"/>
<pin id="1630" dir="1" index="2" bw="16" slack="0"/>
</pin_list>
<bind>
<opcode="add(8) " fcode="add"/>
<opset="add_ln241/7 "/>
</bind>
</comp>

<comp id="1633" class="1004" name="select_ln240_fu_1633">
<pin_list>
<pin id="1634" dir="0" index="0" bw="1" slack="1"/>
<pin id="1635" dir="0" index="1" bw="16" slack="0"/>
<pin id="1636" dir="0" index="2" bw="16" slack="0"/>
<pin id="1637" dir="1" index="3" bw="16" slack="0"/>
</pin_list>
<bind>
<opcode="select(49) " fcode="select"/>
<opset="select_ln240/7 "/>
</bind>
</comp>

<comp id="1640" class="1004" name="k_1_fu_1640">
<pin_list>
<pin id="1641" dir="0" index="0" bw="1" slack="0"/>
<pin id="1642" dir="0" index="1" bw="16" slack="0"/>
<pin id="1643" dir="0" index="2" bw="16" slack="0"/>
<pin id="1644" dir="1" index="3" bw="16" slack="0"/>
</pin_list>
<bind>
<opcode="select(49) " fcode="select"/>
<opset="k_1/7 "/>
</bind>
</comp>

<comp id="1648" class="1004" name="S3D_7PT_buf_p0_1_wr_load_load_fu_1648">
<pin_list>
<pin id="1649" dir="0" index="0" bw="16" slack="6"/>
<pin id="1650" dir="1" index="1" bw="16" slack="0"/>
</pin_list>
<bind>
<opcode="load(27) " fcode="load"/>
<opset="S3D_7PT_buf_p0_1_wr_load/7 "/>
</bind>
</comp>

<comp id="1651" class="1004" name="zext_ln255_fu_1651">
<pin_list>
<pin id="1652" dir="0" index="0" bw="16" slack="0"/>
<pin id="1653" dir="1" index="1" bw="64" slack="0"/>
</pin_list>
<bind>
<opcode="zext(34) " fcode="zext"/>
<opset="zext_ln255/7 "/>
</bind>
</comp>

<comp id="1656" class="1004" name="reuse_reg164_load_load_fu_1656">
<pin_list>
<pin id="1657" dir="0" index="0" bw="256" slack="6"/>
<pin id="1658" dir="1" index="1" bw="256" slack="0"/>
</pin_list>
<bind>
<opcode="load(27) " fcode="load"/>
<opset="reuse_reg164_load/7 "/>
</bind>
</comp>

<comp id="1659" class="1004" name="t_1_fu_1659">
<pin_list>
<pin id="1660" dir="0" index="0" bw="1" slack="1"/>
<pin id="1661" dir="0" index="1" bw="256" slack="0"/>
<pin id="1662" dir="0" index="2" bw="256" slack="0"/>
<pin id="1663" dir="1" index="3" bw="256" slack="0"/>
</pin_list>
<bind>
<opcode="select(49) " fcode="select"/>
<opset="t_1/7 "/>
</bind>
</comp>

<comp id="1666" class="1004" name="store_ln714_store_fu_1666">
<pin_list>
<pin id="1667" dir="0" index="0" bw="256" slack="1"/>
<pin id="1668" dir="0" index="1" bw="256" slack="6"/>
<pin id="1669" dir="1" index="2" bw="0" slack="2147483647"/>
</pin_list>
<bind>
<opcode="store(28) " fcode="store"/>
<opset="store_ln714/7 "/>
</bind>
</comp>

<comp id="1670" class="1004" name="icmp_ln268_fu_1670">
<pin_list>
<pin id="1671" dir="0" index="0" bw="16" slack="0"/>
<pin id="1672" dir="0" index="1" bw="16" slack="6"/>
<pin id="1673" dir="1" index="2" bw="1" slack="0"/>
</pin_list>
<bind>
<opcode="icmp(45) " fcode="icmp"/>
<opset="icmp_ln268/7 "/>
</bind>
</comp>

<comp id="1675" class="1004" name="cond_end_of_line_buff_S3D_7PT_buf_p0_1_wr_fu_1675">
<pin_list>
<pin id="1676" dir="0" index="0" bw="1" slack="0"/>
<pin id="1677" dir="0" index="1" bw="1" slack="0"/>
<pin id="1678" dir="1" index="2" bw="1" slack="0"/>
</pin_list>
<bind>
<opcode="xor(25) " fcode="xor"/>
<opset="cond_end_of_line_buff_S3D_7PT_buf_p0_1_wr/7 "/>
</bind>
</comp>

<comp id="1681" class="1004" name="S3D_7PT_buf_p0_1_wr_1_fu_1681">
<pin_list>
<pin id="1682" dir="0" index="0" bw="16" slack="0"/>
<pin id="1683" dir="0" index="1" bw="1" slack="0"/>
<pin id="1684" dir="1" index="2" bw="16" slack="0"/>
</pin_list>
<bind>
<opcode="add(8) " fcode="add"/>
<opset="S3D_7PT_buf_p0_1_wr_1/7 "/>
</bind>
</comp>

<comp id="1687" class="1004" name="S3D_7PT_buf_p0_1_wr_2_fu_1687">
<pin_list>
<pin id="1688" dir="0" index="0" bw="1" slack="0"/>
<pin id="1689" dir="0" index="1" bw="16" slack="0"/>
<pin id="1690" dir="0" index="2" bw="16" slack="0"/>
<pin id="1691" dir="1" index="3" bw="16" slack="0"/>
</pin_list>
<bind>
<opcode="select(49) " fcode="select"/>
<opset="S3D_7PT_buf_p0_1_wr_2/7 "/>
</bind>
</comp>

<comp id="1695" class="1004" name="arg0_tmpConverter_0_1_fu_1695">
<pin_list>
<pin id="1696" dir="0" index="0" bw="256" slack="0"/>
<pin id="1697" dir="1" index="1" bw="32" slack="3"/>
</pin_list>
<bind>
<opcode="trunc(33) " fcode="trunc"/>
<opset="arg0_tmpConverter_0_1/7 "/>
</bind>
</comp>

<comp id="1699" class="1004" name="arg0_tmpConverter_0_1_1_fu_1699">
<pin_list>
<pin id="1700" dir="0" index="0" bw="32" slack="0"/>
<pin id="1701" dir="0" index="1" bw="256" slack="0"/>
<pin id="1702" dir="0" index="2" bw="7" slack="0"/>
<pin id="1703" dir="0" index="3" bw="7" slack="0"/>
<pin id="1704" dir="1" index="4" bw="32" slack="3"/>
</pin_list>
<bind>
<opcode="partselect(1002) " fcode="partselect"/>
<opset="arg0_tmpConverter_0_1_1/7 "/>
</bind>
</comp>

<comp id="1709" class="1004" name="arg0_tmpConverter_0_1_2_fu_1709">
<pin_list>
<pin id="1710" dir="0" index="0" bw="32" slack="0"/>
<pin id="1711" dir="0" index="1" bw="256" slack="0"/>
<pin id="1712" dir="0" index="2" bw="8" slack="0"/>
<pin id="1713" dir="0" index="3" bw="8" slack="0"/>
<pin id="1714" dir="1" index="4" bw="32" slack="3"/>
</pin_list>
<bind>
<opcode="partselect(1002) " fcode="partselect"/>
<opset="arg0_tmpConverter_0_1_2/7 "/>
</bind>
</comp>

<comp id="1719" class="1004" name="arg0_tmpConverter_0_1_3_fu_1719">
<pin_list>
<pin id="1720" dir="0" index="0" bw="32" slack="0"/>
<pin id="1721" dir="0" index="1" bw="256" slack="0"/>
<pin id="1722" dir="0" index="2" bw="8" slack="0"/>
<pin id="1723" dir="0" index="3" bw="8" slack="0"/>
<pin id="1724" dir="1" index="4" bw="32" slack="3"/>
</pin_list>
<bind>
<opcode="partselect(1002) " fcode="partselect"/>
<opset="arg0_tmpConverter_0_1_3/7 "/>
</bind>
</comp>

<comp id="1729" class="1004" name="arg0_tmpConverter_0_1_4_fu_1729">
<pin_list>
<pin id="1730" dir="0" index="0" bw="32" slack="0"/>
<pin id="1731" dir="0" index="1" bw="256" slack="0"/>
<pin id="1732" dir="0" index="2" bw="9" slack="0"/>
<pin id="1733" dir="0" index="3" bw="9" slack="0"/>
<pin id="1734" dir="1" index="4" bw="32" slack="3"/>
</pin_list>
<bind>
<opcode="partselect(1002) " fcode="partselect"/>
<opset="arg0_tmpConverter_0_1_4/7 "/>
</bind>
</comp>

<comp id="1739" class="1004" name="arg0_tmpConverter_0_1_5_fu_1739">
<pin_list>
<pin id="1740" dir="0" index="0" bw="32" slack="0"/>
<pin id="1741" dir="0" index="1" bw="256" slack="0"/>
<pin id="1742" dir="0" index="2" bw="9" slack="0"/>
<pin id="1743" dir="0" index="3" bw="9" slack="0"/>
<pin id="1744" dir="1" index="4" bw="32" slack="3"/>
</pin_list>
<bind>
<opcode="partselect(1002) " fcode="partselect"/>
<opset="arg0_tmpConverter_0_1_5/7 "/>
</bind>
</comp>

<comp id="1749" class="1004" name="arg0_tmpConverter_0_1_6_fu_1749">
<pin_list>
<pin id="1750" dir="0" index="0" bw="32" slack="0"/>
<pin id="1751" dir="0" index="1" bw="256" slack="0"/>
<pin id="1752" dir="0" index="2" bw="9" slack="0"/>
<pin id="1753" dir="0" index="3" bw="9" slack="0"/>
<pin id="1754" dir="1" index="4" bw="32" slack="3"/>
</pin_list>
<bind>
<opcode="partselect(1002) " fcode="partselect"/>
<opset="arg0_tmpConverter_0_1_6/7 "/>
</bind>
</comp>

<comp id="1759" class="1004" name="arg0_tmpConverter_0_1_7_fu_1759">
<pin_list>
<pin id="1760" dir="0" index="0" bw="32" slack="0"/>
<pin id="1761" dir="0" index="1" bw="256" slack="0"/>
<pin id="1762" dir="0" index="2" bw="9" slack="0"/>
<pin id="1763" dir="0" index="3" bw="9" slack="0"/>
<pin id="1764" dir="1" index="4" bw="32" slack="3"/>
</pin_list>
<bind>
<opcode="partselect(1002) " fcode="partselect"/>
<opset="arg0_tmpConverter_0_1_7/7 "/>
</bind>
</comp>

<comp id="1769" class="1004" name="k_1_cast_fu_1769">
<pin_list>
<pin id="1770" dir="0" index="0" bw="16" slack="0"/>
<pin id="1771" dir="1" index="1" bw="17" slack="0"/>
</pin_list>
<bind>
<opcode="sext(35) " fcode="sext"/>
<opset="k_1_cast/7 "/>
</bind>
</comp>

<comp id="1773" class="1004" name="cmp399_fu_1773">
<pin_list>
<pin id="1774" dir="0" index="0" bw="16" slack="0"/>
<pin id="1775" dir="0" index="1" bw="16" slack="6"/>
<pin id="1776" dir="1" index="2" bw="1" slack="1"/>
</pin_list>
<bind>
<opcode="icmp(45) " fcode="icmp"/>
<opset="cmp399/7 "/>
</bind>
</comp>

<comp id="1778" class="1004" name="icmp_ln399_fu_1778">
<pin_list>
<pin id="1779" dir="0" index="0" bw="16" slack="0"/>
<pin id="1780" dir="0" index="1" bw="16" slack="6"/>
<pin id="1781" dir="1" index="2" bw="1" slack="1"/>
</pin_list>
<bind>
<opcode="icmp(45) " fcode="icmp"/>
<opset="icmp_ln399/7 "/>
</bind>
</comp>

<comp id="1783" class="1004" name="icmp_ln399_1_fu_1783">
<pin_list>
<pin id="1784" dir="0" index="0" bw="16" slack="0"/>
<pin id="1785" dir="0" index="1" bw="16" slack="6"/>
<pin id="1786" dir="1" index="2" bw="1" slack="1"/>
</pin_list>
<bind>
<opcode="icmp(45) " fcode="icmp"/>
<opset="icmp_ln399_1/7 "/>
</bind>
</comp>

<comp id="1788" class="1004" name="icmp_ln399_2_fu_1788">
<pin_list>
<pin id="1789" dir="0" index="0" bw="16" slack="0"/>
<pin id="1790" dir="0" index="1" bw="16" slack="6"/>
<pin id="1791" dir="1" index="2" bw="1" slack="1"/>
</pin_list>
<bind>
<opcode="icmp(45) " fcode="icmp"/>
<opset="icmp_ln399_2/7 "/>
</bind>
</comp>

<comp id="1793" class="1004" name="icmp_ln399_3_fu_1793">
<pin_list>
<pin id="1794" dir="0" index="0" bw="16" slack="0"/>
<pin id="1795" dir="0" index="1" bw="16" slack="6"/>
<pin id="1796" dir="1" index="2" bw="1" slack="1"/>
</pin_list>
<bind>
<opcode="icmp(45) " fcode="icmp"/>
<opset="icmp_ln399_3/7 "/>
</bind>
</comp>

<comp id="1798" class="1004" name="icmp_ln399_4_fu_1798">
<pin_list>
<pin id="1799" dir="0" index="0" bw="16" slack="0"/>
<pin id="1800" dir="0" index="1" bw="16" slack="6"/>
<pin id="1801" dir="1" index="2" bw="1" slack="1"/>
</pin_list>
<bind>
<opcode="icmp(45) " fcode="icmp"/>
<opset="icmp_ln399_4/7 "/>
</bind>
</comp>

<comp id="1803" class="1004" name="icmp_ln399_5_fu_1803">
<pin_list>
<pin id="1804" dir="0" index="0" bw="16" slack="0"/>
<pin id="1805" dir="0" index="1" bw="16" slack="6"/>
<pin id="1806" dir="1" index="2" bw="1" slack="1"/>
</pin_list>
<bind>
<opcode="icmp(45) " fcode="icmp"/>
<opset="icmp_ln399_5/7 "/>
</bind>
</comp>

<comp id="1808" class="1004" name="icmp_ln399_6_fu_1808">
<pin_list>
<pin id="1809" dir="0" index="0" bw="16" slack="0"/>
<pin id="1810" dir="0" index="1" bw="16" slack="6"/>
<pin id="1811" dir="1" index="2" bw="1" slack="1"/>
</pin_list>
<bind>
<opcode="icmp(45) " fcode="icmp"/>
<opset="icmp_ln399_6/7 "/>
</bind>
</comp>

<comp id="1813" class="1004" name="icmp_ln399_7_fu_1813">
<pin_list>
<pin id="1814" dir="0" index="0" bw="16" slack="0"/>
<pin id="1815" dir="0" index="1" bw="16" slack="6"/>
<pin id="1816" dir="1" index="2" bw="1" slack="1"/>
</pin_list>
<bind>
<opcode="icmp(45) " fcode="icmp"/>
<opset="icmp_ln399_7/7 "/>
</bind>
</comp>

<comp id="1818" class="1004" name="tmp_fu_1818">
<pin_list>
<pin id="1819" dir="0" index="0" bw="1" slack="0"/>
<pin id="1820" dir="0" index="1" bw="16" slack="0"/>
<pin id="1821" dir="0" index="2" bw="5" slack="0"/>
<pin id="1822" dir="1" index="3" bw="1" slack="13"/>
</pin_list>
<bind>
<opcode="bitselect(1000) " fcode="bitselect"/>
<opset="tmp/7 "/>
</bind>
</comp>

<comp id="1826" class="1004" name="store_ln194_store_fu_1826">
<pin_list>
<pin id="1827" dir="0" index="0" bw="16" slack="0"/>
<pin id="1828" dir="0" index="1" bw="16" slack="6"/>
<pin id="1829" dir="1" index="2" bw="0" slack="2147483647"/>
</pin_list>
<bind>
<opcode="store(28) " fcode="store"/>
<opset="store_ln194/7 "/>
</bind>
</comp>

<comp id="1831" class="1004" name="store_ln194_store_fu_1831">
<pin_list>
<pin id="1832" dir="0" index="0" bw="16" slack="0"/>
<pin id="1833" dir="0" index="1" bw="16" slack="6"/>
<pin id="1834" dir="1" index="2" bw="0" slack="2147483647"/>
</pin_list>
<bind>
<opcode="store(28) " fcode="store"/>
<opset="store_ln194/7 "/>
</bind>
</comp>

<comp id="1836" class="1004" name="S3D_7PT_buf_p0_1_rd_load_load_fu_1836">
<pin_list>
<pin id="1837" dir="0" index="0" bw="16" slack="7"/>
<pin id="1838" dir="1" index="1" bw="16" slack="0"/>
</pin_list>
<bind>
<opcode="load(27) " fcode="load"/>
<opset="S3D_7PT_buf_p0_1_rd_load/8 "/>
</bind>
</comp>

<comp id="1839" class="1004" name="reuse_reg170_load_load_fu_1839">
<pin_list>
<pin id="1840" dir="0" index="0" bw="256" slack="7"/>
<pin id="1841" dir="1" index="1" bw="256" slack="1"/>
</pin_list>
<bind>
<opcode="load(27) " fcode="load"/>
<opset="reuse_reg170_load/8 "/>
</bind>
</comp>

<comp id="1842" class="1004" name="reuse_addr_reg171_load_load_fu_1842">
<pin_list>
<pin id="1843" dir="0" index="0" bw="64" slack="7"/>
<pin id="1844" dir="1" index="1" bw="64" slack="0"/>
</pin_list>
<bind>
<opcode="load(27) " fcode="load"/>
<opset="reuse_addr_reg171_load/8 "/>
</bind>
</comp>

<comp id="1845" class="1004" name="addr_cmp174_fu_1845">
<pin_list>
<pin id="1846" dir="0" index="0" bw="64" slack="0"/>
<pin id="1847" dir="0" index="1" bw="64" slack="1"/>
<pin id="1848" dir="1" index="2" bw="1" slack="1"/>
</pin_list>
<bind>
<opcode="icmp(45) " fcode="icmp"/>
<opset="addr_cmp174/8 "/>
</bind>
</comp>

<comp id="1850" class="1004" name="zext_ln257_fu_1850">
<pin_list>
<pin id="1851" dir="0" index="0" bw="16" slack="0"/>
<pin id="1852" dir="1" index="1" bw="64" slack="0"/>
</pin_list>
<bind>
<opcode="zext(34) " fcode="zext"/>
<opset="zext_ln257/8 "/>
</bind>
</comp>

<comp id="1855" class="1004" name="store_ln256_store_fu_1855">
<pin_list>
<pin id="1856" dir="0" index="0" bw="256" slack="1"/>
<pin id="1857" dir="0" index="1" bw="256" slack="7"/>
<pin id="1858" dir="1" index="2" bw="0" slack="2147483647"/>
</pin_list>
<bind>
<opcode="store(28) " fcode="store"/>
<opset="store_ln256/8 "/>
</bind>
</comp>

<comp id="1859" class="1004" name="store_ln257_store_fu_1859">
<pin_list>
<pin id="1860" dir="0" index="0" bw="16" slack="0"/>
<pin id="1861" dir="0" index="1" bw="64" slack="7"/>
<pin id="1862" dir="1" index="2" bw="0" slack="2147483647"/>
</pin_list>
<bind>
<opcode="store(28) " fcode="store"/>
<opset="store_ln257/8 "/>
</bind>
</comp>

<comp id="1864" class="1004" name="icmp_ln267_fu_1864">
<pin_list>
<pin id="1865" dir="0" index="0" bw="16" slack="0"/>
<pin id="1866" dir="0" index="1" bw="16" slack="7"/>
<pin id="1867" dir="1" index="2" bw="1" slack="0"/>
</pin_list>
<bind>
<opcode="icmp(45) " fcode="icmp"/>
<opset="icmp_ln267/8 "/>
</bind>
</comp>

<comp id="1869" class="1004" name="cond_end_of_line_buff_S3D_7PT_buf_p0_1_rd_fu_1869">
<pin_list>
<pin id="1870" dir="0" index="0" bw="1" slack="0"/>
<pin id="1871" dir="0" index="1" bw="1" slack="0"/>
<pin id="1872" dir="1" index="2" bw="1" slack="0"/>
</pin_list>
<bind>
<opcode="xor(25) " fcode="xor"/>
<opset="cond_end_of_line_buff_S3D_7PT_buf_p0_1_rd/8 "/>
</bind>
</comp>

<comp id="1875" class="1004" name="S3D_7PT_buf_p0_1_rd_1_fu_1875">
<pin_list>
<pin id="1876" dir="0" index="0" bw="16" slack="0"/>
<pin id="1877" dir="0" index="1" bw="1" slack="0"/>
<pin id="1878" dir="1" index="2" bw="16" slack="0"/>
</pin_list>
<bind>
<opcode="add(8) " fcode="add"/>
<opset="S3D_7PT_buf_p0_1_rd_1/8 "/>
</bind>
</comp>

<comp id="1881" class="1004" name="S3D_7PT_buf_p0_1_rd_2_fu_1881">
<pin_list>
<pin id="1882" dir="0" index="0" bw="1" slack="0"/>
<pin id="1883" dir="0" index="1" bw="16" slack="0"/>
<pin id="1884" dir="0" index="2" bw="16" slack="0"/>
<pin id="1885" dir="1" index="3" bw="16" slack="0"/>
</pin_list>
<bind>
<opcode="select(49) " fcode="select"/>
<opset="S3D_7PT_buf_p0_1_rd_2/8 "/>
</bind>
</comp>

<comp id="1889" class="1004" name="arg0_rowArr_1_1_2_fu_1889">
<pin_list>
<pin id="1890" dir="0" index="0" bw="32" slack="2"/>
<pin id="1891" dir="1" index="1" bw="32" slack="2"/>
</pin_list>
<bind>
<opcode="bitcast(44) " fcode="bitcast"/>
<opset="arg0_rowArr_1_1_2/8 "/>
</bind>
</comp>

<comp id="1892" class="1004" name="arg0_rowArr_1_1_3_fu_1892">
<pin_list>
<pin id="1893" dir="0" index="0" bw="32" slack="2"/>
<pin id="1894" dir="1" index="1" bw="32" slack="2"/>
</pin_list>
<bind>
<opcode="bitcast(44) " fcode="bitcast"/>
<opset="arg0_rowArr_1_1_3/8 "/>
</bind>
</comp>

<comp id="1895" class="1004" name="rev145_fu_1895">
<pin_list>
<pin id="1896" dir="0" index="0" bw="1" slack="2"/>
<pin id="1897" dir="0" index="1" bw="1" slack="0"/>
<pin id="1898" dir="1" index="2" bw="1" slack="0"/>
</pin_list>
<bind>
<opcode="xor(25) " fcode="xor"/>
<opset="rev145/8 "/>
</bind>
</comp>

<comp id="1900" class="1004" name="xor_ln395_fu_1900">
<pin_list>
<pin id="1901" dir="0" index="0" bw="1" slack="2"/>
<pin id="1902" dir="0" index="1" bw="1" slack="0"/>
<pin id="1903" dir="1" index="2" bw="1" slack="0"/>
</pin_list>
<bind>
<opcode="xor(25) " fcode="xor"/>
<opset="xor_ln395/8 "/>
</bind>
</comp>

<comp id="1905" class="1004" name="xor_ln399_fu_1905">
<pin_list>
<pin id="1906" dir="0" index="0" bw="1" slack="1"/>
<pin id="1907" dir="0" index="1" bw="1" slack="0"/>
<pin id="1908" dir="1" index="2" bw="1" slack="0"/>
</pin_list>
<bind>
<opcode="xor(25) " fcode="xor"/>
<opset="xor_ln399/8 "/>
</bind>
</comp>

<comp id="1910" class="1004" name="or_ln396_fu_1910">
<pin_list>
<pin id="1911" dir="0" index="0" bw="1" slack="0"/>
<pin id="1912" dir="0" index="1" bw="1" slack="2"/>
<pin id="1913" dir="1" index="2" bw="1" slack="0"/>
</pin_list>
<bind>
<opcode="or(24) " fcode="or"/>
<opset="or_ln396/8 "/>
</bind>
</comp>

<comp id="1915" class="1004" name="or_ln396_1_fu_1915">
<pin_list>
<pin id="1916" dir="0" index="0" bw="1" slack="0"/>
<pin id="1917" dir="0" index="1" bw="1" slack="1"/>
<pin id="1918" dir="1" index="2" bw="1" slack="0"/>
</pin_list>
<bind>
<opcode="or(24) " fcode="or"/>
<opset="or_ln396_1/8 "/>
</bind>
</comp>

<comp id="1920" class="1004" name="or_ln396_2_fu_1920">
<pin_list>
<pin id="1921" dir="0" index="0" bw="1" slack="0"/>
<pin id="1922" dir="0" index="1" bw="1" slack="0"/>
<pin id="1923" dir="1" index="2" bw="1" slack="0"/>
</pin_list>
<bind>
<opcode="or(24) " fcode="or"/>
<opset="or_ln396_2/8 "/>
</bind>
</comp>

<comp id="1926" class="1004" name="neg_cond_fu_1926">
<pin_list>
<pin id="1927" dir="0" index="0" bw="1" slack="0"/>
<pin id="1928" dir="0" index="1" bw="1" slack="0"/>
<pin id="1929" dir="1" index="2" bw="1" slack="1"/>
</pin_list>
<bind>
<opcode="or(24) " fcode="or"/>
<opset="neg_cond/8 "/>
</bind>
</comp>

<comp id="1932" class="1004" name="xor_ln395_1_fu_1932">
<pin_list>
<pin id="1933" dir="0" index="0" bw="1" slack="2"/>
<pin id="1934" dir="0" index="1" bw="1" slack="0"/>
<pin id="1935" dir="1" index="2" bw="1" slack="0"/>
</pin_list>
<bind>
<opcode="xor(25) " fcode="xor"/>
<opset="xor_ln395_1/8 "/>
</bind>
</comp>

<comp id="1937" class="1004" name="xor_ln399_1_fu_1937">
<pin_list>
<pin id="1938" dir="0" index="0" bw="1" slack="1"/>
<pin id="1939" dir="0" index="1" bw="1" slack="0"/>
<pin id="1940" dir="1" index="2" bw="1" slack="0"/>
</pin_list>
<bind>
<opcode="xor(25) " fcode="xor"/>
<opset="xor_ln399_1/8 "/>
</bind>
</comp>

<comp id="1942" class="1004" name="or_ln396_4_fu_1942">
<pin_list>
<pin id="1943" dir="0" index="0" bw="1" slack="0"/>
<pin id="1944" dir="0" index="1" bw="1" slack="2"/>
<pin id="1945" dir="1" index="2" bw="1" slack="0"/>
</pin_list>
<bind>
<opcode="or(24) " fcode="or"/>
<opset="or_ln396_4/8 "/>
</bind>
</comp>

<comp id="1947" class="1004" name="or_ln396_5_fu_1947">
<pin_list>
<pin id="1948" dir="0" index="0" bw="1" slack="0"/>
<pin id="1949" dir="0" index="1" bw="1" slack="0"/>
<pin id="1950" dir="1" index="2" bw="1" slack="0"/>
</pin_list>
<bind>
<opcode="or(24) " fcode="or"/>
<opset="or_ln396_5/8 "/>
</bind>
</comp>

<comp id="1953" class="1004" name="or_ln396_6_fu_1953">
<pin_list>
<pin id="1954" dir="0" index="0" bw="1" slack="0"/>
<pin id="1955" dir="0" index="1" bw="1" slack="1"/>
<pin id="1956" dir="1" index="2" bw="1" slack="0"/>
</pin_list>
<bind>
<opcode="or(24) " fcode="or"/>
<opset="or_ln396_6/8 "/>
</bind>
</comp>

<comp id="1958" class="1004" name="neg_cond_1_fu_1958">
<pin_list>
<pin id="1959" dir="0" index="0" bw="1" slack="0"/>
<pin id="1960" dir="0" index="1" bw="1" slack="0"/>
<pin id="1961" dir="1" index="2" bw="1" slack="1"/>
</pin_list>
<bind>
<opcode="or(24) " fcode="or"/>
<opset="neg_cond_1/8 "/>
</bind>
</comp>

<comp id="1964" class="1004" name="xor_ln395_2_fu_1964">
<pin_list>
<pin id="1965" dir="0" index="0" bw="1" slack="2"/>
<pin id="1966" dir="0" index="1" bw="1" slack="0"/>
<pin id="1967" dir="1" index="2" bw="1" slack="0"/>
</pin_list>
<bind>
<opcode="xor(25) " fcode="xor"/>
<opset="xor_ln395_2/8 "/>
</bind>
</comp>

<comp id="1969" class="1004" name="xor_ln399_2_fu_1969">
<pin_list>
<pin id="1970" dir="0" index="0" bw="1" slack="1"/>
<pin id="1971" dir="0" index="1" bw="1" slack="0"/>
<pin id="1972" dir="1" index="2" bw="1" slack="0"/>
</pin_list>
<bind>
<opcode="xor(25) " fcode="xor"/>
<opset="xor_ln399_2/8 "/>
</bind>
</comp>

<comp id="1974" class="1004" name="or_ln396_8_fu_1974">
<pin_list>
<pin id="1975" dir="0" index="0" bw="1" slack="0"/>
<pin id="1976" dir="0" index="1" bw="1" slack="2"/>
<pin id="1977" dir="1" index="2" bw="1" slack="0"/>
</pin_list>
<bind>
<opcode="or(24) " fcode="or"/>
<opset="or_ln396_8/8 "/>
</bind>
</comp>

<comp id="1979" class="1004" name="or_ln396_9_fu_1979">
<pin_list>
<pin id="1980" dir="0" index="0" bw="1" slack="0"/>
<pin id="1981" dir="0" index="1" bw="1" slack="0"/>
<pin id="1982" dir="1" index="2" bw="1" slack="0"/>
</pin_list>
<bind>
<opcode="or(24) " fcode="or"/>
<opset="or_ln396_9/8 "/>
</bind>
</comp>

<comp id="1985" class="1004" name="or_ln396_10_fu_1985">
<pin_list>
<pin id="1986" dir="0" index="0" bw="1" slack="0"/>
<pin id="1987" dir="0" index="1" bw="1" slack="1"/>
<pin id="1988" dir="1" index="2" bw="1" slack="0"/>
</pin_list>
<bind>
<opcode="or(24) " fcode="or"/>
<opset="or_ln396_10/8 "/>
</bind>
</comp>

<comp id="1990" class="1004" name="neg_cond_2_fu_1990">
<pin_list>
<pin id="1991" dir="0" index="0" bw="1" slack="0"/>
<pin id="1992" dir="0" index="1" bw="1" slack="0"/>
<pin id="1993" dir="1" index="2" bw="1" slack="1"/>
</pin_list>
<bind>
<opcode="or(24) " fcode="or"/>
<opset="neg_cond_2/8 "/>
</bind>
</comp>

<comp id="1996" class="1004" name="xor_ln395_3_fu_1996">
<pin_list>
<pin id="1997" dir="0" index="0" bw="1" slack="2"/>
<pin id="1998" dir="0" index="1" bw="1" slack="0"/>
<pin id="1999" dir="1" index="2" bw="1" slack="0"/>
</pin_list>
<bind>
<opcode="xor(25) " fcode="xor"/>
<opset="xor_ln395_3/8 "/>
</bind>
</comp>

<comp id="2001" class="1004" name="xor_ln399_3_fu_2001">
<pin_list>
<pin id="2002" dir="0" index="0" bw="1" slack="1"/>
<pin id="2003" dir="0" index="1" bw="1" slack="0"/>
<pin id="2004" dir="1" index="2" bw="1" slack="0"/>
</pin_list>
<bind>
<opcode="xor(25) " fcode="xor"/>
<opset="xor_ln399_3/8 "/>
</bind>
</comp>

<comp id="2006" class="1004" name="or_ln396_12_fu_2006">
<pin_list>
<pin id="2007" dir="0" index="0" bw="1" slack="0"/>
<pin id="2008" dir="0" index="1" bw="1" slack="2"/>
<pin id="2009" dir="1" index="2" bw="1" slack="0"/>
</pin_list>
<bind>
<opcode="or(24) " fcode="or"/>
<opset="or_ln396_12/8 "/>
</bind>
</comp>

<comp id="2011" class="1004" name="or_ln396_13_fu_2011">
<pin_list>
<pin id="2012" dir="0" index="0" bw="1" slack="0"/>
<pin id="2013" dir="0" index="1" bw="1" slack="0"/>
<pin id="2014" dir="1" index="2" bw="1" slack="0"/>
</pin_list>
<bind>
<opcode="or(24) " fcode="or"/>
<opset="or_ln396_13/8 "/>
</bind>
</comp>

<comp id="2017" class="1004" name="or_ln396_14_fu_2017">
<pin_list>
<pin id="2018" dir="0" index="0" bw="1" slack="0"/>
<pin id="2019" dir="0" index="1" bw="1" slack="1"/>
<pin id="2020" dir="1" index="2" bw="1" slack="0"/>
</pin_list>
<bind>
<opcode="or(24) " fcode="or"/>
<opset="or_ln396_14/8 "/>
</bind>
</comp>

<comp id="2022" class="1004" name="neg_cond_3_fu_2022">
<pin_list>
<pin id="2023" dir="0" index="0" bw="1" slack="0"/>
<pin id="2024" dir="0" index="1" bw="1" slack="0"/>
<pin id="2025" dir="1" index="2" bw="1" slack="1"/>
</pin_list>
<bind>
<opcode="or(24) " fcode="or"/>
<opset="neg_cond_3/8 "/>
</bind>
</comp>

<comp id="2028" class="1004" name="xor_ln395_4_fu_2028">
<pin_list>
<pin id="2029" dir="0" index="0" bw="1" slack="2"/>
<pin id="2030" dir="0" index="1" bw="1" slack="0"/>
<pin id="2031" dir="1" index="2" bw="1" slack="0"/>
</pin_list>
<bind>
<opcode="xor(25) " fcode="xor"/>
<opset="xor_ln395_4/8 "/>
</bind>
</comp>

<comp id="2033" class="1004" name="xor_ln399_4_fu_2033">
<pin_list>
<pin id="2034" dir="0" index="0" bw="1" slack="1"/>
<pin id="2035" dir="0" index="1" bw="1" slack="0"/>
<pin id="2036" dir="1" index="2" bw="1" slack="0"/>
</pin_list>
<bind>
<opcode="xor(25) " fcode="xor"/>
<opset="xor_ln399_4/8 "/>
</bind>
</comp>

<comp id="2038" class="1004" name="or_ln396_16_fu_2038">
<pin_list>
<pin id="2039" dir="0" index="0" bw="1" slack="0"/>
<pin id="2040" dir="0" index="1" bw="1" slack="2"/>
<pin id="2041" dir="1" index="2" bw="1" slack="0"/>
</pin_list>
<bind>
<opcode="or(24) " fcode="or"/>
<opset="or_ln396_16/8 "/>
</bind>
</comp>

<comp id="2043" class="1004" name="or_ln396_17_fu_2043">
<pin_list>
<pin id="2044" dir="0" index="0" bw="1" slack="0"/>
<pin id="2045" dir="0" index="1" bw="1" slack="0"/>
<pin id="2046" dir="1" index="2" bw="1" slack="0"/>
</pin_list>
<bind>
<opcode="or(24) " fcode="or"/>
<opset="or_ln396_17/8 "/>
</bind>
</comp>

<comp id="2049" class="1004" name="or_ln396_18_fu_2049">
<pin_list>
<pin id="2050" dir="0" index="0" bw="1" slack="0"/>
<pin id="2051" dir="0" index="1" bw="1" slack="1"/>
<pin id="2052" dir="1" index="2" bw="1" slack="0"/>
</pin_list>
<bind>
<opcode="or(24) " fcode="or"/>
<opset="or_ln396_18/8 "/>
</bind>
</comp>

<comp id="2054" class="1004" name="neg_cond_4_fu_2054">
<pin_list>
<pin id="2055" dir="0" index="0" bw="1" slack="0"/>
<pin id="2056" dir="0" index="1" bw="1" slack="0"/>
<pin id="2057" dir="1" index="2" bw="1" slack="1"/>
</pin_list>
<bind>
<opcode="or(24) " fcode="or"/>
<opset="neg_cond_4/8 "/>
</bind>
</comp>

<comp id="2060" class="1004" name="xor_ln395_5_fu_2060">
<pin_list>
<pin id="2061" dir="0" index="0" bw="1" slack="2"/>
<pin id="2062" dir="0" index="1" bw="1" slack="0"/>
<pin id="2063" dir="1" index="2" bw="1" slack="0"/>
</pin_list>
<bind>
<opcode="xor(25) " fcode="xor"/>
<opset="xor_ln395_5/8 "/>
</bind>
</comp>

<comp id="2065" class="1004" name="xor_ln399_5_fu_2065">
<pin_list>
<pin id="2066" dir="0" index="0" bw="1" slack="1"/>
<pin id="2067" dir="0" index="1" bw="1" slack="0"/>
<pin id="2068" dir="1" index="2" bw="1" slack="0"/>
</pin_list>
<bind>
<opcode="xor(25) " fcode="xor"/>
<opset="xor_ln399_5/8 "/>
</bind>
</comp>

<comp id="2070" class="1004" name="or_ln396_20_fu_2070">
<pin_list>
<pin id="2071" dir="0" index="0" bw="1" slack="0"/>
<pin id="2072" dir="0" index="1" bw="1" slack="2"/>
<pin id="2073" dir="1" index="2" bw="1" slack="0"/>
</pin_list>
<bind>
<opcode="or(24) " fcode="or"/>
<opset="or_ln396_20/8 "/>
</bind>
</comp>

<comp id="2075" class="1004" name="or_ln396_21_fu_2075">
<pin_list>
<pin id="2076" dir="0" index="0" bw="1" slack="0"/>
<pin id="2077" dir="0" index="1" bw="1" slack="0"/>
<pin id="2078" dir="1" index="2" bw="1" slack="0"/>
</pin_list>
<bind>
<opcode="or(24) " fcode="or"/>
<opset="or_ln396_21/8 "/>
</bind>
</comp>

<comp id="2081" class="1004" name="or_ln396_22_fu_2081">
<pin_list>
<pin id="2082" dir="0" index="0" bw="1" slack="0"/>
<pin id="2083" dir="0" index="1" bw="1" slack="1"/>
<pin id="2084" dir="1" index="2" bw="1" slack="0"/>
</pin_list>
<bind>
<opcode="or(24) " fcode="or"/>
<opset="or_ln396_22/8 "/>
</bind>
</comp>

<comp id="2086" class="1004" name="neg_cond_5_fu_2086">
<pin_list>
<pin id="2087" dir="0" index="0" bw="1" slack="0"/>
<pin id="2088" dir="0" index="1" bw="1" slack="0"/>
<pin id="2089" dir="1" index="2" bw="1" slack="1"/>
</pin_list>
<bind>
<opcode="or(24) " fcode="or"/>
<opset="neg_cond_5/8 "/>
</bind>
</comp>

<comp id="2092" class="1004" name="xor_ln395_6_fu_2092">
<pin_list>
<pin id="2093" dir="0" index="0" bw="1" slack="2"/>
<pin id="2094" dir="0" index="1" bw="1" slack="0"/>
<pin id="2095" dir="1" index="2" bw="1" slack="0"/>
</pin_list>
<bind>
<opcode="xor(25) " fcode="xor"/>
<opset="xor_ln395_6/8 "/>
</bind>
</comp>

<comp id="2097" class="1004" name="xor_ln399_6_fu_2097">
<pin_list>
<pin id="2098" dir="0" index="0" bw="1" slack="1"/>
<pin id="2099" dir="0" index="1" bw="1" slack="0"/>
<pin id="2100" dir="1" index="2" bw="1" slack="0"/>
</pin_list>
<bind>
<opcode="xor(25) " fcode="xor"/>
<opset="xor_ln399_6/8 "/>
</bind>
</comp>

<comp id="2102" class="1004" name="or_ln396_24_fu_2102">
<pin_list>
<pin id="2103" dir="0" index="0" bw="1" slack="0"/>
<pin id="2104" dir="0" index="1" bw="1" slack="2"/>
<pin id="2105" dir="1" index="2" bw="1" slack="0"/>
</pin_list>
<bind>
<opcode="or(24) " fcode="or"/>
<opset="or_ln396_24/8 "/>
</bind>
</comp>

<comp id="2107" class="1004" name="or_ln396_25_fu_2107">
<pin_list>
<pin id="2108" dir="0" index="0" bw="1" slack="0"/>
<pin id="2109" dir="0" index="1" bw="1" slack="0"/>
<pin id="2110" dir="1" index="2" bw="1" slack="0"/>
</pin_list>
<bind>
<opcode="or(24) " fcode="or"/>
<opset="or_ln396_25/8 "/>
</bind>
</comp>

<comp id="2113" class="1004" name="or_ln396_26_fu_2113">
<pin_list>
<pin id="2114" dir="0" index="0" bw="1" slack="0"/>
<pin id="2115" dir="0" index="1" bw="1" slack="1"/>
<pin id="2116" dir="1" index="2" bw="1" slack="0"/>
</pin_list>
<bind>
<opcode="or(24) " fcode="or"/>
<opset="or_ln396_26/8 "/>
</bind>
</comp>

<comp id="2118" class="1004" name="neg_cond_6_fu_2118">
<pin_list>
<pin id="2119" dir="0" index="0" bw="1" slack="0"/>
<pin id="2120" dir="0" index="1" bw="1" slack="0"/>
<pin id="2121" dir="1" index="2" bw="1" slack="1"/>
</pin_list>
<bind>
<opcode="or(24) " fcode="or"/>
<opset="neg_cond_6/8 "/>
</bind>
</comp>

<comp id="2124" class="1004" name="xor_ln395_7_fu_2124">
<pin_list>
<pin id="2125" dir="0" index="0" bw="1" slack="2"/>
<pin id="2126" dir="0" index="1" bw="1" slack="0"/>
<pin id="2127" dir="1" index="2" bw="1" slack="0"/>
</pin_list>
<bind>
<opcode="xor(25) " fcode="xor"/>
<opset="xor_ln395_7/8 "/>
</bind>
</comp>

<comp id="2129" class="1004" name="xor_ln399_7_fu_2129">
<pin_list>
<pin id="2130" dir="0" index="0" bw="1" slack="1"/>
<pin id="2131" dir="0" index="1" bw="1" slack="0"/>
<pin id="2132" dir="1" index="2" bw="1" slack="0"/>
</pin_list>
<bind>
<opcode="xor(25) " fcode="xor"/>
<opset="xor_ln399_7/8 "/>
</bind>
</comp>

<comp id="2134" class="1004" name="or_ln396_28_fu_2134">
<pin_list>
<pin id="2135" dir="0" index="0" bw="1" slack="0"/>
<pin id="2136" dir="0" index="1" bw="1" slack="2"/>
<pin id="2137" dir="1" index="2" bw="1" slack="0"/>
</pin_list>
<bind>
<opcode="or(24) " fcode="or"/>
<opset="or_ln396_28/8 "/>
</bind>
</comp>

<comp id="2139" class="1004" name="or_ln396_29_fu_2139">
<pin_list>
<pin id="2140" dir="0" index="0" bw="1" slack="0"/>
<pin id="2141" dir="0" index="1" bw="1" slack="0"/>
<pin id="2142" dir="1" index="2" bw="1" slack="0"/>
</pin_list>
<bind>
<opcode="or(24) " fcode="or"/>
<opset="or_ln396_29/8 "/>
</bind>
</comp>

<comp id="2145" class="1004" name="or_ln396_30_fu_2145">
<pin_list>
<pin id="2146" dir="0" index="0" bw="1" slack="0"/>
<pin id="2147" dir="0" index="1" bw="1" slack="1"/>
<pin id="2148" dir="1" index="2" bw="1" slack="0"/>
</pin_list>
<bind>
<opcode="or(24) " fcode="or"/>
<opset="or_ln396_30/8 "/>
</bind>
</comp>

<comp id="2150" class="1004" name="neg_cond_7_fu_2150">
<pin_list>
<pin id="2151" dir="0" index="0" bw="1" slack="0"/>
<pin id="2152" dir="0" index="1" bw="1" slack="0"/>
<pin id="2153" dir="1" index="2" bw="1" slack="1"/>
</pin_list>
<bind>
<opcode="or(24) " fcode="or"/>
<opset="neg_cond_7/8 "/>
</bind>
</comp>

<comp id="2156" class="1004" name="store_ln194_store_fu_2156">
<pin_list>
<pin id="2157" dir="0" index="0" bw="16" slack="0"/>
<pin id="2158" dir="0" index="1" bw="16" slack="7"/>
<pin id="2159" dir="1" index="2" bw="0" slack="2147483647"/>
</pin_list>
<bind>
<opcode="store(28) " fcode="store"/>
<opset="store_ln194/8 "/>
</bind>
</comp>

<comp id="2161" class="1004" name="t_fu_2161">
<pin_list>
<pin id="2162" dir="0" index="0" bw="1" slack="1"/>
<pin id="2163" dir="0" index="1" bw="256" slack="1"/>
<pin id="2164" dir="0" index="2" bw="256" slack="0"/>
<pin id="2165" dir="1" index="3" bw="256" slack="0"/>
</pin_list>
<bind>
<opcode="select(49) " fcode="select"/>
<opset="t/9 "/>
</bind>
</comp>

<comp id="2167" class="1004" name="arg0_tmpConverter_1_0_fu_2167">
<pin_list>
<pin id="2168" dir="0" index="0" bw="256" slack="0"/>
<pin id="2169" dir="1" index="1" bw="32" slack="0"/>
</pin_list>
<bind>
<opcode="trunc(33) " fcode="trunc"/>
<opset="arg0_tmpConverter_1_0/9 "/>
</bind>
</comp>

<comp id="2171" class="1004" name="arg0_rowArr_1_0_fu_2171">
<pin_list>
<pin id="2172" dir="0" index="0" bw="32" slack="0"/>
<pin id="2173" dir="1" index="1" bw="32" slack="1"/>
</pin_list>
<bind>
<opcode="bitcast(44) " fcode="bitcast"/>
<opset="arg0_rowArr_1_0/9 "/>
</bind>
</comp>

<comp id="2175" class="1004" name="arg0_tmpConverter_1_0_1_fu_2175">
<pin_list>
<pin id="2176" dir="0" index="0" bw="32" slack="0"/>
<pin id="2177" dir="0" index="1" bw="256" slack="0"/>
<pin id="2178" dir="0" index="2" bw="7" slack="0"/>
<pin id="2179" dir="0" index="3" bw="7" slack="0"/>
<pin id="2180" dir="1" index="4" bw="32" slack="1"/>
</pin_list>
<bind>
<opcode="partselect(1002) " fcode="partselect"/>
<opset="arg0_tmpConverter_1_0_1/9 "/>
</bind>
</comp>

<comp id="2185" class="1004" name="arg0_tmpConverter_1_0_2_fu_2185">
<pin_list>
<pin id="2186" dir="0" index="0" bw="32" slack="0"/>
<pin id="2187" dir="0" index="1" bw="256" slack="0"/>
<pin id="2188" dir="0" index="2" bw="8" slack="0"/>
<pin id="2189" dir="0" index="3" bw="8" slack="0"/>
<pin id="2190" dir="1" index="4" bw="32" slack="1"/>
</pin_list>
<bind>
<opcode="partselect(1002) " fcode="partselect"/>
<opset="arg0_tmpConverter_1_0_2/9 "/>
</bind>
</comp>

<comp id="2195" class="1004" name="arg0_tmpConverter_1_0_3_fu_2195">
<pin_list>
<pin id="2196" dir="0" index="0" bw="32" slack="0"/>
<pin id="2197" dir="0" index="1" bw="256" slack="0"/>
<pin id="2198" dir="0" index="2" bw="8" slack="0"/>
<pin id="2199" dir="0" index="3" bw="8" slack="0"/>
<pin id="2200" dir="1" index="4" bw="32" slack="1"/>
</pin_list>
<bind>
<opcode="partselect(1002) " fcode="partselect"/>
<opset="arg0_tmpConverter_1_0_3/9 "/>
</bind>
</comp>

<comp id="2205" class="1004" name="arg0_tmpConverter_1_0_4_fu_2205">
<pin_list>
<pin id="2206" dir="0" index="0" bw="32" slack="0"/>
<pin id="2207" dir="0" index="1" bw="256" slack="0"/>
<pin id="2208" dir="0" index="2" bw="9" slack="0"/>
<pin id="2209" dir="0" index="3" bw="9" slack="0"/>
<pin id="2210" dir="1" index="4" bw="32" slack="1"/>
</pin_list>
<bind>
<opcode="partselect(1002) " fcode="partselect"/>
<opset="arg0_tmpConverter_1_0_4/9 "/>
</bind>
</comp>

<comp id="2215" class="1004" name="arg0_tmpConverter_1_0_5_fu_2215">
<pin_list>
<pin id="2216" dir="0" index="0" bw="32" slack="0"/>
<pin id="2217" dir="0" index="1" bw="256" slack="0"/>
<pin id="2218" dir="0" index="2" bw="9" slack="0"/>
<pin id="2219" dir="0" index="3" bw="9" slack="0"/>
<pin id="2220" dir="1" index="4" bw="32" slack="1"/>
</pin_list>
<bind>
<opcode="partselect(1002) " fcode="partselect"/>
<opset="arg0_tmpConverter_1_0_5/9 "/>
</bind>
</comp>

<comp id="2225" class="1004" name="arg0_tmpConverter_1_0_6_fu_2225">
<pin_list>
<pin id="2226" dir="0" index="0" bw="32" slack="0"/>
<pin id="2227" dir="0" index="1" bw="256" slack="0"/>
<pin id="2228" dir="0" index="2" bw="9" slack="0"/>
<pin id="2229" dir="0" index="3" bw="9" slack="0"/>
<pin id="2230" dir="1" index="4" bw="32" slack="1"/>
</pin_list>
<bind>
<opcode="partselect(1002) " fcode="partselect"/>
<opset="arg0_tmpConverter_1_0_6/9 "/>
</bind>
</comp>

<comp id="2235" class="1004" name="arg0_tmpConverter_1_0_7_fu_2235">
<pin_list>
<pin id="2236" dir="0" index="0" bw="32" slack="0"/>
<pin id="2237" dir="0" index="1" bw="256" slack="0"/>
<pin id="2238" dir="0" index="2" bw="9" slack="0"/>
<pin id="2239" dir="0" index="3" bw="9" slack="0"/>
<pin id="2240" dir="1" index="4" bw="32" slack="1"/>
</pin_list>
<bind>
<opcode="partselect(1002) " fcode="partselect"/>
<opset="arg0_tmpConverter_1_0_7/9 "/>
</bind>
</comp>

<comp id="2245" class="1004" name="arg0_rowArr_0_1_fu_2245">
<pin_list>
<pin id="2246" dir="0" index="0" bw="32" slack="3"/>
<pin id="2247" dir="1" index="1" bw="32" slack="0"/>
</pin_list>
<bind>
<opcode="bitcast(44) " fcode="bitcast"/>
<opset="arg0_rowArr_0_1/10 "/>
</bind>
</comp>

<comp id="2249" class="1004" name="arg0_rowArr_2_1_fu_2249">
<pin_list>
<pin id="2250" dir="0" index="0" bw="32" slack="6"/>
<pin id="2251" dir="1" index="1" bw="32" slack="0"/>
</pin_list>
<bind>
<opcode="bitcast(44) " fcode="bitcast"/>
<opset="arg0_rowArr_2_1/10 "/>
</bind>
</comp>

<comp id="2253" class="1004" name="arg0_rowArr_1_2_fu_2253">
<pin_list>
<pin id="2254" dir="0" index="0" bw="32" slack="7"/>
<pin id="2255" dir="1" index="1" bw="32" slack="0"/>
</pin_list>
<bind>
<opcode="bitcast(44) " fcode="bitcast"/>
<opset="arg0_rowArr_1_2/10 "/>
</bind>
</comp>

<comp id="2257" class="1004" name="arg0_rowArr_1_0_1_fu_2257">
<pin_list>
<pin id="2258" dir="0" index="0" bw="32" slack="1"/>
<pin id="2259" dir="1" index="1" bw="32" slack="0"/>
</pin_list>
<bind>
<opcode="bitcast(44) " fcode="bitcast"/>
<opset="arg0_rowArr_1_0_1/10 "/>
</bind>
</comp>

<comp id="2261" class="1004" name="arg0_rowArr_0_1_1_fu_2261">
<pin_list>
<pin id="2262" dir="0" index="0" bw="32" slack="3"/>
<pin id="2263" dir="1" index="1" bw="32" slack="0"/>
</pin_list>
<bind>
<opcode="bitcast(44) " fcode="bitcast"/>
<opset="arg0_rowArr_0_1_1/10 "/>
</bind>
</comp>

<comp id="2265" class="1004" name="arg0_rowArr_2_1_1_fu_2265">
<pin_list>
<pin id="2266" dir="0" index="0" bw="32" slack="6"/>
<pin id="2267" dir="1" index="1" bw="32" slack="0"/>
</pin_list>
<bind>
<opcode="bitcast(44) " fcode="bitcast"/>
<opset="arg0_rowArr_2_1_1/10 "/>
</bind>
</comp>

<comp id="2269" class="1004" name="arg0_rowArr_1_2_1_fu_2269">
<pin_list>
<pin id="2270" dir="0" index="0" bw="32" slack="7"/>
<pin id="2271" dir="1" index="1" bw="32" slack="0"/>
</pin_list>
<bind>
<opcode="bitcast(44) " fcode="bitcast"/>
<opset="arg0_rowArr_1_2_1/10 "/>
</bind>
</comp>

<comp id="2273" class="1004" name="arg0_rowArr_1_0_2_fu_2273">
<pin_list>
<pin id="2274" dir="0" index="0" bw="32" slack="1"/>
<pin id="2275" dir="1" index="1" bw="32" slack="0"/>
</pin_list>
<bind>
<opcode="bitcast(44) " fcode="bitcast"/>
<opset="arg0_rowArr_1_0_2/10 "/>
</bind>
</comp>

<comp id="2277" class="1004" name="arg0_rowArr_0_1_2_fu_2277">
<pin_list>
<pin id="2278" dir="0" index="0" bw="32" slack="3"/>
<pin id="2279" dir="1" index="1" bw="32" slack="0"/>
</pin_list>
<bind>
<opcode="bitcast(44) " fcode="bitcast"/>
<opset="arg0_rowArr_0_1_2/10 "/>
</bind>
</comp>

<comp id="2281" class="1004" name="arg0_rowArr_2_1_2_fu_2281">
<pin_list>
<pin id="2282" dir="0" index="0" bw="32" slack="6"/>
<pin id="2283" dir="1" index="1" bw="32" slack="0"/>
</pin_list>
<bind>
<opcode="bitcast(44) " fcode="bitcast"/>
<opset="arg0_rowArr_2_1_2/10 "/>
</bind>
</comp>

<comp id="2285" class="1004" name="arg0_rowArr_1_2_2_fu_2285">
<pin_list>
<pin id="2286" dir="0" index="0" bw="32" slack="7"/>
<pin id="2287" dir="1" index="1" bw="32" slack="0"/>
</pin_list>
<bind>
<opcode="bitcast(44) " fcode="bitcast"/>
<opset="arg0_rowArr_1_2_2/10 "/>
</bind>
</comp>

<comp id="2289" class="1004" name="arg0_rowArr_1_0_3_fu_2289">
<pin_list>
<pin id="2290" dir="0" index="0" bw="32" slack="1"/>
<pin id="2291" dir="1" index="1" bw="32" slack="0"/>
</pin_list>
<bind>
<opcode="bitcast(44) " fcode="bitcast"/>
<opset="arg0_rowArr_1_0_3/10 "/>
</bind>
</comp>

<comp id="2293" class="1004" name="arg0_rowArr_0_1_3_fu_2293">
<pin_list>
<pin id="2294" dir="0" index="0" bw="32" slack="3"/>
<pin id="2295" dir="1" index="1" bw="32" slack="0"/>
</pin_list>
<bind>
<opcode="bitcast(44) " fcode="bitcast"/>
<opset="arg0_rowArr_0_1_3/10 "/>
</bind>
</comp>

<comp id="2297" class="1004" name="arg0_rowArr_2_1_3_fu_2297">
<pin_list>
<pin id="2298" dir="0" index="0" bw="32" slack="6"/>
<pin id="2299" dir="1" index="1" bw="32" slack="0"/>
</pin_list>
<bind>
<opcode="bitcast(44) " fcode="bitcast"/>
<opset="arg0_rowArr_2_1_3/10 "/>
</bind>
</comp>

<comp id="2301" class="1004" name="arg0_rowArr_1_2_3_fu_2301">
<pin_list>
<pin id="2302" dir="0" index="0" bw="32" slack="7"/>
<pin id="2303" dir="1" index="1" bw="32" slack="0"/>
</pin_list>
<bind>
<opcode="bitcast(44) " fcode="bitcast"/>
<opset="arg0_rowArr_1_2_3/10 "/>
</bind>
</comp>

<comp id="2305" class="1004" name="arg0_rowArr_1_0_4_fu_2305">
<pin_list>
<pin id="2306" dir="0" index="0" bw="32" slack="1"/>
<pin id="2307" dir="1" index="1" bw="32" slack="0"/>
</pin_list>
<bind>
<opcode="bitcast(44) " fcode="bitcast"/>
<opset="arg0_rowArr_1_0_4/10 "/>
</bind>
</comp>

<comp id="2309" class="1004" name="arg0_rowArr_0_1_4_fu_2309">
<pin_list>
<pin id="2310" dir="0" index="0" bw="32" slack="3"/>
<pin id="2311" dir="1" index="1" bw="32" slack="0"/>
</pin_list>
<bind>
<opcode="bitcast(44) " fcode="bitcast"/>
<opset="arg0_rowArr_0_1_4/10 "/>
</bind>
</comp>

<comp id="2313" class="1004" name="arg0_rowArr_2_1_4_fu_2313">
<pin_list>
<pin id="2314" dir="0" index="0" bw="32" slack="6"/>
<pin id="2315" dir="1" index="1" bw="32" slack="0"/>
</pin_list>
<bind>
<opcode="bitcast(44) " fcode="bitcast"/>
<opset="arg0_rowArr_2_1_4/10 "/>
</bind>
</comp>

<comp id="2317" class="1004" name="arg0_rowArr_1_2_4_fu_2317">
<pin_list>
<pin id="2318" dir="0" index="0" bw="32" slack="7"/>
<pin id="2319" dir="1" index="1" bw="32" slack="0"/>
</pin_list>
<bind>
<opcode="bitcast(44) " fcode="bitcast"/>
<opset="arg0_rowArr_1_2_4/10 "/>
</bind>
</comp>

<comp id="2321" class="1004" name="arg0_rowArr_1_0_5_fu_2321">
<pin_list>
<pin id="2322" dir="0" index="0" bw="32" slack="1"/>
<pin id="2323" dir="1" index="1" bw="32" slack="0"/>
</pin_list>
<bind>
<opcode="bitcast(44) " fcode="bitcast"/>
<opset="arg0_rowArr_1_0_5/10 "/>
</bind>
</comp>

<comp id="2325" class="1004" name="arg0_rowArr_0_1_5_fu_2325">
<pin_list>
<pin id="2326" dir="0" index="0" bw="32" slack="3"/>
<pin id="2327" dir="1" index="1" bw="32" slack="0"/>
</pin_list>
<bind>
<opcode="bitcast(44) " fcode="bitcast"/>
<opset="arg0_rowArr_0_1_5/10 "/>
</bind>
</comp>

<comp id="2329" class="1004" name="arg0_rowArr_1_1_5_fu_2329">
<pin_list>
<pin id="2330" dir="0" index="0" bw="32" slack="4"/>
<pin id="2331" dir="1" index="1" bw="32" slack="0"/>
</pin_list>
<bind>
<opcode="bitcast(44) " fcode="bitcast"/>
<opset="arg0_rowArr_1_1_5/10 "/>
</bind>
</comp>

<comp id="2335" class="1004" name="arg0_rowArr_2_1_5_fu_2335">
<pin_list>
<pin id="2336" dir="0" index="0" bw="32" slack="6"/>
<pin id="2337" dir="1" index="1" bw="32" slack="0"/>
</pin_list>
<bind>
<opcode="bitcast(44) " fcode="bitcast"/>
<opset="arg0_rowArr_2_1_5/10 "/>
</bind>
</comp>

<comp id="2339" class="1004" name="arg0_rowArr_1_2_5_fu_2339">
<pin_list>
<pin id="2340" dir="0" index="0" bw="32" slack="7"/>
<pin id="2341" dir="1" index="1" bw="32" slack="0"/>
</pin_list>
<bind>
<opcode="bitcast(44) " fcode="bitcast"/>
<opset="arg0_rowArr_1_2_5/10 "/>
</bind>
</comp>

<comp id="2343" class="1004" name="arg0_rowArr_1_0_6_fu_2343">
<pin_list>
<pin id="2344" dir="0" index="0" bw="32" slack="1"/>
<pin id="2345" dir="1" index="1" bw="32" slack="0"/>
</pin_list>
<bind>
<opcode="bitcast(44) " fcode="bitcast"/>
<opset="arg0_rowArr_1_0_6/10 "/>
</bind>
</comp>

<comp id="2347" class="1004" name="arg0_rowArr_0_1_6_fu_2347">
<pin_list>
<pin id="2348" dir="0" index="0" bw="32" slack="3"/>
<pin id="2349" dir="1" index="1" bw="32" slack="0"/>
</pin_list>
<bind>
<opcode="bitcast(44) " fcode="bitcast"/>
<opset="arg0_rowArr_0_1_6/10 "/>
</bind>
</comp>

<comp id="2351" class="1004" name="arg0_rowArr_1_1_6_fu_2351">
<pin_list>
<pin id="2352" dir="0" index="0" bw="32" slack="4"/>
<pin id="2353" dir="1" index="1" bw="32" slack="0"/>
</pin_list>
<bind>
<opcode="bitcast(44) " fcode="bitcast"/>
<opset="arg0_rowArr_1_1_6/10 "/>
</bind>
</comp>

<comp id="2357" class="1004" name="arg0_rowArr_2_1_6_fu_2357">
<pin_list>
<pin id="2358" dir="0" index="0" bw="32" slack="6"/>
<pin id="2359" dir="1" index="1" bw="32" slack="0"/>
</pin_list>
<bind>
<opcode="bitcast(44) " fcode="bitcast"/>
<opset="arg0_rowArr_2_1_6/10 "/>
</bind>
</comp>

<comp id="2361" class="1004" name="arg0_rowArr_1_2_6_fu_2361">
<pin_list>
<pin id="2362" dir="0" index="0" bw="32" slack="7"/>
<pin id="2363" dir="1" index="1" bw="32" slack="0"/>
</pin_list>
<bind>
<opcode="bitcast(44) " fcode="bitcast"/>
<opset="arg0_rowArr_1_2_6/10 "/>
</bind>
</comp>

<comp id="2365" class="1004" name="arg0_rowArr_1_0_7_fu_2365">
<pin_list>
<pin id="2366" dir="0" index="0" bw="32" slack="1"/>
<pin id="2367" dir="1" index="1" bw="32" slack="0"/>
</pin_list>
<bind>
<opcode="bitcast(44) " fcode="bitcast"/>
<opset="arg0_rowArr_1_0_7/10 "/>
</bind>
</comp>

<comp id="2369" class="1004" name="arg0_rowArr_0_1_7_fu_2369">
<pin_list>
<pin id="2370" dir="0" index="0" bw="32" slack="3"/>
<pin id="2371" dir="1" index="1" bw="32" slack="0"/>
</pin_list>
<bind>
<opcode="bitcast(44) " fcode="bitcast"/>
<opset="arg0_rowArr_0_1_7/10 "/>
</bind>
</comp>

<comp id="2373" class="1004" name="arg0_rowArr_1_1_7_fu_2373">
<pin_list>
<pin id="2374" dir="0" index="0" bw="32" slack="4"/>
<pin id="2375" dir="1" index="1" bw="32" slack="0"/>
</pin_list>
<bind>
<opcode="bitcast(44) " fcode="bitcast"/>
<opset="arg0_rowArr_1_1_7/10 "/>
</bind>
</comp>

<comp id="2378" class="1004" name="arg0_rowArr_2_1_7_fu_2378">
<pin_list>
<pin id="2379" dir="0" index="0" bw="32" slack="6"/>
<pin id="2380" dir="1" index="1" bw="32" slack="0"/>
</pin_list>
<bind>
<opcode="bitcast(44) " fcode="bitcast"/>
<opset="arg0_rowArr_2_1_7/10 "/>
</bind>
</comp>

<comp id="2382" class="1004" name="arg0_rowArr_1_2_7_fu_2382">
<pin_list>
<pin id="2383" dir="0" index="0" bw="32" slack="7"/>
<pin id="2384" dir="1" index="1" bw="32" slack="0"/>
</pin_list>
<bind>
<opcode="bitcast(44) " fcode="bitcast"/>
<opset="arg0_rowArr_1_2_7/10 "/>
</bind>
</comp>

<comp id="2386" class="1004" name="arg0_rowArr_1_1_8_fu_2386">
<pin_list>
<pin id="2387" dir="0" index="0" bw="32" slack="4"/>
<pin id="2388" dir="1" index="1" bw="32" slack="0"/>
</pin_list>
<bind>
<opcode="bitcast(44) " fcode="bitcast"/>
<opset="arg0_rowArr_1_1_8/10 "/>
</bind>
</comp>

<comp id="2390" class="1004" name="arg0_rowArr_1_1_9_fu_2390">
<pin_list>
<pin id="2391" dir="0" index="0" bw="32" slack="4"/>
<pin id="2392" dir="1" index="1" bw="32" slack="0"/>
</pin_list>
<bind>
<opcode="bitcast(44) " fcode="bitcast"/>
<opset="arg0_rowArr_1_1_9/10 "/>
</bind>
</comp>

<comp id="2394" class="1004" name="arg1_tmpConvWrite_fu_2394">
<pin_list>
<pin id="2395" dir="0" index="0" bw="32" slack="0"/>
<pin id="2396" dir="1" index="1" bw="32" slack="0"/>
</pin_list>
<bind>
<opcode="bitcast(44) " fcode="bitcast"/>
<opset="arg1_tmpConvWrite/20 "/>
</bind>
</comp>

<comp id="2398" class="1004" name="arg1_tmpConvWrite_4_fu_2398">
<pin_list>
<pin id="2399" dir="0" index="0" bw="32" slack="0"/>
<pin id="2400" dir="1" index="1" bw="32" slack="0"/>
</pin_list>
<bind>
<opcode="bitcast(44) " fcode="bitcast"/>
<opset="arg1_tmpConvWrite_4/20 "/>
</bind>
</comp>

<comp id="2402" class="1004" name="arg1_tmpConvWrite_5_fu_2402">
<pin_list>
<pin id="2403" dir="0" index="0" bw="32" slack="0"/>
<pin id="2404" dir="1" index="1" bw="32" slack="0"/>
</pin_list>
<bind>
<opcode="bitcast(44) " fcode="bitcast"/>
<opset="arg1_tmpConvWrite_5/20 "/>
</bind>
</comp>

<comp id="2406" class="1004" name="arg1_tmpConvWrite_6_fu_2406">
<pin_list>
<pin id="2407" dir="0" index="0" bw="32" slack="0"/>
<pin id="2408" dir="1" index="1" bw="32" slack="0"/>
</pin_list>
<bind>
<opcode="bitcast(44) " fcode="bitcast"/>
<opset="arg1_tmpConvWrite_6/20 "/>
</bind>
</comp>

<comp id="2410" class="1004" name="arg1_tmpConvWrite_8_fu_2410">
<pin_list>
<pin id="2411" dir="0" index="0" bw="32" slack="0"/>
<pin id="2412" dir="1" index="1" bw="32" slack="0"/>
</pin_list>
<bind>
<opcode="bitcast(44) " fcode="bitcast"/>
<opset="arg1_tmpConvWrite_8/20 "/>
</bind>
</comp>

<comp id="2414" class="1004" name="arg1_tmpConvWrite_9_fu_2414">
<pin_list>
<pin id="2415" dir="0" index="0" bw="32" slack="0"/>
<pin id="2416" dir="1" index="1" bw="32" slack="0"/>
</pin_list>
<bind>
<opcode="bitcast(44) " fcode="bitcast"/>
<opset="arg1_tmpConvWrite_9/20 "/>
</bind>
</comp>

<comp id="2419" class="1004" name="arg1_tmpConvWrite_11_fu_2419">
<pin_list>
<pin id="2420" dir="0" index="0" bw="32" slack="0"/>
<pin id="2421" dir="1" index="1" bw="32" slack="0"/>
</pin_list>
<bind>
<opcode="bitcast(44) " fcode="bitcast"/>
<opset="arg1_tmpConvWrite_11/20 "/>
</bind>
</comp>

<comp id="2424" class="1004" name="arg1_tmpConvWrite_12_fu_2424">
<pin_list>
<pin id="2425" dir="0" index="0" bw="32" slack="0"/>
<pin id="2426" dir="1" index="1" bw="32" slack="0"/>
</pin_list>
<bind>
<opcode="bitcast(44) " fcode="bitcast"/>
<opset="arg1_tmpConvWrite_12/20 "/>
</bind>
</comp>

<comp id="2429" class="1004" name="arg1_update_val_V_fu_2429">
<pin_list>
<pin id="2430" dir="0" index="0" bw="256" slack="0"/>
<pin id="2431" dir="0" index="1" bw="32" slack="0"/>
<pin id="2432" dir="0" index="2" bw="32" slack="0"/>
<pin id="2433" dir="0" index="3" bw="32" slack="0"/>
<pin id="2434" dir="0" index="4" bw="32" slack="0"/>
<pin id="2435" dir="0" index="5" bw="32" slack="0"/>
<pin id="2436" dir="0" index="6" bw="32" slack="0"/>
<pin id="2437" dir="0" index="7" bw="32" slack="0"/>
<pin id="2438" dir="0" index="8" bw="32" slack="0"/>
<pin id="2439" dir="1" index="9" bw="256" slack="0"/>
</pin_list>
<bind>
<opcode="bitconcatenate(1004) " fcode="bitconcatenate"/>
<opset="arg1_update_val_V/20 "/>
</bind>
</comp>

<comp id="2450" class="1005" name="reuse_addr_reg171_reg_2450">
<pin_list>
<pin id="2451" dir="0" index="0" bw="64" slack="0"/>
<pin id="2452" dir="1" index="1" bw="64" slack="0"/>
</pin_list>
<bind>
<opset="reuse_addr_reg171 "/>
</bind>
</comp>

<comp id="2457" class="1005" name="reuse_reg170_reg_2457">
<pin_list>
<pin id="2458" dir="0" index="0" bw="256" slack="0"/>
<pin id="2459" dir="1" index="1" bw="256" slack="0"/>
</pin_list>
<bind>
<opset="reuse_reg170 "/>
</bind>
</comp>

<comp id="2464" class="1005" name="reuse_addr_reg165_reg_2464">
<pin_list>
<pin id="2465" dir="0" index="0" bw="64" slack="0"/>
<pin id="2466" dir="1" index="1" bw="64" slack="0"/>
</pin_list>
<bind>
<opset="reuse_addr_reg165 "/>
</bind>
</comp>

<comp id="2471" class="1005" name="reuse_reg164_reg_2471">
<pin_list>
<pin id="2472" dir="0" index="0" bw="256" slack="0"/>
<pin id="2473" dir="1" index="1" bw="256" slack="0"/>
</pin_list>
<bind>
<opset="reuse_reg164 "/>
</bind>
</comp>

<comp id="2478" class="1005" name="reuse_addr_reg159_reg_2478">
<pin_list>
<pin id="2479" dir="0" index="0" bw="64" slack="0"/>
<pin id="2480" dir="1" index="1" bw="64" slack="0"/>
</pin_list>
<bind>
<opset="reuse_addr_reg159 "/>
</bind>
</comp>

<comp id="2485" class="1005" name="reuse_reg158_reg_2485">
<pin_list>
<pin id="2486" dir="0" index="0" bw="256" slack="0"/>
<pin id="2487" dir="1" index="1" bw="256" slack="0"/>
</pin_list>
<bind>
<opset="reuse_reg158 "/>
</bind>
</comp>

<comp id="2492" class="1005" name="reuse_addr_reg_reg_2492">
<pin_list>
<pin id="2493" dir="0" index="0" bw="64" slack="0"/>
<pin id="2494" dir="1" index="1" bw="64" slack="0"/>
</pin_list>
<bind>
<opset="reuse_addr_reg "/>
</bind>
</comp>

<comp id="2499" class="1005" name="reuse_reg_reg_2499">
<pin_list>
<pin id="2500" dir="0" index="0" bw="256" slack="0"/>
<pin id="2501" dir="1" index="1" bw="256" slack="0"/>
</pin_list>
<bind>
<opset="reuse_reg "/>
</bind>
</comp>

<comp id="2506" class="1005" name="S3D_7PT_buf_r1_2_p1_wr_reg_2506">
<pin_list>
<pin id="2507" dir="0" index="0" bw="16" slack="0"/>
<pin id="2508" dir="1" index="1" bw="16" slack="0"/>
</pin_list>
<bind>
<opset="S3D_7PT_buf_r1_2_p1_wr "/>
</bind>
</comp>

<comp id="2513" class="1005" name="S3D_7PT_buf_r1_2_p1_rd_reg_2513">
<pin_list>
<pin id="2514" dir="0" index="0" bw="16" slack="0"/>
<pin id="2515" dir="1" index="1" bw="16" slack="0"/>
</pin_list>
<bind>
<opset="S3D_7PT_buf_r1_2_p1_rd "/>
</bind>
</comp>

<comp id="2520" class="1005" name="S3D_7PT_buf_r0_1_p1_wr_reg_2520">
<pin_list>
<pin id="2521" dir="0" index="0" bw="16" slack="0"/>
<pin id="2522" dir="1" index="1" bw="16" slack="0"/>
</pin_list>
<bind>
<opset="S3D_7PT_buf_r0_1_p1_wr "/>
</bind>
</comp>

<comp id="2527" class="1005" name="S3D_7PT_buf_r0_1_p1_rd_reg_2527">
<pin_list>
<pin id="2528" dir="0" index="0" bw="16" slack="0"/>
<pin id="2529" dir="1" index="1" bw="16" slack="0"/>
</pin_list>
<bind>
<opset="S3D_7PT_buf_r0_1_p1_rd "/>
</bind>
</comp>

<comp id="2534" class="1005" name="S3D_7PT_buf_p0_1_wr_reg_2534">
<pin_list>
<pin id="2535" dir="0" index="0" bw="16" slack="0"/>
<pin id="2536" dir="1" index="1" bw="16" slack="0"/>
</pin_list>
<bind>
<opset="S3D_7PT_buf_p0_1_wr "/>
</bind>
</comp>

<comp id="2541" class="1005" name="S3D_7PT_buf_p0_1_rd_reg_2541">
<pin_list>
<pin id="2542" dir="0" index="0" bw="16" slack="0"/>
<pin id="2543" dir="1" index="1" bw="16" slack="0"/>
</pin_list>
<bind>
<opset="S3D_7PT_buf_p0_1_rd "/>
</bind>
</comp>

<comp id="2548" class="1005" name="S3D_7PT_buf_p1_2_rd_reg_2548">
<pin_list>
<pin id="2549" dir="0" index="0" bw="16" slack="0"/>
<pin id="2550" dir="1" index="1" bw="16" slack="0"/>
</pin_list>
<bind>
<opset="S3D_7PT_buf_p1_2_rd "/>
</bind>
</comp>

<comp id="2555" class="1005" name="k_reg_2555">
<pin_list>
<pin id="2556" dir="0" index="0" bw="16" slack="0"/>
<pin id="2557" dir="1" index="1" bw="16" slack="0"/>
</pin_list>
<bind>
<opset="k "/>
</bind>
</comp>

<comp id="2562" class="1005" name="j_reg_2562">
<pin_list>
<pin id="2563" dir="0" index="0" bw="16" slack="0"/>
<pin id="2564" dir="1" index="1" bw="16" slack="0"/>
</pin_list>
<bind>
<opset="j "/>
</bind>
</comp>

<comp id="2569" class="1005" name="i_reg_2569">
<pin_list>
<pin id="2570" dir="0" index="0" bw="16" slack="0"/>
<pin id="2571" dir="1" index="1" bw="16" slack="0"/>
</pin_list>
<bind>
<opset="i "/>
</bind>
</comp>

<comp id="2576" class="1005" name="S3D_7PT_buf_p1_2_wr_reg_2576">
<pin_list>
<pin id="2577" dir="0" index="0" bw="16" slack="0"/>
<pin id="2578" dir="1" index="1" bw="16" slack="0"/>
</pin_list>
<bind>
<opset="S3D_7PT_buf_p1_2_wr "/>
</bind>
</comp>

<comp id="2583" class="1005" name="reg_itr_reg_2583">
<pin_list>
<pin id="2584" dir="0" index="0" bw="32" slack="0"/>
<pin id="2585" dir="1" index="1" bw="32" slack="0"/>
</pin_list>
<bind>
<opset="reg_itr "/>
</bind>
</comp>

<comp id="2590" class="1005" name="p_Val2_s_reg_2590">
<pin_list>
<pin id="2591" dir="0" index="0" bw="256" slack="5"/>
<pin id="2592" dir="1" index="1" bw="256" slack="5"/>
</pin_list>
<bind>
<opset="p_Val2_s "/>
</bind>
</comp>

<comp id="2596" class="1005" name="arg0_read_val_V_reg_2596">
<pin_list>
<pin id="2597" dir="0" index="0" bw="256" slack="0"/>
<pin id="2598" dir="1" index="1" bw="256" slack="0"/>
</pin_list>
<bind>
<opset="arg0_read_val_V "/>
</bind>
</comp>

<comp id="2603" class="1005" name="p_Val2_1_reg_2603">
<pin_list>
<pin id="2604" dir="0" index="0" bw="256" slack="5"/>
<pin id="2605" dir="1" index="1" bw="256" slack="5"/>
</pin_list>
<bind>
<opset="p_Val2_1 "/>
</bind>
</comp>

<comp id="2609" class="1005" name="cond_z_val_read_reg_2609">
<pin_list>
<pin id="2610" dir="0" index="0" bw="16" slack="6"/>
<pin id="2611" dir="1" index="1" bw="16" slack="6"/>
</pin_list>
<bind>
<opset="cond_z_val_read "/>
</bind>
</comp>

<comp id="2614" class="1005" name="cond_y_val_read_reg_2614">
<pin_list>
<pin id="2615" dir="0" index="0" bw="16" slack="5"/>
<pin id="2616" dir="1" index="1" bw="16" slack="5"/>
</pin_list>
<bind>
<opset="cond_y_val_read "/>
</bind>
</comp>

<comp id="2619" class="1005" name="cond_x_val_read_reg_2619">
<pin_list>
<pin id="2620" dir="0" index="0" bw="16" slack="5"/>
<pin id="2621" dir="1" index="1" bw="16" slack="5"/>
</pin_list>
<bind>
<opset="cond_x_val_read "/>
</bind>
</comp>

<comp id="2624" class="1005" name="add_ln190_read_reg_2624">
<pin_list>
<pin id="2625" dir="0" index="0" bw="17" slack="3"/>
<pin id="2626" dir="1" index="1" bw="17" slack="3"/>
</pin_list>
<bind>
<opset="add_ln190_read "/>
</bind>
</comp>

<comp id="2632" class="1005" name="plane_diff_read_reg_2632">
<pin_list>
<pin id="2633" dir="0" index="0" bw="16" slack="1"/>
<pin id="2634" dir="1" index="1" bw="16" slack="1"/>
</pin_list>
<bind>
<opset="plane_diff_read "/>
</bind>
</comp>

<comp id="2640" class="1005" name="p_read5_cast_cast_reg_2640">
<pin_list>
<pin id="2641" dir="0" index="0" bw="17" slack="6"/>
<pin id="2642" dir="1" index="1" bw="17" slack="6"/>
</pin_list>
<bind>
<opset="p_read5_cast_cast "/>
</bind>
</comp>

<comp id="2645" class="1005" name="p_read7_cast_cast_reg_2645">
<pin_list>
<pin id="2646" dir="0" index="0" bw="17" slack="5"/>
<pin id="2647" dir="1" index="1" bw="17" slack="5"/>
</pin_list>
<bind>
<opset="p_read7_cast_cast "/>
</bind>
</comp>

<comp id="2650" class="1005" name="p_read4_cast_cast_reg_2650">
<pin_list>
<pin id="2651" dir="0" index="0" bw="17" slack="5"/>
<pin id="2652" dir="1" index="1" bw="17" slack="5"/>
</pin_list>
<bind>
<opset="p_read4_cast_cast "/>
</bind>
</comp>

<comp id="2655" class="1005" name="zext_ln194_cast_reg_2655">
<pin_list>
<pin id="2656" dir="0" index="0" bw="17" slack="6"/>
<pin id="2657" dir="1" index="1" bw="17" slack="6"/>
</pin_list>
<bind>
<opset="zext_ln194_cast "/>
</bind>
</comp>

<comp id="2667" class="1005" name="p_read6_cast_cast_reg_2667">
<pin_list>
<pin id="2668" dir="0" index="0" bw="17" slack="5"/>
<pin id="2669" dir="1" index="1" bw="17" slack="5"/>
</pin_list>
<bind>
<opset="p_read6_cast_cast "/>
</bind>
</comp>

<comp id="2679" class="1005" name="p_read3_cast_cast_reg_2679">
<pin_list>
<pin id="2680" dir="0" index="0" bw="17" slack="5"/>
<pin id="2681" dir="1" index="1" bw="17" slack="5"/>
</pin_list>
<bind>
<opset="p_read3_cast_cast "/>
</bind>
</comp>

<comp id="2691" class="1005" name="icmp_ln194_reg_2691">
<pin_list>
<pin id="2692" dir="0" index="0" bw="1" slack="1"/>
<pin id="2693" dir="1" index="1" bw="1" slack="2147483647"/>
</pin_list>
<bind>
<opset="icmp_ln194 "/>
</bind>
</comp>

<comp id="2695" class="1005" name="S3D_7PT_read_cond_reg_2695">
<pin_list>
<pin id="2696" dir="0" index="0" bw="1" slack="1"/>
<pin id="2697" dir="1" index="1" bw="1" slack="2147483647"/>
</pin_list>
<bind>
<opset="S3D_7PT_read_cond "/>
</bind>
</comp>

<comp id="2699" class="1005" name="zext_ln262_reg_2699">
<pin_list>
<pin id="2700" dir="0" index="0" bw="64" slack="1"/>
<pin id="2701" dir="1" index="1" bw="64" slack="1"/>
</pin_list>
<bind>
<opset="zext_ln262 "/>
</bind>
</comp>

<comp id="2704" class="1005" name="arg0_buf_p1_2_V_addr_reg_2704">
<pin_list>
<pin id="2705" dir="0" index="0" bw="14" slack="1"/>
<pin id="2706" dir="1" index="1" bw="14" slack="1"/>
</pin_list>
<bind>
<opset="arg0_buf_p1_2_V_addr "/>
</bind>
</comp>

<comp id="2709" class="1005" name="arg0_read_val_V_2_reg_2709">
<pin_list>
<pin id="2710" dir="0" index="0" bw="256" slack="1"/>
<pin id="2711" dir="1" index="1" bw="256" slack="1"/>
</pin_list>
<bind>
<opset="arg0_read_val_V_2 "/>
</bind>
</comp>

<comp id="2714" class="1005" name="addr_cmp_reg_2714">
<pin_list>
<pin id="2715" dir="0" index="0" bw="1" slack="1"/>
<pin id="2716" dir="1" index="1" bw="1" slack="1"/>
</pin_list>
<bind>
<opset="addr_cmp "/>
</bind>
</comp>

<comp id="2719" class="1005" name="arg0_tmpConverter_1_2_reg_2719">
<pin_list>
<pin id="2720" dir="0" index="0" bw="32" slack="7"/>
<pin id="2721" dir="1" index="1" bw="32" slack="7"/>
</pin_list>
<bind>
<opset="arg0_tmpConverter_1_2 "/>
</bind>
</comp>

<comp id="2724" class="1005" name="arg0_tmpConverter_1_2_1_reg_2724">
<pin_list>
<pin id="2725" dir="0" index="0" bw="32" slack="7"/>
<pin id="2726" dir="1" index="1" bw="32" slack="7"/>
</pin_list>
<bind>
<opset="arg0_tmpConverter_1_2_1 "/>
</bind>
</comp>

<comp id="2729" class="1005" name="arg0_tmpConverter_1_2_2_reg_2729">
<pin_list>
<pin id="2730" dir="0" index="0" bw="32" slack="7"/>
<pin id="2731" dir="1" index="1" bw="32" slack="7"/>
</pin_list>
<bind>
<opset="arg0_tmpConverter_1_2_2 "/>
</bind>
</comp>

<comp id="2734" class="1005" name="arg0_tmpConverter_1_2_3_reg_2734">
<pin_list>
<pin id="2735" dir="0" index="0" bw="32" slack="7"/>
<pin id="2736" dir="1" index="1" bw="32" slack="7"/>
</pin_list>
<bind>
<opset="arg0_tmpConverter_1_2_3 "/>
</bind>
</comp>

<comp id="2739" class="1005" name="arg0_tmpConverter_1_2_4_reg_2739">
<pin_list>
<pin id="2740" dir="0" index="0" bw="32" slack="7"/>
<pin id="2741" dir="1" index="1" bw="32" slack="7"/>
</pin_list>
<bind>
<opset="arg0_tmpConverter_1_2_4 "/>
</bind>
</comp>

<comp id="2744" class="1005" name="arg0_tmpConverter_1_2_5_reg_2744">
<pin_list>
<pin id="2745" dir="0" index="0" bw="32" slack="7"/>
<pin id="2746" dir="1" index="1" bw="32" slack="7"/>
</pin_list>
<bind>
<opset="arg0_tmpConverter_1_2_5 "/>
</bind>
</comp>

<comp id="2749" class="1005" name="arg0_tmpConverter_1_2_6_reg_2749">
<pin_list>
<pin id="2750" dir="0" index="0" bw="32" slack="7"/>
<pin id="2751" dir="1" index="1" bw="32" slack="7"/>
</pin_list>
<bind>
<opset="arg0_tmpConverter_1_2_6 "/>
</bind>
</comp>

<comp id="2754" class="1005" name="arg0_tmpConverter_1_2_7_reg_2754">
<pin_list>
<pin id="2755" dir="0" index="0" bw="32" slack="7"/>
<pin id="2756" dir="1" index="1" bw="32" slack="7"/>
</pin_list>
<bind>
<opset="arg0_tmpConverter_1_2_7 "/>
</bind>
</comp>

<comp id="2759" class="1005" name="zext_ln260_reg_2759">
<pin_list>
<pin id="2760" dir="0" index="0" bw="64" slack="1"/>
<pin id="2761" dir="1" index="1" bw="64" slack="1"/>
</pin_list>
<bind>
<opset="zext_ln260 "/>
</bind>
</comp>

<comp id="2764" class="1005" name="arg0_buf_r1_2_p1_V_addr_reg_2764">
<pin_list>
<pin id="2765" dir="0" index="0" bw="6" slack="1"/>
<pin id="2766" dir="1" index="1" bw="6" slack="1"/>
</pin_list>
<bind>
<opset="arg0_buf_r1_2_p1_V_addr "/>
</bind>
</comp>

<comp id="2769" class="1005" name="t_3_reg_2769">
<pin_list>
<pin id="2770" dir="0" index="0" bw="256" slack="1"/>
<pin id="2771" dir="1" index="1" bw="256" slack="1"/>
</pin_list>
<bind>
<opset="t_3 "/>
</bind>
</comp>

<comp id="2775" class="1005" name="arg0_tmpConverter_2_1_reg_2775">
<pin_list>
<pin id="2776" dir="0" index="0" bw="32" slack="6"/>
<pin id="2777" dir="1" index="1" bw="32" slack="6"/>
</pin_list>
<bind>
<opset="arg0_tmpConverter_2_1 "/>
</bind>
</comp>

<comp id="2780" class="1005" name="arg0_tmpConverter_2_1_1_reg_2780">
<pin_list>
<pin id="2781" dir="0" index="0" bw="32" slack="6"/>
<pin id="2782" dir="1" index="1" bw="32" slack="6"/>
</pin_list>
<bind>
<opset="arg0_tmpConverter_2_1_1 "/>
</bind>
</comp>

<comp id="2785" class="1005" name="arg0_tmpConverter_2_1_2_reg_2785">
<pin_list>
<pin id="2786" dir="0" index="0" bw="32" slack="6"/>
<pin id="2787" dir="1" index="1" bw="32" slack="6"/>
</pin_list>
<bind>
<opset="arg0_tmpConverter_2_1_2 "/>
</bind>
</comp>

<comp id="2790" class="1005" name="arg0_tmpConverter_2_1_3_reg_2790">
<pin_list>
<pin id="2791" dir="0" index="0" bw="32" slack="6"/>
<pin id="2792" dir="1" index="1" bw="32" slack="6"/>
</pin_list>
<bind>
<opset="arg0_tmpConverter_2_1_3 "/>
</bind>
</comp>

<comp id="2795" class="1005" name="arg0_tmpConverter_2_1_4_reg_2795">
<pin_list>
<pin id="2796" dir="0" index="0" bw="32" slack="6"/>
<pin id="2797" dir="1" index="1" bw="32" slack="6"/>
</pin_list>
<bind>
<opset="arg0_tmpConverter_2_1_4 "/>
</bind>
</comp>

<comp id="2800" class="1005" name="arg0_tmpConverter_2_1_5_reg_2800">
<pin_list>
<pin id="2801" dir="0" index="0" bw="32" slack="6"/>
<pin id="2802" dir="1" index="1" bw="32" slack="6"/>
</pin_list>
<bind>
<opset="arg0_tmpConverter_2_1_5 "/>
</bind>
</comp>

<comp id="2805" class="1005" name="arg0_tmpConverter_2_1_6_reg_2805">
<pin_list>
<pin id="2806" dir="0" index="0" bw="32" slack="6"/>
<pin id="2807" dir="1" index="1" bw="32" slack="6"/>
</pin_list>
<bind>
<opset="arg0_tmpConverter_2_1_6 "/>
</bind>
</comp>

<comp id="2810" class="1005" name="arg0_tmpConverter_2_1_7_reg_2810">
<pin_list>
<pin id="2811" dir="0" index="0" bw="32" slack="6"/>
<pin id="2812" dir="1" index="1" bw="32" slack="6"/>
</pin_list>
<bind>
<opset="arg0_tmpConverter_2_1_7 "/>
</bind>
</comp>

<comp id="2815" class="1005" name="zext_ln256_reg_2815">
<pin_list>
<pin id="2816" dir="0" index="0" bw="64" slack="1"/>
<pin id="2817" dir="1" index="1" bw="64" slack="1"/>
</pin_list>
<bind>
<opset="zext_ln256 "/>
</bind>
</comp>

<comp id="2820" class="1005" name="arg0_buf_r0_1_p1_V_addr_reg_2820">
<pin_list>
<pin id="2821" dir="0" index="0" bw="6" slack="1"/>
<pin id="2822" dir="1" index="1" bw="6" slack="1"/>
</pin_list>
<bind>
<opset="arg0_buf_r0_1_p1_V_addr "/>
</bind>
</comp>

<comp id="2825" class="1005" name="reuse_reg158_load_reg_2825">
<pin_list>
<pin id="2826" dir="0" index="0" bw="256" slack="1"/>
<pin id="2827" dir="1" index="1" bw="256" slack="1"/>
</pin_list>
<bind>
<opset="reuse_reg158_load "/>
</bind>
</comp>

<comp id="2830" class="1005" name="addr_cmp162_reg_2830">
<pin_list>
<pin id="2831" dir="0" index="0" bw="1" slack="1"/>
<pin id="2832" dir="1" index="1" bw="1" slack="1"/>
</pin_list>
<bind>
<opset="addr_cmp162 "/>
</bind>
</comp>

<comp id="2835" class="1005" name="cond_y_terminate_reg_2835">
<pin_list>
<pin id="2836" dir="0" index="0" bw="1" slack="1"/>
<pin id="2837" dir="1" index="1" bw="1" slack="1"/>
</pin_list>
<bind>
<opset="cond_y_terminate "/>
</bind>
</comp>

<comp id="2840" class="1005" name="xor_ln234_reg_2840">
<pin_list>
<pin id="2841" dir="0" index="0" bw="1" slack="1"/>
<pin id="2842" dir="1" index="1" bw="1" slack="1"/>
</pin_list>
<bind>
<opset="xor_ln234 "/>
</bind>
</comp>

<comp id="2845" class="1005" name="or_ln234_reg_2845">
<pin_list>
<pin id="2846" dir="0" index="0" bw="1" slack="1"/>
<pin id="2847" dir="1" index="1" bw="1" slack="1"/>
</pin_list>
<bind>
<opset="or_ln234 "/>
</bind>
</comp>

<comp id="2850" class="1005" name="p_Val2_load_reg_2850">
<pin_list>
<pin id="2851" dir="0" index="0" bw="256" slack="1"/>
<pin id="2852" dir="1" index="1" bw="256" slack="1"/>
</pin_list>
<bind>
<opset="p_Val2_load "/>
</bind>
</comp>

<comp id="2855" class="1005" name="addr_cmp168_reg_2855">
<pin_list>
<pin id="2856" dir="0" index="0" bw="1" slack="1"/>
<pin id="2857" dir="1" index="1" bw="1" slack="1"/>
</pin_list>
<bind>
<opset="addr_cmp168 "/>
</bind>
</comp>

<comp id="2860" class="1005" name="arg0_rowArr_1_1_reg_2860">
<pin_list>
<pin id="2861" dir="0" index="0" bw="32" slack="4"/>
<pin id="2862" dir="1" index="1" bw="32" slack="4"/>
</pin_list>
<bind>
<opset="arg0_rowArr_1_1 "/>
</bind>
</comp>

<comp id="2867" class="1005" name="arg0_rowArr_1_1_1_reg_2867">
<pin_list>
<pin id="2868" dir="0" index="0" bw="32" slack="4"/>
<pin id="2869" dir="1" index="1" bw="32" slack="4"/>
</pin_list>
<bind>
<opset="arg0_rowArr_1_1_1 "/>
</bind>
</comp>

<comp id="2875" class="1005" name="arg0_tmpConverter_1_1_2_reg_2875">
<pin_list>
<pin id="2876" dir="0" index="0" bw="32" slack="2"/>
<pin id="2877" dir="1" index="1" bw="32" slack="2"/>
</pin_list>
<bind>
<opset="arg0_tmpConverter_1_1_2 "/>
</bind>
</comp>

<comp id="2880" class="1005" name="arg0_tmpConverter_1_1_3_reg_2880">
<pin_list>
<pin id="2881" dir="0" index="0" bw="32" slack="2"/>
<pin id="2882" dir="1" index="1" bw="32" slack="2"/>
</pin_list>
<bind>
<opset="arg0_tmpConverter_1_1_3 "/>
</bind>
</comp>

<comp id="2885" class="1005" name="arg0_rowArr_1_1_4_reg_2885">
<pin_list>
<pin id="2886" dir="0" index="0" bw="32" slack="4"/>
<pin id="2887" dir="1" index="1" bw="32" slack="4"/>
</pin_list>
<bind>
<opset="arg0_rowArr_1_1_4 "/>
</bind>
</comp>

<comp id="2893" class="1005" name="arg1_tmpConvWrite_14_reg_2893">
<pin_list>
<pin id="2894" dir="0" index="0" bw="32" slack="4"/>
<pin id="2895" dir="1" index="1" bw="32" slack="4"/>
</pin_list>
<bind>
<opset="arg1_tmpConvWrite_14 "/>
</bind>
</comp>

<comp id="2900" class="1005" name="arg1_tmpConvWrite_15_reg_2900">
<pin_list>
<pin id="2901" dir="0" index="0" bw="32" slack="4"/>
<pin id="2902" dir="1" index="1" bw="32" slack="4"/>
</pin_list>
<bind>
<opset="arg1_tmpConvWrite_15 "/>
</bind>
</comp>

<comp id="2907" class="1005" name="arg1_tmpConvWrite_16_reg_2907">
<pin_list>
<pin id="2908" dir="0" index="0" bw="32" slack="4"/>
<pin id="2909" dir="1" index="1" bw="32" slack="4"/>
</pin_list>
<bind>
<opset="arg1_tmpConvWrite_16 "/>
</bind>
</comp>

<comp id="2914" class="1005" name="arg0_tmpConverter_0_1_1_7_reg_2914">
<pin_list>
<pin id="2915" dir="0" index="0" bw="32" slack="4"/>
<pin id="2916" dir="1" index="1" bw="32" slack="4"/>
</pin_list>
<bind>
<opset="arg0_tmpConverter_0_1_1_7 "/>
</bind>
</comp>

<comp id="2919" class="1005" name="arg0_tmpConverter_2_1_1_0_reg_2919">
<pin_list>
<pin id="2920" dir="0" index="0" bw="32" slack="4"/>
<pin id="2921" dir="1" index="1" bw="32" slack="4"/>
</pin_list>
<bind>
<opset="arg0_tmpConverter_2_1_1_0 "/>
</bind>
</comp>

<comp id="2924" class="1005" name="cmp387_reg_2924">
<pin_list>
<pin id="2925" dir="0" index="0" bw="1" slack="2"/>
<pin id="2926" dir="1" index="1" bw="1" slack="2"/>
</pin_list>
<bind>
<opset="cmp387 "/>
</bind>
</comp>

<comp id="2936" class="1005" name="slt144_reg_2936">
<pin_list>
<pin id="2937" dir="0" index="0" bw="1" slack="2"/>
<pin id="2938" dir="1" index="1" bw="1" slack="2"/>
</pin_list>
<bind>
<opset="slt144 "/>
</bind>
</comp>

<comp id="2941" class="1005" name="icmp_ln394_reg_2941">
<pin_list>
<pin id="2942" dir="0" index="0" bw="1" slack="1"/>
<pin id="2943" dir="1" index="1" bw="1" slack="2147483647"/>
</pin_list>
<bind>
<opset="icmp_ln394 "/>
</bind>
</comp>

<comp id="2945" class="1005" name="icmp_ln395_reg_2945">
<pin_list>
<pin id="2946" dir="0" index="0" bw="1" slack="2"/>
<pin id="2947" dir="1" index="1" bw="1" slack="2"/>
</pin_list>
<bind>
<opset="icmp_ln395 "/>
</bind>
</comp>

<comp id="2950" class="1005" name="icmp_ln394_1_reg_2950">
<pin_list>
<pin id="2951" dir="0" index="0" bw="1" slack="1"/>
<pin id="2952" dir="1" index="1" bw="1" slack="2147483647"/>
</pin_list>
<bind>
<opset="icmp_ln394_1 "/>
</bind>
</comp>

<comp id="2954" class="1005" name="icmp_ln395_1_reg_2954">
<pin_list>
<pin id="2955" dir="0" index="0" bw="1" slack="2"/>
<pin id="2956" dir="1" index="1" bw="1" slack="2"/>
</pin_list>
<bind>
<opset="icmp_ln395_1 "/>
</bind>
</comp>

<comp id="2959" class="1005" name="icmp_ln394_2_reg_2959">
<pin_list>
<pin id="2960" dir="0" index="0" bw="1" slack="1"/>
<pin id="2961" dir="1" index="1" bw="1" slack="2147483647"/>
</pin_list>
<bind>
<opset="icmp_ln394_2 "/>
</bind>
</comp>

<comp id="2963" class="1005" name="icmp_ln395_2_reg_2963">
<pin_list>
<pin id="2964" dir="0" index="0" bw="1" slack="2"/>
<pin id="2965" dir="1" index="1" bw="1" slack="2"/>
</pin_list>
<bind>
<opset="icmp_ln395_2 "/>
</bind>
</comp>

<comp id="2968" class="1005" name="icmp_ln394_3_reg_2968">
<pin_list>
<pin id="2969" dir="0" index="0" bw="1" slack="1"/>
<pin id="2970" dir="1" index="1" bw="1" slack="2147483647"/>
</pin_list>
<bind>
<opset="icmp_ln394_3 "/>
</bind>
</comp>

<comp id="2972" class="1005" name="icmp_ln395_3_reg_2972">
<pin_list>
<pin id="2973" dir="0" index="0" bw="1" slack="2"/>
<pin id="2974" dir="1" index="1" bw="1" slack="2"/>
</pin_list>
<bind>
<opset="icmp_ln395_3 "/>
</bind>
</comp>

<comp id="2977" class="1005" name="icmp_ln394_4_reg_2977">
<pin_list>
<pin id="2978" dir="0" index="0" bw="1" slack="1"/>
<pin id="2979" dir="1" index="1" bw="1" slack="2147483647"/>
</pin_list>
<bind>
<opset="icmp_ln394_4 "/>
</bind>
</comp>

<comp id="2981" class="1005" name="icmp_ln395_4_reg_2981">
<pin_list>
<pin id="2982" dir="0" index="0" bw="1" slack="2"/>
<pin id="2983" dir="1" index="1" bw="1" slack="2"/>
</pin_list>
<bind>
<opset="icmp_ln395_4 "/>
</bind>
</comp>

<comp id="2986" class="1005" name="icmp_ln394_5_reg_2986">
<pin_list>
<pin id="2987" dir="0" index="0" bw="1" slack="1"/>
<pin id="2988" dir="1" index="1" bw="1" slack="2147483647"/>
</pin_list>
<bind>
<opset="icmp_ln394_5 "/>
</bind>
</comp>

<comp id="2990" class="1005" name="icmp_ln395_5_reg_2990">
<pin_list>
<pin id="2991" dir="0" index="0" bw="1" slack="2"/>
<pin id="2992" dir="1" index="1" bw="1" slack="2"/>
</pin_list>
<bind>
<opset="icmp_ln395_5 "/>
</bind>
</comp>

<comp id="2995" class="1005" name="icmp_ln394_6_reg_2995">
<pin_list>
<pin id="2996" dir="0" index="0" bw="1" slack="1"/>
<pin id="2997" dir="1" index="1" bw="1" slack="2147483647"/>
</pin_list>
<bind>
<opset="icmp_ln394_6 "/>
</bind>
</comp>

<comp id="2999" class="1005" name="icmp_ln395_6_reg_2999">
<pin_list>
<pin id="3000" dir="0" index="0" bw="1" slack="2"/>
<pin id="3001" dir="1" index="1" bw="1" slack="2"/>
</pin_list>
<bind>
<opset="icmp_ln395_6 "/>
</bind>
</comp>

<comp id="3004" class="1005" name="icmp_ln394_7_reg_3004">
<pin_list>
<pin id="3005" dir="0" index="0" bw="1" slack="1"/>
<pin id="3006" dir="1" index="1" bw="1" slack="2147483647"/>
</pin_list>
<bind>
<opset="icmp_ln394_7 "/>
</bind>
</comp>

<comp id="3008" class="1005" name="icmp_ln395_7_reg_3008">
<pin_list>
<pin id="3009" dir="0" index="0" bw="1" slack="2"/>
<pin id="3010" dir="1" index="1" bw="1" slack="2"/>
</pin_list>
<bind>
<opset="icmp_ln395_7 "/>
</bind>
</comp>

<comp id="3013" class="1005" name="zext_ln255_reg_3013">
<pin_list>
<pin id="3014" dir="0" index="0" bw="64" slack="1"/>
<pin id="3015" dir="1" index="1" bw="64" slack="1"/>
</pin_list>
<bind>
<opset="zext_ln255 "/>
</bind>
</comp>

<comp id="3018" class="1005" name="arg0_buf_p0_1_V_addr_reg_3018">
<pin_list>
<pin id="3019" dir="0" index="0" bw="14" slack="1"/>
<pin id="3020" dir="1" index="1" bw="14" slack="1"/>
</pin_list>
<bind>
<opset="arg0_buf_p0_1_V_addr "/>
</bind>
</comp>

<comp id="3023" class="1005" name="t_1_reg_3023">
<pin_list>
<pin id="3024" dir="0" index="0" bw="256" slack="1"/>
<pin id="3025" dir="1" index="1" bw="256" slack="1"/>
</pin_list>
<bind>
<opset="t_1 "/>
</bind>
</comp>

<comp id="3029" class="1005" name="arg0_tmpConverter_0_1_reg_3029">
<pin_list>
<pin id="3030" dir="0" index="0" bw="32" slack="3"/>
<pin id="3031" dir="1" index="1" bw="32" slack="3"/>
</pin_list>
<bind>
<opset="arg0_tmpConverter_0_1 "/>
</bind>
</comp>

<comp id="3034" class="1005" name="arg0_tmpConverter_0_1_1_reg_3034">
<pin_list>
<pin id="3035" dir="0" index="0" bw="32" slack="3"/>
<pin id="3036" dir="1" index="1" bw="32" slack="3"/>
</pin_list>
<bind>
<opset="arg0_tmpConverter_0_1_1 "/>
</bind>
</comp>

<comp id="3039" class="1005" name="arg0_tmpConverter_0_1_2_reg_3039">
<pin_list>
<pin id="3040" dir="0" index="0" bw="32" slack="3"/>
<pin id="3041" dir="1" index="1" bw="32" slack="3"/>
</pin_list>
<bind>
<opset="arg0_tmpConverter_0_1_2 "/>
</bind>
</comp>

<comp id="3044" class="1005" name="arg0_tmpConverter_0_1_3_reg_3044">
<pin_list>
<pin id="3045" dir="0" index="0" bw="32" slack="3"/>
<pin id="3046" dir="1" index="1" bw="32" slack="3"/>
</pin_list>
<bind>
<opset="arg0_tmpConverter_0_1_3 "/>
</bind>
</comp>

<comp id="3049" class="1005" name="arg0_tmpConverter_0_1_4_reg_3049">
<pin_list>
<pin id="3050" dir="0" index="0" bw="32" slack="3"/>
<pin id="3051" dir="1" index="1" bw="32" slack="3"/>
</pin_list>
<bind>
<opset="arg0_tmpConverter_0_1_4 "/>
</bind>
</comp>

<comp id="3054" class="1005" name="arg0_tmpConverter_0_1_5_reg_3054">
<pin_list>
<pin id="3055" dir="0" index="0" bw="32" slack="3"/>
<pin id="3056" dir="1" index="1" bw="32" slack="3"/>
</pin_list>
<bind>
<opset="arg0_tmpConverter_0_1_5 "/>
</bind>
</comp>

<comp id="3059" class="1005" name="arg0_tmpConverter_0_1_6_reg_3059">
<pin_list>
<pin id="3060" dir="0" index="0" bw="32" slack="3"/>
<pin id="3061" dir="1" index="1" bw="32" slack="3"/>
</pin_list>
<bind>
<opset="arg0_tmpConverter_0_1_6 "/>
</bind>
</comp>

<comp id="3064" class="1005" name="arg0_tmpConverter_0_1_7_reg_3064">
<pin_list>
<pin id="3065" dir="0" index="0" bw="32" slack="3"/>
<pin id="3066" dir="1" index="1" bw="32" slack="3"/>
</pin_list>
<bind>
<opset="arg0_tmpConverter_0_1_7 "/>
</bind>
</comp>

<comp id="3069" class="1005" name="cmp399_reg_3069">
<pin_list>
<pin id="3070" dir="0" index="0" bw="1" slack="1"/>
<pin id="3071" dir="1" index="1" bw="1" slack="1"/>
</pin_list>
<bind>
<opset="cmp399 "/>
</bind>
</comp>

<comp id="3081" class="1005" name="icmp_ln399_reg_3081">
<pin_list>
<pin id="3082" dir="0" index="0" bw="1" slack="1"/>
<pin id="3083" dir="1" index="1" bw="1" slack="1"/>
</pin_list>
<bind>
<opset="icmp_ln399 "/>
</bind>
</comp>

<comp id="3086" class="1005" name="icmp_ln399_1_reg_3086">
<pin_list>
<pin id="3087" dir="0" index="0" bw="1" slack="1"/>
<pin id="3088" dir="1" index="1" bw="1" slack="1"/>
</pin_list>
<bind>
<opset="icmp_ln399_1 "/>
</bind>
</comp>

<comp id="3091" class="1005" name="icmp_ln399_2_reg_3091">
<pin_list>
<pin id="3092" dir="0" index="0" bw="1" slack="1"/>
<pin id="3093" dir="1" index="1" bw="1" slack="1"/>
</pin_list>
<bind>
<opset="icmp_ln399_2 "/>
</bind>
</comp>

<comp id="3096" class="1005" name="icmp_ln399_3_reg_3096">
<pin_list>
<pin id="3097" dir="0" index="0" bw="1" slack="1"/>
<pin id="3098" dir="1" index="1" bw="1" slack="1"/>
</pin_list>
<bind>
<opset="icmp_ln399_3 "/>
</bind>
</comp>

<comp id="3101" class="1005" name="icmp_ln399_4_reg_3101">
<pin_list>
<pin id="3102" dir="0" index="0" bw="1" slack="1"/>
<pin id="3103" dir="1" index="1" bw="1" slack="1"/>
</pin_list>
<bind>
<opset="icmp_ln399_4 "/>
</bind>
</comp>

<comp id="3106" class="1005" name="icmp_ln399_5_reg_3106">
<pin_list>
<pin id="3107" dir="0" index="0" bw="1" slack="1"/>
<pin id="3108" dir="1" index="1" bw="1" slack="1"/>
</pin_list>
<bind>
<opset="icmp_ln399_5 "/>
</bind>
</comp>

<comp id="3111" class="1005" name="icmp_ln399_6_reg_3111">
<pin_list>
<pin id="3112" dir="0" index="0" bw="1" slack="1"/>
<pin id="3113" dir="1" index="1" bw="1" slack="1"/>
</pin_list>
<bind>
<opset="icmp_ln399_6 "/>
</bind>
</comp>

<comp id="3116" class="1005" name="icmp_ln399_7_reg_3116">
<pin_list>
<pin id="3117" dir="0" index="0" bw="1" slack="1"/>
<pin id="3118" dir="1" index="1" bw="1" slack="1"/>
</pin_list>
<bind>
<opset="icmp_ln399_7 "/>
</bind>
</comp>

<comp id="3121" class="1005" name="tmp_reg_3121">
<pin_list>
<pin id="3122" dir="0" index="0" bw="1" slack="13"/>
<pin id="3123" dir="1" index="1" bw="1" slack="2147483647"/>
</pin_list>
<bind>
<opset="tmp "/>
</bind>
</comp>

<comp id="3125" class="1005" name="reuse_reg170_load_reg_3125">
<pin_list>
<pin id="3126" dir="0" index="0" bw="256" slack="1"/>
<pin id="3127" dir="1" index="1" bw="256" slack="1"/>
</pin_list>
<bind>
<opset="reuse_reg170_load "/>
</bind>
</comp>

<comp id="3130" class="1005" name="addr_cmp174_reg_3130">
<pin_list>
<pin id="3131" dir="0" index="0" bw="1" slack="1"/>
<pin id="3132" dir="1" index="1" bw="1" slack="1"/>
</pin_list>
<bind>
<opset="addr_cmp174 "/>
</bind>
</comp>

<comp id="3135" class="1005" name="arg0_rowArr_1_1_2_reg_3135">
<pin_list>
<pin id="3136" dir="0" index="0" bw="32" slack="2"/>
<pin id="3137" dir="1" index="1" bw="32" slack="2"/>
</pin_list>
<bind>
<opset="arg0_rowArr_1_1_2 "/>
</bind>
</comp>

<comp id="3143" class="1005" name="arg0_rowArr_1_1_3_reg_3143">
<pin_list>
<pin id="3144" dir="0" index="0" bw="32" slack="2"/>
<pin id="3145" dir="1" index="1" bw="32" slack="2"/>
</pin_list>
<bind>
<opset="arg0_rowArr_1_1_3 "/>
</bind>
</comp>

<comp id="3151" class="1005" name="neg_cond_reg_3151">
<pin_list>
<pin id="3152" dir="0" index="0" bw="1" slack="1"/>
<pin id="3153" dir="1" index="1" bw="1" slack="2147483647"/>
</pin_list>
<bind>
<opset="neg_cond "/>
</bind>
</comp>

<comp id="3155" class="1005" name="neg_cond_1_reg_3155">
<pin_list>
<pin id="3156" dir="0" index="0" bw="1" slack="1"/>
<pin id="3157" dir="1" index="1" bw="1" slack="2147483647"/>
</pin_list>
<bind>
<opset="neg_cond_1 "/>
</bind>
</comp>

<comp id="3159" class="1005" name="neg_cond_2_reg_3159">
<pin_list>
<pin id="3160" dir="0" index="0" bw="1" slack="1"/>
<pin id="3161" dir="1" index="1" bw="1" slack="2147483647"/>
</pin_list>
<bind>
<opset="neg_cond_2 "/>
</bind>
</comp>

<comp id="3163" class="1005" name="neg_cond_3_reg_3163">
<pin_list>
<pin id="3164" dir="0" index="0" bw="1" slack="1"/>
<pin id="3165" dir="1" index="1" bw="1" slack="2147483647"/>
</pin_list>
<bind>
<opset="neg_cond_3 "/>
</bind>
</comp>

<comp id="3167" class="1005" name="neg_cond_4_reg_3167">
<pin_list>
<pin id="3168" dir="0" index="0" bw="1" slack="1"/>
<pin id="3169" dir="1" index="1" bw="1" slack="2147483647"/>
</pin_list>
<bind>
<opset="neg_cond_4 "/>
</bind>
</comp>

<comp id="3171" class="1005" name="neg_cond_5_reg_3171">
<pin_list>
<pin id="3172" dir="0" index="0" bw="1" slack="1"/>
<pin id="3173" dir="1" index="1" bw="1" slack="2147483647"/>
</pin_list>
<bind>
<opset="neg_cond_5 "/>
</bind>
</comp>

<comp id="3175" class="1005" name="neg_cond_6_reg_3175">
<pin_list>
<pin id="3176" dir="0" index="0" bw="1" slack="1"/>
<pin id="3177" dir="1" index="1" bw="1" slack="2147483647"/>
</pin_list>
<bind>
<opset="neg_cond_6 "/>
</bind>
</comp>

<comp id="3179" class="1005" name="neg_cond_7_reg_3179">
<pin_list>
<pin id="3180" dir="0" index="0" bw="1" slack="1"/>
<pin id="3181" dir="1" index="1" bw="1" slack="2147483647"/>
</pin_list>
<bind>
<opset="neg_cond_7 "/>
</bind>
</comp>

<comp id="3183" class="1005" name="arg0_rowArr_1_0_reg_3183">
<pin_list>
<pin id="3184" dir="0" index="0" bw="32" slack="1"/>
<pin id="3185" dir="1" index="1" bw="32" slack="1"/>
</pin_list>
<bind>
<opset="arg0_rowArr_1_0 "/>
</bind>
</comp>

<comp id="3188" class="1005" name="arg0_tmpConverter_1_0_1_reg_3188">
<pin_list>
<pin id="3189" dir="0" index="0" bw="32" slack="1"/>
<pin id="3190" dir="1" index="1" bw="32" slack="1"/>
</pin_list>
<bind>
<opset="arg0_tmpConverter_1_0_1 "/>
</bind>
</comp>

<comp id="3193" class="1005" name="arg0_tmpConverter_1_0_2_reg_3193">
<pin_list>
<pin id="3194" dir="0" index="0" bw="32" slack="1"/>
<pin id="3195" dir="1" index="1" bw="32" slack="1"/>
</pin_list>
<bind>
<opset="arg0_tmpConverter_1_0_2 "/>
</bind>
</comp>

<comp id="3198" class="1005" name="arg0_tmpConverter_1_0_3_reg_3198">
<pin_list>
<pin id="3199" dir="0" index="0" bw="32" slack="1"/>
<pin id="3200" dir="1" index="1" bw="32" slack="1"/>
</pin_list>
<bind>
<opset="arg0_tmpConverter_1_0_3 "/>
</bind>
</comp>

<comp id="3203" class="1005" name="arg0_tmpConverter_1_0_4_reg_3203">
<pin_list>
<pin id="3204" dir="0" index="0" bw="32" slack="1"/>
<pin id="3205" dir="1" index="1" bw="32" slack="1"/>
</pin_list>
<bind>
<opset="arg0_tmpConverter_1_0_4 "/>
</bind>
</comp>

<comp id="3208" class="1005" name="arg0_tmpConverter_1_0_5_reg_3208">
<pin_list>
<pin id="3209" dir="0" index="0" bw="32" slack="1"/>
<pin id="3210" dir="1" index="1" bw="32" slack="1"/>
</pin_list>
<bind>
<opset="arg0_tmpConverter_1_0_5 "/>
</bind>
</comp>

<comp id="3213" class="1005" name="arg0_tmpConverter_1_0_6_reg_3213">
<pin_list>
<pin id="3214" dir="0" index="0" bw="32" slack="1"/>
<pin id="3215" dir="1" index="1" bw="32" slack="1"/>
</pin_list>
<bind>
<opset="arg0_tmpConverter_1_0_6 "/>
</bind>
</comp>

<comp id="3218" class="1005" name="arg0_tmpConverter_1_0_7_reg_3218">
<pin_list>
<pin id="3219" dir="0" index="0" bw="32" slack="1"/>
<pin id="3220" dir="1" index="1" bw="32" slack="1"/>
</pin_list>
<bind>
<opset="arg0_tmpConverter_1_0_7 "/>
</bind>
</comp>

<comp id="3223" class="1005" name="arg0_rowArr_0_1_reg_3223">
<pin_list>
<pin id="3224" dir="0" index="0" bw="32" slack="1"/>
<pin id="3225" dir="1" index="1" bw="32" slack="1"/>
</pin_list>
<bind>
<opset="arg0_rowArr_0_1 "/>
</bind>
</comp>

<comp id="3228" class="1005" name="arg0_rowArr_2_1_reg_3228">
<pin_list>
<pin id="3229" dir="0" index="0" bw="32" slack="1"/>
<pin id="3230" dir="1" index="1" bw="32" slack="1"/>
</pin_list>
<bind>
<opset="arg0_rowArr_2_1 "/>
</bind>
</comp>

<comp id="3233" class="1005" name="arg0_rowArr_1_2_reg_3233">
<pin_list>
<pin id="3234" dir="0" index="0" bw="32" slack="1"/>
<pin id="3235" dir="1" index="1" bw="32" slack="1"/>
</pin_list>
<bind>
<opset="arg0_rowArr_1_2 "/>
</bind>
</comp>

<comp id="3238" class="1005" name="arg0_rowArr_1_0_1_reg_3238">
<pin_list>
<pin id="3239" dir="0" index="0" bw="32" slack="1"/>
<pin id="3240" dir="1" index="1" bw="32" slack="1"/>
</pin_list>
<bind>
<opset="arg0_rowArr_1_0_1 "/>
</bind>
</comp>

<comp id="3243" class="1005" name="arg0_rowArr_0_1_1_reg_3243">
<pin_list>
<pin id="3244" dir="0" index="0" bw="32" slack="1"/>
<pin id="3245" dir="1" index="1" bw="32" slack="1"/>
</pin_list>
<bind>
<opset="arg0_rowArr_0_1_1 "/>
</bind>
</comp>

<comp id="3248" class="1005" name="arg0_rowArr_2_1_1_reg_3248">
<pin_list>
<pin id="3249" dir="0" index="0" bw="32" slack="1"/>
<pin id="3250" dir="1" index="1" bw="32" slack="1"/>
</pin_list>
<bind>
<opset="arg0_rowArr_2_1_1 "/>
</bind>
</comp>

<comp id="3253" class="1005" name="arg0_rowArr_1_2_1_reg_3253">
<pin_list>
<pin id="3254" dir="0" index="0" bw="32" slack="1"/>
<pin id="3255" dir="1" index="1" bw="32" slack="1"/>
</pin_list>
<bind>
<opset="arg0_rowArr_1_2_1 "/>
</bind>
</comp>

<comp id="3258" class="1005" name="arg0_rowArr_1_0_2_reg_3258">
<pin_list>
<pin id="3259" dir="0" index="0" bw="32" slack="1"/>
<pin id="3260" dir="1" index="1" bw="32" slack="1"/>
</pin_list>
<bind>
<opset="arg0_rowArr_1_0_2 "/>
</bind>
</comp>

<comp id="3263" class="1005" name="arg0_rowArr_0_1_2_reg_3263">
<pin_list>
<pin id="3264" dir="0" index="0" bw="32" slack="1"/>
<pin id="3265" dir="1" index="1" bw="32" slack="1"/>
</pin_list>
<bind>
<opset="arg0_rowArr_0_1_2 "/>
</bind>
</comp>

<comp id="3268" class="1005" name="arg0_rowArr_2_1_2_reg_3268">
<pin_list>
<pin id="3269" dir="0" index="0" bw="32" slack="1"/>
<pin id="3270" dir="1" index="1" bw="32" slack="1"/>
</pin_list>
<bind>
<opset="arg0_rowArr_2_1_2 "/>
</bind>
</comp>

<comp id="3273" class="1005" name="arg0_rowArr_1_2_2_reg_3273">
<pin_list>
<pin id="3274" dir="0" index="0" bw="32" slack="1"/>
<pin id="3275" dir="1" index="1" bw="32" slack="1"/>
</pin_list>
<bind>
<opset="arg0_rowArr_1_2_2 "/>
</bind>
</comp>

<comp id="3278" class="1005" name="arg0_rowArr_1_0_3_reg_3278">
<pin_list>
<pin id="3279" dir="0" index="0" bw="32" slack="1"/>
<pin id="3280" dir="1" index="1" bw="32" slack="1"/>
</pin_list>
<bind>
<opset="arg0_rowArr_1_0_3 "/>
</bind>
</comp>

<comp id="3283" class="1005" name="arg0_rowArr_0_1_3_reg_3283">
<pin_list>
<pin id="3284" dir="0" index="0" bw="32" slack="1"/>
<pin id="3285" dir="1" index="1" bw="32" slack="1"/>
</pin_list>
<bind>
<opset="arg0_rowArr_0_1_3 "/>
</bind>
</comp>

<comp id="3288" class="1005" name="arg0_rowArr_2_1_3_reg_3288">
<pin_list>
<pin id="3289" dir="0" index="0" bw="32" slack="1"/>
<pin id="3290" dir="1" index="1" bw="32" slack="1"/>
</pin_list>
<bind>
<opset="arg0_rowArr_2_1_3 "/>
</bind>
</comp>

<comp id="3293" class="1005" name="arg0_rowArr_1_2_3_reg_3293">
<pin_list>
<pin id="3294" dir="0" index="0" bw="32" slack="1"/>
<pin id="3295" dir="1" index="1" bw="32" slack="1"/>
</pin_list>
<bind>
<opset="arg0_rowArr_1_2_3 "/>
</bind>
</comp>

<comp id="3298" class="1005" name="arg0_rowArr_1_0_4_reg_3298">
<pin_list>
<pin id="3299" dir="0" index="0" bw="32" slack="1"/>
<pin id="3300" dir="1" index="1" bw="32" slack="1"/>
</pin_list>
<bind>
<opset="arg0_rowArr_1_0_4 "/>
</bind>
</comp>

<comp id="3303" class="1005" name="arg0_rowArr_0_1_4_reg_3303">
<pin_list>
<pin id="3304" dir="0" index="0" bw="32" slack="1"/>
<pin id="3305" dir="1" index="1" bw="32" slack="1"/>
</pin_list>
<bind>
<opset="arg0_rowArr_0_1_4 "/>
</bind>
</comp>

<comp id="3308" class="1005" name="arg0_rowArr_2_1_4_reg_3308">
<pin_list>
<pin id="3309" dir="0" index="0" bw="32" slack="1"/>
<pin id="3310" dir="1" index="1" bw="32" slack="1"/>
</pin_list>
<bind>
<opset="arg0_rowArr_2_1_4 "/>
</bind>
</comp>

<comp id="3313" class="1005" name="arg0_rowArr_1_2_4_reg_3313">
<pin_list>
<pin id="3314" dir="0" index="0" bw="32" slack="1"/>
<pin id="3315" dir="1" index="1" bw="32" slack="1"/>
</pin_list>
<bind>
<opset="arg0_rowArr_1_2_4 "/>
</bind>
</comp>

<comp id="3318" class="1005" name="arg0_rowArr_1_0_5_reg_3318">
<pin_list>
<pin id="3319" dir="0" index="0" bw="32" slack="1"/>
<pin id="3320" dir="1" index="1" bw="32" slack="1"/>
</pin_list>
<bind>
<opset="arg0_rowArr_1_0_5 "/>
</bind>
</comp>

<comp id="3323" class="1005" name="arg0_rowArr_0_1_5_reg_3323">
<pin_list>
<pin id="3324" dir="0" index="0" bw="32" slack="1"/>
<pin id="3325" dir="1" index="1" bw="32" slack="1"/>
</pin_list>
<bind>
<opset="arg0_rowArr_0_1_5 "/>
</bind>
</comp>

<comp id="3328" class="1005" name="arg0_rowArr_1_1_5_reg_3328">
<pin_list>
<pin id="3329" dir="0" index="0" bw="32" slack="1"/>
<pin id="3330" dir="1" index="1" bw="32" slack="1"/>
</pin_list>
<bind>
<opset="arg0_rowArr_1_1_5 "/>
</bind>
</comp>

<comp id="3335" class="1005" name="arg0_rowArr_2_1_5_reg_3335">
<pin_list>
<pin id="3336" dir="0" index="0" bw="32" slack="1"/>
<pin id="3337" dir="1" index="1" bw="32" slack="1"/>
</pin_list>
<bind>
<opset="arg0_rowArr_2_1_5 "/>
</bind>
</comp>

<comp id="3340" class="1005" name="arg0_rowArr_1_2_5_reg_3340">
<pin_list>
<pin id="3341" dir="0" index="0" bw="32" slack="1"/>
<pin id="3342" dir="1" index="1" bw="32" slack="1"/>
</pin_list>
<bind>
<opset="arg0_rowArr_1_2_5 "/>
</bind>
</comp>

<comp id="3345" class="1005" name="arg0_rowArr_1_0_6_reg_3345">
<pin_list>
<pin id="3346" dir="0" index="0" bw="32" slack="1"/>
<pin id="3347" dir="1" index="1" bw="32" slack="1"/>
</pin_list>
<bind>
<opset="arg0_rowArr_1_0_6 "/>
</bind>
</comp>

<comp id="3350" class="1005" name="arg0_rowArr_0_1_6_reg_3350">
<pin_list>
<pin id="3351" dir="0" index="0" bw="32" slack="1"/>
<pin id="3352" dir="1" index="1" bw="32" slack="1"/>
</pin_list>
<bind>
<opset="arg0_rowArr_0_1_6 "/>
</bind>
</comp>

<comp id="3355" class="1005" name="arg0_rowArr_1_1_6_reg_3355">
<pin_list>
<pin id="3356" dir="0" index="0" bw="32" slack="1"/>
<pin id="3357" dir="1" index="1" bw="32" slack="1"/>
</pin_list>
<bind>
<opset="arg0_rowArr_1_1_6 "/>
</bind>
</comp>

<comp id="3362" class="1005" name="arg0_rowArr_2_1_6_reg_3362">
<pin_list>
<pin id="3363" dir="0" index="0" bw="32" slack="1"/>
<pin id="3364" dir="1" index="1" bw="32" slack="1"/>
</pin_list>
<bind>
<opset="arg0_rowArr_2_1_6 "/>
</bind>
</comp>

<comp id="3367" class="1005" name="arg0_rowArr_1_2_6_reg_3367">
<pin_list>
<pin id="3368" dir="0" index="0" bw="32" slack="1"/>
<pin id="3369" dir="1" index="1" bw="32" slack="1"/>
</pin_list>
<bind>
<opset="arg0_rowArr_1_2_6 "/>
</bind>
</comp>

<comp id="3372" class="1005" name="arg0_rowArr_1_0_7_reg_3372">
<pin_list>
<pin id="3373" dir="0" index="0" bw="32" slack="1"/>
<pin id="3374" dir="1" index="1" bw="32" slack="1"/>
</pin_list>
<bind>
<opset="arg0_rowArr_1_0_7 "/>
</bind>
</comp>

<comp id="3377" class="1005" name="arg0_rowArr_0_1_7_reg_3377">
<pin_list>
<pin id="3378" dir="0" index="0" bw="32" slack="1"/>
<pin id="3379" dir="1" index="1" bw="32" slack="1"/>
</pin_list>
<bind>
<opset="arg0_rowArr_0_1_7 "/>
</bind>
</comp>

<comp id="3382" class="1005" name="arg0_rowArr_1_1_7_reg_3382">
<pin_list>
<pin id="3383" dir="0" index="0" bw="32" slack="1"/>
<pin id="3384" dir="1" index="1" bw="32" slack="1"/>
</pin_list>
<bind>
<opset="arg0_rowArr_1_1_7 "/>
</bind>
</comp>

<comp id="3388" class="1005" name="arg0_rowArr_2_1_7_reg_3388">
<pin_list>
<pin id="3389" dir="0" index="0" bw="32" slack="1"/>
<pin id="3390" dir="1" index="1" bw="32" slack="1"/>
</pin_list>
<bind>
<opset="arg0_rowArr_2_1_7 "/>
</bind>
</comp>

<comp id="3393" class="1005" name="arg0_rowArr_1_2_7_reg_3393">
<pin_list>
<pin id="3394" dir="0" index="0" bw="32" slack="1"/>
<pin id="3395" dir="1" index="1" bw="32" slack="1"/>
</pin_list>
<bind>
<opset="arg0_rowArr_1_2_7 "/>
</bind>
</comp>

<comp id="3398" class="1005" name="arg0_rowArr_1_1_8_reg_3398">
<pin_list>
<pin id="3399" dir="0" index="0" bw="32" slack="1"/>
<pin id="3400" dir="1" index="1" bw="32" slack="1"/>
</pin_list>
<bind>
<opset="arg0_rowArr_1_1_8 "/>
</bind>
</comp>

<comp id="3403" class="1005" name="arg0_rowArr_1_1_9_reg_3403">
<pin_list>
<pin id="3404" dir="0" index="0" bw="32" slack="1"/>
<pin id="3405" dir="1" index="1" bw="32" slack="1"/>
</pin_list>
<bind>
<opset="arg0_rowArr_1_1_9 "/>
</bind>
</comp>

</comp_list>

<net_list>
<net id="145"><net_src comp="40" pin="0"/><net_sink comp="142" pin=0"/></net>

<net id="149"><net_src comp="40" pin="0"/><net_sink comp="146" pin=0"/></net>

<net id="153"><net_src comp="40" pin="0"/><net_sink comp="150" pin=0"/></net>

<net id="157"><net_src comp="40" pin="0"/><net_sink comp="154" pin=0"/></net>

<net id="161"><net_src comp="40" pin="0"/><net_sink comp="158" pin=0"/></net>

<net id="165"><net_src comp="40" pin="0"/><net_sink comp="162" pin=0"/></net>

<net id="169"><net_src comp="40" pin="0"/><net_sink comp="166" pin=0"/></net>

<net id="173"><net_src comp="40" pin="0"/><net_sink comp="170" pin=0"/></net>

<net id="177"><net_src comp="40" pin="0"/><net_sink comp="174" pin=0"/></net>

<net id="181"><net_src comp="40" pin="0"/><net_sink comp="178" pin=0"/></net>

<net id="185"><net_src comp="40" pin="0"/><net_sink comp="182" pin=0"/></net>

<net id="189"><net_src comp="40" pin="0"/><net_sink comp="186" pin=0"/></net>

<net id="193"><net_src comp="40" pin="0"/><net_sink comp="190" pin=0"/></net>

<net id="197"><net_src comp="40" pin="0"/><net_sink comp="194" pin=0"/></net>

<net id="201"><net_src comp="40" pin="0"/><net_sink comp="198" pin=0"/></net>

<net id="205"><net_src comp="40" pin="0"/><net_sink comp="202" pin=0"/></net>

<net id="209"><net_src comp="40" pin="0"/><net_sink comp="206" pin=0"/></net>

<net id="213"><net_src comp="40" pin="0"/><net_sink comp="210" pin=0"/></net>

<net id="217"><net_src comp="40" pin="0"/><net_sink comp="214" pin=0"/></net>

<net id="221"><net_src comp="40" pin="0"/><net_sink comp="218" pin=0"/></net>

<net id="225"><net_src comp="40" pin="0"/><net_sink comp="222" pin=0"/></net>

<net id="229"><net_src comp="40" pin="0"/><net_sink comp="226" pin=0"/></net>

<net id="233"><net_src comp="40" pin="0"/><net_sink comp="230" pin=0"/></net>

<net id="238"><net_src comp="42" pin="0"/><net_sink comp="234" pin=0"/></net>

<net id="239"><net_src comp="36" pin="0"/><net_sink comp="234" pin=1"/></net>

<net id="244"><net_src comp="44" pin="0"/><net_sink comp="240" pin=0"/></net>

<net id="245"><net_src comp="34" pin="0"/><net_sink comp="240" pin=1"/></net>

<net id="250"><net_src comp="44" pin="0"/><net_sink comp="246" pin=0"/></net>

<net id="251"><net_src comp="32" pin="0"/><net_sink comp="246" pin=1"/></net>

<net id="256"><net_src comp="44" pin="0"/><net_sink comp="252" pin=0"/></net>

<net id="257"><net_src comp="30" pin="0"/><net_sink comp="252" pin=1"/></net>

<net id="262"><net_src comp="44" pin="0"/><net_sink comp="258" pin=0"/></net>

<net id="263"><net_src comp="28" pin="0"/><net_sink comp="258" pin=1"/></net>

<net id="268"><net_src comp="44" pin="0"/><net_sink comp="264" pin=0"/></net>

<net id="269"><net_src comp="26" pin="0"/><net_sink comp="264" pin=1"/></net>

<net id="274"><net_src comp="44" pin="0"/><net_sink comp="270" pin=0"/></net>

<net id="275"><net_src comp="24" pin="0"/><net_sink comp="270" pin=1"/></net>

<net id="280"><net_src comp="46" pin="0"/><net_sink comp="276" pin=0"/></net>

<net id="281"><net_src comp="22" pin="0"/><net_sink comp="276" pin=1"/></net>

<net id="286"><net_src comp="44" pin="0"/><net_sink comp="282" pin=0"/></net>

<net id="287"><net_src comp="20" pin="0"/><net_sink comp="282" pin=1"/></net>

<net id="292"><net_src comp="44" pin="0"/><net_sink comp="288" pin=0"/></net>

<net id="293"><net_src comp="10" pin="0"/><net_sink comp="288" pin=1"/></net>

<net id="298"><net_src comp="44" pin="0"/><net_sink comp="294" pin=0"/></net>

<net id="299"><net_src comp="8" pin="0"/><net_sink comp="294" pin=1"/></net>

<net id="304"><net_src comp="44" pin="0"/><net_sink comp="300" pin=0"/></net>

<net id="305"><net_src comp="6" pin="0"/><net_sink comp="300" pin=1"/></net>

<net id="310"><net_src comp="42" pin="0"/><net_sink comp="306" pin=0"/></net>

<net id="311"><net_src comp="2" pin="0"/><net_sink comp="306" pin=1"/></net>

<net id="316"><net_src comp="44" pin="0"/><net_sink comp="312" pin=0"/></net>

<net id="317"><net_src comp="0" pin="0"/><net_sink comp="312" pin=1"/></net>

<net id="322"><net_src comp="78" pin="0"/><net_sink comp="318" pin=0"/></net>

<net id="323"><net_src comp="38" pin="0"/><net_sink comp="318" pin=1"/></net>

<net id="329"><net_src comp="140" pin="0"/><net_sink comp="324" pin=0"/></net>

<net id="330"><net_src comp="4" pin="0"/><net_sink comp="324" pin=1"/></net>

<net id="336"><net_src comp="18" pin="0"/><net_sink comp="331" pin=0"/></net>

<net id="337"><net_src comp="80" pin="0"/><net_sink comp="331" pin=1"/></net>

<net id="343"><net_src comp="331" pin="3"/><net_sink comp="338" pin=0"/></net>

<net id="349"><net_src comp="18" pin="0"/><net_sink comp="344" pin=0"/></net>

<net id="350"><net_src comp="80" pin="0"/><net_sink comp="344" pin=1"/></net>

<net id="355"><net_src comp="344" pin="3"/><net_sink comp="338" pin=2"/></net>

<net id="361"><net_src comp="16" pin="0"/><net_sink comp="356" pin=0"/></net>

<net id="362"><net_src comp="80" pin="0"/><net_sink comp="356" pin=1"/></net>

<net id="368"><net_src comp="356" pin="3"/><net_sink comp="363" pin=0"/></net>

<net id="374"><net_src comp="14" pin="0"/><net_sink comp="369" pin=0"/></net>

<net id="375"><net_src comp="80" pin="0"/><net_sink comp="369" pin=1"/></net>

<net id="381"><net_src comp="369" pin="3"/><net_sink comp="376" pin=0"/></net>

<net id="387"><net_src comp="16" pin="0"/><net_sink comp="382" pin=0"/></net>

<net id="388"><net_src comp="80" pin="0"/><net_sink comp="382" pin=1"/></net>

<net id="393"><net_src comp="382" pin="3"/><net_sink comp="363" pin=2"/></net>

<net id="399"><net_src comp="14" pin="0"/><net_sink comp="394" pin=0"/></net>

<net id="400"><net_src comp="80" pin="0"/><net_sink comp="394" pin=1"/></net>

<net id="405"><net_src comp="394" pin="3"/><net_sink comp="376" pin=2"/></net>

<net id="411"><net_src comp="12" pin="0"/><net_sink comp="406" pin=0"/></net>

<net id="412"><net_src comp="80" pin="0"/><net_sink comp="406" pin=1"/></net>

<net id="418"><net_src comp="406" pin="3"/><net_sink comp="413" pin=0"/></net>

<net id="424"><net_src comp="12" pin="0"/><net_sink comp="419" pin=0"/></net>

<net id="425"><net_src comp="80" pin="0"/><net_sink comp="419" pin=1"/></net>

<net id="430"><net_src comp="419" pin="3"/><net_sink comp="413" pin=2"/></net>

<net id="519"><net_src comp="509" pin="8"/><net_sink comp="434" pin=2"/></net>

<net id="520"><net_src comp="136" pin="0"/><net_sink comp="509" pin=0"/></net>

<net id="531"><net_src comp="521" pin="8"/><net_sink comp="443" pin=2"/></net>

<net id="532"><net_src comp="136" pin="0"/><net_sink comp="521" pin=0"/></net>

<net id="543"><net_src comp="533" pin="8"/><net_sink comp="452" pin=2"/></net>

<net id="544"><net_src comp="136" pin="0"/><net_sink comp="533" pin=0"/></net>

<net id="555"><net_src comp="545" pin="8"/><net_sink comp="461" pin=2"/></net>

<net id="556"><net_src comp="136" pin="0"/><net_sink comp="545" pin=0"/></net>

<net id="567"><net_src comp="557" pin="8"/><net_sink comp="470" pin=2"/></net>

<net id="568"><net_src comp="136" pin="0"/><net_sink comp="557" pin=0"/></net>

<net id="579"><net_src comp="136" pin="0"/><net_sink comp="569" pin=0"/></net>

<net id="590"><net_src comp="136" pin="0"/><net_sink comp="580" pin=0"/></net>

<net id="601"><net_src comp="136" pin="0"/><net_sink comp="591" pin=0"/></net>

<net id="605"><net_src comp="258" pin="2"/><net_sink comp="602" pin=0"/></net>

<net id="609"><net_src comp="264" pin="2"/><net_sink comp="606" pin=0"/></net>

<net id="613"><net_src comp="270" pin="2"/><net_sink comp="610" pin=0"/></net>

<net id="617"><net_src comp="288" pin="2"/><net_sink comp="614" pin=0"/></net>

<net id="621"><net_src comp="294" pin="2"/><net_sink comp="618" pin=0"/></net>

<net id="625"><net_src comp="300" pin="2"/><net_sink comp="622" pin=0"/></net>

<net id="630"><net_src comp="68" pin="0"/><net_sink comp="626" pin=0"/></net>

<net id="635"><net_src comp="62" pin="0"/><net_sink comp="631" pin=0"/></net>

<net id="640"><net_src comp="312" pin="2"/><net_sink comp="636" pin=0"/></net>

<net id="645"><net_src comp="70" pin="0"/><net_sink comp="641" pin=0"/></net>

<net id="650"><net_src comp="72" pin="0"/><net_sink comp="646" pin=0"/></net>

<net id="655"><net_src comp="70" pin="0"/><net_sink comp="651" pin=0"/></net>

<net id="660"><net_src comp="72" pin="0"/><net_sink comp="656" pin=0"/></net>

<net id="665"><net_src comp="72" pin="0"/><net_sink comp="661" pin=0"/></net>

<net id="670"><net_src comp="312" pin="2"/><net_sink comp="666" pin=0"/></net>

<net id="675"><net_src comp="72" pin="0"/><net_sink comp="671" pin=0"/></net>

<net id="680"><net_src comp="74" pin="0"/><net_sink comp="676" pin=0"/></net>

<net id="685"><net_src comp="72" pin="0"/><net_sink comp="681" pin=0"/></net>

<net id="690"><net_src comp="74" pin="0"/><net_sink comp="686" pin=0"/></net>

<net id="695"><net_src comp="68" pin="0"/><net_sink comp="691" pin=0"/></net>

<net id="700"><net_src comp="76" pin="0"/><net_sink comp="696" pin=0"/></net>

<net id="705"><net_src comp="68" pin="0"/><net_sink comp="701" pin=0"/></net>

<net id="710"><net_src comp="76" pin="0"/><net_sink comp="706" pin=0"/></net>

<net id="715"><net_src comp="68" pin="0"/><net_sink comp="711" pin=0"/></net>

<net id="720"><net_src comp="76" pin="0"/><net_sink comp="716" pin=0"/></net>

<net id="725"><net_src comp="68" pin="0"/><net_sink comp="721" pin=0"/></net>

<net id="730"><net_src comp="76" pin="0"/><net_sink comp="726" pin=0"/></net>

<net id="738"><net_src comp="731" pin="1"/><net_sink comp="734" pin=0"/></net>

<net id="739"><net_src comp="40" pin="0"/><net_sink comp="734" pin=1"/></net>

<net id="744"><net_src comp="731" pin="1"/><net_sink comp="740" pin=0"/></net>

<net id="745"><net_src comp="306" pin="2"/><net_sink comp="740" pin=1"/></net>

<net id="750"><net_src comp="731" pin="1"/><net_sink comp="746" pin=0"/></net>

<net id="751"><net_src comp="234" pin="2"/><net_sink comp="746" pin=1"/></net>

<net id="756"><net_src comp="734" pin="2"/><net_sink comp="752" pin=0"/></net>

<net id="761"><net_src comp="318" pin="2"/><net_sink comp="757" pin=0"/></net>

<net id="768"><net_src comp="762" pin="1"/><net_sink comp="765" pin=0"/></net>

<net id="769"><net_src comp="765" pin="1"/><net_sink comp="331" pin=2"/></net>

<net id="774"><net_src comp="762" pin="1"/><net_sink comp="770" pin=0"/></net>

<net id="779"><net_src comp="770" pin="2"/><net_sink comp="775" pin=0"/></net>

<net id="780"><net_src comp="82" pin="0"/><net_sink comp="775" pin=1"/></net>

<net id="785"><net_src comp="762" pin="1"/><net_sink comp="781" pin=0"/></net>

<net id="786"><net_src comp="74" pin="0"/><net_sink comp="781" pin=1"/></net>

<net id="792"><net_src comp="775" pin="2"/><net_sink comp="787" pin=0"/></net>

<net id="793"><net_src comp="72" pin="0"/><net_sink comp="787" pin=1"/></net>

<net id="794"><net_src comp="781" pin="2"/><net_sink comp="787" pin=2"/></net>

<net id="799"><net_src comp="787" pin="3"/><net_sink comp="795" pin=0"/></net>

<net id="806"><net_src comp="803" pin="1"/><net_sink comp="338" pin=4"/></net>

<net id="814"><net_src comp="807" pin="1"/><net_sink comp="810" pin=0"/></net>

<net id="818"><net_src comp="800" pin="1"/><net_sink comp="815" pin=0"/></net>

<net id="819"><net_src comp="815" pin="1"/><net_sink comp="344" pin=2"/></net>

<net id="824"><net_src comp="815" pin="1"/><net_sink comp="820" pin=0"/></net>

<net id="829"><net_src comp="800" pin="1"/><net_sink comp="825" pin=0"/></net>

<net id="834"><net_src comp="825" pin="2"/><net_sink comp="830" pin=0"/></net>

<net id="835"><net_src comp="82" pin="0"/><net_sink comp="830" pin=1"/></net>

<net id="840"><net_src comp="800" pin="1"/><net_sink comp="836" pin=0"/></net>

<net id="841"><net_src comp="74" pin="0"/><net_sink comp="836" pin=1"/></net>

<net id="847"><net_src comp="830" pin="2"/><net_sink comp="842" pin=0"/></net>

<net id="848"><net_src comp="72" pin="0"/><net_sink comp="842" pin=1"/></net>

<net id="849"><net_src comp="836" pin="2"/><net_sink comp="842" pin=2"/></net>

<net id="853"><net_src comp="803" pin="1"/><net_sink comp="850" pin=0"/></net>

<net id="860"><net_src comp="84" pin="0"/><net_sink comp="854" pin=0"/></net>

<net id="861"><net_src comp="803" pin="1"/><net_sink comp="854" pin=1"/></net>

<net id="862"><net_src comp="86" pin="0"/><net_sink comp="854" pin=2"/></net>

<net id="863"><net_src comp="88" pin="0"/><net_sink comp="854" pin=3"/></net>

<net id="870"><net_src comp="84" pin="0"/><net_sink comp="864" pin=0"/></net>

<net id="871"><net_src comp="803" pin="1"/><net_sink comp="864" pin=1"/></net>

<net id="872"><net_src comp="90" pin="0"/><net_sink comp="864" pin=2"/></net>

<net id="873"><net_src comp="92" pin="0"/><net_sink comp="864" pin=3"/></net>

<net id="880"><net_src comp="84" pin="0"/><net_sink comp="874" pin=0"/></net>

<net id="881"><net_src comp="803" pin="1"/><net_sink comp="874" pin=1"/></net>

<net id="882"><net_src comp="94" pin="0"/><net_sink comp="874" pin=2"/></net>

<net id="883"><net_src comp="96" pin="0"/><net_sink comp="874" pin=3"/></net>

<net id="890"><net_src comp="84" pin="0"/><net_sink comp="884" pin=0"/></net>

<net id="891"><net_src comp="803" pin="1"/><net_sink comp="884" pin=1"/></net>

<net id="892"><net_src comp="98" pin="0"/><net_sink comp="884" pin=2"/></net>

<net id="893"><net_src comp="100" pin="0"/><net_sink comp="884" pin=3"/></net>

<net id="900"><net_src comp="84" pin="0"/><net_sink comp="894" pin=0"/></net>

<net id="901"><net_src comp="803" pin="1"/><net_sink comp="894" pin=1"/></net>

<net id="902"><net_src comp="102" pin="0"/><net_sink comp="894" pin=2"/></net>

<net id="903"><net_src comp="104" pin="0"/><net_sink comp="894" pin=3"/></net>

<net id="910"><net_src comp="84" pin="0"/><net_sink comp="904" pin=0"/></net>

<net id="911"><net_src comp="803" pin="1"/><net_sink comp="904" pin=1"/></net>

<net id="912"><net_src comp="106" pin="0"/><net_sink comp="904" pin=2"/></net>

<net id="913"><net_src comp="108" pin="0"/><net_sink comp="904" pin=3"/></net>

<net id="920"><net_src comp="84" pin="0"/><net_sink comp="914" pin=0"/></net>

<net id="921"><net_src comp="803" pin="1"/><net_sink comp="914" pin=1"/></net>

<net id="922"><net_src comp="110" pin="0"/><net_sink comp="914" pin=2"/></net>

<net id="923"><net_src comp="112" pin="0"/><net_sink comp="914" pin=3"/></net>

<net id="928"><net_src comp="842" pin="3"/><net_sink comp="924" pin=0"/></net>

<net id="935"><net_src comp="929" pin="1"/><net_sink comp="932" pin=0"/></net>

<net id="936"><net_src comp="932" pin="1"/><net_sink comp="356" pin=2"/></net>

<net id="945"><net_src comp="937" pin="1"/><net_sink comp="940" pin=1"/></net>

<net id="946"><net_src comp="338" pin="3"/><net_sink comp="940" pin=2"/></net>

<net id="954"><net_src comp="929" pin="1"/><net_sink comp="951" pin=0"/></net>

<net id="959"><net_src comp="951" pin="1"/><net_sink comp="955" pin=0"/></net>

<net id="964"><net_src comp="955" pin="2"/><net_sink comp="960" pin=0"/></net>

<net id="965"><net_src comp="82" pin="0"/><net_sink comp="960" pin=1"/></net>

<net id="970"><net_src comp="929" pin="1"/><net_sink comp="966" pin=0"/></net>

<net id="971"><net_src comp="74" pin="0"/><net_sink comp="966" pin=1"/></net>

<net id="977"><net_src comp="960" pin="2"/><net_sink comp="972" pin=0"/></net>

<net id="978"><net_src comp="72" pin="0"/><net_sink comp="972" pin=1"/></net>

<net id="979"><net_src comp="966" pin="2"/><net_sink comp="972" pin=2"/></net>

<net id="983"><net_src comp="940" pin="3"/><net_sink comp="980" pin=0"/></net>

<net id="990"><net_src comp="84" pin="0"/><net_sink comp="984" pin=0"/></net>

<net id="991"><net_src comp="940" pin="3"/><net_sink comp="984" pin=1"/></net>

<net id="992"><net_src comp="86" pin="0"/><net_sink comp="984" pin=2"/></net>

<net id="993"><net_src comp="88" pin="0"/><net_sink comp="984" pin=3"/></net>

<net id="1000"><net_src comp="84" pin="0"/><net_sink comp="994" pin=0"/></net>

<net id="1001"><net_src comp="940" pin="3"/><net_sink comp="994" pin=1"/></net>

<net id="1002"><net_src comp="90" pin="0"/><net_sink comp="994" pin=2"/></net>

<net id="1003"><net_src comp="92" pin="0"/><net_sink comp="994" pin=3"/></net>

<net id="1010"><net_src comp="84" pin="0"/><net_sink comp="1004" pin=0"/></net>

<net id="1011"><net_src comp="940" pin="3"/><net_sink comp="1004" pin=1"/></net>

<net id="1012"><net_src comp="94" pin="0"/><net_sink comp="1004" pin=2"/></net>

<net id="1013"><net_src comp="96" pin="0"/><net_sink comp="1004" pin=3"/></net>

<net id="1020"><net_src comp="84" pin="0"/><net_sink comp="1014" pin=0"/></net>

<net id="1021"><net_src comp="940" pin="3"/><net_sink comp="1014" pin=1"/></net>

<net id="1022"><net_src comp="98" pin="0"/><net_sink comp="1014" pin=2"/></net>

<net id="1023"><net_src comp="100" pin="0"/><net_sink comp="1014" pin=3"/></net>

<net id="1030"><net_src comp="84" pin="0"/><net_sink comp="1024" pin=0"/></net>

<net id="1031"><net_src comp="940" pin="3"/><net_sink comp="1024" pin=1"/></net>

<net id="1032"><net_src comp="102" pin="0"/><net_sink comp="1024" pin=2"/></net>

<net id="1033"><net_src comp="104" pin="0"/><net_sink comp="1024" pin=3"/></net>

<net id="1040"><net_src comp="84" pin="0"/><net_sink comp="1034" pin=0"/></net>

<net id="1041"><net_src comp="940" pin="3"/><net_sink comp="1034" pin=1"/></net>

<net id="1042"><net_src comp="106" pin="0"/><net_sink comp="1034" pin=2"/></net>

<net id="1043"><net_src comp="108" pin="0"/><net_sink comp="1034" pin=3"/></net>

<net id="1050"><net_src comp="84" pin="0"/><net_sink comp="1044" pin=0"/></net>

<net id="1051"><net_src comp="940" pin="3"/><net_sink comp="1044" pin=1"/></net>

<net id="1052"><net_src comp="110" pin="0"/><net_sink comp="1044" pin=2"/></net>

<net id="1053"><net_src comp="112" pin="0"/><net_sink comp="1044" pin=3"/></net>

<net id="1058"><net_src comp="972" pin="3"/><net_sink comp="1054" pin=0"/></net>

<net id="1068"><net_src comp="1062" pin="1"/><net_sink comp="1065" pin=0"/></net>

<net id="1069"><net_src comp="1065" pin="1"/><net_sink comp="369" pin=2"/></net>

<net id="1080"><net_src comp="1073" pin="1"/><net_sink comp="1076" pin=0"/></net>

<net id="1084"><net_src comp="1059" pin="1"/><net_sink comp="1081" pin=0"/></net>

<net id="1085"><net_src comp="1081" pin="1"/><net_sink comp="382" pin=2"/></net>

<net id="1094"><net_src comp="1081" pin="1"/><net_sink comp="1090" pin=0"/></net>

<net id="1098"><net_src comp="1062" pin="1"/><net_sink comp="1095" pin=0"/></net>

<net id="1103"><net_src comp="1095" pin="1"/><net_sink comp="1099" pin=0"/></net>

<net id="1108"><net_src comp="1099" pin="2"/><net_sink comp="1104" pin=0"/></net>

<net id="1109"><net_src comp="82" pin="0"/><net_sink comp="1104" pin=1"/></net>

<net id="1114"><net_src comp="1062" pin="1"/><net_sink comp="1110" pin=0"/></net>

<net id="1115"><net_src comp="74" pin="0"/><net_sink comp="1110" pin=1"/></net>

<net id="1121"><net_src comp="1104" pin="2"/><net_sink comp="1116" pin=0"/></net>

<net id="1122"><net_src comp="72" pin="0"/><net_sink comp="1116" pin=1"/></net>

<net id="1123"><net_src comp="1110" pin="2"/><net_sink comp="1116" pin=2"/></net>

<net id="1127"><net_src comp="1059" pin="1"/><net_sink comp="1124" pin=0"/></net>

<net id="1132"><net_src comp="1124" pin="1"/><net_sink comp="1128" pin=0"/></net>

<net id="1137"><net_src comp="1128" pin="2"/><net_sink comp="1133" pin=0"/></net>

<net id="1138"><net_src comp="82" pin="0"/><net_sink comp="1133" pin=1"/></net>

<net id="1143"><net_src comp="1059" pin="1"/><net_sink comp="1139" pin=0"/></net>

<net id="1144"><net_src comp="74" pin="0"/><net_sink comp="1139" pin=1"/></net>

<net id="1150"><net_src comp="1133" pin="2"/><net_sink comp="1145" pin=0"/></net>

<net id="1151"><net_src comp="72" pin="0"/><net_sink comp="1145" pin=1"/></net>

<net id="1152"><net_src comp="1139" pin="2"/><net_sink comp="1145" pin=2"/></net>

<net id="1157"><net_src comp="1116" pin="3"/><net_sink comp="1153" pin=0"/></net>

<net id="1162"><net_src comp="1145" pin="3"/><net_sink comp="1158" pin=0"/></net>

<net id="1176"><net_src comp="1169" pin="1"/><net_sink comp="1172" pin=0"/></net>

<net id="1181"><net_src comp="1166" pin="1"/><net_sink comp="1177" pin=0"/></net>

<net id="1186"><net_src comp="1169" pin="1"/><net_sink comp="1182" pin=0"/></net>

<net id="1187"><net_src comp="74" pin="0"/><net_sink comp="1182" pin=1"/></net>

<net id="1193"><net_src comp="1172" pin="2"/><net_sink comp="1188" pin=0"/></net>

<net id="1194"><net_src comp="72" pin="0"/><net_sink comp="1188" pin=1"/></net>

<net id="1195"><net_src comp="1182" pin="2"/><net_sink comp="1188" pin=2"/></net>

<net id="1200"><net_src comp="1172" pin="2"/><net_sink comp="1196" pin=0"/></net>

<net id="1201"><net_src comp="82" pin="0"/><net_sink comp="1196" pin=1"/></net>

<net id="1206"><net_src comp="1177" pin="2"/><net_sink comp="1202" pin=0"/></net>

<net id="1207"><net_src comp="82" pin="0"/><net_sink comp="1202" pin=1"/></net>

<net id="1212"><net_src comp="1196" pin="2"/><net_sink comp="1208" pin=0"/></net>

<net id="1213"><net_src comp="1202" pin="2"/><net_sink comp="1208" pin=1"/></net>

<net id="1218"><net_src comp="1166" pin="1"/><net_sink comp="1214" pin=0"/></net>

<net id="1219"><net_src comp="74" pin="0"/><net_sink comp="1214" pin=1"/></net>

<net id="1225"><net_src comp="1172" pin="2"/><net_sink comp="1220" pin=0"/></net>

<net id="1226"><net_src comp="1214" pin="2"/><net_sink comp="1220" pin=1"/></net>

<net id="1227"><net_src comp="1166" pin="1"/><net_sink comp="1220" pin=2"/></net>

<net id="1233"><net_src comp="1208" pin="2"/><net_sink comp="1228" pin=0"/></net>

<net id="1234"><net_src comp="1220" pin="3"/><net_sink comp="1228" pin=1"/></net>

<net id="1235"><net_src comp="72" pin="0"/><net_sink comp="1228" pin=2"/></net>

<net id="1242"><net_src comp="1239" pin="1"/><net_sink comp="376" pin=4"/></net>

<net id="1250"><net_src comp="1243" pin="1"/><net_sink comp="1246" pin=0"/></net>

<net id="1256"><net_src comp="363" pin="3"/><net_sink comp="1251" pin=2"/></net>

<net id="1260"><net_src comp="1236" pin="1"/><net_sink comp="1257" pin=0"/></net>

<net id="1261"><net_src comp="1257" pin="1"/><net_sink comp="394" pin=2"/></net>

<net id="1266"><net_src comp="1257" pin="1"/><net_sink comp="1262" pin=0"/></net>

<net id="1270"><net_src comp="1236" pin="1"/><net_sink comp="1267" pin=0"/></net>

<net id="1275"><net_src comp="1267" pin="1"/><net_sink comp="1271" pin=0"/></net>

<net id="1280"><net_src comp="1271" pin="2"/><net_sink comp="1276" pin=0"/></net>

<net id="1281"><net_src comp="82" pin="0"/><net_sink comp="1276" pin=1"/></net>

<net id="1286"><net_src comp="1236" pin="1"/><net_sink comp="1282" pin=0"/></net>

<net id="1287"><net_src comp="74" pin="0"/><net_sink comp="1282" pin=1"/></net>

<net id="1293"><net_src comp="1276" pin="2"/><net_sink comp="1288" pin=0"/></net>

<net id="1294"><net_src comp="72" pin="0"/><net_sink comp="1288" pin=1"/></net>

<net id="1295"><net_src comp="1282" pin="2"/><net_sink comp="1288" pin=2"/></net>

<net id="1299"><net_src comp="1163" pin="1"/><net_sink comp="1296" pin=0"/></net>

<net id="1303"><net_src comp="1296" pin="1"/><net_sink comp="1300" pin=0"/></net>

<net id="1310"><net_src comp="84" pin="0"/><net_sink comp="1304" pin=0"/></net>

<net id="1311"><net_src comp="1163" pin="1"/><net_sink comp="1304" pin=1"/></net>

<net id="1312"><net_src comp="86" pin="0"/><net_sink comp="1304" pin=2"/></net>

<net id="1313"><net_src comp="88" pin="0"/><net_sink comp="1304" pin=3"/></net>

<net id="1317"><net_src comp="1304" pin="4"/><net_sink comp="1314" pin=0"/></net>

<net id="1324"><net_src comp="84" pin="0"/><net_sink comp="1318" pin=0"/></net>

<net id="1325"><net_src comp="1163" pin="1"/><net_sink comp="1318" pin=1"/></net>

<net id="1326"><net_src comp="90" pin="0"/><net_sink comp="1318" pin=2"/></net>

<net id="1327"><net_src comp="92" pin="0"/><net_sink comp="1318" pin=3"/></net>

<net id="1334"><net_src comp="84" pin="0"/><net_sink comp="1328" pin=0"/></net>

<net id="1335"><net_src comp="1163" pin="1"/><net_sink comp="1328" pin=1"/></net>

<net id="1336"><net_src comp="94" pin="0"/><net_sink comp="1328" pin=2"/></net>

<net id="1337"><net_src comp="96" pin="0"/><net_sink comp="1328" pin=3"/></net>

<net id="1344"><net_src comp="84" pin="0"/><net_sink comp="1338" pin=0"/></net>

<net id="1345"><net_src comp="1163" pin="1"/><net_sink comp="1338" pin=1"/></net>

<net id="1346"><net_src comp="98" pin="0"/><net_sink comp="1338" pin=2"/></net>

<net id="1347"><net_src comp="100" pin="0"/><net_sink comp="1338" pin=3"/></net>

<net id="1351"><net_src comp="1338" pin="4"/><net_sink comp="1348" pin=0"/></net>

<net id="1358"><net_src comp="84" pin="0"/><net_sink comp="1352" pin=0"/></net>

<net id="1359"><net_src comp="1163" pin="1"/><net_sink comp="1352" pin=1"/></net>

<net id="1360"><net_src comp="102" pin="0"/><net_sink comp="1352" pin=2"/></net>

<net id="1361"><net_src comp="104" pin="0"/><net_sink comp="1352" pin=3"/></net>

<net id="1368"><net_src comp="84" pin="0"/><net_sink comp="1362" pin=0"/></net>

<net id="1369"><net_src comp="1163" pin="1"/><net_sink comp="1362" pin=1"/></net>

<net id="1370"><net_src comp="106" pin="0"/><net_sink comp="1362" pin=2"/></net>

<net id="1371"><net_src comp="108" pin="0"/><net_sink comp="1362" pin=3"/></net>

<net id="1378"><net_src comp="84" pin="0"/><net_sink comp="1372" pin=0"/></net>

<net id="1379"><net_src comp="1163" pin="1"/><net_sink comp="1372" pin=1"/></net>

<net id="1380"><net_src comp="110" pin="0"/><net_sink comp="1372" pin=2"/></net>

<net id="1381"><net_src comp="112" pin="0"/><net_sink comp="1372" pin=3"/></net>

<net id="1388"><net_src comp="84" pin="0"/><net_sink comp="1382" pin=0"/></net>

<net id="1389"><net_src comp="1239" pin="1"/><net_sink comp="1382" pin=1"/></net>

<net id="1390"><net_src comp="110" pin="0"/><net_sink comp="1382" pin=2"/></net>

<net id="1391"><net_src comp="112" pin="0"/><net_sink comp="1382" pin=3"/></net>

<net id="1395"><net_src comp="1251" pin="3"/><net_sink comp="1392" pin=0"/></net>

<net id="1400"><net_src comp="1188" pin="3"/><net_sink comp="1396" pin=0"/></net>

<net id="1401"><net_src comp="114" pin="0"/><net_sink comp="1396" pin=1"/></net>

<net id="1405"><net_src comp="1228" pin="3"/><net_sink comp="1402" pin=0"/></net>

<net id="1410"><net_src comp="1402" pin="1"/><net_sink comp="1406" pin=0"/></net>

<net id="1415"><net_src comp="1402" pin="1"/><net_sink comp="1411" pin=0"/></net>

<net id="1419"><net_src comp="1396" pin="2"/><net_sink comp="1416" pin=0"/></net>

<net id="1424"><net_src comp="1416" pin="1"/><net_sink comp="1420" pin=0"/></net>

<net id="1429"><net_src comp="1416" pin="1"/><net_sink comp="1425" pin=0"/></net>

<net id="1434"><net_src comp="1396" pin="2"/><net_sink comp="1430" pin=0"/></net>

<net id="1435"><net_src comp="74" pin="0"/><net_sink comp="1430" pin=1"/></net>

<net id="1439"><net_src comp="1430" pin="2"/><net_sink comp="1436" pin=0"/></net>

<net id="1444"><net_src comp="1436" pin="1"/><net_sink comp="1440" pin=0"/></net>

<net id="1449"><net_src comp="1436" pin="1"/><net_sink comp="1445" pin=0"/></net>

<net id="1454"><net_src comp="1396" pin="2"/><net_sink comp="1450" pin=0"/></net>

<net id="1455"><net_src comp="116" pin="0"/><net_sink comp="1450" pin=1"/></net>

<net id="1459"><net_src comp="1450" pin="2"/><net_sink comp="1456" pin=0"/></net>

<net id="1464"><net_src comp="1456" pin="1"/><net_sink comp="1460" pin=0"/></net>

<net id="1469"><net_src comp="1456" pin="1"/><net_sink comp="1465" pin=0"/></net>

<net id="1474"><net_src comp="1396" pin="2"/><net_sink comp="1470" pin=0"/></net>

<net id="1475"><net_src comp="114" pin="0"/><net_sink comp="1470" pin=1"/></net>

<net id="1479"><net_src comp="1470" pin="2"/><net_sink comp="1476" pin=0"/></net>

<net id="1484"><net_src comp="1476" pin="1"/><net_sink comp="1480" pin=0"/></net>

<net id="1489"><net_src comp="1476" pin="1"/><net_sink comp="1485" pin=0"/></net>

<net id="1494"><net_src comp="1396" pin="2"/><net_sink comp="1490" pin=0"/></net>

<net id="1495"><net_src comp="118" pin="0"/><net_sink comp="1490" pin=1"/></net>

<net id="1499"><net_src comp="1490" pin="2"/><net_sink comp="1496" pin=0"/></net>

<net id="1504"><net_src comp="1496" pin="1"/><net_sink comp="1500" pin=0"/></net>

<net id="1509"><net_src comp="1496" pin="1"/><net_sink comp="1505" pin=0"/></net>

<net id="1514"><net_src comp="1396" pin="2"/><net_sink comp="1510" pin=0"/></net>

<net id="1515"><net_src comp="120" pin="0"/><net_sink comp="1510" pin=1"/></net>

<net id="1519"><net_src comp="1510" pin="2"/><net_sink comp="1516" pin=0"/></net>

<net id="1524"><net_src comp="1516" pin="1"/><net_sink comp="1520" pin=0"/></net>

<net id="1529"><net_src comp="1516" pin="1"/><net_sink comp="1525" pin=0"/></net>

<net id="1534"><net_src comp="1396" pin="2"/><net_sink comp="1530" pin=0"/></net>

<net id="1535"><net_src comp="122" pin="0"/><net_sink comp="1530" pin=1"/></net>

<net id="1539"><net_src comp="1530" pin="2"/><net_sink comp="1536" pin=0"/></net>

<net id="1544"><net_src comp="1536" pin="1"/><net_sink comp="1540" pin=0"/></net>

<net id="1549"><net_src comp="1536" pin="1"/><net_sink comp="1545" pin=0"/></net>

<net id="1554"><net_src comp="1396" pin="2"/><net_sink comp="1550" pin=0"/></net>

<net id="1555"><net_src comp="124" pin="0"/><net_sink comp="1550" pin=1"/></net>

<net id="1559"><net_src comp="1550" pin="2"/><net_sink comp="1556" pin=0"/></net>

<net id="1564"><net_src comp="1556" pin="1"/><net_sink comp="1560" pin=0"/></net>

<net id="1569"><net_src comp="1556" pin="1"/><net_sink comp="1565" pin=0"/></net>

<net id="1574"><net_src comp="1251" pin="3"/><net_sink comp="1570" pin=0"/></net>

<net id="1579"><net_src comp="1163" pin="1"/><net_sink comp="1575" pin=0"/></net>

<net id="1584"><net_src comp="1188" pin="3"/><net_sink comp="1580" pin=0"/></net>

<net id="1589"><net_src comp="1228" pin="3"/><net_sink comp="1585" pin=0"/></net>

<net id="1594"><net_src comp="1288" pin="3"/><net_sink comp="1590" pin=0"/></net>

<net id="1602"><net_src comp="1595" pin="1"/><net_sink comp="1598" pin=0"/></net>

<net id="1607"><net_src comp="1598" pin="2"/><net_sink comp="1603" pin=1"/></net>

<net id="1612"><net_src comp="1603" pin="2"/><net_sink comp="1608" pin=0"/></net>

<net id="1613"><net_src comp="82" pin="0"/><net_sink comp="1608" pin=1"/></net>

<net id="1618"><net_src comp="1608" pin="2"/><net_sink comp="1614" pin=0"/></net>

<net id="1624"><net_src comp="1603" pin="2"/><net_sink comp="1619" pin=0"/></net>

<net id="1625"><net_src comp="1595" pin="1"/><net_sink comp="1619" pin=1"/></net>

<net id="1626"><net_src comp="72" pin="0"/><net_sink comp="1619" pin=2"/></net>

<net id="1631"><net_src comp="1595" pin="1"/><net_sink comp="1627" pin=0"/></net>

<net id="1632"><net_src comp="74" pin="0"/><net_sink comp="1627" pin=1"/></net>

<net id="1638"><net_src comp="1627" pin="2"/><net_sink comp="1633" pin=1"/></net>

<net id="1639"><net_src comp="1595" pin="1"/><net_sink comp="1633" pin=2"/></net>

<net id="1645"><net_src comp="1614" pin="2"/><net_sink comp="1640" pin=0"/></net>

<net id="1646"><net_src comp="1619" pin="3"/><net_sink comp="1640" pin=1"/></net>

<net id="1647"><net_src comp="1633" pin="3"/><net_sink comp="1640" pin=2"/></net>

<net id="1654"><net_src comp="1648" pin="1"/><net_sink comp="1651" pin=0"/></net>

<net id="1655"><net_src comp="1651" pin="1"/><net_sink comp="406" pin=2"/></net>

<net id="1664"><net_src comp="1656" pin="1"/><net_sink comp="1659" pin=1"/></net>

<net id="1665"><net_src comp="376" pin="3"/><net_sink comp="1659" pin=2"/></net>

<net id="1674"><net_src comp="1648" pin="1"/><net_sink comp="1670" pin=0"/></net>

<net id="1679"><net_src comp="1670" pin="2"/><net_sink comp="1675" pin=0"/></net>

<net id="1680"><net_src comp="82" pin="0"/><net_sink comp="1675" pin=1"/></net>

<net id="1685"><net_src comp="1648" pin="1"/><net_sink comp="1681" pin=0"/></net>

<net id="1686"><net_src comp="74" pin="0"/><net_sink comp="1681" pin=1"/></net>

<net id="1692"><net_src comp="1675" pin="2"/><net_sink comp="1687" pin=0"/></net>

<net id="1693"><net_src comp="72" pin="0"/><net_sink comp="1687" pin=1"/></net>

<net id="1694"><net_src comp="1681" pin="2"/><net_sink comp="1687" pin=2"/></net>

<net id="1698"><net_src comp="1659" pin="3"/><net_sink comp="1695" pin=0"/></net>

<net id="1705"><net_src comp="84" pin="0"/><net_sink comp="1699" pin=0"/></net>

<net id="1706"><net_src comp="1659" pin="3"/><net_sink comp="1699" pin=1"/></net>

<net id="1707"><net_src comp="86" pin="0"/><net_sink comp="1699" pin=2"/></net>

<net id="1708"><net_src comp="88" pin="0"/><net_sink comp="1699" pin=3"/></net>

<net id="1715"><net_src comp="84" pin="0"/><net_sink comp="1709" pin=0"/></net>

<net id="1716"><net_src comp="1659" pin="3"/><net_sink comp="1709" pin=1"/></net>

<net id="1717"><net_src comp="90" pin="0"/><net_sink comp="1709" pin=2"/></net>

<net id="1718"><net_src comp="92" pin="0"/><net_sink comp="1709" pin=3"/></net>

<net id="1725"><net_src comp="84" pin="0"/><net_sink comp="1719" pin=0"/></net>

<net id="1726"><net_src comp="1659" pin="3"/><net_sink comp="1719" pin=1"/></net>

<net id="1727"><net_src comp="94" pin="0"/><net_sink comp="1719" pin=2"/></net>

<net id="1728"><net_src comp="96" pin="0"/><net_sink comp="1719" pin=3"/></net>

<net id="1735"><net_src comp="84" pin="0"/><net_sink comp="1729" pin=0"/></net>

<net id="1736"><net_src comp="1659" pin="3"/><net_sink comp="1729" pin=1"/></net>

<net id="1737"><net_src comp="98" pin="0"/><net_sink comp="1729" pin=2"/></net>

<net id="1738"><net_src comp="100" pin="0"/><net_sink comp="1729" pin=3"/></net>

<net id="1745"><net_src comp="84" pin="0"/><net_sink comp="1739" pin=0"/></net>

<net id="1746"><net_src comp="1659" pin="3"/><net_sink comp="1739" pin=1"/></net>

<net id="1747"><net_src comp="102" pin="0"/><net_sink comp="1739" pin=2"/></net>

<net id="1748"><net_src comp="104" pin="0"/><net_sink comp="1739" pin=3"/></net>

<net id="1755"><net_src comp="84" pin="0"/><net_sink comp="1749" pin=0"/></net>

<net id="1756"><net_src comp="1659" pin="3"/><net_sink comp="1749" pin=1"/></net>

<net id="1757"><net_src comp="106" pin="0"/><net_sink comp="1749" pin=2"/></net>

<net id="1758"><net_src comp="108" pin="0"/><net_sink comp="1749" pin=3"/></net>

<net id="1765"><net_src comp="84" pin="0"/><net_sink comp="1759" pin=0"/></net>

<net id="1766"><net_src comp="1659" pin="3"/><net_sink comp="1759" pin=1"/></net>

<net id="1767"><net_src comp="110" pin="0"/><net_sink comp="1759" pin=2"/></net>

<net id="1768"><net_src comp="112" pin="0"/><net_sink comp="1759" pin=3"/></net>

<net id="1772"><net_src comp="1640" pin="3"/><net_sink comp="1769" pin=0"/></net>

<net id="1777"><net_src comp="1769" pin="1"/><net_sink comp="1773" pin=0"/></net>

<net id="1782"><net_src comp="1769" pin="1"/><net_sink comp="1778" pin=0"/></net>

<net id="1787"><net_src comp="1769" pin="1"/><net_sink comp="1783" pin=0"/></net>

<net id="1792"><net_src comp="1769" pin="1"/><net_sink comp="1788" pin=0"/></net>

<net id="1797"><net_src comp="1769" pin="1"/><net_sink comp="1793" pin=0"/></net>

<net id="1802"><net_src comp="1769" pin="1"/><net_sink comp="1798" pin=0"/></net>

<net id="1807"><net_src comp="1769" pin="1"/><net_sink comp="1803" pin=0"/></net>

<net id="1812"><net_src comp="1769" pin="1"/><net_sink comp="1808" pin=0"/></net>

<net id="1817"><net_src comp="1769" pin="1"/><net_sink comp="1813" pin=0"/></net>

<net id="1823"><net_src comp="132" pin="0"/><net_sink comp="1818" pin=0"/></net>

<net id="1824"><net_src comp="1640" pin="3"/><net_sink comp="1818" pin=1"/></net>

<net id="1825"><net_src comp="134" pin="0"/><net_sink comp="1818" pin=2"/></net>

<net id="1830"><net_src comp="1640" pin="3"/><net_sink comp="1826" pin=0"/></net>

<net id="1835"><net_src comp="1687" pin="3"/><net_sink comp="1831" pin=0"/></net>

<net id="1849"><net_src comp="1842" pin="1"/><net_sink comp="1845" pin=0"/></net>

<net id="1853"><net_src comp="1836" pin="1"/><net_sink comp="1850" pin=0"/></net>

<net id="1854"><net_src comp="1850" pin="1"/><net_sink comp="419" pin=2"/></net>

<net id="1863"><net_src comp="1850" pin="1"/><net_sink comp="1859" pin=0"/></net>

<net id="1868"><net_src comp="1836" pin="1"/><net_sink comp="1864" pin=0"/></net>

<net id="1873"><net_src comp="1864" pin="2"/><net_sink comp="1869" pin=0"/></net>

<net id="1874"><net_src comp="82" pin="0"/><net_sink comp="1869" pin=1"/></net>

<net id="1879"><net_src comp="1836" pin="1"/><net_sink comp="1875" pin=0"/></net>

<net id="1880"><net_src comp="74" pin="0"/><net_sink comp="1875" pin=1"/></net>

<net id="1886"><net_src comp="1869" pin="2"/><net_sink comp="1881" pin=0"/></net>

<net id="1887"><net_src comp="72" pin="0"/><net_sink comp="1881" pin=1"/></net>

<net id="1888"><net_src comp="1875" pin="2"/><net_sink comp="1881" pin=2"/></net>

<net id="1899"><net_src comp="82" pin="0"/><net_sink comp="1895" pin=1"/></net>

<net id="1904"><net_src comp="82" pin="0"/><net_sink comp="1900" pin=1"/></net>

<net id="1909"><net_src comp="82" pin="0"/><net_sink comp="1905" pin=1"/></net>

<net id="1914"><net_src comp="1900" pin="2"/><net_sink comp="1910" pin=0"/></net>

<net id="1919"><net_src comp="1895" pin="2"/><net_sink comp="1915" pin=0"/></net>

<net id="1924"><net_src comp="1910" pin="2"/><net_sink comp="1920" pin=0"/></net>

<net id="1925"><net_src comp="1915" pin="2"/><net_sink comp="1920" pin=1"/></net>

<net id="1930"><net_src comp="1920" pin="2"/><net_sink comp="1926" pin=0"/></net>

<net id="1931"><net_src comp="1905" pin="2"/><net_sink comp="1926" pin=1"/></net>

<net id="1936"><net_src comp="82" pin="0"/><net_sink comp="1932" pin=1"/></net>

<net id="1941"><net_src comp="82" pin="0"/><net_sink comp="1937" pin=1"/></net>

<net id="1946"><net_src comp="1932" pin="2"/><net_sink comp="1942" pin=0"/></net>

<net id="1951"><net_src comp="1895" pin="2"/><net_sink comp="1947" pin=0"/></net>

<net id="1952"><net_src comp="1937" pin="2"/><net_sink comp="1947" pin=1"/></net>

<net id="1957"><net_src comp="1947" pin="2"/><net_sink comp="1953" pin=0"/></net>

<net id="1962"><net_src comp="1953" pin="2"/><net_sink comp="1958" pin=0"/></net>

<net id="1963"><net_src comp="1942" pin="2"/><net_sink comp="1958" pin=1"/></net>

<net id="1968"><net_src comp="82" pin="0"/><net_sink comp="1964" pin=1"/></net>

<net id="1973"><net_src comp="82" pin="0"/><net_sink comp="1969" pin=1"/></net>

<net id="1978"><net_src comp="1964" pin="2"/><net_sink comp="1974" pin=0"/></net>

<net id="1983"><net_src comp="1895" pin="2"/><net_sink comp="1979" pin=0"/></net>

<net id="1984"><net_src comp="1969" pin="2"/><net_sink comp="1979" pin=1"/></net>

<net id="1989"><net_src comp="1979" pin="2"/><net_sink comp="1985" pin=0"/></net>

<net id="1994"><net_src comp="1985" pin="2"/><net_sink comp="1990" pin=0"/></net>

<net id="1995"><net_src comp="1974" pin="2"/><net_sink comp="1990" pin=1"/></net>

<net id="2000"><net_src comp="82" pin="0"/><net_sink comp="1996" pin=1"/></net>

<net id="2005"><net_src comp="82" pin="0"/><net_sink comp="2001" pin=1"/></net>

<net id="2010"><net_src comp="1996" pin="2"/><net_sink comp="2006" pin=0"/></net>

<net id="2015"><net_src comp="1895" pin="2"/><net_sink comp="2011" pin=0"/></net>

<net id="2016"><net_src comp="2001" pin="2"/><net_sink comp="2011" pin=1"/></net>

<net id="2021"><net_src comp="2011" pin="2"/><net_sink comp="2017" pin=0"/></net>

<net id="2026"><net_src comp="2017" pin="2"/><net_sink comp="2022" pin=0"/></net>

<net id="2027"><net_src comp="2006" pin="2"/><net_sink comp="2022" pin=1"/></net>

<net id="2032"><net_src comp="82" pin="0"/><net_sink comp="2028" pin=1"/></net>

<net id="2037"><net_src comp="82" pin="0"/><net_sink comp="2033" pin=1"/></net>

<net id="2042"><net_src comp="2028" pin="2"/><net_sink comp="2038" pin=0"/></net>

<net id="2047"><net_src comp="1895" pin="2"/><net_sink comp="2043" pin=0"/></net>

<net id="2048"><net_src comp="2033" pin="2"/><net_sink comp="2043" pin=1"/></net>

<net id="2053"><net_src comp="2043" pin="2"/><net_sink comp="2049" pin=0"/></net>

<net id="2058"><net_src comp="2049" pin="2"/><net_sink comp="2054" pin=0"/></net>

<net id="2059"><net_src comp="2038" pin="2"/><net_sink comp="2054" pin=1"/></net>

<net id="2064"><net_src comp="82" pin="0"/><net_sink comp="2060" pin=1"/></net>

<net id="2069"><net_src comp="82" pin="0"/><net_sink comp="2065" pin=1"/></net>

<net id="2074"><net_src comp="2060" pin="2"/><net_sink comp="2070" pin=0"/></net>

<net id="2079"><net_src comp="1895" pin="2"/><net_sink comp="2075" pin=0"/></net>

<net id="2080"><net_src comp="2065" pin="2"/><net_sink comp="2075" pin=1"/></net>

<net id="2085"><net_src comp="2075" pin="2"/><net_sink comp="2081" pin=0"/></net>

<net id="2090"><net_src comp="2081" pin="2"/><net_sink comp="2086" pin=0"/></net>

<net id="2091"><net_src comp="2070" pin="2"/><net_sink comp="2086" pin=1"/></net>

<net id="2096"><net_src comp="82" pin="0"/><net_sink comp="2092" pin=1"/></net>

<net id="2101"><net_src comp="82" pin="0"/><net_sink comp="2097" pin=1"/></net>

<net id="2106"><net_src comp="2092" pin="2"/><net_sink comp="2102" pin=0"/></net>

<net id="2111"><net_src comp="1895" pin="2"/><net_sink comp="2107" pin=0"/></net>

<net id="2112"><net_src comp="2097" pin="2"/><net_sink comp="2107" pin=1"/></net>

<net id="2117"><net_src comp="2107" pin="2"/><net_sink comp="2113" pin=0"/></net>

<net id="2122"><net_src comp="2113" pin="2"/><net_sink comp="2118" pin=0"/></net>

<net id="2123"><net_src comp="2102" pin="2"/><net_sink comp="2118" pin=1"/></net>

<net id="2128"><net_src comp="82" pin="0"/><net_sink comp="2124" pin=1"/></net>

<net id="2133"><net_src comp="82" pin="0"/><net_sink comp="2129" pin=1"/></net>

<net id="2138"><net_src comp="2124" pin="2"/><net_sink comp="2134" pin=0"/></net>

<net id="2143"><net_src comp="1895" pin="2"/><net_sink comp="2139" pin=0"/></net>

<net id="2144"><net_src comp="2129" pin="2"/><net_sink comp="2139" pin=1"/></net>

<net id="2149"><net_src comp="2139" pin="2"/><net_sink comp="2145" pin=0"/></net>

<net id="2154"><net_src comp="2145" pin="2"/><net_sink comp="2150" pin=0"/></net>

<net id="2155"><net_src comp="2134" pin="2"/><net_sink comp="2150" pin=1"/></net>

<net id="2160"><net_src comp="1881" pin="3"/><net_sink comp="2156" pin=0"/></net>

<net id="2166"><net_src comp="413" pin="3"/><net_sink comp="2161" pin=2"/></net>

<net id="2170"><net_src comp="2161" pin="3"/><net_sink comp="2167" pin=0"/></net>

<net id="2174"><net_src comp="2167" pin="1"/><net_sink comp="2171" pin=0"/></net>

<net id="2181"><net_src comp="84" pin="0"/><net_sink comp="2175" pin=0"/></net>

<net id="2182"><net_src comp="2161" pin="3"/><net_sink comp="2175" pin=1"/></net>

<net id="2183"><net_src comp="86" pin="0"/><net_sink comp="2175" pin=2"/></net>

<net id="2184"><net_src comp="88" pin="0"/><net_sink comp="2175" pin=3"/></net>

<net id="2191"><net_src comp="84" pin="0"/><net_sink comp="2185" pin=0"/></net>

<net id="2192"><net_src comp="2161" pin="3"/><net_sink comp="2185" pin=1"/></net>

<net id="2193"><net_src comp="90" pin="0"/><net_sink comp="2185" pin=2"/></net>

<net id="2194"><net_src comp="92" pin="0"/><net_sink comp="2185" pin=3"/></net>

<net id="2201"><net_src comp="84" pin="0"/><net_sink comp="2195" pin=0"/></net>

<net id="2202"><net_src comp="2161" pin="3"/><net_sink comp="2195" pin=1"/></net>

<net id="2203"><net_src comp="94" pin="0"/><net_sink comp="2195" pin=2"/></net>

<net id="2204"><net_src comp="96" pin="0"/><net_sink comp="2195" pin=3"/></net>

<net id="2211"><net_src comp="84" pin="0"/><net_sink comp="2205" pin=0"/></net>

<net id="2212"><net_src comp="2161" pin="3"/><net_sink comp="2205" pin=1"/></net>

<net id="2213"><net_src comp="98" pin="0"/><net_sink comp="2205" pin=2"/></net>

<net id="2214"><net_src comp="100" pin="0"/><net_sink comp="2205" pin=3"/></net>

<net id="2221"><net_src comp="84" pin="0"/><net_sink comp="2215" pin=0"/></net>

<net id="2222"><net_src comp="2161" pin="3"/><net_sink comp="2215" pin=1"/></net>

<net id="2223"><net_src comp="102" pin="0"/><net_sink comp="2215" pin=2"/></net>

<net id="2224"><net_src comp="104" pin="0"/><net_sink comp="2215" pin=3"/></net>

<net id="2231"><net_src comp="84" pin="0"/><net_sink comp="2225" pin=0"/></net>

<net id="2232"><net_src comp="2161" pin="3"/><net_sink comp="2225" pin=1"/></net>

<net id="2233"><net_src comp="106" pin="0"/><net_sink comp="2225" pin=2"/></net>

<net id="2234"><net_src comp="108" pin="0"/><net_sink comp="2225" pin=3"/></net>

<net id="2241"><net_src comp="84" pin="0"/><net_sink comp="2235" pin=0"/></net>

<net id="2242"><net_src comp="2161" pin="3"/><net_sink comp="2235" pin=1"/></net>

<net id="2243"><net_src comp="110" pin="0"/><net_sink comp="2235" pin=2"/></net>

<net id="2244"><net_src comp="112" pin="0"/><net_sink comp="2235" pin=3"/></net>

<net id="2248"><net_src comp="2245" pin="1"/><net_sink comp="509" pin=2"/></net>

<net id="2252"><net_src comp="2249" pin="1"/><net_sink comp="509" pin=6"/></net>

<net id="2256"><net_src comp="2253" pin="1"/><net_sink comp="509" pin=7"/></net>

<net id="2260"><net_src comp="2257" pin="1"/><net_sink comp="521" pin=1"/></net>

<net id="2264"><net_src comp="2261" pin="1"/><net_sink comp="521" pin=2"/></net>

<net id="2268"><net_src comp="2265" pin="1"/><net_sink comp="521" pin=6"/></net>

<net id="2272"><net_src comp="2269" pin="1"/><net_sink comp="521" pin=7"/></net>

<net id="2276"><net_src comp="2273" pin="1"/><net_sink comp="533" pin=1"/></net>

<net id="2280"><net_src comp="2277" pin="1"/><net_sink comp="533" pin=2"/></net>

<net id="2284"><net_src comp="2281" pin="1"/><net_sink comp="533" pin=6"/></net>

<net id="2288"><net_src comp="2285" pin="1"/><net_sink comp="533" pin=7"/></net>

<net id="2292"><net_src comp="2289" pin="1"/><net_sink comp="545" pin=1"/></net>

<net id="2296"><net_src comp="2293" pin="1"/><net_sink comp="545" pin=2"/></net>

<net id="2300"><net_src comp="2297" pin="1"/><net_sink comp="545" pin=6"/></net>

<net id="2304"><net_src comp="2301" pin="1"/><net_sink comp="545" pin=7"/></net>

<net id="2308"><net_src comp="2305" pin="1"/><net_sink comp="557" pin=1"/></net>

<net id="2312"><net_src comp="2309" pin="1"/><net_sink comp="557" pin=2"/></net>

<net id="2316"><net_src comp="2313" pin="1"/><net_sink comp="557" pin=6"/></net>

<net id="2320"><net_src comp="2317" pin="1"/><net_sink comp="557" pin=7"/></net>

<net id="2324"><net_src comp="2321" pin="1"/><net_sink comp="569" pin=1"/></net>

<net id="2328"><net_src comp="2325" pin="1"/><net_sink comp="569" pin=2"/></net>

<net id="2332"><net_src comp="2329" pin="1"/><net_sink comp="557" pin=5"/></net>

<net id="2333"><net_src comp="2329" pin="1"/><net_sink comp="569" pin=4"/></net>

<net id="2334"><net_src comp="2329" pin="1"/><net_sink comp="580" pin=3"/></net>

<net id="2338"><net_src comp="2335" pin="1"/><net_sink comp="569" pin=6"/></net>

<net id="2342"><net_src comp="2339" pin="1"/><net_sink comp="569" pin=7"/></net>

<net id="2346"><net_src comp="2343" pin="1"/><net_sink comp="580" pin=1"/></net>

<net id="2350"><net_src comp="2347" pin="1"/><net_sink comp="580" pin=2"/></net>

<net id="2354"><net_src comp="2351" pin="1"/><net_sink comp="569" pin=5"/></net>

<net id="2355"><net_src comp="2351" pin="1"/><net_sink comp="580" pin=4"/></net>

<net id="2356"><net_src comp="2351" pin="1"/><net_sink comp="591" pin=3"/></net>

<net id="2360"><net_src comp="2357" pin="1"/><net_sink comp="580" pin=6"/></net>

<net id="2364"><net_src comp="2361" pin="1"/><net_sink comp="580" pin=7"/></net>

<net id="2368"><net_src comp="2365" pin="1"/><net_sink comp="591" pin=1"/></net>

<net id="2372"><net_src comp="2369" pin="1"/><net_sink comp="591" pin=2"/></net>

<net id="2376"><net_src comp="2373" pin="1"/><net_sink comp="580" pin=5"/></net>

<net id="2377"><net_src comp="2373" pin="1"/><net_sink comp="591" pin=4"/></net>

<net id="2381"><net_src comp="2378" pin="1"/><net_sink comp="591" pin=6"/></net>

<net id="2385"><net_src comp="2382" pin="1"/><net_sink comp="591" pin=7"/></net>

<net id="2389"><net_src comp="2386" pin="1"/><net_sink comp="509" pin=3"/></net>

<net id="2393"><net_src comp="2390" pin="1"/><net_sink comp="591" pin=5"/></net>

<net id="2397"><net_src comp="434" pin="4"/><net_sink comp="2394" pin=0"/></net>

<net id="2401"><net_src comp="443" pin="4"/><net_sink comp="2398" pin=0"/></net>

<net id="2405"><net_src comp="452" pin="4"/><net_sink comp="2402" pin=0"/></net>

<net id="2409"><net_src comp="461" pin="4"/><net_sink comp="2406" pin=0"/></net>

<net id="2413"><net_src comp="470" pin="4"/><net_sink comp="2410" pin=0"/></net>

<net id="2417"><net_src comp="569" pin="8"/><net_sink comp="2414" pin=0"/></net>

<net id="2418"><net_src comp="2414" pin="1"/><net_sink comp="479" pin=0"/></net>

<net id="2422"><net_src comp="580" pin="8"/><net_sink comp="2419" pin=0"/></net>

<net id="2423"><net_src comp="2419" pin="1"/><net_sink comp="490" pin=0"/></net>

<net id="2427"><net_src comp="591" pin="8"/><net_sink comp="2424" pin=0"/></net>

<net id="2428"><net_src comp="2424" pin="1"/><net_sink comp="501" pin=0"/></net>

<net id="2440"><net_src comp="138" pin="0"/><net_sink comp="2429" pin=0"/></net>

<net id="2441"><net_src comp="501" pin="6"/><net_sink comp="2429" pin=1"/></net>

<net id="2442"><net_src comp="490" pin="6"/><net_sink comp="2429" pin=2"/></net>

<net id="2443"><net_src comp="479" pin="6"/><net_sink comp="2429" pin=3"/></net>

<net id="2444"><net_src comp="2410" pin="1"/><net_sink comp="2429" pin=4"/></net>

<net id="2445"><net_src comp="2406" pin="1"/><net_sink comp="2429" pin=5"/></net>

<net id="2446"><net_src comp="2402" pin="1"/><net_sink comp="2429" pin=6"/></net>

<net id="2447"><net_src comp="2398" pin="1"/><net_sink comp="2429" pin=7"/></net>

<net id="2448"><net_src comp="2394" pin="1"/><net_sink comp="2429" pin=8"/></net>

<net id="2449"><net_src comp="2429" pin="9"/><net_sink comp="324" pin=2"/></net>

<net id="2453"><net_src comp="142" pin="1"/><net_sink comp="2450" pin=0"/></net>

<net id="2454"><net_src comp="2450" pin="1"/><net_sink comp="726" pin=1"/></net>

<net id="2455"><net_src comp="2450" pin="1"/><net_sink comp="1842" pin=0"/></net>

<net id="2456"><net_src comp="2450" pin="1"/><net_sink comp="1859" pin=1"/></net>

<net id="2460"><net_src comp="146" pin="1"/><net_sink comp="2457" pin=0"/></net>

<net id="2461"><net_src comp="2457" pin="1"/><net_sink comp="721" pin=1"/></net>

<net id="2462"><net_src comp="2457" pin="1"/><net_sink comp="1839" pin=0"/></net>

<net id="2463"><net_src comp="2457" pin="1"/><net_sink comp="1855" pin=1"/></net>

<net id="2467"><net_src comp="150" pin="1"/><net_sink comp="2464" pin=0"/></net>

<net id="2468"><net_src comp="2464" pin="1"/><net_sink comp="716" pin=1"/></net>

<net id="2469"><net_src comp="2464" pin="1"/><net_sink comp="1243" pin=0"/></net>

<net id="2470"><net_src comp="2464" pin="1"/><net_sink comp="1262" pin=1"/></net>

<net id="2474"><net_src comp="154" pin="1"/><net_sink comp="2471" pin=0"/></net>

<net id="2475"><net_src comp="2471" pin="1"/><net_sink comp="711" pin=1"/></net>

<net id="2476"><net_src comp="2471" pin="1"/><net_sink comp="1656" pin=0"/></net>

<net id="2477"><net_src comp="2471" pin="1"/><net_sink comp="1666" pin=1"/></net>

<net id="2481"><net_src comp="158" pin="1"/><net_sink comp="2478" pin=0"/></net>

<net id="2482"><net_src comp="2478" pin="1"/><net_sink comp="706" pin=1"/></net>

<net id="2483"><net_src comp="2478" pin="1"/><net_sink comp="1073" pin=0"/></net>

<net id="2484"><net_src comp="2478" pin="1"/><net_sink comp="1090" pin=1"/></net>

<net id="2488"><net_src comp="162" pin="1"/><net_sink comp="2485" pin=0"/></net>

<net id="2489"><net_src comp="2485" pin="1"/><net_sink comp="701" pin=1"/></net>

<net id="2490"><net_src comp="2485" pin="1"/><net_sink comp="1070" pin=0"/></net>

<net id="2491"><net_src comp="2485" pin="1"/><net_sink comp="1086" pin=1"/></net>

<net id="2495"><net_src comp="166" pin="1"/><net_sink comp="2492" pin=0"/></net>

<net id="2496"><net_src comp="2492" pin="1"/><net_sink comp="696" pin=1"/></net>

<net id="2497"><net_src comp="2492" pin="1"/><net_sink comp="807" pin=0"/></net>

<net id="2498"><net_src comp="2492" pin="1"/><net_sink comp="820" pin=1"/></net>

<net id="2502"><net_src comp="170" pin="1"/><net_sink comp="2499" pin=0"/></net>

<net id="2503"><net_src comp="2499" pin="1"/><net_sink comp="691" pin=1"/></net>

<net id="2504"><net_src comp="2499" pin="1"/><net_sink comp="937" pin=0"/></net>

<net id="2505"><net_src comp="2499" pin="1"/><net_sink comp="947" pin=1"/></net>

<net id="2509"><net_src comp="174" pin="1"/><net_sink comp="2506" pin=0"/></net>

<net id="2510"><net_src comp="2506" pin="1"/><net_sink comp="686" pin=1"/></net>

<net id="2511"><net_src comp="2506" pin="1"/><net_sink comp="929" pin=0"/></net>

<net id="2512"><net_src comp="2506" pin="1"/><net_sink comp="1054" pin=1"/></net>

<net id="2516"><net_src comp="178" pin="1"/><net_sink comp="2513" pin=0"/></net>

<net id="2517"><net_src comp="2513" pin="1"/><net_sink comp="681" pin=1"/></net>

<net id="2518"><net_src comp="2513" pin="1"/><net_sink comp="1059" pin=0"/></net>

<net id="2519"><net_src comp="2513" pin="1"/><net_sink comp="1158" pin=1"/></net>

<net id="2523"><net_src comp="182" pin="1"/><net_sink comp="2520" pin=0"/></net>

<net id="2524"><net_src comp="2520" pin="1"/><net_sink comp="676" pin=1"/></net>

<net id="2525"><net_src comp="2520" pin="1"/><net_sink comp="1062" pin=0"/></net>

<net id="2526"><net_src comp="2520" pin="1"/><net_sink comp="1153" pin=1"/></net>

<net id="2530"><net_src comp="186" pin="1"/><net_sink comp="2527" pin=0"/></net>

<net id="2531"><net_src comp="2527" pin="1"/><net_sink comp="671" pin=1"/></net>

<net id="2532"><net_src comp="2527" pin="1"/><net_sink comp="1236" pin=0"/></net>

<net id="2533"><net_src comp="2527" pin="1"/><net_sink comp="1590" pin=1"/></net>

<net id="2537"><net_src comp="190" pin="1"/><net_sink comp="2534" pin=0"/></net>

<net id="2538"><net_src comp="2534" pin="1"/><net_sink comp="666" pin=1"/></net>

<net id="2539"><net_src comp="2534" pin="1"/><net_sink comp="1648" pin=0"/></net>

<net id="2540"><net_src comp="2534" pin="1"/><net_sink comp="1831" pin=1"/></net>

<net id="2544"><net_src comp="194" pin="1"/><net_sink comp="2541" pin=0"/></net>

<net id="2545"><net_src comp="2541" pin="1"/><net_sink comp="661" pin=1"/></net>

<net id="2546"><net_src comp="2541" pin="1"/><net_sink comp="1836" pin=0"/></net>

<net id="2547"><net_src comp="2541" pin="1"/><net_sink comp="2156" pin=1"/></net>

<net id="2551"><net_src comp="198" pin="1"/><net_sink comp="2548" pin=0"/></net>

<net id="2552"><net_src comp="2548" pin="1"/><net_sink comp="656" pin=1"/></net>

<net id="2553"><net_src comp="2548" pin="1"/><net_sink comp="800" pin=0"/></net>

<net id="2554"><net_src comp="2548" pin="1"/><net_sink comp="924" pin=1"/></net>

<net id="2558"><net_src comp="202" pin="1"/><net_sink comp="2555" pin=0"/></net>

<net id="2559"><net_src comp="2555" pin="1"/><net_sink comp="651" pin=1"/></net>

<net id="2560"><net_src comp="2555" pin="1"/><net_sink comp="1595" pin=0"/></net>

<net id="2561"><net_src comp="2555" pin="1"/><net_sink comp="1826" pin=1"/></net>

<net id="2565"><net_src comp="206" pin="1"/><net_sink comp="2562" pin=0"/></net>

<net id="2566"><net_src comp="2562" pin="1"/><net_sink comp="646" pin=1"/></net>

<net id="2567"><net_src comp="2562" pin="1"/><net_sink comp="1166" pin=0"/></net>

<net id="2568"><net_src comp="2562" pin="1"/><net_sink comp="1585" pin=1"/></net>

<net id="2572"><net_src comp="210" pin="1"/><net_sink comp="2569" pin=0"/></net>

<net id="2573"><net_src comp="2569" pin="1"/><net_sink comp="641" pin=1"/></net>

<net id="2574"><net_src comp="2569" pin="1"/><net_sink comp="1169" pin=0"/></net>

<net id="2575"><net_src comp="2569" pin="1"/><net_sink comp="1580" pin=1"/></net>

<net id="2579"><net_src comp="214" pin="1"/><net_sink comp="2576" pin=0"/></net>

<net id="2580"><net_src comp="2576" pin="1"/><net_sink comp="636" pin=1"/></net>

<net id="2581"><net_src comp="2576" pin="1"/><net_sink comp="762" pin=0"/></net>

<net id="2582"><net_src comp="2576" pin="1"/><net_sink comp="795" pin=1"/></net>

<net id="2586"><net_src comp="218" pin="1"/><net_sink comp="2583" pin=0"/></net>

<net id="2587"><net_src comp="2583" pin="1"/><net_sink comp="631" pin=1"/></net>

<net id="2588"><net_src comp="2583" pin="1"/><net_sink comp="731" pin=0"/></net>

<net id="2589"><net_src comp="2583" pin="1"/><net_sink comp="752" pin=1"/></net>

<net id="2593"><net_src comp="222" pin="1"/><net_sink comp="2590" pin=0"/></net>

<net id="2594"><net_src comp="2590" pin="1"/><net_sink comp="1239" pin=0"/></net>

<net id="2595"><net_src comp="2590" pin="1"/><net_sink comp="1575" pin=1"/></net>

<net id="2599"><net_src comp="226" pin="1"/><net_sink comp="2596" pin=0"/></net>

<net id="2600"><net_src comp="2596" pin="1"/><net_sink comp="626" pin=1"/></net>

<net id="2601"><net_src comp="2596" pin="1"/><net_sink comp="757" pin=1"/></net>

<net id="2602"><net_src comp="2596" pin="1"/><net_sink comp="803" pin=0"/></net>

<net id="2606"><net_src comp="230" pin="1"/><net_sink comp="2603" pin=0"/></net>

<net id="2607"><net_src comp="2603" pin="1"/><net_sink comp="1163" pin=0"/></net>

<net id="2608"><net_src comp="2603" pin="1"/><net_sink comp="1570" pin=1"/></net>

<net id="2612"><net_src comp="240" pin="2"/><net_sink comp="2609" pin=0"/></net>

<net id="2613"><net_src comp="2609" pin="1"/><net_sink comp="1598" pin=1"/></net>

<net id="2617"><net_src comp="246" pin="2"/><net_sink comp="2614" pin=0"/></net>

<net id="2618"><net_src comp="2614" pin="1"/><net_sink comp="1177" pin=1"/></net>

<net id="2622"><net_src comp="252" pin="2"/><net_sink comp="2619" pin=0"/></net>

<net id="2623"><net_src comp="2619" pin="1"/><net_sink comp="1172" pin=1"/></net>

<net id="2627"><net_src comp="276" pin="2"/><net_sink comp="2624" pin=0"/></net>

<net id="2628"><net_src comp="2624" pin="1"/><net_sink comp="955" pin=1"/></net>

<net id="2629"><net_src comp="2624" pin="1"/><net_sink comp="1099" pin=1"/></net>

<net id="2630"><net_src comp="2624" pin="1"/><net_sink comp="1128" pin=1"/></net>

<net id="2631"><net_src comp="2624" pin="1"/><net_sink comp="1271" pin=1"/></net>

<net id="2635"><net_src comp="282" pin="2"/><net_sink comp="2632" pin=0"/></net>

<net id="2636"><net_src comp="2632" pin="1"/><net_sink comp="770" pin=1"/></net>

<net id="2637"><net_src comp="2632" pin="1"/><net_sink comp="825" pin=1"/></net>

<net id="2638"><net_src comp="2632" pin="1"/><net_sink comp="1670" pin=1"/></net>

<net id="2639"><net_src comp="2632" pin="1"/><net_sink comp="1864" pin=1"/></net>

<net id="2643"><net_src comp="602" pin="1"/><net_sink comp="2640" pin=0"/></net>

<net id="2644"><net_src comp="2640" pin="1"/><net_sink comp="1773" pin=1"/></net>

<net id="2648"><net_src comp="606" pin="1"/><net_sink comp="2645" pin=0"/></net>

<net id="2649"><net_src comp="2645" pin="1"/><net_sink comp="1411" pin=1"/></net>

<net id="2653"><net_src comp="610" pin="1"/><net_sink comp="2650" pin=0"/></net>

<net id="2654"><net_src comp="2650" pin="1"/><net_sink comp="1406" pin=1"/></net>

<net id="2658"><net_src comp="614" pin="1"/><net_sink comp="2655" pin=0"/></net>

<net id="2659"><net_src comp="2655" pin="1"/><net_sink comp="1778" pin=1"/></net>

<net id="2660"><net_src comp="2655" pin="1"/><net_sink comp="1783" pin=1"/></net>

<net id="2661"><net_src comp="2655" pin="1"/><net_sink comp="1788" pin=1"/></net>

<net id="2662"><net_src comp="2655" pin="1"/><net_sink comp="1793" pin=1"/></net>

<net id="2663"><net_src comp="2655" pin="1"/><net_sink comp="1798" pin=1"/></net>

<net id="2664"><net_src comp="2655" pin="1"/><net_sink comp="1803" pin=1"/></net>

<net id="2665"><net_src comp="2655" pin="1"/><net_sink comp="1808" pin=1"/></net>

<net id="2666"><net_src comp="2655" pin="1"/><net_sink comp="1813" pin=1"/></net>

<net id="2670"><net_src comp="618" pin="1"/><net_sink comp="2667" pin=0"/></net>

<net id="2671"><net_src comp="2667" pin="1"/><net_sink comp="1425" pin=1"/></net>

<net id="2672"><net_src comp="2667" pin="1"/><net_sink comp="1445" pin=1"/></net>

<net id="2673"><net_src comp="2667" pin="1"/><net_sink comp="1465" pin=1"/></net>

<net id="2674"><net_src comp="2667" pin="1"/><net_sink comp="1485" pin=1"/></net>

<net id="2675"><net_src comp="2667" pin="1"/><net_sink comp="1505" pin=1"/></net>

<net id="2676"><net_src comp="2667" pin="1"/><net_sink comp="1525" pin=1"/></net>

<net id="2677"><net_src comp="2667" pin="1"/><net_sink comp="1545" pin=1"/></net>

<net id="2678"><net_src comp="2667" pin="1"/><net_sink comp="1565" pin=1"/></net>

<net id="2682"><net_src comp="622" pin="1"/><net_sink comp="2679" pin=0"/></net>

<net id="2683"><net_src comp="2679" pin="1"/><net_sink comp="1420" pin=1"/></net>

<net id="2684"><net_src comp="2679" pin="1"/><net_sink comp="1440" pin=1"/></net>

<net id="2685"><net_src comp="2679" pin="1"/><net_sink comp="1460" pin=1"/></net>

<net id="2686"><net_src comp="2679" pin="1"/><net_sink comp="1480" pin=1"/></net>

<net id="2687"><net_src comp="2679" pin="1"/><net_sink comp="1500" pin=1"/></net>

<net id="2688"><net_src comp="2679" pin="1"/><net_sink comp="1520" pin=1"/></net>

<net id="2689"><net_src comp="2679" pin="1"/><net_sink comp="1540" pin=1"/></net>

<net id="2690"><net_src comp="2679" pin="1"/><net_sink comp="1560" pin=1"/></net>

<net id="2694"><net_src comp="740" pin="2"/><net_sink comp="2691" pin=0"/></net>

<net id="2698"><net_src comp="746" pin="2"/><net_sink comp="2695" pin=0"/></net>

<net id="2702"><net_src comp="765" pin="1"/><net_sink comp="2699" pin=0"/></net>

<net id="2703"><net_src comp="2699" pin="1"/><net_sink comp="810" pin=1"/></net>

<net id="2707"><net_src comp="331" pin="3"/><net_sink comp="2704" pin=0"/></net>

<net id="2708"><net_src comp="2704" pin="1"/><net_sink comp="338" pin=0"/></net>

<net id="2712"><net_src comp="803" pin="1"/><net_sink comp="2709" pin=0"/></net>

<net id="2713"><net_src comp="2709" pin="1"/><net_sink comp="947" pin=0"/></net>

<net id="2717"><net_src comp="810" pin="2"/><net_sink comp="2714" pin=0"/></net>

<net id="2718"><net_src comp="2714" pin="1"/><net_sink comp="940" pin=0"/></net>

<net id="2722"><net_src comp="850" pin="1"/><net_sink comp="2719" pin=0"/></net>

<net id="2723"><net_src comp="2719" pin="1"/><net_sink comp="2253" pin=0"/></net>

<net id="2727"><net_src comp="854" pin="4"/><net_sink comp="2724" pin=0"/></net>

<net id="2728"><net_src comp="2724" pin="1"/><net_sink comp="2269" pin=0"/></net>

<net id="2732"><net_src comp="864" pin="4"/><net_sink comp="2729" pin=0"/></net>

<net id="2733"><net_src comp="2729" pin="1"/><net_sink comp="2285" pin=0"/></net>

<net id="2737"><net_src comp="874" pin="4"/><net_sink comp="2734" pin=0"/></net>

<net id="2738"><net_src comp="2734" pin="1"/><net_sink comp="2301" pin=0"/></net>

<net id="2742"><net_src comp="884" pin="4"/><net_sink comp="2739" pin=0"/></net>

<net id="2743"><net_src comp="2739" pin="1"/><net_sink comp="2317" pin=0"/></net>

<net id="2747"><net_src comp="894" pin="4"/><net_sink comp="2744" pin=0"/></net>

<net id="2748"><net_src comp="2744" pin="1"/><net_sink comp="2339" pin=0"/></net>

<net id="2752"><net_src comp="904" pin="4"/><net_sink comp="2749" pin=0"/></net>

<net id="2753"><net_src comp="2749" pin="1"/><net_sink comp="2361" pin=0"/></net>

<net id="2757"><net_src comp="914" pin="4"/><net_sink comp="2754" pin=0"/></net>

<net id="2758"><net_src comp="2754" pin="1"/><net_sink comp="2382" pin=0"/></net>

<net id="2762"><net_src comp="932" pin="1"/><net_sink comp="2759" pin=0"/></net>

<net id="2763"><net_src comp="2759" pin="1"/><net_sink comp="1076" pin=1"/></net>

<net id="2767"><net_src comp="356" pin="3"/><net_sink comp="2764" pin=0"/></net>

<net id="2768"><net_src comp="2764" pin="1"/><net_sink comp="363" pin=0"/></net>

<net id="2772"><net_src comp="940" pin="3"/><net_sink comp="2769" pin=0"/></net>

<net id="2773"><net_src comp="2769" pin="1"/><net_sink comp="363" pin=4"/></net>

<net id="2774"><net_src comp="2769" pin="1"/><net_sink comp="1086" pin=0"/></net>

<net id="2778"><net_src comp="980" pin="1"/><net_sink comp="2775" pin=0"/></net>

<net id="2779"><net_src comp="2775" pin="1"/><net_sink comp="2249" pin=0"/></net>

<net id="2783"><net_src comp="984" pin="4"/><net_sink comp="2780" pin=0"/></net>

<net id="2784"><net_src comp="2780" pin="1"/><net_sink comp="2265" pin=0"/></net>

<net id="2788"><net_src comp="994" pin="4"/><net_sink comp="2785" pin=0"/></net>

<net id="2789"><net_src comp="2785" pin="1"/><net_sink comp="2281" pin=0"/></net>

<net id="2793"><net_src comp="1004" pin="4"/><net_sink comp="2790" pin=0"/></net>

<net id="2794"><net_src comp="2790" pin="1"/><net_sink comp="2297" pin=0"/></net>

<net id="2798"><net_src comp="1014" pin="4"/><net_sink comp="2795" pin=0"/></net>

<net id="2799"><net_src comp="2795" pin="1"/><net_sink comp="2313" pin=0"/></net>

<net id="2803"><net_src comp="1024" pin="4"/><net_sink comp="2800" pin=0"/></net>

<net id="2804"><net_src comp="2800" pin="1"/><net_sink comp="2335" pin=0"/></net>

<net id="2808"><net_src comp="1034" pin="4"/><net_sink comp="2805" pin=0"/></net>

<net id="2809"><net_src comp="2805" pin="1"/><net_sink comp="2357" pin=0"/></net>

<net id="2813"><net_src comp="1044" pin="4"/><net_sink comp="2810" pin=0"/></net>

<net id="2814"><net_src comp="2810" pin="1"/><net_sink comp="2378" pin=0"/></net>

<net id="2818"><net_src comp="1065" pin="1"/><net_sink comp="2815" pin=0"/></net>

<net id="2819"><net_src comp="2815" pin="1"/><net_sink comp="1246" pin=1"/></net>

<net id="2823"><net_src comp="369" pin="3"/><net_sink comp="2820" pin=0"/></net>

<net id="2824"><net_src comp="2820" pin="1"/><net_sink comp="376" pin=0"/></net>

<net id="2828"><net_src comp="1070" pin="1"/><net_sink comp="2825" pin=0"/></net>

<net id="2829"><net_src comp="2825" pin="1"/><net_sink comp="1251" pin=1"/></net>

<net id="2833"><net_src comp="1076" pin="2"/><net_sink comp="2830" pin=0"/></net>

<net id="2834"><net_src comp="2830" pin="1"/><net_sink comp="1251" pin=0"/></net>

<net id="2838"><net_src comp="1177" pin="2"/><net_sink comp="2835" pin=0"/></net>

<net id="2839"><net_src comp="2835" pin="1"/><net_sink comp="1633" pin=0"/></net>

<net id="2843"><net_src comp="1196" pin="2"/><net_sink comp="2840" pin=0"/></net>

<net id="2844"><net_src comp="2840" pin="1"/><net_sink comp="1614" pin=1"/></net>

<net id="2848"><net_src comp="1208" pin="2"/><net_sink comp="2845" pin=0"/></net>

<net id="2849"><net_src comp="2845" pin="1"/><net_sink comp="1603" pin=0"/></net>

<net id="2853"><net_src comp="1239" pin="1"/><net_sink comp="2850" pin=0"/></net>

<net id="2854"><net_src comp="2850" pin="1"/><net_sink comp="1666" pin=0"/></net>

<net id="2858"><net_src comp="1246" pin="2"/><net_sink comp="2855" pin=0"/></net>

<net id="2859"><net_src comp="2855" pin="1"/><net_sink comp="1659" pin=0"/></net>

<net id="2863"><net_src comp="1300" pin="1"/><net_sink comp="2860" pin=0"/></net>

<net id="2864"><net_src comp="2860" pin="1"/><net_sink comp="509" pin=4"/></net>

<net id="2865"><net_src comp="2860" pin="1"/><net_sink comp="521" pin=3"/></net>

<net id="2866"><net_src comp="2860" pin="1"/><net_sink comp="434" pin=0"/></net>

<net id="2870"><net_src comp="1314" pin="1"/><net_sink comp="2867" pin=0"/></net>

<net id="2871"><net_src comp="2867" pin="1"/><net_sink comp="509" pin=5"/></net>

<net id="2872"><net_src comp="2867" pin="1"/><net_sink comp="521" pin=4"/></net>

<net id="2873"><net_src comp="2867" pin="1"/><net_sink comp="533" pin=3"/></net>

<net id="2874"><net_src comp="2867" pin="1"/><net_sink comp="443" pin=0"/></net>

<net id="2878"><net_src comp="1318" pin="4"/><net_sink comp="2875" pin=0"/></net>

<net id="2879"><net_src comp="2875" pin="1"/><net_sink comp="1889" pin=0"/></net>

<net id="2883"><net_src comp="1328" pin="4"/><net_sink comp="2880" pin=0"/></net>

<net id="2884"><net_src comp="2880" pin="1"/><net_sink comp="1892" pin=0"/></net>

<net id="2888"><net_src comp="1348" pin="1"/><net_sink comp="2885" pin=0"/></net>

<net id="2889"><net_src comp="2885" pin="1"/><net_sink comp="545" pin=5"/></net>

<net id="2890"><net_src comp="2885" pin="1"/><net_sink comp="557" pin=4"/></net>

<net id="2891"><net_src comp="2885" pin="1"/><net_sink comp="569" pin=3"/></net>

<net id="2892"><net_src comp="2885" pin="1"/><net_sink comp="470" pin=0"/></net>

<net id="2896"><net_src comp="1352" pin="4"/><net_sink comp="2893" pin=0"/></net>

<net id="2897"><net_src comp="2893" pin="1"/><net_sink comp="2329" pin=0"/></net>

<net id="2898"><net_src comp="2893" pin="1"/><net_sink comp="479" pin=2"/></net>

<net id="2899"><net_src comp="2893" pin="1"/><net_sink comp="479" pin=4"/></net>

<net id="2903"><net_src comp="1362" pin="4"/><net_sink comp="2900" pin=0"/></net>

<net id="2904"><net_src comp="2900" pin="1"/><net_sink comp="2351" pin=0"/></net>

<net id="2905"><net_src comp="2900" pin="1"/><net_sink comp="490" pin=2"/></net>

<net id="2906"><net_src comp="2900" pin="1"/><net_sink comp="490" pin=4"/></net>

<net id="2910"><net_src comp="1372" pin="4"/><net_sink comp="2907" pin=0"/></net>

<net id="2911"><net_src comp="2907" pin="1"/><net_sink comp="2373" pin=0"/></net>

<net id="2912"><net_src comp="2907" pin="1"/><net_sink comp="501" pin=2"/></net>

<net id="2913"><net_src comp="2907" pin="1"/><net_sink comp="501" pin=4"/></net>

<net id="2917"><net_src comp="1382" pin="4"/><net_sink comp="2914" pin=0"/></net>

<net id="2918"><net_src comp="2914" pin="1"/><net_sink comp="2386" pin=0"/></net>

<net id="2922"><net_src comp="1392" pin="1"/><net_sink comp="2919" pin=0"/></net>

<net id="2923"><net_src comp="2919" pin="1"/><net_sink comp="2390" pin=0"/></net>

<net id="2927"><net_src comp="1406" pin="2"/><net_sink comp="2924" pin=0"/></net>

<net id="2928"><net_src comp="2924" pin="1"/><net_sink comp="1910" pin=1"/></net>

<net id="2929"><net_src comp="2924" pin="1"/><net_sink comp="1942" pin=1"/></net>

<net id="2930"><net_src comp="2924" pin="1"/><net_sink comp="1974" pin=1"/></net>

<net id="2931"><net_src comp="2924" pin="1"/><net_sink comp="2006" pin=1"/></net>

<net id="2932"><net_src comp="2924" pin="1"/><net_sink comp="2038" pin=1"/></net>

<net id="2933"><net_src comp="2924" pin="1"/><net_sink comp="2070" pin=1"/></net>

<net id="2934"><net_src comp="2924" pin="1"/><net_sink comp="2102" pin=1"/></net>

<net id="2935"><net_src comp="2924" pin="1"/><net_sink comp="2134" pin=1"/></net>

<net id="2939"><net_src comp="1411" pin="2"/><net_sink comp="2936" pin=0"/></net>

<net id="2940"><net_src comp="2936" pin="1"/><net_sink comp="1895" pin=0"/></net>

<net id="2944"><net_src comp="1420" pin="2"/><net_sink comp="2941" pin=0"/></net>

<net id="2948"><net_src comp="1425" pin="2"/><net_sink comp="2945" pin=0"/></net>

<net id="2949"><net_src comp="2945" pin="1"/><net_sink comp="1900" pin=0"/></net>

<net id="2953"><net_src comp="1440" pin="2"/><net_sink comp="2950" pin=0"/></net>

<net id="2957"><net_src comp="1445" pin="2"/><net_sink comp="2954" pin=0"/></net>

<net id="2958"><net_src comp="2954" pin="1"/><net_sink comp="1932" pin=0"/></net>

<net id="2962"><net_src comp="1460" pin="2"/><net_sink comp="2959" pin=0"/></net>

<net id="2966"><net_src comp="1465" pin="2"/><net_sink comp="2963" pin=0"/></net>

<net id="2967"><net_src comp="2963" pin="1"/><net_sink comp="1964" pin=0"/></net>

<net id="2971"><net_src comp="1480" pin="2"/><net_sink comp="2968" pin=0"/></net>

<net id="2975"><net_src comp="1485" pin="2"/><net_sink comp="2972" pin=0"/></net>

<net id="2976"><net_src comp="2972" pin="1"/><net_sink comp="1996" pin=0"/></net>

<net id="2980"><net_src comp="1500" pin="2"/><net_sink comp="2977" pin=0"/></net>

<net id="2984"><net_src comp="1505" pin="2"/><net_sink comp="2981" pin=0"/></net>

<net id="2985"><net_src comp="2981" pin="1"/><net_sink comp="2028" pin=0"/></net>

<net id="2989"><net_src comp="1520" pin="2"/><net_sink comp="2986" pin=0"/></net>

<net id="2993"><net_src comp="1525" pin="2"/><net_sink comp="2990" pin=0"/></net>

<net id="2994"><net_src comp="2990" pin="1"/><net_sink comp="2060" pin=0"/></net>

<net id="2998"><net_src comp="1540" pin="2"/><net_sink comp="2995" pin=0"/></net>

<net id="3002"><net_src comp="1545" pin="2"/><net_sink comp="2999" pin=0"/></net>

<net id="3003"><net_src comp="2999" pin="1"/><net_sink comp="2092" pin=0"/></net>

<net id="3007"><net_src comp="1560" pin="2"/><net_sink comp="3004" pin=0"/></net>

<net id="3011"><net_src comp="1565" pin="2"/><net_sink comp="3008" pin=0"/></net>

<net id="3012"><net_src comp="3008" pin="1"/><net_sink comp="2124" pin=0"/></net>

<net id="3016"><net_src comp="1651" pin="1"/><net_sink comp="3013" pin=0"/></net>

<net id="3017"><net_src comp="3013" pin="1"/><net_sink comp="1845" pin=1"/></net>

<net id="3021"><net_src comp="406" pin="3"/><net_sink comp="3018" pin=0"/></net>

<net id="3022"><net_src comp="3018" pin="1"/><net_sink comp="413" pin=0"/></net>

<net id="3026"><net_src comp="1659" pin="3"/><net_sink comp="3023" pin=0"/></net>

<net id="3027"><net_src comp="3023" pin="1"/><net_sink comp="413" pin=4"/></net>

<net id="3028"><net_src comp="3023" pin="1"/><net_sink comp="1855" pin=0"/></net>

<net id="3032"><net_src comp="1695" pin="1"/><net_sink comp="3029" pin=0"/></net>

<net id="3033"><net_src comp="3029" pin="1"/><net_sink comp="2245" pin=0"/></net>

<net id="3037"><net_src comp="1699" pin="4"/><net_sink comp="3034" pin=0"/></net>

<net id="3038"><net_src comp="3034" pin="1"/><net_sink comp="2261" pin=0"/></net>

<net id="3042"><net_src comp="1709" pin="4"/><net_sink comp="3039" pin=0"/></net>

<net id="3043"><net_src comp="3039" pin="1"/><net_sink comp="2277" pin=0"/></net>

<net id="3047"><net_src comp="1719" pin="4"/><net_sink comp="3044" pin=0"/></net>

<net id="3048"><net_src comp="3044" pin="1"/><net_sink comp="2293" pin=0"/></net>

<net id="3052"><net_src comp="1729" pin="4"/><net_sink comp="3049" pin=0"/></net>

<net id="3053"><net_src comp="3049" pin="1"/><net_sink comp="2309" pin=0"/></net>

<net id="3057"><net_src comp="1739" pin="4"/><net_sink comp="3054" pin=0"/></net>

<net id="3058"><net_src comp="3054" pin="1"/><net_sink comp="2325" pin=0"/></net>

<net id="3062"><net_src comp="1749" pin="4"/><net_sink comp="3059" pin=0"/></net>

<net id="3063"><net_src comp="3059" pin="1"/><net_sink comp="2347" pin=0"/></net>

<net id="3067"><net_src comp="1759" pin="4"/><net_sink comp="3064" pin=0"/></net>

<net id="3068"><net_src comp="3064" pin="1"/><net_sink comp="2369" pin=0"/></net>

<net id="3072"><net_src comp="1773" pin="2"/><net_sink comp="3069" pin=0"/></net>

<net id="3073"><net_src comp="3069" pin="1"/><net_sink comp="1915" pin=1"/></net>

<net id="3074"><net_src comp="3069" pin="1"/><net_sink comp="1953" pin=1"/></net>

<net id="3075"><net_src comp="3069" pin="1"/><net_sink comp="1985" pin=1"/></net>

<net id="3076"><net_src comp="3069" pin="1"/><net_sink comp="2017" pin=1"/></net>

<net id="3077"><net_src comp="3069" pin="1"/><net_sink comp="2049" pin=1"/></net>

<net id="3078"><net_src comp="3069" pin="1"/><net_sink comp="2081" pin=1"/></net>

<net id="3079"><net_src comp="3069" pin="1"/><net_sink comp="2113" pin=1"/></net>

<net id="3080"><net_src comp="3069" pin="1"/><net_sink comp="2145" pin=1"/></net>

<net id="3084"><net_src comp="1778" pin="2"/><net_sink comp="3081" pin=0"/></net>

<net id="3085"><net_src comp="3081" pin="1"/><net_sink comp="1905" pin=0"/></net>

<net id="3089"><net_src comp="1783" pin="2"/><net_sink comp="3086" pin=0"/></net>

<net id="3090"><net_src comp="3086" pin="1"/><net_sink comp="1937" pin=0"/></net>

<net id="3094"><net_src comp="1788" pin="2"/><net_sink comp="3091" pin=0"/></net>

<net id="3095"><net_src comp="3091" pin="1"/><net_sink comp="1969" pin=0"/></net>

<net id="3099"><net_src comp="1793" pin="2"/><net_sink comp="3096" pin=0"/></net>

<net id="3100"><net_src comp="3096" pin="1"/><net_sink comp="2001" pin=0"/></net>

<net id="3104"><net_src comp="1798" pin="2"/><net_sink comp="3101" pin=0"/></net>

<net id="3105"><net_src comp="3101" pin="1"/><net_sink comp="2033" pin=0"/></net>

<net id="3109"><net_src comp="1803" pin="2"/><net_sink comp="3106" pin=0"/></net>

<net id="3110"><net_src comp="3106" pin="1"/><net_sink comp="2065" pin=0"/></net>

<net id="3114"><net_src comp="1808" pin="2"/><net_sink comp="3111" pin=0"/></net>

<net id="3115"><net_src comp="3111" pin="1"/><net_sink comp="2097" pin=0"/></net>

<net id="3119"><net_src comp="1813" pin="2"/><net_sink comp="3116" pin=0"/></net>

<net id="3120"><net_src comp="3116" pin="1"/><net_sink comp="2129" pin=0"/></net>

<net id="3124"><net_src comp="1818" pin="3"/><net_sink comp="3121" pin=0"/></net>

<net id="3128"><net_src comp="1839" pin="1"/><net_sink comp="3125" pin=0"/></net>

<net id="3129"><net_src comp="3125" pin="1"/><net_sink comp="2161" pin=1"/></net>

<net id="3133"><net_src comp="1845" pin="2"/><net_sink comp="3130" pin=0"/></net>

<net id="3134"><net_src comp="3130" pin="1"/><net_sink comp="2161" pin=0"/></net>

<net id="3138"><net_src comp="1889" pin="1"/><net_sink comp="3135" pin=0"/></net>

<net id="3139"><net_src comp="3135" pin="1"/><net_sink comp="521" pin=5"/></net>

<net id="3140"><net_src comp="3135" pin="1"/><net_sink comp="533" pin=4"/></net>

<net id="3141"><net_src comp="3135" pin="1"/><net_sink comp="545" pin=3"/></net>

<net id="3142"><net_src comp="3135" pin="1"/><net_sink comp="452" pin=0"/></net>

<net id="3146"><net_src comp="1892" pin="1"/><net_sink comp="3143" pin=0"/></net>

<net id="3147"><net_src comp="3143" pin="1"/><net_sink comp="533" pin=5"/></net>

<net id="3148"><net_src comp="3143" pin="1"/><net_sink comp="545" pin=4"/></net>

<net id="3149"><net_src comp="3143" pin="1"/><net_sink comp="557" pin=3"/></net>

<net id="3150"><net_src comp="3143" pin="1"/><net_sink comp="461" pin=0"/></net>

<net id="3154"><net_src comp="1926" pin="2"/><net_sink comp="3151" pin=0"/></net>

<net id="3158"><net_src comp="1958" pin="2"/><net_sink comp="3155" pin=0"/></net>

<net id="3162"><net_src comp="1990" pin="2"/><net_sink comp="3159" pin=0"/></net>

<net id="3166"><net_src comp="2022" pin="2"/><net_sink comp="3163" pin=0"/></net>

<net id="3170"><net_src comp="2054" pin="2"/><net_sink comp="3167" pin=0"/></net>

<net id="3174"><net_src comp="2086" pin="2"/><net_sink comp="3171" pin=0"/></net>

<net id="3178"><net_src comp="2118" pin="2"/><net_sink comp="3175" pin=0"/></net>

<net id="3182"><net_src comp="2150" pin="2"/><net_sink comp="3179" pin=0"/></net>

<net id="3186"><net_src comp="2171" pin="1"/><net_sink comp="3183" pin=0"/></net>

<net id="3187"><net_src comp="3183" pin="1"/><net_sink comp="509" pin=1"/></net>

<net id="3191"><net_src comp="2175" pin="4"/><net_sink comp="3188" pin=0"/></net>

<net id="3192"><net_src comp="3188" pin="1"/><net_sink comp="2257" pin=0"/></net>

<net id="3196"><net_src comp="2185" pin="4"/><net_sink comp="3193" pin=0"/></net>

<net id="3197"><net_src comp="3193" pin="1"/><net_sink comp="2273" pin=0"/></net>

<net id="3201"><net_src comp="2195" pin="4"/><net_sink comp="3198" pin=0"/></net>

<net id="3202"><net_src comp="3198" pin="1"/><net_sink comp="2289" pin=0"/></net>

<net id="3206"><net_src comp="2205" pin="4"/><net_sink comp="3203" pin=0"/></net>

<net id="3207"><net_src comp="3203" pin="1"/><net_sink comp="2305" pin=0"/></net>

<net id="3211"><net_src comp="2215" pin="4"/><net_sink comp="3208" pin=0"/></net>

<net id="3212"><net_src comp="3208" pin="1"/><net_sink comp="2321" pin=0"/></net>

<net id="3216"><net_src comp="2225" pin="4"/><net_sink comp="3213" pin=0"/></net>

<net id="3217"><net_src comp="3213" pin="1"/><net_sink comp="2343" pin=0"/></net>

<net id="3221"><net_src comp="2235" pin="4"/><net_sink comp="3218" pin=0"/></net>

<net id="3222"><net_src comp="3218" pin="1"/><net_sink comp="2365" pin=0"/></net>

<net id="3226"><net_src comp="2245" pin="1"/><net_sink comp="3223" pin=0"/></net>

<net id="3227"><net_src comp="3223" pin="1"/><net_sink comp="509" pin=2"/></net>

<net id="3231"><net_src comp="2249" pin="1"/><net_sink comp="3228" pin=0"/></net>

<net id="3232"><net_src comp="3228" pin="1"/><net_sink comp="509" pin=6"/></net>

<net id="3236"><net_src comp="2253" pin="1"/><net_sink comp="3233" pin=0"/></net>

<net id="3237"><net_src comp="3233" pin="1"/><net_sink comp="509" pin=7"/></net>

<net id="3241"><net_src comp="2257" pin="1"/><net_sink comp="3238" pin=0"/></net>

<net id="3242"><net_src comp="3238" pin="1"/><net_sink comp="521" pin=1"/></net>

<net id="3246"><net_src comp="2261" pin="1"/><net_sink comp="3243" pin=0"/></net>

<net id="3247"><net_src comp="3243" pin="1"/><net_sink comp="521" pin=2"/></net>

<net id="3251"><net_src comp="2265" pin="1"/><net_sink comp="3248" pin=0"/></net>

<net id="3252"><net_src comp="3248" pin="1"/><net_sink comp="521" pin=6"/></net>

<net id="3256"><net_src comp="2269" pin="1"/><net_sink comp="3253" pin=0"/></net>

<net id="3257"><net_src comp="3253" pin="1"/><net_sink comp="521" pin=7"/></net>

<net id="3261"><net_src comp="2273" pin="1"/><net_sink comp="3258" pin=0"/></net>

<net id="3262"><net_src comp="3258" pin="1"/><net_sink comp="533" pin=1"/></net>

<net id="3266"><net_src comp="2277" pin="1"/><net_sink comp="3263" pin=0"/></net>

<net id="3267"><net_src comp="3263" pin="1"/><net_sink comp="533" pin=2"/></net>

<net id="3271"><net_src comp="2281" pin="1"/><net_sink comp="3268" pin=0"/></net>

<net id="3272"><net_src comp="3268" pin="1"/><net_sink comp="533" pin=6"/></net>

<net id="3276"><net_src comp="2285" pin="1"/><net_sink comp="3273" pin=0"/></net>

<net id="3277"><net_src comp="3273" pin="1"/><net_sink comp="533" pin=7"/></net>

<net id="3281"><net_src comp="2289" pin="1"/><net_sink comp="3278" pin=0"/></net>

<net id="3282"><net_src comp="3278" pin="1"/><net_sink comp="545" pin=1"/></net>

<net id="3286"><net_src comp="2293" pin="1"/><net_sink comp="3283" pin=0"/></net>

<net id="3287"><net_src comp="3283" pin="1"/><net_sink comp="545" pin=2"/></net>

<net id="3291"><net_src comp="2297" pin="1"/><net_sink comp="3288" pin=0"/></net>

<net id="3292"><net_src comp="3288" pin="1"/><net_sink comp="545" pin=6"/></net>

<net id="3296"><net_src comp="2301" pin="1"/><net_sink comp="3293" pin=0"/></net>

<net id="3297"><net_src comp="3293" pin="1"/><net_sink comp="545" pin=7"/></net>

<net id="3301"><net_src comp="2305" pin="1"/><net_sink comp="3298" pin=0"/></net>

<net id="3302"><net_src comp="3298" pin="1"/><net_sink comp="557" pin=1"/></net>

<net id="3306"><net_src comp="2309" pin="1"/><net_sink comp="3303" pin=0"/></net>

<net id="3307"><net_src comp="3303" pin="1"/><net_sink comp="557" pin=2"/></net>

<net id="3311"><net_src comp="2313" pin="1"/><net_sink comp="3308" pin=0"/></net>

<net id="3312"><net_src comp="3308" pin="1"/><net_sink comp="557" pin=6"/></net>

<net id="3316"><net_src comp="2317" pin="1"/><net_sink comp="3313" pin=0"/></net>

<net id="3317"><net_src comp="3313" pin="1"/><net_sink comp="557" pin=7"/></net>

<net id="3321"><net_src comp="2321" pin="1"/><net_sink comp="3318" pin=0"/></net>

<net id="3322"><net_src comp="3318" pin="1"/><net_sink comp="569" pin=1"/></net>

<net id="3326"><net_src comp="2325" pin="1"/><net_sink comp="3323" pin=0"/></net>

<net id="3327"><net_src comp="3323" pin="1"/><net_sink comp="569" pin=2"/></net>

<net id="3331"><net_src comp="2329" pin="1"/><net_sink comp="3328" pin=0"/></net>

<net id="3332"><net_src comp="3328" pin="1"/><net_sink comp="557" pin=5"/></net>

<net id="3333"><net_src comp="3328" pin="1"/><net_sink comp="569" pin=4"/></net>

<net id="3334"><net_src comp="3328" pin="1"/><net_sink comp="580" pin=3"/></net>

<net id="3338"><net_src comp="2335" pin="1"/><net_sink comp="3335" pin=0"/></net>

<net id="3339"><net_src comp="3335" pin="1"/><net_sink comp="569" pin=6"/></net>

<net id="3343"><net_src comp="2339" pin="1"/><net_sink comp="3340" pin=0"/></net>

<net id="3344"><net_src comp="3340" pin="1"/><net_sink comp="569" pin=7"/></net>

<net id="3348"><net_src comp="2343" pin="1"/><net_sink comp="3345" pin=0"/></net>

<net id="3349"><net_src comp="3345" pin="1"/><net_sink comp="580" pin=1"/></net>

<net id="3353"><net_src comp="2347" pin="1"/><net_sink comp="3350" pin=0"/></net>

<net id="3354"><net_src comp="3350" pin="1"/><net_sink comp="580" pin=2"/></net>

<net id="3358"><net_src comp="2351" pin="1"/><net_sink comp="3355" pin=0"/></net>

<net id="3359"><net_src comp="3355" pin="1"/><net_sink comp="569" pin=5"/></net>

<net id="3360"><net_src comp="3355" pin="1"/><net_sink comp="580" pin=4"/></net>

<net id="3361"><net_src comp="3355" pin="1"/><net_sink comp="591" pin=3"/></net>

<net id="3365"><net_src comp="2357" pin="1"/><net_sink comp="3362" pin=0"/></net>

<net id="3366"><net_src comp="3362" pin="1"/><net_sink comp="580" pin=6"/></net>

<net id="3370"><net_src comp="2361" pin="1"/><net_sink comp="3367" pin=0"/></net>

<net id="3371"><net_src comp="3367" pin="1"/><net_sink comp="580" pin=7"/></net>

<net id="3375"><net_src comp="2365" pin="1"/><net_sink comp="3372" pin=0"/></net>

<net id="3376"><net_src comp="3372" pin="1"/><net_sink comp="591" pin=1"/></net>

<net id="3380"><net_src comp="2369" pin="1"/><net_sink comp="3377" pin=0"/></net>

<net id="3381"><net_src comp="3377" pin="1"/><net_sink comp="591" pin=2"/></net>

<net id="3385"><net_src comp="2373" pin="1"/><net_sink comp="3382" pin=0"/></net>

<net id="3386"><net_src comp="3382" pin="1"/><net_sink comp="580" pin=5"/></net>

<net id="3387"><net_src comp="3382" pin="1"/><net_sink comp="591" pin=4"/></net>

<net id="3391"><net_src comp="2378" pin="1"/><net_sink comp="3388" pin=0"/></net>

<net id="3392"><net_src comp="3388" pin="1"/><net_sink comp="591" pin=6"/></net>

<net id="3396"><net_src comp="2382" pin="1"/><net_sink comp="3393" pin=0"/></net>

<net id="3397"><net_src comp="3393" pin="1"/><net_sink comp="591" pin=7"/></net>

<net id="3401"><net_src comp="2386" pin="1"/><net_sink comp="3398" pin=0"/></net>

<net id="3402"><net_src comp="3398" pin="1"/><net_sink comp="509" pin=3"/></net>

<net id="3406"><net_src comp="2390" pin="1"/><net_sink comp="3403" pin=0"/></net>

<net id="3407"><net_src comp="3403" pin="1"/><net_sink comp="591" pin=5"/></net>

</net_list>

</model> 
---------------- Datapath Model END ------------------

* FSMD analyzer results:
  - Output states:
	Port: arg0_arg1_streams_14 | {20 }
	Port: arg0_buf_p0_1_V | {8 }
	Port: arg0_buf_r0_1_p1_V | {6 }
	Port: arg0_buf_r1_2_p1_V | {5 }
	Port: arg0_buf_p1_2_V | {3 }
	Port: arg0_arg1_streams_1313 | {}
 - Input state : 
	Port: stencilRun_Pipeline_VITIS_LOOP_194_1 : p_read | {1 }
	Port: stencilRun_Pipeline_VITIS_LOOP_194_1 : iter_limit | {1 }
	Port: stencilRun_Pipeline_VITIS_LOOP_194_1 : arg0_arg1_streams_14 | {}
	Port: stencilRun_Pipeline_VITIS_LOOP_194_1 : p_read3_cast | {1 }
	Port: stencilRun_Pipeline_VITIS_LOOP_194_1 : p_read6_cast | {1 }
	Port: stencilRun_Pipeline_VITIS_LOOP_194_1 : zext_ln194 | {1 }
	Port: stencilRun_Pipeline_VITIS_LOOP_194_1 : arg0_buf_p0_1_V | {7 8 9 }
	Port: stencilRun_Pipeline_VITIS_LOOP_194_1 : arg0_buf_r0_1_p1_V | {5 6 7 }
	Port: stencilRun_Pipeline_VITIS_LOOP_194_1 : arg0_buf_r1_2_p1_V | {4 5 6 }
	Port: stencilRun_Pipeline_VITIS_LOOP_194_1 : arg0_buf_p1_2_V | {2 3 4 }
	Port: stencilRun_Pipeline_VITIS_LOOP_194_1 : plane_diff | {1 }
	Port: stencilRun_Pipeline_VITIS_LOOP_194_1 : add_ln190 | {1 }
	Port: stencilRun_Pipeline_VITIS_LOOP_194_1 : p_read4_cast | {1 }
	Port: stencilRun_Pipeline_VITIS_LOOP_194_1 : p_read7_cast | {1 }
	Port: stencilRun_Pipeline_VITIS_LOOP_194_1 : p_read5_cast | {1 }
	Port: stencilRun_Pipeline_VITIS_LOOP_194_1 : cond_x_val | {1 }
	Port: stencilRun_Pipeline_VITIS_LOOP_194_1 : cond_y_val | {1 }
	Port: stencilRun_Pipeline_VITIS_LOOP_194_1 : cond_z_val | {1 }
	Port: stencilRun_Pipeline_VITIS_LOOP_194_1 : S3D_7PT_read_ub_itr | {1 }
	Port: stencilRun_Pipeline_VITIS_LOOP_194_1 : arg0_arg1_streams_1313 | {2 }
  - Chain level:
	State 1
		store_ln0 : 1
		store_ln0 : 1
		store_ln0 : 1
		store_ln0 : 1
		store_ln0 : 1
		store_ln0 : 1
		store_ln0 : 1
		store_ln0 : 1
		store_ln0 : 1
		store_ln0 : 1
		store_ln0 : 1
		store_ln0 : 1
		store_ln0 : 1
		store_ln0 : 1
		store_ln0 : 1
		store_ln0 : 1
		store_ln0 : 1
		store_ln0 : 1
		store_ln0 : 1
		itr_3 : 1
		itr : 2
		icmp_ln194 : 2
		br_ln194 : 3
		S3D_7PT_read_cond : 2
		br_ln245 : 3
		store_ln194 : 3
	State 2
		zext_ln262 : 1
		arg0_buf_p1_2_V_addr : 2
		arg0_buf_p1_2_V_load : 3
		icmp_ln304 : 1
		cond_end_of_line_buff_S3D_7PT_buf_p1_2_wr : 2
		S3D_7PT_buf_p1_2_wr_1 : 1
		S3D_7PT_buf_p1_2_wr_2 : 2
		store_ln194 : 3
	State 3
		addr_cmp : 1
		zext_ln265 : 1
		arg0_buf_p1_2_V_addr_1 : 2
		store_ln265 : 3
		store_ln265 : 2
		icmp_ln303 : 1
		cond_end_of_line_buff_S3D_7PT_buf_p1_2_rd : 2
		S3D_7PT_buf_p1_2_rd_1 : 1
		S3D_7PT_buf_p1_2_rd_2 : 2
		arg0_tmpConverter_1_2 : 1
		arg0_tmpConverter_1_2_1 : 1
		arg0_tmpConverter_1_2_2 : 1
		arg0_tmpConverter_1_2_3 : 1
		arg0_tmpConverter_1_2_4 : 1
		arg0_tmpConverter_1_2_5 : 1
		arg0_tmpConverter_1_2_6 : 1
		arg0_tmpConverter_1_2_7 : 1
		store_ln194 : 3
	State 4
		zext_ln260 : 1
		arg0_buf_r1_2_p1_V_addr : 2
		arg0_buf_r1_2_p1_V_load : 3
		t_3 : 1
		zext_ln292 : 1
		icmp_ln292 : 2
		cond_end_of_line_buff_S3D_7PT_buf_r1_2_p1_wr : 3
		S3D_7PT_buf_r1_2_p1_wr_1 : 1
		S3D_7PT_buf_r1_2_p1_wr_2 : 3
		arg0_tmpConverter_2_1 : 2
		arg0_tmpConverter_2_1_1 : 2
		arg0_tmpConverter_2_1_2 : 2
		arg0_tmpConverter_2_1_3 : 2
		arg0_tmpConverter_2_1_4 : 2
		arg0_tmpConverter_2_1_5 : 2
		arg0_tmpConverter_2_1_6 : 2
		arg0_tmpConverter_2_1_7 : 2
		store_ln194 : 4
	State 5
		zext_ln256 : 1
		arg0_buf_r0_1_p1_V_addr : 2
		arg0_buf_r0_1_p1_V_load : 3
		addr_cmp162 : 1
		zext_ln263 : 1
		arg0_buf_r1_2_p1_V_addr_1 : 2
		store_ln263 : 3
		store_ln263 : 2
		zext_ln280 : 1
		icmp_ln280 : 2
		cond_end_of_line_buff_S3D_7PT_buf_r0_1_p1_wr : 3
		S3D_7PT_buf_r0_1_p1_wr_1 : 1
		S3D_7PT_buf_r0_1_p1_wr_2 : 3
		zext_ln291 : 1
		icmp_ln291 : 2
		cond_end_of_line_buff_S3D_7PT_buf_r1_2_p1_rd : 3
		S3D_7PT_buf_r1_2_p1_rd_1 : 1
		S3D_7PT_buf_r1_2_p1_rd_2 : 3
		store_ln194 : 4
		store_ln194 : 4
	State 6
		cond_x_terminate : 1
		cond_y_terminate : 1
		i_1 : 1
		i_2 : 2
		xor_ln234 : 2
		xor_ln234_1 : 2
		or_ln234 : 2
		add_ln237 : 1
		j_1 : 2
		j_2 : 2
		addr_cmp168 : 1
		t_4 : 1
		zext_ln261 : 1
		arg0_buf_r0_1_p1_V_addr_1 : 2
		store_ln261 : 3
		store_ln261 : 2
		zext_ln279 : 1
		icmp_ln279 : 2
		cond_end_of_line_buff_S3D_7PT_buf_r0_1_p1_rd : 3
		S3D_7PT_buf_r0_1_p1_rd_1 : 1
		S3D_7PT_buf_r0_1_p1_rd_2 : 3
		arg0_tmpConverter_1_1 : 1
		arg0_rowArr_1_1 : 2
		arg0_tmpConverter_1_1_1 : 1
		arg0_rowArr_1_1_1 : 2
		arg0_tmpConverter_1_1_2 : 1
		arg0_tmpConverter_1_1_3 : 1
		arg0_tmpConverter_1_1_4 : 1
		arg0_rowArr_1_1_4 : 2
		arg1_tmpConvWrite_14 : 1
		arg1_tmpConvWrite_15 : 1
		arg1_tmpConvWrite_16 : 1
		arg0_tmpConverter_0_1_1_7 : 1
		arg0_tmpConverter_2_1_1_0 : 2
		index : 3
		j_2_cast : 3
		cmp387 : 4
		slt144 : 4
		sext_ln394 : 3
		icmp_ln394 : 4
		br_ln395 : 5
		icmp_ln395 : 4
		index_1 : 3
		sext_ln394_1 : 3
		icmp_ln394_1 : 4
		br_ln395 : 5
		icmp_ln395_1 : 4
		index_2 : 3
		sext_ln394_2 : 3
		icmp_ln394_2 : 4
		br_ln395 : 5
		icmp_ln395_2 : 4
		index_3 : 3
		sext_ln394_3 : 3
		icmp_ln394_3 : 4
		br_ln395 : 5
		icmp_ln395_3 : 4
		index_4 : 3
		sext_ln394_4 : 3
		icmp_ln394_4 : 4
		br_ln395 : 5
		icmp_ln395_4 : 4
		index_5 : 3
		sext_ln394_5 : 3
		icmp_ln394_5 : 4
		br_ln395 : 5
		icmp_ln395_5 : 4
		index_6 : 3
		sext_ln394_6 : 3
		icmp_ln394_6 : 4
		br_ln395 : 5
		icmp_ln395_6 : 4
		index_7 : 3
		sext_ln394_7 : 3
		icmp_ln394_7 : 4
		br_ln395 : 5
		icmp_ln395_7 : 4
		store_ln194 : 2
		store_ln194 : 1
		store_ln194 : 3
		store_ln194 : 3
		store_ln194 : 4
	State 7
		icmp_ln238 : 1
		or_ln238 : 2
		xor_ln238 : 2
		or_ln238_1 : 2
		select_ln238 : 2
		add_ln241 : 1
		select_ln240 : 2
		k_1 : 2
		zext_ln255 : 1
		arg0_buf_p0_1_V_addr : 2
		arg0_buf_p0_1_V_load : 3
		t_1 : 1
		icmp_ln268 : 1
		cond_end_of_line_buff_S3D_7PT_buf_p0_1_wr : 2
		S3D_7PT_buf_p0_1_wr_1 : 1
		S3D_7PT_buf_p0_1_wr_2 : 2
		arg0_tmpConverter_0_1 : 2
		arg0_tmpConverter_0_1_1 : 2
		arg0_tmpConverter_0_1_2 : 2
		arg0_tmpConverter_0_1_3 : 2
		arg0_tmpConverter_0_1_4 : 2
		arg0_tmpConverter_0_1_5 : 2
		arg0_tmpConverter_0_1_6 : 2
		arg0_tmpConverter_0_1_7 : 2
		k_1_cast : 3
		cmp399 : 4
		icmp_ln399 : 4
		icmp_ln399_1 : 4
		icmp_ln399_2 : 4
		icmp_ln399_3 : 4
		icmp_ln399_4 : 4
		icmp_ln399_5 : 4
		icmp_ln399_6 : 4
		icmp_ln399_7 : 4
		tmp : 3
		br_ln445 : 4
		store_ln194 : 3
		store_ln194 : 3
	State 8
		addr_cmp174 : 1
		zext_ln257 : 1
		arg0_buf_p0_1_V_addr_1 : 2
		store_ln257 : 3
		store_ln257 : 2
		icmp_ln267 : 1
		cond_end_of_line_buff_S3D_7PT_buf_p0_1_rd : 2
		S3D_7PT_buf_p0_1_rd_1 : 1
		S3D_7PT_buf_p0_1_rd_2 : 2
		store_ln194 : 3
	State 9
		t : 1
		arg0_tmpConverter_1_0 : 2
		arg0_rowArr_1_0 : 3
		arg0_tmpConverter_1_0_1 : 2
		arg0_tmpConverter_1_0_2 : 2
		arg0_tmpConverter_1_0_3 : 2
		arg0_tmpConverter_1_0_4 : 2
		arg0_tmpConverter_1_0_5 : 2
		arg0_tmpConverter_1_0_6 : 2
		arg0_tmpConverter_1_0_7 : 2
	State 10
		arg1_result : 1
		arg1_result_1 : 1
		arg1_result_2 : 1
		arg1_result_3 : 1
		arg1_result_4 : 1
		arg1_result_5 : 1
		arg1_result_6 : 1
		arg1_result_7 : 1
	State 11
	State 12
	State 13
	State 14
	State 15
	State 16
	State 17
	State 18
	State 19
	State 20
		arg1_tmpConvWrite4_0_in : 1
		arg1_tmpConvWrite : 2
		arg1_tmpConvWrite4_1_in : 1
		arg1_tmpConvWrite_4 : 2
		arg1_tmpConvWrite4_2_in : 1
		arg1_tmpConvWrite_5 : 2
		arg1_tmpConvWrite4_3_in : 1
		arg1_tmpConvWrite_6 : 2
		arg1_tmpConvWrite4_4_in : 1
		arg1_tmpConvWrite_8 : 2
		arg1_tmpConvWrite_9 : 1
		arg1_tmpConvWrite_7 : 2
		arg1_tmpConvWrite_11 : 1
		arg1_tmpConvWrite_10 : 2
		arg1_tmpConvWrite_12 : 1
		arg1_tmpConvWrite_13 : 2
		arg1_update_val_V : 3
		write_ln174 : 4


============================================================
+ Verbose Summary: Datapath Resource usage 
============================================================

* Functional unit list:
|----------|------------------------------------------------------|---------|---------|---------|---------|
| Operation|                    Functional Unit                   |   DSP   |  Delay  |    FF   |   LUT   |
|----------|------------------------------------------------------|---------|---------|---------|---------|
|          |      grp_kernel_jac3D_kernel_stencil_core_fu_509     |    9    |  2.808  |   488   |   196   |
|          |      grp_kernel_jac3D_kernel_stencil_core_fu_521     |    9    |  2.808  |   488   |   196   |
|          |      grp_kernel_jac3D_kernel_stencil_core_fu_533     |    9    |  2.808  |   488   |   196   |
|   call   |      grp_kernel_jac3D_kernel_stencil_core_fu_545     |    9    |  2.808  |   488   |   196   |
|          |      grp_kernel_jac3D_kernel_stencil_core_fu_557     |    9    |  2.808  |   488   |   196   |
|          |      grp_kernel_jac3D_kernel_stencil_core_fu_569     |    9    |  2.808  |   488   |   196   |
|          |      grp_kernel_jac3D_kernel_stencil_core_fu_580     |    9    |  2.808  |   488   |   196   |
|          |      grp_kernel_jac3D_kernel_stencil_core_fu_591     |    9    |  2.808  |   488   |   196   |
|----------|------------------------------------------------------|---------|---------|---------|---------|
|          |             S3D_7PT_buf_p1_2_wr_2_fu_787             |    0    |    0    |    0    |    15   |
|          |             S3D_7PT_buf_p1_2_rd_2_fu_842             |    0    |    0    |    0    |    15   |
|          |                      t_3_fu_940                      |    0    |    0    |    0    |   245   |
|          |            S3D_7PT_buf_r1_2_p1_wr_2_fu_972           |    0    |    0    |    0    |    15   |
|          |           S3D_7PT_buf_r0_1_p1_wr_2_fu_1116           |    0    |    0    |    0    |    15   |
|          |           S3D_7PT_buf_r1_2_p1_rd_2_fu_1145           |    0    |    0    |    0    |    15   |
|          |                      i_2_fu_1188                     |    0    |    0    |    0    |    15   |
|          |                      j_1_fu_1220                     |    0    |    0    |    0    |    15   |
|  select  |                      j_2_fu_1228                     |    0    |    0    |    0    |    15   |
|          |                      t_4_fu_1251                     |    0    |    0    |    0    |   245   |
|          |           S3D_7PT_buf_r0_1_p1_rd_2_fu_1288           |    0    |    0    |    0    |    15   |
|          |                 select_ln238_fu_1619                 |    0    |    0    |    0    |    15   |
|          |                 select_ln240_fu_1633                 |    0    |    0    |    0    |    15   |
|          |                      k_1_fu_1640                     |    0    |    0    |    0    |    15   |
|          |                      t_1_fu_1659                     |    0    |    0    |    0    |   245   |
|          |             S3D_7PT_buf_p0_1_wr_2_fu_1687            |    0    |    0    |    0    |    15   |
|          |             S3D_7PT_buf_p0_1_rd_2_fu_1881            |    0    |    0    |    0    |    15   |
|          |                       t_fu_2161                      |    0    |    0    |    0    |   245   |
|----------|------------------------------------------------------|---------|---------|---------|---------|
|          |                   icmp_ln194_fu_740                  |    0    |    0    |    0    |    16   |
|          |               S3D_7PT_read_cond_fu_746               |    0    |    0    |    0    |    16   |
|          |                   icmp_ln304_fu_770                  |    0    |    0    |    0    |    8    |
|          |                    addr_cmp_fu_810                   |    0    |    0    |    0    |    32   |
|          |                   icmp_ln303_fu_825                  |    0    |    0    |    0    |    8    |
|          |                   icmp_ln292_fu_955                  |    0    |    0    |    0    |    8    |
|          |                  addr_cmp162_fu_1076                 |    0    |    0    |    0    |    32   |
|          |                  icmp_ln280_fu_1099                  |    0    |    0    |    0    |    8    |
|          |                  icmp_ln291_fu_1128                  |    0    |    0    |    0    |    8    |
|          |               cond_x_terminate_fu_1172               |    0    |    0    |    0    |    8    |
|          |               cond_y_terminate_fu_1177               |    0    |    0    |    0    |    8    |
|          |                  addr_cmp168_fu_1246                 |    0    |    0    |    0    |    32   |
|          |                  icmp_ln279_fu_1271                  |    0    |    0    |    0    |    8    |
|          |                    cmp387_fu_1406                    |    0    |    0    |    0    |    8    |
|          |                    slt144_fu_1411                    |    0    |    0    |    0    |    8    |
|          |                  icmp_ln394_fu_1420                  |    0    |    0    |    0    |    8    |
|          |                  icmp_ln395_fu_1425                  |    0    |    0    |    0    |    8    |
|          |                 icmp_ln394_1_fu_1440                 |    0    |    0    |    0    |    8    |
|          |                 icmp_ln395_1_fu_1445                 |    0    |    0    |    0    |    8    |
|          |                 icmp_ln394_2_fu_1460                 |    0    |    0    |    0    |    8    |
|          |                 icmp_ln395_2_fu_1465                 |    0    |    0    |    0    |    8    |
|   icmp   |                 icmp_ln394_3_fu_1480                 |    0    |    0    |    0    |    8    |
|          |                 icmp_ln395_3_fu_1485                 |    0    |    0    |    0    |    8    |
|          |                 icmp_ln394_4_fu_1500                 |    0    |    0    |    0    |    8    |
|          |                 icmp_ln395_4_fu_1505                 |    0    |    0    |    0    |    8    |
|          |                 icmp_ln394_5_fu_1520                 |    0    |    0    |    0    |    8    |
|          |                 icmp_ln395_5_fu_1525                 |    0    |    0    |    0    |    8    |
|          |                 icmp_ln394_6_fu_1540                 |    0    |    0    |    0    |    8    |
|          |                 icmp_ln395_6_fu_1545                 |    0    |    0    |    0    |    8    |
|          |                 icmp_ln394_7_fu_1560                 |    0    |    0    |    0    |    8    |
|          |                 icmp_ln395_7_fu_1565                 |    0    |    0    |    0    |    8    |
|          |                  icmp_ln238_fu_1598                  |    0    |    0    |    0    |    8    |
|          |                  icmp_ln268_fu_1670                  |    0    |    0    |    0    |    8    |
|          |                    cmp399_fu_1773                    |    0    |    0    |    0    |    8    |
|          |                  icmp_ln399_fu_1778                  |    0    |    0    |    0    |    8    |
|          |                 icmp_ln399_1_fu_1783                 |    0    |    0    |    0    |    8    |
|          |                 icmp_ln399_2_fu_1788                 |    0    |    0    |    0    |    8    |
|          |                 icmp_ln399_3_fu_1793                 |    0    |    0    |    0    |    8    |
|          |                 icmp_ln399_4_fu_1798                 |    0    |    0    |    0    |    8    |
|          |                 icmp_ln399_5_fu_1803                 |    0    |    0    |    0    |    8    |
|          |                 icmp_ln399_6_fu_1808                 |    0    |    0    |    0    |    8    |
|          |                 icmp_ln399_7_fu_1813                 |    0    |    0    |    0    |    8    |
|          |                  addr_cmp174_fu_1845                 |    0    |    0    |    0    |    32   |
|          |                  icmp_ln267_fu_1864                  |    0    |    0    |    0    |    8    |
|----------|------------------------------------------------------|---------|---------|---------|---------|
|          |                      itr_fu_734                      |    0    |    0    |    0    |    32   |
|          |             S3D_7PT_buf_p1_2_wr_1_fu_781             |    0    |    0    |    0    |    16   |
|          |             S3D_7PT_buf_p1_2_rd_1_fu_836             |    0    |    0    |    0    |    16   |
|          |            S3D_7PT_buf_r1_2_p1_wr_1_fu_966           |    0    |    0    |    0    |    16   |
|          |           S3D_7PT_buf_r0_1_p1_wr_1_fu_1110           |    0    |    0    |    0    |    16   |
|    add   |           S3D_7PT_buf_r1_2_p1_rd_1_fu_1139           |    0    |    0    |    0    |    16   |
|          |                      i_1_fu_1182                     |    0    |    0    |    0    |    16   |
|          |                   add_ln237_fu_1214                  |    0    |    0    |    0    |    16   |
|          |           S3D_7PT_buf_r0_1_p1_rd_1_fu_1282           |    0    |    0    |    0    |    16   |
|          |                   add_ln241_fu_1627                  |    0    |    0    |    0    |    16   |
|          |             S3D_7PT_buf_p0_1_wr_1_fu_1681            |    0    |    0    |    0    |    16   |
|          |             S3D_7PT_buf_p0_1_rd_1_fu_1875            |    0    |    0    |    0    |    16   |
|----------|------------------------------------------------------|---------|---------|---------|---------|
|          |                   or_ln234_fu_1208                   |    0    |    0    |    0    |    2    |
|          |                    index_1_fu_1430                   |    0    |    0    |    0    |    0    |
|          |                    index_2_fu_1450                   |    0    |    0    |    0    |    0    |
|          |                    index_3_fu_1470                   |    0    |    0    |    0    |    0    |
|          |                    index_4_fu_1490                   |    0    |    0    |    0    |    0    |
|          |                    index_5_fu_1510                   |    0    |    0    |    0    |    0    |
|          |                    index_6_fu_1530                   |    0    |    0    |    0    |    0    |
|          |                    index_7_fu_1550                   |    0    |    0    |    0    |    0    |
|          |                   or_ln238_fu_1603                   |    0    |    0    |    0    |    2    |
|          |                  or_ln238_1_fu_1614                  |    0    |    0    |    0    |    2    |
|          |                   or_ln396_fu_1910                   |    0    |    0    |    0    |    2    |
|          |                  or_ln396_1_fu_1915                  |    0    |    0    |    0    |    2    |
|          |                  or_ln396_2_fu_1920                  |    0    |    0    |    0    |    2    |
|          |                   neg_cond_fu_1926                   |    0    |    0    |    0    |    2    |
|          |                  or_ln396_4_fu_1942                  |    0    |    0    |    0    |    2    |
|          |                  or_ln396_5_fu_1947                  |    0    |    0    |    0    |    2    |
|          |                  or_ln396_6_fu_1953                  |    0    |    0    |    0    |    2    |
|          |                  neg_cond_1_fu_1958                  |    0    |    0    |    0    |    2    |
|          |                  or_ln396_8_fu_1974                  |    0    |    0    |    0    |    2    |
|          |                  or_ln396_9_fu_1979                  |    0    |    0    |    0    |    2    |
|    or    |                  or_ln396_10_fu_1985                 |    0    |    0    |    0    |    2    |
|          |                  neg_cond_2_fu_1990                  |    0    |    0    |    0    |    2    |
|          |                  or_ln396_12_fu_2006                 |    0    |    0    |    0    |    2    |
|          |                  or_ln396_13_fu_2011                 |    0    |    0    |    0    |    2    |
|          |                  or_ln396_14_fu_2017                 |    0    |    0    |    0    |    2    |
|          |                  neg_cond_3_fu_2022                  |    0    |    0    |    0    |    2    |
|          |                  or_ln396_16_fu_2038                 |    0    |    0    |    0    |    2    |
|          |                  or_ln396_17_fu_2043                 |    0    |    0    |    0    |    2    |
|          |                  or_ln396_18_fu_2049                 |    0    |    0    |    0    |    2    |
|          |                  neg_cond_4_fu_2054                  |    0    |    0    |    0    |    2    |
|          |                  or_ln396_20_fu_2070                 |    0    |    0    |    0    |    2    |
|          |                  or_ln396_21_fu_2075                 |    0    |    0    |    0    |    2    |
|          |                  or_ln396_22_fu_2081                 |    0    |    0    |    0    |    2    |
|          |                  neg_cond_5_fu_2086                  |    0    |    0    |    0    |    2    |
|          |                  or_ln396_24_fu_2102                 |    0    |    0    |    0    |    2    |
|          |                  or_ln396_25_fu_2107                 |    0    |    0    |    0    |    2    |
|          |                  or_ln396_26_fu_2113                 |    0    |    0    |    0    |    2    |
|          |                  neg_cond_6_fu_2118                  |    0    |    0    |    0    |    2    |
|          |                  or_ln396_28_fu_2134                 |    0    |    0    |    0    |    2    |
|          |                  or_ln396_29_fu_2139                 |    0    |    0    |    0    |    2    |
|          |                  or_ln396_30_fu_2145                 |    0    |    0    |    0    |    2    |
|          |                  neg_cond_7_fu_2150                  |    0    |    0    |    0    |    2    |
|----------|------------------------------------------------------|---------|---------|---------|---------|
|          |   cond_end_of_line_buff_S3D_7PT_buf_p1_2_wr_fu_775   |    0    |    0    |    0    |    2    |
|          |   cond_end_of_line_buff_S3D_7PT_buf_p1_2_rd_fu_830   |    0    |    0    |    0    |    2    |
|          |  cond_end_of_line_buff_S3D_7PT_buf_r1_2_p1_wr_fu_960 |    0    |    0    |    0    |    2    |
|          | cond_end_of_line_buff_S3D_7PT_buf_r0_1_p1_wr_fu_1104 |    0    |    0    |    0    |    2    |
|          | cond_end_of_line_buff_S3D_7PT_buf_r1_2_p1_rd_fu_1133 |    0    |    0    |    0    |    2    |
|          |                   xor_ln234_fu_1196                  |    0    |    0    |    0    |    2    |
|          |                  xor_ln234_1_fu_1202                 |    0    |    0    |    0    |    2    |
|          | cond_end_of_line_buff_S3D_7PT_buf_r0_1_p1_rd_fu_1276 |    0    |    0    |    0    |    2    |
|          |                   xor_ln238_fu_1608                  |    0    |    0    |    0    |    2    |
|          |   cond_end_of_line_buff_S3D_7PT_buf_p0_1_wr_fu_1675  |    0    |    0    |    0    |    2    |
|          |   cond_end_of_line_buff_S3D_7PT_buf_p0_1_rd_fu_1869  |    0    |    0    |    0    |    2    |
|          |                    rev145_fu_1895                    |    0    |    0    |    0    |    2    |
|          |                   xor_ln395_fu_1900                  |    0    |    0    |    0    |    2    |
|    xor   |                   xor_ln399_fu_1905                  |    0    |    0    |    0    |    2    |
|          |                  xor_ln395_1_fu_1932                 |    0    |    0    |    0    |    2    |
|          |                  xor_ln399_1_fu_1937                 |    0    |    0    |    0    |    2    |
|          |                  xor_ln395_2_fu_1964                 |    0    |    0    |    0    |    2    |
|          |                  xor_ln399_2_fu_1969                 |    0    |    0    |    0    |    2    |
|          |                  xor_ln395_3_fu_1996                 |    0    |    0    |    0    |    2    |
|          |                  xor_ln399_3_fu_2001                 |    0    |    0    |    0    |    2    |
|          |                  xor_ln395_4_fu_2028                 |    0    |    0    |    0    |    2    |
|          |                  xor_ln399_4_fu_2033                 |    0    |    0    |    0    |    2    |
|          |                  xor_ln395_5_fu_2060                 |    0    |    0    |    0    |    2    |
|          |                  xor_ln399_5_fu_2065                 |    0    |    0    |    0    |    2    |
|          |                  xor_ln395_6_fu_2092                 |    0    |    0    |    0    |    2    |
|          |                  xor_ln399_6_fu_2097                 |    0    |    0    |    0    |    2    |
|          |                  xor_ln395_7_fu_2124                 |    0    |    0    |    0    |    2    |
|          |                  xor_ln399_7_fu_2129                 |    0    |    0    |    0    |    2    |
|----------|------------------------------------------------------|---------|---------|---------|---------|
|          |         S3D_7PT_read_ub_itr_read_read_fu_234         |    0    |    0    |    0    |    0    |
|          |              cond_z_val_read_read_fu_240             |    0    |    0    |    0    |    0    |
|          |              cond_y_val_read_read_fu_246             |    0    |    0    |    0    |    0    |
|          |              cond_x_val_read_read_fu_252             |    0    |    0    |    0    |    0    |
|          |                 p_read_1_read_fu_258                 |    0    |    0    |    0    |    0    |
|          |                 p_read_2_read_fu_264                 |    0    |    0    |    0    |    0    |
|          |                 p_read_3_read_fu_270                 |    0    |    0    |    0    |    0    |
|   read   |              add_ln190_read_read_fu_276              |    0    |    0    |    0    |    0    |
|          |              plane_diff_read_read_fu_282             |    0    |    0    |    0    |    0    |
|          |              zext_ln194_read_read_fu_288             |    0    |    0    |    0    |    0    |
|          |                 p_read_4_read_fu_294                 |    0    |    0    |    0    |    0    |
|          |                 p_read_5_read_fu_300                 |    0    |    0    |    0    |    0    |
|          |              iter_limit_read_read_fu_306             |    0    |    0    |    0    |    0    |
|          |                 p_read11_read_fu_312                 |    0    |    0    |    0    |    0    |
|          |             arg0_read_val_V_1_read_fu_318            |    0    |    0    |    0    |    0    |
|----------|------------------------------------------------------|---------|---------|---------|---------|
|   write  |               write_ln174_write_fu_324               |    0    |    0    |    0    |    0    |
|----------|------------------------------------------------------|---------|---------|---------|---------|
|          |               p_read5_cast_cast_fu_602               |    0    |    0    |    0    |    0    |
|          |               p_read7_cast_cast_fu_606               |    0    |    0    |    0    |    0    |
|          |               p_read4_cast_cast_fu_610               |    0    |    0    |    0    |    0    |
|          |                zext_ln194_cast_fu_614                |    0    |    0    |    0    |    0    |
|          |               p_read6_cast_cast_fu_618               |    0    |    0    |    0    |    0    |
|          |               p_read3_cast_cast_fu_622               |    0    |    0    |    0    |    0    |
|          |                   zext_ln262_fu_765                  |    0    |    0    |    0    |    0    |
|          |                   zext_ln265_fu_815                  |    0    |    0    |    0    |    0    |
|   zext   |                   zext_ln260_fu_932                  |    0    |    0    |    0    |    0    |
|          |                   zext_ln292_fu_951                  |    0    |    0    |    0    |    0    |
|          |                  zext_ln256_fu_1065                  |    0    |    0    |    0    |    0    |
|          |                  zext_ln263_fu_1081                  |    0    |    0    |    0    |    0    |
|          |                  zext_ln280_fu_1095                  |    0    |    0    |    0    |    0    |
|          |                  zext_ln291_fu_1124                  |    0    |    0    |    0    |    0    |
|          |                  zext_ln261_fu_1257                  |    0    |    0    |    0    |    0    |
|          |                  zext_ln279_fu_1267                  |    0    |    0    |    0    |    0    |
|          |                  zext_ln255_fu_1651                  |    0    |    0    |    0    |    0    |
|          |                  zext_ln257_fu_1850                  |    0    |    0    |    0    |    0    |
|----------|------------------------------------------------------|---------|---------|---------|---------|
|          |             arg0_tmpConverter_1_2_fu_850             |    0    |    0    |    0    |    0    |
|          |             arg0_tmpConverter_2_1_fu_980             |    0    |    0    |    0    |    0    |
|   trunc  |             arg0_tmpConverter_1_1_fu_1296            |    0    |    0    |    0    |    0    |
|          |           arg0_tmpConverter_2_1_1_0_fu_1392          |    0    |    0    |    0    |    0    |
|          |             arg0_tmpConverter_0_1_fu_1695            |    0    |    0    |    0    |    0    |
|          |             arg0_tmpConverter_1_0_fu_2167            |    0    |    0    |    0    |    0    |
|----------|------------------------------------------------------|---------|---------|---------|---------|
|          |            arg0_tmpConverter_1_2_1_fu_854            |    0    |    0    |    0    |    0    |
|          |            arg0_tmpConverter_1_2_2_fu_864            |    0    |    0    |    0    |    0    |
|          |            arg0_tmpConverter_1_2_3_fu_874            |    0    |    0    |    0    |    0    |
|          |            arg0_tmpConverter_1_2_4_fu_884            |    0    |    0    |    0    |    0    |
|          |            arg0_tmpConverter_1_2_5_fu_894            |    0    |    0    |    0    |    0    |
|          |            arg0_tmpConverter_1_2_6_fu_904            |    0    |    0    |    0    |    0    |
|          |            arg0_tmpConverter_1_2_7_fu_914            |    0    |    0    |    0    |    0    |
|          |            arg0_tmpConverter_2_1_1_fu_984            |    0    |    0    |    0    |    0    |
|          |            arg0_tmpConverter_2_1_2_fu_994            |    0    |    0    |    0    |    0    |
|          |            arg0_tmpConverter_2_1_3_fu_1004           |    0    |    0    |    0    |    0    |
|          |            arg0_tmpConverter_2_1_4_fu_1014           |    0    |    0    |    0    |    0    |
|          |            arg0_tmpConverter_2_1_5_fu_1024           |    0    |    0    |    0    |    0    |
|          |            arg0_tmpConverter_2_1_6_fu_1034           |    0    |    0    |    0    |    0    |
|          |            arg0_tmpConverter_2_1_7_fu_1044           |    0    |    0    |    0    |    0    |
|          |            arg0_tmpConverter_1_1_1_fu_1304           |    0    |    0    |    0    |    0    |
|          |            arg0_tmpConverter_1_1_2_fu_1318           |    0    |    0    |    0    |    0    |
|          |            arg0_tmpConverter_1_1_3_fu_1328           |    0    |    0    |    0    |    0    |
|partselect|            arg0_tmpConverter_1_1_4_fu_1338           |    0    |    0    |    0    |    0    |
|          |             arg1_tmpConvWrite_14_fu_1352             |    0    |    0    |    0    |    0    |
|          |             arg1_tmpConvWrite_15_fu_1362             |    0    |    0    |    0    |    0    |
|          |             arg1_tmpConvWrite_16_fu_1372             |    0    |    0    |    0    |    0    |
|          |           arg0_tmpConverter_0_1_1_7_fu_1382          |    0    |    0    |    0    |    0    |
|          |            arg0_tmpConverter_0_1_1_fu_1699           |    0    |    0    |    0    |    0    |
|          |            arg0_tmpConverter_0_1_2_fu_1709           |    0    |    0    |    0    |    0    |
|          |            arg0_tmpConverter_0_1_3_fu_1719           |    0    |    0    |    0    |    0    |
|          |            arg0_tmpConverter_0_1_4_fu_1729           |    0    |    0    |    0    |    0    |
|          |            arg0_tmpConverter_0_1_5_fu_1739           |    0    |    0    |    0    |    0    |
|          |            arg0_tmpConverter_0_1_6_fu_1749           |    0    |    0    |    0    |    0    |
|          |            arg0_tmpConverter_0_1_7_fu_1759           |    0    |    0    |    0    |    0    |
|          |            arg0_tmpConverter_1_0_1_fu_2175           |    0    |    0    |    0    |    0    |
|          |            arg0_tmpConverter_1_0_2_fu_2185           |    0    |    0    |    0    |    0    |
|          |            arg0_tmpConverter_1_0_3_fu_2195           |    0    |    0    |    0    |    0    |
|          |            arg0_tmpConverter_1_0_4_fu_2205           |    0    |    0    |    0    |    0    |
|          |            arg0_tmpConverter_1_0_5_fu_2215           |    0    |    0    |    0    |    0    |
|          |            arg0_tmpConverter_1_0_6_fu_2225           |    0    |    0    |    0    |    0    |
|          |            arg0_tmpConverter_1_0_7_fu_2235           |    0    |    0    |    0    |    0    |
|----------|------------------------------------------------------|---------|---------|---------|---------|
|    shl   |                     index_fu_1396                    |    0    |    0    |    0    |    0    |
|----------|------------------------------------------------------|---------|---------|---------|---------|
|          |                   j_2_cast_fu_1402                   |    0    |    0    |    0    |    0    |
|          |                  sext_ln394_fu_1416                  |    0    |    0    |    0    |    0    |
|          |                 sext_ln394_1_fu_1436                 |    0    |    0    |    0    |    0    |
|          |                 sext_ln394_2_fu_1456                 |    0    |    0    |    0    |    0    |
|   sext   |                 sext_ln394_3_fu_1476                 |    0    |    0    |    0    |    0    |
|          |                 sext_ln394_4_fu_1496                 |    0    |    0    |    0    |    0    |
|          |                 sext_ln394_5_fu_1516                 |    0    |    0    |    0    |    0    |
|          |                 sext_ln394_6_fu_1536                 |    0    |    0    |    0    |    0    |
|          |                 sext_ln394_7_fu_1556                 |    0    |    0    |    0    |    0    |
|          |                   k_1_cast_fu_1769                   |    0    |    0    |    0    |    0    |
|----------|------------------------------------------------------|---------|---------|---------|---------|
| bitselect|                      tmp_fu_1818                     |    0    |    0    |    0    |    0    |
|----------|------------------------------------------------------|---------|---------|---------|---------|
|bitconcatenate|               arg1_update_val_V_fu_2429              |    0    |    0    |    0    |    0    |
|----------|------------------------------------------------------|---------|---------|---------|---------|
|   Total  |                                                      |    72   |  22.464 |   3904  |   3556  |
|----------|------------------------------------------------------|---------|---------|---------|---------|

Memories:
N/A

* Register list:
+----------------------------------+--------+
|                                  |   FF   |
+----------------------------------+--------+
|   S3D_7PT_buf_p0_1_rd_reg_2541   |   16   |
|   S3D_7PT_buf_p0_1_wr_reg_2534   |   16   |
|   S3D_7PT_buf_p1_2_rd_reg_2548   |   16   |
|   S3D_7PT_buf_p1_2_wr_reg_2576   |   16   |
|  S3D_7PT_buf_r0_1_p1_rd_reg_2527 |   16   |
|  S3D_7PT_buf_r0_1_p1_wr_reg_2520 |   16   |
|  S3D_7PT_buf_r1_2_p1_rd_reg_2513 |   16   |
|  S3D_7PT_buf_r1_2_p1_wr_reg_2506 |   16   |
|    S3D_7PT_read_cond_reg_2695    |    1   |
|      add_ln190_read_reg_2624     |   17   |
|       addr_cmp162_reg_2830       |    1   |
|       addr_cmp168_reg_2855       |    1   |
|       addr_cmp174_reg_3130       |    1   |
|         addr_cmp_reg_2714        |    1   |
|   arg0_buf_p0_1_V_addr_reg_3018  |   14   |
|   arg0_buf_p1_2_V_addr_reg_2704  |   14   |
| arg0_buf_r0_1_p1_V_addr_reg_2820 |    6   |
| arg0_buf_r1_2_p1_V_addr_reg_2764 |    6   |
|    arg0_read_val_V_2_reg_2709    |   256  |
|     arg0_read_val_V_reg_2596     |   256  |
|    arg0_rowArr_0_1_1_reg_3243    |   32   |
|    arg0_rowArr_0_1_2_reg_3263    |   32   |
|    arg0_rowArr_0_1_3_reg_3283    |   32   |
|    arg0_rowArr_0_1_4_reg_3303    |   32   |
|    arg0_rowArr_0_1_5_reg_3323    |   32   |
|    arg0_rowArr_0_1_6_reg_3350    |   32   |
|    arg0_rowArr_0_1_7_reg_3377    |   32   |
|     arg0_rowArr_0_1_reg_3223     |   32   |
|    arg0_rowArr_1_0_1_reg_3238    |   32   |
|    arg0_rowArr_1_0_2_reg_3258    |   32   |
|    arg0_rowArr_1_0_3_reg_3278    |   32   |
|    arg0_rowArr_1_0_4_reg_3298    |   32   |
|    arg0_rowArr_1_0_5_reg_3318    |   32   |
|    arg0_rowArr_1_0_6_reg_3345    |   32   |
|    arg0_rowArr_1_0_7_reg_3372    |   32   |
|     arg0_rowArr_1_0_reg_3183     |   32   |
|    arg0_rowArr_1_1_1_reg_2867    |   32   |
|    arg0_rowArr_1_1_2_reg_3135    |   32   |
|    arg0_rowArr_1_1_3_reg_3143    |   32   |
|    arg0_rowArr_1_1_4_reg_2885    |   32   |
|    arg0_rowArr_1_1_5_reg_3328    |   32   |
|    arg0_rowArr_1_1_6_reg_3355    |   32   |
|    arg0_rowArr_1_1_7_reg_3382    |   32   |
|    arg0_rowArr_1_1_8_reg_3398    |   32   |
|    arg0_rowArr_1_1_9_reg_3403    |   32   |
|     arg0_rowArr_1_1_reg_2860     |   32   |
|    arg0_rowArr_1_2_1_reg_3253    |   32   |
|    arg0_rowArr_1_2_2_reg_3273    |   32   |
|    arg0_rowArr_1_2_3_reg_3293    |   32   |
|    arg0_rowArr_1_2_4_reg_3313    |   32   |
|    arg0_rowArr_1_2_5_reg_3340    |   32   |
|    arg0_rowArr_1_2_6_reg_3367    |   32   |
|    arg0_rowArr_1_2_7_reg_3393    |   32   |
|     arg0_rowArr_1_2_reg_3233     |   32   |
|    arg0_rowArr_2_1_1_reg_3248    |   32   |
|    arg0_rowArr_2_1_2_reg_3268    |   32   |
|    arg0_rowArr_2_1_3_reg_3288    |   32   |
|    arg0_rowArr_2_1_4_reg_3308    |   32   |
|    arg0_rowArr_2_1_5_reg_3335    |   32   |
|    arg0_rowArr_2_1_6_reg_3362    |   32   |
|    arg0_rowArr_2_1_7_reg_3388    |   32   |
|     arg0_rowArr_2_1_reg_3228     |   32   |
|arg0_tmpConverter_0_1_1_7_reg_2914|   32   |
| arg0_tmpConverter_0_1_1_reg_3034 |   32   |
| arg0_tmpConverter_0_1_2_reg_3039 |   32   |
| arg0_tmpConverter_0_1_3_reg_3044 |   32   |
| arg0_tmpConverter_0_1_4_reg_3049 |   32   |
| arg0_tmpConverter_0_1_5_reg_3054 |   32   |
| arg0_tmpConverter_0_1_6_reg_3059 |   32   |
| arg0_tmpConverter_0_1_7_reg_3064 |   32   |
|  arg0_tmpConverter_0_1_reg_3029  |   32   |
| arg0_tmpConverter_1_0_1_reg_3188 |   32   |
| arg0_tmpConverter_1_0_2_reg_3193 |   32   |
| arg0_tmpConverter_1_0_3_reg_3198 |   32   |
| arg0_tmpConverter_1_0_4_reg_3203 |   32   |
| arg0_tmpConverter_1_0_5_reg_3208 |   32   |
| arg0_tmpConverter_1_0_6_reg_3213 |   32   |
| arg0_tmpConverter_1_0_7_reg_3218 |   32   |
| arg0_tmpConverter_1_1_2_reg_2875 |   32   |
| arg0_tmpConverter_1_1_3_reg_2880 |   32   |
| arg0_tmpConverter_1_2_1_reg_2724 |   32   |
| arg0_tmpConverter_1_2_2_reg_2729 |   32   |
| arg0_tmpConverter_1_2_3_reg_2734 |   32   |
| arg0_tmpConverter_1_2_4_reg_2739 |   32   |
| arg0_tmpConverter_1_2_5_reg_2744 |   32   |
| arg0_tmpConverter_1_2_6_reg_2749 |   32   |
| arg0_tmpConverter_1_2_7_reg_2754 |   32   |
|  arg0_tmpConverter_1_2_reg_2719  |   32   |
|arg0_tmpConverter_2_1_1_0_reg_2919|   32   |
| arg0_tmpConverter_2_1_1_reg_2780 |   32   |
| arg0_tmpConverter_2_1_2_reg_2785 |   32   |
| arg0_tmpConverter_2_1_3_reg_2790 |   32   |
| arg0_tmpConverter_2_1_4_reg_2795 |   32   |
| arg0_tmpConverter_2_1_5_reg_2800 |   32   |
| arg0_tmpConverter_2_1_6_reg_2805 |   32   |
| arg0_tmpConverter_2_1_7_reg_2810 |   32   |
|  arg0_tmpConverter_2_1_reg_2775  |   32   |
|  arg1_tmpConvWrite4_0_in_reg_431 |   32   |
|  arg1_tmpConvWrite4_1_in_reg_440 |   32   |
|  arg1_tmpConvWrite4_2_in_reg_449 |   32   |
|  arg1_tmpConvWrite4_3_in_reg_458 |   32   |
|  arg1_tmpConvWrite4_4_in_reg_467 |   32   |
|   arg1_tmpConvWrite_10_reg_487   |   32   |
|   arg1_tmpConvWrite_13_reg_498   |   32   |
|   arg1_tmpConvWrite_14_reg_2893  |   32   |
|   arg1_tmpConvWrite_15_reg_2900  |   32   |
|   arg1_tmpConvWrite_16_reg_2907  |   32   |
|    arg1_tmpConvWrite_7_reg_476   |   32   |
|          cmp387_reg_2924         |    1   |
|          cmp399_reg_3069         |    1   |
|     cond_x_val_read_reg_2619     |   16   |
|     cond_y_terminate_reg_2835    |    1   |
|     cond_y_val_read_reg_2614     |   16   |
|     cond_z_val_read_reg_2609     |   16   |
|            i_reg_2569            |   16   |
|        icmp_ln194_reg_2691       |    1   |
|       icmp_ln394_1_reg_2950      |    1   |
|       icmp_ln394_2_reg_2959      |    1   |
|       icmp_ln394_3_reg_2968      |    1   |
|       icmp_ln394_4_reg_2977      |    1   |
|       icmp_ln394_5_reg_2986      |    1   |
|       icmp_ln394_6_reg_2995      |    1   |
|       icmp_ln394_7_reg_3004      |    1   |
|        icmp_ln394_reg_2941       |    1   |
|       icmp_ln395_1_reg_2954      |    1   |
|       icmp_ln395_2_reg_2963      |    1   |
|       icmp_ln395_3_reg_2972      |    1   |
|       icmp_ln395_4_reg_2981      |    1   |
|       icmp_ln395_5_reg_2990      |    1   |
|       icmp_ln395_6_reg_2999      |    1   |
|       icmp_ln395_7_reg_3008      |    1   |
|        icmp_ln395_reg_2945       |    1   |
|       icmp_ln399_1_reg_3086      |    1   |
|       icmp_ln399_2_reg_3091      |    1   |
|       icmp_ln399_3_reg_3096      |    1   |
|       icmp_ln399_4_reg_3101      |    1   |
|       icmp_ln399_5_reg_3106      |    1   |
|       icmp_ln399_6_reg_3111      |    1   |
|       icmp_ln399_7_reg_3116      |    1   |
|        icmp_ln399_reg_3081       |    1   |
|            j_reg_2562            |   16   |
|            k_reg_2555            |   16   |
|        neg_cond_1_reg_3155       |    1   |
|        neg_cond_2_reg_3159       |    1   |
|        neg_cond_3_reg_3163       |    1   |
|        neg_cond_4_reg_3167       |    1   |
|        neg_cond_5_reg_3171       |    1   |
|        neg_cond_6_reg_3175       |    1   |
|        neg_cond_7_reg_3179       |    1   |
|         neg_cond_reg_3151        |    1   |
|         or_ln234_reg_2845        |    1   |
|         p_Val2_1_reg_2603        |   256  |
|       p_Val2_load_reg_2850       |   256  |
|         p_Val2_s_reg_2590        |   256  |
|    p_read3_cast_cast_reg_2679    |   17   |
|    p_read4_cast_cast_reg_2650    |   17   |
|    p_read5_cast_cast_reg_2640    |   17   |
|    p_read6_cast_cast_reg_2667    |   17   |
|    p_read7_cast_cast_reg_2645    |   17   |
|     plane_diff_read_reg_2632     |   16   |
|         reg_itr_reg_2583         |   32   |
|    reuse_addr_reg159_reg_2478    |   64   |
|    reuse_addr_reg165_reg_2464    |   64   |
|    reuse_addr_reg171_reg_2450    |   64   |
|      reuse_addr_reg_reg_2492     |   64   |
|    reuse_reg158_load_reg_2825    |   256  |
|       reuse_reg158_reg_2485      |   256  |
|       reuse_reg164_reg_2471      |   256  |
|    reuse_reg170_load_reg_3125    |   256  |
|       reuse_reg170_reg_2457      |   256  |
|        reuse_reg_reg_2499        |   256  |
|          slt144_reg_2936         |    1   |
|           t_1_reg_3023           |   256  |
|           t_3_reg_2769           |   256  |
|           tmp_reg_3121           |    1   |
|        xor_ln234_reg_2840        |    1   |
|     zext_ln194_cast_reg_2655     |   17   |
|        zext_ln255_reg_3013       |   64   |
|        zext_ln256_reg_2815       |   64   |
|        zext_ln260_reg_2759       |   64   |
|        zext_ln262_reg_2699       |   64   |
+----------------------------------+--------+
|               Total              |  7132  |
+----------------------------------+--------+

* Multiplexer (MUX) list: 
|---------------------------------------------|------|------|------|--------||---------||---------|
|                     Comp                    |  Pin | Size |  BW  | S x BW ||  Delay  ||   LUT   |
|---------------------------------------------|------|------|------|--------||---------||---------|
|              grp_access_fu_338              |  p0  |   2  |  14  |   28   ||    12   |
|              grp_access_fu_363              |  p0  |   2  |   6  |   12   ||    5    |
|              grp_access_fu_376              |  p0  |   2  |   6  |   12   ||    5    |
|              grp_access_fu_413              |  p0  |   2  |  14  |   28   ||    12   |
| grp_kernel_jac3D_kernel_stencil_core_fu_509 |  p2  |   2  |  32  |   64   ||    32   |
| grp_kernel_jac3D_kernel_stencil_core_fu_509 |  p3  |   2  |  32  |   64   ||    32   |
| grp_kernel_jac3D_kernel_stencil_core_fu_509 |  p6  |   2  |  32  |   64   ||    32   |
| grp_kernel_jac3D_kernel_stencil_core_fu_509 |  p7  |   2  |  32  |   64   ||    32   |
| grp_kernel_jac3D_kernel_stencil_core_fu_521 |  p1  |   2  |  32  |   64   ||    32   |
| grp_kernel_jac3D_kernel_stencil_core_fu_521 |  p2  |   2  |  32  |   64   ||    32   |
| grp_kernel_jac3D_kernel_stencil_core_fu_521 |  p6  |   2  |  32  |   64   ||    32   |
| grp_kernel_jac3D_kernel_stencil_core_fu_521 |  p7  |   2  |  32  |   64   ||    32   |
| grp_kernel_jac3D_kernel_stencil_core_fu_533 |  p1  |   2  |  32  |   64   ||    32   |
| grp_kernel_jac3D_kernel_stencil_core_fu_533 |  p2  |   2  |  32  |   64   ||    32   |
| grp_kernel_jac3D_kernel_stencil_core_fu_533 |  p6  |   2  |  32  |   64   ||    32   |
| grp_kernel_jac3D_kernel_stencil_core_fu_533 |  p7  |   2  |  32  |   64   ||    32   |
| grp_kernel_jac3D_kernel_stencil_core_fu_545 |  p1  |   2  |  32  |   64   ||    32   |
| grp_kernel_jac3D_kernel_stencil_core_fu_545 |  p2  |   2  |  32  |   64   ||    32   |
| grp_kernel_jac3D_kernel_stencil_core_fu_545 |  p6  |   2  |  32  |   64   ||    32   |
| grp_kernel_jac3D_kernel_stencil_core_fu_545 |  p7  |   2  |  32  |   64   ||    32   |
| grp_kernel_jac3D_kernel_stencil_core_fu_557 |  p1  |   2  |  32  |   64   ||    32   |
| grp_kernel_jac3D_kernel_stencil_core_fu_557 |  p2  |   2  |  32  |   64   ||    32   |
| grp_kernel_jac3D_kernel_stencil_core_fu_557 |  p5  |   2  |  32  |   64   ||    32   |
| grp_kernel_jac3D_kernel_stencil_core_fu_557 |  p6  |   2  |  32  |   64   ||    32   |
| grp_kernel_jac3D_kernel_stencil_core_fu_557 |  p7  |   2  |  32  |   64   ||    32   |
| grp_kernel_jac3D_kernel_stencil_core_fu_569 |  p1  |   2  |  32  |   64   ||    32   |
| grp_kernel_jac3D_kernel_stencil_core_fu_569 |  p2  |   2  |  32  |   64   ||    32   |
| grp_kernel_jac3D_kernel_stencil_core_fu_569 |  p4  |   2  |  32  |   64   ||    32   |
| grp_kernel_jac3D_kernel_stencil_core_fu_569 |  p5  |   2  |  32  |   64   ||    32   |
| grp_kernel_jac3D_kernel_stencil_core_fu_569 |  p6  |   2  |  32  |   64   ||    32   |
| grp_kernel_jac3D_kernel_stencil_core_fu_569 |  p7  |   2  |  32  |   64   ||    32   |
| grp_kernel_jac3D_kernel_stencil_core_fu_580 |  p1  |   2  |  32  |   64   ||    32   |
| grp_kernel_jac3D_kernel_stencil_core_fu_580 |  p2  |   2  |  32  |   64   ||    32   |
| grp_kernel_jac3D_kernel_stencil_core_fu_580 |  p3  |   2  |  32  |   64   ||    32   |
| grp_kernel_jac3D_kernel_stencil_core_fu_580 |  p4  |   2  |  32  |   64   ||    32   |
| grp_kernel_jac3D_kernel_stencil_core_fu_580 |  p5  |   2  |  32  |   64   ||    32   |
| grp_kernel_jac3D_kernel_stencil_core_fu_580 |  p6  |   2  |  32  |   64   ||    32   |
| grp_kernel_jac3D_kernel_stencil_core_fu_580 |  p7  |   2  |  32  |   64   ||    32   |
| grp_kernel_jac3D_kernel_stencil_core_fu_591 |  p1  |   2  |  32  |   64   ||    32   |
| grp_kernel_jac3D_kernel_stencil_core_fu_591 |  p2  |   2  |  32  |   64   ||    32   |
| grp_kernel_jac3D_kernel_stencil_core_fu_591 |  p3  |   2  |  32  |   64   ||    32   |
| grp_kernel_jac3D_kernel_stencil_core_fu_591 |  p4  |   2  |  32  |   64   ||    32   |
| grp_kernel_jac3D_kernel_stencil_core_fu_591 |  p5  |   2  |  32  |   64   ||    32   |
| grp_kernel_jac3D_kernel_stencil_core_fu_591 |  p6  |   2  |  32  |   64   ||    32   |
| grp_kernel_jac3D_kernel_stencil_core_fu_591 |  p7  |   2  |  32  |   64   ||    32   |
|---------------------------------------------|------|------|------|--------||---------||---------|
|                    Total                    |      |      |      |  2704  ||  20.914 ||   1346  |
|---------------------------------------------|------|------|------|--------||---------||---------|



* Summary:
+-----------+--------+--------+--------+--------+
|           |   DSP  |  Delay |   FF   |   LUT  |
+-----------+--------+--------+--------+--------+
|  Function |   72   |   22   |  3904  |  3556  |
|   Memory  |    -   |    -   |    -   |    -   |
|Multiplexer|    -   |   20   |    -   |  1346  |
|  Register |    -   |    -   |  7132  |    -   |
+-----------+--------+--------+--------+--------+
|   Total   |   72   |   43   |  11036 |  4902  |
+-----------+--------+--------+--------+--------+
