

================================================================
== Vitis HLS Report for 'stencilRun_Pipeline_VITIS_LOOP_194_1'
================================================================
* Date:           Sun Jul 26 01:24:15 2026

* Version:        2022.1 (Build 3526262 on Mon Apr 18 15:47:01 MDT 2022)
* Project:        kernel_outerloop_0
* Solution:       solution (Vitis Kernel Flow Target)
* Product family: versal
* Target device:  xcvc1902-vsvd1760-2MP-e-S


================================================================
== Performance Estimates
================================================================
+ Timing: 
    * Summary: 
    +--------+---------+----------+------------+
    |  Clock |  Target | Estimated| Uncertainty|
    +--------+---------+----------+------------+
    |ap_clk  |  3.33 ns|  2.301 ns|     0.90 ns|
    +--------+---------+----------+------------+

+ Latency: 
    * Summary: 
    +---------+---------+----------+----------+-----+-----+---------+
    |  Latency (cycles) |  Latency (absolute) |  Interval | Pipeline|
    |   min   |   max   |    min   |    max   | min | max |   Type  |
    +---------+---------+----------+----------+-----+-----+---------+
    |        ?|        ?|         ?|         ?|    ?|    ?|       no|
    +---------+---------+----------+----------+-----+-----+---------+

    + Detail: 
        * Instance: 
        N/A

        * Loop: 
        +--------------------+---------+---------+----------+-----------+-----------+------+----------+
        |                    |  Latency (cycles) | Iteration|  Initiation Interval  | Trip |          |
        |      Loop Name     |   min   |   max   |  Latency |  achieved |   target  | Count| Pipelined|
        +--------------------+---------+---------+----------+-----------+-----------+------+----------+
        |- VITIS_LOOP_194_1  |        ?|        ?|        20|          1|          1|     ?|       yes|
        +--------------------+---------+---------+----------+-----------+-----------+------+----------+

============================================================
+ Verbose Summary: Synthesis Manager
============================================================
InlineROM: 1
ExposeGlobal: 0
============================================================
+ Verbose Summary: CDFG Model
============================================================
IsTopModel: 0
ResetActiveHigh: 1
IsCombinational: 0
IsDatapathOnly: 0
HasWiredReturn: 1
HasMFsm: 2
HasVarLatency: 1
IsPipeline: 0
IsRtlPipelined: 0
IsInstanceOverlapped: 0
IsDontTouch: 0
HasImplIP: 0
IsGatedGlobalClock: 0

+ Individual pipeline summary: 
  * Pipeline-0: initiation interval (II) = 1, depth = 20


============================================================
+ Verbose Summary: Schedule
============================================================
* Number of FSM states : 20
* Pipeline : 1
  Pipeline-0 : II = 1, D = 20, States = { 1 2 3 4 5 6 7 8 9 10 11 12 13 14 15 16 17 18 19 20 }
* Dataflow Pipeline: 0

* FSM state transitions: 
1 --> 2 
2 --> 3 
3 --> 4 
4 --> 5 
5 --> 6 
6 --> 7 
7 --> 8 
8 --> 9 
9 --> 10 
10 --> 11 
11 --> 12 
12 --> 13 
13 --> 14 
14 --> 15 
15 --> 16 
16 --> 17 
17 --> 18 
18 --> 19 
19 --> 20 
20 --> 

* FSM state operations: 

State 1 <SV = 0> <Delay = 1.36>
ST_1 : Operation 23 [1/1] (0.00ns)   --->   "%reuse_addr_reg171 = alloca i32 1"   --->   Operation 23 'alloca' 'reuse_addr_reg171' <Predicate = true> <Delay = 0.00>
ST_1 : Operation 24 [1/1] (0.00ns)   --->   "%reuse_reg170 = alloca i32 1"   --->   Operation 24 'alloca' 'reuse_reg170' <Predicate = true> <Delay = 0.00>
ST_1 : Operation 25 [1/1] (0.00ns)   --->   "%reuse_addr_reg165 = alloca i32 1"   --->   Operation 25 'alloca' 'reuse_addr_reg165' <Predicate = true> <Delay = 0.00>
ST_1 : Operation 26 [1/1] (0.00ns)   --->   "%reuse_reg164 = alloca i32 1"   --->   Operation 26 'alloca' 'reuse_reg164' <Predicate = true> <Delay = 0.00>
ST_1 : Operation 27 [1/1] (0.00ns)   --->   "%reuse_addr_reg159 = alloca i32 1"   --->   Operation 27 'alloca' 'reuse_addr_reg159' <Predicate = true> <Delay = 0.00>
ST_1 : Operation 28 [1/1] (0.00ns)   --->   "%reuse_reg158 = alloca i32 1"   --->   Operation 28 'alloca' 'reuse_reg158' <Predicate = true> <Delay = 0.00>
ST_1 : Operation 29 [1/1] (0.00ns)   --->   "%reuse_addr_reg = alloca i32 1"   --->   Operation 29 'alloca' 'reuse_addr_reg' <Predicate = true> <Delay = 0.00>
ST_1 : Operation 30 [1/1] (0.00ns)   --->   "%reuse_reg = alloca i32 1"   --->   Operation 30 'alloca' 'reuse_reg' <Predicate = true> <Delay = 0.00>
ST_1 : Operation 31 [1/1] (0.00ns)   --->   "%S3D_7PT_buf_r1_2_p1_wr = alloca i32 1"   --->   Operation 31 'alloca' 'S3D_7PT_buf_r1_2_p1_wr' <Predicate = true> <Delay = 0.00>
ST_1 : Operation 32 [1/1] (0.00ns)   --->   "%S3D_7PT_buf_r1_2_p1_rd = alloca i32 1"   --->   Operation 32 'alloca' 'S3D_7PT_buf_r1_2_p1_rd' <Predicate = true> <Delay = 0.00>
ST_1 : Operation 33 [1/1] (0.00ns)   --->   "%S3D_7PT_buf_r0_1_p1_wr = alloca i32 1"   --->   Operation 33 'alloca' 'S3D_7PT_buf_r0_1_p1_wr' <Predicate = true> <Delay = 0.00>
ST_1 : Operation 34 [1/1] (0.00ns)   --->   "%S3D_7PT_buf_r0_1_p1_rd = alloca i32 1"   --->   Operation 34 'alloca' 'S3D_7PT_buf_r0_1_p1_rd' <Predicate = true> <Delay = 0.00>
ST_1 : Operation 35 [1/1] (0.00ns)   --->   "%S3D_7PT_buf_p0_1_wr = alloca i32 1"   --->   Operation 35 'alloca' 'S3D_7PT_buf_p0_1_wr' <Predicate = true> <Delay = 0.00>
ST_1 : Operation 36 [1/1] (0.00ns)   --->   "%S3D_7PT_buf_p0_1_rd = alloca i32 1"   --->   Operation 36 'alloca' 'S3D_7PT_buf_p0_1_rd' <Predicate = true> <Delay = 0.00>
ST_1 : Operation 37 [1/1] (0.00ns)   --->   "%S3D_7PT_buf_p1_2_rd = alloca i32 1"   --->   Operation 37 'alloca' 'S3D_7PT_buf_p1_2_rd' <Predicate = true> <Delay = 0.00>
ST_1 : Operation 38 [1/1] (0.00ns)   --->   "%k = alloca i32 1"   --->   Operation 38 'alloca' 'k' <Predicate = true> <Delay = 0.00>
ST_1 : Operation 39 [1/1] (0.00ns)   --->   "%j = alloca i32 1"   --->   Operation 39 'alloca' 'j' <Predicate = true> <Delay = 0.00>
ST_1 : Operation 40 [1/1] (0.00ns)   --->   "%i = alloca i32 1"   --->   Operation 40 'alloca' 'i' <Predicate = true> <Delay = 0.00>
ST_1 : Operation 41 [1/1] (0.00ns)   --->   "%S3D_7PT_buf_p1_2_wr = alloca i32 1"   --->   Operation 41 'alloca' 'S3D_7PT_buf_p1_2_wr' <Predicate = true> <Delay = 0.00>
ST_1 : Operation 42 [1/1] (0.00ns)   --->   "%reg_itr = alloca i32 1"   --->   Operation 42 'alloca' 'reg_itr' <Predicate = true> <Delay = 0.00>
ST_1 : Operation 43 [1/1] (0.00ns)   --->   "%p_Val2_s = alloca i32 1"   --->   Operation 43 'alloca' 'p_Val2_s' <Predicate = true> <Delay = 0.00>
ST_1 : Operation 44 [1/1] (0.00ns)   --->   "%arg0_read_val_V = alloca i32 1"   --->   Operation 44 'alloca' 'arg0_read_val_V' <Predicate = true> <Delay = 0.00>
ST_1 : Operation 45 [1/1] (0.00ns)   --->   "%p_Val2_1 = alloca i32 1"   --->   Operation 45 'alloca' 'p_Val2_1' <Predicate = true> <Delay = 0.00>
ST_1 : Operation 46 [1/1] (0.00ns)   --->   "%S3D_7PT_read_ub_itr_read = read i32 @_ssdm_op_Read.ap_auto.i32, i32 %S3D_7PT_read_ub_itr"   --->   Operation 46 'read' 'S3D_7PT_read_ub_itr_read' <Predicate = true> <Delay = 0.00>
ST_1 : Operation 47 [1/1] (0.00ns)   --->   "%cond_z_val_read = read i16 @_ssdm_op_Read.ap_auto.i16, i16 %cond_z_val"   --->   Operation 47 'read' 'cond_z_val_read' <Predicate = true> <Delay = 0.00>
ST_1 : Operation 48 [1/1] (0.00ns)   --->   "%cond_y_val_read = read i16 @_ssdm_op_Read.ap_auto.i16, i16 %cond_y_val"   --->   Operation 48 'read' 'cond_y_val_read' <Predicate = true> <Delay = 0.00>
ST_1 : Operation 49 [1/1] (0.00ns)   --->   "%cond_x_val_read = read i16 @_ssdm_op_Read.ap_auto.i16, i16 %cond_x_val"   --->   Operation 49 'read' 'cond_x_val_read' <Predicate = true> <Delay = 0.00>
ST_1 : Operation 50 [1/1] (0.00ns)   --->   "%p_read_1 = read i16 @_ssdm_op_Read.ap_auto.i16, i16 %p_read5_cast"   --->   Operation 50 'read' 'p_read_1' <Predicate = true> <Delay = 0.00>
ST_1 : Operation 51 [1/1] (0.00ns)   --->   "%p_read_2 = read i16 @_ssdm_op_Read.ap_auto.i16, i16 %p_read7_cast"   --->   Operation 51 'read' 'p_read_2' <Predicate = true> <Delay = 0.00>
ST_1 : Operation 52 [1/1] (0.00ns)   --->   "%p_read_3 = read i16 @_ssdm_op_Read.ap_auto.i16, i16 %p_read4_cast"   --->   Operation 52 'read' 'p_read_3' <Predicate = true> <Delay = 0.00>
ST_1 : Operation 53 [1/1] (0.00ns)   --->   "%add_ln190_read = read i17 @_ssdm_op_Read.ap_auto.i17, i17 %add_ln190"   --->   Operation 53 'read' 'add_ln190_read' <Predicate = true> <Delay = 0.00>
ST_1 : Operation 54 [1/1] (0.00ns)   --->   "%plane_diff_read = read i16 @_ssdm_op_Read.ap_auto.i16, i16 %plane_diff"   --->   Operation 54 'read' 'plane_diff_read' <Predicate = true> <Delay = 0.00>
ST_1 : Operation 55 [1/1] (0.00ns)   --->   "%zext_ln194_read = read i16 @_ssdm_op_Read.ap_auto.i16, i16 %zext_ln194"   --->   Operation 55 'read' 'zext_ln194_read' <Predicate = true> <Delay = 0.00>
ST_1 : Operation 56 [1/1] (0.00ns)   --->   "%p_read_4 = read i16 @_ssdm_op_Read.ap_auto.i16, i16 %p_read6_cast"   --->   Operation 56 'read' 'p_read_4' <Predicate = true> <Delay = 0.00>
ST_1 : Operation 57 [1/1] (0.00ns)   --->   "%p_read_5 = read i16 @_ssdm_op_Read.ap_auto.i16, i16 %p_read3_cast"   --->   Operation 57 'read' 'p_read_5' <Predicate = true> <Delay = 0.00>
ST_1 : Operation 58 [1/1] (0.00ns)   --->   "%iter_limit_read = read i32 @_ssdm_op_Read.ap_auto.i32, i32 %iter_limit"   --->   Operation 58 'read' 'iter_limit_read' <Predicate = true> <Delay = 0.00>
ST_1 : Operation 59 [1/1] (0.00ns)   --->   "%p_read11 = read i16 @_ssdm_op_Read.ap_auto.i16, i16 %p_read"   --->   Operation 59 'read' 'p_read11' <Predicate = true> <Delay = 0.00>
ST_1 : Operation 60 [1/1] (0.00ns)   --->   "%p_read5_cast_cast = zext i16 %p_read_1"   --->   Operation 60 'zext' 'p_read5_cast_cast' <Predicate = true> <Delay = 0.00>
ST_1 : Operation 61 [1/1] (0.00ns)   --->   "%p_read7_cast_cast = zext i16 %p_read_2"   --->   Operation 61 'zext' 'p_read7_cast_cast' <Predicate = true> <Delay = 0.00>
ST_1 : Operation 62 [1/1] (0.00ns)   --->   "%p_read4_cast_cast = zext i16 %p_read_3"   --->   Operation 62 'zext' 'p_read4_cast_cast' <Predicate = true> <Delay = 0.00>
ST_1 : Operation 63 [1/1] (0.00ns)   --->   "%zext_ln194_cast = zext i16 %zext_ln194_read"   --->   Operation 63 'zext' 'zext_ln194_cast' <Predicate = true> <Delay = 0.00>
ST_1 : Operation 64 [1/1] (0.00ns)   --->   "%p_read6_cast_cast = zext i16 %p_read_4"   --->   Operation 64 'zext' 'p_read6_cast_cast' <Predicate = true> <Delay = 0.00>
ST_1 : Operation 65 [1/1] (0.00ns)   --->   "%p_read3_cast_cast = zext i16 %p_read_5"   --->   Operation 65 'zext' 'p_read3_cast_cast' <Predicate = true> <Delay = 0.00>
ST_1 : Operation 66 [1/1] (0.00ns)   --->   "%specmemcore_ln0 = specmemcore void @_ssdm_op_SpecMemCore, i256 %arg0_buf_p1_2_V, i64 666, i64 28, i64 2"   --->   Operation 66 'specmemcore' 'specmemcore_ln0' <Predicate = true> <Delay = 0.00>
ST_1 : Operation 67 [1/1] (0.00ns)   --->   "%specmemcore_ln0 = specmemcore void @_ssdm_op_SpecMemCore, i256 %arg0_buf_r1_2_p1_V, i64 666, i64 211, i64 2"   --->   Operation 67 'specmemcore' 'specmemcore_ln0' <Predicate = true> <Delay = 0.00>
ST_1 : Operation 68 [1/1] (0.00ns)   --->   "%specmemcore_ln0 = specmemcore void @_ssdm_op_SpecMemCore, i256 %arg0_buf_r0_1_p1_V, i64 666, i64 211, i64 2"   --->   Operation 68 'specmemcore' 'specmemcore_ln0' <Predicate = true> <Delay = 0.00>
ST_1 : Operation 69 [1/1] (0.00ns)   --->   "%specmemcore_ln0 = specmemcore void @_ssdm_op_SpecMemCore, i256 %arg0_buf_p0_1_V, i64 666, i64 28, i64 2"   --->   Operation 69 'specmemcore' 'specmemcore_ln0' <Predicate = true> <Delay = 0.00>
ST_1 : Operation 70 [1/1] (0.00ns)   --->   "%specinterface_ln0 = specinterface void @_ssdm_op_SpecInterface, i256 %arg0_arg1_streams_14, void @empty_2, i32 0, i32 0, void @empty_18, i32 0, i32 0, void @empty_18, void @empty_18, void @empty_18, i32 0, i32 0, i32 0, i32 0, void @empty_18, void @empty_18, i32 4294967295, i32 0"   --->   Operation 70 'specinterface' 'specinterface_ln0' <Predicate = true> <Delay = 0.00>
ST_1 : Operation 71 [1/1] (0.00ns)   --->   "%specinterface_ln0 = specinterface void @_ssdm_op_SpecInterface, i256 %arg0_arg1_streams_1313, void @empty_2, i32 0, i32 0, void @empty_18, i32 0, i32 0, void @empty_18, void @empty_18, void @empty_18, i32 0, i32 0, i32 0, i32 0, void @empty_18, void @empty_18, i32 4294967295, i32 0"   --->   Operation 71 'specinterface' 'specinterface_ln0' <Predicate = true> <Delay = 0.00>
ST_1 : Operation 72 [1/1] (0.53ns)   --->   "%store_ln0 = store i256 0, i256 %arg0_read_val_V"   --->   Operation 72 'store' 'store_ln0' <Predicate = true> <Delay = 0.53>
ST_1 : Operation 73 [1/1] (0.46ns)   --->   "%store_ln0 = store i32 0, i32 %reg_itr"   --->   Operation 73 'store' 'store_ln0' <Predicate = true> <Delay = 0.46>
ST_1 : Operation 74 [1/1] (0.39ns)   --->   "%store_ln0 = store i16 %p_read11, i16 %S3D_7PT_buf_p1_2_wr"   --->   Operation 74 'store' 'store_ln0' <Predicate = true> <Delay = 0.39>
ST_1 : Operation 75 [1/1] (0.39ns)   --->   "%store_ln0 = store i16 65535, i16 %i"   --->   Operation 75 'store' 'store_ln0' <Predicate = true> <Delay = 0.39>
ST_1 : Operation 76 [1/1] (0.39ns)   --->   "%store_ln0 = store i16 0, i16 %j"   --->   Operation 76 'store' 'store_ln0' <Predicate = true> <Delay = 0.39>
ST_1 : Operation 77 [1/1] (0.39ns)   --->   "%store_ln0 = store i16 65535, i16 %k"   --->   Operation 77 'store' 'store_ln0' <Predicate = true> <Delay = 0.39>
ST_1 : Operation 78 [1/1] (0.39ns)   --->   "%store_ln0 = store i16 0, i16 %S3D_7PT_buf_p1_2_rd"   --->   Operation 78 'store' 'store_ln0' <Predicate = true> <Delay = 0.39>
ST_1 : Operation 79 [1/1] (0.39ns)   --->   "%store_ln0 = store i16 0, i16 %S3D_7PT_buf_p0_1_rd"   --->   Operation 79 'store' 'store_ln0' <Predicate = true> <Delay = 0.39>
ST_1 : Operation 80 [1/1] (0.39ns)   --->   "%store_ln0 = store i16 %p_read11, i16 %S3D_7PT_buf_p0_1_wr"   --->   Operation 80 'store' 'store_ln0' <Predicate = true> <Delay = 0.39>
ST_1 : Operation 81 [1/1] (0.39ns)   --->   "%store_ln0 = store i16 0, i16 %S3D_7PT_buf_r0_1_p1_rd"   --->   Operation 81 'store' 'store_ln0' <Predicate = true> <Delay = 0.39>
ST_1 : Operation 82 [1/1] (0.39ns)   --->   "%store_ln0 = store i16 1, i16 %S3D_7PT_buf_r0_1_p1_wr"   --->   Operation 82 'store' 'store_ln0' <Predicate = true> <Delay = 0.39>
ST_1 : Operation 83 [1/1] (0.39ns)   --->   "%store_ln0 = store i16 0, i16 %S3D_7PT_buf_r1_2_p1_rd"   --->   Operation 83 'store' 'store_ln0' <Predicate = true> <Delay = 0.39>
ST_1 : Operation 84 [1/1] (0.39ns)   --->   "%store_ln0 = store i16 1, i16 %S3D_7PT_buf_r1_2_p1_wr"   --->   Operation 84 'store' 'store_ln0' <Predicate = true> <Delay = 0.39>
ST_1 : Operation 85 [1/1] (0.53ns)   --->   "%store_ln0 = store i256 0, i256 %reuse_reg"   --->   Operation 85 'store' 'store_ln0' <Predicate = true> <Delay = 0.53>
ST_1 : Operation 86 [1/1] (0.49ns)   --->   "%store_ln0 = store i64 18446744073709551615, i64 %reuse_addr_reg"   --->   Operation 86 'store' 'store_ln0' <Predicate = true> <Delay = 0.49>
ST_1 : Operation 87 [1/1] (0.53ns)   --->   "%store_ln0 = store i256 0, i256 %reuse_reg158"   --->   Operation 87 'store' 'store_ln0' <Predicate = true> <Delay = 0.53>
ST_1 : Operation 88 [1/1] (0.49ns)   --->   "%store_ln0 = store i64 18446744073709551615, i64 %reuse_addr_reg159"   --->   Operation 88 'store' 'store_ln0' <Predicate = true> <Delay = 0.49>
ST_1 : Operation 89 [1/1] (0.53ns)   --->   "%store_ln0 = store i256 0, i256 %reuse_reg164"   --->   Operation 89 'store' 'store_ln0' <Predicate = true> <Delay = 0.53>
ST_1 : Operation 90 [1/1] (0.49ns)   --->   "%store_ln0 = store i64 18446744073709551615, i64 %reuse_addr_reg165"   --->   Operation 90 'store' 'store_ln0' <Predicate = true> <Delay = 0.49>
ST_1 : Operation 91 [1/1] (0.53ns)   --->   "%store_ln0 = store i256 0, i256 %reuse_reg170"   --->   Operation 91 'store' 'store_ln0' <Predicate = true> <Delay = 0.53>
ST_1 : Operation 92 [1/1] (0.49ns)   --->   "%store_ln0 = store i64 18446744073709551615, i64 %reuse_addr_reg171"   --->   Operation 92 'store' 'store_ln0' <Predicate = true> <Delay = 0.49>
ST_1 : Operation 93 [1/1] (0.00ns)   --->   "%br_ln0 = br void %spc_temp_blocking_read"   --->   Operation 93 'br' 'br_ln0' <Predicate = true> <Delay = 0.00>
ST_1 : Operation 94 [1/1] (0.00ns)   --->   "%itr_3 = load i32 %reg_itr" [/home/x_thileeb/repos/ops-hls-pact25-artifact/codegen_apps/jacobian3d/vck5000_project/hls/device/include/PE_jac3D_kernel_stencil.hpp:194]   --->   Operation 94 'load' 'itr_3' <Predicate = true> <Delay = 0.00>
ST_1 : Operation 95 [1/1] (0.89ns)   --->   "%itr = add i32 %itr_3, i32 1" [/home/x_thileeb/repos/ops-hls-pact25-artifact/codegen_apps/jacobian3d/vck5000_project/hls/device/include/PE_jac3D_kernel_stencil.hpp:194]   --->   Operation 95 'add' 'itr' <Predicate = true> <Delay = 0.89> <CoreInst = "Adder">   --->   Core 1 'Adder' <Latency = 0> <II = 1> <Delay = 0.89> <FuncUnit> <Opcode : 'add' 'sub'> <InPorts = 2> <OutPorts = 1>
ST_1 : Operation 96 [1/1] (0.70ns)   --->   "%icmp_ln194 = icmp_eq  i32 %itr_3, i32 %iter_limit_read" [/home/x_thileeb/repos/ops-hls-pact25-artifact/codegen_apps/jacobian3d/vck5000_project/hls/device/include/PE_jac3D_kernel_stencil.hpp:194]   --->   Operation 96 'icmp' 'icmp_ln194' <Predicate = true> <Delay = 0.70> <CoreInst = "Cmp">   --->   Core 9 'Cmp' <Latency = 0> <II = 1> <Delay = 0.70> <FuncUnit> <Opcode : 'icmp'> <InPorts = 2> <OutPorts = 1>
ST_1 : Operation 97 [1/1] (0.00ns)   --->   "%br_ln194 = br i1 %icmp_ln194, void %spc_temp_blocking_read.split, void %for.end461.loopexit.exitStub" [/home/x_thileeb/repos/ops-hls-pact25-artifact/codegen_apps/jacobian3d/vck5000_project/hls/device/include/PE_jac3D_kernel_stencil.hpp:194]   --->   Operation 97 'br' 'br_ln194' <Predicate = true> <Delay = 0.00>
ST_1 : Operation 98 [1/1] (0.70ns)   --->   "%S3D_7PT_read_cond = icmp_ult  i32 %itr_3, i32 %S3D_7PT_read_ub_itr_read" [/home/x_thileeb/repos/ops-hls-pact25-artifact/codegen_apps/jacobian3d/vck5000_project/hls/device/include/PE_jac3D_kernel_stencil.hpp:242]   --->   Operation 98 'icmp' 'S3D_7PT_read_cond' <Predicate = (!icmp_ln194)> <Delay = 0.70> <CoreInst = "Cmp">   --->   Core 9 'Cmp' <Latency = 0> <II = 1> <Delay = 0.70> <FuncUnit> <Opcode : 'icmp'> <InPorts = 2> <OutPorts = 1>
ST_1 : Operation 99 [1/1] (0.00ns)   --->   "%br_ln245 = br i1 %S3D_7PT_read_cond, void %if.end167, void %if.then166" [/home/x_thileeb/repos/ops-hls-pact25-artifact/codegen_apps/jacobian3d/vck5000_project/hls/device/include/PE_jac3D_kernel_stencil.hpp:245]   --->   Operation 99 'br' 'br_ln245' <Predicate = (!icmp_ln194)> <Delay = 0.00>
ST_1 : Operation 100 [1/1] (0.46ns)   --->   "%store_ln194 = store i32 %itr, i32 %reg_itr" [/home/x_thileeb/repos/ops-hls-pact25-artifact/codegen_apps/jacobian3d/vck5000_project/hls/device/include/PE_jac3D_kernel_stencil.hpp:194]   --->   Operation 100 'store' 'store_ln194' <Predicate = (!icmp_ln194)> <Delay = 0.46>

State 2 <SV = 1> <Delay = 1.75>
ST_2 : Operation 101 [1/1] (1.21ns)   --->   "%arg0_read_val_V_1 = read i256 @_ssdm_op_Read.ap_fifo.volatile.i256P0A, i256 %arg0_arg1_streams_1313" [/tools/Xilinx/Vitis_HLS/2022.1/common/technology/autopilot/hls_stream_39.h:145]   --->   Operation 101 'read' 'arg0_read_val_V_1' <Predicate = (!icmp_ln194 & S3D_7PT_read_cond)> <Delay = 1.21> <CoreInst = "FIFO">   --->   Core 82 'FIFO' <Latency = 0> <II = 1> <Delay = 1.38> <Storage> <Opcode : 'read' 'write' 'nbread' 'nbwrite'> <Ports = 0> <Width = 256> <Depth = 10> <FIFO>
ST_2 : Operation 102 [1/1] (0.53ns)   --->   "%store_ln248 = store i256 %arg0_read_val_V_1, i256 %arg0_read_val_V" [/home/x_thileeb/repos/ops-hls-pact25-artifact/codegen_apps/jacobian3d/vck5000_project/hls/device/include/PE_jac3D_kernel_stencil.hpp:248]   --->   Operation 102 'store' 'store_ln248' <Predicate = (!icmp_ln194 & S3D_7PT_read_cond)> <Delay = 0.53>
ST_2 : Operation 103 [1/1] (0.00ns)   --->   "%br_ln248 = br void %if.end167" [/home/x_thileeb/repos/ops-hls-pact25-artifact/codegen_apps/jacobian3d/vck5000_project/hls/device/include/PE_jac3D_kernel_stencil.hpp:248]   --->   Operation 103 'br' 'br_ln248' <Predicate = (!icmp_ln194 & S3D_7PT_read_cond)> <Delay = 0.00>
ST_2 : Operation 104 [1/1] (0.00ns)   --->   "%S3D_7PT_buf_p1_2_wr_load = load i16 %S3D_7PT_buf_p1_2_wr" [/home/x_thileeb/repos/ops-hls-pact25-artifact/codegen_apps/jacobian3d/vck5000_project/hls/device/include/PE_jac3D_kernel_stencil.hpp:304]   --->   Operation 104 'load' 'S3D_7PT_buf_p1_2_wr_load' <Predicate = (!icmp_ln194)> <Delay = 0.00>
ST_2 : Operation 105 [1/1] (0.00ns)   --->   "%zext_ln262 = zext i16 %S3D_7PT_buf_p1_2_wr_load" [/home/x_thileeb/repos/ops-hls-pact25-artifact/codegen_apps/jacobian3d/vck5000_project/hls/device/include/PE_jac3D_kernel_stencil.hpp:262]   --->   Operation 105 'zext' 'zext_ln262' <Predicate = (!icmp_ln194)> <Delay = 0.00>
ST_2 : Operation 106 [1/1] (0.00ns)   --->   "%arg0_buf_p1_2_V_addr = getelementptr i256 %arg0_buf_p1_2_V, i64 0, i64 %zext_ln262" [/home/x_thileeb/repos/ops-hls-pact25-artifact/codegen_apps/jacobian3d/vck5000_project/hls/device/include/PE_jac3D_kernel_stencil.hpp:262]   --->   Operation 106 'getelementptr' 'arg0_buf_p1_2_V_addr' <Predicate = (!icmp_ln194)> <Delay = 0.00>
ST_2 : Operation 107 [3/3] (1.17ns)   --->   "%arg0_buf_p1_2_V_load = load i14 %arg0_buf_p1_2_V_addr" [/home/x_thileeb/repos/ops-hls-pact25-artifact/codegen_apps/jacobian3d/vck5000_project/hls/device/include/PE_jac3D_kernel_stencil.hpp:262]   --->   Operation 107 'load' 'arg0_buf_p1_2_V_load' <Predicate = (!icmp_ln194)> <Delay = 1.17> <CoreInst = "RAM_S2P_URAM">   --->   Core 102 'RAM_S2P_URAM' <Latency = 2> <II = 1> <Delay = 1.25> <Storage> <Opcode : 'load' 'store'> <Ports = 2> <Width = 256> <Depth = 11476> <RAM>
ST_2 : Operation 108 [1/1] (0.62ns)   --->   "%icmp_ln304 = icmp_ult  i16 %S3D_7PT_buf_p1_2_wr_load, i16 %plane_diff_read" [/home/x_thileeb/repos/ops-hls-pact25-artifact/codegen_apps/jacobian3d/vck5000_project/hls/device/include/PE_jac3D_kernel_stencil.hpp:304]   --->   Operation 108 'icmp' 'icmp_ln304' <Predicate = (!icmp_ln194)> <Delay = 0.62> <CoreInst = "Cmp">   --->   Core 9 'Cmp' <Latency = 0> <II = 1> <Delay = 0.62> <FuncUnit> <Opcode : 'icmp'> <InPorts = 2> <OutPorts = 1>
ST_2 : Operation 109 [1/1] (0.00ns) (grouped into LUT with out node S3D_7PT_buf_p1_2_wr_2)   --->   "%cond_end_of_line_buff_S3D_7PT_buf_p1_2_wr = xor i1 %icmp_ln304, i1 1" [/home/x_thileeb/repos/ops-hls-pact25-artifact/codegen_apps/jacobian3d/vck5000_project/hls/device/include/PE_jac3D_kernel_stencil.hpp:304]   --->   Operation 109 'xor' 'cond_end_of_line_buff_S3D_7PT_buf_p1_2_wr' <Predicate = (!icmp_ln194)> <Delay = 0.00> <CoreInst = "LogicGate">   --->   Core 78 'LogicGate' <Latency = 0> <II = 1> <Delay = 0.30> <FuncUnit> <Opcode : 'and' 'or' 'xor'> <InPorts = 2> <OutPorts = 1>
ST_2 : Operation 110 [1/1] (0.82ns)   --->   "%S3D_7PT_buf_p1_2_wr_1 = add i16 %S3D_7PT_buf_p1_2_wr_load, i16 1" [/home/x_thileeb/repos/ops-hls-pact25-artifact/codegen_apps/jacobian3d/vck5000_project/hls/device/include/PE_jac3D_kernel_stencil.hpp:314]   --->   Operation 110 'add' 'S3D_7PT_buf_p1_2_wr_1' <Predicate = (!icmp_ln194)> <Delay = 0.82> <CoreInst = "Adder">   --->   Core 1 'Adder' <Latency = 0> <II = 1> <Delay = 0.82> <FuncUnit> <Opcode : 'add' 'sub'> <InPorts = 2> <OutPorts = 1>
ST_2 : Operation 111 [1/1] (0.38ns) (out node of the LUT)   --->   "%S3D_7PT_buf_p1_2_wr_2 = select i1 %cond_end_of_line_buff_S3D_7PT_buf_p1_2_wr, i16 0, i16 %S3D_7PT_buf_p1_2_wr_1" [/home/x_thileeb/repos/ops-hls-pact25-artifact/codegen_apps/jacobian3d/vck5000_project/hls/device/include/PE_jac3D_kernel_stencil.hpp:311]   --->   Operation 111 'select' 'S3D_7PT_buf_p1_2_wr_2' <Predicate = (!icmp_ln194)> <Delay = 0.38> <CoreInst = "Sel">   --->   Core 77 'Sel' <Latency = 0> <II = 1> <Delay = 0.38> <FuncUnit> <Opcode : 'select'> <InPorts = 3> <OutPorts = 1>
ST_2 : Operation 112 [1/1] (0.39ns)   --->   "%store_ln194 = store i16 %S3D_7PT_buf_p1_2_wr_2, i16 %S3D_7PT_buf_p1_2_wr" [/home/x_thileeb/repos/ops-hls-pact25-artifact/codegen_apps/jacobian3d/vck5000_project/hls/device/include/PE_jac3D_kernel_stencil.hpp:194]   --->   Operation 112 'store' 'store_ln194' <Predicate = (!icmp_ln194)> <Delay = 0.39>

State 3 <SV = 2> <Delay = 1.60>
ST_3 : Operation 113 [1/1] (0.00ns)   --->   "%S3D_7PT_buf_p1_2_rd_load = load i16 %S3D_7PT_buf_p1_2_rd" [/home/x_thileeb/repos/ops-hls-pact25-artifact/codegen_apps/jacobian3d/vck5000_project/hls/device/include/PE_jac3D_kernel_stencil.hpp:303]   --->   Operation 113 'load' 'S3D_7PT_buf_p1_2_rd_load' <Predicate = (!icmp_ln194)> <Delay = 0.00>
ST_3 : Operation 114 [1/1] (0.00ns)   --->   "%arg0_read_val_V_2 = load i256 %arg0_read_val_V"   --->   Operation 114 'load' 'arg0_read_val_V_2' <Predicate = (!icmp_ln194)> <Delay = 0.00>
ST_3 : Operation 115 [1/1] (0.00ns)   --->   "%reuse_addr_reg_load = load i64 %reuse_addr_reg"   --->   Operation 115 'load' 'reuse_addr_reg_load' <Predicate = (!icmp_ln194)> <Delay = 0.00>
ST_3 : Operation 116 [2/3] (1.25ns)   --->   "%arg0_buf_p1_2_V_load = load i14 %arg0_buf_p1_2_V_addr" [/home/x_thileeb/repos/ops-hls-pact25-artifact/codegen_apps/jacobian3d/vck5000_project/hls/device/include/PE_jac3D_kernel_stencil.hpp:262]   --->   Operation 116 'load' 'arg0_buf_p1_2_V_load' <Predicate = (!icmp_ln194)> <Delay = 1.25> <CoreInst = "RAM_S2P_URAM">   --->   Core 102 'RAM_S2P_URAM' <Latency = 2> <II = 1> <Delay = 1.25> <Storage> <Opcode : 'load' 'store'> <Ports = 2> <Width = 256> <Depth = 11476> <RAM>
ST_3 : Operation 117 [1/1] (0.77ns)   --->   "%addr_cmp = icmp_eq  i64 %reuse_addr_reg_load, i64 %zext_ln262" [/home/x_thileeb/repos/ops-hls-pact25-artifact/codegen_apps/jacobian3d/vck5000_project/hls/device/include/PE_jac3D_kernel_stencil.hpp:262]   --->   Operation 117 'icmp' 'addr_cmp' <Predicate = (!icmp_ln194)> <Delay = 0.77> <CoreInst = "Cmp">   --->   Core 9 'Cmp' <Latency = 0> <II = 1> <Delay = 0.77> <FuncUnit> <Opcode : 'icmp'> <InPorts = 2> <OutPorts = 1>
ST_3 : Operation 118 [1/1] (0.00ns)   --->   "%zext_ln265 = zext i16 %S3D_7PT_buf_p1_2_rd_load" [/home/x_thileeb/repos/ops-hls-pact25-artifact/codegen_apps/jacobian3d/vck5000_project/hls/device/include/PE_jac3D_kernel_stencil.hpp:265]   --->   Operation 118 'zext' 'zext_ln265' <Predicate = (!icmp_ln194)> <Delay = 0.00>
ST_3 : Operation 119 [1/1] (0.00ns)   --->   "%arg0_buf_p1_2_V_addr_1 = getelementptr i256 %arg0_buf_p1_2_V, i64 0, i64 %zext_ln265" [/home/x_thileeb/repos/ops-hls-pact25-artifact/codegen_apps/jacobian3d/vck5000_project/hls/device/include/PE_jac3D_kernel_stencil.hpp:265]   --->   Operation 119 'getelementptr' 'arg0_buf_p1_2_V_addr_1' <Predicate = (!icmp_ln194)> <Delay = 0.00>
ST_3 : Operation 120 [1/1] (1.17ns)   --->   "%store_ln265 = store i256 %arg0_read_val_V_2, i14 %arg0_buf_p1_2_V_addr_1" [/home/x_thileeb/repos/ops-hls-pact25-artifact/codegen_apps/jacobian3d/vck5000_project/hls/device/include/PE_jac3D_kernel_stencil.hpp:265]   --->   Operation 120 'store' 'store_ln265' <Predicate = (!icmp_ln194)> <Delay = 1.17> <CoreInst = "RAM_S2P_URAM">   --->   Core 102 'RAM_S2P_URAM' <Latency = 2> <II = 1> <Delay = 1.25> <Storage> <Opcode : 'load' 'store'> <Ports = 2> <Width = 256> <Depth = 11476> <RAM>
ST_3 : Operation 121 [1/1] (0.49ns)   --->   "%store_ln265 = store i64 %zext_ln265, i64 %reuse_addr_reg" [/home/x_thileeb/repos/ops-hls-pact25-artifact/codegen_apps/jacobian3d/vck5000_project/hls/device/include/PE_jac3D_kernel_stencil.hpp:265]   --->   Operation 121 'store' 'store_ln265' <Predicate = (!icmp_ln194)> <Delay = 0.49>
ST_3 : Operation 122 [1/1] (0.62ns)   --->   "%icmp_ln303 = icmp_ult  i16 %S3D_7PT_buf_p1_2_rd_load, i16 %plane_diff_read" [/home/x_thileeb/repos/ops-hls-pact25-artifact/codegen_apps/jacobian3d/vck5000_project/hls/device/include/PE_jac3D_kernel_stencil.hpp:303]   --->   Operation 122 'icmp' 'icmp_ln303' <Predicate = (!icmp_ln194)> <Delay = 0.62> <CoreInst = "Cmp">   --->   Core 9 'Cmp' <Latency = 0> <II = 1> <Delay = 0.62> <FuncUnit> <Opcode : 'icmp'> <InPorts = 2> <OutPorts = 1>
ST_3 : Operation 123 [1/1] (0.00ns) (grouped into LUT with out node S3D_7PT_buf_p1_2_rd_2)   --->   "%cond_end_of_line_buff_S3D_7PT_buf_p1_2_rd = xor i1 %icmp_ln303, i1 1" [/home/x_thileeb/repos/ops-hls-pact25-artifact/codegen_apps/jacobian3d/vck5000_project/hls/device/include/PE_jac3D_kernel_stencil.hpp:303]   --->   Operation 123 'xor' 'cond_end_of_line_buff_S3D_7PT_buf_p1_2_rd' <Predicate = (!icmp_ln194)> <Delay = 0.00> <CoreInst = "LogicGate">   --->   Core 78 'LogicGate' <Latency = 0> <II = 1> <Delay = 0.30> <FuncUnit> <Opcode : 'and' 'or' 'xor'> <InPorts = 2> <OutPorts = 1>
ST_3 : Operation 124 [1/1] (0.82ns)   --->   "%S3D_7PT_buf_p1_2_rd_1 = add i16 %S3D_7PT_buf_p1_2_rd_load, i16 1" [/home/x_thileeb/repos/ops-hls-pact25-artifact/codegen_apps/jacobian3d/vck5000_project/hls/device/include/PE_jac3D_kernel_stencil.hpp:309]   --->   Operation 124 'add' 'S3D_7PT_buf_p1_2_rd_1' <Predicate = (!icmp_ln194)> <Delay = 0.82> <CoreInst = "Adder">   --->   Core 1 'Adder' <Latency = 0> <II = 1> <Delay = 0.82> <FuncUnit> <Opcode : 'add' 'sub'> <InPorts = 2> <OutPorts = 1>
ST_3 : Operation 125 [1/1] (0.38ns) (out node of the LUT)   --->   "%S3D_7PT_buf_p1_2_rd_2 = select i1 %cond_end_of_line_buff_S3D_7PT_buf_p1_2_rd, i16 0, i16 %S3D_7PT_buf_p1_2_rd_1" [/home/x_thileeb/repos/ops-hls-pact25-artifact/codegen_apps/jacobian3d/vck5000_project/hls/device/include/PE_jac3D_kernel_stencil.hpp:306]   --->   Operation 125 'select' 'S3D_7PT_buf_p1_2_rd_2' <Predicate = (!icmp_ln194)> <Delay = 0.38> <CoreInst = "Sel">   --->   Core 77 'Sel' <Latency = 0> <II = 1> <Delay = 0.38> <FuncUnit> <Opcode : 'select'> <InPorts = 3> <OutPorts = 1>
ST_3 : Operation 126 [1/1] (0.00ns)   --->   "%arg0_tmpConverter_1_2 = trunc i256 %arg0_read_val_V_2"   --->   Operation 126 'trunc' 'arg0_tmpConverter_1_2' <Predicate = (!icmp_ln194)> <Delay = 0.00>
ST_3 : Operation 127 [1/1] (0.00ns)   --->   "%arg0_tmpConverter_1_2_1 = partselect i32 @_ssdm_op_PartSelect.i32.i256.i32.i32, i256 %arg0_read_val_V_2, i32 32, i32 63"   --->   Operation 127 'partselect' 'arg0_tmpConverter_1_2_1' <Predicate = (!icmp_ln194)> <Delay = 0.00>
ST_3 : Operation 128 [1/1] (0.00ns)   --->   "%arg0_tmpConverter_1_2_2 = partselect i32 @_ssdm_op_PartSelect.i32.i256.i32.i32, i256 %arg0_read_val_V_2, i32 64, i32 95"   --->   Operation 128 'partselect' 'arg0_tmpConverter_1_2_2' <Predicate = (!icmp_ln194)> <Delay = 0.00>
ST_3 : Operation 129 [1/1] (0.00ns)   --->   "%arg0_tmpConverter_1_2_3 = partselect i32 @_ssdm_op_PartSelect.i32.i256.i32.i32, i256 %arg0_read_val_V_2, i32 96, i32 127"   --->   Operation 129 'partselect' 'arg0_tmpConverter_1_2_3' <Predicate = (!icmp_ln194)> <Delay = 0.00>
ST_3 : Operation 130 [1/1] (0.00ns)   --->   "%arg0_tmpConverter_1_2_4 = partselect i32 @_ssdm_op_PartSelect.i32.i256.i32.i32, i256 %arg0_read_val_V_2, i32 128, i32 159"   --->   Operation 130 'partselect' 'arg0_tmpConverter_1_2_4' <Predicate = (!icmp_ln194)> <Delay = 0.00>
ST_3 : Operation 131 [1/1] (0.00ns)   --->   "%arg0_tmpConverter_1_2_5 = partselect i32 @_ssdm_op_PartSelect.i32.i256.i32.i32, i256 %arg0_read_val_V_2, i32 160, i32 191"   --->   Operation 131 'partselect' 'arg0_tmpConverter_1_2_5' <Predicate = (!icmp_ln194)> <Delay = 0.00>
ST_3 : Operation 132 [1/1] (0.00ns)   --->   "%arg0_tmpConverter_1_2_6 = partselect i32 @_ssdm_op_PartSelect.i32.i256.i32.i32, i256 %arg0_read_val_V_2, i32 192, i32 223"   --->   Operation 132 'partselect' 'arg0_tmpConverter_1_2_6' <Predicate = (!icmp_ln194)> <Delay = 0.00>
ST_3 : Operation 133 [1/1] (0.00ns)   --->   "%arg0_tmpConverter_1_2_7 = partselect i32 @_ssdm_op_PartSelect.i32.i256.i32.i32, i256 %arg0_read_val_V_2, i32 224, i32 255"   --->   Operation 133 'partselect' 'arg0_tmpConverter_1_2_7' <Predicate = (!icmp_ln194)> <Delay = 0.00>
ST_3 : Operation 134 [1/1] (0.39ns)   --->   "%store_ln194 = store i16 %S3D_7PT_buf_p1_2_rd_2, i16 %S3D_7PT_buf_p1_2_rd" [/home/x_thileeb/repos/ops-hls-pact25-artifact/codegen_apps/jacobian3d/vck5000_project/hls/device/include/PE_jac3D_kernel_stencil.hpp:194]   --->   Operation 134 'store' 'store_ln194' <Predicate = (!icmp_ln194)> <Delay = 0.39>

State 4 <SV = 3> <Delay = 1.74>
ST_4 : Operation 135 [1/1] (0.00ns)   --->   "%S3D_7PT_buf_r1_2_p1_wr_load = load i16 %S3D_7PT_buf_r1_2_p1_wr" [/home/x_thileeb/repos/ops-hls-pact25-artifact/codegen_apps/jacobian3d/vck5000_project/hls/device/include/PE_jac3D_kernel_stencil.hpp:302]   --->   Operation 135 'load' 'S3D_7PT_buf_r1_2_p1_wr_load' <Predicate = (!icmp_ln194)> <Delay = 0.00>
ST_4 : Operation 136 [1/1] (0.00ns)   --->   "%zext_ln260 = zext i16 %S3D_7PT_buf_r1_2_p1_wr_load" [/home/x_thileeb/repos/ops-hls-pact25-artifact/codegen_apps/jacobian3d/vck5000_project/hls/device/include/PE_jac3D_kernel_stencil.hpp:260]   --->   Operation 136 'zext' 'zext_ln260' <Predicate = (!icmp_ln194)> <Delay = 0.00>
ST_4 : Operation 137 [1/1] (0.00ns)   --->   "%arg0_buf_r1_2_p1_V_addr = getelementptr i256 %arg0_buf_r1_2_p1_V, i64 0, i64 %zext_ln260" [/home/x_thileeb/repos/ops-hls-pact25-artifact/codegen_apps/jacobian3d/vck5000_project/hls/device/include/PE_jac3D_kernel_stencil.hpp:260]   --->   Operation 137 'getelementptr' 'arg0_buf_r1_2_p1_V_addr' <Predicate = (!icmp_ln194)> <Delay = 0.00>
ST_4 : Operation 138 [3/3] (0.77ns)   --->   "%arg0_buf_r1_2_p1_V_load = load i6 %arg0_buf_r1_2_p1_V_addr" [/home/x_thileeb/repos/ops-hls-pact25-artifact/codegen_apps/jacobian3d/vck5000_project/hls/device/include/PE_jac3D_kernel_stencil.hpp:260]   --->   Operation 138 'load' 'arg0_buf_r1_2_p1_V_load' <Predicate = (!icmp_ln194)> <Delay = 0.77> <CoreInst = "RAM_S2P_BRAM">   --->   Core 101 'RAM_S2P_BRAM' <Latency = 2> <II = 1> <Delay = 1.25> <Storage> <Opcode : 'load' 'store'> <Ports = 2> <Width = 256> <Depth = 38> <RAM>
ST_4 : Operation 139 [1/1] (0.00ns)   --->   "%reuse_reg_load = load i256 %reuse_reg"   --->   Operation 139 'load' 'reuse_reg_load' <Predicate = (!icmp_ln194 & addr_cmp)> <Delay = 0.00>
ST_4 : Operation 140 [1/3] (1.04ns)   --->   "%arg0_buf_p1_2_V_load = load i14 %arg0_buf_p1_2_V_addr" [/home/x_thileeb/repos/ops-hls-pact25-artifact/codegen_apps/jacobian3d/vck5000_project/hls/device/include/PE_jac3D_kernel_stencil.hpp:262]   --->   Operation 140 'load' 'arg0_buf_p1_2_V_load' <Predicate = (!icmp_ln194)> <Delay = 1.04> <CoreInst = "RAM_S2P_URAM">   --->   Core 102 'RAM_S2P_URAM' <Latency = 2> <II = 1> <Delay = 1.25> <Storage> <Opcode : 'load' 'store'> <Ports = 2> <Width = 256> <Depth = 11476> <RAM>
ST_4 : Operation 141 [1/1] (0.70ns)   --->   "%t_3 = select i1 %addr_cmp, i256 %reuse_reg_load, i256 %arg0_buf_p1_2_V_load" [/home/x_thileeb/repos/ops-hls-pact25-artifact/codegen_apps/jacobian3d/vck5000_project/hls/device/include/PE_jac3D_kernel_stencil.hpp:262]   --->   Operation 141 'select' 't_3' <Predicate = (!icmp_ln194)> <Delay = 0.70> <CoreInst = "Sel">   --->   Core 77 'Sel' <Latency = 0> <II = 1> <Delay = 0.70> <FuncUnit> <Opcode : 'select'> <InPorts = 3> <OutPorts = 1>
ST_4 : Operation 142 [1/1] (0.53ns)   --->   "%store_ln714 = store i256 %arg0_read_val_V_2, i256 %reuse_reg"   --->   Operation 142 'store' 'store_ln714' <Predicate = (!icmp_ln194)> <Delay = 0.53>
ST_4 : Operation 143 [1/1] (0.00ns)   --->   "%zext_ln292 = zext i16 %S3D_7PT_buf_r1_2_p1_wr_load" [/home/x_thileeb/repos/ops-hls-pact25-artifact/codegen_apps/jacobian3d/vck5000_project/hls/device/include/PE_jac3D_kernel_stencil.hpp:292]   --->   Operation 143 'zext' 'zext_ln292' <Predicate = (!icmp_ln194)> <Delay = 0.00>
ST_4 : Operation 144 [1/1] (0.65ns)   --->   "%icmp_ln292 = icmp_slt  i17 %zext_ln292, i17 %add_ln190_read" [/home/x_thileeb/repos/ops-hls-pact25-artifact/codegen_apps/jacobian3d/vck5000_project/hls/device/include/PE_jac3D_kernel_stencil.hpp:292]   --->   Operation 144 'icmp' 'icmp_ln292' <Predicate = (!icmp_ln194)> <Delay = 0.65> <CoreInst = "Cmp">   --->   Core 9 'Cmp' <Latency = 0> <II = 1> <Delay = 0.65> <FuncUnit> <Opcode : 'icmp'> <InPorts = 2> <OutPorts = 1>
ST_4 : Operation 145 [1/1] (0.00ns) (grouped into LUT with out node S3D_7PT_buf_r1_2_p1_wr_2)   --->   "%cond_end_of_line_buff_S3D_7PT_buf_r1_2_p1_wr = xor i1 %icmp_ln292, i1 1" [/home/x_thileeb/repos/ops-hls-pact25-artifact/codegen_apps/jacobian3d/vck5000_project/hls/device/include/PE_jac3D_kernel_stencil.hpp:292]   --->   Operation 145 'xor' 'cond_end_of_line_buff_S3D_7PT_buf_r1_2_p1_wr' <Predicate = (!icmp_ln194)> <Delay = 0.00> <CoreInst = "LogicGate">   --->   Core 78 'LogicGate' <Latency = 0> <II = 1> <Delay = 0.30> <FuncUnit> <Opcode : 'and' 'or' 'xor'> <InPorts = 2> <OutPorts = 1>
ST_4 : Operation 146 [1/1] (0.82ns)   --->   "%S3D_7PT_buf_r1_2_p1_wr_1 = add i16 %S3D_7PT_buf_r1_2_p1_wr_load, i16 1" [/home/x_thileeb/repos/ops-hls-pact25-artifact/codegen_apps/jacobian3d/vck5000_project/hls/device/include/PE_jac3D_kernel_stencil.hpp:302]   --->   Operation 146 'add' 'S3D_7PT_buf_r1_2_p1_wr_1' <Predicate = (!icmp_ln194)> <Delay = 0.82> <CoreInst = "Adder">   --->   Core 1 'Adder' <Latency = 0> <II = 1> <Delay = 0.82> <FuncUnit> <Opcode : 'add' 'sub'> <InPorts = 2> <OutPorts = 1>
ST_4 : Operation 147 [1/1] (0.38ns) (out node of the LUT)   --->   "%S3D_7PT_buf_r1_2_p1_wr_2 = select i1 %cond_end_of_line_buff_S3D_7PT_buf_r1_2_p1_wr, i16 0, i16 %S3D_7PT_buf_r1_2_p1_wr_1" [/home/x_thileeb/repos/ops-hls-pact25-artifact/codegen_apps/jacobian3d/vck5000_project/hls/device/include/PE_jac3D_kernel_stencil.hpp:299]   --->   Operation 147 'select' 'S3D_7PT_buf_r1_2_p1_wr_2' <Predicate = (!icmp_ln194)> <Delay = 0.38> <CoreInst = "Sel">   --->   Core 77 'Sel' <Latency = 0> <II = 1> <Delay = 0.38> <FuncUnit> <Opcode : 'select'> <InPorts = 3> <OutPorts = 1>
ST_4 : Operation 148 [1/1] (0.00ns)   --->   "%arg0_tmpConverter_2_1 = trunc i256 %t_3"   --->   Operation 148 'trunc' 'arg0_tmpConverter_2_1' <Predicate = (!icmp_ln194)> <Delay = 0.00>
ST_4 : Operation 149 [1/1] (0.00ns)   --->   "%arg0_tmpConverter_2_1_1 = partselect i32 @_ssdm_op_PartSelect.i32.i256.i32.i32, i256 %t_3, i32 32, i32 63"   --->   Operation 149 'partselect' 'arg0_tmpConverter_2_1_1' <Predicate = (!icmp_ln194)> <Delay = 0.00>
ST_4 : Operation 150 [1/1] (0.00ns)   --->   "%arg0_tmpConverter_2_1_2 = partselect i32 @_ssdm_op_PartSelect.i32.i256.i32.i32, i256 %t_3, i32 64, i32 95"   --->   Operation 150 'partselect' 'arg0_tmpConverter_2_1_2' <Predicate = (!icmp_ln194)> <Delay = 0.00>
ST_4 : Operation 151 [1/1] (0.00ns)   --->   "%arg0_tmpConverter_2_1_3 = partselect i32 @_ssdm_op_PartSelect.i32.i256.i32.i32, i256 %t_3, i32 96, i32 127"   --->   Operation 151 'partselect' 'arg0_tmpConverter_2_1_3' <Predicate = (!icmp_ln194)> <Delay = 0.00>
ST_4 : Operation 152 [1/1] (0.00ns)   --->   "%arg0_tmpConverter_2_1_4 = partselect i32 @_ssdm_op_PartSelect.i32.i256.i32.i32, i256 %t_3, i32 128, i32 159"   --->   Operation 152 'partselect' 'arg0_tmpConverter_2_1_4' <Predicate = (!icmp_ln194)> <Delay = 0.00>
ST_4 : Operation 153 [1/1] (0.00ns)   --->   "%arg0_tmpConverter_2_1_5 = partselect i32 @_ssdm_op_PartSelect.i32.i256.i32.i32, i256 %t_3, i32 160, i32 191"   --->   Operation 153 'partselect' 'arg0_tmpConverter_2_1_5' <Predicate = (!icmp_ln194)> <Delay = 0.00>
ST_4 : Operation 154 [1/1] (0.00ns)   --->   "%arg0_tmpConverter_2_1_6 = partselect i32 @_ssdm_op_PartSelect.i32.i256.i32.i32, i256 %t_3, i32 192, i32 223"   --->   Operation 154 'partselect' 'arg0_tmpConverter_2_1_6' <Predicate = (!icmp_ln194)> <Delay = 0.00>
ST_4 : Operation 155 [1/1] (0.00ns)   --->   "%arg0_tmpConverter_2_1_7 = partselect i32 @_ssdm_op_PartSelect.i32.i256.i32.i32, i256 %t_3, i32 224, i32 255"   --->   Operation 155 'partselect' 'arg0_tmpConverter_2_1_7' <Predicate = (!icmp_ln194)> <Delay = 0.00>
ST_4 : Operation 156 [1/1] (0.39ns)   --->   "%store_ln194 = store i16 %S3D_7PT_buf_r1_2_p1_wr_2, i16 %S3D_7PT_buf_r1_2_p1_wr" [/home/x_thileeb/repos/ops-hls-pact25-artifact/codegen_apps/jacobian3d/vck5000_project/hls/device/include/PE_jac3D_kernel_stencil.hpp:194]   --->   Operation 156 'store' 'store_ln194' <Predicate = (!icmp_ln194)> <Delay = 0.39>

State 5 <SV = 4> <Delay = 1.60>
ST_5 : Operation 157 [1/1] (0.00ns)   --->   "%S3D_7PT_buf_r1_2_p1_rd_load = load i16 %S3D_7PT_buf_r1_2_p1_rd" [/home/x_thileeb/repos/ops-hls-pact25-artifact/codegen_apps/jacobian3d/vck5000_project/hls/device/include/PE_jac3D_kernel_stencil.hpp:297]   --->   Operation 157 'load' 'S3D_7PT_buf_r1_2_p1_rd_load' <Predicate = (!icmp_ln194)> <Delay = 0.00>
ST_5 : Operation 158 [1/1] (0.00ns)   --->   "%S3D_7PT_buf_r0_1_p1_wr_load = load i16 %S3D_7PT_buf_r0_1_p1_wr" [/home/x_thileeb/repos/ops-hls-pact25-artifact/codegen_apps/jacobian3d/vck5000_project/hls/device/include/PE_jac3D_kernel_stencil.hpp:290]   --->   Operation 158 'load' 'S3D_7PT_buf_r0_1_p1_wr_load' <Predicate = (!icmp_ln194)> <Delay = 0.00>
ST_5 : Operation 159 [1/1] (0.00ns)   --->   "%zext_ln256 = zext i16 %S3D_7PT_buf_r0_1_p1_wr_load" [/home/x_thileeb/repos/ops-hls-pact25-artifact/codegen_apps/jacobian3d/vck5000_project/hls/device/include/PE_jac3D_kernel_stencil.hpp:256]   --->   Operation 159 'zext' 'zext_ln256' <Predicate = (!icmp_ln194)> <Delay = 0.00>
ST_5 : Operation 160 [1/1] (0.00ns)   --->   "%arg0_buf_r0_1_p1_V_addr = getelementptr i256 %arg0_buf_r0_1_p1_V, i64 0, i64 %zext_ln256" [/home/x_thileeb/repos/ops-hls-pact25-artifact/codegen_apps/jacobian3d/vck5000_project/hls/device/include/PE_jac3D_kernel_stencil.hpp:256]   --->   Operation 160 'getelementptr' 'arg0_buf_r0_1_p1_V_addr' <Predicate = (!icmp_ln194)> <Delay = 0.00>
ST_5 : Operation 161 [3/3] (0.77ns)   --->   "%arg0_buf_r0_1_p1_V_load = load i6 %arg0_buf_r0_1_p1_V_addr" [/home/x_thileeb/repos/ops-hls-pact25-artifact/codegen_apps/jacobian3d/vck5000_project/hls/device/include/PE_jac3D_kernel_stencil.hpp:256]   --->   Operation 161 'load' 'arg0_buf_r0_1_p1_V_load' <Predicate = (!icmp_ln194)> <Delay = 0.77> <CoreInst = "RAM_S2P_BRAM">   --->   Core 101 'RAM_S2P_BRAM' <Latency = 2> <II = 1> <Delay = 1.25> <Storage> <Opcode : 'load' 'store'> <Ports = 2> <Width = 256> <Depth = 38> <RAM>
ST_5 : Operation 162 [1/1] (0.00ns)   --->   "%reuse_reg158_load = load i256 %reuse_reg158"   --->   Operation 162 'load' 'reuse_reg158_load' <Predicate = (!icmp_ln194)> <Delay = 0.00>
ST_5 : Operation 163 [1/1] (0.00ns)   --->   "%reuse_addr_reg159_load = load i64 %reuse_addr_reg159"   --->   Operation 163 'load' 'reuse_addr_reg159_load' <Predicate = (!icmp_ln194)> <Delay = 0.00>
ST_5 : Operation 164 [2/3] (1.25ns)   --->   "%arg0_buf_r1_2_p1_V_load = load i6 %arg0_buf_r1_2_p1_V_addr" [/home/x_thileeb/repos/ops-hls-pact25-artifact/codegen_apps/jacobian3d/vck5000_project/hls/device/include/PE_jac3D_kernel_stencil.hpp:260]   --->   Operation 164 'load' 'arg0_buf_r1_2_p1_V_load' <Predicate = (!icmp_ln194)> <Delay = 1.25> <CoreInst = "RAM_S2P_BRAM">   --->   Core 101 'RAM_S2P_BRAM' <Latency = 2> <II = 1> <Delay = 1.25> <Storage> <Opcode : 'load' 'store'> <Ports = 2> <Width = 256> <Depth = 38> <RAM>
ST_5 : Operation 165 [1/1] (0.77ns)   --->   "%addr_cmp162 = icmp_eq  i64 %reuse_addr_reg159_load, i64 %zext_ln260" [/home/x_thileeb/repos/ops-hls-pact25-artifact/codegen_apps/jacobian3d/vck5000_project/hls/device/include/PE_jac3D_kernel_stencil.hpp:260]   --->   Operation 165 'icmp' 'addr_cmp162' <Predicate = (!icmp_ln194)> <Delay = 0.77> <CoreInst = "Cmp">   --->   Core 9 'Cmp' <Latency = 0> <II = 1> <Delay = 0.77> <FuncUnit> <Opcode : 'icmp'> <InPorts = 2> <OutPorts = 1>
ST_5 : Operation 166 [1/1] (0.00ns)   --->   "%zext_ln263 = zext i16 %S3D_7PT_buf_r1_2_p1_rd_load" [/home/x_thileeb/repos/ops-hls-pact25-artifact/codegen_apps/jacobian3d/vck5000_project/hls/device/include/PE_jac3D_kernel_stencil.hpp:263]   --->   Operation 166 'zext' 'zext_ln263' <Predicate = (!icmp_ln194)> <Delay = 0.00>
ST_5 : Operation 167 [1/1] (0.00ns)   --->   "%arg0_buf_r1_2_p1_V_addr_1 = getelementptr i256 %arg0_buf_r1_2_p1_V, i64 0, i64 %zext_ln263" [/home/x_thileeb/repos/ops-hls-pact25-artifact/codegen_apps/jacobian3d/vck5000_project/hls/device/include/PE_jac3D_kernel_stencil.hpp:263]   --->   Operation 167 'getelementptr' 'arg0_buf_r1_2_p1_V_addr_1' <Predicate = (!icmp_ln194)> <Delay = 0.00>
ST_5 : Operation 168 [1/1] (0.77ns)   --->   "%store_ln263 = store i256 %t_3, i6 %arg0_buf_r1_2_p1_V_addr_1" [/home/x_thileeb/repos/ops-hls-pact25-artifact/codegen_apps/jacobian3d/vck5000_project/hls/device/include/PE_jac3D_kernel_stencil.hpp:263]   --->   Operation 168 'store' 'store_ln263' <Predicate = (!icmp_ln194)> <Delay = 0.77> <CoreInst = "RAM_S2P_BRAM">   --->   Core 101 'RAM_S2P_BRAM' <Latency = 2> <II = 1> <Delay = 1.25> <Storage> <Opcode : 'load' 'store'> <Ports = 2> <Width = 256> <Depth = 38> <RAM>
ST_5 : Operation 169 [1/1] (0.53ns)   --->   "%store_ln262 = store i256 %t_3, i256 %reuse_reg158" [/home/x_thileeb/repos/ops-hls-pact25-artifact/codegen_apps/jacobian3d/vck5000_project/hls/device/include/PE_jac3D_kernel_stencil.hpp:262]   --->   Operation 169 'store' 'store_ln262' <Predicate = (!icmp_ln194)> <Delay = 0.53>
ST_5 : Operation 170 [1/1] (0.49ns)   --->   "%store_ln263 = store i64 %zext_ln263, i64 %reuse_addr_reg159" [/home/x_thileeb/repos/ops-hls-pact25-artifact/codegen_apps/jacobian3d/vck5000_project/hls/device/include/PE_jac3D_kernel_stencil.hpp:263]   --->   Operation 170 'store' 'store_ln263' <Predicate = (!icmp_ln194)> <Delay = 0.49>
ST_5 : Operation 171 [1/1] (0.00ns)   --->   "%zext_ln280 = zext i16 %S3D_7PT_buf_r0_1_p1_wr_load" [/home/x_thileeb/repos/ops-hls-pact25-artifact/codegen_apps/jacobian3d/vck5000_project/hls/device/include/PE_jac3D_kernel_stencil.hpp:280]   --->   Operation 171 'zext' 'zext_ln280' <Predicate = (!icmp_ln194)> <Delay = 0.00>
ST_5 : Operation 172 [1/1] (0.65ns)   --->   "%icmp_ln280 = icmp_slt  i17 %zext_ln280, i17 %add_ln190_read" [/home/x_thileeb/repos/ops-hls-pact25-artifact/codegen_apps/jacobian3d/vck5000_project/hls/device/include/PE_jac3D_kernel_stencil.hpp:280]   --->   Operation 172 'icmp' 'icmp_ln280' <Predicate = (!icmp_ln194)> <Delay = 0.65> <CoreInst = "Cmp">   --->   Core 9 'Cmp' <Latency = 0> <II = 1> <Delay = 0.65> <FuncUnit> <Opcode : 'icmp'> <InPorts = 2> <OutPorts = 1>
ST_5 : Operation 173 [1/1] (0.00ns) (grouped into LUT with out node S3D_7PT_buf_r0_1_p1_wr_2)   --->   "%cond_end_of_line_buff_S3D_7PT_buf_r0_1_p1_wr = xor i1 %icmp_ln280, i1 1" [/home/x_thileeb/repos/ops-hls-pact25-artifact/codegen_apps/jacobian3d/vck5000_project/hls/device/include/PE_jac3D_kernel_stencil.hpp:280]   --->   Operation 173 'xor' 'cond_end_of_line_buff_S3D_7PT_buf_r0_1_p1_wr' <Predicate = (!icmp_ln194)> <Delay = 0.00> <CoreInst = "LogicGate">   --->   Core 78 'LogicGate' <Latency = 0> <II = 1> <Delay = 0.30> <FuncUnit> <Opcode : 'and' 'or' 'xor'> <InPorts = 2> <OutPorts = 1>
ST_5 : Operation 174 [1/1] (0.82ns)   --->   "%S3D_7PT_buf_r0_1_p1_wr_1 = add i16 %S3D_7PT_buf_r0_1_p1_wr_load, i16 1" [/home/x_thileeb/repos/ops-hls-pact25-artifact/codegen_apps/jacobian3d/vck5000_project/hls/device/include/PE_jac3D_kernel_stencil.hpp:290]   --->   Operation 174 'add' 'S3D_7PT_buf_r0_1_p1_wr_1' <Predicate = (!icmp_ln194)> <Delay = 0.82> <CoreInst = "Adder">   --->   Core 1 'Adder' <Latency = 0> <II = 1> <Delay = 0.82> <FuncUnit> <Opcode : 'add' 'sub'> <InPorts = 2> <OutPorts = 1>
ST_5 : Operation 175 [1/1] (0.38ns) (out node of the LUT)   --->   "%S3D_7PT_buf_r0_1_p1_wr_2 = select i1 %cond_end_of_line_buff_S3D_7PT_buf_r0_1_p1_wr, i16 0, i16 %S3D_7PT_buf_r0_1_p1_wr_1" [/home/x_thileeb/repos/ops-hls-pact25-artifact/codegen_apps/jacobian3d/vck5000_project/hls/device/include/PE_jac3D_kernel_stencil.hpp:287]   --->   Operation 175 'select' 'S3D_7PT_buf_r0_1_p1_wr_2' <Predicate = (!icmp_ln194)> <Delay = 0.38> <CoreInst = "Sel">   --->   Core 77 'Sel' <Latency = 0> <II = 1> <Delay = 0.38> <FuncUnit> <Opcode : 'select'> <InPorts = 3> <OutPorts = 1>
ST_5 : Operation 176 [1/1] (0.00ns)   --->   "%zext_ln291 = zext i16 %S3D_7PT_buf_r1_2_p1_rd_load" [/home/x_thileeb/repos/ops-hls-pact25-artifact/codegen_apps/jacobian3d/vck5000_project/hls/device/include/PE_jac3D_kernel_stencil.hpp:291]   --->   Operation 176 'zext' 'zext_ln291' <Predicate = (!icmp_ln194)> <Delay = 0.00>
ST_5 : Operation 177 [1/1] (0.65ns)   --->   "%icmp_ln291 = icmp_slt  i17 %zext_ln291, i17 %add_ln190_read" [/home/x_thileeb/repos/ops-hls-pact25-artifact/codegen_apps/jacobian3d/vck5000_project/hls/device/include/PE_jac3D_kernel_stencil.hpp:291]   --->   Operation 177 'icmp' 'icmp_ln291' <Predicate = (!icmp_ln194)> <Delay = 0.65> <CoreInst = "Cmp">   --->   Core 9 'Cmp' <Latency = 0> <II = 1> <Delay = 0.65> <FuncUnit> <Opcode : 'icmp'> <InPorts = 2> <OutPorts = 1>
ST_5 : Operation 178 [1/1] (0.00ns) (grouped into LUT with out node S3D_7PT_buf_r1_2_p1_rd_2)   --->   "%cond_end_of_line_buff_S3D_7PT_buf_r1_2_p1_rd = xor i1 %icmp_ln291, i1 1" [/home/x_thileeb/repos/ops-hls-pact25-artifact/codegen_apps/jacobian3d/vck5000_project/hls/device/include/PE_jac3D_kernel_stencil.hpp:291]   --->   Operation 178 'xor' 'cond_end_of_line_buff_S3D_7PT_buf_r1_2_p1_rd' <Predicate = (!icmp_ln194)> <Delay = 0.00> <CoreInst = "LogicGate">   --->   Core 78 'LogicGate' <Latency = 0> <II = 1> <Delay = 0.30> <FuncUnit> <Opcode : 'and' 'or' 'xor'> <InPorts = 2> <OutPorts = 1>
ST_5 : Operation 179 [1/1] (0.82ns)   --->   "%S3D_7PT_buf_r1_2_p1_rd_1 = add i16 %S3D_7PT_buf_r1_2_p1_rd_load, i16 1" [/home/x_thileeb/repos/ops-hls-pact25-artifact/codegen_apps/jacobian3d/vck5000_project/hls/device/include/PE_jac3D_kernel_stencil.hpp:297]   --->   Operation 179 'add' 'S3D_7PT_buf_r1_2_p1_rd_1' <Predicate = (!icmp_ln194)> <Delay = 0.82> <CoreInst = "Adder">   --->   Core 1 'Adder' <Latency = 0> <II = 1> <Delay = 0.82> <FuncUnit> <Opcode : 'add' 'sub'> <InPorts = 2> <OutPorts = 1>
ST_5 : Operation 180 [1/1] (0.38ns) (out node of the LUT)   --->   "%S3D_7PT_buf_r1_2_p1_rd_2 = select i1 %cond_end_of_line_buff_S3D_7PT_buf_r1_2_p1_rd, i16 0, i16 %S3D_7PT_buf_r1_2_p1_rd_1" [/home/x_thileeb/repos/ops-hls-pact25-artifact/codegen_apps/jacobian3d/vck5000_project/hls/device/include/PE_jac3D_kernel_stencil.hpp:294]   --->   Operation 180 'select' 'S3D_7PT_buf_r1_2_p1_rd_2' <Predicate = (!icmp_ln194)> <Delay = 0.38> <CoreInst = "Sel">   --->   Core 77 'Sel' <Latency = 0> <II = 1> <Delay = 0.38> <FuncUnit> <Opcode : 'select'> <InPorts = 3> <OutPorts = 1>
ST_5 : Operation 181 [1/1] (0.39ns)   --->   "%store_ln194 = store i16 %S3D_7PT_buf_r0_1_p1_wr_2, i16 %S3D_7PT_buf_r0_1_p1_wr" [/home/x_thileeb/repos/ops-hls-pact25-artifact/codegen_apps/jacobian3d/vck5000_project/hls/device/include/PE_jac3D_kernel_stencil.hpp:194]   --->   Operation 181 'store' 'store_ln194' <Predicate = (!icmp_ln194)> <Delay = 0.39>
ST_5 : Operation 182 [1/1] (0.39ns)   --->   "%store_ln194 = store i16 %S3D_7PT_buf_r1_2_p1_rd_2, i16 %S3D_7PT_buf_r1_2_p1_rd" [/home/x_thileeb/repos/ops-hls-pact25-artifact/codegen_apps/jacobian3d/vck5000_project/hls/device/include/PE_jac3D_kernel_stencil.hpp:194]   --->   Operation 182 'store' 'store_ln194' <Predicate = (!icmp_ln194)> <Delay = 0.39>

State 6 <SV = 5> <Delay = 2.30>
ST_6 : Operation 183 [1/1] (0.00ns)   --->   "%t_2 = load i256 %p_Val2_1"   --->   Operation 183 'load' 't_2' <Predicate = true> <Delay = 0.00>
ST_6 : Operation 184 [1/1] (0.00ns)   --->   "%j_load = load i16 %j" [/home/x_thileeb/repos/ops-hls-pact25-artifact/codegen_apps/jacobian3d/vck5000_project/hls/device/include/PE_jac3D_kernel_stencil.hpp:237]   --->   Operation 184 'load' 'j_load' <Predicate = (!icmp_ln194)> <Delay = 0.00>
ST_6 : Operation 185 [1/1] (0.00ns)   --->   "%i_load = load i16 %i" [/home/x_thileeb/repos/ops-hls-pact25-artifact/codegen_apps/jacobian3d/vck5000_project/hls/device/include/PE_jac3D_kernel_stencil.hpp:233]   --->   Operation 185 'load' 'i_load' <Predicate = (!icmp_ln194)> <Delay = 0.00>
ST_6 : Operation 186 [1/1] (0.62ns)   --->   "%cond_x_terminate = icmp_eq  i16 %i_load, i16 %cond_x_val_read" [/home/x_thileeb/repos/ops-hls-pact25-artifact/codegen_apps/jacobian3d/vck5000_project/hls/device/include/PE_jac3D_kernel_stencil.hpp:201]   --->   Operation 186 'icmp' 'cond_x_terminate' <Predicate = (!icmp_ln194)> <Delay = 0.62> <CoreInst = "Cmp">   --->   Core 9 'Cmp' <Latency = 0> <II = 1> <Delay = 0.62> <FuncUnit> <Opcode : 'icmp'> <InPorts = 2> <OutPorts = 1>
ST_6 : Operation 187 [1/1] (0.62ns)   --->   "%cond_y_terminate = icmp_eq  i16 %j_load, i16 %cond_y_val_read" [/home/x_thileeb/repos/ops-hls-pact25-artifact/codegen_apps/jacobian3d/vck5000_project/hls/device/include/PE_jac3D_kernel_stencil.hpp:202]   --->   Operation 187 'icmp' 'cond_y_terminate' <Predicate = (!icmp_ln194)> <Delay = 0.62> <CoreInst = "Cmp">   --->   Core 9 'Cmp' <Latency = 0> <II = 1> <Delay = 0.62> <FuncUnit> <Opcode : 'icmp'> <InPorts = 2> <OutPorts = 1>
ST_6 : Operation 188 [1/1] (0.82ns)   --->   "%i_1 = add i16 %i_load, i16 1" [/home/x_thileeb/repos/ops-hls-pact25-artifact/codegen_apps/jacobian3d/vck5000_project/hls/device/include/PE_jac3D_kernel_stencil.hpp:233]   --->   Operation 188 'add' 'i_1' <Predicate = (!icmp_ln194)> <Delay = 0.82> <CoreInst = "Adder">   --->   Core 1 'Adder' <Latency = 0> <II = 1> <Delay = 0.82> <FuncUnit> <Opcode : 'add' 'sub'> <InPorts = 2> <OutPorts = 1>
ST_6 : Operation 189 [1/1] (0.38ns)   --->   "%i_2 = select i1 %cond_x_terminate, i16 0, i16 %i_1" [/home/x_thileeb/repos/ops-hls-pact25-artifact/codegen_apps/jacobian3d/vck5000_project/hls/device/include/PE_jac3D_kernel_stencil.hpp:230]   --->   Operation 189 'select' 'i_2' <Predicate = (!icmp_ln194)> <Delay = 0.38> <CoreInst = "Sel">   --->   Core 77 'Sel' <Latency = 0> <II = 1> <Delay = 0.38> <FuncUnit> <Opcode : 'select'> <InPorts = 3> <OutPorts = 1>
ST_6 : Operation 190 [1/1] (0.30ns)   --->   "%xor_ln234 = xor i1 %cond_x_terminate, i1 1" [/home/x_thileeb/repos/ops-hls-pact25-artifact/codegen_apps/jacobian3d/vck5000_project/hls/device/include/PE_jac3D_kernel_stencil.hpp:234]   --->   Operation 190 'xor' 'xor_ln234' <Predicate = (!icmp_ln194)> <Delay = 0.30> <CoreInst = "LogicGate">   --->   Core 78 'LogicGate' <Latency = 0> <II = 1> <Delay = 0.30> <FuncUnit> <Opcode : 'and' 'or' 'xor'> <InPorts = 2> <OutPorts = 1>
ST_6 : Operation 191 [1/1] (0.00ns) (grouped into LUT with out node or_ln234)   --->   "%xor_ln234_1 = xor i1 %cond_y_terminate, i1 1" [/home/x_thileeb/repos/ops-hls-pact25-artifact/codegen_apps/jacobian3d/vck5000_project/hls/device/include/PE_jac3D_kernel_stencil.hpp:234]   --->   Operation 191 'xor' 'xor_ln234_1' <Predicate = (!icmp_ln194)> <Delay = 0.00> <CoreInst = "LogicGate">   --->   Core 78 'LogicGate' <Latency = 0> <II = 1> <Delay = 0.30> <FuncUnit> <Opcode : 'and' 'or' 'xor'> <InPorts = 2> <OutPorts = 1>
ST_6 : Operation 192 [1/1] (0.30ns) (out node of the LUT)   --->   "%or_ln234 = or i1 %xor_ln234, i1 %xor_ln234_1" [/home/x_thileeb/repos/ops-hls-pact25-artifact/codegen_apps/jacobian3d/vck5000_project/hls/device/include/PE_jac3D_kernel_stencil.hpp:234]   --->   Operation 192 'or' 'or_ln234' <Predicate = (!icmp_ln194)> <Delay = 0.30> <CoreInst = "LogicGate">   --->   Core 78 'LogicGate' <Latency = 0> <II = 1> <Delay = 0.30> <FuncUnit> <Opcode : 'and' 'or' 'xor'> <InPorts = 2> <OutPorts = 1>
ST_6 : Operation 193 [1/1] (0.82ns)   --->   "%add_ln237 = add i16 %j_load, i16 1" [/home/x_thileeb/repos/ops-hls-pact25-artifact/codegen_apps/jacobian3d/vck5000_project/hls/device/include/PE_jac3D_kernel_stencil.hpp:237]   --->   Operation 193 'add' 'add_ln237' <Predicate = (!icmp_ln194)> <Delay = 0.82> <CoreInst = "Adder">   --->   Core 1 'Adder' <Latency = 0> <II = 1> <Delay = 0.82> <FuncUnit> <Opcode : 'add' 'sub'> <InPorts = 2> <OutPorts = 1>
ST_6 : Operation 194 [1/1] (0.00ns) (grouped into LUT with out node j_2)   --->   "%j_1 = select i1 %cond_x_terminate, i16 %add_ln237, i16 %j_load" [/home/x_thileeb/repos/ops-hls-pact25-artifact/codegen_apps/jacobian3d/vck5000_project/hls/device/include/PE_jac3D_kernel_stencil.hpp:236]   --->   Operation 194 'select' 'j_1' <Predicate = (!icmp_ln194)> <Delay = 0.00> <CoreInst = "Sel">   --->   Core 77 'Sel' <Latency = 0> <II = 1> <Delay = 0.38> <FuncUnit> <Opcode : 'select'> <InPorts = 3> <OutPorts = 1>
ST_6 : Operation 195 [1/1] (0.38ns) (out node of the LUT)   --->   "%j_2 = select i1 %or_ln234, i16 %j_1, i16 0" [/home/x_thileeb/repos/ops-hls-pact25-artifact/codegen_apps/jacobian3d/vck5000_project/hls/device/include/PE_jac3D_kernel_stencil.hpp:234]   --->   Operation 195 'select' 'j_2' <Predicate = (!icmp_ln194)> <Delay = 0.38> <CoreInst = "Sel">   --->   Core 77 'Sel' <Latency = 0> <II = 1> <Delay = 0.38> <FuncUnit> <Opcode : 'select'> <InPorts = 3> <OutPorts = 1>
ST_6 : Operation 196 [1/1] (0.00ns)   --->   "%S3D_7PT_buf_r0_1_p1_rd_load = load i16 %S3D_7PT_buf_r0_1_p1_rd" [/home/x_thileeb/repos/ops-hls-pact25-artifact/codegen_apps/jacobian3d/vck5000_project/hls/device/include/PE_jac3D_kernel_stencil.hpp:285]   --->   Operation 196 'load' 'S3D_7PT_buf_r0_1_p1_rd_load' <Predicate = (!icmp_ln194)> <Delay = 0.00>
ST_6 : Operation 197 [1/1] (0.00ns)   --->   "%p_Val2_load = load i256 %p_Val2_s"   --->   Operation 197 'load' 'p_Val2_load' <Predicate = (!icmp_ln194)> <Delay = 0.00>
ST_6 : Operation 198 [1/1] (0.00ns)   --->   "%reuse_addr_reg165_load = load i64 %reuse_addr_reg165"   --->   Operation 198 'load' 'reuse_addr_reg165_load' <Predicate = (!icmp_ln194)> <Delay = 0.00>
ST_6 : Operation 199 [2/3] (1.25ns)   --->   "%arg0_buf_r0_1_p1_V_load = load i6 %arg0_buf_r0_1_p1_V_addr" [/home/x_thileeb/repos/ops-hls-pact25-artifact/codegen_apps/jacobian3d/vck5000_project/hls/device/include/PE_jac3D_kernel_stencil.hpp:256]   --->   Operation 199 'load' 'arg0_buf_r0_1_p1_V_load' <Predicate = (!icmp_ln194)> <Delay = 1.25> <CoreInst = "RAM_S2P_BRAM">   --->   Core 101 'RAM_S2P_BRAM' <Latency = 2> <II = 1> <Delay = 1.25> <Storage> <Opcode : 'load' 'store'> <Ports = 2> <Width = 256> <Depth = 38> <RAM>
ST_6 : Operation 200 [1/1] (0.77ns)   --->   "%addr_cmp168 = icmp_eq  i64 %reuse_addr_reg165_load, i64 %zext_ln256" [/home/x_thileeb/repos/ops-hls-pact25-artifact/codegen_apps/jacobian3d/vck5000_project/hls/device/include/PE_jac3D_kernel_stencil.hpp:256]   --->   Operation 200 'icmp' 'addr_cmp168' <Predicate = (!icmp_ln194)> <Delay = 0.77> <CoreInst = "Cmp">   --->   Core 9 'Cmp' <Latency = 0> <II = 1> <Delay = 0.77> <FuncUnit> <Opcode : 'icmp'> <InPorts = 2> <OutPorts = 1>
ST_6 : Operation 201 [1/3] (0.88ns)   --->   "%arg0_buf_r1_2_p1_V_load = load i6 %arg0_buf_r1_2_p1_V_addr" [/home/x_thileeb/repos/ops-hls-pact25-artifact/codegen_apps/jacobian3d/vck5000_project/hls/device/include/PE_jac3D_kernel_stencil.hpp:260]   --->   Operation 201 'load' 'arg0_buf_r1_2_p1_V_load' <Predicate = (!icmp_ln194)> <Delay = 0.88> <CoreInst = "RAM_S2P_BRAM">   --->   Core 101 'RAM_S2P_BRAM' <Latency = 2> <II = 1> <Delay = 1.25> <Storage> <Opcode : 'load' 'store'> <Ports = 2> <Width = 256> <Depth = 38> <RAM>
ST_6 : Operation 202 [1/1] (0.70ns)   --->   "%t_4 = select i1 %addr_cmp162, i256 %reuse_reg158_load, i256 %arg0_buf_r1_2_p1_V_load" [/home/x_thileeb/repos/ops-hls-pact25-artifact/codegen_apps/jacobian3d/vck5000_project/hls/device/include/PE_jac3D_kernel_stencil.hpp:260]   --->   Operation 202 'select' 't_4' <Predicate = (!icmp_ln194)> <Delay = 0.70> <CoreInst = "Sel">   --->   Core 77 'Sel' <Latency = 0> <II = 1> <Delay = 0.70> <FuncUnit> <Opcode : 'select'> <InPorts = 3> <OutPorts = 1>
ST_6 : Operation 203 [1/1] (0.00ns)   --->   "%zext_ln261 = zext i16 %S3D_7PT_buf_r0_1_p1_rd_load" [/home/x_thileeb/repos/ops-hls-pact25-artifact/codegen_apps/jacobian3d/vck5000_project/hls/device/include/PE_jac3D_kernel_stencil.hpp:261]   --->   Operation 203 'zext' 'zext_ln261' <Predicate = (!icmp_ln194)> <Delay = 0.00>
ST_6 : Operation 204 [1/1] (0.00ns)   --->   "%arg0_buf_r0_1_p1_V_addr_1 = getelementptr i256 %arg0_buf_r0_1_p1_V, i64 0, i64 %zext_ln261" [/home/x_thileeb/repos/ops-hls-pact25-artifact/codegen_apps/jacobian3d/vck5000_project/hls/device/include/PE_jac3D_kernel_stencil.hpp:261]   --->   Operation 204 'getelementptr' 'arg0_buf_r0_1_p1_V_addr_1' <Predicate = (!icmp_ln194)> <Delay = 0.00>
ST_6 : Operation 205 [1/1] (0.77ns)   --->   "%store_ln261 = store i256 %p_Val2_load, i6 %arg0_buf_r0_1_p1_V_addr_1" [/home/x_thileeb/repos/ops-hls-pact25-artifact/codegen_apps/jacobian3d/vck5000_project/hls/device/include/PE_jac3D_kernel_stencil.hpp:261]   --->   Operation 205 'store' 'store_ln261' <Predicate = (!icmp_ln194)> <Delay = 0.77> <CoreInst = "RAM_S2P_BRAM">   --->   Core 101 'RAM_S2P_BRAM' <Latency = 2> <II = 1> <Delay = 1.25> <Storage> <Opcode : 'load' 'store'> <Ports = 2> <Width = 256> <Depth = 38> <RAM>
ST_6 : Operation 206 [1/1] (0.49ns)   --->   "%store_ln261 = store i64 %zext_ln261, i64 %reuse_addr_reg165" [/home/x_thileeb/repos/ops-hls-pact25-artifact/codegen_apps/jacobian3d/vck5000_project/hls/device/include/PE_jac3D_kernel_stencil.hpp:261]   --->   Operation 206 'store' 'store_ln261' <Predicate = (!icmp_ln194)> <Delay = 0.49>
ST_6 : Operation 207 [1/1] (0.00ns)   --->   "%zext_ln279 = zext i16 %S3D_7PT_buf_r0_1_p1_rd_load" [/home/x_thileeb/repos/ops-hls-pact25-artifact/codegen_apps/jacobian3d/vck5000_project/hls/device/include/PE_jac3D_kernel_stencil.hpp:279]   --->   Operation 207 'zext' 'zext_ln279' <Predicate = (!icmp_ln194)> <Delay = 0.00>
ST_6 : Operation 208 [1/1] (0.65ns)   --->   "%icmp_ln279 = icmp_slt  i17 %zext_ln279, i17 %add_ln190_read" [/home/x_thileeb/repos/ops-hls-pact25-artifact/codegen_apps/jacobian3d/vck5000_project/hls/device/include/PE_jac3D_kernel_stencil.hpp:279]   --->   Operation 208 'icmp' 'icmp_ln279' <Predicate = (!icmp_ln194)> <Delay = 0.65> <CoreInst = "Cmp">   --->   Core 9 'Cmp' <Latency = 0> <II = 1> <Delay = 0.65> <FuncUnit> <Opcode : 'icmp'> <InPorts = 2> <OutPorts = 1>
ST_6 : Operation 209 [1/1] (0.00ns) (grouped into LUT with out node S3D_7PT_buf_r0_1_p1_rd_2)   --->   "%cond_end_of_line_buff_S3D_7PT_buf_r0_1_p1_rd = xor i1 %icmp_ln279, i1 1" [/home/x_thileeb/repos/ops-hls-pact25-artifact/codegen_apps/jacobian3d/vck5000_project/hls/device/include/PE_jac3D_kernel_stencil.hpp:279]   --->   Operation 209 'xor' 'cond_end_of_line_buff_S3D_7PT_buf_r0_1_p1_rd' <Predicate = (!icmp_ln194)> <Delay = 0.00> <CoreInst = "LogicGate">   --->   Core 78 'LogicGate' <Latency = 0> <II = 1> <Delay = 0.30> <FuncUnit> <Opcode : 'and' 'or' 'xor'> <InPorts = 2> <OutPorts = 1>
ST_6 : Operation 210 [1/1] (0.82ns)   --->   "%S3D_7PT_buf_r0_1_p1_rd_1 = add i16 %S3D_7PT_buf_r0_1_p1_rd_load, i16 1" [/home/x_thileeb/repos/ops-hls-pact25-artifact/codegen_apps/jacobian3d/vck5000_project/hls/device/include/PE_jac3D_kernel_stencil.hpp:285]   --->   Operation 210 'add' 'S3D_7PT_buf_r0_1_p1_rd_1' <Predicate = (!icmp_ln194)> <Delay = 0.82> <CoreInst = "Adder">   --->   Core 1 'Adder' <Latency = 0> <II = 1> <Delay = 0.82> <FuncUnit> <Opcode : 'add' 'sub'> <InPorts = 2> <OutPorts = 1>
ST_6 : Operation 211 [1/1] (0.38ns) (out node of the LUT)   --->   "%S3D_7PT_buf_r0_1_p1_rd_2 = select i1 %cond_end_of_line_buff_S3D_7PT_buf_r0_1_p1_rd, i16 0, i16 %S3D_7PT_buf_r0_1_p1_rd_1" [/home/x_thileeb/repos/ops-hls-pact25-artifact/codegen_apps/jacobian3d/vck5000_project/hls/device/include/PE_jac3D_kernel_stencil.hpp:282]   --->   Operation 211 'select' 'S3D_7PT_buf_r0_1_p1_rd_2' <Predicate = (!icmp_ln194)> <Delay = 0.38> <CoreInst = "Sel">   --->   Core 77 'Sel' <Latency = 0> <II = 1> <Delay = 0.38> <FuncUnit> <Opcode : 'select'> <InPorts = 3> <OutPorts = 1>
ST_6 : Operation 212 [1/1] (0.00ns)   --->   "%arg0_tmpConverter_1_1 = trunc i256 %t_2"   --->   Operation 212 'trunc' 'arg0_tmpConverter_1_1' <Predicate = (!icmp_ln194)> <Delay = 0.00>
ST_6 : Operation 213 [1/1] (0.00ns)   --->   "%arg0_rowArr_1_1 = bitcast i32 %arg0_tmpConverter_1_1" [/home/x_thileeb/repos/ops-hls-pact25-artifact/codegen_apps/jacobian3d/vck5000_project/hls/device/include/PE_jac3D_kernel_stencil.hpp:366]   --->   Operation 213 'bitcast' 'arg0_rowArr_1_1' <Predicate = (!icmp_ln194)> <Delay = 0.00>
ST_6 : Operation 214 [1/1] (0.00ns)   --->   "%arg0_tmpConverter_1_1_1 = partselect i32 @_ssdm_op_PartSelect.i32.i256.i32.i32, i256 %t_2, i32 32, i32 63"   --->   Operation 214 'partselect' 'arg0_tmpConverter_1_1_1' <Predicate = (!icmp_ln194)> <Delay = 0.00>
ST_6 : Operation 215 [1/1] (0.00ns)   --->   "%arg0_rowArr_1_1_1 = bitcast i32 %arg0_tmpConverter_1_1_1" [/home/x_thileeb/repos/ops-hls-pact25-artifact/codegen_apps/jacobian3d/vck5000_project/hls/device/include/PE_jac3D_kernel_stencil.hpp:366]   --->   Operation 215 'bitcast' 'arg0_rowArr_1_1_1' <Predicate = (!icmp_ln194)> <Delay = 0.00>
ST_6 : Operation 216 [1/1] (0.00ns)   --->   "%arg0_tmpConverter_1_1_2 = partselect i32 @_ssdm_op_PartSelect.i32.i256.i32.i32, i256 %t_2, i32 64, i32 95"   --->   Operation 216 'partselect' 'arg0_tmpConverter_1_1_2' <Predicate = (!icmp_ln194)> <Delay = 0.00>
ST_6 : Operation 217 [1/1] (0.00ns)   --->   "%arg0_tmpConverter_1_1_3 = partselect i32 @_ssdm_op_PartSelect.i32.i256.i32.i32, i256 %t_2, i32 96, i32 127"   --->   Operation 217 'partselect' 'arg0_tmpConverter_1_1_3' <Predicate = (!icmp_ln194)> <Delay = 0.00>
ST_6 : Operation 218 [1/1] (0.00ns)   --->   "%arg0_tmpConverter_1_1_4 = partselect i32 @_ssdm_op_PartSelect.i32.i256.i32.i32, i256 %t_2, i32 128, i32 159"   --->   Operation 218 'partselect' 'arg0_tmpConverter_1_1_4' <Predicate = (!icmp_ln194)> <Delay = 0.00>
ST_6 : Operation 219 [1/1] (0.00ns)   --->   "%arg0_rowArr_1_1_4 = bitcast i32 %arg0_tmpConverter_1_1_4" [/home/x_thileeb/repos/ops-hls-pact25-artifact/codegen_apps/jacobian3d/vck5000_project/hls/device/include/PE_jac3D_kernel_stencil.hpp:366]   --->   Operation 219 'bitcast' 'arg0_rowArr_1_1_4' <Predicate = (!icmp_ln194)> <Delay = 0.00>
ST_6 : Operation 220 [1/1] (0.00ns)   --->   "%arg1_tmpConvWrite_14 = partselect i32 @_ssdm_op_PartSelect.i32.i256.i32.i32, i256 %t_2, i32 160, i32 191"   --->   Operation 220 'partselect' 'arg1_tmpConvWrite_14' <Predicate = (!icmp_ln194)> <Delay = 0.00>
ST_6 : Operation 221 [1/1] (0.00ns)   --->   "%arg1_tmpConvWrite_15 = partselect i32 @_ssdm_op_PartSelect.i32.i256.i32.i32, i256 %t_2, i32 192, i32 223"   --->   Operation 221 'partselect' 'arg1_tmpConvWrite_15' <Predicate = (!icmp_ln194)> <Delay = 0.00>
ST_6 : Operation 222 [1/1] (0.00ns)   --->   "%arg1_tmpConvWrite_16 = partselect i32 @_ssdm_op_PartSelect.i32.i256.i32.i32, i256 %t_2, i32 224, i32 255"   --->   Operation 222 'partselect' 'arg1_tmpConvWrite_16' <Predicate = (!icmp_ln194)> <Delay = 0.00>
ST_6 : Operation 223 [1/1] (0.00ns)   --->   "%arg0_tmpConverter_0_1_1_7 = partselect i32 @_ssdm_op_PartSelect.i32.i256.i32.i32, i256 %p_Val2_load, i32 224, i32 255"   --->   Operation 223 'partselect' 'arg0_tmpConverter_0_1_1_7' <Predicate = (!icmp_ln194)> <Delay = 0.00>
ST_6 : Operation 224 [1/1] (0.00ns)   --->   "%arg0_tmpConverter_2_1_1_0 = trunc i256 %t_4"   --->   Operation 224 'trunc' 'arg0_tmpConverter_2_1_1_0' <Predicate = (!icmp_ln194)> <Delay = 0.00>
ST_6 : Operation 225 [1/1] (0.00ns)   --->   "%index = shl i16 %i_2, i16 3" [/home/x_thileeb/repos/ops-hls-pact25-artifact/codegen_apps/jacobian3d/vck5000_project/hls/device/include/PE_jac3D_kernel_stencil.hpp:392]   --->   Operation 225 'shl' 'index' <Predicate = (!icmp_ln194)> <Delay = 0.00>
ST_6 : Operation 226 [1/1] (0.00ns)   --->   "%j_2_cast = sext i16 %j_2" [/home/x_thileeb/repos/ops-hls-pact25-artifact/codegen_apps/jacobian3d/vck5000_project/hls/device/include/PE_jac3D_kernel_stencil.hpp:234]   --->   Operation 226 'sext' 'j_2_cast' <Predicate = (!icmp_ln194)> <Delay = 0.00>
ST_6 : Operation 227 [1/1] (0.62ns)   --->   "%cmp387 = icmp_slt  i17 %j_2_cast, i17 %p_read4_cast_cast" [/home/x_thileeb/repos/ops-hls-pact25-artifact/codegen_apps/jacobian3d/vck5000_project/hls/device/include/PE_jac3D_kernel_stencil.hpp:234]   --->   Operation 227 'icmp' 'cmp387' <Predicate = (!icmp_ln194)> <Delay = 0.62> <CoreInst = "Cmp">   --->   Core 9 'Cmp' <Latency = 0> <II = 1> <Delay = 0.62> <FuncUnit> <Opcode : 'icmp'> <InPorts = 2> <OutPorts = 1>
ST_6 : Operation 228 [1/1] (0.62ns)   --->   "%slt144 = icmp_slt  i17 %j_2_cast, i17 %p_read7_cast_cast" [/home/x_thileeb/repos/ops-hls-pact25-artifact/codegen_apps/jacobian3d/vck5000_project/hls/device/include/PE_jac3D_kernel_stencil.hpp:234]   --->   Operation 228 'icmp' 'slt144' <Predicate = (!icmp_ln194)> <Delay = 0.62> <CoreInst = "Cmp">   --->   Core 9 'Cmp' <Latency = 0> <II = 1> <Delay = 0.62> <FuncUnit> <Opcode : 'icmp'> <InPorts = 2> <OutPorts = 1>
ST_6 : Operation 229 [1/1] (0.00ns)   --->   "%sext_ln394 = sext i16 %index" [/home/x_thileeb/repos/ops-hls-pact25-artifact/codegen_apps/jacobian3d/vck5000_project/hls/device/include/PE_jac3D_kernel_stencil.hpp:394]   --->   Operation 229 'sext' 'sext_ln394' <Predicate = (!icmp_ln194)> <Delay = 0.00>
ST_6 : Operation 230 [1/1] (0.62ns)   --->   "%icmp_ln394 = icmp_slt  i17 %sext_ln394, i17 %p_read3_cast_cast" [/home/x_thileeb/repos/ops-hls-pact25-artifact/codegen_apps/jacobian3d/vck5000_project/hls/device/include/PE_jac3D_kernel_stencil.hpp:394]   --->   Operation 230 'icmp' 'icmp_ln394' <Predicate = (!icmp_ln194)> <Delay = 0.62> <CoreInst = "Cmp">   --->   Core 9 'Cmp' <Latency = 0> <II = 1> <Delay = 0.62> <FuncUnit> <Opcode : 'icmp'> <InPorts = 2> <OutPorts = 1>
ST_6 : Operation 231 [1/1] (0.00ns)   --->   "%br_ln395 = br i1 %icmp_ln394, void %lor.lhs.false, void %if.else436" [/home/x_thileeb/repos/ops-hls-pact25-artifact/codegen_apps/jacobian3d/vck5000_project/hls/device/include/PE_jac3D_kernel_stencil.hpp:395]   --->   Operation 231 'br' 'br_ln395' <Predicate = (!icmp_ln194)> <Delay = 0.00>
ST_6 : Operation 232 [1/1] (0.62ns)   --->   "%icmp_ln395 = icmp_slt  i17 %sext_ln394, i17 %p_read6_cast_cast" [/home/x_thileeb/repos/ops-hls-pact25-artifact/codegen_apps/jacobian3d/vck5000_project/hls/device/include/PE_jac3D_kernel_stencil.hpp:395]   --->   Operation 232 'icmp' 'icmp_ln395' <Predicate = (!icmp_ln194 & !icmp_ln394)> <Delay = 0.62> <CoreInst = "Cmp">   --->   Core 9 'Cmp' <Latency = 0> <II = 1> <Delay = 0.62> <FuncUnit> <Opcode : 'icmp'> <InPorts = 2> <OutPorts = 1>
ST_6 : Operation 233 [1/1] (0.00ns)   --->   "%index_1 = or i16 %index, i16 1" [/home/x_thileeb/repos/ops-hls-pact25-artifact/codegen_apps/jacobian3d/vck5000_project/hls/device/include/PE_jac3D_kernel_stencil.hpp:392]   --->   Operation 233 'or' 'index_1' <Predicate = (!icmp_ln194)> <Delay = 0.00>
ST_6 : Operation 234 [1/1] (0.00ns)   --->   "%sext_ln394_1 = sext i16 %index_1" [/home/x_thileeb/repos/ops-hls-pact25-artifact/codegen_apps/jacobian3d/vck5000_project/hls/device/include/PE_jac3D_kernel_stencil.hpp:394]   --->   Operation 234 'sext' 'sext_ln394_1' <Predicate = (!icmp_ln194)> <Delay = 0.00>
ST_6 : Operation 235 [1/1] (0.62ns)   --->   "%icmp_ln394_1 = icmp_slt  i17 %sext_ln394_1, i17 %p_read3_cast_cast" [/home/x_thileeb/repos/ops-hls-pact25-artifact/codegen_apps/jacobian3d/vck5000_project/hls/device/include/PE_jac3D_kernel_stencil.hpp:394]   --->   Operation 235 'icmp' 'icmp_ln394_1' <Predicate = (!icmp_ln194)> <Delay = 0.62> <CoreInst = "Cmp">   --->   Core 9 'Cmp' <Latency = 0> <II = 1> <Delay = 0.62> <FuncUnit> <Opcode : 'icmp'> <InPorts = 2> <OutPorts = 1>
ST_6 : Operation 236 [1/1] (0.00ns)   --->   "%br_ln395 = br i1 %icmp_ln394_1, void %lor.lhs.false.1, void %if.else436.1" [/home/x_thileeb/repos/ops-hls-pact25-artifact/codegen_apps/jacobian3d/vck5000_project/hls/device/include/PE_jac3D_kernel_stencil.hpp:395]   --->   Operation 236 'br' 'br_ln395' <Predicate = (!icmp_ln194)> <Delay = 0.00>
ST_6 : Operation 237 [1/1] (0.62ns)   --->   "%icmp_ln395_1 = icmp_slt  i17 %sext_ln394_1, i17 %p_read6_cast_cast" [/home/x_thileeb/repos/ops-hls-pact25-artifact/codegen_apps/jacobian3d/vck5000_project/hls/device/include/PE_jac3D_kernel_stencil.hpp:395]   --->   Operation 237 'icmp' 'icmp_ln395_1' <Predicate = (!icmp_ln194 & !icmp_ln394_1)> <Delay = 0.62> <CoreInst = "Cmp">   --->   Core 9 'Cmp' <Latency = 0> <II = 1> <Delay = 0.62> <FuncUnit> <Opcode : 'icmp'> <InPorts = 2> <OutPorts = 1>
ST_6 : Operation 238 [1/1] (0.00ns)   --->   "%index_2 = or i16 %index, i16 2" [/home/x_thileeb/repos/ops-hls-pact25-artifact/codegen_apps/jacobian3d/vck5000_project/hls/device/include/PE_jac3D_kernel_stencil.hpp:392]   --->   Operation 238 'or' 'index_2' <Predicate = (!icmp_ln194)> <Delay = 0.00>
ST_6 : Operation 239 [1/1] (0.00ns)   --->   "%sext_ln394_2 = sext i16 %index_2" [/home/x_thileeb/repos/ops-hls-pact25-artifact/codegen_apps/jacobian3d/vck5000_project/hls/device/include/PE_jac3D_kernel_stencil.hpp:394]   --->   Operation 239 'sext' 'sext_ln394_2' <Predicate = (!icmp_ln194)> <Delay = 0.00>
ST_6 : Operation 240 [1/1] (0.62ns)   --->   "%icmp_ln394_2 = icmp_slt  i17 %sext_ln394_2, i17 %p_read3_cast_cast" [/home/x_thileeb/repos/ops-hls-pact25-artifact/codegen_apps/jacobian3d/vck5000_project/hls/device/include/PE_jac3D_kernel_stencil.hpp:394]   --->   Operation 240 'icmp' 'icmp_ln394_2' <Predicate = (!icmp_ln194)> <Delay = 0.62> <CoreInst = "Cmp">   --->   Core 9 'Cmp' <Latency = 0> <II = 1> <Delay = 0.62> <FuncUnit> <Opcode : 'icmp'> <InPorts = 2> <OutPorts = 1>
ST_6 : Operation 241 [1/1] (0.00ns)   --->   "%br_ln395 = br i1 %icmp_ln394_2, void %lor.lhs.false.2, void %if.else436.2" [/home/x_thileeb/repos/ops-hls-pact25-artifact/codegen_apps/jacobian3d/vck5000_project/hls/device/include/PE_jac3D_kernel_stencil.hpp:395]   --->   Operation 241 'br' 'br_ln395' <Predicate = (!icmp_ln194)> <Delay = 0.00>
ST_6 : Operation 242 [1/1] (0.62ns)   --->   "%icmp_ln395_2 = icmp_slt  i17 %sext_ln394_2, i17 %p_read6_cast_cast" [/home/x_thileeb/repos/ops-hls-pact25-artifact/codegen_apps/jacobian3d/vck5000_project/hls/device/include/PE_jac3D_kernel_stencil.hpp:395]   --->   Operation 242 'icmp' 'icmp_ln395_2' <Predicate = (!icmp_ln194 & !icmp_ln394_2)> <Delay = 0.62> <CoreInst = "Cmp">   --->   Core 9 'Cmp' <Latency = 0> <II = 1> <Delay = 0.62> <FuncUnit> <Opcode : 'icmp'> <InPorts = 2> <OutPorts = 1>
ST_6 : Operation 243 [1/1] (0.00ns)   --->   "%index_3 = or i16 %index, i16 3" [/home/x_thileeb/repos/ops-hls-pact25-artifact/codegen_apps/jacobian3d/vck5000_project/hls/device/include/PE_jac3D_kernel_stencil.hpp:392]   --->   Operation 243 'or' 'index_3' <Predicate = (!icmp_ln194)> <Delay = 0.00>
ST_6 : Operation 244 [1/1] (0.00ns)   --->   "%sext_ln394_3 = sext i16 %index_3" [/home/x_thileeb/repos/ops-hls-pact25-artifact/codegen_apps/jacobian3d/vck5000_project/hls/device/include/PE_jac3D_kernel_stencil.hpp:394]   --->   Operation 244 'sext' 'sext_ln394_3' <Predicate = (!icmp_ln194)> <Delay = 0.00>
ST_6 : Operation 245 [1/1] (0.62ns)   --->   "%icmp_ln394_3 = icmp_slt  i17 %sext_ln394_3, i17 %p_read3_cast_cast" [/home/x_thileeb/repos/ops-hls-pact25-artifact/codegen_apps/jacobian3d/vck5000_project/hls/device/include/PE_jac3D_kernel_stencil.hpp:394]   --->   Operation 245 'icmp' 'icmp_ln394_3' <Predicate = (!icmp_ln194)> <Delay = 0.62> <CoreInst = "Cmp">   --->   Core 9 'Cmp' <Latency = 0> <II = 1> <Delay = 0.62> <FuncUnit> <Opcode : 'icmp'> <InPorts = 2> <OutPorts = 1>
ST_6 : Operation 246 [1/1] (0.00ns)   --->   "%br_ln395 = br i1 %icmp_ln394_3, void %lor.lhs.false.3, void %if.else436.3" [/home/x_thileeb/repos/ops-hls-pact25-artifact/codegen_apps/jacobian3d/vck5000_project/hls/device/include/PE_jac3D_kernel_stencil.hpp:395]   --->   Operation 246 'br' 'br_ln395' <Predicate = (!icmp_ln194)> <Delay = 0.00>
ST_6 : Operation 247 [1/1] (0.62ns)   --->   "%icmp_ln395_3 = icmp_slt  i17 %sext_ln394_3, i17 %p_read6_cast_cast" [/home/x_thileeb/repos/ops-hls-pact25-artifact/codegen_apps/jacobian3d/vck5000_project/hls/device/include/PE_jac3D_kernel_stencil.hpp:395]   --->   Operation 247 'icmp' 'icmp_ln395_3' <Predicate = (!icmp_ln194 & !icmp_ln394_3)> <Delay = 0.62> <CoreInst = "Cmp">   --->   Core 9 'Cmp' <Latency = 0> <II = 1> <Delay = 0.62> <FuncUnit> <Opcode : 'icmp'> <InPorts = 2> <OutPorts = 1>
ST_6 : Operation 248 [1/1] (0.00ns)   --->   "%index_4 = or i16 %index, i16 4" [/home/x_thileeb/repos/ops-hls-pact25-artifact/codegen_apps/jacobian3d/vck5000_project/hls/device/include/PE_jac3D_kernel_stencil.hpp:392]   --->   Operation 248 'or' 'index_4' <Predicate = (!icmp_ln194)> <Delay = 0.00>
ST_6 : Operation 249 [1/1] (0.00ns)   --->   "%sext_ln394_4 = sext i16 %index_4" [/home/x_thileeb/repos/ops-hls-pact25-artifact/codegen_apps/jacobian3d/vck5000_project/hls/device/include/PE_jac3D_kernel_stencil.hpp:394]   --->   Operation 249 'sext' 'sext_ln394_4' <Predicate = (!icmp_ln194)> <Delay = 0.00>
ST_6 : Operation 250 [1/1] (0.62ns)   --->   "%icmp_ln394_4 = icmp_slt  i17 %sext_ln394_4, i17 %p_read3_cast_cast" [/home/x_thileeb/repos/ops-hls-pact25-artifact/codegen_apps/jacobian3d/vck5000_project/hls/device/include/PE_jac3D_kernel_stencil.hpp:394]   --->   Operation 250 'icmp' 'icmp_ln394_4' <Predicate = (!icmp_ln194)> <Delay = 0.62> <CoreInst = "Cmp">   --->   Core 9 'Cmp' <Latency = 0> <II = 1> <Delay = 0.62> <FuncUnit> <Opcode : 'icmp'> <InPorts = 2> <OutPorts = 1>
ST_6 : Operation 251 [1/1] (0.00ns)   --->   "%br_ln395 = br i1 %icmp_ln394_4, void %lor.lhs.false.4, void %if.else436.4" [/home/x_thileeb/repos/ops-hls-pact25-artifact/codegen_apps/jacobian3d/vck5000_project/hls/device/include/PE_jac3D_kernel_stencil.hpp:395]   --->   Operation 251 'br' 'br_ln395' <Predicate = (!icmp_ln194)> <Delay = 0.00>
ST_6 : Operation 252 [1/1] (0.62ns)   --->   "%icmp_ln395_4 = icmp_slt  i17 %sext_ln394_4, i17 %p_read6_cast_cast" [/home/x_thileeb/repos/ops-hls-pact25-artifact/codegen_apps/jacobian3d/vck5000_project/hls/device/include/PE_jac3D_kernel_stencil.hpp:395]   --->   Operation 252 'icmp' 'icmp_ln395_4' <Predicate = (!icmp_ln194 & !icmp_ln394_4)> <Delay = 0.62> <CoreInst = "Cmp">   --->   Core 9 'Cmp' <Latency = 0> <II = 1> <Delay = 0.62> <FuncUnit> <Opcode : 'icmp'> <InPorts = 2> <OutPorts = 1>
ST_6 : Operation 253 [1/1] (0.00ns)   --->   "%index_5 = or i16 %index, i16 5" [/home/x_thileeb/repos/ops-hls-pact25-artifact/codegen_apps/jacobian3d/vck5000_project/hls/device/include/PE_jac3D_kernel_stencil.hpp:392]   --->   Operation 253 'or' 'index_5' <Predicate = (!icmp_ln194)> <Delay = 0.00>
ST_6 : Operation 254 [1/1] (0.00ns)   --->   "%sext_ln394_5 = sext i16 %index_5" [/home/x_thileeb/repos/ops-hls-pact25-artifact/codegen_apps/jacobian3d/vck5000_project/hls/device/include/PE_jac3D_kernel_stencil.hpp:394]   --->   Operation 254 'sext' 'sext_ln394_5' <Predicate = (!icmp_ln194)> <Delay = 0.00>
ST_6 : Operation 255 [1/1] (0.62ns)   --->   "%icmp_ln394_5 = icmp_slt  i17 %sext_ln394_5, i17 %p_read3_cast_cast" [/home/x_thileeb/repos/ops-hls-pact25-artifact/codegen_apps/jacobian3d/vck5000_project/hls/device/include/PE_jac3D_kernel_stencil.hpp:394]   --->   Operation 255 'icmp' 'icmp_ln394_5' <Predicate = (!icmp_ln194)> <Delay = 0.62> <CoreInst = "Cmp">   --->   Core 9 'Cmp' <Latency = 0> <II = 1> <Delay = 0.62> <FuncUnit> <Opcode : 'icmp'> <InPorts = 2> <OutPorts = 1>
ST_6 : Operation 256 [1/1] (0.46ns)   --->   "%br_ln395 = br i1 %icmp_ln394_5, void %lor.lhs.false.5, void %for.inc452.5" [/home/x_thileeb/repos/ops-hls-pact25-artifact/codegen_apps/jacobian3d/vck5000_project/hls/device/include/PE_jac3D_kernel_stencil.hpp:395]   --->   Operation 256 'br' 'br_ln395' <Predicate = (!icmp_ln194)> <Delay = 0.46>
ST_6 : Operation 257 [1/1] (0.62ns)   --->   "%icmp_ln395_5 = icmp_slt  i17 %sext_ln394_5, i17 %p_read6_cast_cast" [/home/x_thileeb/repos/ops-hls-pact25-artifact/codegen_apps/jacobian3d/vck5000_project/hls/device/include/PE_jac3D_kernel_stencil.hpp:395]   --->   Operation 257 'icmp' 'icmp_ln395_5' <Predicate = (!icmp_ln194 & !icmp_ln394_5)> <Delay = 0.62> <CoreInst = "Cmp">   --->   Core 9 'Cmp' <Latency = 0> <II = 1> <Delay = 0.62> <FuncUnit> <Opcode : 'icmp'> <InPorts = 2> <OutPorts = 1>
ST_6 : Operation 258 [1/1] (0.00ns)   --->   "%index_6 = or i16 %index, i16 6" [/home/x_thileeb/repos/ops-hls-pact25-artifact/codegen_apps/jacobian3d/vck5000_project/hls/device/include/PE_jac3D_kernel_stencil.hpp:392]   --->   Operation 258 'or' 'index_6' <Predicate = (!icmp_ln194)> <Delay = 0.00>
ST_6 : Operation 259 [1/1] (0.00ns)   --->   "%sext_ln394_6 = sext i16 %index_6" [/home/x_thileeb/repos/ops-hls-pact25-artifact/codegen_apps/jacobian3d/vck5000_project/hls/device/include/PE_jac3D_kernel_stencil.hpp:394]   --->   Operation 259 'sext' 'sext_ln394_6' <Predicate = (!icmp_ln194)> <Delay = 0.00>
ST_6 : Operation 260 [1/1] (0.62ns)   --->   "%icmp_ln394_6 = icmp_slt  i17 %sext_ln394_6, i17 %p_read3_cast_cast" [/home/x_thileeb/repos/ops-hls-pact25-artifact/codegen_apps/jacobian3d/vck5000_project/hls/device/include/PE_jac3D_kernel_stencil.hpp:394]   --->   Operation 260 'icmp' 'icmp_ln394_6' <Predicate = (!icmp_ln194)> <Delay = 0.62> <CoreInst = "Cmp">   --->   Core 9 'Cmp' <Latency = 0> <II = 1> <Delay = 0.62> <FuncUnit> <Opcode : 'icmp'> <InPorts = 2> <OutPorts = 1>
ST_6 : Operation 261 [1/1] (0.46ns)   --->   "%br_ln395 = br i1 %icmp_ln394_6, void %lor.lhs.false.6, void %for.inc452.6" [/home/x_thileeb/repos/ops-hls-pact25-artifact/codegen_apps/jacobian3d/vck5000_project/hls/device/include/PE_jac3D_kernel_stencil.hpp:395]   --->   Operation 261 'br' 'br_ln395' <Predicate = (!icmp_ln194)> <Delay = 0.46>
ST_6 : Operation 262 [1/1] (0.62ns)   --->   "%icmp_ln395_6 = icmp_slt  i17 %sext_ln394_6, i17 %p_read6_cast_cast" [/home/x_thileeb/repos/ops-hls-pact25-artifact/codegen_apps/jacobian3d/vck5000_project/hls/device/include/PE_jac3D_kernel_stencil.hpp:395]   --->   Operation 262 'icmp' 'icmp_ln395_6' <Predicate = (!icmp_ln194 & !icmp_ln394_6)> <Delay = 0.62> <CoreInst = "Cmp">   --->   Core 9 'Cmp' <Latency = 0> <II = 1> <Delay = 0.62> <FuncUnit> <Opcode : 'icmp'> <InPorts = 2> <OutPorts = 1>
ST_6 : Operation 263 [1/1] (0.00ns)   --->   "%index_7 = or i16 %index, i16 7" [/home/x_thileeb/repos/ops-hls-pact25-artifact/codegen_apps/jacobian3d/vck5000_project/hls/device/include/PE_jac3D_kernel_stencil.hpp:392]   --->   Operation 263 'or' 'index_7' <Predicate = (!icmp_ln194)> <Delay = 0.00>
ST_6 : Operation 264 [1/1] (0.00ns)   --->   "%sext_ln394_7 = sext i16 %index_7" [/home/x_thileeb/repos/ops-hls-pact25-artifact/codegen_apps/jacobian3d/vck5000_project/hls/device/include/PE_jac3D_kernel_stencil.hpp:394]   --->   Operation 264 'sext' 'sext_ln394_7' <Predicate = (!icmp_ln194)> <Delay = 0.00>
ST_6 : Operation 265 [1/1] (0.62ns)   --->   "%icmp_ln394_7 = icmp_slt  i17 %sext_ln394_7, i17 %p_read3_cast_cast" [/home/x_thileeb/repos/ops-hls-pact25-artifact/codegen_apps/jacobian3d/vck5000_project/hls/device/include/PE_jac3D_kernel_stencil.hpp:394]   --->   Operation 265 'icmp' 'icmp_ln394_7' <Predicate = (!icmp_ln194)> <Delay = 0.62> <CoreInst = "Cmp">   --->   Core 9 'Cmp' <Latency = 0> <II = 1> <Delay = 0.62> <FuncUnit> <Opcode : 'icmp'> <InPorts = 2> <OutPorts = 1>
ST_6 : Operation 266 [1/1] (0.46ns)   --->   "%br_ln395 = br i1 %icmp_ln394_7, void %lor.lhs.false.7, void %for.inc452.7" [/home/x_thileeb/repos/ops-hls-pact25-artifact/codegen_apps/jacobian3d/vck5000_project/hls/device/include/PE_jac3D_kernel_stencil.hpp:395]   --->   Operation 266 'br' 'br_ln395' <Predicate = (!icmp_ln194)> <Delay = 0.46>
ST_6 : Operation 267 [1/1] (0.62ns)   --->   "%icmp_ln395_7 = icmp_slt  i17 %sext_ln394_7, i17 %p_read6_cast_cast" [/home/x_thileeb/repos/ops-hls-pact25-artifact/codegen_apps/jacobian3d/vck5000_project/hls/device/include/PE_jac3D_kernel_stencil.hpp:395]   --->   Operation 267 'icmp' 'icmp_ln395_7' <Predicate = (!icmp_ln194 & !icmp_ln394_7)> <Delay = 0.62> <CoreInst = "Cmp">   --->   Core 9 'Cmp' <Latency = 0> <II = 1> <Delay = 0.62> <FuncUnit> <Opcode : 'icmp'> <InPorts = 2> <OutPorts = 1>
ST_6 : Operation 268 [1/1] (0.00ns)   --->   "%store_ln194 = store i256 %t_4, i256 %p_Val2_1" [/home/x_thileeb/repos/ops-hls-pact25-artifact/codegen_apps/jacobian3d/vck5000_project/hls/device/include/PE_jac3D_kernel_stencil.hpp:194]   --->   Operation 268 'store' 'store_ln194' <Predicate = (!icmp_ln194)> <Delay = 0.00>
ST_6 : Operation 269 [1/1] (0.00ns)   --->   "%store_ln194 = store i256 %t_2, i256 %p_Val2_s" [/home/x_thileeb/repos/ops-hls-pact25-artifact/codegen_apps/jacobian3d/vck5000_project/hls/device/include/PE_jac3D_kernel_stencil.hpp:194]   --->   Operation 269 'store' 'store_ln194' <Predicate = (!icmp_ln194)> <Delay = 0.00>
ST_6 : Operation 270 [1/1] (0.39ns)   --->   "%store_ln194 = store i16 %i_2, i16 %i" [/home/x_thileeb/repos/ops-hls-pact25-artifact/codegen_apps/jacobian3d/vck5000_project/hls/device/include/PE_jac3D_kernel_stencil.hpp:194]   --->   Operation 270 'store' 'store_ln194' <Predicate = (!icmp_ln194)> <Delay = 0.39>
ST_6 : Operation 271 [1/1] (0.39ns)   --->   "%store_ln194 = store i16 %j_2, i16 %j" [/home/x_thileeb/repos/ops-hls-pact25-artifact/codegen_apps/jacobian3d/vck5000_project/hls/device/include/PE_jac3D_kernel_stencil.hpp:194]   --->   Operation 271 'store' 'store_ln194' <Predicate = (!icmp_ln194)> <Delay = 0.39>
ST_6 : Operation 272 [1/1] (0.39ns)   --->   "%store_ln194 = store i16 %S3D_7PT_buf_r0_1_p1_rd_2, i16 %S3D_7PT_buf_r0_1_p1_rd" [/home/x_thileeb/repos/ops-hls-pact25-artifact/codegen_apps/jacobian3d/vck5000_project/hls/device/include/PE_jac3D_kernel_stencil.hpp:194]   --->   Operation 272 'store' 'store_ln194' <Predicate = (!icmp_ln194)> <Delay = 0.39>

State 7 <SV = 6> <Delay = 2.24>
ST_7 : Operation 273 [1/1] (0.00ns)   --->   "%k_load = load i16 %k" [/home/x_thileeb/repos/ops-hls-pact25-artifact/codegen_apps/jacobian3d/vck5000_project/hls/device/include/PE_jac3D_kernel_stencil.hpp:241]   --->   Operation 273 'load' 'k_load' <Predicate = true> <Delay = 0.00>
ST_7 : Operation 274 [1/1] (0.00ns)   --->   "%specpipeline_ln196 = specpipeline void @_ssdm_op_SpecPipeline, i32 1, i32 0, i32 0, i32 0, void @empty_18" [/home/x_thileeb/repos/ops-hls-pact25-artifact/codegen_apps/jacobian3d/vck5000_project/hls/device/include/PE_jac3D_kernel_stencil.hpp:196]   --->   Operation 274 'specpipeline' 'specpipeline_ln196' <Predicate = true> <Delay = 0.00>
ST_7 : Operation 275 [1/1] (0.00ns)   --->   "%specloopname_ln161 = specloopname void @_ssdm_op_SpecLoopName, void @empty_9" [/home/x_thileeb/repos/ops-hls-pact25-artifact/codegen_apps/jacobian3d/vck5000_project/hls/device/include/PE_jac3D_kernel_stencil.hpp:161]   --->   Operation 275 'specloopname' 'specloopname_ln161' <Predicate = true> <Delay = 0.00>
ST_7 : Operation 276 [1/1] (0.62ns)   --->   "%icmp_ln238 = icmp_ne  i16 %k_load, i16 %cond_z_val_read" [/home/x_thileeb/repos/ops-hls-pact25-artifact/codegen_apps/jacobian3d/vck5000_project/hls/device/include/PE_jac3D_kernel_stencil.hpp:238]   --->   Operation 276 'icmp' 'icmp_ln238' <Predicate = true> <Delay = 0.62> <CoreInst = "Cmp">   --->   Core 9 'Cmp' <Latency = 0> <II = 1> <Delay = 0.62> <FuncUnit> <Opcode : 'icmp'> <InPorts = 2> <OutPorts = 1>
ST_7 : Operation 277 [1/1] (0.30ns)   --->   "%or_ln238 = or i1 %or_ln234, i1 %icmp_ln238" [/home/x_thileeb/repos/ops-hls-pact25-artifact/codegen_apps/jacobian3d/vck5000_project/hls/device/include/PE_jac3D_kernel_stencil.hpp:238]   --->   Operation 277 'or' 'or_ln238' <Predicate = true> <Delay = 0.30> <CoreInst = "LogicGate">   --->   Core 78 'LogicGate' <Latency = 0> <II = 1> <Delay = 0.30> <FuncUnit> <Opcode : 'and' 'or' 'xor'> <InPorts = 2> <OutPorts = 1>
ST_7 : Operation 278 [1/1] (0.00ns) (grouped into LUT with out node or_ln238_1)   --->   "%xor_ln238 = xor i1 %or_ln238, i1 1" [/home/x_thileeb/repos/ops-hls-pact25-artifact/codegen_apps/jacobian3d/vck5000_project/hls/device/include/PE_jac3D_kernel_stencil.hpp:238]   --->   Operation 278 'xor' 'xor_ln238' <Predicate = true> <Delay = 0.00> <CoreInst = "LogicGate">   --->   Core 78 'LogicGate' <Latency = 0> <II = 1> <Delay = 0.30> <FuncUnit> <Opcode : 'and' 'or' 'xor'> <InPorts = 2> <OutPorts = 1>
ST_7 : Operation 279 [1/1] (0.30ns) (out node of the LUT)   --->   "%or_ln238_1 = or i1 %xor_ln238, i1 %xor_ln234" [/home/x_thileeb/repos/ops-hls-pact25-artifact/codegen_apps/jacobian3d/vck5000_project/hls/device/include/PE_jac3D_kernel_stencil.hpp:238]   --->   Operation 279 'or' 'or_ln238_1' <Predicate = true> <Delay = 0.30> <CoreInst = "LogicGate">   --->   Core 78 'LogicGate' <Latency = 0> <II = 1> <Delay = 0.30> <FuncUnit> <Opcode : 'and' 'or' 'xor'> <InPorts = 2> <OutPorts = 1>
ST_7 : Operation 280 [1/1] (0.00ns) (grouped into LUT with out node k_1)   --->   "%select_ln238 = select i1 %or_ln238, i16 %k_load, i16 0" [/home/x_thileeb/repos/ops-hls-pact25-artifact/codegen_apps/jacobian3d/vck5000_project/hls/device/include/PE_jac3D_kernel_stencil.hpp:238]   --->   Operation 280 'select' 'select_ln238' <Predicate = true> <Delay = 0.00> <CoreInst = "Sel">   --->   Core 77 'Sel' <Latency = 0> <II = 1> <Delay = 0.38> <FuncUnit> <Opcode : 'select'> <InPorts = 3> <OutPorts = 1>
ST_7 : Operation 281 [1/1] (0.82ns)   --->   "%add_ln241 = add i16 %k_load, i16 1" [/home/x_thileeb/repos/ops-hls-pact25-artifact/codegen_apps/jacobian3d/vck5000_project/hls/device/include/PE_jac3D_kernel_stencil.hpp:241]   --->   Operation 281 'add' 'add_ln241' <Predicate = (cond_y_terminate)> <Delay = 0.82> <CoreInst = "Adder">   --->   Core 1 'Adder' <Latency = 0> <II = 1> <Delay = 0.82> <FuncUnit> <Opcode : 'add' 'sub'> <InPorts = 2> <OutPorts = 1>
ST_7 : Operation 282 [1/1] (0.00ns) (grouped into LUT with out node k_1)   --->   "%select_ln240 = select i1 %cond_y_terminate, i16 %add_ln241, i16 %k_load" [/home/x_thileeb/repos/ops-hls-pact25-artifact/codegen_apps/jacobian3d/vck5000_project/hls/device/include/PE_jac3D_kernel_stencil.hpp:240]   --->   Operation 282 'select' 'select_ln240' <Predicate = true> <Delay = 0.00> <CoreInst = "Sel">   --->   Core 77 'Sel' <Latency = 0> <II = 1> <Delay = 0.38> <FuncUnit> <Opcode : 'select'> <InPorts = 3> <OutPorts = 1>
ST_7 : Operation 283 [1/1] (0.38ns) (out node of the LUT)   --->   "%k_1 = select i1 %or_ln238_1, i16 %select_ln238, i16 %select_ln240" [/home/x_thileeb/repos/ops-hls-pact25-artifact/codegen_apps/jacobian3d/vck5000_project/hls/device/include/PE_jac3D_kernel_stencil.hpp:238]   --->   Operation 283 'select' 'k_1' <Predicate = true> <Delay = 0.38> <CoreInst = "Sel">   --->   Core 77 'Sel' <Latency = 0> <II = 1> <Delay = 0.38> <FuncUnit> <Opcode : 'select'> <InPorts = 3> <OutPorts = 1>
ST_7 : Operation 284 [1/1] (0.00ns)   --->   "%S3D_7PT_buf_p0_1_wr_load = load i16 %S3D_7PT_buf_p0_1_wr" [/home/x_thileeb/repos/ops-hls-pact25-artifact/codegen_apps/jacobian3d/vck5000_project/hls/device/include/PE_jac3D_kernel_stencil.hpp:268]   --->   Operation 284 'load' 'S3D_7PT_buf_p0_1_wr_load' <Predicate = (!icmp_ln194)> <Delay = 0.00>
ST_7 : Operation 285 [1/1] (0.00ns)   --->   "%zext_ln255 = zext i16 %S3D_7PT_buf_p0_1_wr_load" [/home/x_thileeb/repos/ops-hls-pact25-artifact/codegen_apps/jacobian3d/vck5000_project/hls/device/include/PE_jac3D_kernel_stencil.hpp:255]   --->   Operation 285 'zext' 'zext_ln255' <Predicate = (!icmp_ln194)> <Delay = 0.00>
ST_7 : Operation 286 [1/1] (0.00ns)   --->   "%arg0_buf_p0_1_V_addr = getelementptr i256 %arg0_buf_p0_1_V, i64 0, i64 %zext_ln255" [/home/x_thileeb/repos/ops-hls-pact25-artifact/codegen_apps/jacobian3d/vck5000_project/hls/device/include/PE_jac3D_kernel_stencil.hpp:255]   --->   Operation 286 'getelementptr' 'arg0_buf_p0_1_V_addr' <Predicate = (!icmp_ln194)> <Delay = 0.00>
ST_7 : Operation 287 [3/3] (1.17ns)   --->   "%arg0_buf_p0_1_V_load = load i14 %arg0_buf_p0_1_V_addr" [/home/x_thileeb/repos/ops-hls-pact25-artifact/codegen_apps/jacobian3d/vck5000_project/hls/device/include/PE_jac3D_kernel_stencil.hpp:255]   --->   Operation 287 'load' 'arg0_buf_p0_1_V_load' <Predicate = (!icmp_ln194)> <Delay = 1.17> <CoreInst = "RAM_S2P_URAM">   --->   Core 102 'RAM_S2P_URAM' <Latency = 2> <II = 1> <Delay = 1.25> <Storage> <Opcode : 'load' 'store'> <Ports = 2> <Width = 256> <Depth = 11476> <RAM>
ST_7 : Operation 288 [1/1] (0.00ns)   --->   "%reuse_reg164_load = load i256 %reuse_reg164"   --->   Operation 288 'load' 'reuse_reg164_load' <Predicate = (!icmp_ln194 & addr_cmp168)> <Delay = 0.00>
ST_7 : Operation 289 [1/3] (0.88ns)   --->   "%arg0_buf_r0_1_p1_V_load = load i6 %arg0_buf_r0_1_p1_V_addr" [/home/x_thileeb/repos/ops-hls-pact25-artifact/codegen_apps/jacobian3d/vck5000_project/hls/device/include/PE_jac3D_kernel_stencil.hpp:256]   --->   Operation 289 'load' 'arg0_buf_r0_1_p1_V_load' <Predicate = (!icmp_ln194)> <Delay = 0.88> <CoreInst = "RAM_S2P_BRAM">   --->   Core 101 'RAM_S2P_BRAM' <Latency = 2> <II = 1> <Delay = 1.25> <Storage> <Opcode : 'load' 'store'> <Ports = 2> <Width = 256> <Depth = 38> <RAM>
ST_7 : Operation 290 [1/1] (0.70ns)   --->   "%t_1 = select i1 %addr_cmp168, i256 %reuse_reg164_load, i256 %arg0_buf_r0_1_p1_V_load" [/home/x_thileeb/repos/ops-hls-pact25-artifact/codegen_apps/jacobian3d/vck5000_project/hls/device/include/PE_jac3D_kernel_stencil.hpp:256]   --->   Operation 290 'select' 't_1' <Predicate = (!icmp_ln194)> <Delay = 0.70> <CoreInst = "Sel">   --->   Core 77 'Sel' <Latency = 0> <II = 1> <Delay = 0.70> <FuncUnit> <Opcode : 'select'> <InPorts = 3> <OutPorts = 1>
ST_7 : Operation 291 [1/1] (0.53ns)   --->   "%store_ln714 = store i256 %p_Val2_load, i256 %reuse_reg164"   --->   Operation 291 'store' 'store_ln714' <Predicate = (!icmp_ln194)> <Delay = 0.53>
ST_7 : Operation 292 [1/1] (0.62ns)   --->   "%icmp_ln268 = icmp_ult  i16 %S3D_7PT_buf_p0_1_wr_load, i16 %plane_diff_read" [/home/x_thileeb/repos/ops-hls-pact25-artifact/codegen_apps/jacobian3d/vck5000_project/hls/device/include/PE_jac3D_kernel_stencil.hpp:268]   --->   Operation 292 'icmp' 'icmp_ln268' <Predicate = (!icmp_ln194)> <Delay = 0.62> <CoreInst = "Cmp">   --->   Core 9 'Cmp' <Latency = 0> <II = 1> <Delay = 0.62> <FuncUnit> <Opcode : 'icmp'> <InPorts = 2> <OutPorts = 1>
ST_7 : Operation 293 [1/1] (0.00ns) (grouped into LUT with out node S3D_7PT_buf_p0_1_wr_2)   --->   "%cond_end_of_line_buff_S3D_7PT_buf_p0_1_wr = xor i1 %icmp_ln268, i1 1" [/home/x_thileeb/repos/ops-hls-pact25-artifact/codegen_apps/jacobian3d/vck5000_project/hls/device/include/PE_jac3D_kernel_stencil.hpp:268]   --->   Operation 293 'xor' 'cond_end_of_line_buff_S3D_7PT_buf_p0_1_wr' <Predicate = (!icmp_ln194)> <Delay = 0.00> <CoreInst = "LogicGate">   --->   Core 78 'LogicGate' <Latency = 0> <II = 1> <Delay = 0.30> <FuncUnit> <Opcode : 'and' 'or' 'xor'> <InPorts = 2> <OutPorts = 1>
ST_7 : Operation 294 [1/1] (0.82ns)   --->   "%S3D_7PT_buf_p0_1_wr_1 = add i16 %S3D_7PT_buf_p0_1_wr_load, i16 1" [/home/x_thileeb/repos/ops-hls-pact25-artifact/codegen_apps/jacobian3d/vck5000_project/hls/device/include/PE_jac3D_kernel_stencil.hpp:278]   --->   Operation 294 'add' 'S3D_7PT_buf_p0_1_wr_1' <Predicate = (!icmp_ln194)> <Delay = 0.82> <CoreInst = "Adder">   --->   Core 1 'Adder' <Latency = 0> <II = 1> <Delay = 0.82> <FuncUnit> <Opcode : 'add' 'sub'> <InPorts = 2> <OutPorts = 1>
ST_7 : Operation 295 [1/1] (0.38ns) (out node of the LUT)   --->   "%S3D_7PT_buf_p0_1_wr_2 = select i1 %cond_end_of_line_buff_S3D_7PT_buf_p0_1_wr, i16 0, i16 %S3D_7PT_buf_p0_1_wr_1" [/home/x_thileeb/repos/ops-hls-pact25-artifact/codegen_apps/jacobian3d/vck5000_project/hls/device/include/PE_jac3D_kernel_stencil.hpp:275]   --->   Operation 295 'select' 'S3D_7PT_buf_p0_1_wr_2' <Predicate = (!icmp_ln194)> <Delay = 0.38> <CoreInst = "Sel">   --->   Core 77 'Sel' <Latency = 0> <II = 1> <Delay = 0.38> <FuncUnit> <Opcode : 'select'> <InPorts = 3> <OutPorts = 1>
ST_7 : Operation 296 [1/1] (0.00ns)   --->   "%arg0_tmpConverter_0_1 = trunc i256 %t_1"   --->   Operation 296 'trunc' 'arg0_tmpConverter_0_1' <Predicate = (!icmp_ln194)> <Delay = 0.00>
ST_7 : Operation 297 [1/1] (0.00ns)   --->   "%arg0_tmpConverter_0_1_1 = partselect i32 @_ssdm_op_PartSelect.i32.i256.i32.i32, i256 %t_1, i32 32, i32 63"   --->   Operation 297 'partselect' 'arg0_tmpConverter_0_1_1' <Predicate = (!icmp_ln194)> <Delay = 0.00>
ST_7 : Operation 298 [1/1] (0.00ns)   --->   "%arg0_tmpConverter_0_1_2 = partselect i32 @_ssdm_op_PartSelect.i32.i256.i32.i32, i256 %t_1, i32 64, i32 95"   --->   Operation 298 'partselect' 'arg0_tmpConverter_0_1_2' <Predicate = (!icmp_ln194)> <Delay = 0.00>
ST_7 : Operation 299 [1/1] (0.00ns)   --->   "%arg0_tmpConverter_0_1_3 = partselect i32 @_ssdm_op_PartSelect.i32.i256.i32.i32, i256 %t_1, i32 96, i32 127"   --->   Operation 299 'partselect' 'arg0_tmpConverter_0_1_3' <Predicate = (!icmp_ln194)> <Delay = 0.00>
ST_7 : Operation 300 [1/1] (0.00ns)   --->   "%arg0_tmpConverter_0_1_4 = partselect i32 @_ssdm_op_PartSelect.i32.i256.i32.i32, i256 %t_1, i32 128, i32 159"   --->   Operation 300 'partselect' 'arg0_tmpConverter_0_1_4' <Predicate = (!icmp_ln194)> <Delay = 0.00>
ST_7 : Operation 301 [1/1] (0.00ns)   --->   "%arg0_tmpConverter_0_1_5 = partselect i32 @_ssdm_op_PartSelect.i32.i256.i32.i32, i256 %t_1, i32 160, i32 191"   --->   Operation 301 'partselect' 'arg0_tmpConverter_0_1_5' <Predicate = (!icmp_ln194)> <Delay = 0.00>
ST_7 : Operation 302 [1/1] (0.00ns)   --->   "%arg0_tmpConverter_0_1_6 = partselect i32 @_ssdm_op_PartSelect.i32.i256.i32.i32, i256 %t_1, i32 192, i32 223"   --->   Operation 302 'partselect' 'arg0_tmpConverter_0_1_6' <Predicate = (!icmp_ln194)> <Delay = 0.00>
ST_7 : Operation 303 [1/1] (0.00ns)   --->   "%arg0_tmpConverter_0_1_7 = partselect i32 @_ssdm_op_PartSelect.i32.i256.i32.i32, i256 %t_1, i32 224, i32 255"   --->   Operation 303 'partselect' 'arg0_tmpConverter_0_1_7' <Predicate = (!icmp_ln194)> <Delay = 0.00>
ST_7 : Operation 304 [1/1] (0.00ns)   --->   "%k_1_cast = sext i16 %k_1" [/home/x_thileeb/repos/ops-hls-pact25-artifact/codegen_apps/jacobian3d/vck5000_project/hls/device/include/PE_jac3D_kernel_stencil.hpp:238]   --->   Operation 304 'sext' 'k_1_cast' <Predicate = (!icmp_ln194)> <Delay = 0.00>
ST_7 : Operation 305 [1/1] (0.62ns)   --->   "%cmp399 = icmp_slt  i17 %k_1_cast, i17 %p_read5_cast_cast" [/home/x_thileeb/repos/ops-hls-pact25-artifact/codegen_apps/jacobian3d/vck5000_project/hls/device/include/PE_jac3D_kernel_stencil.hpp:238]   --->   Operation 305 'icmp' 'cmp399' <Predicate = (!icmp_ln194)> <Delay = 0.62> <CoreInst = "Cmp">   --->   Core 9 'Cmp' <Latency = 0> <II = 1> <Delay = 0.62> <FuncUnit> <Opcode : 'icmp'> <InPorts = 2> <OutPorts = 1>
ST_7 : Operation 306 [1/1] (0.62ns)   --->   "%icmp_ln399 = icmp_slt  i17 %k_1_cast, i17 %zext_ln194_cast" [/home/x_thileeb/repos/ops-hls-pact25-artifact/codegen_apps/jacobian3d/vck5000_project/hls/device/include/PE_jac3D_kernel_stencil.hpp:399]   --->   Operation 306 'icmp' 'icmp_ln399' <Predicate = (!icmp_ln194 & !icmp_ln394)> <Delay = 0.62> <CoreInst = "Cmp">   --->   Core 9 'Cmp' <Latency = 0> <II = 1> <Delay = 0.62> <FuncUnit> <Opcode : 'icmp'> <InPorts = 2> <OutPorts = 1>
ST_7 : Operation 307 [1/1] (0.62ns)   --->   "%icmp_ln399_1 = icmp_slt  i17 %k_1_cast, i17 %zext_ln194_cast" [/home/x_thileeb/repos/ops-hls-pact25-artifact/codegen_apps/jacobian3d/vck5000_project/hls/device/include/PE_jac3D_kernel_stencil.hpp:399]   --->   Operation 307 'icmp' 'icmp_ln399_1' <Predicate = (!icmp_ln194 & !icmp_ln394_1)> <Delay = 0.62> <CoreInst = "Cmp">   --->   Core 9 'Cmp' <Latency = 0> <II = 1> <Delay = 0.62> <FuncUnit> <Opcode : 'icmp'> <InPorts = 2> <OutPorts = 1>
ST_7 : Operation 308 [1/1] (0.62ns)   --->   "%icmp_ln399_2 = icmp_slt  i17 %k_1_cast, i17 %zext_ln194_cast" [/home/x_thileeb/repos/ops-hls-pact25-artifact/codegen_apps/jacobian3d/vck5000_project/hls/device/include/PE_jac3D_kernel_stencil.hpp:399]   --->   Operation 308 'icmp' 'icmp_ln399_2' <Predicate = (!icmp_ln194 & !icmp_ln394_2)> <Delay = 0.62> <CoreInst = "Cmp">   --->   Core 9 'Cmp' <Latency = 0> <II = 1> <Delay = 0.62> <FuncUnit> <Opcode : 'icmp'> <InPorts = 2> <OutPorts = 1>
ST_7 : Operation 309 [1/1] (0.62ns)   --->   "%icmp_ln399_3 = icmp_slt  i17 %k_1_cast, i17 %zext_ln194_cast" [/home/x_thileeb/repos/ops-hls-pact25-artifact/codegen_apps/jacobian3d/vck5000_project/hls/device/include/PE_jac3D_kernel_stencil.hpp:399]   --->   Operation 309 'icmp' 'icmp_ln399_3' <Predicate = (!icmp_ln194 & !icmp_ln394_3)> <Delay = 0.62> <CoreInst = "Cmp">   --->   Core 9 'Cmp' <Latency = 0> <II = 1> <Delay = 0.62> <FuncUnit> <Opcode : 'icmp'> <InPorts = 2> <OutPorts = 1>
ST_7 : Operation 310 [1/1] (0.62ns)   --->   "%icmp_ln399_4 = icmp_slt  i17 %k_1_cast, i17 %zext_ln194_cast" [/home/x_thileeb/repos/ops-hls-pact25-artifact/codegen_apps/jacobian3d/vck5000_project/hls/device/include/PE_jac3D_kernel_stencil.hpp:399]   --->   Operation 310 'icmp' 'icmp_ln399_4' <Predicate = (!icmp_ln194 & !icmp_ln394_4)> <Delay = 0.62> <CoreInst = "Cmp">   --->   Core 9 'Cmp' <Latency = 0> <II = 1> <Delay = 0.62> <FuncUnit> <Opcode : 'icmp'> <InPorts = 2> <OutPorts = 1>
ST_7 : Operation 311 [1/1] (0.62ns)   --->   "%icmp_ln399_5 = icmp_slt  i17 %k_1_cast, i17 %zext_ln194_cast" [/home/x_thileeb/repos/ops-hls-pact25-artifact/codegen_apps/jacobian3d/vck5000_project/hls/device/include/PE_jac3D_kernel_stencil.hpp:399]   --->   Operation 311 'icmp' 'icmp_ln399_5' <Predicate = (!icmp_ln194 & !icmp_ln394_5)> <Delay = 0.62> <CoreInst = "Cmp">   --->   Core 9 'Cmp' <Latency = 0> <II = 1> <Delay = 0.62> <FuncUnit> <Opcode : 'icmp'> <InPorts = 2> <OutPorts = 1>
ST_7 : Operation 312 [1/1] (0.62ns)   --->   "%icmp_ln399_6 = icmp_slt  i17 %k_1_cast, i17 %zext_ln194_cast" [/home/x_thileeb/repos/ops-hls-pact25-artifact/codegen_apps/jacobian3d/vck5000_project/hls/device/include/PE_jac3D_kernel_stencil.hpp:399]   --->   Operation 312 'icmp' 'icmp_ln399_6' <Predicate = (!icmp_ln194 & !icmp_ln394_6)> <Delay = 0.62> <CoreInst = "Cmp">   --->   Core 9 'Cmp' <Latency = 0> <II = 1> <Delay = 0.62> <FuncUnit> <Opcode : 'icmp'> <InPorts = 2> <OutPorts = 1>
ST_7 : Operation 313 [1/1] (0.62ns)   --->   "%icmp_ln399_7 = icmp_slt  i17 %k_1_cast, i17 %zext_ln194_cast" [/home/x_thileeb/repos/ops-hls-pact25-artifact/codegen_apps/jacobian3d/vck5000_project/hls/device/include/PE_jac3D_kernel_stencil.hpp:399]   --->   Operation 313 'icmp' 'icmp_ln399_7' <Predicate = (!icmp_ln194 & !icmp_ln394_7)> <Delay = 0.62> <CoreInst = "Cmp">   --->   Core 9 'Cmp' <Latency = 0> <II = 1> <Delay = 0.62> <FuncUnit> <Opcode : 'icmp'> <InPorts = 2> <OutPorts = 1>
ST_7 : Operation 314 [1/1] (0.00ns)   --->   "%tmp = bitselect i1 @_ssdm_op_BitSelect.i1.i16.i32, i16 %k_1, i32 15" [/home/x_thileeb/repos/ops-hls-pact25-artifact/codegen_apps/jacobian3d/vck5000_project/hls/device/include/PE_jac3D_kernel_stencil.hpp:443]   --->   Operation 314 'bitselect' 'tmp' <Predicate = true> <Delay = 0.00>
ST_7 : Operation 315 [1/1] (0.00ns)   --->   "%br_ln445 = br i1 %tmp, void %if.then457, void %for.inc459" [/home/x_thileeb/repos/ops-hls-pact25-artifact/codegen_apps/jacobian3d/vck5000_project/hls/device/include/PE_jac3D_kernel_stencil.hpp:445]   --->   Operation 315 'br' 'br_ln445' <Predicate = true> <Delay = 0.00>
ST_7 : Operation 316 [1/1] (0.39ns)   --->   "%store_ln194 = store i16 %k_1, i16 %k" [/home/x_thileeb/repos/ops-hls-pact25-artifact/codegen_apps/jacobian3d/vck5000_project/hls/device/include/PE_jac3D_kernel_stencil.hpp:194]   --->   Operation 316 'store' 'store_ln194' <Predicate = true> <Delay = 0.39>
ST_7 : Operation 317 [1/1] (0.39ns)   --->   "%store_ln194 = store i16 %S3D_7PT_buf_p0_1_wr_2, i16 %S3D_7PT_buf_p0_1_wr" [/home/x_thileeb/repos/ops-hls-pact25-artifact/codegen_apps/jacobian3d/vck5000_project/hls/device/include/PE_jac3D_kernel_stencil.hpp:194]   --->   Operation 317 'store' 'store_ln194' <Predicate = true> <Delay = 0.39>

State 8 <SV = 7> <Delay = 1.60>
ST_8 : Operation 318 [1/1] (0.00ns)   --->   "%S3D_7PT_buf_p0_1_rd_load = load i16 %S3D_7PT_buf_p0_1_rd" [/home/x_thileeb/repos/ops-hls-pact25-artifact/codegen_apps/jacobian3d/vck5000_project/hls/device/include/PE_jac3D_kernel_stencil.hpp:267]   --->   Operation 318 'load' 'S3D_7PT_buf_p0_1_rd_load' <Predicate = (!icmp_ln194)> <Delay = 0.00>
ST_8 : Operation 319 [1/1] (0.00ns)   --->   "%reuse_reg170_load = load i256 %reuse_reg170"   --->   Operation 319 'load' 'reuse_reg170_load' <Predicate = (!icmp_ln194)> <Delay = 0.00>
ST_8 : Operation 320 [1/1] (0.00ns)   --->   "%reuse_addr_reg171_load = load i64 %reuse_addr_reg171"   --->   Operation 320 'load' 'reuse_addr_reg171_load' <Predicate = (!icmp_ln194)> <Delay = 0.00>
ST_8 : Operation 321 [2/3] (1.25ns)   --->   "%arg0_buf_p0_1_V_load = load i14 %arg0_buf_p0_1_V_addr" [/home/x_thileeb/repos/ops-hls-pact25-artifact/codegen_apps/jacobian3d/vck5000_project/hls/device/include/PE_jac3D_kernel_stencil.hpp:255]   --->   Operation 321 'load' 'arg0_buf_p0_1_V_load' <Predicate = (!icmp_ln194)> <Delay = 1.25> <CoreInst = "RAM_S2P_URAM">   --->   Core 102 'RAM_S2P_URAM' <Latency = 2> <II = 1> <Delay = 1.25> <Storage> <Opcode : 'load' 'store'> <Ports = 2> <Width = 256> <Depth = 11476> <RAM>
ST_8 : Operation 322 [1/1] (0.77ns)   --->   "%addr_cmp174 = icmp_eq  i64 %reuse_addr_reg171_load, i64 %zext_ln255" [/home/x_thileeb/repos/ops-hls-pact25-artifact/codegen_apps/jacobian3d/vck5000_project/hls/device/include/PE_jac3D_kernel_stencil.hpp:255]   --->   Operation 322 'icmp' 'addr_cmp174' <Predicate = (!icmp_ln194)> <Delay = 0.77> <CoreInst = "Cmp">   --->   Core 9 'Cmp' <Latency = 0> <II = 1> <Delay = 0.77> <FuncUnit> <Opcode : 'icmp'> <InPorts = 2> <OutPorts = 1>
ST_8 : Operation 323 [1/1] (0.00ns)   --->   "%zext_ln257 = zext i16 %S3D_7PT_buf_p0_1_rd_load" [/home/x_thileeb/repos/ops-hls-pact25-artifact/codegen_apps/jacobian3d/vck5000_project/hls/device/include/PE_jac3D_kernel_stencil.hpp:257]   --->   Operation 323 'zext' 'zext_ln257' <Predicate = (!icmp_ln194)> <Delay = 0.00>
ST_8 : Operation 324 [1/1] (0.00ns)   --->   "%arg0_buf_p0_1_V_addr_1 = getelementptr i256 %arg0_buf_p0_1_V, i64 0, i64 %zext_ln257" [/home/x_thileeb/repos/ops-hls-pact25-artifact/codegen_apps/jacobian3d/vck5000_project/hls/device/include/PE_jac3D_kernel_stencil.hpp:257]   --->   Operation 324 'getelementptr' 'arg0_buf_p0_1_V_addr_1' <Predicate = (!icmp_ln194)> <Delay = 0.00>
ST_8 : Operation 325 [1/1] (1.17ns)   --->   "%store_ln257 = store i256 %t_1, i14 %arg0_buf_p0_1_V_addr_1" [/home/x_thileeb/repos/ops-hls-pact25-artifact/codegen_apps/jacobian3d/vck5000_project/hls/device/include/PE_jac3D_kernel_stencil.hpp:257]   --->   Operation 325 'store' 'store_ln257' <Predicate = (!icmp_ln194)> <Delay = 1.17> <CoreInst = "RAM_S2P_URAM">   --->   Core 102 'RAM_S2P_URAM' <Latency = 2> <II = 1> <Delay = 1.25> <Storage> <Opcode : 'load' 'store'> <Ports = 2> <Width = 256> <Depth = 11476> <RAM>
ST_8 : Operation 326 [1/1] (0.53ns)   --->   "%store_ln256 = store i256 %t_1, i256 %reuse_reg170" [/home/x_thileeb/repos/ops-hls-pact25-artifact/codegen_apps/jacobian3d/vck5000_project/hls/device/include/PE_jac3D_kernel_stencil.hpp:256]   --->   Operation 326 'store' 'store_ln256' <Predicate = (!icmp_ln194)> <Delay = 0.53>
ST_8 : Operation 327 [1/1] (0.49ns)   --->   "%store_ln257 = store i64 %zext_ln257, i64 %reuse_addr_reg171" [/home/x_thileeb/repos/ops-hls-pact25-artifact/codegen_apps/jacobian3d/vck5000_project/hls/device/include/PE_jac3D_kernel_stencil.hpp:257]   --->   Operation 327 'store' 'store_ln257' <Predicate = (!icmp_ln194)> <Delay = 0.49>
ST_8 : Operation 328 [1/1] (0.62ns)   --->   "%icmp_ln267 = icmp_ult  i16 %S3D_7PT_buf_p0_1_rd_load, i16 %plane_diff_read" [/home/x_thileeb/repos/ops-hls-pact25-artifact/codegen_apps/jacobian3d/vck5000_project/hls/device/include/PE_jac3D_kernel_stencil.hpp:267]   --->   Operation 328 'icmp' 'icmp_ln267' <Predicate = (!icmp_ln194)> <Delay = 0.62> <CoreInst = "Cmp">   --->   Core 9 'Cmp' <Latency = 0> <II = 1> <Delay = 0.62> <FuncUnit> <Opcode : 'icmp'> <InPorts = 2> <OutPorts = 1>
ST_8 : Operation 329 [1/1] (0.00ns) (grouped into LUT with out node S3D_7PT_buf_p0_1_rd_2)   --->   "%cond_end_of_line_buff_S3D_7PT_buf_p0_1_rd = xor i1 %icmp_ln267, i1 1" [/home/x_thileeb/repos/ops-hls-pact25-artifact/codegen_apps/jacobian3d/vck5000_project/hls/device/include/PE_jac3D_kernel_stencil.hpp:267]   --->   Operation 329 'xor' 'cond_end_of_line_buff_S3D_7PT_buf_p0_1_rd' <Predicate = (!icmp_ln194)> <Delay = 0.00> <CoreInst = "LogicGate">   --->   Core 78 'LogicGate' <Latency = 0> <II = 1> <Delay = 0.30> <FuncUnit> <Opcode : 'and' 'or' 'xor'> <InPorts = 2> <OutPorts = 1>
ST_8 : Operation 330 [1/1] (0.82ns)   --->   "%S3D_7PT_buf_p0_1_rd_1 = add i16 %S3D_7PT_buf_p0_1_rd_load, i16 1" [/home/x_thileeb/repos/ops-hls-pact25-artifact/codegen_apps/jacobian3d/vck5000_project/hls/device/include/PE_jac3D_kernel_stencil.hpp:273]   --->   Operation 330 'add' 'S3D_7PT_buf_p0_1_rd_1' <Predicate = (!icmp_ln194)> <Delay = 0.82> <CoreInst = "Adder">   --->   Core 1 'Adder' <Latency = 0> <II = 1> <Delay = 0.82> <FuncUnit> <Opcode : 'add' 'sub'> <InPorts = 2> <OutPorts = 1>
ST_8 : Operation 331 [1/1] (0.38ns) (out node of the LUT)   --->   "%S3D_7PT_buf_p0_1_rd_2 = select i1 %cond_end_of_line_buff_S3D_7PT_buf_p0_1_rd, i16 0, i16 %S3D_7PT_buf_p0_1_rd_1" [/home/x_thileeb/repos/ops-hls-pact25-artifact/codegen_apps/jacobian3d/vck5000_project/hls/device/include/PE_jac3D_kernel_stencil.hpp:270]   --->   Operation 331 'select' 'S3D_7PT_buf_p0_1_rd_2' <Predicate = (!icmp_ln194)> <Delay = 0.38> <CoreInst = "Sel">   --->   Core 77 'Sel' <Latency = 0> <II = 1> <Delay = 0.38> <FuncUnit> <Opcode : 'select'> <InPorts = 3> <OutPorts = 1>
ST_8 : Operation 332 [1/1] (0.00ns)   --->   "%arg0_rowArr_1_1_2 = bitcast i32 %arg0_tmpConverter_1_1_2" [/home/x_thileeb/repos/ops-hls-pact25-artifact/codegen_apps/jacobian3d/vck5000_project/hls/device/include/PE_jac3D_kernel_stencil.hpp:366]   --->   Operation 332 'bitcast' 'arg0_rowArr_1_1_2' <Predicate = (!icmp_ln194)> <Delay = 0.00>
ST_8 : Operation 333 [1/1] (0.00ns)   --->   "%arg0_rowArr_1_1_3 = bitcast i32 %arg0_tmpConverter_1_1_3" [/home/x_thileeb/repos/ops-hls-pact25-artifact/codegen_apps/jacobian3d/vck5000_project/hls/device/include/PE_jac3D_kernel_stencil.hpp:366]   --->   Operation 333 'bitcast' 'arg0_rowArr_1_1_3' <Predicate = (!icmp_ln194)> <Delay = 0.00>
ST_8 : Operation 334 [1/1] (0.30ns)   --->   "%rev145 = xor i1 %slt144, i1 1" [/home/x_thileeb/repos/ops-hls-pact25-artifact/codegen_apps/jacobian3d/vck5000_project/hls/device/include/PE_jac3D_kernel_stencil.hpp:234]   --->   Operation 334 'xor' 'rev145' <Predicate = (!icmp_ln194)> <Delay = 0.30> <CoreInst = "LogicGate">   --->   Core 78 'LogicGate' <Latency = 0> <II = 1> <Delay = 0.30> <FuncUnit> <Opcode : 'and' 'or' 'xor'> <InPorts = 2> <OutPorts = 1>
ST_8 : Operation 335 [1/1] (0.00ns) (grouped into LUT with out node neg_cond)   --->   "%xor_ln395 = xor i1 %icmp_ln395, i1 1" [/home/x_thileeb/repos/ops-hls-pact25-artifact/codegen_apps/jacobian3d/vck5000_project/hls/device/include/PE_jac3D_kernel_stencil.hpp:395]   --->   Operation 335 'xor' 'xor_ln395' <Predicate = (!icmp_ln194 & !icmp_ln394)> <Delay = 0.00> <CoreInst = "LogicGate">   --->   Core 78 'LogicGate' <Latency = 0> <II = 1> <Delay = 0.30> <FuncUnit> <Opcode : 'and' 'or' 'xor'> <InPorts = 2> <OutPorts = 1>
ST_8 : Operation 336 [1/1] (0.00ns) (grouped into LUT with out node neg_cond)   --->   "%xor_ln399 = xor i1 %icmp_ln399, i1 1" [/home/x_thileeb/repos/ops-hls-pact25-artifact/codegen_apps/jacobian3d/vck5000_project/hls/device/include/PE_jac3D_kernel_stencil.hpp:399]   --->   Operation 336 'xor' 'xor_ln399' <Predicate = (!icmp_ln194 & !icmp_ln394)> <Delay = 0.00> <CoreInst = "LogicGate">   --->   Core 78 'LogicGate' <Latency = 0> <II = 1> <Delay = 0.30> <FuncUnit> <Opcode : 'and' 'or' 'xor'> <InPorts = 2> <OutPorts = 1>
ST_8 : Operation 337 [1/1] (0.00ns) (grouped into LUT with out node neg_cond)   --->   "%or_ln396 = or i1 %xor_ln395, i1 %cmp387" [/home/x_thileeb/repos/ops-hls-pact25-artifact/codegen_apps/jacobian3d/vck5000_project/hls/device/include/PE_jac3D_kernel_stencil.hpp:396]   --->   Operation 337 'or' 'or_ln396' <Predicate = (!icmp_ln194 & !icmp_ln394)> <Delay = 0.00> <CoreInst = "LogicGate">   --->   Core 78 'LogicGate' <Latency = 0> <II = 1> <Delay = 0.30> <FuncUnit> <Opcode : 'and' 'or' 'xor'> <InPorts = 2> <OutPorts = 1>
ST_8 : Operation 338 [1/1] (0.00ns) (grouped into LUT with out node neg_cond)   --->   "%or_ln396_1 = or i1 %rev145, i1 %cmp399" [/home/x_thileeb/repos/ops-hls-pact25-artifact/codegen_apps/jacobian3d/vck5000_project/hls/device/include/PE_jac3D_kernel_stencil.hpp:396]   --->   Operation 338 'or' 'or_ln396_1' <Predicate = (!icmp_ln194 & !icmp_ln394)> <Delay = 0.00> <CoreInst = "LogicGate">   --->   Core 78 'LogicGate' <Latency = 0> <II = 1> <Delay = 0.30> <FuncUnit> <Opcode : 'and' 'or' 'xor'> <InPorts = 2> <OutPorts = 1>
ST_8 : Operation 339 [1/1] (0.00ns) (grouped into LUT with out node neg_cond)   --->   "%or_ln396_2 = or i1 %or_ln396, i1 %or_ln396_1" [/home/x_thileeb/repos/ops-hls-pact25-artifact/codegen_apps/jacobian3d/vck5000_project/hls/device/include/PE_jac3D_kernel_stencil.hpp:396]   --->   Operation 339 'or' 'or_ln396_2' <Predicate = (!icmp_ln194 & !icmp_ln394)> <Delay = 0.00> <CoreInst = "LogicGate">   --->   Core 78 'LogicGate' <Latency = 0> <II = 1> <Delay = 0.30> <FuncUnit> <Opcode : 'and' 'or' 'xor'> <InPorts = 2> <OutPorts = 1>
ST_8 : Operation 340 [1/1] (0.30ns) (out node of the LUT)   --->   "%neg_cond = or i1 %or_ln396_2, i1 %xor_ln399" [/home/x_thileeb/repos/ops-hls-pact25-artifact/codegen_apps/jacobian3d/vck5000_project/hls/device/include/PE_jac3D_kernel_stencil.hpp:396]   --->   Operation 340 'or' 'neg_cond' <Predicate = (!icmp_ln194 & !icmp_ln394)> <Delay = 0.30> <CoreInst = "LogicGate">   --->   Core 78 'LogicGate' <Latency = 0> <II = 1> <Delay = 0.30> <FuncUnit> <Opcode : 'and' 'or' 'xor'> <InPorts = 2> <OutPorts = 1>
ST_8 : Operation 341 [1/1] (0.46ns)   --->   "%br_ln0 = br void %for.inc452"   --->   Operation 341 'br' 'br_ln0' <Predicate = (!icmp_ln194 & neg_cond) | (!icmp_ln194 & icmp_ln394)> <Delay = 0.46>
ST_8 : Operation 342 [1/1] (0.00ns) (grouped into LUT with out node neg_cond_1)   --->   "%xor_ln395_1 = xor i1 %icmp_ln395_1, i1 1" [/home/x_thileeb/repos/ops-hls-pact25-artifact/codegen_apps/jacobian3d/vck5000_project/hls/device/include/PE_jac3D_kernel_stencil.hpp:395]   --->   Operation 342 'xor' 'xor_ln395_1' <Predicate = (!icmp_ln194 & !icmp_ln394_1)> <Delay = 0.00> <CoreInst = "LogicGate">   --->   Core 78 'LogicGate' <Latency = 0> <II = 1> <Delay = 0.30> <FuncUnit> <Opcode : 'and' 'or' 'xor'> <InPorts = 2> <OutPorts = 1>
ST_8 : Operation 343 [1/1] (0.00ns) (grouped into LUT with out node neg_cond_1)   --->   "%xor_ln399_1 = xor i1 %icmp_ln399_1, i1 1" [/home/x_thileeb/repos/ops-hls-pact25-artifact/codegen_apps/jacobian3d/vck5000_project/hls/device/include/PE_jac3D_kernel_stencil.hpp:399]   --->   Operation 343 'xor' 'xor_ln399_1' <Predicate = (!icmp_ln194 & !icmp_ln394_1)> <Delay = 0.00> <CoreInst = "LogicGate">   --->   Core 78 'LogicGate' <Latency = 0> <II = 1> <Delay = 0.30> <FuncUnit> <Opcode : 'and' 'or' 'xor'> <InPorts = 2> <OutPorts = 1>
ST_8 : Operation 344 [1/1] (0.00ns) (grouped into LUT with out node neg_cond_1)   --->   "%or_ln396_4 = or i1 %xor_ln395_1, i1 %cmp387" [/home/x_thileeb/repos/ops-hls-pact25-artifact/codegen_apps/jacobian3d/vck5000_project/hls/device/include/PE_jac3D_kernel_stencil.hpp:396]   --->   Operation 344 'or' 'or_ln396_4' <Predicate = (!icmp_ln194 & !icmp_ln394_1)> <Delay = 0.00> <CoreInst = "LogicGate">   --->   Core 78 'LogicGate' <Latency = 0> <II = 1> <Delay = 0.30> <FuncUnit> <Opcode : 'and' 'or' 'xor'> <InPorts = 2> <OutPorts = 1>
ST_8 : Operation 345 [1/1] (0.00ns) (grouped into LUT with out node neg_cond_1)   --->   "%or_ln396_5 = or i1 %rev145, i1 %xor_ln399_1" [/home/x_thileeb/repos/ops-hls-pact25-artifact/codegen_apps/jacobian3d/vck5000_project/hls/device/include/PE_jac3D_kernel_stencil.hpp:396]   --->   Operation 345 'or' 'or_ln396_5' <Predicate = (!icmp_ln194 & !icmp_ln394_1)> <Delay = 0.00> <CoreInst = "LogicGate">   --->   Core 78 'LogicGate' <Latency = 0> <II = 1> <Delay = 0.30> <FuncUnit> <Opcode : 'and' 'or' 'xor'> <InPorts = 2> <OutPorts = 1>
ST_8 : Operation 346 [1/1] (0.00ns) (grouped into LUT with out node neg_cond_1)   --->   "%or_ln396_6 = or i1 %or_ln396_5, i1 %cmp399" [/home/x_thileeb/repos/ops-hls-pact25-artifact/codegen_apps/jacobian3d/vck5000_project/hls/device/include/PE_jac3D_kernel_stencil.hpp:396]   --->   Operation 346 'or' 'or_ln396_6' <Predicate = (!icmp_ln194 & !icmp_ln394_1)> <Delay = 0.00> <CoreInst = "LogicGate">   --->   Core 78 'LogicGate' <Latency = 0> <II = 1> <Delay = 0.30> <FuncUnit> <Opcode : 'and' 'or' 'xor'> <InPorts = 2> <OutPorts = 1>
ST_8 : Operation 347 [1/1] (0.30ns) (out node of the LUT)   --->   "%neg_cond_1 = or i1 %or_ln396_6, i1 %or_ln396_4" [/home/x_thileeb/repos/ops-hls-pact25-artifact/codegen_apps/jacobian3d/vck5000_project/hls/device/include/PE_jac3D_kernel_stencil.hpp:396]   --->   Operation 347 'or' 'neg_cond_1' <Predicate = (!icmp_ln194 & !icmp_ln394_1)> <Delay = 0.30> <CoreInst = "LogicGate">   --->   Core 78 'LogicGate' <Latency = 0> <II = 1> <Delay = 0.30> <FuncUnit> <Opcode : 'and' 'or' 'xor'> <InPorts = 2> <OutPorts = 1>
ST_8 : Operation 348 [1/1] (0.46ns)   --->   "%br_ln0 = br void %for.inc452.1"   --->   Operation 348 'br' 'br_ln0' <Predicate = (!icmp_ln194 & neg_cond_1) | (!icmp_ln194 & icmp_ln394_1)> <Delay = 0.46>
ST_8 : Operation 349 [1/1] (0.00ns) (grouped into LUT with out node neg_cond_2)   --->   "%xor_ln395_2 = xor i1 %icmp_ln395_2, i1 1" [/home/x_thileeb/repos/ops-hls-pact25-artifact/codegen_apps/jacobian3d/vck5000_project/hls/device/include/PE_jac3D_kernel_stencil.hpp:395]   --->   Operation 349 'xor' 'xor_ln395_2' <Predicate = (!icmp_ln194 & !icmp_ln394_2)> <Delay = 0.00> <CoreInst = "LogicGate">   --->   Core 78 'LogicGate' <Latency = 0> <II = 1> <Delay = 0.30> <FuncUnit> <Opcode : 'and' 'or' 'xor'> <InPorts = 2> <OutPorts = 1>
ST_8 : Operation 350 [1/1] (0.00ns) (grouped into LUT with out node neg_cond_2)   --->   "%xor_ln399_2 = xor i1 %icmp_ln399_2, i1 1" [/home/x_thileeb/repos/ops-hls-pact25-artifact/codegen_apps/jacobian3d/vck5000_project/hls/device/include/PE_jac3D_kernel_stencil.hpp:399]   --->   Operation 350 'xor' 'xor_ln399_2' <Predicate = (!icmp_ln194 & !icmp_ln394_2)> <Delay = 0.00> <CoreInst = "LogicGate">   --->   Core 78 'LogicGate' <Latency = 0> <II = 1> <Delay = 0.30> <FuncUnit> <Opcode : 'and' 'or' 'xor'> <InPorts = 2> <OutPorts = 1>
ST_8 : Operation 351 [1/1] (0.00ns) (grouped into LUT with out node neg_cond_2)   --->   "%or_ln396_8 = or i1 %xor_ln395_2, i1 %cmp387" [/home/x_thileeb/repos/ops-hls-pact25-artifact/codegen_apps/jacobian3d/vck5000_project/hls/device/include/PE_jac3D_kernel_stencil.hpp:396]   --->   Operation 351 'or' 'or_ln396_8' <Predicate = (!icmp_ln194 & !icmp_ln394_2)> <Delay = 0.00> <CoreInst = "LogicGate">   --->   Core 78 'LogicGate' <Latency = 0> <II = 1> <Delay = 0.30> <FuncUnit> <Opcode : 'and' 'or' 'xor'> <InPorts = 2> <OutPorts = 1>
ST_8 : Operation 352 [1/1] (0.00ns) (grouped into LUT with out node neg_cond_2)   --->   "%or_ln396_9 = or i1 %rev145, i1 %xor_ln399_2" [/home/x_thileeb/repos/ops-hls-pact25-artifact/codegen_apps/jacobian3d/vck5000_project/hls/device/include/PE_jac3D_kernel_stencil.hpp:396]   --->   Operation 352 'or' 'or_ln396_9' <Predicate = (!icmp_ln194 & !icmp_ln394_2)> <Delay = 0.00> <CoreInst = "LogicGate">   --->   Core 78 'LogicGate' <Latency = 0> <II = 1> <Delay = 0.30> <FuncUnit> <Opcode : 'and' 'or' 'xor'> <InPorts = 2> <OutPorts = 1>
ST_8 : Operation 353 [1/1] (0.00ns) (grouped into LUT with out node neg_cond_2)   --->   "%or_ln396_10 = or i1 %or_ln396_9, i1 %cmp399" [/home/x_thileeb/repos/ops-hls-pact25-artifact/codegen_apps/jacobian3d/vck5000_project/hls/device/include/PE_jac3D_kernel_stencil.hpp:396]   --->   Operation 353 'or' 'or_ln396_10' <Predicate = (!icmp_ln194 & !icmp_ln394_2)> <Delay = 0.00> <CoreInst = "LogicGate">   --->   Core 78 'LogicGate' <Latency = 0> <II = 1> <Delay = 0.30> <FuncUnit> <Opcode : 'and' 'or' 'xor'> <InPorts = 2> <OutPorts = 1>
ST_8 : Operation 354 [1/1] (0.30ns) (out node of the LUT)   --->   "%neg_cond_2 = or i1 %or_ln396_10, i1 %or_ln396_8" [/home/x_thileeb/repos/ops-hls-pact25-artifact/codegen_apps/jacobian3d/vck5000_project/hls/device/include/PE_jac3D_kernel_stencil.hpp:396]   --->   Operation 354 'or' 'neg_cond_2' <Predicate = (!icmp_ln194 & !icmp_ln394_2)> <Delay = 0.30> <CoreInst = "LogicGate">   --->   Core 78 'LogicGate' <Latency = 0> <II = 1> <Delay = 0.30> <FuncUnit> <Opcode : 'and' 'or' 'xor'> <InPorts = 2> <OutPorts = 1>
ST_8 : Operation 355 [1/1] (0.46ns)   --->   "%br_ln0 = br void %for.inc452.2"   --->   Operation 355 'br' 'br_ln0' <Predicate = (!icmp_ln194 & neg_cond_2) | (!icmp_ln194 & icmp_ln394_2)> <Delay = 0.46>
ST_8 : Operation 356 [1/1] (0.00ns) (grouped into LUT with out node neg_cond_3)   --->   "%xor_ln395_3 = xor i1 %icmp_ln395_3, i1 1" [/home/x_thileeb/repos/ops-hls-pact25-artifact/codegen_apps/jacobian3d/vck5000_project/hls/device/include/PE_jac3D_kernel_stencil.hpp:395]   --->   Operation 356 'xor' 'xor_ln395_3' <Predicate = (!icmp_ln194 & !icmp_ln394_3)> <Delay = 0.00> <CoreInst = "LogicGate">   --->   Core 78 'LogicGate' <Latency = 0> <II = 1> <Delay = 0.30> <FuncUnit> <Opcode : 'and' 'or' 'xor'> <InPorts = 2> <OutPorts = 1>
ST_8 : Operation 357 [1/1] (0.00ns) (grouped into LUT with out node neg_cond_3)   --->   "%xor_ln399_3 = xor i1 %icmp_ln399_3, i1 1" [/home/x_thileeb/repos/ops-hls-pact25-artifact/codegen_apps/jacobian3d/vck5000_project/hls/device/include/PE_jac3D_kernel_stencil.hpp:399]   --->   Operation 357 'xor' 'xor_ln399_3' <Predicate = (!icmp_ln194 & !icmp_ln394_3)> <Delay = 0.00> <CoreInst = "LogicGate">   --->   Core 78 'LogicGate' <Latency = 0> <II = 1> <Delay = 0.30> <FuncUnit> <Opcode : 'and' 'or' 'xor'> <InPorts = 2> <OutPorts = 1>
ST_8 : Operation 358 [1/1] (0.00ns) (grouped into LUT with out node neg_cond_3)   --->   "%or_ln396_12 = or i1 %xor_ln395_3, i1 %cmp387" [/home/x_thileeb/repos/ops-hls-pact25-artifact/codegen_apps/jacobian3d/vck5000_project/hls/device/include/PE_jac3D_kernel_stencil.hpp:396]   --->   Operation 358 'or' 'or_ln396_12' <Predicate = (!icmp_ln194 & !icmp_ln394_3)> <Delay = 0.00> <CoreInst = "LogicGate">   --->   Core 78 'LogicGate' <Latency = 0> <II = 1> <Delay = 0.30> <FuncUnit> <Opcode : 'and' 'or' 'xor'> <InPorts = 2> <OutPorts = 1>
ST_8 : Operation 359 [1/1] (0.00ns) (grouped into LUT with out node neg_cond_3)   --->   "%or_ln396_13 = or i1 %rev145, i1 %xor_ln399_3" [/home/x_thileeb/repos/ops-hls-pact25-artifact/codegen_apps/jacobian3d/vck5000_project/hls/device/include/PE_jac3D_kernel_stencil.hpp:396]   --->   Operation 359 'or' 'or_ln396_13' <Predicate = (!icmp_ln194 & !icmp_ln394_3)> <Delay = 0.00> <CoreInst = "LogicGate">   --->   Core 78 'LogicGate' <Latency = 0> <II = 1> <Delay = 0.30> <FuncUnit> <Opcode : 'and' 'or' 'xor'> <InPorts = 2> <OutPorts = 1>
ST_8 : Operation 360 [1/1] (0.00ns) (grouped into LUT with out node neg_cond_3)   --->   "%or_ln396_14 = or i1 %or_ln396_13, i1 %cmp399" [/home/x_thileeb/repos/ops-hls-pact25-artifact/codegen_apps/jacobian3d/vck5000_project/hls/device/include/PE_jac3D_kernel_stencil.hpp:396]   --->   Operation 360 'or' 'or_ln396_14' <Predicate = (!icmp_ln194 & !icmp_ln394_3)> <Delay = 0.00> <CoreInst = "LogicGate">   --->   Core 78 'LogicGate' <Latency = 0> <II = 1> <Delay = 0.30> <FuncUnit> <Opcode : 'and' 'or' 'xor'> <InPorts = 2> <OutPorts = 1>
ST_8 : Operation 361 [1/1] (0.30ns) (out node of the LUT)   --->   "%neg_cond_3 = or i1 %or_ln396_14, i1 %or_ln396_12" [/home/x_thileeb/repos/ops-hls-pact25-artifact/codegen_apps/jacobian3d/vck5000_project/hls/device/include/PE_jac3D_kernel_stencil.hpp:396]   --->   Operation 361 'or' 'neg_cond_3' <Predicate = (!icmp_ln194 & !icmp_ln394_3)> <Delay = 0.30> <CoreInst = "LogicGate">   --->   Core 78 'LogicGate' <Latency = 0> <II = 1> <Delay = 0.30> <FuncUnit> <Opcode : 'and' 'or' 'xor'> <InPorts = 2> <OutPorts = 1>
ST_8 : Operation 362 [1/1] (0.46ns)   --->   "%br_ln0 = br void %for.inc452.3"   --->   Operation 362 'br' 'br_ln0' <Predicate = (!icmp_ln194 & neg_cond_3) | (!icmp_ln194 & icmp_ln394_3)> <Delay = 0.46>
ST_8 : Operation 363 [1/1] (0.00ns) (grouped into LUT with out node neg_cond_4)   --->   "%xor_ln395_4 = xor i1 %icmp_ln395_4, i1 1" [/home/x_thileeb/repos/ops-hls-pact25-artifact/codegen_apps/jacobian3d/vck5000_project/hls/device/include/PE_jac3D_kernel_stencil.hpp:395]   --->   Operation 363 'xor' 'xor_ln395_4' <Predicate = (!icmp_ln194 & !icmp_ln394_4)> <Delay = 0.00> <CoreInst = "LogicGate">   --->   Core 78 'LogicGate' <Latency = 0> <II = 1> <Delay = 0.30> <FuncUnit> <Opcode : 'and' 'or' 'xor'> <InPorts = 2> <OutPorts = 1>
ST_8 : Operation 364 [1/1] (0.00ns) (grouped into LUT with out node neg_cond_4)   --->   "%xor_ln399_4 = xor i1 %icmp_ln399_4, i1 1" [/home/x_thileeb/repos/ops-hls-pact25-artifact/codegen_apps/jacobian3d/vck5000_project/hls/device/include/PE_jac3D_kernel_stencil.hpp:399]   --->   Operation 364 'xor' 'xor_ln399_4' <Predicate = (!icmp_ln194 & !icmp_ln394_4)> <Delay = 0.00> <CoreInst = "LogicGate">   --->   Core 78 'LogicGate' <Latency = 0> <II = 1> <Delay = 0.30> <FuncUnit> <Opcode : 'and' 'or' 'xor'> <InPorts = 2> <OutPorts = 1>
ST_8 : Operation 365 [1/1] (0.00ns) (grouped into LUT with out node neg_cond_4)   --->   "%or_ln396_16 = or i1 %xor_ln395_4, i1 %cmp387" [/home/x_thileeb/repos/ops-hls-pact25-artifact/codegen_apps/jacobian3d/vck5000_project/hls/device/include/PE_jac3D_kernel_stencil.hpp:396]   --->   Operation 365 'or' 'or_ln396_16' <Predicate = (!icmp_ln194 & !icmp_ln394_4)> <Delay = 0.00> <CoreInst = "LogicGate">   --->   Core 78 'LogicGate' <Latency = 0> <II = 1> <Delay = 0.30> <FuncUnit> <Opcode : 'and' 'or' 'xor'> <InPorts = 2> <OutPorts = 1>
ST_8 : Operation 366 [1/1] (0.00ns) (grouped into LUT with out node neg_cond_4)   --->   "%or_ln396_17 = or i1 %rev145, i1 %xor_ln399_4" [/home/x_thileeb/repos/ops-hls-pact25-artifact/codegen_apps/jacobian3d/vck5000_project/hls/device/include/PE_jac3D_kernel_stencil.hpp:396]   --->   Operation 366 'or' 'or_ln396_17' <Predicate = (!icmp_ln194 & !icmp_ln394_4)> <Delay = 0.00> <CoreInst = "LogicGate">   --->   Core 78 'LogicGate' <Latency = 0> <II = 1> <Delay = 0.30> <FuncUnit> <Opcode : 'and' 'or' 'xor'> <InPorts = 2> <OutPorts = 1>
ST_8 : Operation 367 [1/1] (0.00ns) (grouped into LUT with out node neg_cond_4)   --->   "%or_ln396_18 = or i1 %or_ln396_17, i1 %cmp399" [/home/x_thileeb/repos/ops-hls-pact25-artifact/codegen_apps/jacobian3d/vck5000_project/hls/device/include/PE_jac3D_kernel_stencil.hpp:396]   --->   Operation 367 'or' 'or_ln396_18' <Predicate = (!icmp_ln194 & !icmp_ln394_4)> <Delay = 0.00> <CoreInst = "LogicGate">   --->   Core 78 'LogicGate' <Latency = 0> <II = 1> <Delay = 0.30> <FuncUnit> <Opcode : 'and' 'or' 'xor'> <InPorts = 2> <OutPorts = 1>
ST_8 : Operation 368 [1/1] (0.30ns) (out node of the LUT)   --->   "%neg_cond_4 = or i1 %or_ln396_18, i1 %or_ln396_16" [/home/x_thileeb/repos/ops-hls-pact25-artifact/codegen_apps/jacobian3d/vck5000_project/hls/device/include/PE_jac3D_kernel_stencil.hpp:396]   --->   Operation 368 'or' 'neg_cond_4' <Predicate = (!icmp_ln194 & !icmp_ln394_4)> <Delay = 0.30> <CoreInst = "LogicGate">   --->   Core 78 'LogicGate' <Latency = 0> <II = 1> <Delay = 0.30> <FuncUnit> <Opcode : 'and' 'or' 'xor'> <InPorts = 2> <OutPorts = 1>
ST_8 : Operation 369 [1/1] (0.46ns)   --->   "%br_ln0 = br void %for.inc452.4"   --->   Operation 369 'br' 'br_ln0' <Predicate = (!icmp_ln194 & neg_cond_4) | (!icmp_ln194 & icmp_ln394_4)> <Delay = 0.46>
ST_8 : Operation 370 [1/1] (0.00ns) (grouped into LUT with out node neg_cond_5)   --->   "%xor_ln395_5 = xor i1 %icmp_ln395_5, i1 1" [/home/x_thileeb/repos/ops-hls-pact25-artifact/codegen_apps/jacobian3d/vck5000_project/hls/device/include/PE_jac3D_kernel_stencil.hpp:395]   --->   Operation 370 'xor' 'xor_ln395_5' <Predicate = (!icmp_ln194 & !icmp_ln394_5)> <Delay = 0.00> <CoreInst = "LogicGate">   --->   Core 78 'LogicGate' <Latency = 0> <II = 1> <Delay = 0.30> <FuncUnit> <Opcode : 'and' 'or' 'xor'> <InPorts = 2> <OutPorts = 1>
ST_8 : Operation 371 [1/1] (0.00ns) (grouped into LUT with out node neg_cond_5)   --->   "%xor_ln399_5 = xor i1 %icmp_ln399_5, i1 1" [/home/x_thileeb/repos/ops-hls-pact25-artifact/codegen_apps/jacobian3d/vck5000_project/hls/device/include/PE_jac3D_kernel_stencil.hpp:399]   --->   Operation 371 'xor' 'xor_ln399_5' <Predicate = (!icmp_ln194 & !icmp_ln394_5)> <Delay = 0.00> <CoreInst = "LogicGate">   --->   Core 78 'LogicGate' <Latency = 0> <II = 1> <Delay = 0.30> <FuncUnit> <Opcode : 'and' 'or' 'xor'> <InPorts = 2> <OutPorts = 1>
ST_8 : Operation 372 [1/1] (0.00ns) (grouped into LUT with out node neg_cond_5)   --->   "%or_ln396_20 = or i1 %xor_ln395_5, i1 %cmp387" [/home/x_thileeb/repos/ops-hls-pact25-artifact/codegen_apps/jacobian3d/vck5000_project/hls/device/include/PE_jac3D_kernel_stencil.hpp:396]   --->   Operation 372 'or' 'or_ln396_20' <Predicate = (!icmp_ln194 & !icmp_ln394_5)> <Delay = 0.00> <CoreInst = "LogicGate">   --->   Core 78 'LogicGate' <Latency = 0> <II = 1> <Delay = 0.30> <FuncUnit> <Opcode : 'and' 'or' 'xor'> <InPorts = 2> <OutPorts = 1>
ST_8 : Operation 373 [1/1] (0.00ns) (grouped into LUT with out node neg_cond_5)   --->   "%or_ln396_21 = or i1 %rev145, i1 %xor_ln399_5" [/home/x_thileeb/repos/ops-hls-pact25-artifact/codegen_apps/jacobian3d/vck5000_project/hls/device/include/PE_jac3D_kernel_stencil.hpp:396]   --->   Operation 373 'or' 'or_ln396_21' <Predicate = (!icmp_ln194 & !icmp_ln394_5)> <Delay = 0.00> <CoreInst = "LogicGate">   --->   Core 78 'LogicGate' <Latency = 0> <II = 1> <Delay = 0.30> <FuncUnit> <Opcode : 'and' 'or' 'xor'> <InPorts = 2> <OutPorts = 1>
ST_8 : Operation 374 [1/1] (0.00ns) (grouped into LUT with out node neg_cond_5)   --->   "%or_ln396_22 = or i1 %or_ln396_21, i1 %cmp399" [/home/x_thileeb/repos/ops-hls-pact25-artifact/codegen_apps/jacobian3d/vck5000_project/hls/device/include/PE_jac3D_kernel_stencil.hpp:396]   --->   Operation 374 'or' 'or_ln396_22' <Predicate = (!icmp_ln194 & !icmp_ln394_5)> <Delay = 0.00> <CoreInst = "LogicGate">   --->   Core 78 'LogicGate' <Latency = 0> <II = 1> <Delay = 0.30> <FuncUnit> <Opcode : 'and' 'or' 'xor'> <InPorts = 2> <OutPorts = 1>
ST_8 : Operation 375 [1/1] (0.30ns) (out node of the LUT)   --->   "%neg_cond_5 = or i1 %or_ln396_22, i1 %or_ln396_20" [/home/x_thileeb/repos/ops-hls-pact25-artifact/codegen_apps/jacobian3d/vck5000_project/hls/device/include/PE_jac3D_kernel_stencil.hpp:396]   --->   Operation 375 'or' 'neg_cond_5' <Predicate = (!icmp_ln194 & !icmp_ln394_5)> <Delay = 0.30> <CoreInst = "LogicGate">   --->   Core 78 'LogicGate' <Latency = 0> <II = 1> <Delay = 0.30> <FuncUnit> <Opcode : 'and' 'or' 'xor'> <InPorts = 2> <OutPorts = 1>
ST_8 : Operation 376 [1/1] (0.46ns)   --->   "%br_ln424 = br i1 %neg_cond_5, void %if.then434.5, void %for.inc452.5" [/home/x_thileeb/repos/ops-hls-pact25-artifact/codegen_apps/jacobian3d/vck5000_project/hls/device/include/PE_jac3D_kernel_stencil.hpp:424]   --->   Operation 376 'br' 'br_ln424' <Predicate = (!icmp_ln194 & !icmp_ln394_5)> <Delay = 0.46>
ST_8 : Operation 377 [1/1] (0.00ns) (grouped into LUT with out node neg_cond_6)   --->   "%xor_ln395_6 = xor i1 %icmp_ln395_6, i1 1" [/home/x_thileeb/repos/ops-hls-pact25-artifact/codegen_apps/jacobian3d/vck5000_project/hls/device/include/PE_jac3D_kernel_stencil.hpp:395]   --->   Operation 377 'xor' 'xor_ln395_6' <Predicate = (!icmp_ln194 & !icmp_ln394_6)> <Delay = 0.00> <CoreInst = "LogicGate">   --->   Core 78 'LogicGate' <Latency = 0> <II = 1> <Delay = 0.30> <FuncUnit> <Opcode : 'and' 'or' 'xor'> <InPorts = 2> <OutPorts = 1>
ST_8 : Operation 378 [1/1] (0.00ns) (grouped into LUT with out node neg_cond_6)   --->   "%xor_ln399_6 = xor i1 %icmp_ln399_6, i1 1" [/home/x_thileeb/repos/ops-hls-pact25-artifact/codegen_apps/jacobian3d/vck5000_project/hls/device/include/PE_jac3D_kernel_stencil.hpp:399]   --->   Operation 378 'xor' 'xor_ln399_6' <Predicate = (!icmp_ln194 & !icmp_ln394_6)> <Delay = 0.00> <CoreInst = "LogicGate">   --->   Core 78 'LogicGate' <Latency = 0> <II = 1> <Delay = 0.30> <FuncUnit> <Opcode : 'and' 'or' 'xor'> <InPorts = 2> <OutPorts = 1>
ST_8 : Operation 379 [1/1] (0.00ns) (grouped into LUT with out node neg_cond_6)   --->   "%or_ln396_24 = or i1 %xor_ln395_6, i1 %cmp387" [/home/x_thileeb/repos/ops-hls-pact25-artifact/codegen_apps/jacobian3d/vck5000_project/hls/device/include/PE_jac3D_kernel_stencil.hpp:396]   --->   Operation 379 'or' 'or_ln396_24' <Predicate = (!icmp_ln194 & !icmp_ln394_6)> <Delay = 0.00> <CoreInst = "LogicGate">   --->   Core 78 'LogicGate' <Latency = 0> <II = 1> <Delay = 0.30> <FuncUnit> <Opcode : 'and' 'or' 'xor'> <InPorts = 2> <OutPorts = 1>
ST_8 : Operation 380 [1/1] (0.00ns) (grouped into LUT with out node neg_cond_6)   --->   "%or_ln396_25 = or i1 %rev145, i1 %xor_ln399_6" [/home/x_thileeb/repos/ops-hls-pact25-artifact/codegen_apps/jacobian3d/vck5000_project/hls/device/include/PE_jac3D_kernel_stencil.hpp:396]   --->   Operation 380 'or' 'or_ln396_25' <Predicate = (!icmp_ln194 & !icmp_ln394_6)> <Delay = 0.00> <CoreInst = "LogicGate">   --->   Core 78 'LogicGate' <Latency = 0> <II = 1> <Delay = 0.30> <FuncUnit> <Opcode : 'and' 'or' 'xor'> <InPorts = 2> <OutPorts = 1>
ST_8 : Operation 381 [1/1] (0.00ns) (grouped into LUT with out node neg_cond_6)   --->   "%or_ln396_26 = or i1 %or_ln396_25, i1 %cmp399" [/home/x_thileeb/repos/ops-hls-pact25-artifact/codegen_apps/jacobian3d/vck5000_project/hls/device/include/PE_jac3D_kernel_stencil.hpp:396]   --->   Operation 381 'or' 'or_ln396_26' <Predicate = (!icmp_ln194 & !icmp_ln394_6)> <Delay = 0.00> <CoreInst = "LogicGate">   --->   Core 78 'LogicGate' <Latency = 0> <II = 1> <Delay = 0.30> <FuncUnit> <Opcode : 'and' 'or' 'xor'> <InPorts = 2> <OutPorts = 1>
ST_8 : Operation 382 [1/1] (0.30ns) (out node of the LUT)   --->   "%neg_cond_6 = or i1 %or_ln396_26, i1 %or_ln396_24" [/home/x_thileeb/repos/ops-hls-pact25-artifact/codegen_apps/jacobian3d/vck5000_project/hls/device/include/PE_jac3D_kernel_stencil.hpp:396]   --->   Operation 382 'or' 'neg_cond_6' <Predicate = (!icmp_ln194 & !icmp_ln394_6)> <Delay = 0.30> <CoreInst = "LogicGate">   --->   Core 78 'LogicGate' <Latency = 0> <II = 1> <Delay = 0.30> <FuncUnit> <Opcode : 'and' 'or' 'xor'> <InPorts = 2> <OutPorts = 1>
ST_8 : Operation 383 [1/1] (0.46ns)   --->   "%br_ln424 = br i1 %neg_cond_6, void %if.then434.6, void %for.inc452.6" [/home/x_thileeb/repos/ops-hls-pact25-artifact/codegen_apps/jacobian3d/vck5000_project/hls/device/include/PE_jac3D_kernel_stencil.hpp:424]   --->   Operation 383 'br' 'br_ln424' <Predicate = (!icmp_ln194 & !icmp_ln394_6)> <Delay = 0.46>
ST_8 : Operation 384 [1/1] (0.00ns) (grouped into LUT with out node neg_cond_7)   --->   "%xor_ln395_7 = xor i1 %icmp_ln395_7, i1 1" [/home/x_thileeb/repos/ops-hls-pact25-artifact/codegen_apps/jacobian3d/vck5000_project/hls/device/include/PE_jac3D_kernel_stencil.hpp:395]   --->   Operation 384 'xor' 'xor_ln395_7' <Predicate = (!icmp_ln194 & !icmp_ln394_7)> <Delay = 0.00> <CoreInst = "LogicGate">   --->   Core 78 'LogicGate' <Latency = 0> <II = 1> <Delay = 0.30> <FuncUnit> <Opcode : 'and' 'or' 'xor'> <InPorts = 2> <OutPorts = 1>
ST_8 : Operation 385 [1/1] (0.00ns) (grouped into LUT with out node neg_cond_7)   --->   "%xor_ln399_7 = xor i1 %icmp_ln399_7, i1 1" [/home/x_thileeb/repos/ops-hls-pact25-artifact/codegen_apps/jacobian3d/vck5000_project/hls/device/include/PE_jac3D_kernel_stencil.hpp:399]   --->   Operation 385 'xor' 'xor_ln399_7' <Predicate = (!icmp_ln194 & !icmp_ln394_7)> <Delay = 0.00> <CoreInst = "LogicGate">   --->   Core 78 'LogicGate' <Latency = 0> <II = 1> <Delay = 0.30> <FuncUnit> <Opcode : 'and' 'or' 'xor'> <InPorts = 2> <OutPorts = 1>
ST_8 : Operation 386 [1/1] (0.00ns) (grouped into LUT with out node neg_cond_7)   --->   "%or_ln396_28 = or i1 %xor_ln395_7, i1 %cmp387" [/home/x_thileeb/repos/ops-hls-pact25-artifact/codegen_apps/jacobian3d/vck5000_project/hls/device/include/PE_jac3D_kernel_stencil.hpp:396]   --->   Operation 386 'or' 'or_ln396_28' <Predicate = (!icmp_ln194 & !icmp_ln394_7)> <Delay = 0.00> <CoreInst = "LogicGate">   --->   Core 78 'LogicGate' <Latency = 0> <II = 1> <Delay = 0.30> <FuncUnit> <Opcode : 'and' 'or' 'xor'> <InPorts = 2> <OutPorts = 1>
ST_8 : Operation 387 [1/1] (0.00ns) (grouped into LUT with out node neg_cond_7)   --->   "%or_ln396_29 = or i1 %rev145, i1 %xor_ln399_7" [/home/x_thileeb/repos/ops-hls-pact25-artifact/codegen_apps/jacobian3d/vck5000_project/hls/device/include/PE_jac3D_kernel_stencil.hpp:396]   --->   Operation 387 'or' 'or_ln396_29' <Predicate = (!icmp_ln194 & !icmp_ln394_7)> <Delay = 0.00> <CoreInst = "LogicGate">   --->   Core 78 'LogicGate' <Latency = 0> <II = 1> <Delay = 0.30> <FuncUnit> <Opcode : 'and' 'or' 'xor'> <InPorts = 2> <OutPorts = 1>
ST_8 : Operation 388 [1/1] (0.00ns) (grouped into LUT with out node neg_cond_7)   --->   "%or_ln396_30 = or i1 %or_ln396_29, i1 %cmp399" [/home/x_thileeb/repos/ops-hls-pact25-artifact/codegen_apps/jacobian3d/vck5000_project/hls/device/include/PE_jac3D_kernel_stencil.hpp:396]   --->   Operation 388 'or' 'or_ln396_30' <Predicate = (!icmp_ln194 & !icmp_ln394_7)> <Delay = 0.00> <CoreInst = "LogicGate">   --->   Core 78 'LogicGate' <Latency = 0> <II = 1> <Delay = 0.30> <FuncUnit> <Opcode : 'and' 'or' 'xor'> <InPorts = 2> <OutPorts = 1>
ST_8 : Operation 389 [1/1] (0.30ns) (out node of the LUT)   --->   "%neg_cond_7 = or i1 %or_ln396_30, i1 %or_ln396_28" [/home/x_thileeb/repos/ops-hls-pact25-artifact/codegen_apps/jacobian3d/vck5000_project/hls/device/include/PE_jac3D_kernel_stencil.hpp:396]   --->   Operation 389 'or' 'neg_cond_7' <Predicate = (!icmp_ln194 & !icmp_ln394_7)> <Delay = 0.30> <CoreInst = "LogicGate">   --->   Core 78 'LogicGate' <Latency = 0> <II = 1> <Delay = 0.30> <FuncUnit> <Opcode : 'and' 'or' 'xor'> <InPorts = 2> <OutPorts = 1>
ST_8 : Operation 390 [1/1] (0.46ns)   --->   "%br_ln424 = br i1 %neg_cond_7, void %if.then434.7, void %for.inc452.7" [/home/x_thileeb/repos/ops-hls-pact25-artifact/codegen_apps/jacobian3d/vck5000_project/hls/device/include/PE_jac3D_kernel_stencil.hpp:424]   --->   Operation 390 'br' 'br_ln424' <Predicate = (!icmp_ln194 & !icmp_ln394_7)> <Delay = 0.46>
ST_8 : Operation 391 [1/1] (0.39ns)   --->   "%store_ln194 = store i16 %S3D_7PT_buf_p0_1_rd_2, i16 %S3D_7PT_buf_p0_1_rd" [/home/x_thileeb/repos/ops-hls-pact25-artifact/codegen_apps/jacobian3d/vck5000_project/hls/device/include/PE_jac3D_kernel_stencil.hpp:194]   --->   Operation 391 'store' 'store_ln194' <Predicate = true> <Delay = 0.39>
ST_8 : Operation 392 [1/1] (0.00ns)   --->   "%br_ln194 = br void %spc_temp_blocking_read" [/home/x_thileeb/repos/ops-hls-pact25-artifact/codegen_apps/jacobian3d/vck5000_project/hls/device/include/PE_jac3D_kernel_stencil.hpp:194]   --->   Operation 392 'br' 'br_ln194' <Predicate = true> <Delay = 0.00>

State 9 <SV = 8> <Delay = 1.74>
ST_9 : Operation 393 [1/3] (1.04ns)   --->   "%arg0_buf_p0_1_V_load = load i14 %arg0_buf_p0_1_V_addr" [/home/x_thileeb/repos/ops-hls-pact25-artifact/codegen_apps/jacobian3d/vck5000_project/hls/device/include/PE_jac3D_kernel_stencil.hpp:255]   --->   Operation 393 'load' 'arg0_buf_p0_1_V_load' <Predicate = (!icmp_ln194)> <Delay = 1.04> <CoreInst = "RAM_S2P_URAM">   --->   Core 102 'RAM_S2P_URAM' <Latency = 2> <II = 1> <Delay = 1.25> <Storage> <Opcode : 'load' 'store'> <Ports = 2> <Width = 256> <Depth = 11476> <RAM>
ST_9 : Operation 394 [1/1] (0.70ns)   --->   "%t = select i1 %addr_cmp174, i256 %reuse_reg170_load, i256 %arg0_buf_p0_1_V_load" [/home/x_thileeb/repos/ops-hls-pact25-artifact/codegen_apps/jacobian3d/vck5000_project/hls/device/include/PE_jac3D_kernel_stencil.hpp:255]   --->   Operation 394 'select' 't' <Predicate = (!icmp_ln194)> <Delay = 0.70> <CoreInst = "Sel">   --->   Core 77 'Sel' <Latency = 0> <II = 1> <Delay = 0.70> <FuncUnit> <Opcode : 'select'> <InPorts = 3> <OutPorts = 1>
ST_9 : Operation 395 [1/1] (0.00ns)   --->   "%arg0_tmpConverter_1_0 = trunc i256 %t"   --->   Operation 395 'trunc' 'arg0_tmpConverter_1_0' <Predicate = (!icmp_ln194)> <Delay = 0.00>
ST_9 : Operation 396 [1/1] (0.00ns)   --->   "%arg0_rowArr_1_0 = bitcast i32 %arg0_tmpConverter_1_0" [/home/x_thileeb/repos/ops-hls-pact25-artifact/codegen_apps/jacobian3d/vck5000_project/hls/device/include/PE_jac3D_kernel_stencil.hpp:360]   --->   Operation 396 'bitcast' 'arg0_rowArr_1_0' <Predicate = (!icmp_ln194)> <Delay = 0.00>
ST_9 : Operation 397 [1/1] (0.00ns)   --->   "%arg0_tmpConverter_1_0_1 = partselect i32 @_ssdm_op_PartSelect.i32.i256.i32.i32, i256 %t, i32 32, i32 63"   --->   Operation 397 'partselect' 'arg0_tmpConverter_1_0_1' <Predicate = (!icmp_ln194)> <Delay = 0.00>
ST_9 : Operation 398 [1/1] (0.00ns)   --->   "%arg0_tmpConverter_1_0_2 = partselect i32 @_ssdm_op_PartSelect.i32.i256.i32.i32, i256 %t, i32 64, i32 95"   --->   Operation 398 'partselect' 'arg0_tmpConverter_1_0_2' <Predicate = (!icmp_ln194)> <Delay = 0.00>
ST_9 : Operation 399 [1/1] (0.00ns)   --->   "%arg0_tmpConverter_1_0_3 = partselect i32 @_ssdm_op_PartSelect.i32.i256.i32.i32, i256 %t, i32 96, i32 127"   --->   Operation 399 'partselect' 'arg0_tmpConverter_1_0_3' <Predicate = (!icmp_ln194)> <Delay = 0.00>
ST_9 : Operation 400 [1/1] (0.00ns)   --->   "%arg0_tmpConverter_1_0_4 = partselect i32 @_ssdm_op_PartSelect.i32.i256.i32.i32, i256 %t, i32 128, i32 159"   --->   Operation 400 'partselect' 'arg0_tmpConverter_1_0_4' <Predicate = (!icmp_ln194)> <Delay = 0.00>
ST_9 : Operation 401 [1/1] (0.00ns)   --->   "%arg0_tmpConverter_1_0_5 = partselect i32 @_ssdm_op_PartSelect.i32.i256.i32.i32, i256 %t, i32 160, i32 191"   --->   Operation 401 'partselect' 'arg0_tmpConverter_1_0_5' <Predicate = (!icmp_ln194)> <Delay = 0.00>
ST_9 : Operation 402 [1/1] (0.00ns)   --->   "%arg0_tmpConverter_1_0_6 = partselect i32 @_ssdm_op_PartSelect.i32.i256.i32.i32, i256 %t, i32 192, i32 223"   --->   Operation 402 'partselect' 'arg0_tmpConverter_1_0_6' <Predicate = (!icmp_ln194)> <Delay = 0.00>
ST_9 : Operation 403 [1/1] (0.00ns)   --->   "%arg0_tmpConverter_1_0_7 = partselect i32 @_ssdm_op_PartSelect.i32.i256.i32.i32, i256 %t, i32 224, i32 255"   --->   Operation 403 'partselect' 'arg0_tmpConverter_1_0_7' <Predicate = (!icmp_ln194)> <Delay = 0.00>

State 10 <SV = 9> <Delay = 1.22>
ST_10 : Operation 404 [1/1] (0.00ns)   --->   "%arg0_rowArr_0_1 = bitcast i32 %arg0_tmpConverter_0_1" [/home/x_thileeb/repos/ops-hls-pact25-artifact/codegen_apps/jacobian3d/vck5000_project/hls/device/include/PE_jac3D_kernel_stencil.hpp:363]   --->   Operation 404 'bitcast' 'arg0_rowArr_0_1' <Predicate = (!icmp_ln194)> <Delay = 0.00>
ST_10 : Operation 405 [1/1] (0.00ns)   --->   "%arg0_rowArr_2_1 = bitcast i32 %arg0_tmpConverter_2_1" [/home/x_thileeb/repos/ops-hls-pact25-artifact/codegen_apps/jacobian3d/vck5000_project/hls/device/include/PE_jac3D_kernel_stencil.hpp:369]   --->   Operation 405 'bitcast' 'arg0_rowArr_2_1' <Predicate = (!icmp_ln194)> <Delay = 0.00>
ST_10 : Operation 406 [1/1] (0.00ns)   --->   "%arg0_rowArr_1_2 = bitcast i32 %arg0_tmpConverter_1_2" [/home/x_thileeb/repos/ops-hls-pact25-artifact/codegen_apps/jacobian3d/vck5000_project/hls/device/include/PE_jac3D_kernel_stencil.hpp:372]   --->   Operation 406 'bitcast' 'arg0_rowArr_1_2' <Predicate = (!icmp_ln194)> <Delay = 0.00>
ST_10 : Operation 407 [1/1] (0.00ns)   --->   "%arg0_rowArr_1_0_1 = bitcast i32 %arg0_tmpConverter_1_0_1" [/home/x_thileeb/repos/ops-hls-pact25-artifact/codegen_apps/jacobian3d/vck5000_project/hls/device/include/PE_jac3D_kernel_stencil.hpp:360]   --->   Operation 407 'bitcast' 'arg0_rowArr_1_0_1' <Predicate = (!icmp_ln194)> <Delay = 0.00>
ST_10 : Operation 408 [1/1] (0.00ns)   --->   "%arg0_rowArr_0_1_1 = bitcast i32 %arg0_tmpConverter_0_1_1" [/home/x_thileeb/repos/ops-hls-pact25-artifact/codegen_apps/jacobian3d/vck5000_project/hls/device/include/PE_jac3D_kernel_stencil.hpp:363]   --->   Operation 408 'bitcast' 'arg0_rowArr_0_1_1' <Predicate = (!icmp_ln194)> <Delay = 0.00>
ST_10 : Operation 409 [1/1] (0.00ns)   --->   "%arg0_rowArr_2_1_1 = bitcast i32 %arg0_tmpConverter_2_1_1" [/home/x_thileeb/repos/ops-hls-pact25-artifact/codegen_apps/jacobian3d/vck5000_project/hls/device/include/PE_jac3D_kernel_stencil.hpp:369]   --->   Operation 409 'bitcast' 'arg0_rowArr_2_1_1' <Predicate = (!icmp_ln194)> <Delay = 0.00>
ST_10 : Operation 410 [1/1] (0.00ns)   --->   "%arg0_rowArr_1_2_1 = bitcast i32 %arg0_tmpConverter_1_2_1" [/home/x_thileeb/repos/ops-hls-pact25-artifact/codegen_apps/jacobian3d/vck5000_project/hls/device/include/PE_jac3D_kernel_stencil.hpp:372]   --->   Operation 410 'bitcast' 'arg0_rowArr_1_2_1' <Predicate = (!icmp_ln194)> <Delay = 0.00>
ST_10 : Operation 411 [1/1] (0.00ns)   --->   "%arg0_rowArr_1_0_2 = bitcast i32 %arg0_tmpConverter_1_0_2" [/home/x_thileeb/repos/ops-hls-pact25-artifact/codegen_apps/jacobian3d/vck5000_project/hls/device/include/PE_jac3D_kernel_stencil.hpp:360]   --->   Operation 411 'bitcast' 'arg0_rowArr_1_0_2' <Predicate = (!icmp_ln194)> <Delay = 0.00>
ST_10 : Operation 412 [1/1] (0.00ns)   --->   "%arg0_rowArr_0_1_2 = bitcast i32 %arg0_tmpConverter_0_1_2" [/home/x_thileeb/repos/ops-hls-pact25-artifact/codegen_apps/jacobian3d/vck5000_project/hls/device/include/PE_jac3D_kernel_stencil.hpp:363]   --->   Operation 412 'bitcast' 'arg0_rowArr_0_1_2' <Predicate = (!icmp_ln194)> <Delay = 0.00>
ST_10 : Operation 413 [1/1] (0.00ns)   --->   "%arg0_rowArr_2_1_2 = bitcast i32 %arg0_tmpConverter_2_1_2" [/home/x_thileeb/repos/ops-hls-pact25-artifact/codegen_apps/jacobian3d/vck5000_project/hls/device/include/PE_jac3D_kernel_stencil.hpp:369]   --->   Operation 413 'bitcast' 'arg0_rowArr_2_1_2' <Predicate = (!icmp_ln194)> <Delay = 0.00>
ST_10 : Operation 414 [1/1] (0.00ns)   --->   "%arg0_rowArr_1_2_2 = bitcast i32 %arg0_tmpConverter_1_2_2" [/home/x_thileeb/repos/ops-hls-pact25-artifact/codegen_apps/jacobian3d/vck5000_project/hls/device/include/PE_jac3D_kernel_stencil.hpp:372]   --->   Operation 414 'bitcast' 'arg0_rowArr_1_2_2' <Predicate = (!icmp_ln194)> <Delay = 0.00>
ST_10 : Operation 415 [1/1] (0.00ns)   --->   "%arg0_rowArr_1_0_3 = bitcast i32 %arg0_tmpConverter_1_0_3" [/home/x_thileeb/repos/ops-hls-pact25-artifact/codegen_apps/jacobian3d/vck5000_project/hls/device/include/PE_jac3D_kernel_stencil.hpp:360]   --->   Operation 415 'bitcast' 'arg0_rowArr_1_0_3' <Predicate = (!icmp_ln194)> <Delay = 0.00>
ST_10 : Operation 416 [1/1] (0.00ns)   --->   "%arg0_rowArr_0_1_3 = bitcast i32 %arg0_tmpConverter_0_1_3" [/home/x_thileeb/repos/ops-hls-pact25-artifact/codegen_apps/jacobian3d/vck5000_project/hls/device/include/PE_jac3D_kernel_stencil.hpp:363]   --->   Operation 416 'bitcast' 'arg0_rowArr_0_1_3' <Predicate = (!icmp_ln194)> <Delay = 0.00>
ST_10 : Operation 417 [1/1] (0.00ns)   --->   "%arg0_rowArr_2_1_3 = bitcast i32 %arg0_tmpConverter_2_1_3" [/home/x_thileeb/repos/ops-hls-pact25-artifact/codegen_apps/jacobian3d/vck5000_project/hls/device/include/PE_jac3D_kernel_stencil.hpp:369]   --->   Operation 417 'bitcast' 'arg0_rowArr_2_1_3' <Predicate = (!icmp_ln194)> <Delay = 0.00>
ST_10 : Operation 418 [1/1] (0.00ns)   --->   "%arg0_rowArr_1_2_3 = bitcast i32 %arg0_tmpConverter_1_2_3" [/home/x_thileeb/repos/ops-hls-pact25-artifact/codegen_apps/jacobian3d/vck5000_project/hls/device/include/PE_jac3D_kernel_stencil.hpp:372]   --->   Operation 418 'bitcast' 'arg0_rowArr_1_2_3' <Predicate = (!icmp_ln194)> <Delay = 0.00>
ST_10 : Operation 419 [1/1] (0.00ns)   --->   "%arg0_rowArr_1_0_4 = bitcast i32 %arg0_tmpConverter_1_0_4" [/home/x_thileeb/repos/ops-hls-pact25-artifact/codegen_apps/jacobian3d/vck5000_project/hls/device/include/PE_jac3D_kernel_stencil.hpp:360]   --->   Operation 419 'bitcast' 'arg0_rowArr_1_0_4' <Predicate = (!icmp_ln194)> <Delay = 0.00>
ST_10 : Operation 420 [1/1] (0.00ns)   --->   "%arg0_rowArr_0_1_4 = bitcast i32 %arg0_tmpConverter_0_1_4" [/home/x_thileeb/repos/ops-hls-pact25-artifact/codegen_apps/jacobian3d/vck5000_project/hls/device/include/PE_jac3D_kernel_stencil.hpp:363]   --->   Operation 420 'bitcast' 'arg0_rowArr_0_1_4' <Predicate = (!icmp_ln194)> <Delay = 0.00>
ST_10 : Operation 421 [1/1] (0.00ns)   --->   "%arg0_rowArr_2_1_4 = bitcast i32 %arg0_tmpConverter_2_1_4" [/home/x_thileeb/repos/ops-hls-pact25-artifact/codegen_apps/jacobian3d/vck5000_project/hls/device/include/PE_jac3D_kernel_stencil.hpp:369]   --->   Operation 421 'bitcast' 'arg0_rowArr_2_1_4' <Predicate = (!icmp_ln194)> <Delay = 0.00>
ST_10 : Operation 422 [1/1] (0.00ns)   --->   "%arg0_rowArr_1_2_4 = bitcast i32 %arg0_tmpConverter_1_2_4" [/home/x_thileeb/repos/ops-hls-pact25-artifact/codegen_apps/jacobian3d/vck5000_project/hls/device/include/PE_jac3D_kernel_stencil.hpp:372]   --->   Operation 422 'bitcast' 'arg0_rowArr_1_2_4' <Predicate = (!icmp_ln194)> <Delay = 0.00>
ST_10 : Operation 423 [1/1] (0.00ns)   --->   "%arg0_rowArr_1_0_5 = bitcast i32 %arg0_tmpConverter_1_0_5" [/home/x_thileeb/repos/ops-hls-pact25-artifact/codegen_apps/jacobian3d/vck5000_project/hls/device/include/PE_jac3D_kernel_stencil.hpp:360]   --->   Operation 423 'bitcast' 'arg0_rowArr_1_0_5' <Predicate = (!icmp_ln194)> <Delay = 0.00>
ST_10 : Operation 424 [1/1] (0.00ns)   --->   "%arg0_rowArr_0_1_5 = bitcast i32 %arg0_tmpConverter_0_1_5" [/home/x_thileeb/repos/ops-hls-pact25-artifact/codegen_apps/jacobian3d/vck5000_project/hls/device/include/PE_jac3D_kernel_stencil.hpp:363]   --->   Operation 424 'bitcast' 'arg0_rowArr_0_1_5' <Predicate = (!icmp_ln194)> <Delay = 0.00>
ST_10 : Operation 425 [1/1] (0.00ns)   --->   "%arg0_rowArr_1_1_5 = bitcast i32 %arg1_tmpConvWrite_14" [/home/x_thileeb/repos/ops-hls-pact25-artifact/codegen_apps/jacobian3d/vck5000_project/hls/device/include/PE_jac3D_kernel_stencil.hpp:366]   --->   Operation 425 'bitcast' 'arg0_rowArr_1_1_5' <Predicate = (!icmp_ln194)> <Delay = 0.00>
ST_10 : Operation 426 [1/1] (0.00ns)   --->   "%arg0_rowArr_2_1_5 = bitcast i32 %arg0_tmpConverter_2_1_5" [/home/x_thileeb/repos/ops-hls-pact25-artifact/codegen_apps/jacobian3d/vck5000_project/hls/device/include/PE_jac3D_kernel_stencil.hpp:369]   --->   Operation 426 'bitcast' 'arg0_rowArr_2_1_5' <Predicate = (!icmp_ln194)> <Delay = 0.00>
ST_10 : Operation 427 [1/1] (0.00ns)   --->   "%arg0_rowArr_1_2_5 = bitcast i32 %arg0_tmpConverter_1_2_5" [/home/x_thileeb/repos/ops-hls-pact25-artifact/codegen_apps/jacobian3d/vck5000_project/hls/device/include/PE_jac3D_kernel_stencil.hpp:372]   --->   Operation 427 'bitcast' 'arg0_rowArr_1_2_5' <Predicate = (!icmp_ln194)> <Delay = 0.00>
ST_10 : Operation 428 [1/1] (0.00ns)   --->   "%arg0_rowArr_1_0_6 = bitcast i32 %arg0_tmpConverter_1_0_6" [/home/x_thileeb/repos/ops-hls-pact25-artifact/codegen_apps/jacobian3d/vck5000_project/hls/device/include/PE_jac3D_kernel_stencil.hpp:360]   --->   Operation 428 'bitcast' 'arg0_rowArr_1_0_6' <Predicate = (!icmp_ln194)> <Delay = 0.00>
ST_10 : Operation 429 [1/1] (0.00ns)   --->   "%arg0_rowArr_0_1_6 = bitcast i32 %arg0_tmpConverter_0_1_6" [/home/x_thileeb/repos/ops-hls-pact25-artifact/codegen_apps/jacobian3d/vck5000_project/hls/device/include/PE_jac3D_kernel_stencil.hpp:363]   --->   Operation 429 'bitcast' 'arg0_rowArr_0_1_6' <Predicate = (!icmp_ln194)> <Delay = 0.00>
ST_10 : Operation 430 [1/1] (0.00ns)   --->   "%arg0_rowArr_1_1_6 = bitcast i32 %arg1_tmpConvWrite_15" [/home/x_thileeb/repos/ops-hls-pact25-artifact/codegen_apps/jacobian3d/vck5000_project/hls/device/include/PE_jac3D_kernel_stencil.hpp:366]   --->   Operation 430 'bitcast' 'arg0_rowArr_1_1_6' <Predicate = (!icmp_ln194)> <Delay = 0.00>
ST_10 : Operation 431 [1/1] (0.00ns)   --->   "%arg0_rowArr_2_1_6 = bitcast i32 %arg0_tmpConverter_2_1_6" [/home/x_thileeb/repos/ops-hls-pact25-artifact/codegen_apps/jacobian3d/vck5000_project/hls/device/include/PE_jac3D_kernel_stencil.hpp:369]   --->   Operation 431 'bitcast' 'arg0_rowArr_2_1_6' <Predicate = (!icmp_ln194)> <Delay = 0.00>
ST_10 : Operation 432 [1/1] (0.00ns)   --->   "%arg0_rowArr_1_2_6 = bitcast i32 %arg0_tmpConverter_1_2_6" [/home/x_thileeb/repos/ops-hls-pact25-artifact/codegen_apps/jacobian3d/vck5000_project/hls/device/include/PE_jac3D_kernel_stencil.hpp:372]   --->   Operation 432 'bitcast' 'arg0_rowArr_1_2_6' <Predicate = (!icmp_ln194)> <Delay = 0.00>
ST_10 : Operation 433 [1/1] (0.00ns)   --->   "%arg0_rowArr_1_0_7 = bitcast i32 %arg0_tmpConverter_1_0_7" [/home/x_thileeb/repos/ops-hls-pact25-artifact/codegen_apps/jacobian3d/vck5000_project/hls/device/include/PE_jac3D_kernel_stencil.hpp:360]   --->   Operation 433 'bitcast' 'arg0_rowArr_1_0_7' <Predicate = (!icmp_ln194)> <Delay = 0.00>
ST_10 : Operation 434 [1/1] (0.00ns)   --->   "%arg0_rowArr_0_1_7 = bitcast i32 %arg0_tmpConverter_0_1_7" [/home/x_thileeb/repos/ops-hls-pact25-artifact/codegen_apps/jacobian3d/vck5000_project/hls/device/include/PE_jac3D_kernel_stencil.hpp:363]   --->   Operation 434 'bitcast' 'arg0_rowArr_0_1_7' <Predicate = (!icmp_ln194)> <Delay = 0.00>
ST_10 : Operation 435 [1/1] (0.00ns)   --->   "%arg0_rowArr_1_1_7 = bitcast i32 %arg1_tmpConvWrite_16" [/home/x_thileeb/repos/ops-hls-pact25-artifact/codegen_apps/jacobian3d/vck5000_project/hls/device/include/PE_jac3D_kernel_stencil.hpp:366]   --->   Operation 435 'bitcast' 'arg0_rowArr_1_1_7' <Predicate = (!icmp_ln194)> <Delay = 0.00>
ST_10 : Operation 436 [1/1] (0.00ns)   --->   "%arg0_rowArr_2_1_7 = bitcast i32 %arg0_tmpConverter_2_1_7" [/home/x_thileeb/repos/ops-hls-pact25-artifact/codegen_apps/jacobian3d/vck5000_project/hls/device/include/PE_jac3D_kernel_stencil.hpp:369]   --->   Operation 436 'bitcast' 'arg0_rowArr_2_1_7' <Predicate = (!icmp_ln194)> <Delay = 0.00>
ST_10 : Operation 437 [1/1] (0.00ns)   --->   "%arg0_rowArr_1_2_7 = bitcast i32 %arg0_tmpConverter_1_2_7" [/home/x_thileeb/repos/ops-hls-pact25-artifact/codegen_apps/jacobian3d/vck5000_project/hls/device/include/PE_jac3D_kernel_stencil.hpp:372]   --->   Operation 437 'bitcast' 'arg0_rowArr_1_2_7' <Predicate = (!icmp_ln194)> <Delay = 0.00>
ST_10 : Operation 438 [1/1] (0.00ns)   --->   "%arg0_rowArr_1_1_8 = bitcast i32 %arg0_tmpConverter_0_1_1_7" [/home/x_thileeb/repos/ops-hls-pact25-artifact/codegen_apps/jacobian3d/vck5000_project/hls/device/include/PE_jac3D_kernel_stencil.hpp:381]   --->   Operation 438 'bitcast' 'arg0_rowArr_1_1_8' <Predicate = (!icmp_ln194)> <Delay = 0.00>
ST_10 : Operation 439 [1/1] (0.00ns)   --->   "%arg0_rowArr_1_1_9 = bitcast i32 %arg0_tmpConverter_2_1_1_0" [/home/x_thileeb/repos/ops-hls-pact25-artifact/codegen_apps/jacobian3d/vck5000_project/hls/device/include/PE_jac3D_kernel_stencil.hpp:386]   --->   Operation 439 'bitcast' 'arg0_rowArr_1_1_9' <Predicate = (!icmp_ln194)> <Delay = 0.00>
ST_10 : Operation 440 [11/11] (1.22ns)   --->   "%arg1_result = call i32 @kernel_jac3D_kernel_stencil_core, i32 %arg0_rowArr_1_0, i32 %arg0_rowArr_0_1, i32 %arg0_rowArr_1_1_8, i32 %arg0_rowArr_1_1, i32 %arg0_rowArr_1_1_1, i32 %arg0_rowArr_2_1, i32 %arg0_rowArr_1_2" [/home/x_thileeb/repos/ops-hls-pact25-artifact/codegen_apps/jacobian3d/vck5000_project/hls/device/include/PE_jac3D_kernel_stencil.hpp:411]   --->   Operation 440 'call' 'arg1_result' <Predicate = (!icmp_ln194 & !icmp_ln394)> <Delay = 1.22> <CoreType = "Generic">   --->   Core 0 '' <Latency = 0> <II = 1> <Delay = 1.00> <Generic> <Opcode : >
ST_10 : Operation 441 [11/11] (1.22ns)   --->   "%arg1_result_1 = call i32 @kernel_jac3D_kernel_stencil_core, i32 %arg0_rowArr_1_0_1, i32 %arg0_rowArr_0_1_1, i32 %arg0_rowArr_1_1, i32 %arg0_rowArr_1_1_1, i32 %arg0_rowArr_1_1_2, i32 %arg0_rowArr_2_1_1, i32 %arg0_rowArr_1_2_1" [/home/x_thileeb/repos/ops-hls-pact25-artifact/codegen_apps/jacobian3d/vck5000_project/hls/device/include/PE_jac3D_kernel_stencil.hpp:411]   --->   Operation 441 'call' 'arg1_result_1' <Predicate = (!icmp_ln194 & !icmp_ln394_1)> <Delay = 1.22> <CoreType = "Generic">   --->   Core 0 '' <Latency = 0> <II = 1> <Delay = 1.00> <Generic> <Opcode : >
ST_10 : Operation 442 [11/11] (1.22ns)   --->   "%arg1_result_2 = call i32 @kernel_jac3D_kernel_stencil_core, i32 %arg0_rowArr_1_0_2, i32 %arg0_rowArr_0_1_2, i32 %arg0_rowArr_1_1_1, i32 %arg0_rowArr_1_1_2, i32 %arg0_rowArr_1_1_3, i32 %arg0_rowArr_2_1_2, i32 %arg0_rowArr_1_2_2" [/home/x_thileeb/repos/ops-hls-pact25-artifact/codegen_apps/jacobian3d/vck5000_project/hls/device/include/PE_jac3D_kernel_stencil.hpp:411]   --->   Operation 442 'call' 'arg1_result_2' <Predicate = (!icmp_ln194 & !icmp_ln394_2)> <Delay = 1.22> <CoreType = "Generic">   --->   Core 0 '' <Latency = 0> <II = 1> <Delay = 1.00> <Generic> <Opcode : >
ST_10 : Operation 443 [11/11] (1.22ns)   --->   "%arg1_result_3 = call i32 @kernel_jac3D_kernel_stencil_core, i32 %arg0_rowArr_1_0_3, i32 %arg0_rowArr_0_1_3, i32 %arg0_rowArr_1_1_2, i32 %arg0_rowArr_1_1_3, i32 %arg0_rowArr_1_1_4, i32 %arg0_rowArr_2_1_3, i32 %arg0_rowArr_1_2_3" [/home/x_thileeb/repos/ops-hls-pact25-artifact/codegen_apps/jacobian3d/vck5000_project/hls/device/include/PE_jac3D_kernel_stencil.hpp:411]   --->   Operation 443 'call' 'arg1_result_3' <Predicate = (!icmp_ln194 & !icmp_ln394_3)> <Delay = 1.22> <CoreType = "Generic">   --->   Core 0 '' <Latency = 0> <II = 1> <Delay = 1.00> <Generic> <Opcode : >
ST_10 : Operation 444 [11/11] (1.22ns)   --->   "%arg1_result_4 = call i32 @kernel_jac3D_kernel_stencil_core, i32 %arg0_rowArr_1_0_4, i32 %arg0_rowArr_0_1_4, i32 %arg0_rowArr_1_1_3, i32 %arg0_rowArr_1_1_4, i32 %arg0_rowArr_1_1_5, i32 %arg0_rowArr_2_1_4, i32 %arg0_rowArr_1_2_4" [/home/x_thileeb/repos/ops-hls-pact25-artifact/codegen_apps/jacobian3d/vck5000_project/hls/device/include/PE_jac3D_kernel_stencil.hpp:411]   --->   Operation 444 'call' 'arg1_result_4' <Predicate = (!icmp_ln194 & !icmp_ln394_4)> <Delay = 1.22> <CoreType = "Generic">   --->   Core 0 '' <Latency = 0> <II = 1> <Delay = 1.00> <Generic> <Opcode : >
ST_10 : Operation 445 [11/11] (1.22ns)   --->   "%arg1_result_5 = call i32 @kernel_jac3D_kernel_stencil_core, i32 %arg0_rowArr_1_0_5, i32 %arg0_rowArr_0_1_5, i32 %arg0_rowArr_1_1_4, i32 %arg0_rowArr_1_1_5, i32 %arg0_rowArr_1_1_6, i32 %arg0_rowArr_2_1_5, i32 %arg0_rowArr_1_2_5" [/home/x_thileeb/repos/ops-hls-pact25-artifact/codegen_apps/jacobian3d/vck5000_project/hls/device/include/PE_jac3D_kernel_stencil.hpp:411]   --->   Operation 445 'call' 'arg1_result_5' <Predicate = (!icmp_ln194 & !icmp_ln394_5)> <Delay = 1.22> <CoreType = "Generic">   --->   Core 0 '' <Latency = 0> <II = 1> <Delay = 1.00> <Generic> <Opcode : >
ST_10 : Operation 446 [11/11] (1.22ns)   --->   "%arg1_result_6 = call i32 @kernel_jac3D_kernel_stencil_core, i32 %arg0_rowArr_1_0_6, i32 %arg0_rowArr_0_1_6, i32 %arg0_rowArr_1_1_5, i32 %arg0_rowArr_1_1_6, i32 %arg0_rowArr_1_1_7, i32 %arg0_rowArr_2_1_6, i32 %arg0_rowArr_1_2_6" [/home/x_thileeb/repos/ops-hls-pact25-artifact/codegen_apps/jacobian3d/vck5000_project/hls/device/include/PE_jac3D_kernel_stencil.hpp:411]   --->   Operation 446 'call' 'arg1_result_6' <Predicate = (!icmp_ln194 & !icmp_ln394_6)> <Delay = 1.22> <CoreType = "Generic">   --->   Core 0 '' <Latency = 0> <II = 1> <Delay = 1.00> <Generic> <Opcode : >
ST_10 : Operation 447 [11/11] (1.22ns)   --->   "%arg1_result_7 = call i32 @kernel_jac3D_kernel_stencil_core, i32 %arg0_rowArr_1_0_7, i32 %arg0_rowArr_0_1_7, i32 %arg0_rowArr_1_1_6, i32 %arg0_rowArr_1_1_7, i32 %arg0_rowArr_1_1_9, i32 %arg0_rowArr_2_1_7, i32 %arg0_rowArr_1_2_7" [/home/x_thileeb/repos/ops-hls-pact25-artifact/codegen_apps/jacobian3d/vck5000_project/hls/device/include/PE_jac3D_kernel_stencil.hpp:411]   --->   Operation 447 'call' 'arg1_result_7' <Predicate = (!icmp_ln194 & !icmp_ln394_7)> <Delay = 1.22> <CoreType = "Generic">   --->   Core 0 '' <Latency = 0> <II = 1> <Delay = 1.00> <Generic> <Opcode : >

State 11 <SV = 10> <Delay = 2.04>
ST_11 : Operation 448 [10/11] (2.04ns)   --->   "%arg1_result = call i32 @kernel_jac3D_kernel_stencil_core, i32 %arg0_rowArr_1_0, i32 %arg0_rowArr_0_1, i32 %arg0_rowArr_1_1_8, i32 %arg0_rowArr_1_1, i32 %arg0_rowArr_1_1_1, i32 %arg0_rowArr_2_1, i32 %arg0_rowArr_1_2" [/home/x_thileeb/repos/ops-hls-pact25-artifact/codegen_apps/jacobian3d/vck5000_project/hls/device/include/PE_jac3D_kernel_stencil.hpp:411]   --->   Operation 448 'call' 'arg1_result' <Predicate = (!icmp_ln194 & !icmp_ln394)> <Delay = 2.04> <CoreType = "Generic">   --->   Core 0 '' <Latency = 0> <II = 1> <Delay = 1.00> <Generic> <Opcode : >
ST_11 : Operation 449 [10/11] (2.04ns)   --->   "%arg1_result_1 = call i32 @kernel_jac3D_kernel_stencil_core, i32 %arg0_rowArr_1_0_1, i32 %arg0_rowArr_0_1_1, i32 %arg0_rowArr_1_1, i32 %arg0_rowArr_1_1_1, i32 %arg0_rowArr_1_1_2, i32 %arg0_rowArr_2_1_1, i32 %arg0_rowArr_1_2_1" [/home/x_thileeb/repos/ops-hls-pact25-artifact/codegen_apps/jacobian3d/vck5000_project/hls/device/include/PE_jac3D_kernel_stencil.hpp:411]   --->   Operation 449 'call' 'arg1_result_1' <Predicate = (!icmp_ln194 & !icmp_ln394_1)> <Delay = 2.04> <CoreType = "Generic">   --->   Core 0 '' <Latency = 0> <II = 1> <Delay = 1.00> <Generic> <Opcode : >
ST_11 : Operation 450 [10/11] (2.04ns)   --->   "%arg1_result_2 = call i32 @kernel_jac3D_kernel_stencil_core, i32 %arg0_rowArr_1_0_2, i32 %arg0_rowArr_0_1_2, i32 %arg0_rowArr_1_1_1, i32 %arg0_rowArr_1_1_2, i32 %arg0_rowArr_1_1_3, i32 %arg0_rowArr_2_1_2, i32 %arg0_rowArr_1_2_2" [/home/x_thileeb/repos/ops-hls-pact25-artifact/codegen_apps/jacobian3d/vck5000_project/hls/device/include/PE_jac3D_kernel_stencil.hpp:411]   --->   Operation 450 'call' 'arg1_result_2' <Predicate = (!icmp_ln194 & !icmp_ln394_2)> <Delay = 2.04> <CoreType = "Generic">   --->   Core 0 '' <Latency = 0> <II = 1> <Delay = 1.00> <Generic> <Opcode : >
ST_11 : Operation 451 [10/11] (2.04ns)   --->   "%arg1_result_3 = call i32 @kernel_jac3D_kernel_stencil_core, i32 %arg0_rowArr_1_0_3, i32 %arg0_rowArr_0_1_3, i32 %arg0_rowArr_1_1_2, i32 %arg0_rowArr_1_1_3, i32 %arg0_rowArr_1_1_4, i32 %arg0_rowArr_2_1_3, i32 %arg0_rowArr_1_2_3" [/home/x_thileeb/repos/ops-hls-pact25-artifact/codegen_apps/jacobian3d/vck5000_project/hls/device/include/PE_jac3D_kernel_stencil.hpp:411]   --->   Operation 451 'call' 'arg1_result_3' <Predicate = (!icmp_ln194 & !icmp_ln394_3)> <Delay = 2.04> <CoreType = "Generic">   --->   Core 0 '' <Latency = 0> <II = 1> <Delay = 1.00> <Generic> <Opcode : >
ST_11 : Operation 452 [10/11] (2.04ns)   --->   "%arg1_result_4 = call i32 @kernel_jac3D_kernel_stencil_core, i32 %arg0_rowArr_1_0_4, i32 %arg0_rowArr_0_1_4, i32 %arg0_rowArr_1_1_3, i32 %arg0_rowArr_1_1_4, i32 %arg0_rowArr_1_1_5, i32 %arg0_rowArr_2_1_4, i32 %arg0_rowArr_1_2_4" [/home/x_thileeb/repos/ops-hls-pact25-artifact/codegen_apps/jacobian3d/vck5000_project/hls/device/include/PE_jac3D_kernel_stencil.hpp:411]   --->   Operation 452 'call' 'arg1_result_4' <Predicate = (!icmp_ln194 & !icmp_ln394_4)> <Delay = 2.04> <CoreType = "Generic">   --->   Core 0 '' <Latency = 0> <II = 1> <Delay = 1.00> <Generic> <Opcode : >
ST_11 : Operation 453 [10/11] (2.04ns)   --->   "%arg1_result_5 = call i32 @kernel_jac3D_kernel_stencil_core, i32 %arg0_rowArr_1_0_5, i32 %arg0_rowArr_0_1_5, i32 %arg0_rowArr_1_1_4, i32 %arg0_rowArr_1_1_5, i32 %arg0_rowArr_1_1_6, i32 %arg0_rowArr_2_1_5, i32 %arg0_rowArr_1_2_5" [/home/x_thileeb/repos/ops-hls-pact25-artifact/codegen_apps/jacobian3d/vck5000_project/hls/device/include/PE_jac3D_kernel_stencil.hpp:411]   --->   Operation 453 'call' 'arg1_result_5' <Predicate = (!icmp_ln194 & !icmp_ln394_5)> <Delay = 2.04> <CoreType = "Generic">   --->   Core 0 '' <Latency = 0> <II = 1> <Delay = 1.00> <Generic> <Opcode : >
ST_11 : Operation 454 [10/11] (2.04ns)   --->   "%arg1_result_6 = call i32 @kernel_jac3D_kernel_stencil_core, i32 %arg0_rowArr_1_0_6, i32 %arg0_rowArr_0_1_6, i32 %arg0_rowArr_1_1_5, i32 %arg0_rowArr_1_1_6, i32 %arg0_rowArr_1_1_7, i32 %arg0_rowArr_2_1_6, i32 %arg0_rowArr_1_2_6" [/home/x_thileeb/repos/ops-hls-pact25-artifact/codegen_apps/jacobian3d/vck5000_project/hls/device/include/PE_jac3D_kernel_stencil.hpp:411]   --->   Operation 454 'call' 'arg1_result_6' <Predicate = (!icmp_ln194 & !icmp_ln394_6)> <Delay = 2.04> <CoreType = "Generic">   --->   Core 0 '' <Latency = 0> <II = 1> <Delay = 1.00> <Generic> <Opcode : >
ST_11 : Operation 455 [10/11] (2.04ns)   --->   "%arg1_result_7 = call i32 @kernel_jac3D_kernel_stencil_core, i32 %arg0_rowArr_1_0_7, i32 %arg0_rowArr_0_1_7, i32 %arg0_rowArr_1_1_6, i32 %arg0_rowArr_1_1_7, i32 %arg0_rowArr_1_1_9, i32 %arg0_rowArr_2_1_7, i32 %arg0_rowArr_1_2_7" [/home/x_thileeb/repos/ops-hls-pact25-artifact/codegen_apps/jacobian3d/vck5000_project/hls/device/include/PE_jac3D_kernel_stencil.hpp:411]   --->   Operation 455 'call' 'arg1_result_7' <Predicate = (!icmp_ln194 & !icmp_ln394_7)> <Delay = 2.04> <CoreType = "Generic">   --->   Core 0 '' <Latency = 0> <II = 1> <Delay = 1.00> <Generic> <Opcode : >

State 12 <SV = 11> <Delay = 2.04>
ST_12 : Operation 456 [9/11] (2.04ns)   --->   "%arg1_result = call i32 @kernel_jac3D_kernel_stencil_core, i32 %arg0_rowArr_1_0, i32 %arg0_rowArr_0_1, i32 %arg0_rowArr_1_1_8, i32 %arg0_rowArr_1_1, i32 %arg0_rowArr_1_1_1, i32 %arg0_rowArr_2_1, i32 %arg0_rowArr_1_2" [/home/x_thileeb/repos/ops-hls-pact25-artifact/codegen_apps/jacobian3d/vck5000_project/hls/device/include/PE_jac3D_kernel_stencil.hpp:411]   --->   Operation 456 'call' 'arg1_result' <Predicate = (!icmp_ln194 & !icmp_ln394)> <Delay = 2.04> <CoreType = "Generic">   --->   Core 0 '' <Latency = 0> <II = 1> <Delay = 1.00> <Generic> <Opcode : >
ST_12 : Operation 457 [9/11] (2.04ns)   --->   "%arg1_result_1 = call i32 @kernel_jac3D_kernel_stencil_core, i32 %arg0_rowArr_1_0_1, i32 %arg0_rowArr_0_1_1, i32 %arg0_rowArr_1_1, i32 %arg0_rowArr_1_1_1, i32 %arg0_rowArr_1_1_2, i32 %arg0_rowArr_2_1_1, i32 %arg0_rowArr_1_2_1" [/home/x_thileeb/repos/ops-hls-pact25-artifact/codegen_apps/jacobian3d/vck5000_project/hls/device/include/PE_jac3D_kernel_stencil.hpp:411]   --->   Operation 457 'call' 'arg1_result_1' <Predicate = (!icmp_ln194 & !icmp_ln394_1)> <Delay = 2.04> <CoreType = "Generic">   --->   Core 0 '' <Latency = 0> <II = 1> <Delay = 1.00> <Generic> <Opcode : >
ST_12 : Operation 458 [9/11] (2.04ns)   --->   "%arg1_result_2 = call i32 @kernel_jac3D_kernel_stencil_core, i32 %arg0_rowArr_1_0_2, i32 %arg0_rowArr_0_1_2, i32 %arg0_rowArr_1_1_1, i32 %arg0_rowArr_1_1_2, i32 %arg0_rowArr_1_1_3, i32 %arg0_rowArr_2_1_2, i32 %arg0_rowArr_1_2_2" [/home/x_thileeb/repos/ops-hls-pact25-artifact/codegen_apps/jacobian3d/vck5000_project/hls/device/include/PE_jac3D_kernel_stencil.hpp:411]   --->   Operation 458 'call' 'arg1_result_2' <Predicate = (!icmp_ln194 & !icmp_ln394_2)> <Delay = 2.04> <CoreType = "Generic">   --->   Core 0 '' <Latency = 0> <II = 1> <Delay = 1.00> <Generic> <Opcode : >
ST_12 : Operation 459 [9/11] (2.04ns)   --->   "%arg1_result_3 = call i32 @kernel_jac3D_kernel_stencil_core, i32 %arg0_rowArr_1_0_3, i32 %arg0_rowArr_0_1_3, i32 %arg0_rowArr_1_1_2, i32 %arg0_rowArr_1_1_3, i32 %arg0_rowArr_1_1_4, i32 %arg0_rowArr_2_1_3, i32 %arg0_rowArr_1_2_3" [/home/x_thileeb/repos/ops-hls-pact25-artifact/codegen_apps/jacobian3d/vck5000_project/hls/device/include/PE_jac3D_kernel_stencil.hpp:411]   --->   Operation 459 'call' 'arg1_result_3' <Predicate = (!icmp_ln194 & !icmp_ln394_3)> <Delay = 2.04> <CoreType = "Generic">   --->   Core 0 '' <Latency = 0> <II = 1> <Delay = 1.00> <Generic> <Opcode : >
ST_12 : Operation 460 [9/11] (2.04ns)   --->   "%arg1_result_4 = call i32 @kernel_jac3D_kernel_stencil_core, i32 %arg0_rowArr_1_0_4, i32 %arg0_rowArr_0_1_4, i32 %arg0_rowArr_1_1_3, i32 %arg0_rowArr_1_1_4, i32 %arg0_rowArr_1_1_5, i32 %arg0_rowArr_2_1_4, i32 %arg0_rowArr_1_2_4" [/home/x_thileeb/repos/ops-hls-pact25-artifact/codegen_apps/jacobian3d/vck5000_project/hls/device/include/PE_jac3D_kernel_stencil.hpp:411]   --->   Operation 460 'call' 'arg1_result_4' <Predicate = (!icmp_ln194 & !icmp_ln394_4)> <Delay = 2.04> <CoreType = "Generic">   --->   Core 0 '' <Latency = 0> <II = 1> <Delay = 1.00> <Generic> <Opcode : >
ST_12 : Operation 461 [9/11] (2.04ns)   --->   "%arg1_result_5 = call i32 @kernel_jac3D_kernel_stencil_core, i32 %arg0_rowArr_1_0_5, i32 %arg0_rowArr_0_1_5, i32 %arg0_rowArr_1_1_4, i32 %arg0_rowArr_1_1_5, i32 %arg0_rowArr_1_1_6, i32 %arg0_rowArr_2_1_5, i32 %arg0_rowArr_1_2_5" [/home/x_thileeb/repos/ops-hls-pact25-artifact/codegen_apps/jacobian3d/vck5000_project/hls/device/include/PE_jac3D_kernel_stencil.hpp:411]   --->   Operation 461 'call' 'arg1_result_5' <Predicate = (!icmp_ln194 & !icmp_ln394_5)> <Delay = 2.04> <CoreType = "Generic">   --->   Core 0 '' <Latency = 0> <II = 1> <Delay = 1.00> <Generic> <Opcode : >
ST_12 : Operation 462 [9/11] (2.04ns)   --->   "%arg1_result_6 = call i32 @kernel_jac3D_kernel_stencil_core, i32 %arg0_rowArr_1_0_6, i32 %arg0_rowArr_0_1_6, i32 %arg0_rowArr_1_1_5, i32 %arg0_rowArr_1_1_6, i32 %arg0_rowArr_1_1_7, i32 %arg0_rowArr_2_1_6, i32 %arg0_rowArr_1_2_6" [/home/x_thileeb/repos/ops-hls-pact25-artifact/codegen_apps/jacobian3d/vck5000_project/hls/device/include/PE_jac3D_kernel_stencil.hpp:411]   --->   Operation 462 'call' 'arg1_result_6' <Predicate = (!icmp_ln194 & !icmp_ln394_6)> <Delay = 2.04> <CoreType = "Generic">   --->   Core 0 '' <Latency = 0> <II = 1> <Delay = 1.00> <Generic> <Opcode : >
ST_12 : Operation 463 [9/11] (2.04ns)   --->   "%arg1_result_7 = call i32 @kernel_jac3D_kernel_stencil_core, i32 %arg0_rowArr_1_0_7, i32 %arg0_rowArr_0_1_7, i32 %arg0_rowArr_1_1_6, i32 %arg0_rowArr_1_1_7, i32 %arg0_rowArr_1_1_9, i32 %arg0_rowArr_2_1_7, i32 %arg0_rowArr_1_2_7" [/home/x_thileeb/repos/ops-hls-pact25-artifact/codegen_apps/jacobian3d/vck5000_project/hls/device/include/PE_jac3D_kernel_stencil.hpp:411]   --->   Operation 463 'call' 'arg1_result_7' <Predicate = (!icmp_ln194 & !icmp_ln394_7)> <Delay = 2.04> <CoreType = "Generic">   --->   Core 0 '' <Latency = 0> <II = 1> <Delay = 1.00> <Generic> <Opcode : >

State 13 <SV = 12> <Delay = 2.04>
ST_13 : Operation 464 [8/11] (2.04ns)   --->   "%arg1_result = call i32 @kernel_jac3D_kernel_stencil_core, i32 %arg0_rowArr_1_0, i32 %arg0_rowArr_0_1, i32 %arg0_rowArr_1_1_8, i32 %arg0_rowArr_1_1, i32 %arg0_rowArr_1_1_1, i32 %arg0_rowArr_2_1, i32 %arg0_rowArr_1_2" [/home/x_thileeb/repos/ops-hls-pact25-artifact/codegen_apps/jacobian3d/vck5000_project/hls/device/include/PE_jac3D_kernel_stencil.hpp:411]   --->   Operation 464 'call' 'arg1_result' <Predicate = (!icmp_ln194 & !icmp_ln394)> <Delay = 2.04> <CoreType = "Generic">   --->   Core 0 '' <Latency = 0> <II = 1> <Delay = 1.00> <Generic> <Opcode : >
ST_13 : Operation 465 [8/11] (2.04ns)   --->   "%arg1_result_1 = call i32 @kernel_jac3D_kernel_stencil_core, i32 %arg0_rowArr_1_0_1, i32 %arg0_rowArr_0_1_1, i32 %arg0_rowArr_1_1, i32 %arg0_rowArr_1_1_1, i32 %arg0_rowArr_1_1_2, i32 %arg0_rowArr_2_1_1, i32 %arg0_rowArr_1_2_1" [/home/x_thileeb/repos/ops-hls-pact25-artifact/codegen_apps/jacobian3d/vck5000_project/hls/device/include/PE_jac3D_kernel_stencil.hpp:411]   --->   Operation 465 'call' 'arg1_result_1' <Predicate = (!icmp_ln194 & !icmp_ln394_1)> <Delay = 2.04> <CoreType = "Generic">   --->   Core 0 '' <Latency = 0> <II = 1> <Delay = 1.00> <Generic> <Opcode : >
ST_13 : Operation 466 [8/11] (2.04ns)   --->   "%arg1_result_2 = call i32 @kernel_jac3D_kernel_stencil_core, i32 %arg0_rowArr_1_0_2, i32 %arg0_rowArr_0_1_2, i32 %arg0_rowArr_1_1_1, i32 %arg0_rowArr_1_1_2, i32 %arg0_rowArr_1_1_3, i32 %arg0_rowArr_2_1_2, i32 %arg0_rowArr_1_2_2" [/home/x_thileeb/repos/ops-hls-pact25-artifact/codegen_apps/jacobian3d/vck5000_project/hls/device/include/PE_jac3D_kernel_stencil.hpp:411]   --->   Operation 466 'call' 'arg1_result_2' <Predicate = (!icmp_ln194 & !icmp_ln394_2)> <Delay = 2.04> <CoreType = "Generic">   --->   Core 0 '' <Latency = 0> <II = 1> <Delay = 1.00> <Generic> <Opcode : >
ST_13 : Operation 467 [8/11] (2.04ns)   --->   "%arg1_result_3 = call i32 @kernel_jac3D_kernel_stencil_core, i32 %arg0_rowArr_1_0_3, i32 %arg0_rowArr_0_1_3, i32 %arg0_rowArr_1_1_2, i32 %arg0_rowArr_1_1_3, i32 %arg0_rowArr_1_1_4, i32 %arg0_rowArr_2_1_3, i32 %arg0_rowArr_1_2_3" [/home/x_thileeb/repos/ops-hls-pact25-artifact/codegen_apps/jacobian3d/vck5000_project/hls/device/include/PE_jac3D_kernel_stencil.hpp:411]   --->   Operation 467 'call' 'arg1_result_3' <Predicate = (!icmp_ln194 & !icmp_ln394_3)> <Delay = 2.04> <CoreType = "Generic">   --->   Core 0 '' <Latency = 0> <II = 1> <Delay = 1.00> <Generic> <Opcode : >
ST_13 : Operation 468 [8/11] (2.04ns)   --->   "%arg1_result_4 = call i32 @kernel_jac3D_kernel_stencil_core, i32 %arg0_rowArr_1_0_4, i32 %arg0_rowArr_0_1_4, i32 %arg0_rowArr_1_1_3, i32 %arg0_rowArr_1_1_4, i32 %arg0_rowArr_1_1_5, i32 %arg0_rowArr_2_1_4, i32 %arg0_rowArr_1_2_4" [/home/x_thileeb/repos/ops-hls-pact25-artifact/codegen_apps/jacobian3d/vck5000_project/hls/device/include/PE_jac3D_kernel_stencil.hpp:411]   --->   Operation 468 'call' 'arg1_result_4' <Predicate = (!icmp_ln194 & !icmp_ln394_4)> <Delay = 2.04> <CoreType = "Generic">   --->   Core 0 '' <Latency = 0> <II = 1> <Delay = 1.00> <Generic> <Opcode : >
ST_13 : Operation 469 [8/11] (2.04ns)   --->   "%arg1_result_5 = call i32 @kernel_jac3D_kernel_stencil_core, i32 %arg0_rowArr_1_0_5, i32 %arg0_rowArr_0_1_5, i32 %arg0_rowArr_1_1_4, i32 %arg0_rowArr_1_1_5, i32 %arg0_rowArr_1_1_6, i32 %arg0_rowArr_2_1_5, i32 %arg0_rowArr_1_2_5" [/home/x_thileeb/repos/ops-hls-pact25-artifact/codegen_apps/jacobian3d/vck5000_project/hls/device/include/PE_jac3D_kernel_stencil.hpp:411]   --->   Operation 469 'call' 'arg1_result_5' <Predicate = (!icmp_ln194 & !icmp_ln394_5)> <Delay = 2.04> <CoreType = "Generic">   --->   Core 0 '' <Latency = 0> <II = 1> <Delay = 1.00> <Generic> <Opcode : >
ST_13 : Operation 470 [8/11] (2.04ns)   --->   "%arg1_result_6 = call i32 @kernel_jac3D_kernel_stencil_core, i32 %arg0_rowArr_1_0_6, i32 %arg0_rowArr_0_1_6, i32 %arg0_rowArr_1_1_5, i32 %arg0_rowArr_1_1_6, i32 %arg0_rowArr_1_1_7, i32 %arg0_rowArr_2_1_6, i32 %arg0_rowArr_1_2_6" [/home/x_thileeb/repos/ops-hls-pact25-artifact/codegen_apps/jacobian3d/vck5000_project/hls/device/include/PE_jac3D_kernel_stencil.hpp:411]   --->   Operation 470 'call' 'arg1_result_6' <Predicate = (!icmp_ln194 & !icmp_ln394_6)> <Delay = 2.04> <CoreType = "Generic">   --->   Core 0 '' <Latency = 0> <II = 1> <Delay = 1.00> <Generic> <Opcode : >
ST_13 : Operation 471 [8/11] (2.04ns)   --->   "%arg1_result_7 = call i32 @kernel_jac3D_kernel_stencil_core, i32 %arg0_rowArr_1_0_7, i32 %arg0_rowArr_0_1_7, i32 %arg0_rowArr_1_1_6, i32 %arg0_rowArr_1_1_7, i32 %arg0_rowArr_1_1_9, i32 %arg0_rowArr_2_1_7, i32 %arg0_rowArr_1_2_7" [/home/x_thileeb/repos/ops-hls-pact25-artifact/codegen_apps/jacobian3d/vck5000_project/hls/device/include/PE_jac3D_kernel_stencil.hpp:411]   --->   Operation 471 'call' 'arg1_result_7' <Predicate = (!icmp_ln194 & !icmp_ln394_7)> <Delay = 2.04> <CoreType = "Generic">   --->   Core 0 '' <Latency = 0> <II = 1> <Delay = 1.00> <Generic> <Opcode : >

State 14 <SV = 13> <Delay = 2.04>
ST_14 : Operation 472 [7/11] (2.04ns)   --->   "%arg1_result = call i32 @kernel_jac3D_kernel_stencil_core, i32 %arg0_rowArr_1_0, i32 %arg0_rowArr_0_1, i32 %arg0_rowArr_1_1_8, i32 %arg0_rowArr_1_1, i32 %arg0_rowArr_1_1_1, i32 %arg0_rowArr_2_1, i32 %arg0_rowArr_1_2" [/home/x_thileeb/repos/ops-hls-pact25-artifact/codegen_apps/jacobian3d/vck5000_project/hls/device/include/PE_jac3D_kernel_stencil.hpp:411]   --->   Operation 472 'call' 'arg1_result' <Predicate = (!icmp_ln194 & !icmp_ln394)> <Delay = 2.04> <CoreType = "Generic">   --->   Core 0 '' <Latency = 0> <II = 1> <Delay = 1.00> <Generic> <Opcode : >
ST_14 : Operation 473 [7/11] (2.04ns)   --->   "%arg1_result_1 = call i32 @kernel_jac3D_kernel_stencil_core, i32 %arg0_rowArr_1_0_1, i32 %arg0_rowArr_0_1_1, i32 %arg0_rowArr_1_1, i32 %arg0_rowArr_1_1_1, i32 %arg0_rowArr_1_1_2, i32 %arg0_rowArr_2_1_1, i32 %arg0_rowArr_1_2_1" [/home/x_thileeb/repos/ops-hls-pact25-artifact/codegen_apps/jacobian3d/vck5000_project/hls/device/include/PE_jac3D_kernel_stencil.hpp:411]   --->   Operation 473 'call' 'arg1_result_1' <Predicate = (!icmp_ln194 & !icmp_ln394_1)> <Delay = 2.04> <CoreType = "Generic">   --->   Core 0 '' <Latency = 0> <II = 1> <Delay = 1.00> <Generic> <Opcode : >
ST_14 : Operation 474 [7/11] (2.04ns)   --->   "%arg1_result_2 = call i32 @kernel_jac3D_kernel_stencil_core, i32 %arg0_rowArr_1_0_2, i32 %arg0_rowArr_0_1_2, i32 %arg0_rowArr_1_1_1, i32 %arg0_rowArr_1_1_2, i32 %arg0_rowArr_1_1_3, i32 %arg0_rowArr_2_1_2, i32 %arg0_rowArr_1_2_2" [/home/x_thileeb/repos/ops-hls-pact25-artifact/codegen_apps/jacobian3d/vck5000_project/hls/device/include/PE_jac3D_kernel_stencil.hpp:411]   --->   Operation 474 'call' 'arg1_result_2' <Predicate = (!icmp_ln194 & !icmp_ln394_2)> <Delay = 2.04> <CoreType = "Generic">   --->   Core 0 '' <Latency = 0> <II = 1> <Delay = 1.00> <Generic> <Opcode : >
ST_14 : Operation 475 [7/11] (2.04ns)   --->   "%arg1_result_3 = call i32 @kernel_jac3D_kernel_stencil_core, i32 %arg0_rowArr_1_0_3, i32 %arg0_rowArr_0_1_3, i32 %arg0_rowArr_1_1_2, i32 %arg0_rowArr_1_1_3, i32 %arg0_rowArr_1_1_4, i32 %arg0_rowArr_2_1_3, i32 %arg0_rowArr_1_2_3" [/home/x_thileeb/repos/ops-hls-pact25-artifact/codegen_apps/jacobian3d/vck5000_project/hls/device/include/PE_jac3D_kernel_stencil.hpp:411]   --->   Operation 475 'call' 'arg1_result_3' <Predicate = (!icmp_ln194 & !icmp_ln394_3)> <Delay = 2.04> <CoreType = "Generic">   --->   Core 0 '' <Latency = 0> <II = 1> <Delay = 1.00> <Generic> <Opcode : >
ST_14 : Operation 476 [7/11] (2.04ns)   --->   "%arg1_result_4 = call i32 @kernel_jac3D_kernel_stencil_core, i32 %arg0_rowArr_1_0_4, i32 %arg0_rowArr_0_1_4, i32 %arg0_rowArr_1_1_3, i32 %arg0_rowArr_1_1_4, i32 %arg0_rowArr_1_1_5, i32 %arg0_rowArr_2_1_4, i32 %arg0_rowArr_1_2_4" [/home/x_thileeb/repos/ops-hls-pact25-artifact/codegen_apps/jacobian3d/vck5000_project/hls/device/include/PE_jac3D_kernel_stencil.hpp:411]   --->   Operation 476 'call' 'arg1_result_4' <Predicate = (!icmp_ln194 & !icmp_ln394_4)> <Delay = 2.04> <CoreType = "Generic">   --->   Core 0 '' <Latency = 0> <II = 1> <Delay = 1.00> <Generic> <Opcode : >
ST_14 : Operation 477 [7/11] (2.04ns)   --->   "%arg1_result_5 = call i32 @kernel_jac3D_kernel_stencil_core, i32 %arg0_rowArr_1_0_5, i32 %arg0_rowArr_0_1_5, i32 %arg0_rowArr_1_1_4, i32 %arg0_rowArr_1_1_5, i32 %arg0_rowArr_1_1_6, i32 %arg0_rowArr_2_1_5, i32 %arg0_rowArr_1_2_5" [/home/x_thileeb/repos/ops-hls-pact25-artifact/codegen_apps/jacobian3d/vck5000_project/hls/device/include/PE_jac3D_kernel_stencil.hpp:411]   --->   Operation 477 'call' 'arg1_result_5' <Predicate = (!icmp_ln194 & !icmp_ln394_5)> <Delay = 2.04> <CoreType = "Generic">   --->   Core 0 '' <Latency = 0> <II = 1> <Delay = 1.00> <Generic> <Opcode : >
ST_14 : Operation 478 [7/11] (2.04ns)   --->   "%arg1_result_6 = call i32 @kernel_jac3D_kernel_stencil_core, i32 %arg0_rowArr_1_0_6, i32 %arg0_rowArr_0_1_6, i32 %arg0_rowArr_1_1_5, i32 %arg0_rowArr_1_1_6, i32 %arg0_rowArr_1_1_7, i32 %arg0_rowArr_2_1_6, i32 %arg0_rowArr_1_2_6" [/home/x_thileeb/repos/ops-hls-pact25-artifact/codegen_apps/jacobian3d/vck5000_project/hls/device/include/PE_jac3D_kernel_stencil.hpp:411]   --->   Operation 478 'call' 'arg1_result_6' <Predicate = (!icmp_ln194 & !icmp_ln394_6)> <Delay = 2.04> <CoreType = "Generic">   --->   Core 0 '' <Latency = 0> <II = 1> <Delay = 1.00> <Generic> <Opcode : >
ST_14 : Operation 479 [7/11] (2.04ns)   --->   "%arg1_result_7 = call i32 @kernel_jac3D_kernel_stencil_core, i32 %arg0_rowArr_1_0_7, i32 %arg0_rowArr_0_1_7, i32 %arg0_rowArr_1_1_6, i32 %arg0_rowArr_1_1_7, i32 %arg0_rowArr_1_1_9, i32 %arg0_rowArr_2_1_7, i32 %arg0_rowArr_1_2_7" [/home/x_thileeb/repos/ops-hls-pact25-artifact/codegen_apps/jacobian3d/vck5000_project/hls/device/include/PE_jac3D_kernel_stencil.hpp:411]   --->   Operation 479 'call' 'arg1_result_7' <Predicate = (!icmp_ln194 & !icmp_ln394_7)> <Delay = 2.04> <CoreType = "Generic">   --->   Core 0 '' <Latency = 0> <II = 1> <Delay = 1.00> <Generic> <Opcode : >

State 15 <SV = 14> <Delay = 2.04>
ST_15 : Operation 480 [6/11] (2.04ns)   --->   "%arg1_result = call i32 @kernel_jac3D_kernel_stencil_core, i32 %arg0_rowArr_1_0, i32 %arg0_rowArr_0_1, i32 %arg0_rowArr_1_1_8, i32 %arg0_rowArr_1_1, i32 %arg0_rowArr_1_1_1, i32 %arg0_rowArr_2_1, i32 %arg0_rowArr_1_2" [/home/x_thileeb/repos/ops-hls-pact25-artifact/codegen_apps/jacobian3d/vck5000_project/hls/device/include/PE_jac3D_kernel_stencil.hpp:411]   --->   Operation 480 'call' 'arg1_result' <Predicate = (!icmp_ln194 & !icmp_ln394)> <Delay = 2.04> <CoreType = "Generic">   --->   Core 0 '' <Latency = 0> <II = 1> <Delay = 1.00> <Generic> <Opcode : >
ST_15 : Operation 481 [6/11] (2.04ns)   --->   "%arg1_result_1 = call i32 @kernel_jac3D_kernel_stencil_core, i32 %arg0_rowArr_1_0_1, i32 %arg0_rowArr_0_1_1, i32 %arg0_rowArr_1_1, i32 %arg0_rowArr_1_1_1, i32 %arg0_rowArr_1_1_2, i32 %arg0_rowArr_2_1_1, i32 %arg0_rowArr_1_2_1" [/home/x_thileeb/repos/ops-hls-pact25-artifact/codegen_apps/jacobian3d/vck5000_project/hls/device/include/PE_jac3D_kernel_stencil.hpp:411]   --->   Operation 481 'call' 'arg1_result_1' <Predicate = (!icmp_ln194 & !icmp_ln394_1)> <Delay = 2.04> <CoreType = "Generic">   --->   Core 0 '' <Latency = 0> <II = 1> <Delay = 1.00> <Generic> <Opcode : >
ST_15 : Operation 482 [6/11] (2.04ns)   --->   "%arg1_result_2 = call i32 @kernel_jac3D_kernel_stencil_core, i32 %arg0_rowArr_1_0_2, i32 %arg0_rowArr_0_1_2, i32 %arg0_rowArr_1_1_1, i32 %arg0_rowArr_1_1_2, i32 %arg0_rowArr_1_1_3, i32 %arg0_rowArr_2_1_2, i32 %arg0_rowArr_1_2_2" [/home/x_thileeb/repos/ops-hls-pact25-artifact/codegen_apps/jacobian3d/vck5000_project/hls/device/include/PE_jac3D_kernel_stencil.hpp:411]   --->   Operation 482 'call' 'arg1_result_2' <Predicate = (!icmp_ln194 & !icmp_ln394_2)> <Delay = 2.04> <CoreType = "Generic">   --->   Core 0 '' <Latency = 0> <II = 1> <Delay = 1.00> <Generic> <Opcode : >
ST_15 : Operation 483 [6/11] (2.04ns)   --->   "%arg1_result_3 = call i32 @kernel_jac3D_kernel_stencil_core, i32 %arg0_rowArr_1_0_3, i32 %arg0_rowArr_0_1_3, i32 %arg0_rowArr_1_1_2, i32 %arg0_rowArr_1_1_3, i32 %arg0_rowArr_1_1_4, i32 %arg0_rowArr_2_1_3, i32 %arg0_rowArr_1_2_3" [/home/x_thileeb/repos/ops-hls-pact25-artifact/codegen_apps/jacobian3d/vck5000_project/hls/device/include/PE_jac3D_kernel_stencil.hpp:411]   --->   Operation 483 'call' 'arg1_result_3' <Predicate = (!icmp_ln194 & !icmp_ln394_3)> <Delay = 2.04> <CoreType = "Generic">   --->   Core 0 '' <Latency = 0> <II = 1> <Delay = 1.00> <Generic> <Opcode : >
ST_15 : Operation 484 [6/11] (2.04ns)   --->   "%arg1_result_4 = call i32 @kernel_jac3D_kernel_stencil_core, i32 %arg0_rowArr_1_0_4, i32 %arg0_rowArr_0_1_4, i32 %arg0_rowArr_1_1_3, i32 %arg0_rowArr_1_1_4, i32 %arg0_rowArr_1_1_5, i32 %arg0_rowArr_2_1_4, i32 %arg0_rowArr_1_2_4" [/home/x_thileeb/repos/ops-hls-pact25-artifact/codegen_apps/jacobian3d/vck5000_project/hls/device/include/PE_jac3D_kernel_stencil.hpp:411]   --->   Operation 484 'call' 'arg1_result_4' <Predicate = (!icmp_ln194 & !icmp_ln394_4)> <Delay = 2.04> <CoreType = "Generic">   --->   Core 0 '' <Latency = 0> <II = 1> <Delay = 1.00> <Generic> <Opcode : >
ST_15 : Operation 485 [6/11] (2.04ns)   --->   "%arg1_result_5 = call i32 @kernel_jac3D_kernel_stencil_core, i32 %arg0_rowArr_1_0_5, i32 %arg0_rowArr_0_1_5, i32 %arg0_rowArr_1_1_4, i32 %arg0_rowArr_1_1_5, i32 %arg0_rowArr_1_1_6, i32 %arg0_rowArr_2_1_5, i32 %arg0_rowArr_1_2_5" [/home/x_thileeb/repos/ops-hls-pact25-artifact/codegen_apps/jacobian3d/vck5000_project/hls/device/include/PE_jac3D_kernel_stencil.hpp:411]   --->   Operation 485 'call' 'arg1_result_5' <Predicate = (!icmp_ln194 & !icmp_ln394_5)> <Delay = 2.04> <CoreType = "Generic">   --->   Core 0 '' <Latency = 0> <II = 1> <Delay = 1.00> <Generic> <Opcode : >
ST_15 : Operation 486 [6/11] (2.04ns)   --->   "%arg1_result_6 = call i32 @kernel_jac3D_kernel_stencil_core, i32 %arg0_rowArr_1_0_6, i32 %arg0_rowArr_0_1_6, i32 %arg0_rowArr_1_1_5, i32 %arg0_rowArr_1_1_6, i32 %arg0_rowArr_1_1_7, i32 %arg0_rowArr_2_1_6, i32 %arg0_rowArr_1_2_6" [/home/x_thileeb/repos/ops-hls-pact25-artifact/codegen_apps/jacobian3d/vck5000_project/hls/device/include/PE_jac3D_kernel_stencil.hpp:411]   --->   Operation 486 'call' 'arg1_result_6' <Predicate = (!icmp_ln194 & !icmp_ln394_6)> <Delay = 2.04> <CoreType = "Generic">   --->   Core 0 '' <Latency = 0> <II = 1> <Delay = 1.00> <Generic> <Opcode : >
ST_15 : Operation 487 [6/11] (2.04ns)   --->   "%arg1_result_7 = call i32 @kernel_jac3D_kernel_stencil_core, i32 %arg0_rowArr_1_0_7, i32 %arg0_rowArr_0_1_7, i32 %arg0_rowArr_1_1_6, i32 %arg0_rowArr_1_1_7, i32 %arg0_rowArr_1_1_9, i32 %arg0_rowArr_2_1_7, i32 %arg0_rowArr_1_2_7" [/home/x_thileeb/repos/ops-hls-pact25-artifact/codegen_apps/jacobian3d/vck5000_project/hls/device/include/PE_jac3D_kernel_stencil.hpp:411]   --->   Operation 487 'call' 'arg1_result_7' <Predicate = (!icmp_ln194 & !icmp_ln394_7)> <Delay = 2.04> <CoreType = "Generic">   --->   Core 0 '' <Latency = 0> <II = 1> <Delay = 1.00> <Generic> <Opcode : >

State 16 <SV = 15> <Delay = 2.04>
ST_16 : Operation 488 [5/11] (2.04ns)   --->   "%arg1_result = call i32 @kernel_jac3D_kernel_stencil_core, i32 %arg0_rowArr_1_0, i32 %arg0_rowArr_0_1, i32 %arg0_rowArr_1_1_8, i32 %arg0_rowArr_1_1, i32 %arg0_rowArr_1_1_1, i32 %arg0_rowArr_2_1, i32 %arg0_rowArr_1_2" [/home/x_thileeb/repos/ops-hls-pact25-artifact/codegen_apps/jacobian3d/vck5000_project/hls/device/include/PE_jac3D_kernel_stencil.hpp:411]   --->   Operation 488 'call' 'arg1_result' <Predicate = (!icmp_ln194 & !icmp_ln394)> <Delay = 2.04> <CoreType = "Generic">   --->   Core 0 '' <Latency = 0> <II = 1> <Delay = 1.00> <Generic> <Opcode : >
ST_16 : Operation 489 [5/11] (2.04ns)   --->   "%arg1_result_1 = call i32 @kernel_jac3D_kernel_stencil_core, i32 %arg0_rowArr_1_0_1, i32 %arg0_rowArr_0_1_1, i32 %arg0_rowArr_1_1, i32 %arg0_rowArr_1_1_1, i32 %arg0_rowArr_1_1_2, i32 %arg0_rowArr_2_1_1, i32 %arg0_rowArr_1_2_1" [/home/x_thileeb/repos/ops-hls-pact25-artifact/codegen_apps/jacobian3d/vck5000_project/hls/device/include/PE_jac3D_kernel_stencil.hpp:411]   --->   Operation 489 'call' 'arg1_result_1' <Predicate = (!icmp_ln194 & !icmp_ln394_1)> <Delay = 2.04> <CoreType = "Generic">   --->   Core 0 '' <Latency = 0> <II = 1> <Delay = 1.00> <Generic> <Opcode : >
ST_16 : Operation 490 [5/11] (2.04ns)   --->   "%arg1_result_2 = call i32 @kernel_jac3D_kernel_stencil_core, i32 %arg0_rowArr_1_0_2, i32 %arg0_rowArr_0_1_2, i32 %arg0_rowArr_1_1_1, i32 %arg0_rowArr_1_1_2, i32 %arg0_rowArr_1_1_3, i32 %arg0_rowArr_2_1_2, i32 %arg0_rowArr_1_2_2" [/home/x_thileeb/repos/ops-hls-pact25-artifact/codegen_apps/jacobian3d/vck5000_project/hls/device/include/PE_jac3D_kernel_stencil.hpp:411]   --->   Operation 490 'call' 'arg1_result_2' <Predicate = (!icmp_ln194 & !icmp_ln394_2)> <Delay = 2.04> <CoreType = "Generic">   --->   Core 0 '' <Latency = 0> <II = 1> <Delay = 1.00> <Generic> <Opcode : >
ST_16 : Operation 491 [5/11] (2.04ns)   --->   "%arg1_result_3 = call i32 @kernel_jac3D_kernel_stencil_core, i32 %arg0_rowArr_1_0_3, i32 %arg0_rowArr_0_1_3, i32 %arg0_rowArr_1_1_2, i32 %arg0_rowArr_1_1_3, i32 %arg0_rowArr_1_1_4, i32 %arg0_rowArr_2_1_3, i32 %arg0_rowArr_1_2_3" [/home/x_thileeb/repos/ops-hls-pact25-artifact/codegen_apps/jacobian3d/vck5000_project/hls/device/include/PE_jac3D_kernel_stencil.hpp:411]   --->   Operation 491 'call' 'arg1_result_3' <Predicate = (!icmp_ln194 & !icmp_ln394_3)> <Delay = 2.04> <CoreType = "Generic">   --->   Core 0 '' <Latency = 0> <II = 1> <Delay = 1.00> <Generic> <Opcode : >
ST_16 : Operation 492 [5/11] (2.04ns)   --->   "%arg1_result_4 = call i32 @kernel_jac3D_kernel_stencil_core, i32 %arg0_rowArr_1_0_4, i32 %arg0_rowArr_0_1_4, i32 %arg0_rowArr_1_1_3, i32 %arg0_rowArr_1_1_4, i32 %arg0_rowArr_1_1_5, i32 %arg0_rowArr_2_1_4, i32 %arg0_rowArr_1_2_4" [/home/x_thileeb/repos/ops-hls-pact25-artifact/codegen_apps/jacobian3d/vck5000_project/hls/device/include/PE_jac3D_kernel_stencil.hpp:411]   --->   Operation 492 'call' 'arg1_result_4' <Predicate = (!icmp_ln194 & !icmp_ln394_4)> <Delay = 2.04> <CoreType = "Generic">   --->   Core 0 '' <Latency = 0> <II = 1> <Delay = 1.00> <Generic> <Opcode : >
ST_16 : Operation 493 [5/11] (2.04ns)   --->   "%arg1_result_5 = call i32 @kernel_jac3D_kernel_stencil_core, i32 %arg0_rowArr_1_0_5, i32 %arg0_rowArr_0_1_5, i32 %arg0_rowArr_1_1_4, i32 %arg0_rowArr_1_1_5, i32 %arg0_rowArr_1_1_6, i32 %arg0_rowArr_2_1_5, i32 %arg0_rowArr_1_2_5" [/home/x_thileeb/repos/ops-hls-pact25-artifact/codegen_apps/jacobian3d/vck5000_project/hls/device/include/PE_jac3D_kernel_stencil.hpp:411]   --->   Operation 493 'call' 'arg1_result_5' <Predicate = (!icmp_ln194 & !icmp_ln394_5)> <Delay = 2.04> <CoreType = "Generic">   --->   Core 0 '' <Latency = 0> <II = 1> <Delay = 1.00> <Generic> <Opcode : >
ST_16 : Operation 494 [5/11] (2.04ns)   --->   "%arg1_result_6 = call i32 @kernel_jac3D_kernel_stencil_core, i32 %arg0_rowArr_1_0_6, i32 %arg0_rowArr_0_1_6, i32 %arg0_rowArr_1_1_5, i32 %arg0_rowArr_1_1_6, i32 %arg0_rowArr_1_1_7, i32 %arg0_rowArr_2_1_6, i32 %arg0_rowArr_1_2_6" [/home/x_thileeb/repos/ops-hls-pact25-artifact/codegen_apps/jacobian3d/vck5000_project/hls/device/include/PE_jac3D_kernel_stencil.hpp:411]   --->   Operation 494 'call' 'arg1_result_6' <Predicate = (!icmp_ln194 & !icmp_ln394_6)> <Delay = 2.04> <CoreType = "Generic">   --->   Core 0 '' <Latency = 0> <II = 1> <Delay = 1.00> <Generic> <Opcode : >
ST_16 : Operation 495 [5/11] (2.04ns)   --->   "%arg1_result_7 = call i32 @kernel_jac3D_kernel_stencil_core, i32 %arg0_rowArr_1_0_7, i32 %arg0_rowArr_0_1_7, i32 %arg0_rowArr_1_1_6, i32 %arg0_rowArr_1_1_7, i32 %arg0_rowArr_1_1_9, i32 %arg0_rowArr_2_1_7, i32 %arg0_rowArr_1_2_7" [/home/x_thileeb/repos/ops-hls-pact25-artifact/codegen_apps/jacobian3d/vck5000_project/hls/device/include/PE_jac3D_kernel_stencil.hpp:411]   --->   Operation 495 'call' 'arg1_result_7' <Predicate = (!icmp_ln194 & !icmp_ln394_7)> <Delay = 2.04> <CoreType = "Generic">   --->   Core 0 '' <Latency = 0> <II = 1> <Delay = 1.00> <Generic> <Opcode : >

State 17 <SV = 16> <Delay = 2.04>
ST_17 : Operation 496 [4/11] (2.04ns)   --->   "%arg1_result = call i32 @kernel_jac3D_kernel_stencil_core, i32 %arg0_rowArr_1_0, i32 %arg0_rowArr_0_1, i32 %arg0_rowArr_1_1_8, i32 %arg0_rowArr_1_1, i32 %arg0_rowArr_1_1_1, i32 %arg0_rowArr_2_1, i32 %arg0_rowArr_1_2" [/home/x_thileeb/repos/ops-hls-pact25-artifact/codegen_apps/jacobian3d/vck5000_project/hls/device/include/PE_jac3D_kernel_stencil.hpp:411]   --->   Operation 496 'call' 'arg1_result' <Predicate = (!icmp_ln194 & !icmp_ln394)> <Delay = 2.04> <CoreType = "Generic">   --->   Core 0 '' <Latency = 0> <II = 1> <Delay = 1.00> <Generic> <Opcode : >
ST_17 : Operation 497 [4/11] (2.04ns)   --->   "%arg1_result_1 = call i32 @kernel_jac3D_kernel_stencil_core, i32 %arg0_rowArr_1_0_1, i32 %arg0_rowArr_0_1_1, i32 %arg0_rowArr_1_1, i32 %arg0_rowArr_1_1_1, i32 %arg0_rowArr_1_1_2, i32 %arg0_rowArr_2_1_1, i32 %arg0_rowArr_1_2_1" [/home/x_thileeb/repos/ops-hls-pact25-artifact/codegen_apps/jacobian3d/vck5000_project/hls/device/include/PE_jac3D_kernel_stencil.hpp:411]   --->   Operation 497 'call' 'arg1_result_1' <Predicate = (!icmp_ln194 & !icmp_ln394_1)> <Delay = 2.04> <CoreType = "Generic">   --->   Core 0 '' <Latency = 0> <II = 1> <Delay = 1.00> <Generic> <Opcode : >
ST_17 : Operation 498 [4/11] (2.04ns)   --->   "%arg1_result_2 = call i32 @kernel_jac3D_kernel_stencil_core, i32 %arg0_rowArr_1_0_2, i32 %arg0_rowArr_0_1_2, i32 %arg0_rowArr_1_1_1, i32 %arg0_rowArr_1_1_2, i32 %arg0_rowArr_1_1_3, i32 %arg0_rowArr_2_1_2, i32 %arg0_rowArr_1_2_2" [/home/x_thileeb/repos/ops-hls-pact25-artifact/codegen_apps/jacobian3d/vck5000_project/hls/device/include/PE_jac3D_kernel_stencil.hpp:411]   --->   Operation 498 'call' 'arg1_result_2' <Predicate = (!icmp_ln194 & !icmp_ln394_2)> <Delay = 2.04> <CoreType = "Generic">   --->   Core 0 '' <Latency = 0> <II = 1> <Delay = 1.00> <Generic> <Opcode : >
ST_17 : Operation 499 [4/11] (2.04ns)   --->   "%arg1_result_3 = call i32 @kernel_jac3D_kernel_stencil_core, i32 %arg0_rowArr_1_0_3, i32 %arg0_rowArr_0_1_3, i32 %arg0_rowArr_1_1_2, i32 %arg0_rowArr_1_1_3, i32 %arg0_rowArr_1_1_4, i32 %arg0_rowArr_2_1_3, i32 %arg0_rowArr_1_2_3" [/home/x_thileeb/repos/ops-hls-pact25-artifact/codegen_apps/jacobian3d/vck5000_project/hls/device/include/PE_jac3D_kernel_stencil.hpp:411]   --->   Operation 499 'call' 'arg1_result_3' <Predicate = (!icmp_ln194 & !icmp_ln394_3)> <Delay = 2.04> <CoreType = "Generic">   --->   Core 0 '' <Latency = 0> <II = 1> <Delay = 1.00> <Generic> <Opcode : >
ST_17 : Operation 500 [4/11] (2.04ns)   --->   "%arg1_result_4 = call i32 @kernel_jac3D_kernel_stencil_core, i32 %arg0_rowArr_1_0_4, i32 %arg0_rowArr_0_1_4, i32 %arg0_rowArr_1_1_3, i32 %arg0_rowArr_1_1_4, i32 %arg0_rowArr_1_1_5, i32 %arg0_rowArr_2_1_4, i32 %arg0_rowArr_1_2_4" [/home/x_thileeb/repos/ops-hls-pact25-artifact/codegen_apps/jacobian3d/vck5000_project/hls/device/include/PE_jac3D_kernel_stencil.hpp:411]   --->   Operation 500 'call' 'arg1_result_4' <Predicate = (!icmp_ln194 & !icmp_ln394_4)> <Delay = 2.04> <CoreType = "Generic">   --->   Core 0 '' <Latency = 0> <II = 1> <Delay = 1.00> <Generic> <Opcode : >
ST_17 : Operation 501 [4/11] (2.04ns)   --->   "%arg1_result_5 = call i32 @kernel_jac3D_kernel_stencil_core, i32 %arg0_rowArr_1_0_5, i32 %arg0_rowArr_0_1_5, i32 %arg0_rowArr_1_1_4, i32 %arg0_rowArr_1_1_5, i32 %arg0_rowArr_1_1_6, i32 %arg0_rowArr_2_1_5, i32 %arg0_rowArr_1_2_5" [/home/x_thileeb/repos/ops-hls-pact25-artifact/codegen_apps/jacobian3d/vck5000_project/hls/device/include/PE_jac3D_kernel_stencil.hpp:411]   --->   Operation 501 'call' 'arg1_result_5' <Predicate = (!icmp_ln194 & !icmp_ln394_5)> <Delay = 2.04> <CoreType = "Generic">   --->   Core 0 '' <Latency = 0> <II = 1> <Delay = 1.00> <Generic> <Opcode : >
ST_17 : Operation 502 [4/11] (2.04ns)   --->   "%arg1_result_6 = call i32 @kernel_jac3D_kernel_stencil_core, i32 %arg0_rowArr_1_0_6, i32 %arg0_rowArr_0_1_6, i32 %arg0_rowArr_1_1_5, i32 %arg0_rowArr_1_1_6, i32 %arg0_rowArr_1_1_7, i32 %arg0_rowArr_2_1_6, i32 %arg0_rowArr_1_2_6" [/home/x_thileeb/repos/ops-hls-pact25-artifact/codegen_apps/jacobian3d/vck5000_project/hls/device/include/PE_jac3D_kernel_stencil.hpp:411]   --->   Operation 502 'call' 'arg1_result_6' <Predicate = (!icmp_ln194 & !icmp_ln394_6)> <Delay = 2.04> <CoreType = "Generic">   --->   Core 0 '' <Latency = 0> <II = 1> <Delay = 1.00> <Generic> <Opcode : >
ST_17 : Operation 503 [4/11] (2.04ns)   --->   "%arg1_result_7 = call i32 @kernel_jac3D_kernel_stencil_core, i32 %arg0_rowArr_1_0_7, i32 %arg0_rowArr_0_1_7, i32 %arg0_rowArr_1_1_6, i32 %arg0_rowArr_1_1_7, i32 %arg0_rowArr_1_1_9, i32 %arg0_rowArr_2_1_7, i32 %arg0_rowArr_1_2_7" [/home/x_thileeb/repos/ops-hls-pact25-artifact/codegen_apps/jacobian3d/vck5000_project/hls/device/include/PE_jac3D_kernel_stencil.hpp:411]   --->   Operation 503 'call' 'arg1_result_7' <Predicate = (!icmp_ln194 & !icmp_ln394_7)> <Delay = 2.04> <CoreType = "Generic">   --->   Core 0 '' <Latency = 0> <II = 1> <Delay = 1.00> <Generic> <Opcode : >

State 18 <SV = 17> <Delay = 2.04>
ST_18 : Operation 504 [3/11] (2.04ns)   --->   "%arg1_result = call i32 @kernel_jac3D_kernel_stencil_core, i32 %arg0_rowArr_1_0, i32 %arg0_rowArr_0_1, i32 %arg0_rowArr_1_1_8, i32 %arg0_rowArr_1_1, i32 %arg0_rowArr_1_1_1, i32 %arg0_rowArr_2_1, i32 %arg0_rowArr_1_2" [/home/x_thileeb/repos/ops-hls-pact25-artifact/codegen_apps/jacobian3d/vck5000_project/hls/device/include/PE_jac3D_kernel_stencil.hpp:411]   --->   Operation 504 'call' 'arg1_result' <Predicate = (!icmp_ln194 & !icmp_ln394)> <Delay = 2.04> <CoreType = "Generic">   --->   Core 0 '' <Latency = 0> <II = 1> <Delay = 1.00> <Generic> <Opcode : >
ST_18 : Operation 505 [3/11] (2.04ns)   --->   "%arg1_result_1 = call i32 @kernel_jac3D_kernel_stencil_core, i32 %arg0_rowArr_1_0_1, i32 %arg0_rowArr_0_1_1, i32 %arg0_rowArr_1_1, i32 %arg0_rowArr_1_1_1, i32 %arg0_rowArr_1_1_2, i32 %arg0_rowArr_2_1_1, i32 %arg0_rowArr_1_2_1" [/home/x_thileeb/repos/ops-hls-pact25-artifact/codegen_apps/jacobian3d/vck5000_project/hls/device/include/PE_jac3D_kernel_stencil.hpp:411]   --->   Operation 505 'call' 'arg1_result_1' <Predicate = (!icmp_ln194 & !icmp_ln394_1)> <Delay = 2.04> <CoreType = "Generic">   --->   Core 0 '' <Latency = 0> <II = 1> <Delay = 1.00> <Generic> <Opcode : >
ST_18 : Operation 506 [3/11] (2.04ns)   --->   "%arg1_result_2 = call i32 @kernel_jac3D_kernel_stencil_core, i32 %arg0_rowArr_1_0_2, i32 %arg0_rowArr_0_1_2, i32 %arg0_rowArr_1_1_1, i32 %arg0_rowArr_1_1_2, i32 %arg0_rowArr_1_1_3, i32 %arg0_rowArr_2_1_2, i32 %arg0_rowArr_1_2_2" [/home/x_thileeb/repos/ops-hls-pact25-artifact/codegen_apps/jacobian3d/vck5000_project/hls/device/include/PE_jac3D_kernel_stencil.hpp:411]   --->   Operation 506 'call' 'arg1_result_2' <Predicate = (!icmp_ln194 & !icmp_ln394_2)> <Delay = 2.04> <CoreType = "Generic">   --->   Core 0 '' <Latency = 0> <II = 1> <Delay = 1.00> <Generic> <Opcode : >
ST_18 : Operation 507 [3/11] (2.04ns)   --->   "%arg1_result_3 = call i32 @kernel_jac3D_kernel_stencil_core, i32 %arg0_rowArr_1_0_3, i32 %arg0_rowArr_0_1_3, i32 %arg0_rowArr_1_1_2, i32 %arg0_rowArr_1_1_3, i32 %arg0_rowArr_1_1_4, i32 %arg0_rowArr_2_1_3, i32 %arg0_rowArr_1_2_3" [/home/x_thileeb/repos/ops-hls-pact25-artifact/codegen_apps/jacobian3d/vck5000_project/hls/device/include/PE_jac3D_kernel_stencil.hpp:411]   --->   Operation 507 'call' 'arg1_result_3' <Predicate = (!icmp_ln194 & !icmp_ln394_3)> <Delay = 2.04> <CoreType = "Generic">   --->   Core 0 '' <Latency = 0> <II = 1> <Delay = 1.00> <Generic> <Opcode : >
ST_18 : Operation 508 [3/11] (2.04ns)   --->   "%arg1_result_4 = call i32 @kernel_jac3D_kernel_stencil_core, i32 %arg0_rowArr_1_0_4, i32 %arg0_rowArr_0_1_4, i32 %arg0_rowArr_1_1_3, i32 %arg0_rowArr_1_1_4, i32 %arg0_rowArr_1_1_5, i32 %arg0_rowArr_2_1_4, i32 %arg0_rowArr_1_2_4" [/home/x_thileeb/repos/ops-hls-pact25-artifact/codegen_apps/jacobian3d/vck5000_project/hls/device/include/PE_jac3D_kernel_stencil.hpp:411]   --->   Operation 508 'call' 'arg1_result_4' <Predicate = (!icmp_ln194 & !icmp_ln394_4)> <Delay = 2.04> <CoreType = "Generic">   --->   Core 0 '' <Latency = 0> <II = 1> <Delay = 1.00> <Generic> <Opcode : >
ST_18 : Operation 509 [3/11] (2.04ns)   --->   "%arg1_result_5 = call i32 @kernel_jac3D_kernel_stencil_core, i32 %arg0_rowArr_1_0_5, i32 %arg0_rowArr_0_1_5, i32 %arg0_rowArr_1_1_4, i32 %arg0_rowArr_1_1_5, i32 %arg0_rowArr_1_1_6, i32 %arg0_rowArr_2_1_5, i32 %arg0_rowArr_1_2_5" [/home/x_thileeb/repos/ops-hls-pact25-artifact/codegen_apps/jacobian3d/vck5000_project/hls/device/include/PE_jac3D_kernel_stencil.hpp:411]   --->   Operation 509 'call' 'arg1_result_5' <Predicate = (!icmp_ln194 & !icmp_ln394_5)> <Delay = 2.04> <CoreType = "Generic">   --->   Core 0 '' <Latency = 0> <II = 1> <Delay = 1.00> <Generic> <Opcode : >
ST_18 : Operation 510 [3/11] (2.04ns)   --->   "%arg1_result_6 = call i32 @kernel_jac3D_kernel_stencil_core, i32 %arg0_rowArr_1_0_6, i32 %arg0_rowArr_0_1_6, i32 %arg0_rowArr_1_1_5, i32 %arg0_rowArr_1_1_6, i32 %arg0_rowArr_1_1_7, i32 %arg0_rowArr_2_1_6, i32 %arg0_rowArr_1_2_6" [/home/x_thileeb/repos/ops-hls-pact25-artifact/codegen_apps/jacobian3d/vck5000_project/hls/device/include/PE_jac3D_kernel_stencil.hpp:411]   --->   Operation 510 'call' 'arg1_result_6' <Predicate = (!icmp_ln194 & !icmp_ln394_6)> <Delay = 2.04> <CoreType = "Generic">   --->   Core 0 '' <Latency = 0> <II = 1> <Delay = 1.00> <Generic> <Opcode : >
ST_18 : Operation 511 [3/11] (2.04ns)   --->   "%arg1_result_7 = call i32 @kernel_jac3D_kernel_stencil_core, i32 %arg0_rowArr_1_0_7, i32 %arg0_rowArr_0_1_7, i32 %arg0_rowArr_1_1_6, i32 %arg0_rowArr_1_1_7, i32 %arg0_rowArr_1_1_9, i32 %arg0_rowArr_2_1_7, i32 %arg0_rowArr_1_2_7" [/home/x_thileeb/repos/ops-hls-pact25-artifact/codegen_apps/jacobian3d/vck5000_project/hls/device/include/PE_jac3D_kernel_stencil.hpp:411]   --->   Operation 511 'call' 'arg1_result_7' <Predicate = (!icmp_ln194 & !icmp_ln394_7)> <Delay = 2.04> <CoreType = "Generic">   --->   Core 0 '' <Latency = 0> <II = 1> <Delay = 1.00> <Generic> <Opcode : >

State 19 <SV = 18> <Delay = 2.04>
ST_19 : Operation 512 [2/11] (2.04ns)   --->   "%arg1_result = call i32 @kernel_jac3D_kernel_stencil_core, i32 %arg0_rowArr_1_0, i32 %arg0_rowArr_0_1, i32 %arg0_rowArr_1_1_8, i32 %arg0_rowArr_1_1, i32 %arg0_rowArr_1_1_1, i32 %arg0_rowArr_2_1, i32 %arg0_rowArr_1_2" [/home/x_thileeb/repos/ops-hls-pact25-artifact/codegen_apps/jacobian3d/vck5000_project/hls/device/include/PE_jac3D_kernel_stencil.hpp:411]   --->   Operation 512 'call' 'arg1_result' <Predicate = (!icmp_ln194 & !icmp_ln394)> <Delay = 2.04> <CoreType = "Generic">   --->   Core 0 '' <Latency = 0> <II = 1> <Delay = 1.00> <Generic> <Opcode : >
ST_19 : Operation 513 [2/11] (2.04ns)   --->   "%arg1_result_1 = call i32 @kernel_jac3D_kernel_stencil_core, i32 %arg0_rowArr_1_0_1, i32 %arg0_rowArr_0_1_1, i32 %arg0_rowArr_1_1, i32 %arg0_rowArr_1_1_1, i32 %arg0_rowArr_1_1_2, i32 %arg0_rowArr_2_1_1, i32 %arg0_rowArr_1_2_1" [/home/x_thileeb/repos/ops-hls-pact25-artifact/codegen_apps/jacobian3d/vck5000_project/hls/device/include/PE_jac3D_kernel_stencil.hpp:411]   --->   Operation 513 'call' 'arg1_result_1' <Predicate = (!icmp_ln194 & !icmp_ln394_1)> <Delay = 2.04> <CoreType = "Generic">   --->   Core 0 '' <Latency = 0> <II = 1> <Delay = 1.00> <Generic> <Opcode : >
ST_19 : Operation 514 [2/11] (2.04ns)   --->   "%arg1_result_2 = call i32 @kernel_jac3D_kernel_stencil_core, i32 %arg0_rowArr_1_0_2, i32 %arg0_rowArr_0_1_2, i32 %arg0_rowArr_1_1_1, i32 %arg0_rowArr_1_1_2, i32 %arg0_rowArr_1_1_3, i32 %arg0_rowArr_2_1_2, i32 %arg0_rowArr_1_2_2" [/home/x_thileeb/repos/ops-hls-pact25-artifact/codegen_apps/jacobian3d/vck5000_project/hls/device/include/PE_jac3D_kernel_stencil.hpp:411]   --->   Operation 514 'call' 'arg1_result_2' <Predicate = (!icmp_ln194 & !icmp_ln394_2)> <Delay = 2.04> <CoreType = "Generic">   --->   Core 0 '' <Latency = 0> <II = 1> <Delay = 1.00> <Generic> <Opcode : >
ST_19 : Operation 515 [2/11] (2.04ns)   --->   "%arg1_result_3 = call i32 @kernel_jac3D_kernel_stencil_core, i32 %arg0_rowArr_1_0_3, i32 %arg0_rowArr_0_1_3, i32 %arg0_rowArr_1_1_2, i32 %arg0_rowArr_1_1_3, i32 %arg0_rowArr_1_1_4, i32 %arg0_rowArr_2_1_3, i32 %arg0_rowArr_1_2_3" [/home/x_thileeb/repos/ops-hls-pact25-artifact/codegen_apps/jacobian3d/vck5000_project/hls/device/include/PE_jac3D_kernel_stencil.hpp:411]   --->   Operation 515 'call' 'arg1_result_3' <Predicate = (!icmp_ln194 & !icmp_ln394_3)> <Delay = 2.04> <CoreType = "Generic">   --->   Core 0 '' <Latency = 0> <II = 1> <Delay = 1.00> <Generic> <Opcode : >
ST_19 : Operation 516 [2/11] (2.04ns)   --->   "%arg1_result_4 = call i32 @kernel_jac3D_kernel_stencil_core, i32 %arg0_rowArr_1_0_4, i32 %arg0_rowArr_0_1_4, i32 %arg0_rowArr_1_1_3, i32 %arg0_rowArr_1_1_4, i32 %arg0_rowArr_1_1_5, i32 %arg0_rowArr_2_1_4, i32 %arg0_rowArr_1_2_4" [/home/x_thileeb/repos/ops-hls-pact25-artifact/codegen_apps/jacobian3d/vck5000_project/hls/device/include/PE_jac3D_kernel_stencil.hpp:411]   --->   Operation 516 'call' 'arg1_result_4' <Predicate = (!icmp_ln194 & !icmp_ln394_4)> <Delay = 2.04> <CoreType = "Generic">   --->   Core 0 '' <Latency = 0> <II = 1> <Delay = 1.00> <Generic> <Opcode : >
ST_19 : Operation 517 [2/11] (2.04ns)   --->   "%arg1_result_5 = call i32 @kernel_jac3D_kernel_stencil_core, i32 %arg0_rowArr_1_0_5, i32 %arg0_rowArr_0_1_5, i32 %arg0_rowArr_1_1_4, i32 %arg0_rowArr_1_1_5, i32 %arg0_rowArr_1_1_6, i32 %arg0_rowArr_2_1_5, i32 %arg0_rowArr_1_2_5" [/home/x_thileeb/repos/ops-hls-pact25-artifact/codegen_apps/jacobian3d/vck5000_project/hls/device/include/PE_jac3D_kernel_stencil.hpp:411]   --->   Operation 517 'call' 'arg1_result_5' <Predicate = (!icmp_ln194 & !icmp_ln394_5)> <Delay = 2.04> <CoreType = "Generic">   --->   Core 0 '' <Latency = 0> <II = 1> <Delay = 1.00> <Generic> <Opcode : >
ST_19 : Operation 518 [2/11] (2.04ns)   --->   "%arg1_result_6 = call i32 @kernel_jac3D_kernel_stencil_core, i32 %arg0_rowArr_1_0_6, i32 %arg0_rowArr_0_1_6, i32 %arg0_rowArr_1_1_5, i32 %arg0_rowArr_1_1_6, i32 %arg0_rowArr_1_1_7, i32 %arg0_rowArr_2_1_6, i32 %arg0_rowArr_1_2_6" [/home/x_thileeb/repos/ops-hls-pact25-artifact/codegen_apps/jacobian3d/vck5000_project/hls/device/include/PE_jac3D_kernel_stencil.hpp:411]   --->   Operation 518 'call' 'arg1_result_6' <Predicate = (!icmp_ln194 & !icmp_ln394_6)> <Delay = 2.04> <CoreType = "Generic">   --->   Core 0 '' <Latency = 0> <II = 1> <Delay = 1.00> <Generic> <Opcode : >
ST_19 : Operation 519 [2/11] (2.04ns)   --->   "%arg1_result_7 = call i32 @kernel_jac3D_kernel_stencil_core, i32 %arg0_rowArr_1_0_7, i32 %arg0_rowArr_0_1_7, i32 %arg0_rowArr_1_1_6, i32 %arg0_rowArr_1_1_7, i32 %arg0_rowArr_1_1_9, i32 %arg0_rowArr_2_1_7, i32 %arg0_rowArr_1_2_7" [/home/x_thileeb/repos/ops-hls-pact25-artifact/codegen_apps/jacobian3d/vck5000_project/hls/device/include/PE_jac3D_kernel_stencil.hpp:411]   --->   Operation 519 'call' 'arg1_result_7' <Predicate = (!icmp_ln194 & !icmp_ln394_7)> <Delay = 2.04> <CoreType = "Generic">   --->   Core 0 '' <Latency = 0> <II = 1> <Delay = 1.00> <Generic> <Opcode : >
ST_19 : Operation 555 [1/1] (0.00ns)   --->   "%ret_ln0 = ret"   --->   Operation 555 'ret' 'ret_ln0' <Predicate = (icmp_ln194)> <Delay = 0.00>

State 20 <SV = 19> <Delay = 1.97>
ST_20 : Operation 520 [1/11] (0.28ns)   --->   "%arg1_result = call i32 @kernel_jac3D_kernel_stencil_core, i32 %arg0_rowArr_1_0, i32 %arg0_rowArr_0_1, i32 %arg0_rowArr_1_1_8, i32 %arg0_rowArr_1_1, i32 %arg0_rowArr_1_1_1, i32 %arg0_rowArr_2_1, i32 %arg0_rowArr_1_2" [/home/x_thileeb/repos/ops-hls-pact25-artifact/codegen_apps/jacobian3d/vck5000_project/hls/device/include/PE_jac3D_kernel_stencil.hpp:411]   --->   Operation 520 'call' 'arg1_result' <Predicate = (!icmp_ln194 & !icmp_ln394)> <Delay = 0.28> <CoreType = "Generic">   --->   Core 0 '' <Latency = 0> <II = 1> <Delay = 1.00> <Generic> <Opcode : >
ST_20 : Operation 521 [1/1] (0.46ns)   --->   "%br_ln424 = br i1 %neg_cond, void %for.inc452, void %if.else436" [/home/x_thileeb/repos/ops-hls-pact25-artifact/codegen_apps/jacobian3d/vck5000_project/hls/device/include/PE_jac3D_kernel_stencil.hpp:424]   --->   Operation 521 'br' 'br_ln424' <Predicate = (!icmp_ln194 & !icmp_ln394)> <Delay = 0.46>
ST_20 : Operation 522 [1/1] (0.00ns)   --->   "%arg1_tmpConvWrite4_0_in = phi i32 %arg0_rowArr_1_1, void %if.else436, i32 %arg1_result, void %lor.lhs.false"   --->   Operation 522 'phi' 'arg1_tmpConvWrite4_0_in' <Predicate = true> <Delay = 0.00>
ST_20 : Operation 523 [1/1] (0.00ns)   --->   "%arg1_tmpConvWrite = bitcast i32 %arg1_tmpConvWrite4_0_in" [/home/x_thileeb/repos/ops-hls-pact25-artifact/codegen_apps/jacobian3d/vck5000_project/hls/device/include/PE_jac3D_kernel_stencil.hpp:422]   --->   Operation 523 'bitcast' 'arg1_tmpConvWrite' <Predicate = true> <Delay = 0.00>
ST_20 : Operation 524 [1/11] (0.28ns)   --->   "%arg1_result_1 = call i32 @kernel_jac3D_kernel_stencil_core, i32 %arg0_rowArr_1_0_1, i32 %arg0_rowArr_0_1_1, i32 %arg0_rowArr_1_1, i32 %arg0_rowArr_1_1_1, i32 %arg0_rowArr_1_1_2, i32 %arg0_rowArr_2_1_1, i32 %arg0_rowArr_1_2_1" [/home/x_thileeb/repos/ops-hls-pact25-artifact/codegen_apps/jacobian3d/vck5000_project/hls/device/include/PE_jac3D_kernel_stencil.hpp:411]   --->   Operation 524 'call' 'arg1_result_1' <Predicate = (!icmp_ln194 & !icmp_ln394_1)> <Delay = 0.28> <CoreType = "Generic">   --->   Core 0 '' <Latency = 0> <II = 1> <Delay = 1.00> <Generic> <Opcode : >
ST_20 : Operation 525 [1/1] (0.46ns)   --->   "%br_ln424 = br i1 %neg_cond_1, void %for.inc452.1, void %if.else436.1" [/home/x_thileeb/repos/ops-hls-pact25-artifact/codegen_apps/jacobian3d/vck5000_project/hls/device/include/PE_jac3D_kernel_stencil.hpp:424]   --->   Operation 525 'br' 'br_ln424' <Predicate = (!icmp_ln194 & !icmp_ln394_1)> <Delay = 0.46>
ST_20 : Operation 526 [1/1] (0.00ns)   --->   "%arg1_tmpConvWrite4_1_in = phi i32 %arg0_rowArr_1_1_1, void %if.else436.1, i32 %arg1_result_1, void %lor.lhs.false.1"   --->   Operation 526 'phi' 'arg1_tmpConvWrite4_1_in' <Predicate = true> <Delay = 0.00>
ST_20 : Operation 527 [1/1] (0.00ns)   --->   "%arg1_tmpConvWrite_4 = bitcast i32 %arg1_tmpConvWrite4_1_in" [/home/x_thileeb/repos/ops-hls-pact25-artifact/codegen_apps/jacobian3d/vck5000_project/hls/device/include/PE_jac3D_kernel_stencil.hpp:422]   --->   Operation 527 'bitcast' 'arg1_tmpConvWrite_4' <Predicate = true> <Delay = 0.00>
ST_20 : Operation 528 [1/11] (0.28ns)   --->   "%arg1_result_2 = call i32 @kernel_jac3D_kernel_stencil_core, i32 %arg0_rowArr_1_0_2, i32 %arg0_rowArr_0_1_2, i32 %arg0_rowArr_1_1_1, i32 %arg0_rowArr_1_1_2, i32 %arg0_rowArr_1_1_3, i32 %arg0_rowArr_2_1_2, i32 %arg0_rowArr_1_2_2" [/home/x_thileeb/repos/ops-hls-pact25-artifact/codegen_apps/jacobian3d/vck5000_project/hls/device/include/PE_jac3D_kernel_stencil.hpp:411]   --->   Operation 528 'call' 'arg1_result_2' <Predicate = (!icmp_ln194 & !icmp_ln394_2)> <Delay = 0.28> <CoreType = "Generic">   --->   Core 0 '' <Latency = 0> <II = 1> <Delay = 1.00> <Generic> <Opcode : >
ST_20 : Operation 529 [1/1] (0.46ns)   --->   "%br_ln424 = br i1 %neg_cond_2, void %for.inc452.2, void %if.else436.2" [/home/x_thileeb/repos/ops-hls-pact25-artifact/codegen_apps/jacobian3d/vck5000_project/hls/device/include/PE_jac3D_kernel_stencil.hpp:424]   --->   Operation 529 'br' 'br_ln424' <Predicate = (!icmp_ln194 & !icmp_ln394_2)> <Delay = 0.46>
ST_20 : Operation 530 [1/1] (0.00ns)   --->   "%arg1_tmpConvWrite4_2_in = phi i32 %arg0_rowArr_1_1_2, void %if.else436.2, i32 %arg1_result_2, void %lor.lhs.false.2"   --->   Operation 530 'phi' 'arg1_tmpConvWrite4_2_in' <Predicate = true> <Delay = 0.00>
ST_20 : Operation 531 [1/1] (0.00ns)   --->   "%arg1_tmpConvWrite_5 = bitcast i32 %arg1_tmpConvWrite4_2_in" [/home/x_thileeb/repos/ops-hls-pact25-artifact/codegen_apps/jacobian3d/vck5000_project/hls/device/include/PE_jac3D_kernel_stencil.hpp:422]   --->   Operation 531 'bitcast' 'arg1_tmpConvWrite_5' <Predicate = true> <Delay = 0.00>
ST_20 : Operation 532 [1/11] (0.28ns)   --->   "%arg1_result_3 = call i32 @kernel_jac3D_kernel_stencil_core, i32 %arg0_rowArr_1_0_3, i32 %arg0_rowArr_0_1_3, i32 %arg0_rowArr_1_1_2, i32 %arg0_rowArr_1_1_3, i32 %arg0_rowArr_1_1_4, i32 %arg0_rowArr_2_1_3, i32 %arg0_rowArr_1_2_3" [/home/x_thileeb/repos/ops-hls-pact25-artifact/codegen_apps/jacobian3d/vck5000_project/hls/device/include/PE_jac3D_kernel_stencil.hpp:411]   --->   Operation 532 'call' 'arg1_result_3' <Predicate = (!icmp_ln194 & !icmp_ln394_3)> <Delay = 0.28> <CoreType = "Generic">   --->   Core 0 '' <Latency = 0> <II = 1> <Delay = 1.00> <Generic> <Opcode : >
ST_20 : Operation 533 [1/1] (0.46ns)   --->   "%br_ln424 = br i1 %neg_cond_3, void %for.inc452.3, void %if.else436.3" [/home/x_thileeb/repos/ops-hls-pact25-artifact/codegen_apps/jacobian3d/vck5000_project/hls/device/include/PE_jac3D_kernel_stencil.hpp:424]   --->   Operation 533 'br' 'br_ln424' <Predicate = (!icmp_ln194 & !icmp_ln394_3)> <Delay = 0.46>
ST_20 : Operation 534 [1/1] (0.00ns)   --->   "%arg1_tmpConvWrite4_3_in = phi i32 %arg0_rowArr_1_1_3, void %if.else436.3, i32 %arg1_result_3, void %lor.lhs.false.3"   --->   Operation 534 'phi' 'arg1_tmpConvWrite4_3_in' <Predicate = true> <Delay = 0.00>
ST_20 : Operation 535 [1/1] (0.00ns)   --->   "%arg1_tmpConvWrite_6 = bitcast i32 %arg1_tmpConvWrite4_3_in" [/home/x_thileeb/repos/ops-hls-pact25-artifact/codegen_apps/jacobian3d/vck5000_project/hls/device/include/PE_jac3D_kernel_stencil.hpp:422]   --->   Operation 535 'bitcast' 'arg1_tmpConvWrite_6' <Predicate = true> <Delay = 0.00>
ST_20 : Operation 536 [1/11] (0.28ns)   --->   "%arg1_result_4 = call i32 @kernel_jac3D_kernel_stencil_core, i32 %arg0_rowArr_1_0_4, i32 %arg0_rowArr_0_1_4, i32 %arg0_rowArr_1_1_3, i32 %arg0_rowArr_1_1_4, i32 %arg0_rowArr_1_1_5, i32 %arg0_rowArr_2_1_4, i32 %arg0_rowArr_1_2_4" [/home/x_thileeb/repos/ops-hls-pact25-artifact/codegen_apps/jacobian3d/vck5000_project/hls/device/include/PE_jac3D_kernel_stencil.hpp:411]   --->   Operation 536 'call' 'arg1_result_4' <Predicate = (!icmp_ln194 & !icmp_ln394_4)> <Delay = 0.28> <CoreType = "Generic">   --->   Core 0 '' <Latency = 0> <II = 1> <Delay = 1.00> <Generic> <Opcode : >
ST_20 : Operation 537 [1/1] (0.46ns)   --->   "%br_ln424 = br i1 %neg_cond_4, void %for.inc452.4, void %if.else436.4" [/home/x_thileeb/repos/ops-hls-pact25-artifact/codegen_apps/jacobian3d/vck5000_project/hls/device/include/PE_jac3D_kernel_stencil.hpp:424]   --->   Operation 537 'br' 'br_ln424' <Predicate = (!icmp_ln194 & !icmp_ln394_4)> <Delay = 0.46>
ST_20 : Operation 538 [1/1] (0.00ns)   --->   "%arg1_tmpConvWrite4_4_in = phi i32 %arg0_rowArr_1_1_4, void %if.else436.4, i32 %arg1_result_4, void %lor.lhs.false.4"   --->   Operation 538 'phi' 'arg1_tmpConvWrite4_4_in' <Predicate = (!icmp_ln194)> <Delay = 0.00>
ST_20 : Operation 539 [1/1] (0.00ns)   --->   "%arg1_tmpConvWrite_8 = bitcast i32 %arg1_tmpConvWrite4_4_in" [/home/x_thileeb/repos/ops-hls-pact25-artifact/codegen_apps/jacobian3d/vck5000_project/hls/device/include/PE_jac3D_kernel_stencil.hpp:422]   --->   Operation 539 'bitcast' 'arg1_tmpConvWrite_8' <Predicate = (!icmp_ln194)> <Delay = 0.00>
ST_20 : Operation 540 [1/11] (0.28ns)   --->   "%arg1_result_5 = call i32 @kernel_jac3D_kernel_stencil_core, i32 %arg0_rowArr_1_0_5, i32 %arg0_rowArr_0_1_5, i32 %arg0_rowArr_1_1_4, i32 %arg0_rowArr_1_1_5, i32 %arg0_rowArr_1_1_6, i32 %arg0_rowArr_2_1_5, i32 %arg0_rowArr_1_2_5" [/home/x_thileeb/repos/ops-hls-pact25-artifact/codegen_apps/jacobian3d/vck5000_project/hls/device/include/PE_jac3D_kernel_stencil.hpp:411]   --->   Operation 540 'call' 'arg1_result_5' <Predicate = (!icmp_ln194 & !icmp_ln394_5)> <Delay = 0.28> <CoreType = "Generic">   --->   Core 0 '' <Latency = 0> <II = 1> <Delay = 1.00> <Generic> <Opcode : >
ST_20 : Operation 541 [1/1] (0.00ns)   --->   "%arg1_tmpConvWrite_9 = bitcast i32 %arg1_result_5" [/home/x_thileeb/repos/ops-hls-pact25-artifact/codegen_apps/jacobian3d/vck5000_project/hls/device/include/PE_jac3D_kernel_stencil.hpp:426]   --->   Operation 541 'bitcast' 'arg1_tmpConvWrite_9' <Predicate = (!icmp_ln194 & !icmp_ln394_5 & !neg_cond_5)> <Delay = 0.00>
ST_20 : Operation 542 [1/1] (0.46ns)   --->   "%br_ln427 = br void %for.inc452.5" [/home/x_thileeb/repos/ops-hls-pact25-artifact/codegen_apps/jacobian3d/vck5000_project/hls/device/include/PE_jac3D_kernel_stencil.hpp:427]   --->   Operation 542 'br' 'br_ln427' <Predicate = (!icmp_ln194 & !icmp_ln394_5 & !neg_cond_5)> <Delay = 0.46>
ST_20 : Operation 543 [1/1] (0.00ns)   --->   "%arg1_tmpConvWrite_7 = phi i32 %arg1_tmpConvWrite_9, void %if.then434.5, i32 %arg1_tmpConvWrite_14, void %for.inc452.4, i32 %arg1_tmpConvWrite_14, void %lor.lhs.false.5"   --->   Operation 543 'phi' 'arg1_tmpConvWrite_7' <Predicate = (!icmp_ln194)> <Delay = 0.00>
ST_20 : Operation 544 [1/11] (0.28ns)   --->   "%arg1_result_6 = call i32 @kernel_jac3D_kernel_stencil_core, i32 %arg0_rowArr_1_0_6, i32 %arg0_rowArr_0_1_6, i32 %arg0_rowArr_1_1_5, i32 %arg0_rowArr_1_1_6, i32 %arg0_rowArr_1_1_7, i32 %arg0_rowArr_2_1_6, i32 %arg0_rowArr_1_2_6" [/home/x_thileeb/repos/ops-hls-pact25-artifact/codegen_apps/jacobian3d/vck5000_project/hls/device/include/PE_jac3D_kernel_stencil.hpp:411]   --->   Operation 544 'call' 'arg1_result_6' <Predicate = (!icmp_ln194 & !icmp_ln394_6)> <Delay = 0.28> <CoreType = "Generic">   --->   Core 0 '' <Latency = 0> <II = 1> <Delay = 1.00> <Generic> <Opcode : >
ST_20 : Operation 545 [1/1] (0.00ns)   --->   "%arg1_tmpConvWrite_11 = bitcast i32 %arg1_result_6" [/home/x_thileeb/repos/ops-hls-pact25-artifact/codegen_apps/jacobian3d/vck5000_project/hls/device/include/PE_jac3D_kernel_stencil.hpp:426]   --->   Operation 545 'bitcast' 'arg1_tmpConvWrite_11' <Predicate = (!icmp_ln194 & !icmp_ln394_6 & !neg_cond_6)> <Delay = 0.00>
ST_20 : Operation 546 [1/1] (0.46ns)   --->   "%br_ln427 = br void %for.inc452.6" [/home/x_thileeb/repos/ops-hls-pact25-artifact/codegen_apps/jacobian3d/vck5000_project/hls/device/include/PE_jac3D_kernel_stencil.hpp:427]   --->   Operation 546 'br' 'br_ln427' <Predicate = (!icmp_ln194 & !icmp_ln394_6 & !neg_cond_6)> <Delay = 0.46>
ST_20 : Operation 547 [1/1] (0.00ns)   --->   "%arg1_tmpConvWrite_10 = phi i32 %arg1_tmpConvWrite_11, void %if.then434.6, i32 %arg1_tmpConvWrite_15, void %for.inc452.5, i32 %arg1_tmpConvWrite_15, void %lor.lhs.false.6"   --->   Operation 547 'phi' 'arg1_tmpConvWrite_10' <Predicate = (!icmp_ln194)> <Delay = 0.00>
ST_20 : Operation 548 [1/11] (0.28ns)   --->   "%arg1_result_7 = call i32 @kernel_jac3D_kernel_stencil_core, i32 %arg0_rowArr_1_0_7, i32 %arg0_rowArr_0_1_7, i32 %arg0_rowArr_1_1_6, i32 %arg0_rowArr_1_1_7, i32 %arg0_rowArr_1_1_9, i32 %arg0_rowArr_2_1_7, i32 %arg0_rowArr_1_2_7" [/home/x_thileeb/repos/ops-hls-pact25-artifact/codegen_apps/jacobian3d/vck5000_project/hls/device/include/PE_jac3D_kernel_stencil.hpp:411]   --->   Operation 548 'call' 'arg1_result_7' <Predicate = (!icmp_ln194 & !icmp_ln394_7)> <Delay = 0.28> <CoreType = "Generic">   --->   Core 0 '' <Latency = 0> <II = 1> <Delay = 1.00> <Generic> <Opcode : >
ST_20 : Operation 549 [1/1] (0.00ns)   --->   "%arg1_tmpConvWrite_12 = bitcast i32 %arg1_result_7" [/home/x_thileeb/repos/ops-hls-pact25-artifact/codegen_apps/jacobian3d/vck5000_project/hls/device/include/PE_jac3D_kernel_stencil.hpp:426]   --->   Operation 549 'bitcast' 'arg1_tmpConvWrite_12' <Predicate = (!icmp_ln194 & !icmp_ln394_7 & !neg_cond_7)> <Delay = 0.00>
ST_20 : Operation 550 [1/1] (0.46ns)   --->   "%br_ln427 = br void %for.inc452.7" [/home/x_thileeb/repos/ops-hls-pact25-artifact/codegen_apps/jacobian3d/vck5000_project/hls/device/include/PE_jac3D_kernel_stencil.hpp:427]   --->   Operation 550 'br' 'br_ln427' <Predicate = (!icmp_ln194 & !icmp_ln394_7 & !neg_cond_7)> <Delay = 0.46>
ST_20 : Operation 551 [1/1] (0.00ns)   --->   "%arg1_tmpConvWrite_13 = phi i32 %arg1_tmpConvWrite_12, void %if.then434.7, i32 %arg1_tmpConvWrite_16, void %for.inc452.6, i32 %arg1_tmpConvWrite_16, void %lor.lhs.false.7"   --->   Operation 551 'phi' 'arg1_tmpConvWrite_13' <Predicate = true> <Delay = 0.00>
ST_20 : Operation 552 [1/1] (0.00ns)   --->   "%arg1_update_val_V = bitconcatenate i256 @_ssdm_op_BitConcatenate.i256.i32.i32.i32.i32.i32.i32.i32.i32, i32 %arg1_tmpConvWrite_13, i32 %arg1_tmpConvWrite_10, i32 %arg1_tmpConvWrite_7, i32 %arg1_tmpConvWrite_8, i32 %arg1_tmpConvWrite_6, i32 %arg1_tmpConvWrite_5, i32 %arg1_tmpConvWrite_4, i32 %arg1_tmpConvWrite"   --->   Operation 552 'bitconcatenate' 'arg1_update_val_V' <Predicate = true> <Delay = 0.00>
ST_20 : Operation 553 [1/1] (1.21ns)   --->   "%write_ln174 = write void @_ssdm_op_Write.ap_fifo.volatile.i256P0A, i256 %arg0_arg1_streams_14, i256 %arg1_update_val_V" [/tools/Xilinx/Vitis_HLS/2022.1/common/technology/autopilot/hls_stream_39.h:174]   --->   Operation 553 'write' 'write_ln174' <Predicate = (!tmp)> <Delay = 1.21> <CoreInst = "FIFO">   --->   Core 82 'FIFO' <Latency = 0> <II = 1> <Delay = 1.38> <Storage> <Opcode : 'read' 'write' 'nbread' 'nbwrite'> <Ports = 0> <Width = 256> <Depth = 10> <FIFO>
ST_20 : Operation 554 [1/1] (0.00ns)   --->   "%br_ln460 = br void %for.inc459" [/home/x_thileeb/repos/ops-hls-pact25-artifact/codegen_apps/jacobian3d/vck5000_project/hls/device/include/PE_jac3D_kernel_stencil.hpp:460]   --->   Operation 554 'br' 'br_ln460' <Predicate = (!tmp)> <Delay = 0.00>


============================================================
+ Verbose Summary: Timing violations
============================================================
Target clock period: 3.33ns, clock uncertainty: 0.9ns.

 <State 1>: 1.36ns
The critical path consists of the following:
	'alloca' operation ('reg_itr') [40]  (0 ns)
	'load' operation ('itr', /home/x_thileeb/repos/ops-hls-pact25-artifact/codegen_apps/jacobian3d/vck5000_project/hls/device/include/PE_jac3D_kernel_stencil.hpp:194) on local variable 'reg_itr' [93]  (0 ns)
	'add' operation ('itr', /home/x_thileeb/repos/ops-hls-pact25-artifact/codegen_apps/jacobian3d/vck5000_project/hls/device/include/PE_jac3D_kernel_stencil.hpp:194) [95]  (0.893 ns)
	'store' operation ('store_ln194', /home/x_thileeb/repos/ops-hls-pact25-artifact/codegen_apps/jacobian3d/vck5000_project/hls/device/include/PE_jac3D_kernel_stencil.hpp:194) of variable 'itr', /home/x_thileeb/repos/ops-hls-pact25-artifact/codegen_apps/jacobian3d/vck5000_project/hls/device/include/PE_jac3D_kernel_stencil.hpp:194 on local variable 'reg_itr' [482]  (0.468 ns)

 <State 2>: 1.75ns
The critical path consists of the following:
	fifo read operation ('arg0_read_val.V', /tools/Xilinx/Vitis_HLS/2022.1/common/technology/autopilot/hls_stream_39.h:145) on port 'arg0_arg1_streams_1313' (/tools/Xilinx/Vitis_HLS/2022.1/common/technology/autopilot/hls_stream_39.h:145) [125]  (1.22 ns)
	'store' operation ('store_ln248', /home/x_thileeb/repos/ops-hls-pact25-artifact/codegen_apps/jacobian3d/vck5000_project/hls/device/include/PE_jac3D_kernel_stencil.hpp:248) of variable 'arg0_read_val.V', /tools/Xilinx/Vitis_HLS/2022.1/common/technology/autopilot/hls_stream_39.h:145 on local variable 'arg0_read_val.V' [126]  (0.535 ns)

 <State 3>: 1.6ns
The critical path consists of the following:
	'load' operation ('S3D_7PT_buf_p1_2_rd_load', /home/x_thileeb/repos/ops-hls-pact25-artifact/codegen_apps/jacobian3d/vck5000_project/hls/device/include/PE_jac3D_kernel_stencil.hpp:303) on local variable 'S3D_7PT_buf_p1_2_rd' [135]  (0 ns)
	'add' operation ('S3D_7PT_buf_p1_2_rd', /home/x_thileeb/repos/ops-hls-pact25-artifact/codegen_apps/jacobian3d/vck5000_project/hls/device/include/PE_jac3D_kernel_stencil.hpp:309) [219]  (0.82 ns)
	'select' operation ('S3D_7PT_buf_p1_2_rd', /home/x_thileeb/repos/ops-hls-pact25-artifact/codegen_apps/jacobian3d/vck5000_project/hls/device/include/PE_jac3D_kernel_stencil.hpp:306) [220]  (0.388 ns)
	'store' operation ('store_ln194', /home/x_thileeb/repos/ops-hls-pact25-artifact/codegen_apps/jacobian3d/vck5000_project/hls/device/include/PE_jac3D_kernel_stencil.hpp:194) of variable 'S3D_7PT_buf_p1_2_rd', /home/x_thileeb/repos/ops-hls-pact25-artifact/codegen_apps/jacobian3d/vck5000_project/hls/device/include/PE_jac3D_kernel_stencil.hpp:306 on local variable 'S3D_7PT_buf_p1_2_rd' [487]  (0.394 ns)

 <State 4>: 1.75ns
The critical path consists of the following:
	'load' operation ('arg0_buf_p1_2_V_load', /home/x_thileeb/repos/ops-hls-pact25-artifact/codegen_apps/jacobian3d/vck5000_project/hls/device/include/PE_jac3D_kernel_stencil.hpp:262) on array 'arg0_buf_p1_2_V' [174]  (1.04 ns)
	'select' operation ('t', /home/x_thileeb/repos/ops-hls-pact25-artifact/codegen_apps/jacobian3d/vck5000_project/hls/device/include/PE_jac3D_kernel_stencil.hpp:262) [176]  (0.706 ns)

 <State 5>: 1.6ns
The critical path consists of the following:
	'load' operation ('S3D_7PT_buf_r0_1_p1_wr_load', /home/x_thileeb/repos/ops-hls-pact25-artifact/codegen_apps/jacobian3d/vck5000_project/hls/device/include/PE_jac3D_kernel_stencil.hpp:290) on local variable 'S3D_7PT_buf_r0_1_p1_wr' [131]  (0 ns)
	'add' operation ('S3D_7PT_buf_r0_1_p1_wr', /home/x_thileeb/repos/ops-hls-pact25-artifact/codegen_apps/jacobian3d/vck5000_project/hls/device/include/PE_jac3D_kernel_stencil.hpp:290) [203]  (0.82 ns)
	'select' operation ('S3D_7PT_buf_r0_1_p1_wr', /home/x_thileeb/repos/ops-hls-pact25-artifact/codegen_apps/jacobian3d/vck5000_project/hls/device/include/PE_jac3D_kernel_stencil.hpp:287) [204]  (0.388 ns)
	'store' operation ('store_ln194', /home/x_thileeb/repos/ops-hls-pact25-artifact/codegen_apps/jacobian3d/vck5000_project/hls/device/include/PE_jac3D_kernel_stencil.hpp:194) of variable 'S3D_7PT_buf_r0_1_p1_wr', /home/x_thileeb/repos/ops-hls-pact25-artifact/codegen_apps/jacobian3d/vck5000_project/hls/device/include/PE_jac3D_kernel_stencil.hpp:287 on local variable 'S3D_7PT_buf_r0_1_p1_wr' [491]  (0.394 ns)

 <State 6>: 2.3ns
The critical path consists of the following:
	'load' operation ('i_load', /home/x_thileeb/repos/ops-hls-pact25-artifact/codegen_apps/jacobian3d/vck5000_project/hls/device/include/PE_jac3D_kernel_stencil.hpp:233) on local variable 'i' [101]  (0 ns)
	'add' operation ('i', /home/x_thileeb/repos/ops-hls-pact25-artifact/codegen_apps/jacobian3d/vck5000_project/hls/device/include/PE_jac3D_kernel_stencil.hpp:233) [106]  (0.82 ns)
	'select' operation ('i', /home/x_thileeb/repos/ops-hls-pact25-artifact/codegen_apps/jacobian3d/vck5000_project/hls/device/include/PE_jac3D_kernel_stencil.hpp:230) [107]  (0.388 ns)
	'shl' operation ('index', /home/x_thileeb/repos/ops-hls-pact25-artifact/codegen_apps/jacobian3d/vck5000_project/hls/device/include/PE_jac3D_kernel_stencil.hpp:392) [307]  (0 ns)
	'or' operation ('index', /home/x_thileeb/repos/ops-hls-pact25-artifact/codegen_apps/jacobian3d/vck5000_project/hls/device/include/PE_jac3D_kernel_stencil.hpp:392) [433]  (0 ns)
	'icmp' operation ('icmp_ln394_6', /home/x_thileeb/repos/ops-hls-pact25-artifact/codegen_apps/jacobian3d/vck5000_project/hls/device/include/PE_jac3D_kernel_stencil.hpp:394) [435]  (0.625 ns)
	multiplexor before 'phi' operation ('arg1_tmpConvWrite') with incoming values : ('arg1_tmpConvWrite') ('arg1_tmpConvWrite', /home/x_thileeb/repos/ops-hls-pact25-artifact/codegen_apps/jacobian3d/vck5000_project/hls/device/include/PE_jac3D_kernel_stencil.hpp:426) [452]  (0.468 ns)

 <State 7>: 2.24ns
The critical path consists of the following:
	'load' operation ('k_load', /home/x_thileeb/repos/ops-hls-pact25-artifact/codegen_apps/jacobian3d/vck5000_project/hls/device/include/PE_jac3D_kernel_stencil.hpp:241) on local variable 'k' [99]  (0 ns)
	'icmp' operation ('icmp_ln238', /home/x_thileeb/repos/ops-hls-pact25-artifact/codegen_apps/jacobian3d/vck5000_project/hls/device/include/PE_jac3D_kernel_stencil.hpp:238) [114]  (0.625 ns)
	'or' operation ('or_ln238', /home/x_thileeb/repos/ops-hls-pact25-artifact/codegen_apps/jacobian3d/vck5000_project/hls/device/include/PE_jac3D_kernel_stencil.hpp:238) [115]  (0.301 ns)
	'xor' operation ('xor_ln238', /home/x_thileeb/repos/ops-hls-pact25-artifact/codegen_apps/jacobian3d/vck5000_project/hls/device/include/PE_jac3D_kernel_stencil.hpp:238) [116]  (0 ns)
	'or' operation ('or_ln238_1', /home/x_thileeb/repos/ops-hls-pact25-artifact/codegen_apps/jacobian3d/vck5000_project/hls/device/include/PE_jac3D_kernel_stencil.hpp:238) [117]  (0.301 ns)
	'select' operation ('k', /home/x_thileeb/repos/ops-hls-pact25-artifact/codegen_apps/jacobian3d/vck5000_project/hls/device/include/PE_jac3D_kernel_stencil.hpp:238) [121]  (0.388 ns)
	'icmp' operation ('icmp_ln399_4', /home/x_thileeb/repos/ops-hls-pact25-artifact/codegen_apps/jacobian3d/vck5000_project/hls/device/include/PE_jac3D_kernel_stencil.hpp:399) [400]  (0.625 ns)

 <State 8>: 1.6ns
The critical path consists of the following:
	'load' operation ('S3D_7PT_buf_p0_1_rd_load', /home/x_thileeb/repos/ops-hls-pact25-artifact/codegen_apps/jacobian3d/vck5000_project/hls/device/include/PE_jac3D_kernel_stencil.hpp:267) on local variable 'S3D_7PT_buf_p0_1_rd' [134]  (0 ns)
	'add' operation ('S3D_7PT_buf_p0_1_rd', /home/x_thileeb/repos/ops-hls-pact25-artifact/codegen_apps/jacobian3d/vck5000_project/hls/device/include/PE_jac3D_kernel_stencil.hpp:273) [191]  (0.82 ns)
	'select' operation ('S3D_7PT_buf_p0_1_rd', /home/x_thileeb/repos/ops-hls-pact25-artifact/codegen_apps/jacobian3d/vck5000_project/hls/device/include/PE_jac3D_kernel_stencil.hpp:270) [192]  (0.388 ns)
	'store' operation ('store_ln194', /home/x_thileeb/repos/ops-hls-pact25-artifact/codegen_apps/jacobian3d/vck5000_project/hls/device/include/PE_jac3D_kernel_stencil.hpp:194) of variable 'S3D_7PT_buf_p0_1_rd', /home/x_thileeb/repos/ops-hls-pact25-artifact/codegen_apps/jacobian3d/vck5000_project/hls/device/include/PE_jac3D_kernel_stencil.hpp:270 on local variable 'S3D_7PT_buf_p0_1_rd' [488]  (0.394 ns)

 <State 9>: 1.75ns
The critical path consists of the following:
	'load' operation ('arg0_buf_p0_1_V_load', /home/x_thileeb/repos/ops-hls-pact25-artifact/codegen_apps/jacobian3d/vck5000_project/hls/device/include/PE_jac3D_kernel_stencil.hpp:255) on array 'arg0_buf_p0_1_V' [143]  (1.04 ns)
	'select' operation ('t', /home/x_thileeb/repos/ops-hls-pact25-artifact/codegen_apps/jacobian3d/vck5000_project/hls/device/include/PE_jac3D_kernel_stencil.hpp:255) [145]  (0.706 ns)

 <State 10>: 1.22ns
The critical path consists of the following:
	'call' operation ('arg1_result', /home/x_thileeb/repos/ops-hls-pact25-artifact/codegen_apps/jacobian3d/vck5000_project/hls/device/include/PE_jac3D_kernel_stencil.hpp:411) to 'kernel_jac3D_kernel_stencil_core' [326]  (1.22 ns)

 <State 11>: 2.04ns
The critical path consists of the following:
	'call' operation ('arg1_result', /home/x_thileeb/repos/ops-hls-pact25-artifact/codegen_apps/jacobian3d/vck5000_project/hls/device/include/PE_jac3D_kernel_stencil.hpp:411) to 'kernel_jac3D_kernel_stencil_core' [326]  (2.04 ns)

 <State 12>: 2.04ns
The critical path consists of the following:
	'call' operation ('arg1_result', /home/x_thileeb/repos/ops-hls-pact25-artifact/codegen_apps/jacobian3d/vck5000_project/hls/device/include/PE_jac3D_kernel_stencil.hpp:411) to 'kernel_jac3D_kernel_stencil_core' [326]  (2.04 ns)

 <State 13>: 2.04ns
The critical path consists of the following:
	'call' operation ('arg1_result', /home/x_thileeb/repos/ops-hls-pact25-artifact/codegen_apps/jacobian3d/vck5000_project/hls/device/include/PE_jac3D_kernel_stencil.hpp:411) to 'kernel_jac3D_kernel_stencil_core' [326]  (2.04 ns)

 <State 14>: 2.04ns
The critical path consists of the following:
	'call' operation ('arg1_result', /home/x_thileeb/repos/ops-hls-pact25-artifact/codegen_apps/jacobian3d/vck5000_project/hls/device/include/PE_jac3D_kernel_stencil.hpp:411) to 'kernel_jac3D_kernel_stencil_core' [326]  (2.04 ns)

 <State 15>: 2.04ns
The critical path consists of the following:
	'call' operation ('arg1_result', /home/x_thileeb/repos/ops-hls-pact25-artifact/codegen_apps/jacobian3d/vck5000_project/hls/device/include/PE_jac3D_kernel_stencil.hpp:411) to 'kernel_jac3D_kernel_stencil_core' [326]  (2.04 ns)

 <State 16>: 2.04ns
The critical path consists of the following:
	'call' operation ('arg1_result', /home/x_thileeb/repos/ops-hls-pact25-artifact/codegen_apps/jacobian3d/vck5000_project/hls/device/include/PE_jac3D_kernel_stencil.hpp:411) to 'kernel_jac3D_kernel_stencil_core' [326]  (2.04 ns)

 <State 17>: 2.04ns
The critical path consists of the following:
	'call' operation ('arg1_result', /home/x_thileeb/repos/ops-hls-pact25-artifact/codegen_apps/jacobian3d/vck5000_project/hls/device/include/PE_jac3D_kernel_stencil.hpp:411) to 'kernel_jac3D_kernel_stencil_core' [326]  (2.04 ns)

 <State 18>: 2.04ns
The critical path consists of the following:
	'call' operation ('arg1_result', /home/x_thileeb/repos/ops-hls-pact25-artifact/codegen_apps/jacobian3d/vck5000_project/hls/device/include/PE_jac3D_kernel_stencil.hpp:411) to 'kernel_jac3D_kernel_stencil_core' [326]  (2.04 ns)

 <State 19>: 2.04ns
The critical path consists of the following:
	'call' operation ('arg1_result', /home/x_thileeb/repos/ops-hls-pact25-artifact/codegen_apps/jacobian3d/vck5000_project/hls/device/include/PE_jac3D_kernel_stencil.hpp:411) to 'kernel_jac3D_kernel_stencil_core' [326]  (2.04 ns)

 <State 20>: 1.97ns
The critical path consists of the following:
	'call' operation ('arg1_result', /home/x_thileeb/repos/ops-hls-pact25-artifact/codegen_apps/jacobian3d/vck5000_project/hls/device/include/PE_jac3D_kernel_stencil.hpp:411) to 'kernel_jac3D_kernel_stencil_core' [326]  (0.288 ns)
	multiplexor before 'phi' operation ('arg1_result') with incoming values : ('arg0_rowArr_1_1', /home/x_thileeb/repos/ops-hls-pact25-artifact/codegen_apps/jacobian3d/vck5000_project/hls/device/include/PE_jac3D_kernel_stencil.hpp:366) ('arg1_result', /home/x_thileeb/repos/ops-hls-pact25-artifact/codegen_apps/jacobian3d/vck5000_project/hls/device/include/PE_jac3D_kernel_stencil.hpp:411) [331]  (0.468 ns)
	'phi' operation ('arg1_result') with incoming values : ('arg0_rowArr_1_1', /home/x_thileeb/repos/ops-hls-pact25-artifact/codegen_apps/jacobian3d/vck5000_project/hls/device/include/PE_jac3D_kernel_stencil.hpp:366) ('arg1_result', /home/x_thileeb/repos/ops-hls-pact25-artifact/codegen_apps/jacobian3d/vck5000_project/hls/device/include/PE_jac3D_kernel_stencil.hpp:411) [331]  (0 ns)
	fifo write operation ('write_ln174', /tools/Xilinx/Vitis_HLS/2022.1/common/technology/autopilot/hls_stream_39.h:174) on port 'arg0_arg1_streams_14' (/tools/Xilinx/Vitis_HLS/2022.1/common/technology/autopilot/hls_stream_39.h:174) [477]  (1.22 ns)


============================================================
+ Verbose Summary: Binding
============================================================
N/A
* FSMD analyzer results:
  - Output states:
 - Input state : 
  - Chain level:
	State 1
	State 2
	State 3
	State 4
	State 5
	State 6
	State 7
	State 8
	State 9
	State 10
	State 11
	State 12
	State 13
	State 14
	State 15
	State 16
	State 17
	State 18
	State 19
	State 20


============================================================
+ Verbose Summary: Datapath Resource usage 
============================================================
N/A
