INFO-FLOW: Workspace /home/x_thileeb/repos/ops-hls-pact25-artifact/codegen_apps/jacobian3d/vck5000_project/hls/build/hw/temp_dir/datamover_outerloop_0/datamover_outerloop_0/datamover_outerloop_0/solution opened at Sun Jul 26 01:22:15 +03 2026
Execute       send_msg_by_id INFO @200-1505@%s%s  vitis 
INFO: [HLS 200-1505] Using flow_target 'vitis'
Execute       get_config_interface -m_axi_latency 
Execute       send_msg_by_id INFO @200-435@%s%s 'open_solution -flow_target vitis' config_interface -m_axi_latency=64 
INFO: [HLS 200-435] Setting 'open_solution -flow_target vitis' configuration: config_interface -m_axi_latency=64
Execute       config_interface -m_axi_latency=64 
Execute       get_config_interface -m_axi_alignment_byte_size 
Execute       send_msg_by_id INFO @200-435@%s%s 'open_solution -flow_target vitis' config_interface -m_axi_alignment_byte_size=64 
INFO: [HLS 200-435] Setting 'open_solution -flow_target vitis' configuration: config_interface -m_axi_alignment_byte_size=64
Execute       config_interface -m_axi_alignment_byte_size=64 
Execute       get_config_interface -m_axi_max_widen_bitwidth 
Execute       send_msg_by_id INFO @200-435@%s%s 'open_solution -flow_target vitis' config_interface -m_axi_max_widen_bitwidth=512 
INFO: [HLS 200-435] Setting 'open_solution -flow_target vitis' configuration: config_interface -m_axi_max_widen_bitwidth=512
Execute       config_interface -m_axi_max_widen_bitwidth=512 
Execute       get_config_interface -default_interface 
INFO-FLOW: Setting macro_cmd open_solution -flow_target vitis configuration: config_interface -default_interface=kernel
Execute       config_interface -default_interface=kernel 
Execute       get_config_rtl -register_reset_num 
Execute       send_msg_by_id INFO @200-435@%s%s 'open_solution -flow_target vitis' config_rtl -register_reset_num=3 
INFO: [HLS 200-435] Setting 'open_solution -flow_target vitis' configuration: config_rtl -register_reset_num=3
Execute       config_rtl -register_reset_num=3 
Execute     set_part xcvc1902-vsvd1760-2MP-e-S 
INFO: [HLS 200-1510] Running: set_part xcvc1902-vsvd1760-2MP-e-S 
Execute       create_platform xcvc1902-vsvd1760-2MP-e-S -board  
DBG:HLSDevice: Trying to load device library: /tools/Xilinx/Vitis_HLS/2022.1/lib/lnx64.o/librdi_hlsvwrap.so
DBG:HLSDevice: first parts/arch.xml in RDI_DATADIR: /tools/Xilinx/Vivado/2022.1/data/parts/arch.xml
DBG:HLSDevice: init success
INFO: [HLS 200-1611] Setting target device to 'xcvc1902-vsvd1760-2MP-e-S'
Command       create_platform done; 3.17 sec.
Execute       source /tools/Xilinx/Vitis_HLS/2022.1/common/technology/xilinx/common/xilinx.gen 
Execute         source /tools/Xilinx/Vitis_HLS/2022.1/common/technology/xilinx/interface/plb46.gen 
Execute         source /tools/Xilinx/Vitis_HLS/2022.1/common/technology/xilinx/interface/axi4.gen 
Execute         source /tools/Xilinx/Vitis_HLS/2022.1/common/technology/xilinx/interface/nativeAXI4.gen 
Execute           source /tools/Xilinx/Vitis_HLS/2022.1/common/technology/xilinx/interface/saxilite.gen 
Execute         source /tools/Xilinx/Vitis_HLS/2022.1/common/technology/xilinx/scripts/xilinxcoregen.gen 
Execute         source /tools/Xilinx/Vitis_HLS/2022.1/common/technology/xilinx/interface/XilEDKCoreGen.gen 
Execute         source /tools/Xilinx/Vitis_HLS/2022.1/common/technology/xilinx/ip/dds_compiler.gen 
Execute         source /tools/Xilinx/Vitis_HLS/2022.1/common/technology/xilinx/ip/xfft.gen 
Command         ap_source done; 0.13 sec.
Execute         source /tools/Xilinx/Vitis_HLS/2022.1/common/technology/xilinx/ip/xfir.gen 
Execute         source /tools/Xilinx/Vitis_HLS/2022.1/common/technology/xilinx/ip/util.gen 
Execute         source /tools/Xilinx/Vitis_HLS/2022.1/common/technology/xilinx/DSP48/dsp48.gen 
Command       ap_source done; 0.16 sec.
Execute       ap_part_info -name xcvc1902-vsvd1760-2MP-e-S -data info 
Execute       config_compile -quiet -complex-mul-dsp=1 
Command     set_part done; 3.35 sec.
Execute     create_clock -period 299.996999MHz -name default 
INFO: [HLS 200-1510] Running: create_clock -period 299.996999MHz -name default 
Execute       ap_set_clock -name default -period 3.333 -unit ns -default=false 
INFO: [SYN 201-201] Setting up clock 'default' with a period of 3.333ns.
Execute     config_dataflow -strict_mode warning 
INFO: [HLS 200-1510] Running: config_dataflow -strict_mode warning 
Execute     config_export -deadlock_detection sim 
INFO: [HLS 200-1510] Running: config_export -deadlock_detection sim 
WARNING: [HLS 200-483] The 'config_export -deadlock_detection' command is deprecated and will be removed in a future release. Use 'config_rtl -deadlock_detection' as its replacement.
INFO: [HLS 200-1907] Replacing 'config_export -deadlock_detection=sim' with 'config_rtl -deadlock_detection=sim' in current solution file
Execute     config_interface -m_axi_conservative_mode=1 
INFO: [HLS 200-1510] Running: config_interface -m_axi_conservative_mode=1 
Execute     config_interface -m_axi_addr64 
INFO: [HLS 200-1510] Running: config_interface -m_axi_addr64 
Execute     config_interface -m_axi_auto_max_ports=0 
INFO: [HLS 200-1510] Running: config_interface -m_axi_auto_max_ports=0 
Execute     config_export -format xo -ipname datamover_outerloop_0 
INFO: [HLS 200-1510] Running: config_export -format xo -ipname datamover_outerloop_0 
INFO: [HLS 200-1907] Replacing 'config_export -deadlock_detection=sim' with 'config_rtl -deadlock_detection=sim' in current solution file
Execute     csynth_design 
INFO: [HLS 200-1510] Running: csynth_design 
Execute       get_config_compile -effort 
Execute       get_config_compile -enable_clang39 
Execute       get_config_compile -g 
Execute       get_config_compile -hw_syn 
Execute       get_config_compile -ng 
Execute       get_config_compile -opt_fp 
Execute       get_config_compile -skip_cdt 
Execute       get_config_compile -skip_syncheck 
Execute       get_config_compile -skip_transform 
Execute       get_config_compile -pre_tcl 
Execute       get_config_compile -keep_printf 
Execute       elaborate -effort=medium -skip_syncheck=0 -keep_printf=0 -skip_cdt=0 -skip_transform=0 -ng=0 -g=0 -opt_fp=0 -from_csynth_design=1 
INFO: [HLS 200-111] Finished File checks and directory preparation: CPU user time: 0.02 seconds. CPU system time: 0 seconds. Elapsed time: 0.01 seconds; current allocated memory: 1.458 GB.
INFO: [HLS 200-10] Analyzing design file '/home/x_thileeb/repos/ops-hls-pact25-artifact/codegen_apps/jacobian3d/vck5000_project/hls/device/src/datamover_outerloop_0.cpp' ... 
INFO-FLOW: Compiling one TU...
Execute         get_config_compile -pragma_strict_mode 
INFO-FLOW: Handling /home/x_thileeb/repos/ops-hls-pact25-artifact/codegen_apps/jacobian3d/vck5000_project/hls/device/src/datamover_outerloop_0.cpp as C++
Execute         ap_part_info -name xcvc1902-vsvd1760-2MP-e-S -data info 
INFO-FLOW: Running: GCC PP 39
INFO-FLOW: Source preprocessing
Execute         ap_eval exec -ignorestderr /tools/Xilinx/Vitis_HLS/2022.1/lnx64/tools/clang-3.9-csynth/bin/clang /home/x_thileeb/repos/ops-hls-pact25-artifact/codegen_apps/jacobian3d/vck5000_project/hls/device/src/datamover_outerloop_0.cpp -foptimization-record-file=/home/x_thileeb/repos/ops-hls-pact25-artifact/codegen_apps/jacobian3d/vck5000_project/hls/build/hw/temp_dir/datamover_outerloop_0/datamover_outerloop_0/datamover_outerloop_0/solution/.autopilot/db/datamover_outerloop_0.cpp.clang.diag.yml -mllvm -pass-remarks-missed=reflow|pasta|unroll -mllvm -pass-remarks=reflow|pasta|unroll|inline -fno-limit-debug-info -gcc-toolchain /tools/Xilinx/Vitis_HLS/2022.1/tps/lnx64/gcc-8.3.0 -fhls -fno-exceptions -E -I/home/x_thileeb/repos/ops-hls-pact25-artifact/OPS/ops/hls/include/device -I/home/x_thileeb/repos/ops-hls-pact25-artifact/OPS/ops/hls/L1/include -I/home/x_thileeb/repos/ops-hls-pact25-artifact/codegen_apps/jacobian3d/vck5000_project/hls/device/include -fno-math-errno -c -emit-llvm -mllvm -disable-llvm-optzns -Werror=implicit-function-declaration -Werror=implicit-hls-streams -Werror=return-type -Wpragmas -Wunused-parameter -Wdump-hls-pragmas -fno-threadsafe-statics -fno-use-cxa-atexit -std=gnu++14 -target fpga64-xilinx-linux-gnu -fno-threadsafe-statics -fno-use-cxa-atexit -D__VITIS_HLS__ -DAESL_SYN -D__SYNTHESIS__ -D__HLS_SYN__ -I /tools/Xilinx/Vitis_HLS/2022.1/common/technology/autopilot -I /tools/Xilinx/Vitis_HLS/2022.1/common/technology/autopilot/ap_sysc -include etc/autopilot_ssdm_op.h -D__DSP58_PRIMARY__ -I /usr/include/x86_64-linux-gnu -o /home/x_thileeb/repos/ops-hls-pact25-artifact/codegen_apps/jacobian3d/vck5000_project/hls/build/hw/temp_dir/datamover_outerloop_0/datamover_outerloop_0/datamover_outerloop_0/solution/.autopilot/db/datamover_outerloop_0.pp.0.cpp -hls-platform-db-name=/tools/Xilinx/Vitis_HLS/2022.1/common/technology/xilinx/common/platform.db -hls-platform-name=versal_medium -device-resource-info=BRAM_1934.000000_DSP_1968.000000_FF_1799680.000000_LUT_899840.000000_SLICE_112480.000000_URAM_463.000000 > /home/x_thileeb/repos/ops-hls-pact25-artifact/codegen_apps/jacobian3d/vck5000_project/hls/build/hw/temp_dir/datamover_outerloop_0/datamover_outerloop_0/datamover_outerloop_0/solution/.autopilot/db/datamover_outerloop_0.cpp.clang.out.log 2> /home/x_thileeb/repos/ops-hls-pact25-artifact/codegen_apps/jacobian3d/vck5000_project/hls/build/hw/temp_dir/datamover_outerloop_0/datamover_outerloop_0/datamover_outerloop_0/solution/.autopilot/db/datamover_outerloop_0.cpp.clang.err.log 
Command         ap_eval done; 0.33 sec.
INFO-FLOW: Done: GCC PP 39 time: 0.3 seconds per iteration
Execute         set_directive_top datamover_outerloop_0 -name=datamover_outerloop_0 
Execute         source /tools/Xilinx/Vitis_HLS/2022.1/tps/tcl/tcllib1.11.1/yaml/huddle.tcl 
Execute         source /tools/Xilinx/Vitis_HLS/2022.1/tps/tcl/tcllib1.11.1/yaml/json2huddle.tcl 
INFO-FLOW: Source syntax check for synthesis
Execute         ap_eval exec -ignorestderr /tools/Xilinx/Vitis_HLS/2022.1/lnx64/tools/clang-3.9-csynth/bin/clang -foptimization-record-file=/home/x_thileeb/repos/ops-hls-pact25-artifact/codegen_apps/jacobian3d/vck5000_project/hls/build/hw/temp_dir/datamover_outerloop_0/datamover_outerloop_0/datamover_outerloop_0/solution/.autopilot/db/clang.diag.yml -mllvm -pass-remarks-missed=reflow|pasta|unroll -mllvm -pass-remarks=reflow|pasta|unroll|inline -fsyntax-only -fhls -target fpga64-xilinx-linux-gnu /home/x_thileeb/repos/ops-hls-pact25-artifact/codegen_apps/jacobian3d/vck5000_project/hls/build/hw/temp_dir/datamover_outerloop_0/datamover_outerloop_0/datamover_outerloop_0/solution/.autopilot/db/datamover_outerloop_0.pp.0.cpp -hls-platform-db-name=/tools/Xilinx/Vitis_HLS/2022.1/common/technology/xilinx/common/platform.db -hls-platform-name=versal_medium -device-resource-info=BRAM_1934.000000_DSP_1968.000000_FF_1799680.000000_LUT_899840.000000_SLICE_112480.000000_URAM_463.000000 > /home/x_thileeb/repos/ops-hls-pact25-artifact/codegen_apps/jacobian3d/vck5000_project/hls/build/hw/temp_dir/datamover_outerloop_0/datamover_outerloop_0/datamover_outerloop_0/solution/.autopilot/db/clang.out.log 2> /home/x_thileeb/repos/ops-hls-pact25-artifact/codegen_apps/jacobian3d/vck5000_project/hls/build/hw/temp_dir/datamover_outerloop_0/datamover_outerloop_0/datamover_outerloop_0/solution/.autopilot/db/clang.err.log 
Command         ap_eval done; 0.82 sec.
WARNING: [HLS 207-4785] attribute 'deprecated' is ignored, place it after "struct" to apply attribute to type declaration (/home/x_thileeb/repos/ops-hls-pact25-artifact/OPS/ops/hls/L1/include/ops_hls_defs.hpp:105:16)
WARNING: [HLS 207-5546] missing argument for 'max' (/home/x_thileeb/repos/ops-hls-pact25-artifact/OPS/ops/hls/include/device/../../L1/include/ops_hls_datamover.hpp:234:9)
WARNING: [HLS 207-5546] missing argument for 'max' (/home/x_thileeb/repos/ops-hls-pact25-artifact/OPS/ops/hls/include/device/../../L1/include/ops_hls_datamover.hpp:372:9)
WARNING: [HLS 207-5546] missing argument for 'max' (/home/x_thileeb/repos/ops-hls-pact25-artifact/OPS/ops/hls/include/device/../../L1/include/ops_hls_datamover.hpp:1478:9)
WARNING: [HLS 207-5546] missing argument for 'max' (/home/x_thileeb/repos/ops-hls-pact25-artifact/OPS/ops/hls/include/device/../../L1/include/ops_hls_datamover.hpp:2092:9)
WARNING: [HLS 207-4949] logical not is only applied to the left hand side of this comparison (/home/x_thileeb/repos/ops-hls-pact25-artifact/OPS/ops/hls/include/device/../../L1/include/ops_hls_datamover.hpp:2197:80)
INFO: [HLS 207-4281] add parentheses after the '!' to evaluate the comparison first (/home/x_thileeb/repos/ops-hls-pact25-artifact/OPS/ops/hls/include/device/../../L1/include/ops_hls_datamover.hpp:2197:80)
INFO: [HLS 207-4282] add parentheses around left hand side expression to silence this warning (/home/x_thileeb/repos/ops-hls-pact25-artifact/OPS/ops/hls/include/device/../../L1/include/ops_hls_datamover.hpp:2197:80)
WARNING: [HLS 207-4949] logical not is only applied to the left hand side of this comparison (/home/x_thileeb/repos/ops-hls-pact25-artifact/OPS/ops/hls/include/device/../../L1/include/ops_hls_datamover.hpp:2468:80)
INFO: [HLS 207-4281] add parentheses after the '!' to evaluate the comparison first (/home/x_thileeb/repos/ops-hls-pact25-artifact/OPS/ops/hls/include/device/../../L1/include/ops_hls_datamover.hpp:2468:80)
INFO: [HLS 207-4282] add parentheses around left hand side expression to silence this warning (/home/x_thileeb/repos/ops-hls-pact25-artifact/OPS/ops/hls/include/device/../../L1/include/ops_hls_datamover.hpp:2468:80)
Execute         clang_tidy xilinx-systemc-detector -desc systemc-detector /home/x_thileeb/repos/ops-hls-pact25-artifact/codegen_apps/jacobian3d/vck5000_project/hls/build/hw/temp_dir/datamover_outerloop_0/datamover_outerloop_0/datamover_outerloop_0/solution/.autopilot/db/datamover_outerloop_0.pp.0.cpp std=gnu++14 -target fpga  -directive=/home/x_thileeb/repos/ops-hls-pact25-artifact/codegen_apps/jacobian3d/vck5000_project/hls/build/hw/temp_dir/datamover_outerloop_0/datamover_outerloop_0/datamover_outerloop_0/solution/.autopilot/db/.systemc_flag 
INFO-FLOW: exec /tools/Xilinx/Vitis_HLS/2022.1/lnx64/tools/clang-3.9-csynth/bin/clang-tidy -header-filter=.* --checks=-*,xilinx-systemc-detector -import-directive=/home/x_thileeb/repos/ops-hls-pact25-artifact/codegen_apps/jacobian3d/vck5000_project/hls/build/hw/temp_dir/datamover_outerloop_0/datamover_outerloop_0/datamover_outerloop_0/solution/.autopilot/db/.systemc_flag -fix-errors /home/x_thileeb/repos/ops-hls-pact25-artifact/codegen_apps/jacobian3d/vck5000_project/hls/build/hw/temp_dir/datamover_outerloop_0/datamover_outerloop_0/datamover_outerloop_0/solution/.autopilot/db/datamover_outerloop_0.pp.0.cpp -- -std=gnu++14 -target fpga -fhls -ferror-limit=0
Command         clang_tidy done; 0.52 sec.
INFO-FLOW: Running: clang-tidy CDT preprocess 39
Execute         clang_tidy xilinx-directive2pragma -desc directive2pragma /home/x_thileeb/repos/ops-hls-pact25-artifact/codegen_apps/jacobian3d/vck5000_project/hls/build/hw/temp_dir/datamover_outerloop_0/datamover_outerloop_0/datamover_outerloop_0/solution/.autopilot/db/datamover_outerloop_0.pp.0.cpp std=gnu++14 -target fpga  -directive=/home/x_thileeb/repos/ops-hls-pact25-artifact/codegen_apps/jacobian3d/vck5000_project/hls/build/hw/temp_dir/datamover_outerloop_0/datamover_outerloop_0/datamover_outerloop_0/solution/.autopilot/db/all.directive.json 
INFO-FLOW: exec /tools/Xilinx/Vitis_HLS/2022.1/lnx64/tools/clang-3.9-csynth/bin/clang-tidy -header-filter=.* --checks=-*,xilinx-directive2pragma -import-directive=/home/x_thileeb/repos/ops-hls-pact25-artifact/codegen_apps/jacobian3d/vck5000_project/hls/build/hw/temp_dir/datamover_outerloop_0/datamover_outerloop_0/datamover_outerloop_0/solution/.autopilot/db/all.directive.json -fix-errors /home/x_thileeb/repos/ops-hls-pact25-artifact/codegen_apps/jacobian3d/vck5000_project/hls/build/hw/temp_dir/datamover_outerloop_0/datamover_outerloop_0/datamover_outerloop_0/solution/.autopilot/db/datamover_outerloop_0.pp.0.cpp -- -std=gnu++14 -target fpga -fhls -ferror-limit=0
Command         clang_tidy done; 1.05 sec.
Execute         clang_tidy xilinx-remove-assert -desc remove-assert /home/x_thileeb/repos/ops-hls-pact25-artifact/codegen_apps/jacobian3d/vck5000_project/hls/build/hw/temp_dir/datamover_outerloop_0/datamover_outerloop_0/datamover_outerloop_0/solution/.autopilot/db/datamover_outerloop_0.pp.0.cpp std=gnu++14 -target fpga  
INFO-FLOW: exec /tools/Xilinx/Vitis_HLS/2022.1/lnx64/tools/clang-3.9-csynth/bin/clang-tidy -header-filter=.* --checks=-*,xilinx-remove-assert -fix-errors /home/x_thileeb/repos/ops-hls-pact25-artifact/codegen_apps/jacobian3d/vck5000_project/hls/build/hw/temp_dir/datamover_outerloop_0/datamover_outerloop_0/datamover_outerloop_0/solution/.autopilot/db/datamover_outerloop_0.pp.0.cpp -- -std=gnu++14 -target fpga -fhls -ferror-limit=0
Command         clang_tidy done; 0.81 sec.
INFO-FLOW: Done: clang-tidy CDT preprocess 39 time: 1.9 seconds per iteration
INFO-FLOW: Calling xilinx-label-all-loops ... 
INFO-FLOW: Calling xilinx-aggregate-on-hls-vector ... 
Execute         clang_tidy -errorcheck -desc loop-label xilinx-label-all-loops,xilinx-aggregate-on-hls-vector,,xilinx-warn-mayneed-no-ctor-attribute /home/x_thileeb/repos/ops-hls-pact25-artifact/codegen_apps/jacobian3d/vck5000_project/hls/build/hw/temp_dir/datamover_outerloop_0/datamover_outerloop_0/datamover_outerloop_0/solution/.autopilot/db/datamover_outerloop_0.pp.0.cpp std=gnu++14 -target fpga  
Execute           ap_eval exec -ignorestderr /tools/Xilinx/Vitis_HLS/2022.1/lnx64/tools/clang-3.9-csynth/bin/clang-tidy -export-fixes=/home/x_thileeb/repos/ops-hls-pact25-artifact/codegen_apps/jacobian3d/vck5000_project/hls/build/hw/temp_dir/datamover_outerloop_0/datamover_outerloop_0/datamover_outerloop_0/solution/.autopilot/db/datamover_outerloop_0.pp.0.cpp.clang-tidy.loop-label.diag.yml -header-filter=.* --checks=-*,xilinx-label-all-loops,xilinx-aggregate-on-hls-vector,,xilinx-warn-mayneed-no-ctor-attribute -fix-errors /home/x_thileeb/repos/ops-hls-pact25-artifact/codegen_apps/jacobian3d/vck5000_project/hls/build/hw/temp_dir/datamover_outerloop_0/datamover_outerloop_0/datamover_outerloop_0/solution/.autopilot/db/datamover_outerloop_0.pp.0.cpp -- -std=gnu++14 -target fpga -fhls -ferror-limit=0 > /home/x_thileeb/repos/ops-hls-pact25-artifact/codegen_apps/jacobian3d/vck5000_project/hls/build/hw/temp_dir/datamover_outerloop_0/datamover_outerloop_0/datamover_outerloop_0/solution/.autopilot/db/datamover_outerloop_0.pp.0.cpp.clang-tidy.loop-label.out.log 2> /home/x_thileeb/repos/ops-hls-pact25-artifact/codegen_apps/jacobian3d/vck5000_project/hls/build/hw/temp_dir/datamover_outerloop_0/datamover_outerloop_0/datamover_outerloop_0/solution/.autopilot/db/datamover_outerloop_0.pp.0.cpp.clang-tidy.loop-label.err.log 
Command           ap_eval done; 1.43 sec.
Execute           source /tools/Xilinx/Vitis_HLS/2022.1/tps/tcl/tcllib1.11.1/yaml/yaml.tcl 
Command         clang_tidy done; 1.75 sec.
Execute         get_config_dataflow -strict_mode 
Execute         ap_eval exec -ignorestderr /tools/Xilinx/Vitis_HLS/2022.1/lnx64/tools/clang-3.9-csynth/bin/xilinx-dataflow-lawyer -export-fixes=/home/x_thileeb/repos/ops-hls-pact25-artifact/codegen_apps/jacobian3d/vck5000_project/hls/build/hw/temp_dir/datamover_outerloop_0/datamover_outerloop_0/datamover_outerloop_0/solution/.autopilot/db/datamover_outerloop_0.pp.0.cpp.xilinx-dataflow-lawyer.diag.yml /home/x_thileeb/repos/ops-hls-pact25-artifact/codegen_apps/jacobian3d/vck5000_project/hls/build/hw/temp_dir/datamover_outerloop_0/datamover_outerloop_0/datamover_outerloop_0/solution/.autopilot/db/datamover_outerloop_0.pp.0.cpp -- -std=gnu++14 -target fpga -fhls -ferror-limit=0 -fstrict-dataflow > /home/x_thileeb/repos/ops-hls-pact25-artifact/codegen_apps/jacobian3d/vck5000_project/hls/build/hw/temp_dir/datamover_outerloop_0/datamover_outerloop_0/datamover_outerloop_0/solution/.autopilot/db/datamover_outerloop_0.pp.0.cpp.xilinx-dataflow-lawyer.out.log 2> /home/x_thileeb/repos/ops-hls-pact25-artifact/codegen_apps/jacobian3d/vck5000_project/hls/build/hw/temp_dir/datamover_outerloop_0/datamover_outerloop_0/datamover_outerloop_0/solution/.autopilot/db/datamover_outerloop_0.pp.0.cpp.xilinx-dataflow-lawyer.err.log 
Command         ap_eval done; 0.61 sec.
Execute         ap_part_info -name xcvc1902-vsvd1760-2MP-e-S -data info 
INFO-FLOW: compiling source code to llvm bc
Execute         ap_eval exec -ignorestderr /tools/Xilinx/Vitis_HLS/2022.1/lnx64/tools/clang-3.9-csynth/bin/clang -foptimization-record-file=/home/x_thileeb/repos/ops-hls-pact25-artifact/codegen_apps/jacobian3d/vck5000_project/hls/build/hw/temp_dir/datamover_outerloop_0/datamover_outerloop_0/datamover_outerloop_0/solution/.autopilot/db/datamover_outerloop_0.pp.0.cpp.clang.diag.yml -mllvm -pass-remarks-missed=reflow|pasta|unroll -mllvm -pass-remarks=reflow|pasta|unroll|inline -fno-limit-debug-info -fhls -flto -fno-exceptions -Wno-error=c++11-narrowing /home/x_thileeb/repos/ops-hls-pact25-artifact/codegen_apps/jacobian3d/vck5000_project/hls/build/hw/temp_dir/datamover_outerloop_0/datamover_outerloop_0/datamover_outerloop_0/solution/.autopilot/db/datamover_outerloop_0.pp.0.cpp -I/home/x_thileeb/repos/ops-hls-pact25-artifact/OPS/ops/hls/include/device -I/home/x_thileeb/repos/ops-hls-pact25-artifact/OPS/ops/hls/L1/include -I/home/x_thileeb/repos/ops-hls-pact25-artifact/codegen_apps/jacobian3d/vck5000_project/hls/device/include -fno-math-errno -c -emit-llvm -mllvm -disable-llvm-optzns -Werror=implicit-function-declaration -Werror=implicit-hls-streams -Werror=return-type -Wpragmas -Wunused-parameter -Wdump-hls-pragmas -fno-threadsafe-statics -fno-use-cxa-atexit -std=gnu++14 -target fpga64-xilinx-linux-gnu -D__VITIS_HLS__ -DAESL_SYN -D__SYNTHESIS__ -D__HLS_SYN__ -I /tools/Xilinx/Vitis_HLS/2022.1/common/technology/autopilot -I /tools/Xilinx/Vitis_HLS/2022.1/common/technology/autopilot/ap_sysc -include etc/autopilot_ssdm_op.h -D__DSP58_PRIMARY__ -g -o /home/x_thileeb/repos/ops-hls-pact25-artifact/codegen_apps/jacobian3d/vck5000_project/hls/build/hw/temp_dir/datamover_outerloop_0/datamover_outerloop_0/datamover_outerloop_0/solution/.autopilot/db/datamover_outerloop_0.bc -hls-platform-db-name=/tools/Xilinx/Vitis_HLS/2022.1/common/technology/xilinx/common/platform.db -hls-platform-name=versal_medium -device-resource-info=BRAM_1934.000000_DSP_1968.000000_FF_1799680.000000_LUT_899840.000000_SLICE_112480.000000_URAM_463.000000 > /home/x_thileeb/repos/ops-hls-pact25-artifact/codegen_apps/jacobian3d/vck5000_project/hls/build/hw/temp_dir/datamover_outerloop_0/datamover_outerloop_0/datamover_outerloop_0/solution/.autopilot/db/datamover_outerloop_0.pp.0.cpp.clang.out.log 2> /home/x_thileeb/repos/ops-hls-pact25-artifact/codegen_apps/jacobian3d/vck5000_project/hls/build/hw/temp_dir/datamover_outerloop_0/datamover_outerloop_0/datamover_outerloop_0/solution/.autopilot/db/datamover_outerloop_0.pp.0.cpp.clang.err.log 
Command         ap_eval done; 0.72 sec.
WARNING: [HLS 207-5292] unused parameter 'size' (/home/x_thileeb/repos/ops-hls-pact25-artifact/OPS/ops/hls/include/device/../../L1/include/ops_hls_datamover.hpp:189:20)
WARNING: [HLS 207-5292] unused parameter 'size' (/home/x_thileeb/repos/ops-hls-pact25-artifact/OPS/ops/hls/include/device/../../L1/include/ops_hls_datamover.hpp:326:20)
INFO: [HLS 200-111] Finished Source Code Analysis and Preprocessing: CPU user time: 5.79 seconds. CPU system time: 1.38 seconds. Elapsed time: 6.93 seconds; current allocated memory: 465.152 MB.
INFO-FLOW: Linking Debug ...
INFO-FLOW: Linking dut bc code.
Execute         run_link_or_opt -out /home/x_thileeb/repos/ops-hls-pact25-artifact/codegen_apps/jacobian3d/vck5000_project/hls/build/hw/temp_dir/datamover_outerloop_0/datamover_outerloop_0/datamover_outerloop_0/solution/.autopilot/db/a.g.ld.0.bc -args  "/home/x_thileeb/repos/ops-hls-pact25-artifact/codegen_apps/jacobian3d/vck5000_project/hls/build/hw/temp_dir/datamover_outerloop_0/datamover_outerloop_0/datamover_outerloop_0/solution/.autopilot/db/datamover_outerloop_0.g.bc"  
Execute           ap_eval exec -ignorestderr /tools/Xilinx/Vitis_HLS/2022.1/lnx64/tools/clang-3.9-csynth/bin/llvm-link /home/x_thileeb/repos/ops-hls-pact25-artifact/codegen_apps/jacobian3d/vck5000_project/hls/build/hw/temp_dir/datamover_outerloop_0/datamover_outerloop_0/datamover_outerloop_0/solution/.autopilot/db/datamover_outerloop_0.g.bc -o /home/x_thileeb/repos/ops-hls-pact25-artifact/codegen_apps/jacobian3d/vck5000_project/hls/build/hw/temp_dir/datamover_outerloop_0/datamover_outerloop_0/datamover_outerloop_0/solution/.autopilot/db/a.g.ld.0.bc > /home/x_thileeb/repos/ops-hls-pact25-artifact/codegen_apps/jacobian3d/vck5000_project/hls/build/hw/temp_dir/datamover_outerloop_0/datamover_outerloop_0/datamover_outerloop_0/solution/.autopilot/db/a.g.ld.0.bc.llvm-link.out.log 2> /home/x_thileeb/repos/ops-hls-pact25-artifact/codegen_apps/jacobian3d/vck5000_project/hls/build/hw/temp_dir/datamover_outerloop_0/datamover_outerloop_0/datamover_outerloop_0/solution/.autopilot/db/a.g.ld.0.bc.llvm-link.err.log 
INFO-FLOW: 
Execute         run_link_or_opt -opt -out /home/x_thileeb/repos/ops-hls-pact25-artifact/codegen_apps/jacobian3d/vck5000_project/hls/build/hw/temp_dir/datamover_outerloop_0/datamover_outerloop_0/datamover_outerloop_0/solution/.autopilot/db/a.g.ld.1.lower.bc -args /home/x_thileeb/repos/ops-hls-pact25-artifact/codegen_apps/jacobian3d/vck5000_project/hls/build/hw/temp_dir/datamover_outerloop_0/datamover_outerloop_0/datamover_outerloop_0/solution/.autopilot/db/a.g.ld.0.bc -reflow-lower-math-intrinsics 
Execute           ap_eval exec -ignorestderr /tools/Xilinx/Vitis_HLS/2022.1/lnx64/tools/clang-3.9-csynth/bin/opt -pass-remarks-missed=reflow|pasta|unroll -pass-remarks=reflow|pasta|unroll|inline -pass-remarks-output=/home/x_thileeb/repos/ops-hls-pact25-artifact/codegen_apps/jacobian3d/vck5000_project/hls/build/hw/temp_dir/datamover_outerloop_0/datamover_outerloop_0/datamover_outerloop_0/solution/.autopilot/db/a.g.ld.1.lower.bc.opt.diag.yml /home/x_thileeb/repos/ops-hls-pact25-artifact/codegen_apps/jacobian3d/vck5000_project/hls/build/hw/temp_dir/datamover_outerloop_0/datamover_outerloop_0/datamover_outerloop_0/solution/.autopilot/db/a.g.ld.0.bc -reflow-lower-math-intrinsics -o /home/x_thileeb/repos/ops-hls-pact25-artifact/codegen_apps/jacobian3d/vck5000_project/hls/build/hw/temp_dir/datamover_outerloop_0/datamover_outerloop_0/datamover_outerloop_0/solution/.autopilot/db/a.g.ld.1.lower.bc > /home/x_thileeb/repos/ops-hls-pact25-artifact/codegen_apps/jacobian3d/vck5000_project/hls/build/hw/temp_dir/datamover_outerloop_0/datamover_outerloop_0/datamover_outerloop_0/solution/.autopilot/db/a.g.ld.1.lower.bc.opt.out.log 2> /home/x_thileeb/repos/ops-hls-pact25-artifact/codegen_apps/jacobian3d/vck5000_project/hls/build/hw/temp_dir/datamover_outerloop_0/datamover_outerloop_0/datamover_outerloop_0/solution/.autopilot/db/a.g.ld.1.lower.bc.opt.err.log 
INFO-FLOW: 
INFO-FLOW: Linking math bc lib
Execute         run_link_or_opt -out /home/x_thileeb/repos/ops-hls-pact25-artifact/codegen_apps/jacobian3d/vck5000_project/hls/build/hw/temp_dir/datamover_outerloop_0/datamover_outerloop_0/datamover_outerloop_0/solution/.autopilot/db/a.g.ld.2.m1.bc -args /home/x_thileeb/repos/ops-hls-pact25-artifact/codegen_apps/jacobian3d/vck5000_project/hls/build/hw/temp_dir/datamover_outerloop_0/datamover_outerloop_0/datamover_outerloop_0/solution/.autopilot/db/a.g.ld.1.lower.bc -only-needed /tools/Xilinx/Vitis_HLS/2022.1/lnx64/lib/libhlsm_39.bc /tools/Xilinx/Vitis_HLS/2022.1/lnx64/lib/libhlsmc++_39.bc 
Execute           ap_eval exec -ignorestderr /tools/Xilinx/Vitis_HLS/2022.1/lnx64/tools/clang-3.9-csynth/bin/llvm-link /home/x_thileeb/repos/ops-hls-pact25-artifact/codegen_apps/jacobian3d/vck5000_project/hls/build/hw/temp_dir/datamover_outerloop_0/datamover_outerloop_0/datamover_outerloop_0/solution/.autopilot/db/a.g.ld.1.lower.bc -only-needed /tools/Xilinx/Vitis_HLS/2022.1/lnx64/lib/libhlsm_39.bc /tools/Xilinx/Vitis_HLS/2022.1/lnx64/lib/libhlsmc++_39.bc -o /home/x_thileeb/repos/ops-hls-pact25-artifact/codegen_apps/jacobian3d/vck5000_project/hls/build/hw/temp_dir/datamover_outerloop_0/datamover_outerloop_0/datamover_outerloop_0/solution/.autopilot/db/a.g.ld.2.m1.bc > /home/x_thileeb/repos/ops-hls-pact25-artifact/codegen_apps/jacobian3d/vck5000_project/hls/build/hw/temp_dir/datamover_outerloop_0/datamover_outerloop_0/datamover_outerloop_0/solution/.autopilot/db/a.g.ld.2.m1.bc.llvm-link.out.log 2> /home/x_thileeb/repos/ops-hls-pact25-artifact/codegen_apps/jacobian3d/vck5000_project/hls/build/hw/temp_dir/datamover_outerloop_0/datamover_outerloop_0/datamover_outerloop_0/solution/.autopilot/db/a.g.ld.2.m1.bc.llvm-link.err.log 
Command           ap_eval done; 3.07 sec.
INFO-FLOW: 
Command         run_link_or_opt done; 3.07 sec.
Execute         run_link_or_opt -opt -out /home/x_thileeb/repos/ops-hls-pact25-artifact/codegen_apps/jacobian3d/vck5000_project/hls/build/hw/temp_dir/datamover_outerloop_0/datamover_outerloop_0/datamover_outerloop_0/solution/.autopilot/db/a.g.ld.3.fpc.bc -args /home/x_thileeb/repos/ops-hls-pact25-artifact/codegen_apps/jacobian3d/vck5000_project/hls/build/hw/temp_dir/datamover_outerloop_0/datamover_outerloop_0/datamover_outerloop_0/solution/.autopilot/db/a.g.ld.2.m1.bc -reflow-globaldce -hls-top-function-name=datamover_outerloop_0 -reflow-float-conversion 
Execute           ap_eval exec -ignorestderr /tools/Xilinx/Vitis_HLS/2022.1/lnx64/tools/clang-3.9-csynth/bin/opt -pass-remarks-missed=reflow|pasta|unroll -pass-remarks=reflow|pasta|unroll|inline -pass-remarks-output=/home/x_thileeb/repos/ops-hls-pact25-artifact/codegen_apps/jacobian3d/vck5000_project/hls/build/hw/temp_dir/datamover_outerloop_0/datamover_outerloop_0/datamover_outerloop_0/solution/.autopilot/db/a.g.ld.3.fpc.bc.opt.diag.yml /home/x_thileeb/repos/ops-hls-pact25-artifact/codegen_apps/jacobian3d/vck5000_project/hls/build/hw/temp_dir/datamover_outerloop_0/datamover_outerloop_0/datamover_outerloop_0/solution/.autopilot/db/a.g.ld.2.m1.bc -reflow-globaldce -hls-top-function-name=datamover_outerloop_0 -reflow-float-conversion -o /home/x_thileeb/repos/ops-hls-pact25-artifact/codegen_apps/jacobian3d/vck5000_project/hls/build/hw/temp_dir/datamover_outerloop_0/datamover_outerloop_0/datamover_outerloop_0/solution/.autopilot/db/a.g.ld.3.fpc.bc > /home/x_thileeb/repos/ops-hls-pact25-artifact/codegen_apps/jacobian3d/vck5000_project/hls/build/hw/temp_dir/datamover_outerloop_0/datamover_outerloop_0/datamover_outerloop_0/solution/.autopilot/db/a.g.ld.3.fpc.bc.opt.out.log 2> /home/x_thileeb/repos/ops-hls-pact25-artifact/codegen_apps/jacobian3d/vck5000_project/hls/build/hw/temp_dir/datamover_outerloop_0/datamover_outerloop_0/datamover_outerloop_0/solution/.autopilot/db/a.g.ld.3.fpc.bc.opt.err.log 
Command           ap_eval done; 1.47 sec.
INFO-FLOW: 
Command         run_link_or_opt done; 1.48 sec.
Execute         run_link_or_opt -out /home/x_thileeb/repos/ops-hls-pact25-artifact/codegen_apps/jacobian3d/vck5000_project/hls/build/hw/temp_dir/datamover_outerloop_0/datamover_outerloop_0/datamover_outerloop_0/solution/.autopilot/db/a.g.ld.4.m2.bc -args /home/x_thileeb/repos/ops-hls-pact25-artifact/codegen_apps/jacobian3d/vck5000_project/hls/build/hw/temp_dir/datamover_outerloop_0/datamover_outerloop_0/datamover_outerloop_0/solution/.autopilot/db/a.g.ld.3.fpc.bc -only-needed /tools/Xilinx/Vitis_HLS/2022.1/lnx64/lib/libfloatconversion_39.bc 
Execute           ap_eval exec -ignorestderr /tools/Xilinx/Vitis_HLS/2022.1/lnx64/tools/clang-3.9-csynth/bin/llvm-link /home/x_thileeb/repos/ops-hls-pact25-artifact/codegen_apps/jacobian3d/vck5000_project/hls/build/hw/temp_dir/datamover_outerloop_0/datamover_outerloop_0/datamover_outerloop_0/solution/.autopilot/db/a.g.ld.3.fpc.bc -only-needed /tools/Xilinx/Vitis_HLS/2022.1/lnx64/lib/libfloatconversion_39.bc -o /home/x_thileeb/repos/ops-hls-pact25-artifact/codegen_apps/jacobian3d/vck5000_project/hls/build/hw/temp_dir/datamover_outerloop_0/datamover_outerloop_0/datamover_outerloop_0/solution/.autopilot/db/a.g.ld.4.m2.bc > /home/x_thileeb/repos/ops-hls-pact25-artifact/codegen_apps/jacobian3d/vck5000_project/hls/build/hw/temp_dir/datamover_outerloop_0/datamover_outerloop_0/datamover_outerloop_0/solution/.autopilot/db/a.g.ld.4.m2.bc.llvm-link.out.log 2> /home/x_thileeb/repos/ops-hls-pact25-artifact/codegen_apps/jacobian3d/vck5000_project/hls/build/hw/temp_dir/datamover_outerloop_0/datamover_outerloop_0/datamover_outerloop_0/solution/.autopilot/db/a.g.ld.4.m2.bc.llvm-link.err.log 
Command           ap_eval done; 0.36 sec.
INFO-FLOW: 
Command         run_link_or_opt done; 0.36 sec.
Execute         run_link_or_opt -opt -out /home/x_thileeb/repos/ops-hls-pact25-artifact/codegen_apps/jacobian3d/vck5000_project/hls/build/hw/temp_dir/datamover_outerloop_0/datamover_outerloop_0/datamover_outerloop_0/solution/.autopilot/db/a.g.ld.5.gdce.bc -args /home/x_thileeb/repos/ops-hls-pact25-artifact/codegen_apps/jacobian3d/vck5000_project/hls/build/hw/temp_dir/datamover_outerloop_0/datamover_outerloop_0/datamover_outerloop_0/solution/.autopilot/db/a.g.ld.4.m2.bc -reflow-globaldce -hls-top-function-name=datamover_outerloop_0 
Execute           ap_eval exec -ignorestderr /tools/Xilinx/Vitis_HLS/2022.1/lnx64/tools/clang-3.9-csynth/bin/opt -pass-remarks-missed=reflow|pasta|unroll -pass-remarks=reflow|pasta|unroll|inline -pass-remarks-output=/home/x_thileeb/repos/ops-hls-pact25-artifact/codegen_apps/jacobian3d/vck5000_project/hls/build/hw/temp_dir/datamover_outerloop_0/datamover_outerloop_0/datamover_outerloop_0/solution/.autopilot/db/a.g.ld.5.gdce.bc.opt.diag.yml /home/x_thileeb/repos/ops-hls-pact25-artifact/codegen_apps/jacobian3d/vck5000_project/hls/build/hw/temp_dir/datamover_outerloop_0/datamover_outerloop_0/datamover_outerloop_0/solution/.autopilot/db/a.g.ld.4.m2.bc -reflow-globaldce -hls-top-function-name=datamover_outerloop_0 -o /home/x_thileeb/repos/ops-hls-pact25-artifact/codegen_apps/jacobian3d/vck5000_project/hls/build/hw/temp_dir/datamover_outerloop_0/datamover_outerloop_0/datamover_outerloop_0/solution/.autopilot/db/a.g.ld.5.gdce.bc > /home/x_thileeb/repos/ops-hls-pact25-artifact/codegen_apps/jacobian3d/vck5000_project/hls/build/hw/temp_dir/datamover_outerloop_0/datamover_outerloop_0/datamover_outerloop_0/solution/.autopilot/db/a.g.ld.5.gdce.bc.opt.out.log 2> /home/x_thileeb/repos/ops-hls-pact25-artifact/codegen_apps/jacobian3d/vck5000_project/hls/build/hw/temp_dir/datamover_outerloop_0/datamover_outerloop_0/datamover_outerloop_0/solution/.autopilot/db/a.g.ld.5.gdce.bc.opt.err.log 
Command           ap_eval done; 0.57 sec.
INFO-FLOW: 
Command         run_link_or_opt done; 0.57 sec.
Execute         get_solution -flow_target 
Execute         get_config_rtl -module_prefix 
Execute         get_config_interface -default_slave_interface 
Execute         get_solution -flow_target 
Execute         get_config_interface -m_axi_offset 
Execute         get_config_interface -m_axi_latency 
Execute         get_config_interface -m_axi_alignment_byte_size 
Execute         get_config_interface -m_axi_min_bitwidth 
Execute         get_config_interface -m_axi_max_bitwidth 
Execute         get_config_interface -m_axi_max_widen_bitwidth 
Execute         get_config_interface -m_axi_num_read_outstanding 
Execute         get_config_interface -m_axi_num_write_outstanding 
Execute         get_config_interface -m_axi_max_read_burst_length 
Execute         get_config_interface -m_axi_max_write_burst_length 
Execute         get_config_interface -m_axi_min_bitwidth 
Execute         get_config_interface -m_axi_max_bitwidth 
Execute         get_config_interface -m_axi_latency 
Execute         get_config_interface -m_axi_min_bitwidth 
Execute         get_config_interface -m_axi_max_bitwidth 
Execute         get_config_interface -m_axi_max_widen_bitwidth 
Execute         get_config_interface -m_axi_auto_max_ports 
Execute         get_config_interface -m_axi_num_read_outstanding 
Execute         get_config_interface -m_axi_num_write_outstanding 
Execute         get_config_interface -m_axi_max_read_burst_length 
Execute         get_config_interface -m_axi_max_write_burst_length 
Execute         get_config_interface -s_axilite_data64 
Execute         get_config_compile -instruction_warning_threshold 
Execute         get_config_compile -pipeline_loops 
Execute         get_config_interface -m_axi_alignment_byte_size 
Execute         get_config_compile -pragma_strict_mode 
Execute         get_config_compile -pipeline_style 
Execute         get_config_dataflow -strict_mode 
Execute         get_config_array_partition -throughput_driven 
Execute         send_msg_by_id INFO @200-777@%s Vitis 
INFO: [HLS 200-777] Using interface defaults for 'Vitis' flow target.
Execute         is_m_axi_addr64 
Execute         get_clock_period -ns -default 
INFO-FLOW: Doing LTO.
Execute         ap_eval exec -ignorestderr /tools/Xilinx/Vitis_HLS/2022.1/lnx64/tools/clang-3.9-csynth/bin/clang -foptimization-record-file=/home/x_thileeb/repos/ops-hls-pact25-artifact/codegen_apps/jacobian3d/vck5000_project/hls/build/hw/temp_dir/datamover_outerloop_0/datamover_outerloop_0/datamover_outerloop_0/solution/.autopilot/db/a.g.ld.0.bc.clang.diag.yml -mllvm -pass-remarks-missed=reflow|pasta|unroll -mllvm -pass-remarks=reflow|pasta|unroll|inline -fhls -mllvm -hls-top-function-name=datamover_outerloop_0 -mllvm -hls-db-dir -mllvm /home/x_thileeb/repos/ops-hls-pact25-artifact/codegen_apps/jacobian3d/vck5000_project/hls/build/hw/temp_dir/datamover_outerloop_0/datamover_outerloop_0/datamover_outerloop_0/solution/.autopilot/db -emit-llvm -c -target fpga64-xilinx-none -mllvm -xcl-xmlinfo=/home/x_thileeb/repos/ops-hls-pact25-artifact/codegen_apps/jacobian3d/vck5000_project/hls/build/hw/temp_dir/datamover_outerloop_0/datamover_outerloop_0/datamover_outerloop_0/solution/.autopilot/db/../../../kernel.xml -mllvm -top-io-mapping-info=/home/x_thileeb/repos/ops-hls-pact25-artifact/codegen_apps/jacobian3d/vck5000_project/hls/build/hw/temp_dir/datamover_outerloop_0/datamover_outerloop_0/datamover_outerloop_0/solution/.autopilot/db/top-io-fe.xml -mllvm -hls-bitcode-version=3.1 -mllvm -reflow-enable-slave-interface-default-setting=true -mllvm -gen-kernel-xml=true -mllvm -default-maxi-offset=slave -mllvm -maxi-latency=64 -mllvm -hls-maxi-data-size-in-bits=8 -mllvm -hls-maxi-max-data-size-in-bits=1024 -mllvm -hls-max-widen-size-in-bits=512 -mllvm -xcl-kernel-max-mem-ports=0 -mllvm -maxi-read-trans=16 -mllvm -maxi-write-trans=16 -mllvm -maxi-read-burst-len=16 -mllvm -maxi-write-burst-len=16 -mllvm -reflow-enable-saxi-64bits=0 -mllvm -reflow-basic-block-instr-threshold=200000 -mllvm -reflow-auto-pipeline-threshold=64 -mllvm -assume-maxi-align=64 -mllvm -no-unaligned-maxi-accesses=false -mllvm -reflow-pipeline-style-llvm-setting=2 -mllvm -reflow-enable-dataflow-strict-mode-checking=1 -mllvm -reflow-auto-array-partition-mode=default -mllvm -reflow-enable-auto-array-partition=true -mllvm -reflow-enable-auto-parallel-performance-driven=true -mllvm -reflow-enable-partition-for-automation=true -mllvm -reflow-aggregate-bitwidth-threshold=4096 -mllvm -hls -mllvm -disable-inlined-alloca-merging=true -mllvm -enable-reflow-vitis-flow-setting=true -x ir /home/x_thileeb/repos/ops-hls-pact25-artifact/codegen_apps/jacobian3d/vck5000_project/hls/build/hw/temp_dir/datamover_outerloop_0/datamover_outerloop_0/datamover_outerloop_0/solution/.autopilot/db/a.g.ld.5.gdce.bc -o /home/x_thileeb/repos/ops-hls-pact25-artifact/codegen_apps/jacobian3d/vck5000_project/hls/build/hw/temp_dir/datamover_outerloop_0/datamover_outerloop_0/datamover_outerloop_0/solution/.autopilot/db/a.g.lto.bc -hls-platform-db-name=/tools/Xilinx/Vitis_HLS/2022.1/common/technology/xilinx/common/platform.db -hls-platform-name=versal_medium -device-resource-info=BRAM_1934.000000_DSP_1968.000000_FF_1799680.000000_LUT_899840.000000_SLICE_112480.000000_URAM_463.000000 > /home/x_thileeb/repos/ops-hls-pact25-artifact/codegen_apps/jacobian3d/vck5000_project/hls/build/hw/temp_dir/datamover_outerloop_0/datamover_outerloop_0/datamover_outerloop_0/solution/.autopilot/db/a.g.ld.0.bc.clang.out.log 2> /home/x_thileeb/repos/ops-hls-pact25-artifact/codegen_apps/jacobian3d/vck5000_project/hls/build/hw/temp_dir/datamover_outerloop_0/datamover_outerloop_0/datamover_outerloop_0/solution/.autopilot/db/a.g.ld.0.bc.clang.err.log 
Command         ap_eval done; 5.52 sec.
INFO: [HLS 214-291] Loop 'anonymous' is marked as complete unroll implied by the pipeline pragma (/wrk/ci/prod/2022.1/rdi_builds/continuous/2022_04_18_3526262/src/shared/hls/clib/hlsmath/include/FloatingPoint/hls_log_.h:359:2)
INFO: [HLS 214-186] Unrolling loop 'anonymous' (/wrk/ci/prod/2022.1/rdi_builds/continuous/2022_04_18_3526262/src/shared/hls/clib/hlsmath/include/FloatingPoint/hls_log_.h:359:2) in function 'log_reduce::log_generic<double>' completely with a factor of 99 (/wrk/ci/prod/2022.1/rdi_builds/continuous/2022_04_18_3526262/src/shared/hls/clib/hlsmath/include/FloatingPoint/hls_log_.h:212:0)
INFO: [HLS 214-178] Inlining function 'fp_struct<double>::fp_struct(double)' into 'int generic_isnan<double>(double)' (/wrk/ci/prod/2022.1/rdi_builds/continuous/2022_04_18_3526262/src/shared/hls/clib/hlsmath/include/FloatingPoint/hls_isnan.h:16:0)
INFO: [HLS 214-178] Inlining function 'fp_struct<double>::fp_struct(double)' into 'int generic_isinf<double>(double)' (/wrk/ci/prod/2022.1/rdi_builds/continuous/2022_04_18_3526262/src/shared/hls/clib/hlsmath/include/FloatingPoint/hls_isinf.h:16:0)
INFO: [HLS 214-178] Inlining function 'fp_struct<double>::data() const (.131.141.151.161.171.181.230.240.250.260)' into 'fp_struct<double>::to_double() const (.128.138.148.158.168.178.227.237.247.257)' (/wrk/ci/prod/2022.1/rdi_builds/continuous/2022_04_18_3526262/src/shared/hls/clib/src/hls/utils/x_hls_utils.h:523:0)
INFO: [HLS 214-178] Inlining function 'fp_struct<double>::to_double() const (.128.138.148.158.168.178.227.237.247.257)' into 'fp_struct<double>::to_ieee() const' (/wrk/ci/prod/2022.1/rdi_builds/continuous/2022_04_18_3526262/src/shared/hls/clib/src/hls/utils/x_hls_utils.h:538:0)
INFO: [HLS 214-178] Inlining function 'void log_reduce::range_reduce<ap_fixed<102, 12, (ap_q_mode)5, (ap_o_mode)3, 0>, 4, 4, 57, 59>(ap_ufixed<57, -(4), (ap_q_mode)5, (ap_o_mode)3, 0>, ap_fixed<102, 12, (ap_q_mode)5, (ap_o_mode)3, 0>&, ap_ufixed<59, -(((4) + (4)) - (1)), (ap_q_mode)5, (ap_o_mode)3, 0>&)' into 'ap_ufixed<53, -37, (ap_q_mode)5, (ap_o_mode)3, 0> log_reduce::log_traits<double>::range_reduction<57>(ap_ufixed<57, -4, (ap_q_mode)5, (ap_o_mode)3, 0>, ap_fixed<102, 12, (ap_q_mode)5, (ap_o_mode)3, 0>&)' (/wrk/ci/prod/2022.1/rdi_builds/continuous/2022_04_18_3526262/src/shared/hls/clib/hlsmath/include/FloatingPoint/hls_log_.h:182:0)
INFO: [HLS 214-178] Inlining function 'void log_reduce::range_reduce<ap_fixed<102, 12, (ap_q_mode)5, (ap_o_mode)3, 0>, 7, 6, 59, 69>(ap_ufixed<59, -(7), (ap_q_mode)5, (ap_o_mode)3, 0>, ap_fixed<102, 12, (ap_q_mode)5, (ap_o_mode)3, 0>&, ap_ufixed<69, -(((7) + (6)) - (1)), (ap_q_mode)5, (ap_o_mode)3, 0>&)' into 'ap_ufixed<53, -37, (ap_q_mode)5, (ap_o_mode)3, 0> log_reduce::log_traits<double>::range_reduction<57>(ap_ufixed<57, -4, (ap_q_mode)5, (ap_o_mode)3, 0>, ap_fixed<102, 12, (ap_q_mode)5, (ap_o_mode)3, 0>&)' (/wrk/ci/prod/2022.1/rdi_builds/continuous/2022_04_18_3526262/src/shared/hls/clib/hlsmath/include/FloatingPoint/hls_log_.h:182:0)
INFO: [HLS 214-178] Inlining function 'void log_reduce::range_reduce<ap_fixed<102, 12, (ap_q_mode)5, (ap_o_mode)3, 0>, 12, 6, 69, 73>(ap_ufixed<69, -(12), (ap_q_mode)5, (ap_o_mode)3, 0>, ap_fixed<102, 12, (ap_q_mode)5, (ap_o_mode)3, 0>&, ap_ufixed<73, -(((12) + (6)) - (1)), (ap_q_mode)5, (ap_o_mode)3, 0>&)' into 'ap_ufixed<53, -37, (ap_q_mode)5, (ap_o_mode)3, 0> log_reduce::log_traits<double>::range_reduction<57>(ap_ufixed<57, -4, (ap_q_mode)5, (ap_o_mode)3, 0>, ap_fixed<102, 12, (ap_q_mode)5, (ap_o_mode)3, 0>&)' (/wrk/ci/prod/2022.1/rdi_builds/continuous/2022_04_18_3526262/src/shared/hls/clib/hlsmath/include/FloatingPoint/hls_log_.h:182:0)
INFO: [HLS 214-178] Inlining function 'void log_reduce::range_reduce<ap_fixed<102, 12, (ap_q_mode)5, (ap_o_mode)3, 0>, 17, 6, 73, 68>(ap_ufixed<73, -(17), (ap_q_mode)5, (ap_o_mode)3, 0>, ap_fixed<102, 12, (ap_q_mode)5, (ap_o_mode)3, 0>&, ap_ufixed<68, -(((17) + (6)) - (1)), (ap_q_mode)5, (ap_o_mode)3, 0>&)' into 'ap_ufixed<53, -37, (ap_q_mode)5, (ap_o_mode)3, 0> log_reduce::log_traits<double>::range_reduction<57>(ap_ufixed<57, -4, (ap_q_mode)5, (ap_o_mode)3, 0>, ap_fixed<102, 12, (ap_q_mode)5, (ap_o_mode)3, 0>&)' (/wrk/ci/prod/2022.1/rdi_builds/continuous/2022_04_18_3526262/src/shared/hls/clib/hlsmath/include/FloatingPoint/hls_log_.h:182:0)
INFO: [HLS 214-178] Inlining function 'void log_reduce::range_reduce<ap_fixed<102, 12, (ap_q_mode)5, (ap_o_mode)3, 0>, 22, 6, 68, 63>(ap_ufixed<68, -(22), (ap_q_mode)5, (ap_o_mode)3, 0>, ap_fixed<102, 12, (ap_q_mode)5, (ap_o_mode)3, 0>&, ap_ufixed<63, -(((22) + (6)) - (1)), (ap_q_mode)5, (ap_o_mode)3, 0>&)' into 'ap_ufixed<53, -37, (ap_q_mode)5, (ap_o_mode)3, 0> log_reduce::log_traits<double>::range_reduction<57>(ap_ufixed<57, -4, (ap_q_mode)5, (ap_o_mode)3, 0>, ap_fixed<102, 12, (ap_q_mode)5, (ap_o_mode)3, 0>&)' (/wrk/ci/prod/2022.1/rdi_builds/continuous/2022_04_18_3526262/src/shared/hls/clib/hlsmath/include/FloatingPoint/hls_log_.h:182:0)
INFO: [HLS 214-178] Inlining function 'void log_reduce::range_reduce<ap_fixed<102, 12, (ap_q_mode)5, (ap_o_mode)3, 0>, 27, 6, 63, 58>(ap_ufixed<63, -(27), (ap_q_mode)5, (ap_o_mode)3, 0>, ap_fixed<102, 12, (ap_q_mode)5, (ap_o_mode)3, 0>&, ap_ufixed<58, -(((27) + (6)) - (1)), (ap_q_mode)5, (ap_o_mode)3, 0>&)' into 'ap_ufixed<53, -37, (ap_q_mode)5, (ap_o_mode)3, 0> log_reduce::log_traits<double>::range_reduction<57>(ap_ufixed<57, -4, (ap_q_mode)5, (ap_o_mode)3, 0>, ap_fixed<102, 12, (ap_q_mode)5, (ap_o_mode)3, 0>&)' (/wrk/ci/prod/2022.1/rdi_builds/continuous/2022_04_18_3526262/src/shared/hls/clib/hlsmath/include/FloatingPoint/hls_log_.h:182:0)
INFO: [HLS 214-178] Inlining function 'void log_reduce::range_reduce<ap_fixed<102, 12, (ap_q_mode)5, (ap_o_mode)3, 0>, 32, 6, 58, 53>(ap_ufixed<58, -(32), (ap_q_mode)5, (ap_o_mode)3, 0>, ap_fixed<102, 12, (ap_q_mode)5, (ap_o_mode)3, 0>&, ap_ufixed<53, -(((32) + (6)) - (1)), (ap_q_mode)5, (ap_o_mode)3, 0>&)' into 'ap_ufixed<53, -37, (ap_q_mode)5, (ap_o_mode)3, 0> log_reduce::log_traits<double>::range_reduction<57>(ap_ufixed<57, -4, (ap_q_mode)5, (ap_o_mode)3, 0>, ap_fixed<102, 12, (ap_q_mode)5, (ap_o_mode)3, 0>&)' (/wrk/ci/prod/2022.1/rdi_builds/continuous/2022_04_18_3526262/src/shared/hls/clib/hlsmath/include/FloatingPoint/hls_log_.h:182:0)
INFO: [HLS 214-178] Inlining function 'fp_struct<double>::fp_struct(double)' into 'double log_reduce::log_generic<double>(double)' (/wrk/ci/prod/2022.1/rdi_builds/continuous/2022_04_18_3526262/src/shared/hls/clib/hlsmath/include/FloatingPoint/hls_log_.h:212:0)
INFO: [HLS 214-178] Inlining function 'fp_struct<double>::expv() const' into 'double log_reduce::log_generic<double>(double)' (/wrk/ci/prod/2022.1/rdi_builds/continuous/2022_04_18_3526262/src/shared/hls/clib/hlsmath/include/FloatingPoint/hls_log_.h:212:0)
INFO: [HLS 214-178] Inlining function 'int generic_isnan<double>(double)' into 'double log_reduce::log_generic<double>(double)' (/wrk/ci/prod/2022.1/rdi_builds/continuous/2022_04_18_3526262/src/shared/hls/clib/hlsmath/include/FloatingPoint/hls_log_.h:212:0)
INFO: [HLS 214-178] Inlining function 'int generic_isinf<double>(double)' into 'double log_reduce::log_generic<double>(double)' (/wrk/ci/prod/2022.1/rdi_builds/continuous/2022_04_18_3526262/src/shared/hls/clib/hlsmath/include/FloatingPoint/hls_log_.h:212:0)
INFO: [HLS 214-178] Inlining function 'fp_struct<double>::to_ieee() const' into 'double log_reduce::log_generic<double>(double)' (/wrk/ci/prod/2022.1/rdi_builds/continuous/2022_04_18_3526262/src/shared/hls/clib/hlsmath/include/FloatingPoint/hls_log_.h:212:0)
INFO: [HLS 214-178] Inlining function 'log_reduce::log2(double)' into 'log2' (/wrk/ci/prod/2022.1/rdi_builds/continuous/2022_04_18_3526262/src/shared/hls/clib/hlsmath/src/c/logdouble.cpp:7:0)
INFO: [HLS 214-178] Inlining function 'log2' into '__gnu_cxx::__enable_if<__is_integer<unsigned short>::__value, double>::__type std::log2<unsigned short>(unsigned short)' (/tools/Xilinx/Vitis_HLS/2022.1/tps/lnx64/gcc-8.3.0/lib/gcc/x86_64-pc-linux-gnu/8.3.0/../../../../include/c++/8.3.0/cmath:1583:0)
INFO: [HLS 214-178] Inlining function 'fp_struct<double>::fp_struct(double)' into 'unsigned short generic_cast_IEEE754<unsigned short, (ap_q_mode)6, double>(double, bool, hls::enable_if<!(std::numeric_limits<unsigned short>::is_signed), bool>::type)' (/wrk/ci/prod/2022.1/rdi_builds/continuous/2022_04_18_3526262/src/shared/hls/clib/hlsmath/include/FloatingPoint/hls_case_IEEE754.h:65:0)
INFO: [HLS 214-178] Inlining function 'fp_struct<double>::mantissa() const' into 'unsigned short generic_cast_IEEE754<unsigned short, (ap_q_mode)6, double>(double, bool, hls::enable_if<!(std::numeric_limits<unsigned short>::is_signed), bool>::type)' (/wrk/ci/prod/2022.1/rdi_builds/continuous/2022_04_18_3526262/src/shared/hls/clib/hlsmath/include/FloatingPoint/hls_case_IEEE754.h:65:0)
INFO: [HLS 214-178] Inlining function 'fp_struct<double>::expv() const' into 'unsigned short generic_cast_IEEE754<unsigned short, (ap_q_mode)6, double>(double, bool, hls::enable_if<!(std::numeric_limits<unsigned short>::is_signed), bool>::type)' (/wrk/ci/prod/2022.1/rdi_builds/continuous/2022_04_18_3526262/src/shared/hls/clib/hlsmath/include/FloatingPoint/hls_case_IEEE754.h:65:0)
INFO: [HLS 214-178] Inlining function 'unsigned short generic_cast_IEEE754<unsigned short, (ap_q_mode)6, double>(double, bool, hls::enable_if<!(std::numeric_limits<unsigned short>::is_signed), bool>::type)' into 'unsigned short generic_cast_IEEE754<unsigned short, double>(double, bool)' (/wrk/ci/prod/2022.1/rdi_builds/continuous/2022_04_18_3526262/src/shared/hls/clib/hlsmath/include/FloatingPoint/hls_case_IEEE754.h:116:0)
INFO: [HLS 214-178] Inlining function 'unsigned short generic_cast_IEEE754<unsigned short, double>(double, bool)' into '__hls_fptoui_double_i16' (/wrk/ci/prod/2022.1/rdi_builds/continuous/2022_04_18_3526262/src/shared/hls/clib/hlsmath/src/lib_floatconversion.cpp:68:0)
INFO: [HLS 214-178] Inlining function 'log2' into '__gnu_cxx::__enable_if<__is_integer<int>::__value, double>::__type std::log2<int>(int)' (/tools/Xilinx/Vitis_HLS/2022.1/tps/lnx64/gcc-8.3.0/lib/gcc/x86_64-pc-linux-gnu/8.3.0/../../../../include/c++/8.3.0/cmath:1583:0)
INFO: [HLS 214-178] Inlining function '__gnu_cxx::__enable_if<__is_integer<unsigned short>::__value, double>::__type std::log2<unsigned short>(unsigned short)' into 'void ops::hls::genMemConfig<(unsigned short)512, (unsigned short)256, (unsigned short)32>(unsigned short (&) [3], ops::hls::AccessRange&, ops::hls::MemConfig&)' (/home/x_thileeb/repos/ops-hls-pact25-artifact/OPS/ops/hls/include/device/../../L1/include/ops_hls_datamover.hpp:2571:0)
INFO: [HLS 214-178] Inlining function '__hls_fptoui_double_i16' into 'void ops::hls::genMemConfig<(unsigned short)512, (unsigned short)256, (unsigned short)32>(unsigned short (&) [3], ops::hls::AccessRange&, ops::hls::MemConfig&)' (/home/x_thileeb/repos/ops-hls-pact25-artifact/OPS/ops/hls/include/device/../../L1/include/ops_hls_datamover.hpp:2571:0)
INFO: [HLS 214-178] Inlining function '__gnu_cxx::__enable_if<__is_integer<int>::__value, double>::__type std::log2<int>(int)' into 'void ops::hls::genMemConfig<(unsigned short)512, (unsigned short)256, (unsigned short)32>(unsigned short (&) [3], ops::hls::AccessRange&, ops::hls::MemConfig&)' (/home/x_thileeb/repos/ops-hls-pact25-artifact/OPS/ops/hls/include/device/../../L1/include/ops_hls_datamover.hpp:2571:0)
INFO: [HLS 214-178] Inlining function 'datamover_outerloop_0_dataflow_read_write(unsigned int, unsigned int, ops::hls::MemConfig const&, ap_uint<512>*, ap_uint<512>*, hls::stream<hls::axis<ap_uint<256>, 0ul, 0ul, 0ul>, 0>&, hls::stream<hls::axis<ap_uint<256>, 0ul, 0ul, 0ul>, 0>&)' into 'datamover_outerloop_0' (/home/x_thileeb/repos/ops-hls-pact25-artifact/codegen_apps/jacobian3d/vck5000_project/hls/device/src/datamover_outerloop_0.cpp:157:0)
INFO: [HLS 214-241] Aggregating maxi variable 'arg1' with compact=none mode in 512-bits
INFO: [HLS 214-241] Aggregating maxi variable 'arg0' with compact=none mode in 512-bits
Execute         get_top
Execute           get_top 
Execute         get_files -fullpath
Execute           get_files -fullpath 
INFO: [HLS 214-115] Multiple burst reads of variable length and bit width 512 in loop 'VITIS_LOOP_431_1'(/home/x_thileeb/repos/ops-hls-pact25-artifact/OPS/ops/hls/include/device/../../L1/include/ops_hls_datamover.hpp:431:20) has been inferred on bundle 'gmem0'. These burst requests might be further partitioned into multiple requests during RTL generation, based on max_read_burst_length or max_write_burst_length settings. (/home/x_thileeb/repos/ops-hls-pact25-artifact/OPS/ops/hls/include/device/../../L1/include/ops_hls_datamover.hpp:431:20)
INFO: [HLS 214-115] Multiple burst reads of variable length and bit width 512 in loop 'VITIS_LOOP_453_2'(/home/x_thileeb/repos/ops-hls-pact25-artifact/OPS/ops/hls/include/device/../../L1/include/ops_hls_datamover.hpp:453:20) has been inferred on bundle 'gmem0'. These burst requests might be further partitioned into multiple requests during RTL generation, based on max_read_burst_length or max_write_burst_length settings. (/home/x_thileeb/repos/ops-hls-pact25-artifact/OPS/ops/hls/include/device/../../L1/include/ops_hls_datamover.hpp:453:20)
INFO: [HLS 214-115] Multiple burst writes of variable length and bit width 512 in loop 'VITIS_LOOP_567_1'(/home/x_thileeb/repos/ops-hls-pact25-artifact/OPS/ops/hls/include/device/../../L1/include/ops_hls_datamover.hpp:567:20) has been inferred on bundle 'gmem1'. These burst requests might be further partitioned into multiple requests during RTL generation, based on max_read_burst_length or max_write_burst_length settings. (/home/x_thileeb/repos/ops-hls-pact25-artifact/OPS/ops/hls/include/device/../../L1/include/ops_hls_datamover.hpp:567:20)
INFO: [HLS 214-115] Multiple burst writes of variable length and bit width 512 in loop 'VITIS_LOOP_580_2'(/home/x_thileeb/repos/ops-hls-pact25-artifact/OPS/ops/hls/include/device/../../L1/include/ops_hls_datamover.hpp:580:20) has been inferred on bundle 'gmem1'. These burst requests might be further partitioned into multiple requests during RTL generation, based on max_read_burst_length or max_write_burst_length settings. (/home/x_thileeb/repos/ops-hls-pact25-artifact/OPS/ops/hls/include/device/../../L1/include/ops_hls_datamover.hpp:580:20)
INFO: [HLS 214-131] Inlining function '_llvm.fpga.pack.none.i512.s_struct.ap_uint<512>s' into 'void ops::hls::mem2stream<512u, 32u, 2u>(ap_uint<512u>*, hls::stream<ap_uint<512u>, 0>&, unsigned int) (.349.1)' (/tools/Xilinx/Vitis_HLS/2022.1/common/technology/autopilot/hls_stream_39.h:174:9)
INFO: [HLS 214-131] Inlining function '_llvm.fpga.pack.none.i256.s_struct.ap_uint<256>s' into 'void ops::hls::stream2streamStepdown<512u, 256u>(hls::stream<ap_uint<512u>, 0>&, hls::stream<ap_uint<256u>, 0>&, unsigned int) (.1)' (/tools/Xilinx/Vitis_HLS/2022.1/common/technology/autopilot/hls_stream_39.h:174:9)
INFO: [HLS 214-131] Inlining function '_llvm.fpga.pack.none.i256.s_struct.ap_uint<256>s' into 'void ops::hls::stream2axis<256u>(hls::stream<ap_uint<256u>, 0>&, hls::stream<hls::axis<ap_uint<256u>, 0ul, 0ul, 0ul>, 0>&, unsigned int) (.397.1)' (/tools/Xilinx/Vitis_HLS/2022.1/common/technology/autopilot/ap_axi_sdata.h:304:5)
INFO: [HLS 214-131] Inlining function '_llvm.fpga.pack.none.i1.s_struct.ap_uint<1>s' into 'void ops::hls::stream2axis<256u>(hls::stream<ap_uint<256u>, 0>&, hls::stream<hls::axis<ap_uint<256u>, 0ul, 0ul, 0ul>, 0>&, unsigned int) (.397.1)' (/tools/Xilinx/Vitis_HLS/2022.1/common/technology/autopilot/ap_axi_sdata.h:304:5)
INFO: [HLS 214-131] Inlining function '_llvm.fpga.pack.none.i32.s_struct.ap_uint<32>s' into 'void ops::hls::stream2axis<256u>(hls::stream<ap_uint<256u>, 0>&, hls::stream<hls::axis<ap_uint<256u>, 0ul, 0ul, 0ul>, 0>&, unsigned int) (.397.1)' (/tools/Xilinx/Vitis_HLS/2022.1/common/technology/autopilot/ap_axi_sdata.h:304:5)
INFO: [HLS 214-131] Inlining function '_llvm.fpga.unpack.none.s_struct.ap_uint<256>s.i256' into 'void ops::hls::axis2stream<256u>(hls::stream<hls::axis<ap_uint<256u>, 0ul, 0ul, 0ul>, 0>&, hls::stream<ap_uint<256u>, 0>&, unsigned int) (.372.1)' (/tools/Xilinx/Vitis_HLS/2022.1/common/technology/autopilot/ap_axi_sdata.h:293:5)
INFO: [HLS 214-131] Inlining function '_llvm.fpga.pack.none.i256.s_struct.ap_uint<256>s' into 'void ops::hls::axis2stream<256u>(hls::stream<hls::axis<ap_uint<256u>, 0ul, 0ul, 0ul>, 0>&, hls::stream<ap_uint<256u>, 0>&, unsigned int) (.372.1)' (/tools/Xilinx/Vitis_HLS/2022.1/common/technology/autopilot/hls_stream_39.h:174:9)
INFO: [HLS 214-131] Inlining function '_llvm.fpga.unpack.none.s_struct.ap_uint<1>s.i1' into 'void ops::hls::axis2stream<256u>(hls::stream<hls::axis<ap_uint<256u>, 0ul, 0ul, 0ul>, 0>&, hls::stream<ap_uint<256u>, 0>&, unsigned int) (.372.1)' (/tools/Xilinx/Vitis_HLS/2022.1/common/technology/autopilot/ap_axi_sdata.h:293:5)
INFO: [HLS 214-131] Inlining function '_llvm.fpga.unpack.none.s_struct.ap_uint<32>s.i32' into 'void ops::hls::axis2stream<256u>(hls::stream<hls::axis<ap_uint<256u>, 0ul, 0ul, 0ul>, 0>&, hls::stream<ap_uint<256u>, 0>&, unsigned int) (.372.1)' (/tools/Xilinx/Vitis_HLS/2022.1/common/technology/autopilot/ap_axi_sdata.h:293:5)
INFO: [HLS 214-131] Inlining function '_llvm.fpga.pack.none.i512.s_struct.ap_uint<512>s' into 'void ops::hls::stream2streamStepup<256u, 512u>(hls::stream<ap_uint<256u>, 0>&, hls::stream<ap_uint<512u>, 0>&, unsigned int) (.1)' (/tools/Xilinx/Vitis_HLS/2022.1/common/technology/autopilot/hls_stream_39.h:174:9)
INFO-FLOW: DBG:PUTS: copy_raw_kernel_xml ap_link_39: copying raw kernel.xml: /home/x_thileeb/repos/ops-hls-pact25-artifact/codegen_apps/jacobian3d/vck5000_project/hls/build/hw/temp_dir/datamover_outerloop_0/datamover_outerloop_0/datamover_outerloop_0/solution/.autopilot/db/../../../kernel.xml -> /home/x_thileeb/repos/ops-hls-pact25-artifact/codegen_apps/jacobian3d/vck5000_project/hls/build/hw/temp_dir/datamover_outerloop_0/datamover_outerloop_0/datamover_outerloop_0/solution/.autopilot/db/kernel.internal.xml
INFO: [HLS 200-111] Finished Compiling Optimization and Transform: CPU user time: 9.99 seconds. CPU system time: 1.88 seconds. Elapsed time: 12.11 seconds; current allocated memory: 474.227 MB.
INFO: [HLS 200-111] Finished Checking Pragmas: CPU user time: 0 seconds. CPU system time: 0 seconds. Elapsed time: 0 seconds; current allocated memory: 474.227 MB.
Execute         opt_and_import_c a -opt_level=2 -skip_syncheck=0 -ng=0 -keep_printf=0 
Execute           cleanup_all_models 
INFO: [HLS 200-10] Starting code transformations ...
INFO-FLOW: Running Standard Transforms...
Execute           transform -hls -share-std-xform -demangle-name -inline-byval-memcpy -always-inline -promote-dbg-pointer -interface-preproc -mem2reg -scalarrepl -mem2reg -keep-read-access -instcombine -dce -promote-dbg-pointer -bitop-raise -loop-simplify -indvarspre -indvars -loop-simplify -xunroll -constprop -instcombine -simplifycfg -indvars -simplifycfg -dce -globaldce -basicaa -simplifycfg -mem2reg -globalopt -global-constprop -deadargelim -instcombine -simplifycfg -scalarrepl -instcombine -reassociate -licm -simplifycfg -loop-simplify -indvars -instcombine -simplifycfg -mem2reg -loop-simplify -indvars -instcombine -gvn -gvn -instcombine -adce -break-crit-edges -simplifycfg -loop-delete -global-array-opt -dce -dse -adce -find-syn-modules -top datamover_outerloop_0 -deadargelim -mem2reg -instcombine -dce -presyn-prepare -auto-rom-infer -interface-preproc -syn-check -check-rec-only -find-region -simplifycfg -func-extr -function-inline -globaldce -mem2reg -instcombine -dce -gvn -globaldce -adce -adse -constprop -instcombine -bit-constprop -instcombine -dce -simplifycfg -bitop-raise -simplifycfg -dce -loop-delete -reassociate -globalopt -global-privatize -mem2reg -dce -global-constprop -pointer-simplify -constprop -dce -func-inst -deadargelim -auto-shift-reg-idiom -promote-dbg-pointer -norm-name /home/x_thileeb/repos/ops-hls-pact25-artifact/codegen_apps/jacobian3d/vck5000_project/hls/build/hw/temp_dir/datamover_outerloop_0/datamover_outerloop_0/datamover_outerloop_0/solution/.autopilot/db/a.g.0.bc -o /home/x_thileeb/repos/ops-hls-pact25-artifact/codegen_apps/jacobian3d/vck5000_project/hls/build/hw/temp_dir/datamover_outerloop_0/datamover_outerloop_0/datamover_outerloop_0/solution/.autopilot/db/a.g.1.bc -f -phase std-opt 
Command           transform done; 0.76 sec.
INFO: [HLS 200-111] Finished Standard Transforms: CPU user time: 0.65 seconds. CPU system time: 0.12 seconds. Elapsed time: 0.8 seconds; current allocated memory: 620.355 MB.
INFO: [HLS 200-10] Checking synthesizability ...
INFO-FLOW: Checking Synthesizability 1/2..
Execute           transform -hls -syn-check -check-rec-only -scalarrepl -norm-name -dce -mem2reg -instcombine -function-uniquify -directive-preproc -mem2reg -dse -dce -auto-rom-infer -dce -pag -array-normalize -instcombine -dce -array-seg-normalize -instcombine -dce -data-pack -instcombine -dce -inst-simplify -array-flatten -instcombine -dce -array-burst -dce -deadargelim -promote-global-argument -simplifycfg -mem2reg -globaldce -dce -deadargelim -dce -instcombine -function-inline -globaldce -dce -doublePtrSimplify -doublePtrElim -dce -doublePtrSimplify -promote-dbg-pointer -dce -scalarrepl -dse -adse -instcombine -ptrLegalization -simplifycfg -dce -instcombine -pointer-simplify -ptrArgReplace -dce -instcombine -resolve-double-ptr -scalarrepl -norm-name -dce -mem2reg -instcombine -ptrLegalization -simplifycfg -deadargelim -instcombine -dce -inst-simplify -function-uniquify -directive-preproc -mem2reg -dse -dce -globaldce /home/x_thileeb/repos/ops-hls-pact25-artifact/codegen_apps/jacobian3d/vck5000_project/hls/build/hw/temp_dir/datamover_outerloop_0/datamover_outerloop_0/datamover_outerloop_0/solution/.autopilot/db/a.g.1.bc -o /home/x_thileeb/repos/ops-hls-pact25-artifact/codegen_apps/jacobian3d/vck5000_project/hls/build/hw/temp_dir/datamover_outerloop_0/datamover_outerloop_0/datamover_outerloop_0/solution/.autopilot/db/a.g.2.prechk.bc -f 
INFO: [XFORM 203-602] Inlining function 'log_reduce::log_traits<double>::range_reduction<57>' into 'log_reduce::log_generic<double>' (/wrk/ci/prod/2022.1/rdi_builds/continuous/2022_04_18_3526262/src/shared/hls/clib/hlsmath/include/FloatingPoint/hls_log_.h:339) automatically.
INFO: [XFORM 203-602] Inlining function 'ops::hls::genMemConfig<(unsigned short)512, (unsigned short)256, (unsigned short)32>' into 'datamover_outerloop_0' (/home/x_thileeb/repos/ops-hls-pact25-artifact/codegen_apps/jacobian3d/vck5000_project/hls/device/src/datamover_outerloop_0.cpp:207) automatically.
Command           transform done; 0.97 sec.
INFO-FLOW: Checking Synthesizability 2/2..
Execute           transform -syn-check /home/x_thileeb/repos/ops-hls-pact25-artifact/codegen_apps/jacobian3d/vck5000_project/hls/build/hw/temp_dir/datamover_outerloop_0/datamover_outerloop_0/datamover_outerloop_0/solution/.autopilot/db/a.g.2.prechk.bc -o /home/x_thileeb/repos/ops-hls-pact25-artifact/codegen_apps/jacobian3d/vck5000_project/hls/build/hw/temp_dir/datamover_outerloop_0/datamover_outerloop_0/datamover_outerloop_0/solution/.autopilot/db/a.g.2.bc -f -phase syn-check 
WARNING: [SYNCHK 200-23] /tools/Xilinx/Vitis_HLS/2022.1/common/technology/autopilot/ap_int_ref.h:414: variable-indexed range selection may cause suboptimal QoR.
INFO: [SYNCHK 200-10] 0 error(s), 1 warning(s).
Command           transform done; 0.85 sec.
INFO: [HLS 200-111] Finished Checking Synthesizability: CPU user time: 1.58 seconds. CPU system time: 0.2 seconds. Elapsed time: 1.82 seconds; current allocated memory: 753.691 MB.
INFO-FLOW: Compiler optimizing ...
INFO-FLOW: Share syncheck's 1.bc for syn flow: copy /home/x_thileeb/repos/ops-hls-pact25-artifact/codegen_apps/jacobian3d/vck5000_project/hls/build/hw/temp_dir/datamover_outerloop_0/datamover_outerloop_0/datamover_outerloop_0/solution/.autopilot/db/a.g.1.bc to /home/x_thileeb/repos/ops-hls-pact25-artifact/codegen_apps/jacobian3d/vck5000_project/hls/build/hw/temp_dir/datamover_outerloop_0/datamover_outerloop_0/datamover_outerloop_0/solution/.autopilot/db/a.o.1.bc
INFO-FLOW: Presyn 1...
Execute           transform -hls -tmp /home/x_thileeb/repos/ops-hls-pact25-artifact/codegen_apps/jacobian3d/vck5000_project/hls/build/hw/temp_dir/datamover_outerloop_0/datamover_outerloop_0/datamover_outerloop_0/solution/.autopilot/db -interface-port-rename -function-uniquify -directive-preproc -mem2reg -dse -dce -scalarrepl -norm-name -deadargelim -mem2reg -instcombine -dce -simplifycfg -auto-rom-infer -dce -function-uniquify -resource-proc -clib-intrinsic-prepare -dce -func-buffer -dce -pag -array-normalize -func-legal -instcombine -gvn -constprop -dce -simplifycfg -mem2reg -globaldce -resolve-double-ptr -dce -deadargelim -dce -instcombine -ptrArgReplace -mem2reg -dce -array-seg-normalize -deadargelim -instcombine -dce -function-uniquify -directive-preproc -mem2reg -dse -dce -pointer-simplify -dce -port-alignment -dce -interface-preproc -data-pack -instcombine -dce -basicaa -aggr-aa -aggrmodref-aa -aggr-aa -gvn -gvn -basicaa -aggr-aa -aggrmodref-aa -aggr-aa -dse -adse -adce -loop-simplify -indvars -instcombine -gvn -loop-simplify -mem2reg -dce -find-region -instcombine -auto-loop-pipeline -inst-simplify -interface-preproc -cfgopt -instcombine -indvars -auto-loop-unroll -loop-simplify -loop-bound -xunroll -constprop -instcombine -simplifycfg -indvars -simplifycfg -dce -globaldce -clean-region -attach-range -gvn -inst-simplify -constprop -simplifycfg -dce -pointer-simplify -dce -globalopt -constprop -dce -array-promote -scalar-auto-dep-elim -constprop -dce -ptrArgReplace -mem2reg -simplifycfg -dce -instcombine -dce -array-transform-check -array-reshape -instcombine -simplifycfg -dce -ptrArgReplace -deadargelim -mem2reg -instcombine -simplifycfg -dce -indvars -loop-simplify -loop-bound -xunroll -constprop -instcombine -simplifycfg -indvars -simplifycfg -dce -globaldce -basicaa -aggr-aa -aggrmodref-aa -aggr-aa -dse -duplicate-dataflow-processes -globaldce -instcombine -array-partition -prepare-dynamic-array-partition -instcombine -simplifycfg -dce -ptrArgReplace -global-constprop -deadargelim -mem2reg -func-legal -dce -global-constprop -deadargelim -mem2reg -simplifycfg -dce -merge-param -deadargelim -globalopt -constprop -dce -array-promote -scalar-auto-dep-elim -constprop -dce -ptrArgReplace -mem2reg -simplifycfg -dce -mem-intrinsic-preproc -dce -global-internalize -global-privatize -mem2reg -globaldce -promote-global-argument -ptrArgReplace -mem2reg -dce -globalopt -mergereturn -simplify-global-access -mem2reg -dce -pointer-simplify -dce -functionattrs -basicaa -aggr-aa -aggrmodref-aa -aggr-aa -gvn -gvn -basicaa -aggr-aa -aggrmodref-aa -aggr-aa -dse -adse -adce -dce -norm-name -basicaa -aggr-aa -aggrmodref-aa -aggr-aa -accesses-merge -function-inline -complex-op-raise -inst-simplify -globaldce -func-inst -constprop -instcombine -simplifycfg -dce -func-legal -dce -loop-bound -arraycheck -bitwidthmin2 -bitwidthmin2 -on-by-dataflow -loop-delete -instcombine -simplifycfg -globaldce -dce -gvn -deadargelim -dce -loop-simplify -clean-region -simplifycfg -propagate-stable-arguments -loop-stream -instcombine -simplifycfg -dce -globaldce -duplicate-dataflow-processes -stream-intrinsic-preproc -dce -check-ap-stream -loop-simplify -eliminate-keepreads -extract-dataflow-in-loop -loop-simplify -dce -gvn -deadargelim -dse -duplicate-dataflow-processes -check-dataflow-syntax -legalize-stream-variable -legalize-global -extract-subproc -dce -dead-channel-elimination -canonicalize-gep -globaldce -dce -gvn -hls-dead-arg-elim -deadargelim -directive-preproc -annotate-dataflow-channels -canonicalize-dataflow -dce -globaldce -scalar-preprocessing -scalar-propagation2 -deadargelim -globaldce -mem2reg -check-dataflow-channels -function-stream -dce -globaldce -prop-fifo-spec -internal-stream-gen -canonicalize-gep -globaldce -dce -gvn -deadargelim -mergereturn -indvars -loop-simplify -instcombine -array-stream -array-seg-normalize -array-partition -func-legal -instcombine -simplifycfg -dce -bundle-memfifo-ops -deadargelim -function-uniquify -directive-preproc -mem2reg -dse -dce -group-axi-access -licm -simplifycfg -dce -loop-delete -hls-display -norm-name /home/x_thileeb/repos/ops-hls-pact25-artifact/codegen_apps/jacobian3d/vck5000_project/hls/build/hw/temp_dir/datamover_outerloop_0/datamover_outerloop_0/datamover_outerloop_0/solution/.autopilot/db/a.o.1.bc -o /home/x_thileeb/repos/ops-hls-pact25-artifact/codegen_apps/jacobian3d/vck5000_project/hls/build/hw/temp_dir/datamover_outerloop_0/datamover_outerloop_0/datamover_outerloop_0/solution/.autopilot/db/a.o.1.tmp.bc -f 
INFO: [XFORM 203-102] Partitioning array 'range.start' (/home/x_thileeb/repos/ops-hls-pact25-artifact/codegen_apps/jacobian3d/vck5000_project/hls/device/src/datamover_outerloop_0.cpp:186) automatically.
INFO: [XFORM 203-102] Partitioning array 'range.end' (/home/x_thileeb/repos/ops-hls-pact25-artifact/codegen_apps/jacobian3d/vck5000_project/hls/device/src/datamover_outerloop_0.cpp:186) automatically.
INFO: [XFORM 203-102] Partitioning array 'read_gridSize' (/home/x_thileeb/repos/ops-hls-pact25-artifact/codegen_apps/jacobian3d/vck5000_project/hls/device/src/datamover_outerloop_0.cpp:195) automatically.
INFO: [XFORM 203-602] Inlining function 'log_reduce::log_traits<double>::range_reduction<57>' into 'log_reduce::log_generic<double>' (/wrk/ci/prod/2022.1/rdi_builds/continuous/2022_04_18_3526262/src/shared/hls/clib/hlsmath/include/FloatingPoint/hls_log_.h:339) automatically.
INFO: [XFORM 203-602] Inlining function 'ops::hls::genMemConfig<(unsigned short)512, (unsigned short)256, (unsigned short)32>' into 'datamover_outerloop_0' (/home/x_thileeb/repos/ops-hls-pact25-artifact/codegen_apps/jacobian3d/vck5000_project/hls/device/src/datamover_outerloop_0.cpp:207) automatically.
WARNING: [HLS 200-805] An internal stream 'arg1_write_reduced_mem_strm' with default size can result in deadlock. Please consider resizing the stream using the directive 'set_directive_stream' or the 'HLS stream' pragma.
WARNING: [HLS 200-805] An internal stream 'arg1_write_mem_strm' with default size can result in deadlock. Please consider resizing the stream using the directive 'set_directive_stream' or the 'HLS stream' pragma.
WARNING: [HLS 200-805] An internal stream 'arg0_read_reduced_mem_strm' with default size can result in deadlock. Please consider resizing the stream using the directive 'set_directive_stream' or the 'HLS stream' pragma.
WARNING: [HLS 200-805] An internal stream 'arg0_read_mem_strm' with default size can result in deadlock. Please consider resizing the stream using the directive 'set_directive_stream' or the 'HLS stream' pragma.
INFO: [XFORM 203-712] Applying dataflow to function 'datamover_outerloop_0_dataflow_read_write_dataflow_region' (/home/x_thileeb/repos/ops-hls-pact25-artifact/codegen_apps/jacobian3d/vck5000_project/hls/device/src/datamover_outerloop_0.cpp:40:1), detected/extracted 7 process function(s): 
	 'entry_proc'
	 'ops::hls::mem2stream<512u, 32u, 2u>'
	 'ops::hls::stream2streamStepdown<512u, 256u>'
	 'ops::hls::stream2axis<256u>'
	 'ops::hls::axis2stream<256u>'
	 'ops::hls::stream2streamStepup<256u, 512u>'
	 'ops::hls::stream2mem<512u, 32u, 2u>'.
Command           transform done; 1.27 sec.
INFO-FLOW: Presyn 2...
Execute           transform -hls -keep-callgraph -scalarrepl -mem2reg -port-alignment -attach-range -dce -pipe-mux-gen -indvars -loop-bound -inst-simplify -instcombine -dce -merge-array-access -mem2reg -dce -clean-region -mergereturn -if-conv -instcombine -dce -constprop -basicaa -aggr-aa -aggrmodref-aa -aggr-aa -gvn -gvn -basicaa -aggr-aa -aggrmodref-aa -aggr-aa -dse -adse -adce -scalarrepl -mem2reg -global-constprop -deadargelim -deadargelim -instcombine -dce -simplifycfg -ptrArgReplace -mem2reg -function-inline -globaldce -mem2reg -instcombine -dce -expr-balance -instcombine -dce -bitwidthmin2 -bitwidthmin2 -interface-preproc -directive-preproc -inst-rectify -instcombine -dce -functionattrs -constprop -instcombine -bit-constprop -simplify-global-access -globalopt -globaldce -inst-simplify -instcombine -elimdeaddata -dce -loop-delete -simplifycfg -loop-simplify -auto-burst -barrier -norm-name /home/x_thileeb/repos/ops-hls-pact25-artifact/codegen_apps/jacobian3d/vck5000_project/hls/build/hw/temp_dir/datamover_outerloop_0/datamover_outerloop_0/datamover_outerloop_0/solution/.autopilot/db/a.o.1.tmp.bc -o /home/x_thileeb/repos/ops-hls-pact25-artifact/codegen_apps/jacobian3d/vck5000_project/hls/build/hw/temp_dir/datamover_outerloop_0/datamover_outerloop_0/datamover_outerloop_0/solution/.autopilot/db/a.o.2.bc -f -phase presyn 
Command           transform done; 0.56 sec.
INFO: [HLS 200-111] Finished Loop, function and other optimizations: CPU user time: 1.61 seconds. CPU system time: 0.19 seconds. Elapsed time: 1.85 seconds; current allocated memory: 925.156 MB.
Execute           get_config_compile -enable_auto_rewind 
Execute           get_config_compile -enable_loop_extract 
INFO-FLOW: Building ssdm...
Execute           transform -hls -function-uniquify -auto-function-inline -globaldce -ptrArgReplace -mem2reg -dce -reset-lda -loop-simplify -indvars -aggr-aa -licm -loop-dep -loop-bound -licm -loop-simplify -loop-sink-hoist -flattenloopnest -array-flatten -gvn -instcombine -dce -array-map -dce -func-legal -gvn -adce -instcombine -cfgopt -simplifycfg -loop-simplify -array-burst -promote-global-argument -dce -array-seg-normalize -basicaa -aggrmodref-aa -globalsmodref-aa -aggr-aa -gvn -gvn -basicaa -aggrmodref-aa -globalsmodref-aa -aggr-aa -dse -adse -adce -licm -inst-simplify -dce -globaldce -instcombine -array-stream -eliminate-keepreads -instcombine -dce -deadargelim -doublePtrSimplify -doublePtrElim -dce -doublePtrSimplify -promote-dbg-pointer -dce -scalarrepl -mem2reg -norm-name -mem2reg -instcombine -dse -adse -adce -ptrLegalization -dce -auto-rom-infer -array-flatten -dce -instcombine -check-doubleptr -loop-rot -constprop -cfgopt -simplifycfg -loop-simplify -indvars -pointer-simplify -dce -loop-bound -loop-simplify -loop-preproc -constprop -global-constprop -gvn -mem2reg -instcombine -dce -loop-bound -loop-merge -dce -deadargelim -dce -canonicalize-dataflow -dce -deadargelim -globaldce -mem2reg -bram-byte-enable -load-elim -read-loop-dep -loop-simplify -loop-extract-inner -directive-preproc -bitwidthmin2 -bitwidthmin2 -read-loop-dep -interface-preproc -directive-preproc -interface-gen -bram-byte-enable-spec-prop -deadargelim -inst-simplify -dce -gvn -mem2reg -instcombine -dce -adse -loop-bound -instcombine -cfgopt -simplifycfg -loop-simplify -clean-region -io-protocol -find-region -mem2reg -bitop-raise -complex-op-raise -inst-simplify -inst-rectify -instcombine -adce -deadargelim -float-op-raise -loop-simplify -phi-opt -bitop-raise -cfgopt -simplifycfg -strip-dead-prototypes -interface-lower -bitop-lower -intrinsic-lower -auto-function-inline -basicaa -aggrmodref-aa -globalsmodref-aa -aggr-aa -inst-simplify -simplifycfg -loop-simplify -mergereturn -inst-simplify -inst-rectify -dce -load-elim -bitop-lower -float-op-raise -fma-raise -loop-rewind -pointer-simplify -dce -cfgopt -dce -loop-bound -loop-dep -read-loop-dep -dce -dyn-mem-reuse -dce -recurrence-min -dce -share-scalar-alloca -deadargelim -dce -check-stream -norm-name -legalize -validate-dataflow -inst-clarity -bitwidth -dump-loop-dep-to-ir -check-all-ssdm -cdfg-build /home/x_thileeb/repos/ops-hls-pact25-artifact/codegen_apps/jacobian3d/vck5000_project/hls/build/hw/temp_dir/datamover_outerloop_0/datamover_outerloop_0/datamover_outerloop_0/solution/.autopilot/db/a.o.2.bc -o /home/x_thileeb/repos/ops-hls-pact25-artifact/codegen_apps/jacobian3d/vck5000_project/hls/build/hw/temp_dir/datamover_outerloop_0/datamover_outerloop_0/datamover_outerloop_0/solution/.autopilot/db/a.o.3.bc -f -phase build-ssdm 
INFO: [XFORM 203-541] Flattening a loop nest 'VITIS_LOOP_809_1' (/home/x_thileeb/repos/ops-hls-pact25-artifact/OPS/ops/hls/include/device/../../L1/include/ops_hls_datamover.hpp:808:33) in function 'ops::hls::stream2streamStepup<256u, 512u>'.
INFO: [XFORM 203-541] Flattening a loop nest 'VITIS_LOOP_893_1' (/home/x_thileeb/repos/ops-hls-pact25-artifact/OPS/ops/hls/include/device/../../L1/include/ops_hls_datamover.hpp:891:33) in function 'ops::hls::stream2streamStepdown<512u, 256u>'.
Command           transform done; 0.52 sec.
INFO: [HLS 200-111] Finished Architecture Synthesis: CPU user time: 0.43 seconds. CPU system time: 0.08 seconds. Elapsed time: 0.52 seconds; current allocated memory: 1.043 GB.
INFO-FLOW: Finish building internal data model.
Command         opt_and_import_c done; 5.01 sec.
Command       elaborate done; 24.05 sec.
Execute       ap_eval exec zip -j /home/x_thileeb/repos/ops-hls-pact25-artifact/codegen_apps/jacobian3d/vck5000_project/hls/build/hw/temp_dir/datamover_outerloop_0/datamover_outerloop_0/datamover_outerloop_0/solution/.autopilot/db/dut.hcp $dbDir/a.o.3.bc $dbDir/${topname}.rtl_wrap.cfg.tcl $dbDir/apatb_${topname}.cpp $dbDir/apatb_${topname}_util.cpp $dbDir/apatb_${topname}_ir.ll $dbDir/mapper_${topname}.cpp $dbDir/top-io-fe.xml $dbDir/kernel.internal.xml $workdir/../hls.app 
Command       ap_eval done; 0.16 sec.
Execute       autosyn -from_csynth_design=1 
INFO: [HLS 200-10] Starting hardware synthesis ...
INFO-FLOW: Synthesizing C/C++ design ...
INFO: [HLS 200-10] Synthesizing 'datamover_outerloop_0' ...
Execute         ap_set_top_model datamover_outerloop_0 
WARNING: [SYN 201-103] Legalizing function name 'mem2stream<512u, 32u, 2u>_Pipeline_VITIS_LOOP_431_1' to 'mem2stream_512u_32u_2u_Pipeline_VITIS_LOOP_431_1'.
WARNING: [SYN 201-103] Legalizing function name 'mem2stream<512u, 32u, 2u>_Pipeline_VITIS_LOOP_453_2' to 'mem2stream_512u_32u_2u_Pipeline_VITIS_LOOP_453_2'.
WARNING: [SYN 201-103] Legalizing function name 'mem2stream<512u, 32u, 2u>' to 'mem2stream_512u_32u_2u_s'.
WARNING: [SYN 201-103] Legalizing function name 'stream2streamStepdown<512u, 256u>_Pipeline_VITIS_LOOP_893_1_VITIS_LOOP_895_2' to 'stream2streamStepdown_512u_256u_Pipeline_VITIS_LOOP_893_1_VITIS_LOOP_895_2'.
WARNING: [SYN 201-103] Legalizing function name 'stream2streamStepdown<512u, 256u>' to 'stream2streamStepdown_512u_256u_s'.
WARNING: [SYN 201-103] Legalizing function name 'stream2axis<256u>_Pipeline_VITIS_LOOP_956_1' to 'stream2axis_256u_Pipeline_VITIS_LOOP_956_1'.
WARNING: [SYN 201-103] Legalizing function name 'stream2axis<256u>' to 'stream2axis_256u_s'.
WARNING: [SYN 201-103] Legalizing function name 'axis2stream<256u>' to 'axis2stream_256u_s'.
WARNING: [SYN 201-103] Legalizing function name 'stream2streamStepup<256u, 512u>_Pipeline_VITIS_LOOP_809_1_VITIS_LOOP_811_2' to 'stream2streamStepup_256u_512u_Pipeline_VITIS_LOOP_809_1_VITIS_LOOP_811_2'.
WARNING: [SYN 201-103] Legalizing function name 'stream2streamStepup<256u, 512u>' to 'stream2streamStepup_256u_512u_s'.
WARNING: [SYN 201-103] Legalizing function name 'stream2mem<512u, 32u, 2u>_Pipeline_VITIS_LOOP_567_1' to 'stream2mem_512u_32u_2u_Pipeline_VITIS_LOOP_567_1'.
WARNING: [SYN 201-103] Legalizing function name 'stream2mem<512u, 32u, 2u>_Pipeline_VITIS_LOOP_580_2' to 'stream2mem_512u_32u_2u_Pipeline_VITIS_LOOP_580_2'.
WARNING: [SYN 201-103] Legalizing function name 'stream2mem<512u, 32u, 2u>' to 'stream2mem_512u_32u_2u_s'.
Execute         get_model_list datamover_outerloop_0 -filter all-wo-channel -topdown 
Execute         preproc_iomode -model datamover_outerloop_0 
Execute         preproc_iomode -model datamover_outerloop_0_dataflow_read_write_dataflow_region 
Execute         preproc_iomode -model stream2mem<512u, 32u, 2u> 
Execute         preproc_iomode -model stream2mem<512u, 32u, 2u>_Pipeline_VITIS_LOOP_580_2 
Execute         preproc_iomode -model stream2mem<512u, 32u, 2u>_Pipeline_VITIS_LOOP_567_1 
Execute         preproc_iomode -model stream2streamStepup<256u, 512u> 
Execute         preproc_iomode -model stream2streamStepup<256u, 512u>_Pipeline_VITIS_LOOP_809_1_VITIS_LOOP_811_2 
Execute         preproc_iomode -model axis2stream<256u> 
Execute         preproc_iomode -model stream2axis<256u> 
Execute         preproc_iomode -model stream2axis<256u>_Pipeline_VITIS_LOOP_956_1 
Execute         preproc_iomode -model stream2streamStepdown<512u, 256u> 
Execute         preproc_iomode -model stream2streamStepdown<512u, 256u>_Pipeline_VITIS_LOOP_893_1_VITIS_LOOP_895_2 
Execute         preproc_iomode -model mem2stream<512u, 32u, 2u> 
Execute         preproc_iomode -model mem2stream<512u, 32u, 2u>_Pipeline_VITIS_LOOP_453_2 
Execute         preproc_iomode -model mem2stream<512u, 32u, 2u>_Pipeline_VITIS_LOOP_431_1 
Execute         preproc_iomode -model entry_proc 
Execute         get_model_list datamover_outerloop_0 -filter all-wo-channel 
INFO-FLOW: Model list for configure: entry_proc {mem2stream<512u, 32u, 2u>_Pipeline_VITIS_LOOP_431_1} {mem2stream<512u, 32u, 2u>_Pipeline_VITIS_LOOP_453_2} {mem2stream<512u, 32u, 2u>} {stream2streamStepdown<512u, 256u>_Pipeline_VITIS_LOOP_893_1_VITIS_LOOP_895_2} {stream2streamStepdown<512u, 256u>} stream2axis<256u>_Pipeline_VITIS_LOOP_956_1 stream2axis<256u> axis2stream<256u> {stream2streamStepup<256u, 512u>_Pipeline_VITIS_LOOP_809_1_VITIS_LOOP_811_2} {stream2streamStepup<256u, 512u>} {stream2mem<512u, 32u, 2u>_Pipeline_VITIS_LOOP_567_1} {stream2mem<512u, 32u, 2u>_Pipeline_VITIS_LOOP_580_2} {stream2mem<512u, 32u, 2u>} datamover_outerloop_0_dataflow_read_write_dataflow_region datamover_outerloop_0
INFO-FLOW: Configuring Module : entry_proc ...
Execute         set_default_model entry_proc 
Execute         apply_spec_resource_limit entry_proc 
INFO-FLOW: Configuring Module : mem2stream<512u, 32u, 2u>_Pipeline_VITIS_LOOP_431_1 ...
Execute         set_default_model mem2stream<512u, 32u, 2u>_Pipeline_VITIS_LOOP_431_1 
Execute         apply_spec_resource_limit mem2stream<512u, 32u, 2u>_Pipeline_VITIS_LOOP_431_1 
INFO-FLOW: Configuring Module : mem2stream<512u, 32u, 2u>_Pipeline_VITIS_LOOP_453_2 ...
Execute         set_default_model mem2stream<512u, 32u, 2u>_Pipeline_VITIS_LOOP_453_2 
Execute         apply_spec_resource_limit mem2stream<512u, 32u, 2u>_Pipeline_VITIS_LOOP_453_2 
INFO-FLOW: Configuring Module : mem2stream<512u, 32u, 2u> ...
Execute         set_default_model mem2stream<512u, 32u, 2u> 
Execute         apply_spec_resource_limit mem2stream<512u, 32u, 2u> 
INFO-FLOW: Configuring Module : stream2streamStepdown<512u, 256u>_Pipeline_VITIS_LOOP_893_1_VITIS_LOOP_895_2 ...
Execute         set_default_model stream2streamStepdown<512u, 256u>_Pipeline_VITIS_LOOP_893_1_VITIS_LOOP_895_2 
Execute         apply_spec_resource_limit stream2streamStepdown<512u, 256u>_Pipeline_VITIS_LOOP_893_1_VITIS_LOOP_895_2 
INFO-FLOW: Configuring Module : stream2streamStepdown<512u, 256u> ...
Execute         set_default_model stream2streamStepdown<512u, 256u> 
Execute         apply_spec_resource_limit stream2streamStepdown<512u, 256u> 
INFO-FLOW: Configuring Module : stream2axis<256u>_Pipeline_VITIS_LOOP_956_1 ...
Execute         set_default_model stream2axis<256u>_Pipeline_VITIS_LOOP_956_1 
Execute         apply_spec_resource_limit stream2axis<256u>_Pipeline_VITIS_LOOP_956_1 
INFO-FLOW: Configuring Module : stream2axis<256u> ...
Execute         set_default_model stream2axis<256u> 
Execute         apply_spec_resource_limit stream2axis<256u> 
INFO-FLOW: Configuring Module : axis2stream<256u> ...
Execute         set_default_model axis2stream<256u> 
Execute         apply_spec_resource_limit axis2stream<256u> 
INFO-FLOW: Configuring Module : stream2streamStepup<256u, 512u>_Pipeline_VITIS_LOOP_809_1_VITIS_LOOP_811_2 ...
Execute         set_default_model stream2streamStepup<256u, 512u>_Pipeline_VITIS_LOOP_809_1_VITIS_LOOP_811_2 
Execute         apply_spec_resource_limit stream2streamStepup<256u, 512u>_Pipeline_VITIS_LOOP_809_1_VITIS_LOOP_811_2 
INFO-FLOW: Configuring Module : stream2streamStepup<256u, 512u> ...
Execute         set_default_model stream2streamStepup<256u, 512u> 
Execute         apply_spec_resource_limit stream2streamStepup<256u, 512u> 
INFO-FLOW: Configuring Module : stream2mem<512u, 32u, 2u>_Pipeline_VITIS_LOOP_567_1 ...
Execute         set_default_model stream2mem<512u, 32u, 2u>_Pipeline_VITIS_LOOP_567_1 
Execute         apply_spec_resource_limit stream2mem<512u, 32u, 2u>_Pipeline_VITIS_LOOP_567_1 
INFO-FLOW: Configuring Module : stream2mem<512u, 32u, 2u>_Pipeline_VITIS_LOOP_580_2 ...
Execute         set_default_model stream2mem<512u, 32u, 2u>_Pipeline_VITIS_LOOP_580_2 
Execute         apply_spec_resource_limit stream2mem<512u, 32u, 2u>_Pipeline_VITIS_LOOP_580_2 
INFO-FLOW: Configuring Module : stream2mem<512u, 32u, 2u> ...
Execute         set_default_model stream2mem<512u, 32u, 2u> 
Execute         apply_spec_resource_limit stream2mem<512u, 32u, 2u> 
INFO-FLOW: Configuring Module : datamover_outerloop_0_dataflow_read_write_dataflow_region ...
Execute         set_default_model datamover_outerloop_0_dataflow_read_write_dataflow_region 
Execute         apply_spec_resource_limit datamover_outerloop_0_dataflow_read_write_dataflow_region 
INFO-FLOW: Configuring Module : datamover_outerloop_0 ...
Execute         set_default_model datamover_outerloop_0 
Execute         apply_spec_resource_limit datamover_outerloop_0 
INFO-FLOW: Model list for preprocess: entry_proc {mem2stream<512u, 32u, 2u>_Pipeline_VITIS_LOOP_431_1} {mem2stream<512u, 32u, 2u>_Pipeline_VITIS_LOOP_453_2} {mem2stream<512u, 32u, 2u>} {stream2streamStepdown<512u, 256u>_Pipeline_VITIS_LOOP_893_1_VITIS_LOOP_895_2} {stream2streamStepdown<512u, 256u>} stream2axis<256u>_Pipeline_VITIS_LOOP_956_1 stream2axis<256u> axis2stream<256u> {stream2streamStepup<256u, 512u>_Pipeline_VITIS_LOOP_809_1_VITIS_LOOP_811_2} {stream2streamStepup<256u, 512u>} {stream2mem<512u, 32u, 2u>_Pipeline_VITIS_LOOP_567_1} {stream2mem<512u, 32u, 2u>_Pipeline_VITIS_LOOP_580_2} {stream2mem<512u, 32u, 2u>} datamover_outerloop_0_dataflow_read_write_dataflow_region datamover_outerloop_0
INFO-FLOW: Preprocessing Module: entry_proc ...
Execute         set_default_model entry_proc 
Execute         cdfg_preprocess -model entry_proc 
Execute         rtl_gen_preprocess entry_proc 
INFO-FLOW: Preprocessing Module: mem2stream<512u, 32u, 2u>_Pipeline_VITIS_LOOP_431_1 ...
Execute         set_default_model mem2stream<512u, 32u, 2u>_Pipeline_VITIS_LOOP_431_1 
Execute         cdfg_preprocess -model mem2stream<512u, 32u, 2u>_Pipeline_VITIS_LOOP_431_1 
Execute         rtl_gen_preprocess mem2stream<512u, 32u, 2u>_Pipeline_VITIS_LOOP_431_1 
INFO-FLOW: Preprocessing Module: mem2stream<512u, 32u, 2u>_Pipeline_VITIS_LOOP_453_2 ...
Execute         set_default_model mem2stream<512u, 32u, 2u>_Pipeline_VITIS_LOOP_453_2 
Execute         cdfg_preprocess -model mem2stream<512u, 32u, 2u>_Pipeline_VITIS_LOOP_453_2 
Execute         rtl_gen_preprocess mem2stream<512u, 32u, 2u>_Pipeline_VITIS_LOOP_453_2 
INFO-FLOW: Preprocessing Module: mem2stream<512u, 32u, 2u> ...
Execute         set_default_model mem2stream<512u, 32u, 2u> 
Execute         cdfg_preprocess -model mem2stream<512u, 32u, 2u> 
Execute         rtl_gen_preprocess mem2stream<512u, 32u, 2u> 
INFO-FLOW: Preprocessing Module: stream2streamStepdown<512u, 256u>_Pipeline_VITIS_LOOP_893_1_VITIS_LOOP_895_2 ...
Execute         set_default_model stream2streamStepdown<512u, 256u>_Pipeline_VITIS_LOOP_893_1_VITIS_LOOP_895_2 
Execute         cdfg_preprocess -model stream2streamStepdown<512u, 256u>_Pipeline_VITIS_LOOP_893_1_VITIS_LOOP_895_2 
Execute         rtl_gen_preprocess stream2streamStepdown<512u, 256u>_Pipeline_VITIS_LOOP_893_1_VITIS_LOOP_895_2 
INFO-FLOW: Preprocessing Module: stream2streamStepdown<512u, 256u> ...
Execute         set_default_model stream2streamStepdown<512u, 256u> 
Execute         cdfg_preprocess -model stream2streamStepdown<512u, 256u> 
Execute         rtl_gen_preprocess stream2streamStepdown<512u, 256u> 
INFO-FLOW: Preprocessing Module: stream2axis<256u>_Pipeline_VITIS_LOOP_956_1 ...
Execute         set_default_model stream2axis<256u>_Pipeline_VITIS_LOOP_956_1 
Execute         cdfg_preprocess -model stream2axis<256u>_Pipeline_VITIS_LOOP_956_1 
Execute         rtl_gen_preprocess stream2axis<256u>_Pipeline_VITIS_LOOP_956_1 
INFO-FLOW: Preprocessing Module: stream2axis<256u> ...
Execute         set_default_model stream2axis<256u> 
Execute         cdfg_preprocess -model stream2axis<256u> 
Execute         rtl_gen_preprocess stream2axis<256u> 
INFO-FLOW: Preprocessing Module: axis2stream<256u> ...
Execute         set_default_model axis2stream<256u> 
Execute         cdfg_preprocess -model axis2stream<256u> 
Execute         rtl_gen_preprocess axis2stream<256u> 
INFO-FLOW: Preprocessing Module: stream2streamStepup<256u, 512u>_Pipeline_VITIS_LOOP_809_1_VITIS_LOOP_811_2 ...
Execute         set_default_model stream2streamStepup<256u, 512u>_Pipeline_VITIS_LOOP_809_1_VITIS_LOOP_811_2 
Execute         cdfg_preprocess -model stream2streamStepup<256u, 512u>_Pipeline_VITIS_LOOP_809_1_VITIS_LOOP_811_2 
Execute         rtl_gen_preprocess stream2streamStepup<256u, 512u>_Pipeline_VITIS_LOOP_809_1_VITIS_LOOP_811_2 
INFO-FLOW: Preprocessing Module: stream2streamStepup<256u, 512u> ...
Execute         set_default_model stream2streamStepup<256u, 512u> 
Execute         cdfg_preprocess -model stream2streamStepup<256u, 512u> 
Execute         rtl_gen_preprocess stream2streamStepup<256u, 512u> 
INFO-FLOW: Preprocessing Module: stream2mem<512u, 32u, 2u>_Pipeline_VITIS_LOOP_567_1 ...
Execute         set_default_model stream2mem<512u, 32u, 2u>_Pipeline_VITIS_LOOP_567_1 
Execute         cdfg_preprocess -model stream2mem<512u, 32u, 2u>_Pipeline_VITIS_LOOP_567_1 
Execute         rtl_gen_preprocess stream2mem<512u, 32u, 2u>_Pipeline_VITIS_LOOP_567_1 
INFO-FLOW: Preprocessing Module: stream2mem<512u, 32u, 2u>_Pipeline_VITIS_LOOP_580_2 ...
Execute         set_default_model stream2mem<512u, 32u, 2u>_Pipeline_VITIS_LOOP_580_2 
Execute         cdfg_preprocess -model stream2mem<512u, 32u, 2u>_Pipeline_VITIS_LOOP_580_2 
Execute         rtl_gen_preprocess stream2mem<512u, 32u, 2u>_Pipeline_VITIS_LOOP_580_2 
INFO-FLOW: Preprocessing Module: stream2mem<512u, 32u, 2u> ...
Execute         set_default_model stream2mem<512u, 32u, 2u> 
Execute         cdfg_preprocess -model stream2mem<512u, 32u, 2u> 
Execute         rtl_gen_preprocess stream2mem<512u, 32u, 2u> 
INFO-FLOW: Preprocessing Module: datamover_outerloop_0_dataflow_read_write_dataflow_region ...
Execute         set_default_model datamover_outerloop_0_dataflow_read_write_dataflow_region 
Execute         cdfg_preprocess -model datamover_outerloop_0_dataflow_read_write_dataflow_region 
Execute         rtl_gen_preprocess datamover_outerloop_0_dataflow_read_write_dataflow_region 
INFO-FLOW: Preprocessing Module: datamover_outerloop_0 ...
Execute         set_default_model datamover_outerloop_0 
Execute         cdfg_preprocess -model datamover_outerloop_0 
Execute         rtl_gen_preprocess datamover_outerloop_0 
INFO-FLOW: Model list for synthesis: entry_proc {mem2stream<512u, 32u, 2u>_Pipeline_VITIS_LOOP_431_1} {mem2stream<512u, 32u, 2u>_Pipeline_VITIS_LOOP_453_2} {mem2stream<512u, 32u, 2u>} {stream2streamStepdown<512u, 256u>_Pipeline_VITIS_LOOP_893_1_VITIS_LOOP_895_2} {stream2streamStepdown<512u, 256u>} stream2axis<256u>_Pipeline_VITIS_LOOP_956_1 stream2axis<256u> axis2stream<256u> {stream2streamStepup<256u, 512u>_Pipeline_VITIS_LOOP_809_1_VITIS_LOOP_811_2} {stream2streamStepup<256u, 512u>} {stream2mem<512u, 32u, 2u>_Pipeline_VITIS_LOOP_567_1} {stream2mem<512u, 32u, 2u>_Pipeline_VITIS_LOOP_580_2} {stream2mem<512u, 32u, 2u>} datamover_outerloop_0_dataflow_read_write_dataflow_region datamover_outerloop_0
INFO: [HLS 200-10] ----------------------------------------------------------------
INFO: [HLS 200-42] -- Implementing module 'entry_proc' 
INFO: [HLS 200-10] ----------------------------------------------------------------
Execute         set_default_model entry_proc 
Execute         schedule -model entry_proc 
INFO: [SCHED 204-11] Starting scheduling ...
INFO: [SCHED 204-11] Finished scheduling.
INFO: [HLS 200-111] Finished Scheduling: CPU user time: 0.13 seconds. CPU system time: 0.11 seconds. Elapsed time: 0.3 seconds; current allocated memory: 1.043 GB.
Execute         syn_report -verbosereport -o /home/x_thileeb/repos/ops-hls-pact25-artifact/codegen_apps/jacobian3d/vck5000_project/hls/build/hw/temp_dir/datamover_outerloop_0/datamover_outerloop_0/datamover_outerloop_0/solution/.autopilot/db/entry_proc.verbose.sched.rpt 
Execute           AP::get_flow_target_display_name
Execute             get_solution -flow_target 
Execute         db_write -o /home/x_thileeb/repos/ops-hls-pact25-artifact/codegen_apps/jacobian3d/vck5000_project/hls/build/hw/temp_dir/datamover_outerloop_0/datamover_outerloop_0/datamover_outerloop_0/solution/.autopilot/db/entry_proc.sched.adb -f 
INFO-FLOW: Finish scheduling entry_proc.
Execute         set_default_model entry_proc 
Execute         bind -model entry_proc 
INFO: [BIND 205-100] Starting micro-architecture generation ...
INFO: [BIND 205-101] Performing variable lifetime analysis.
INFO: [BIND 205-101] Exploring resource sharing.
INFO: [BIND 205-101] Binding ...
INFO: [BIND 205-100] Finished micro-architecture generation.
INFO: [HLS 200-111] Finished Binding: CPU user time: 0.02 seconds. CPU system time: 0 seconds. Elapsed time: 0.03 seconds; current allocated memory: 1.044 GB.
Execute         syn_report -verbosereport -o /home/x_thileeb/repos/ops-hls-pact25-artifact/codegen_apps/jacobian3d/vck5000_project/hls/build/hw/temp_dir/datamover_outerloop_0/datamover_outerloop_0/datamover_outerloop_0/solution/.autopilot/db/entry_proc.verbose.bind.rpt 
Execute           AP::get_flow_target_display_name
Execute             get_solution -flow_target 
Execute         db_write -o /home/x_thileeb/repos/ops-hls-pact25-artifact/codegen_apps/jacobian3d/vck5000_project/hls/build/hw/temp_dir/datamover_outerloop_0/datamover_outerloop_0/datamover_outerloop_0/solution/.autopilot/db/entry_proc.bind.adb -f 
INFO-FLOW: Finish binding entry_proc.
INFO: [HLS 200-10] ----------------------------------------------------------------
INFO: [HLS 200-42] -- Implementing module 'mem2stream_512u_32u_2u_Pipeline_VITIS_LOOP_431_1' 
INFO: [HLS 200-10] ----------------------------------------------------------------
Execute         set_default_model mem2stream<512u, 32u, 2u>_Pipeline_VITIS_LOOP_431_1 
Execute         schedule -model mem2stream<512u, 32u, 2u>_Pipeline_VITIS_LOOP_431_1 
INFO: [SCHED 204-11] Starting scheduling ...
INFO: [SCHED 204-61] Pipelining loop 'VITIS_LOOP_431_1'.
INFO: [HLS 200-1470] Pipelining result : Target II = 2, Final II = 2, Depth = 3, loop 'VITIS_LOOP_431_1'
INFO: [SCHED 204-11] Finished scheduling.
INFO: [HLS 200-111] Finished Scheduling: CPU user time: 0.06 seconds. CPU system time: 0 seconds. Elapsed time: 0.08 seconds; current allocated memory: 1.044 GB.
Execute         syn_report -verbosereport -o /home/x_thileeb/repos/ops-hls-pact25-artifact/codegen_apps/jacobian3d/vck5000_project/hls/build/hw/temp_dir/datamover_outerloop_0/datamover_outerloop_0/datamover_outerloop_0/solution/.autopilot/db/mem2stream_512u_32u_2u_Pipeline_VITIS_LOOP_431_1.verbose.sched.rpt 
Execute           AP::get_flow_target_display_name
Execute             get_solution -flow_target 
Execute         db_write -o /home/x_thileeb/repos/ops-hls-pact25-artifact/codegen_apps/jacobian3d/vck5000_project/hls/build/hw/temp_dir/datamover_outerloop_0/datamover_outerloop_0/datamover_outerloop_0/solution/.autopilot/db/mem2stream_512u_32u_2u_Pipeline_VITIS_LOOP_431_1.sched.adb -f 
INFO-FLOW: Finish scheduling mem2stream<512u, 32u, 2u>_Pipeline_VITIS_LOOP_431_1.
Execute         set_default_model mem2stream<512u, 32u, 2u>_Pipeline_VITIS_LOOP_431_1 
Execute         bind -model mem2stream<512u, 32u, 2u>_Pipeline_VITIS_LOOP_431_1 
INFO: [BIND 205-100] Starting micro-architecture generation ...
INFO: [BIND 205-101] Performing variable lifetime analysis.
INFO: [BIND 205-101] Exploring resource sharing.
INFO: [BIND 205-101] Binding ...
INFO: [BIND 205-100] Finished micro-architecture generation.
INFO: [HLS 200-111] Finished Binding: CPU user time: 0.04 seconds. CPU system time: 0 seconds. Elapsed time: 0.06 seconds; current allocated memory: 1.044 GB.
Execute         syn_report -verbosereport -o /home/x_thileeb/repos/ops-hls-pact25-artifact/codegen_apps/jacobian3d/vck5000_project/hls/build/hw/temp_dir/datamover_outerloop_0/datamover_outerloop_0/datamover_outerloop_0/solution/.autopilot/db/mem2stream_512u_32u_2u_Pipeline_VITIS_LOOP_431_1.verbose.bind.rpt 
Execute           AP::get_flow_target_display_name
Execute             get_solution -flow_target 
Execute         db_write -o /home/x_thileeb/repos/ops-hls-pact25-artifact/codegen_apps/jacobian3d/vck5000_project/hls/build/hw/temp_dir/datamover_outerloop_0/datamover_outerloop_0/datamover_outerloop_0/solution/.autopilot/db/mem2stream_512u_32u_2u_Pipeline_VITIS_LOOP_431_1.bind.adb -f 
INFO-FLOW: Finish binding mem2stream<512u, 32u, 2u>_Pipeline_VITIS_LOOP_431_1.
INFO: [HLS 200-10] ----------------------------------------------------------------
INFO: [HLS 200-42] -- Implementing module 'mem2stream_512u_32u_2u_Pipeline_VITIS_LOOP_453_2' 
INFO: [HLS 200-10] ----------------------------------------------------------------
Execute         set_default_model mem2stream<512u, 32u, 2u>_Pipeline_VITIS_LOOP_453_2 
Execute         schedule -model mem2stream<512u, 32u, 2u>_Pipeline_VITIS_LOOP_453_2 
INFO: [SCHED 204-11] Starting scheduling ...
INFO: [SCHED 204-61] Pipelining loop 'VITIS_LOOP_453_2'.
INFO: [HLS 200-1470] Pipelining result : Target II = 2, Final II = 2, Depth = 3, loop 'VITIS_LOOP_453_2'
INFO: [SCHED 204-11] Finished scheduling.
INFO: [HLS 200-111] Finished Scheduling: CPU user time: 0.07 seconds. CPU system time: 0.01 seconds. Elapsed time: 0.1 seconds; current allocated memory: 1.044 GB.
Execute         syn_report -verbosereport -o /home/x_thileeb/repos/ops-hls-pact25-artifact/codegen_apps/jacobian3d/vck5000_project/hls/build/hw/temp_dir/datamover_outerloop_0/datamover_outerloop_0/datamover_outerloop_0/solution/.autopilot/db/mem2stream_512u_32u_2u_Pipeline_VITIS_LOOP_453_2.verbose.sched.rpt 
Execute           AP::get_flow_target_display_name
Execute             get_solution -flow_target 
Execute         db_write -o /home/x_thileeb/repos/ops-hls-pact25-artifact/codegen_apps/jacobian3d/vck5000_project/hls/build/hw/temp_dir/datamover_outerloop_0/datamover_outerloop_0/datamover_outerloop_0/solution/.autopilot/db/mem2stream_512u_32u_2u_Pipeline_VITIS_LOOP_453_2.sched.adb -f 
INFO-FLOW: Finish scheduling mem2stream<512u, 32u, 2u>_Pipeline_VITIS_LOOP_453_2.
Execute         set_default_model mem2stream<512u, 32u, 2u>_Pipeline_VITIS_LOOP_453_2 
Execute         bind -model mem2stream<512u, 32u, 2u>_Pipeline_VITIS_LOOP_453_2 
INFO: [BIND 205-100] Starting micro-architecture generation ...
INFO: [BIND 205-101] Performing variable lifetime analysis.
INFO: [BIND 205-101] Exploring resource sharing.
INFO: [BIND 205-101] Binding ...
INFO: [BIND 205-100] Finished micro-architecture generation.
INFO: [HLS 200-111] Finished Binding: CPU user time: 0.03 seconds. CPU system time: 0 seconds. Elapsed time: 0.04 seconds; current allocated memory: 1.044 GB.
Execute         syn_report -verbosereport -o /home/x_thileeb/repos/ops-hls-pact25-artifact/codegen_apps/jacobian3d/vck5000_project/hls/build/hw/temp_dir/datamover_outerloop_0/datamover_outerloop_0/datamover_outerloop_0/solution/.autopilot/db/mem2stream_512u_32u_2u_Pipeline_VITIS_LOOP_453_2.verbose.bind.rpt 
Execute           AP::get_flow_target_display_name
Execute             get_solution -flow_target 
Execute         db_write -o /home/x_thileeb/repos/ops-hls-pact25-artifact/codegen_apps/jacobian3d/vck5000_project/hls/build/hw/temp_dir/datamover_outerloop_0/datamover_outerloop_0/datamover_outerloop_0/solution/.autopilot/db/mem2stream_512u_32u_2u_Pipeline_VITIS_LOOP_453_2.bind.adb -f 
INFO-FLOW: Finish binding mem2stream<512u, 32u, 2u>_Pipeline_VITIS_LOOP_453_2.
INFO: [HLS 200-10] ----------------------------------------------------------------
INFO: [HLS 200-42] -- Implementing module 'mem2stream_512u_32u_2u_s' 
INFO: [HLS 200-10] ----------------------------------------------------------------
Execute         set_default_model mem2stream<512u, 32u, 2u> 
Execute         schedule -model mem2stream<512u, 32u, 2u> 
INFO: [SCHED 204-11] Starting scheduling ...
INFO: [SCHED 204-11] Finished scheduling.
Command         schedule done; 0.47 sec.
INFO: [HLS 200-111] Finished Scheduling: CPU user time: 0.48 seconds. CPU system time: 0 seconds. Elapsed time: 0.5 seconds; current allocated memory: 1.044 GB.
Execute         syn_report -verbosereport -o /home/x_thileeb/repos/ops-hls-pact25-artifact/codegen_apps/jacobian3d/vck5000_project/hls/build/hw/temp_dir/datamover_outerloop_0/datamover_outerloop_0/datamover_outerloop_0/solution/.autopilot/db/mem2stream_512u_32u_2u_s.verbose.sched.rpt 
Execute           AP::get_flow_target_display_name
Execute             get_solution -flow_target 
Command         syn_report done; 0.63 sec.
Execute         db_write -o /home/x_thileeb/repos/ops-hls-pact25-artifact/codegen_apps/jacobian3d/vck5000_project/hls/build/hw/temp_dir/datamover_outerloop_0/datamover_outerloop_0/datamover_outerloop_0/solution/.autopilot/db/mem2stream_512u_32u_2u_s.sched.adb -f 
INFO-FLOW: Finish scheduling mem2stream<512u, 32u, 2u>.
Execute         set_default_model mem2stream<512u, 32u, 2u> 
Execute         bind -model mem2stream<512u, 32u, 2u> 
INFO: [BIND 205-100] Starting micro-architecture generation ...
INFO: [BIND 205-101] Performing variable lifetime analysis.
INFO: [BIND 205-101] Exploring resource sharing.
INFO: [BIND 205-101] Binding ...
INFO: [BIND 205-100] Finished micro-architecture generation.
Command         bind done; 0.43 sec.
INFO: [HLS 200-111] Finished Binding: CPU user time: 1.04 seconds. CPU system time: 0.01 seconds. Elapsed time: 1.06 seconds; current allocated memory: 1.045 GB.
Execute         syn_report -verbosereport -o /home/x_thileeb/repos/ops-hls-pact25-artifact/codegen_apps/jacobian3d/vck5000_project/hls/build/hw/temp_dir/datamover_outerloop_0/datamover_outerloop_0/datamover_outerloop_0/solution/.autopilot/db/mem2stream_512u_32u_2u_s.verbose.bind.rpt 
Execute           AP::get_flow_target_display_name
Execute             get_solution -flow_target 
Command         syn_report done; 0.15 sec.
Execute         db_write -o /home/x_thileeb/repos/ops-hls-pact25-artifact/codegen_apps/jacobian3d/vck5000_project/hls/build/hw/temp_dir/datamover_outerloop_0/datamover_outerloop_0/datamover_outerloop_0/solution/.autopilot/db/mem2stream_512u_32u_2u_s.bind.adb -f 
INFO-FLOW: Finish binding mem2stream<512u, 32u, 2u>.
INFO: [HLS 200-10] ----------------------------------------------------------------
INFO: [HLS 200-42] -- Implementing module 'stream2streamStepdown_512u_256u_Pipeline_VITIS_LOOP_893_1_VITIS_LOOP_895_2' 
INFO: [HLS 200-10] ----------------------------------------------------------------
Execute         set_default_model stream2streamStepdown<512u, 256u>_Pipeline_VITIS_LOOP_893_1_VITIS_LOOP_895_2 
Execute         schedule -model stream2streamStepdown<512u, 256u>_Pipeline_VITIS_LOOP_893_1_VITIS_LOOP_895_2 
INFO: [SCHED 204-11] Starting scheduling ...
INFO: [SCHED 204-61] Pipelining loop 'VITIS_LOOP_893_1_VITIS_LOOP_895_2'.
INFO: [HLS 200-1470] Pipelining result : Target II = 1, Final II = 1, Depth = 7, loop 'VITIS_LOOP_893_1_VITIS_LOOP_895_2'
INFO: [SCHED 204-11] Finished scheduling.
Command         schedule done; 0.18 sec.
INFO: [HLS 200-111] Finished Scheduling: CPU user time: 0.32 seconds. CPU system time: 0 seconds. Elapsed time: 0.35 seconds; current allocated memory: 1.046 GB.
Execute         syn_report -verbosereport -o /home/x_thileeb/repos/ops-hls-pact25-artifact/codegen_apps/jacobian3d/vck5000_project/hls/build/hw/temp_dir/datamover_outerloop_0/datamover_outerloop_0/datamover_outerloop_0/solution/.autopilot/db/stream2streamStepdown_512u_256u_Pipeline_VITIS_LOOP_893_1_VITIS_LOOP_895_2.verbose.sched.rpt 
Execute           AP::get_flow_target_display_name
Execute             get_solution -flow_target 
Execute         db_write -o /home/x_thileeb/repos/ops-hls-pact25-artifact/codegen_apps/jacobian3d/vck5000_project/hls/build/hw/temp_dir/datamover_outerloop_0/datamover_outerloop_0/datamover_outerloop_0/solution/.autopilot/db/stream2streamStepdown_512u_256u_Pipeline_VITIS_LOOP_893_1_VITIS_LOOP_895_2.sched.adb -f 
INFO-FLOW: Finish scheduling stream2streamStepdown<512u, 256u>_Pipeline_VITIS_LOOP_893_1_VITIS_LOOP_895_2.
Execute         set_default_model stream2streamStepdown<512u, 256u>_Pipeline_VITIS_LOOP_893_1_VITIS_LOOP_895_2 
Execute         bind -model stream2streamStepdown<512u, 256u>_Pipeline_VITIS_LOOP_893_1_VITIS_LOOP_895_2 
INFO: [BIND 205-100] Starting micro-architecture generation ...
INFO: [BIND 205-101] Performing variable lifetime analysis.
INFO: [BIND 205-101] Exploring resource sharing.
INFO: [BIND 205-101] Binding ...
INFO: [BIND 205-100] Finished micro-architecture generation.
INFO: [HLS 200-111] Finished Binding: CPU user time: 0.12 seconds. CPU system time: 0.01 seconds. Elapsed time: 0.14 seconds; current allocated memory: 1.046 GB.
Execute         syn_report -verbosereport -o /home/x_thileeb/repos/ops-hls-pact25-artifact/codegen_apps/jacobian3d/vck5000_project/hls/build/hw/temp_dir/datamover_outerloop_0/datamover_outerloop_0/datamover_outerloop_0/solution/.autopilot/db/stream2streamStepdown_512u_256u_Pipeline_VITIS_LOOP_893_1_VITIS_LOOP_895_2.verbose.bind.rpt 
Execute           AP::get_flow_target_display_name
Execute             get_solution -flow_target 
Execute         db_write -o /home/x_thileeb/repos/ops-hls-pact25-artifact/codegen_apps/jacobian3d/vck5000_project/hls/build/hw/temp_dir/datamover_outerloop_0/datamover_outerloop_0/datamover_outerloop_0/solution/.autopilot/db/stream2streamStepdown_512u_256u_Pipeline_VITIS_LOOP_893_1_VITIS_LOOP_895_2.bind.adb -f 
INFO-FLOW: Finish binding stream2streamStepdown<512u, 256u>_Pipeline_VITIS_LOOP_893_1_VITIS_LOOP_895_2.
INFO: [HLS 200-10] ----------------------------------------------------------------
INFO: [HLS 200-42] -- Implementing module 'stream2streamStepdown_512u_256u_s' 
INFO: [HLS 200-10] ----------------------------------------------------------------
Execute         set_default_model stream2streamStepdown<512u, 256u> 
Execute         schedule -model stream2streamStepdown<512u, 256u> 
INFO: [SCHED 204-11] Starting scheduling ...
INFO: [SCHED 204-11] Finished scheduling.
INFO: [HLS 200-111] Finished Scheduling: CPU user time: 0.13 seconds. CPU system time: 0 seconds. Elapsed time: 0.14 seconds; current allocated memory: 1.046 GB.
Execute         syn_report -verbosereport -o /home/x_thileeb/repos/ops-hls-pact25-artifact/codegen_apps/jacobian3d/vck5000_project/hls/build/hw/temp_dir/datamover_outerloop_0/datamover_outerloop_0/datamover_outerloop_0/solution/.autopilot/db/stream2streamStepdown_512u_256u_s.verbose.sched.rpt 
Execute           AP::get_flow_target_display_name
Execute             get_solution -flow_target 
Execute         db_write -o /home/x_thileeb/repos/ops-hls-pact25-artifact/codegen_apps/jacobian3d/vck5000_project/hls/build/hw/temp_dir/datamover_outerloop_0/datamover_outerloop_0/datamover_outerloop_0/solution/.autopilot/db/stream2streamStepdown_512u_256u_s.sched.adb -f 
INFO-FLOW: Finish scheduling stream2streamStepdown<512u, 256u>.
Execute         set_default_model stream2streamStepdown<512u, 256u> 
Execute         bind -model stream2streamStepdown<512u, 256u> 
INFO: [BIND 205-100] Starting micro-architecture generation ...
INFO: [BIND 205-101] Performing variable lifetime analysis.
INFO: [BIND 205-101] Exploring resource sharing.
INFO: [BIND 205-101] Binding ...
INFO: [BIND 205-100] Finished micro-architecture generation.
INFO: [HLS 200-111] Finished Binding: CPU user time: 0.08 seconds. CPU system time: 0 seconds. Elapsed time: 0.09 seconds; current allocated memory: 1.046 GB.
Execute         syn_report -verbosereport -o /home/x_thileeb/repos/ops-hls-pact25-artifact/codegen_apps/jacobian3d/vck5000_project/hls/build/hw/temp_dir/datamover_outerloop_0/datamover_outerloop_0/datamover_outerloop_0/solution/.autopilot/db/stream2streamStepdown_512u_256u_s.verbose.bind.rpt 
Execute           AP::get_flow_target_display_name
Execute             get_solution -flow_target 
Command         syn_report done; 0.11 sec.
Execute         db_write -o /home/x_thileeb/repos/ops-hls-pact25-artifact/codegen_apps/jacobian3d/vck5000_project/hls/build/hw/temp_dir/datamover_outerloop_0/datamover_outerloop_0/datamover_outerloop_0/solution/.autopilot/db/stream2streamStepdown_512u_256u_s.bind.adb -f 
INFO-FLOW: Finish binding stream2streamStepdown<512u, 256u>.
INFO: [HLS 200-10] ----------------------------------------------------------------
INFO: [HLS 200-42] -- Implementing module 'stream2axis_256u_Pipeline_VITIS_LOOP_956_1' 
INFO: [HLS 200-10] ----------------------------------------------------------------
Execute         set_default_model stream2axis<256u>_Pipeline_VITIS_LOOP_956_1 
Execute         schedule -model stream2axis<256u>_Pipeline_VITIS_LOOP_956_1 
INFO: [SCHED 204-11] Starting scheduling ...
INFO: [SCHED 204-61] Pipelining loop 'VITIS_LOOP_956_1'.
INFO: [HLS 200-1470] Pipelining result : Target II = 1, Final II = 1, Depth = 2, loop 'VITIS_LOOP_956_1'
INFO: [SCHED 204-11] Finished scheduling.
INFO: [HLS 200-111] Finished Scheduling: CPU user time: 0.17 seconds. CPU system time: 0 seconds. Elapsed time: 0.2 seconds; current allocated memory: 1.046 GB.
Execute         syn_report -verbosereport -o /home/x_thileeb/repos/ops-hls-pact25-artifact/codegen_apps/jacobian3d/vck5000_project/hls/build/hw/temp_dir/datamover_outerloop_0/datamover_outerloop_0/datamover_outerloop_0/solution/.autopilot/db/stream2axis_256u_Pipeline_VITIS_LOOP_956_1.verbose.sched.rpt 
Execute           AP::get_flow_target_display_name
Execute             get_solution -flow_target 
Execute         db_write -o /home/x_thileeb/repos/ops-hls-pact25-artifact/codegen_apps/jacobian3d/vck5000_project/hls/build/hw/temp_dir/datamover_outerloop_0/datamover_outerloop_0/datamover_outerloop_0/solution/.autopilot/db/stream2axis_256u_Pipeline_VITIS_LOOP_956_1.sched.adb -f 
INFO-FLOW: Finish scheduling stream2axis<256u>_Pipeline_VITIS_LOOP_956_1.
Execute         set_default_model stream2axis<256u>_Pipeline_VITIS_LOOP_956_1 
Execute         bind -model stream2axis<256u>_Pipeline_VITIS_LOOP_956_1 
INFO: [BIND 205-100] Starting micro-architecture generation ...
INFO: [BIND 205-101] Performing variable lifetime analysis.
INFO: [BIND 205-101] Exploring resource sharing.
INFO: [BIND 205-101] Binding ...
INFO: [BIND 205-100] Finished micro-architecture generation.
INFO: [HLS 200-111] Finished Binding: CPU user time: 0.04 seconds. CPU system time: 0 seconds. Elapsed time: 0.06 seconds; current allocated memory: 1.046 GB.
Execute         syn_report -verbosereport -o /home/x_thileeb/repos/ops-hls-pact25-artifact/codegen_apps/jacobian3d/vck5000_project/hls/build/hw/temp_dir/datamover_outerloop_0/datamover_outerloop_0/datamover_outerloop_0/solution/.autopilot/db/stream2axis_256u_Pipeline_VITIS_LOOP_956_1.verbose.bind.rpt 
Execute           AP::get_flow_target_display_name
Execute             get_solution -flow_target 
Execute         db_write -o /home/x_thileeb/repos/ops-hls-pact25-artifact/codegen_apps/jacobian3d/vck5000_project/hls/build/hw/temp_dir/datamover_outerloop_0/datamover_outerloop_0/datamover_outerloop_0/solution/.autopilot/db/stream2axis_256u_Pipeline_VITIS_LOOP_956_1.bind.adb -f 
INFO-FLOW: Finish binding stream2axis<256u>_Pipeline_VITIS_LOOP_956_1.
INFO: [HLS 200-10] ----------------------------------------------------------------
INFO: [HLS 200-42] -- Implementing module 'stream2axis_256u_s' 
INFO: [HLS 200-10] ----------------------------------------------------------------
Execute         set_default_model stream2axis<256u> 
Execute         schedule -model stream2axis<256u> 
INFO: [SCHED 204-11] Starting scheduling ...
INFO: [SCHED 204-11] Finished scheduling.
INFO: [HLS 200-111] Finished Scheduling: CPU user time: 0.05 seconds. CPU system time: 0 seconds. Elapsed time: 0.07 seconds; current allocated memory: 1.046 GB.
Execute         syn_report -verbosereport -o /home/x_thileeb/repos/ops-hls-pact25-artifact/codegen_apps/jacobian3d/vck5000_project/hls/build/hw/temp_dir/datamover_outerloop_0/datamover_outerloop_0/datamover_outerloop_0/solution/.autopilot/db/stream2axis_256u_s.verbose.sched.rpt 
Execute           AP::get_flow_target_display_name
Execute             get_solution -flow_target 
Execute         db_write -o /home/x_thileeb/repos/ops-hls-pact25-artifact/codegen_apps/jacobian3d/vck5000_project/hls/build/hw/temp_dir/datamover_outerloop_0/datamover_outerloop_0/datamover_outerloop_0/solution/.autopilot/db/stream2axis_256u_s.sched.adb -f 
INFO-FLOW: Finish scheduling stream2axis<256u>.
Execute         set_default_model stream2axis<256u> 
Execute         bind -model stream2axis<256u> 
INFO: [BIND 205-100] Starting micro-architecture generation ...
INFO: [BIND 205-101] Performing variable lifetime analysis.
INFO: [BIND 205-101] Exploring resource sharing.
INFO: [BIND 205-101] Binding ...
INFO: [BIND 205-100] Finished micro-architecture generation.
INFO: [HLS 200-111] Finished Binding: CPU user time: 0.04 seconds. CPU system time: 0.01 seconds. Elapsed time: 0.07 seconds; current allocated memory: 1.046 GB.
Execute         syn_report -verbosereport -o /home/x_thileeb/repos/ops-hls-pact25-artifact/codegen_apps/jacobian3d/vck5000_project/hls/build/hw/temp_dir/datamover_outerloop_0/datamover_outerloop_0/datamover_outerloop_0/solution/.autopilot/db/stream2axis_256u_s.verbose.bind.rpt 
Execute           AP::get_flow_target_display_name
Execute             get_solution -flow_target 
Execute         db_write -o /home/x_thileeb/repos/ops-hls-pact25-artifact/codegen_apps/jacobian3d/vck5000_project/hls/build/hw/temp_dir/datamover_outerloop_0/datamover_outerloop_0/datamover_outerloop_0/solution/.autopilot/db/stream2axis_256u_s.bind.adb -f 
INFO-FLOW: Finish binding stream2axis<256u>.
INFO: [HLS 200-10] ----------------------------------------------------------------
INFO: [HLS 200-42] -- Implementing module 'axis2stream_256u_s' 
INFO: [HLS 200-10] ----------------------------------------------------------------
Execute         set_default_model axis2stream<256u> 
Execute         schedule -model axis2stream<256u> 
INFO: [SCHED 204-11] Starting scheduling ...
INFO: [SCHED 204-61] Pipelining loop 'VITIS_LOOP_996_1'.
INFO: [HLS 200-1470] Pipelining result : Target II = 1, Final II = 1, Depth = 2, loop 'VITIS_LOOP_996_1'
INFO: [SCHED 204-11] Finished scheduling.
INFO: [HLS 200-111] Finished Scheduling: CPU user time: 0.08 seconds. CPU system time: 0 seconds. Elapsed time: 0.1 seconds; current allocated memory: 1.046 GB.
Execute         syn_report -verbosereport -o /home/x_thileeb/repos/ops-hls-pact25-artifact/codegen_apps/jacobian3d/vck5000_project/hls/build/hw/temp_dir/datamover_outerloop_0/datamover_outerloop_0/datamover_outerloop_0/solution/.autopilot/db/axis2stream_256u_s.verbose.sched.rpt 
Execute           AP::get_flow_target_display_name
Execute             get_solution -flow_target 
Execute         db_write -o /home/x_thileeb/repos/ops-hls-pact25-artifact/codegen_apps/jacobian3d/vck5000_project/hls/build/hw/temp_dir/datamover_outerloop_0/datamover_outerloop_0/datamover_outerloop_0/solution/.autopilot/db/axis2stream_256u_s.sched.adb -f 
INFO-FLOW: Finish scheduling axis2stream<256u>.
Execute         set_default_model axis2stream<256u> 
Execute         bind -model axis2stream<256u> 
INFO: [BIND 205-100] Starting micro-architecture generation ...
INFO: [BIND 205-101] Performing variable lifetime analysis.
INFO: [BIND 205-101] Exploring resource sharing.
INFO: [BIND 205-101] Binding ...
INFO: [BIND 205-100] Finished micro-architecture generation.
INFO: [HLS 200-111] Finished Binding: CPU user time: 0.04 seconds. CPU system time: 0 seconds. Elapsed time: 0.05 seconds; current allocated memory: 1.047 GB.
Execute         syn_report -verbosereport -o /home/x_thileeb/repos/ops-hls-pact25-artifact/codegen_apps/jacobian3d/vck5000_project/hls/build/hw/temp_dir/datamover_outerloop_0/datamover_outerloop_0/datamover_outerloop_0/solution/.autopilot/db/axis2stream_256u_s.verbose.bind.rpt 
Execute           AP::get_flow_target_display_name
Execute             get_solution -flow_target 
Execute         db_write -o /home/x_thileeb/repos/ops-hls-pact25-artifact/codegen_apps/jacobian3d/vck5000_project/hls/build/hw/temp_dir/datamover_outerloop_0/datamover_outerloop_0/datamover_outerloop_0/solution/.autopilot/db/axis2stream_256u_s.bind.adb -f 
INFO-FLOW: Finish binding axis2stream<256u>.
INFO: [HLS 200-10] ----------------------------------------------------------------
INFO: [HLS 200-42] -- Implementing module 'stream2streamStepup_256u_512u_Pipeline_VITIS_LOOP_809_1_VITIS_LOOP_811_2' 
INFO: [HLS 200-10] ----------------------------------------------------------------
Execute         set_default_model stream2streamStepup<256u, 512u>_Pipeline_VITIS_LOOP_809_1_VITIS_LOOP_811_2 
Execute         schedule -model stream2streamStepup<256u, 512u>_Pipeline_VITIS_LOOP_809_1_VITIS_LOOP_811_2 
INFO: [SCHED 204-11] Starting scheduling ...
INFO: [SCHED 204-61] Pipelining loop 'VITIS_LOOP_809_1_VITIS_LOOP_811_2'.
INFO: [HLS 200-1470] Pipelining result : Target II = 1, Final II = 1, Depth = 5, loop 'VITIS_LOOP_809_1_VITIS_LOOP_811_2'
INFO: [SCHED 204-11] Finished scheduling.
Command         schedule done; 0.14 sec.
INFO: [HLS 200-111] Finished Scheduling: CPU user time: 0.15 seconds. CPU system time: 0.01 seconds. Elapsed time: 0.18 seconds; current allocated memory: 1.047 GB.
Execute         syn_report -verbosereport -o /home/x_thileeb/repos/ops-hls-pact25-artifact/codegen_apps/jacobian3d/vck5000_project/hls/build/hw/temp_dir/datamover_outerloop_0/datamover_outerloop_0/datamover_outerloop_0/solution/.autopilot/db/stream2streamStepup_256u_512u_Pipeline_VITIS_LOOP_809_1_VITIS_LOOP_811_2.verbose.sched.rpt 
Execute           AP::get_flow_target_display_name
Execute             get_solution -flow_target 
Execute         db_write -o /home/x_thileeb/repos/ops-hls-pact25-artifact/codegen_apps/jacobian3d/vck5000_project/hls/build/hw/temp_dir/datamover_outerloop_0/datamover_outerloop_0/datamover_outerloop_0/solution/.autopilot/db/stream2streamStepup_256u_512u_Pipeline_VITIS_LOOP_809_1_VITIS_LOOP_811_2.sched.adb -f 
INFO-FLOW: Finish scheduling stream2streamStepup<256u, 512u>_Pipeline_VITIS_LOOP_809_1_VITIS_LOOP_811_2.
Execute         set_default_model stream2streamStepup<256u, 512u>_Pipeline_VITIS_LOOP_809_1_VITIS_LOOP_811_2 
Execute         bind -model stream2streamStepup<256u, 512u>_Pipeline_VITIS_LOOP_809_1_VITIS_LOOP_811_2 
INFO: [BIND 205-100] Starting micro-architecture generation ...
INFO: [BIND 205-101] Performing variable lifetime analysis.
INFO: [BIND 205-101] Exploring resource sharing.
INFO: [BIND 205-101] Binding ...
INFO: [BIND 205-100] Finished micro-architecture generation.
INFO: [HLS 200-111] Finished Binding: CPU user time: 0.12 seconds. CPU system time: 0 seconds. Elapsed time: 0.14 seconds; current allocated memory: 1.047 GB.
Execute         syn_report -verbosereport -o /home/x_thileeb/repos/ops-hls-pact25-artifact/codegen_apps/jacobian3d/vck5000_project/hls/build/hw/temp_dir/datamover_outerloop_0/datamover_outerloop_0/datamover_outerloop_0/solution/.autopilot/db/stream2streamStepup_256u_512u_Pipeline_VITIS_LOOP_809_1_VITIS_LOOP_811_2.verbose.bind.rpt 
Execute           AP::get_flow_target_display_name
Execute             get_solution -flow_target 
Command         syn_report done; 0.16 sec.
Execute         db_write -o /home/x_thileeb/repos/ops-hls-pact25-artifact/codegen_apps/jacobian3d/vck5000_project/hls/build/hw/temp_dir/datamover_outerloop_0/datamover_outerloop_0/datamover_outerloop_0/solution/.autopilot/db/stream2streamStepup_256u_512u_Pipeline_VITIS_LOOP_809_1_VITIS_LOOP_811_2.bind.adb -f 
INFO-FLOW: Finish binding stream2streamStepup<256u, 512u>_Pipeline_VITIS_LOOP_809_1_VITIS_LOOP_811_2.
INFO: [HLS 200-10] ----------------------------------------------------------------
INFO: [HLS 200-42] -- Implementing module 'stream2streamStepup_256u_512u_s' 
INFO: [HLS 200-10] ----------------------------------------------------------------
Execute         set_default_model stream2streamStepup<256u, 512u> 
Execute         schedule -model stream2streamStepup<256u, 512u> 
INFO: [SCHED 204-11] Starting scheduling ...
INFO: [SCHED 204-11] Finished scheduling.
INFO: [HLS 200-111] Finished Scheduling: CPU user time: 0.18 seconds. CPU system time: 0 seconds. Elapsed time: 0.19 seconds; current allocated memory: 1.047 GB.
Execute         syn_report -verbosereport -o /home/x_thileeb/repos/ops-hls-pact25-artifact/codegen_apps/jacobian3d/vck5000_project/hls/build/hw/temp_dir/datamover_outerloop_0/datamover_outerloop_0/datamover_outerloop_0/solution/.autopilot/db/stream2streamStepup_256u_512u_s.verbose.sched.rpt 
Execute           AP::get_flow_target_display_name
Execute             get_solution -flow_target 
Execute         db_write -o /home/x_thileeb/repos/ops-hls-pact25-artifact/codegen_apps/jacobian3d/vck5000_project/hls/build/hw/temp_dir/datamover_outerloop_0/datamover_outerloop_0/datamover_outerloop_0/solution/.autopilot/db/stream2streamStepup_256u_512u_s.sched.adb -f 
INFO-FLOW: Finish scheduling stream2streamStepup<256u, 512u>.
Execute         set_default_model stream2streamStepup<256u, 512u> 
Execute         bind -model stream2streamStepup<256u, 512u> 
INFO: [BIND 205-100] Starting micro-architecture generation ...
INFO: [BIND 205-101] Performing variable lifetime analysis.
INFO: [BIND 205-101] Exploring resource sharing.
INFO: [BIND 205-101] Binding ...
INFO: [BIND 205-100] Finished micro-architecture generation.
INFO: [HLS 200-111] Finished Binding: CPU user time: 0.05 seconds. CPU system time: 0.01 seconds. Elapsed time: 0.06 seconds; current allocated memory: 1.047 GB.
Execute         syn_report -verbosereport -o /home/x_thileeb/repos/ops-hls-pact25-artifact/codegen_apps/jacobian3d/vck5000_project/hls/build/hw/temp_dir/datamover_outerloop_0/datamover_outerloop_0/datamover_outerloop_0/solution/.autopilot/db/stream2streamStepup_256u_512u_s.verbose.bind.rpt 
Execute           AP::get_flow_target_display_name
Execute             get_solution -flow_target 
Execute         db_write -o /home/x_thileeb/repos/ops-hls-pact25-artifact/codegen_apps/jacobian3d/vck5000_project/hls/build/hw/temp_dir/datamover_outerloop_0/datamover_outerloop_0/datamover_outerloop_0/solution/.autopilot/db/stream2streamStepup_256u_512u_s.bind.adb -f 
INFO-FLOW: Finish binding stream2streamStepup<256u, 512u>.
INFO: [HLS 200-10] ----------------------------------------------------------------
INFO: [HLS 200-42] -- Implementing module 'stream2mem_512u_32u_2u_Pipeline_VITIS_LOOP_567_1' 
INFO: [HLS 200-10] ----------------------------------------------------------------
Execute         set_default_model stream2mem<512u, 32u, 2u>_Pipeline_VITIS_LOOP_567_1 
Execute         schedule -model stream2mem<512u, 32u, 2u>_Pipeline_VITIS_LOOP_567_1 
INFO: [SCHED 204-11] Starting scheduling ...
INFO: [SCHED 204-61] Pipelining loop 'VITIS_LOOP_567_1'.
INFO: [HLS 200-1470] Pipelining result : Target II = 2, Final II = 2, Depth = 3, loop 'VITIS_LOOP_567_1'
INFO: [SCHED 204-11] Finished scheduling.
INFO: [HLS 200-111] Finished Scheduling: CPU user time: 0.12 seconds. CPU system time: 0 seconds. Elapsed time: 0.14 seconds; current allocated memory: 1.047 GB.
Execute         syn_report -verbosereport -o /home/x_thileeb/repos/ops-hls-pact25-artifact/codegen_apps/jacobian3d/vck5000_project/hls/build/hw/temp_dir/datamover_outerloop_0/datamover_outerloop_0/datamover_outerloop_0/solution/.autopilot/db/stream2mem_512u_32u_2u_Pipeline_VITIS_LOOP_567_1.verbose.sched.rpt 
Execute           AP::get_flow_target_display_name
Execute             get_solution -flow_target 
Execute         db_write -o /home/x_thileeb/repos/ops-hls-pact25-artifact/codegen_apps/jacobian3d/vck5000_project/hls/build/hw/temp_dir/datamover_outerloop_0/datamover_outerloop_0/datamover_outerloop_0/solution/.autopilot/db/stream2mem_512u_32u_2u_Pipeline_VITIS_LOOP_567_1.sched.adb -f 
INFO-FLOW: Finish scheduling stream2mem<512u, 32u, 2u>_Pipeline_VITIS_LOOP_567_1.
Execute         set_default_model stream2mem<512u, 32u, 2u>_Pipeline_VITIS_LOOP_567_1 
Execute         bind -model stream2mem<512u, 32u, 2u>_Pipeline_VITIS_LOOP_567_1 
INFO: [BIND 205-100] Starting micro-architecture generation ...
INFO: [BIND 205-101] Performing variable lifetime analysis.
INFO: [BIND 205-101] Exploring resource sharing.
INFO: [BIND 205-101] Binding ...
INFO: [BIND 205-100] Finished micro-architecture generation.
INFO: [HLS 200-111] Finished Binding: CPU user time: 0.03 seconds. CPU system time: 0 seconds. Elapsed time: 0.04 seconds; current allocated memory: 1.048 GB.
Execute         syn_report -verbosereport -o /home/x_thileeb/repos/ops-hls-pact25-artifact/codegen_apps/jacobian3d/vck5000_project/hls/build/hw/temp_dir/datamover_outerloop_0/datamover_outerloop_0/datamover_outerloop_0/solution/.autopilot/db/stream2mem_512u_32u_2u_Pipeline_VITIS_LOOP_567_1.verbose.bind.rpt 
Execute           AP::get_flow_target_display_name
Execute             get_solution -flow_target 
Execute         db_write -o /home/x_thileeb/repos/ops-hls-pact25-artifact/codegen_apps/jacobian3d/vck5000_project/hls/build/hw/temp_dir/datamover_outerloop_0/datamover_outerloop_0/datamover_outerloop_0/solution/.autopilot/db/stream2mem_512u_32u_2u_Pipeline_VITIS_LOOP_567_1.bind.adb -f 
INFO-FLOW: Finish binding stream2mem<512u, 32u, 2u>_Pipeline_VITIS_LOOP_567_1.
INFO: [HLS 200-10] ----------------------------------------------------------------
INFO: [HLS 200-42] -- Implementing module 'stream2mem_512u_32u_2u_Pipeline_VITIS_LOOP_580_2' 
INFO: [HLS 200-10] ----------------------------------------------------------------
Execute         set_default_model stream2mem<512u, 32u, 2u>_Pipeline_VITIS_LOOP_580_2 
Execute         schedule -model stream2mem<512u, 32u, 2u>_Pipeline_VITIS_LOOP_580_2 
INFO: [SCHED 204-11] Starting scheduling ...
INFO: [SCHED 204-61] Pipelining loop 'VITIS_LOOP_580_2'.
INFO: [HLS 200-1470] Pipelining result : Target II = 2, Final II = 2, Depth = 3, loop 'VITIS_LOOP_580_2'
INFO: [SCHED 204-11] Finished scheduling.
INFO: [HLS 200-111] Finished Scheduling: CPU user time: 0.05 seconds. CPU system time: 0 seconds. Elapsed time: 0.07 seconds; current allocated memory: 1.048 GB.
Execute         syn_report -verbosereport -o /home/x_thileeb/repos/ops-hls-pact25-artifact/codegen_apps/jacobian3d/vck5000_project/hls/build/hw/temp_dir/datamover_outerloop_0/datamover_outerloop_0/datamover_outerloop_0/solution/.autopilot/db/stream2mem_512u_32u_2u_Pipeline_VITIS_LOOP_580_2.verbose.sched.rpt 
Execute           AP::get_flow_target_display_name
Execute             get_solution -flow_target 
Execute         db_write -o /home/x_thileeb/repos/ops-hls-pact25-artifact/codegen_apps/jacobian3d/vck5000_project/hls/build/hw/temp_dir/datamover_outerloop_0/datamover_outerloop_0/datamover_outerloop_0/solution/.autopilot/db/stream2mem_512u_32u_2u_Pipeline_VITIS_LOOP_580_2.sched.adb -f 
INFO-FLOW: Finish scheduling stream2mem<512u, 32u, 2u>_Pipeline_VITIS_LOOP_580_2.
Execute         set_default_model stream2mem<512u, 32u, 2u>_Pipeline_VITIS_LOOP_580_2 
Execute         bind -model stream2mem<512u, 32u, 2u>_Pipeline_VITIS_LOOP_580_2 
INFO: [BIND 205-100] Starting micro-architecture generation ...
INFO: [BIND 205-101] Performing variable lifetime analysis.
INFO: [BIND 205-101] Exploring resource sharing.
INFO: [BIND 205-101] Binding ...
INFO: [BIND 205-100] Finished micro-architecture generation.
INFO: [HLS 200-111] Finished Binding: CPU user time: 0.04 seconds. CPU system time: 0.01 seconds. Elapsed time: 0.06 seconds; current allocated memory: 1.048 GB.
Execute         syn_report -verbosereport -o /home/x_thileeb/repos/ops-hls-pact25-artifact/codegen_apps/jacobian3d/vck5000_project/hls/build/hw/temp_dir/datamover_outerloop_0/datamover_outerloop_0/datamover_outerloop_0/solution/.autopilot/db/stream2mem_512u_32u_2u_Pipeline_VITIS_LOOP_580_2.verbose.bind.rpt 
Execute           AP::get_flow_target_display_name
Execute             get_solution -flow_target 
Execute         db_write -o /home/x_thileeb/repos/ops-hls-pact25-artifact/codegen_apps/jacobian3d/vck5000_project/hls/build/hw/temp_dir/datamover_outerloop_0/datamover_outerloop_0/datamover_outerloop_0/solution/.autopilot/db/stream2mem_512u_32u_2u_Pipeline_VITIS_LOOP_580_2.bind.adb -f 
INFO-FLOW: Finish binding stream2mem<512u, 32u, 2u>_Pipeline_VITIS_LOOP_580_2.
INFO: [HLS 200-10] ----------------------------------------------------------------
INFO: [HLS 200-42] -- Implementing module 'stream2mem_512u_32u_2u_s' 
INFO: [HLS 200-10] ----------------------------------------------------------------
Execute         set_default_model stream2mem<512u, 32u, 2u> 
Execute         schedule -model stream2mem<512u, 32u, 2u> 
INFO: [SCHED 204-11] Starting scheduling ...
INFO: [SCHED 204-11] Finished scheduling.
Command         schedule done; 0.44 sec.
INFO: [HLS 200-111] Finished Scheduling: CPU user time: 0.46 seconds. CPU system time: 0 seconds. Elapsed time: 0.48 seconds; current allocated memory: 1.048 GB.
Execute         syn_report -verbosereport -o /home/x_thileeb/repos/ops-hls-pact25-artifact/codegen_apps/jacobian3d/vck5000_project/hls/build/hw/temp_dir/datamover_outerloop_0/datamover_outerloop_0/datamover_outerloop_0/solution/.autopilot/db/stream2mem_512u_32u_2u_s.verbose.sched.rpt 
Execute           AP::get_flow_target_display_name
Execute             get_solution -flow_target 
Command         syn_report done; 0.67 sec.
Execute         db_write -o /home/x_thileeb/repos/ops-hls-pact25-artifact/codegen_apps/jacobian3d/vck5000_project/hls/build/hw/temp_dir/datamover_outerloop_0/datamover_outerloop_0/datamover_outerloop_0/solution/.autopilot/db/stream2mem_512u_32u_2u_s.sched.adb -f 
INFO-FLOW: Finish scheduling stream2mem<512u, 32u, 2u>.
Execute         set_default_model stream2mem<512u, 32u, 2u> 
Execute         bind -model stream2mem<512u, 32u, 2u> 
INFO: [BIND 205-100] Starting micro-architecture generation ...
INFO: [BIND 205-101] Performing variable lifetime analysis.
INFO: [BIND 205-101] Exploring resource sharing.
INFO: [BIND 205-101] Binding ...
INFO: [BIND 205-100] Finished micro-architecture generation.
Command         bind done; 0.48 sec.
INFO: [HLS 200-111] Finished Binding: CPU user time: 1.14 seconds. CPU system time: 0 seconds. Elapsed time: 1.16 seconds; current allocated memory: 1.049 GB.
Execute         syn_report -verbosereport -o /home/x_thileeb/repos/ops-hls-pact25-artifact/codegen_apps/jacobian3d/vck5000_project/hls/build/hw/temp_dir/datamover_outerloop_0/datamover_outerloop_0/datamover_outerloop_0/solution/.autopilot/db/stream2mem_512u_32u_2u_s.verbose.bind.rpt 
Execute           AP::get_flow_target_display_name
Execute             get_solution -flow_target 
Command         syn_report done; 0.23 sec.
Execute         db_write -o /home/x_thileeb/repos/ops-hls-pact25-artifact/codegen_apps/jacobian3d/vck5000_project/hls/build/hw/temp_dir/datamover_outerloop_0/datamover_outerloop_0/datamover_outerloop_0/solution/.autopilot/db/stream2mem_512u_32u_2u_s.bind.adb -f 
INFO-FLOW: Finish binding stream2mem<512u, 32u, 2u>.
INFO: [HLS 200-10] ----------------------------------------------------------------
INFO: [HLS 200-42] -- Implementing module 'datamover_outerloop_0_dataflow_read_write_dataflow_region' 
INFO: [HLS 200-10] ----------------------------------------------------------------
Execute         set_default_model datamover_outerloop_0_dataflow_read_write_dataflow_region 
Execute         schedule -model datamover_outerloop_0_dataflow_read_write_dataflow_region 
INFO: [SCHED 204-11] Starting scheduling ...
INFO: [SCHED 204-11] Finished scheduling.
INFO: [HLS 200-111] Finished Scheduling: CPU user time: 0.29 seconds. CPU system time: 0.01 seconds. Elapsed time: 0.31 seconds; current allocated memory: 1.049 GB.
Execute         syn_report -verbosereport -o /home/x_thileeb/repos/ops-hls-pact25-artifact/codegen_apps/jacobian3d/vck5000_project/hls/build/hw/temp_dir/datamover_outerloop_0/datamover_outerloop_0/datamover_outerloop_0/solution/.autopilot/db/datamover_outerloop_0_dataflow_read_write_dataflow_region.verbose.sched.rpt 
Execute           AP::get_flow_target_display_name
Execute             get_solution -flow_target 
Execute         db_write -o /home/x_thileeb/repos/ops-hls-pact25-artifact/codegen_apps/jacobian3d/vck5000_project/hls/build/hw/temp_dir/datamover_outerloop_0/datamover_outerloop_0/datamover_outerloop_0/solution/.autopilot/db/datamover_outerloop_0_dataflow_read_write_dataflow_region.sched.adb -f 
INFO-FLOW: Finish scheduling datamover_outerloop_0_dataflow_read_write_dataflow_region.
Execute         set_default_model datamover_outerloop_0_dataflow_read_write_dataflow_region 
Execute         bind -model datamover_outerloop_0_dataflow_read_write_dataflow_region 
INFO: [BIND 205-100] Starting micro-architecture generation ...
INFO: [BIND 205-101] Performing variable lifetime analysis.
INFO: [BIND 205-101] Exploring resource sharing.
INFO: [BIND 205-101] Binding ...
INFO: [BIND 205-100] Finished micro-architecture generation.
Command         bind done; 0.19 sec.
INFO: [HLS 200-111] Finished Binding: CPU user time: 0.21 seconds. CPU system time: 0 seconds. Elapsed time: 0.23 seconds; current allocated memory: 1.049 GB.
Execute         syn_report -verbosereport -o /home/x_thileeb/repos/ops-hls-pact25-artifact/codegen_apps/jacobian3d/vck5000_project/hls/build/hw/temp_dir/datamover_outerloop_0/datamover_outerloop_0/datamover_outerloop_0/solution/.autopilot/db/datamover_outerloop_0_dataflow_read_write_dataflow_region.verbose.bind.rpt 
Execute           AP::get_flow_target_display_name
Execute             get_solution -flow_target 
Command         syn_report done; 0.35 sec.
Execute         db_write -o /home/x_thileeb/repos/ops-hls-pact25-artifact/codegen_apps/jacobian3d/vck5000_project/hls/build/hw/temp_dir/datamover_outerloop_0/datamover_outerloop_0/datamover_outerloop_0/solution/.autopilot/db/datamover_outerloop_0_dataflow_read_write_dataflow_region.bind.adb -f 
INFO-FLOW: Finish binding datamover_outerloop_0_dataflow_read_write_dataflow_region.
INFO: [HLS 200-10] ----------------------------------------------------------------
INFO: [HLS 200-42] -- Implementing module 'datamover_outerloop_0' 
INFO: [HLS 200-10] ----------------------------------------------------------------
Execute         set_default_model datamover_outerloop_0 
Execute         schedule -model datamover_outerloop_0 
INFO: [SCHED 204-11] Starting scheduling ...
INFO: [HLS 200-486] Changing DSP latency (root=mul_ln2620) to 3 in order to utilize available DSP registers.
INFO: [SCHED 204-11] Finished scheduling.
Command         schedule done; 0.13 sec.
INFO: [HLS 200-111] Finished Scheduling: CPU user time: 0.48 seconds. CPU system time: 0.01 seconds. Elapsed time: 0.5 seconds; current allocated memory: 1.049 GB.
Execute         syn_report -verbosereport -o /home/x_thileeb/repos/ops-hls-pact25-artifact/codegen_apps/jacobian3d/vck5000_project/hls/build/hw/temp_dir/datamover_outerloop_0/datamover_outerloop_0/datamover_outerloop_0/solution/.autopilot/db/datamover_outerloop_0.verbose.sched.rpt 
Execute           AP::get_flow_target_display_name
Execute             get_solution -flow_target 
Execute         db_write -o /home/x_thileeb/repos/ops-hls-pact25-artifact/codegen_apps/jacobian3d/vck5000_project/hls/build/hw/temp_dir/datamover_outerloop_0/datamover_outerloop_0/datamover_outerloop_0/solution/.autopilot/db/datamover_outerloop_0.sched.adb -f 
INFO-FLOW: Finish scheduling datamover_outerloop_0.
Execute         set_default_model datamover_outerloop_0 
Execute         bind -model datamover_outerloop_0 
INFO: [BIND 205-100] Starting micro-architecture generation ...
INFO: [BIND 205-101] Performing variable lifetime analysis.
INFO: [BIND 205-101] Exploring resource sharing.
INFO: [BIND 205-101] Binding ...
INFO: [BIND 205-100] Finished micro-architecture generation.
Command         bind done; 0.14 sec.
INFO: [HLS 200-111] Finished Binding: CPU user time: 0.19 seconds. CPU system time: 0 seconds. Elapsed time: 0.2 seconds; current allocated memory: 1.050 GB.
Execute         syn_report -verbosereport -o /home/x_thileeb/repos/ops-hls-pact25-artifact/codegen_apps/jacobian3d/vck5000_project/hls/build/hw/temp_dir/datamover_outerloop_0/datamover_outerloop_0/datamover_outerloop_0/solution/.autopilot/db/datamover_outerloop_0.verbose.bind.rpt 
Execute           AP::get_flow_target_display_name
Execute             get_solution -flow_target 
Command         syn_report done; 0.32 sec.
Execute         db_write -o /home/x_thileeb/repos/ops-hls-pact25-artifact/codegen_apps/jacobian3d/vck5000_project/hls/build/hw/temp_dir/datamover_outerloop_0/datamover_outerloop_0/datamover_outerloop_0/solution/.autopilot/db/datamover_outerloop_0.bind.adb -f 
INFO-FLOW: Finish binding datamover_outerloop_0.
Execute         get_model_list datamover_outerloop_0 -filter all-wo-channel 
INFO-FLOW: Preprocessing for RTLGen ...
Execute         rtl_gen_preprocess entry_proc 
Execute         rtl_gen_preprocess mem2stream<512u, 32u, 2u>_Pipeline_VITIS_LOOP_431_1 
Execute         rtl_gen_preprocess mem2stream<512u, 32u, 2u>_Pipeline_VITIS_LOOP_453_2 
Execute         rtl_gen_preprocess mem2stream<512u, 32u, 2u> 
Execute         rtl_gen_preprocess stream2streamStepdown<512u, 256u>_Pipeline_VITIS_LOOP_893_1_VITIS_LOOP_895_2 
Execute         rtl_gen_preprocess stream2streamStepdown<512u, 256u> 
Execute         rtl_gen_preprocess stream2axis<256u>_Pipeline_VITIS_LOOP_956_1 
Execute         rtl_gen_preprocess stream2axis<256u> 
Execute         rtl_gen_preprocess axis2stream<256u> 
Execute         rtl_gen_preprocess stream2streamStepup<256u, 512u>_Pipeline_VITIS_LOOP_809_1_VITIS_LOOP_811_2 
Execute         rtl_gen_preprocess stream2streamStepup<256u, 512u> 
Execute         rtl_gen_preprocess stream2mem<512u, 32u, 2u>_Pipeline_VITIS_LOOP_567_1 
Execute         rtl_gen_preprocess stream2mem<512u, 32u, 2u>_Pipeline_VITIS_LOOP_580_2 
Execute         rtl_gen_preprocess stream2mem<512u, 32u, 2u> 
Execute         rtl_gen_preprocess datamover_outerloop_0_dataflow_read_write_dataflow_region 
Execute         rtl_gen_preprocess datamover_outerloop_0 
INFO-FLOW: Model list for RTL generation: entry_proc {mem2stream<512u, 32u, 2u>_Pipeline_VITIS_LOOP_431_1} {mem2stream<512u, 32u, 2u>_Pipeline_VITIS_LOOP_453_2} {mem2stream<512u, 32u, 2u>} {stream2streamStepdown<512u, 256u>_Pipeline_VITIS_LOOP_893_1_VITIS_LOOP_895_2} {stream2streamStepdown<512u, 256u>} stream2axis<256u>_Pipeline_VITIS_LOOP_956_1 stream2axis<256u> axis2stream<256u> {stream2streamStepup<256u, 512u>_Pipeline_VITIS_LOOP_809_1_VITIS_LOOP_811_2} {stream2streamStepup<256u, 512u>} {stream2mem<512u, 32u, 2u>_Pipeline_VITIS_LOOP_567_1} {stream2mem<512u, 32u, 2u>_Pipeline_VITIS_LOOP_580_2} {stream2mem<512u, 32u, 2u>} datamover_outerloop_0_dataflow_read_write_dataflow_region datamover_outerloop_0
INFO: [HLS 200-10] ----------------------------------------------------------------
INFO: [HLS 200-10] -- Generating RTL for module 'entry_proc' 
INFO: [HLS 200-10] ----------------------------------------------------------------
Execute         get_config_rtl -module_prefix 
Execute         get_config_rtl -module_auto_prefix 
Execute         get_config_rtl -module_prefix 
Execute         get_config_rtl -module_auto_prefix 
Execute         create_rtl_model entry_proc -top_prefix datamover_outerloop_0_ -sub_prefix datamover_outerloop_0_ -mg_file /home/x_thileeb/repos/ops-hls-pact25-artifact/codegen_apps/jacobian3d/vck5000_project/hls/build/hw/temp_dir/datamover_outerloop_0/datamover_outerloop_0/datamover_outerloop_0/solution/.autopilot/db/entry_proc.compgen.tcl 
INFO: [RTGEN 206-100] Finished creating RTL model for 'entry_proc'.
INFO: [HLS 200-111] Finished Creating RTL model: CPU user time: 0.35 seconds. CPU system time: 0.01 seconds. Elapsed time: 0.38 seconds; current allocated memory: 1.050 GB.
Execute         source /home/x_thileeb/repos/ops-hls-pact25-artifact/codegen_apps/jacobian3d/vck5000_project/hls/build/hw/temp_dir/datamover_outerloop_0/datamover_outerloop_0/datamover_outerloop_0/solution/.autopilot/db/datamover_outerloop_0.rtl_wrap.cfg.tcl 
Execute         gen_rtl entry_proc -style xilinx -f -lang vhdl -o /home/x_thileeb/repos/ops-hls-pact25-artifact/codegen_apps/jacobian3d/vck5000_project/hls/build/hw/temp_dir/datamover_outerloop_0/datamover_outerloop_0/datamover_outerloop_0/solution/syn/vhdl/datamover_outerloop_0_entry_proc 
Execute         gen_rtl entry_proc -style xilinx -f -lang vlog -o /home/x_thileeb/repos/ops-hls-pact25-artifact/codegen_apps/jacobian3d/vck5000_project/hls/build/hw/temp_dir/datamover_outerloop_0/datamover_outerloop_0/datamover_outerloop_0/solution/syn/verilog/datamover_outerloop_0_entry_proc 
Execute         syn_report -csynth -model entry_proc -o /home/x_thileeb/repos/ops-hls-pact25-artifact/codegen_apps/jacobian3d/vck5000_project/hls/build/hw/temp_dir/datamover_outerloop_0/datamover_outerloop_0/datamover_outerloop_0/solution/syn/report/entry_proc_csynth.rpt 
Execute           AP::get_flow_target_display_name
Execute             get_solution -flow_target 
Execute         syn_report -rtlxml -model entry_proc -o /home/x_thileeb/repos/ops-hls-pact25-artifact/codegen_apps/jacobian3d/vck5000_project/hls/build/hw/temp_dir/datamover_outerloop_0/datamover_outerloop_0/datamover_outerloop_0/solution/syn/report/entry_proc_csynth.xml 
Execute           get_solution -flow_target
Execute             get_solution -flow_target 
Execute         syn_report -verbosereport -model entry_proc -o /home/x_thileeb/repos/ops-hls-pact25-artifact/codegen_apps/jacobian3d/vck5000_project/hls/build/hw/temp_dir/datamover_outerloop_0/datamover_outerloop_0/datamover_outerloop_0/solution/.autopilot/db/entry_proc.verbose.rpt 
Execute           AP::get_flow_target_display_name
Execute             get_solution -flow_target 
Execute         db_write -model entry_proc -f -o /home/x_thileeb/repos/ops-hls-pact25-artifact/codegen_apps/jacobian3d/vck5000_project/hls/build/hw/temp_dir/datamover_outerloop_0/datamover_outerloop_0/datamover_outerloop_0/solution/.autopilot/db/entry_proc.adb 
Execute         db_write -model entry_proc -bindview -o /home/x_thileeb/repos/ops-hls-pact25-artifact/codegen_apps/jacobian3d/vck5000_project/hls/build/hw/temp_dir/datamover_outerloop_0/datamover_outerloop_0/datamover_outerloop_0/solution/.autopilot/db/design.bindinfo.xml 
Execute         gen_tb_info entry_proc -p /home/x_thileeb/repos/ops-hls-pact25-artifact/codegen_apps/jacobian3d/vck5000_project/hls/build/hw/temp_dir/datamover_outerloop_0/datamover_outerloop_0/datamover_outerloop_0/solution/.autopilot/db -o /home/x_thileeb/repos/ops-hls-pact25-artifact/codegen_apps/jacobian3d/vck5000_project/hls/build/hw/temp_dir/datamover_outerloop_0/datamover_outerloop_0/datamover_outerloop_0/solution/.autopilot/db/entry_proc 
INFO: [HLS 200-10] ----------------------------------------------------------------
INFO: [HLS 200-10] -- Generating RTL for module 'mem2stream_512u_32u_2u_Pipeline_VITIS_LOOP_431_1' 
INFO: [HLS 200-10] ----------------------------------------------------------------
Execute         get_config_rtl -module_prefix 
Execute         get_config_rtl -module_auto_prefix 
Execute         get_config_rtl -module_prefix 
Execute         get_config_rtl -module_auto_prefix 
Execute         create_rtl_model mem2stream<512u, 32u, 2u>_Pipeline_VITIS_LOOP_431_1 -top_prefix datamover_outerloop_0_ -sub_prefix datamover_outerloop_0_ -mg_file /home/x_thileeb/repos/ops-hls-pact25-artifact/codegen_apps/jacobian3d/vck5000_project/hls/build/hw/temp_dir/datamover_outerloop_0/datamover_outerloop_0/datamover_outerloop_0/solution/.autopilot/db/mem2stream_512u_32u_2u_Pipeline_VITIS_LOOP_431_1.compgen.tcl 
INFO: [HLS 200-1030] Apply Unified Pipeline Control on module 'mem2stream_512u_32u_2u_Pipeline_VITIS_LOOP_431_1' pipeline 'VITIS_LOOP_431_1' pipeline type 'loop pipeline'
WARNING: [RTGEN 206-101] Setting dangling out port 'mem2stream_512u_32u_2u_Pipeline_VITIS_LOOP_431_1/m_axi_gmem0_ARVALID' to 0.
WARNING: [RTGEN 206-101] Setting dangling out port 'mem2stream_512u_32u_2u_Pipeline_VITIS_LOOP_431_1/m_axi_gmem0_ARADDR' to 0.
WARNING: [RTGEN 206-101] Setting dangling out port 'mem2stream_512u_32u_2u_Pipeline_VITIS_LOOP_431_1/m_axi_gmem0_ARID' to 0.
WARNING: [RTGEN 206-101] Setting dangling out port 'mem2stream_512u_32u_2u_Pipeline_VITIS_LOOP_431_1/m_axi_gmem0_ARLEN' to 0.
WARNING: [RTGEN 206-101] Setting dangling out port 'mem2stream_512u_32u_2u_Pipeline_VITIS_LOOP_431_1/m_axi_gmem0_ARSIZE' to 0.
WARNING: [RTGEN 206-101] Setting dangling out port 'mem2stream_512u_32u_2u_Pipeline_VITIS_LOOP_431_1/m_axi_gmem0_ARBURST' to 0.
WARNING: [RTGEN 206-101] Setting dangling out port 'mem2stream_512u_32u_2u_Pipeline_VITIS_LOOP_431_1/m_axi_gmem0_ARLOCK' to 0.
WARNING: [RTGEN 206-101] Setting dangling out port 'mem2stream_512u_32u_2u_Pipeline_VITIS_LOOP_431_1/m_axi_gmem0_ARCACHE' to 0.
WARNING: [RTGEN 206-101] Setting dangling out port 'mem2stream_512u_32u_2u_Pipeline_VITIS_LOOP_431_1/m_axi_gmem0_ARPROT' to 0.
WARNING: [RTGEN 206-101] Setting dangling out port 'mem2stream_512u_32u_2u_Pipeline_VITIS_LOOP_431_1/m_axi_gmem0_ARQOS' to 0.
WARNING: [RTGEN 206-101] Setting dangling out port 'mem2stream_512u_32u_2u_Pipeline_VITIS_LOOP_431_1/m_axi_gmem0_ARREGION' to 0.
WARNING: [RTGEN 206-101] Setting dangling out port 'mem2stream_512u_32u_2u_Pipeline_VITIS_LOOP_431_1/m_axi_gmem0_ARUSER' to 0.
INFO: [RTGEN 206-100] Finished creating RTL model for 'mem2stream_512u_32u_2u_Pipeline_VITIS_LOOP_431_1'.
INFO: [HLS 200-111] Finished Creating RTL model: CPU user time: 0.13 seconds. CPU system time: 0.01 seconds. Elapsed time: 0.19 seconds; current allocated memory: 1.051 GB.
Execute         source /home/x_thileeb/repos/ops-hls-pact25-artifact/codegen_apps/jacobian3d/vck5000_project/hls/build/hw/temp_dir/datamover_outerloop_0/datamover_outerloop_0/datamover_outerloop_0/solution/.autopilot/db/datamover_outerloop_0.rtl_wrap.cfg.tcl 
Execute         gen_rtl mem2stream<512u, 32u, 2u>_Pipeline_VITIS_LOOP_431_1 -style xilinx -f -lang vhdl -o /home/x_thileeb/repos/ops-hls-pact25-artifact/codegen_apps/jacobian3d/vck5000_project/hls/build/hw/temp_dir/datamover_outerloop_0/datamover_outerloop_0/datamover_outerloop_0/solution/syn/vhdl/datamover_outerloop_0_mem2stream_512u_32u_2u_Pipeline_VITIS_LOOP_431_1 
Execute         gen_rtl mem2stream<512u, 32u, 2u>_Pipeline_VITIS_LOOP_431_1 -style xilinx -f -lang vlog -o /home/x_thileeb/repos/ops-hls-pact25-artifact/codegen_apps/jacobian3d/vck5000_project/hls/build/hw/temp_dir/datamover_outerloop_0/datamover_outerloop_0/datamover_outerloop_0/solution/syn/verilog/datamover_outerloop_0_mem2stream_512u_32u_2u_Pipeline_VITIS_LOOP_431_1 
Execute         syn_report -csynth -model mem2stream<512u, 32u, 2u>_Pipeline_VITIS_LOOP_431_1 -o /home/x_thileeb/repos/ops-hls-pact25-artifact/codegen_apps/jacobian3d/vck5000_project/hls/build/hw/temp_dir/datamover_outerloop_0/datamover_outerloop_0/datamover_outerloop_0/solution/syn/report/mem2stream_512u_32u_2u_Pipeline_VITIS_LOOP_431_1_csynth.rpt 
Execute           AP::get_flow_target_display_name
Execute             get_solution -flow_target 
Execute         syn_report -rtlxml -model mem2stream<512u, 32u, 2u>_Pipeline_VITIS_LOOP_431_1 -o /home/x_thileeb/repos/ops-hls-pact25-artifact/codegen_apps/jacobian3d/vck5000_project/hls/build/hw/temp_dir/datamover_outerloop_0/datamover_outerloop_0/datamover_outerloop_0/solution/syn/report/mem2stream_512u_32u_2u_Pipeline_VITIS_LOOP_431_1_csynth.xml 
Execute           get_solution -flow_target
Execute             get_solution -flow_target 
Execute         syn_report -verbosereport -model mem2stream<512u, 32u, 2u>_Pipeline_VITIS_LOOP_431_1 -o /home/x_thileeb/repos/ops-hls-pact25-artifact/codegen_apps/jacobian3d/vck5000_project/hls/build/hw/temp_dir/datamover_outerloop_0/datamover_outerloop_0/datamover_outerloop_0/solution/.autopilot/db/mem2stream_512u_32u_2u_Pipeline_VITIS_LOOP_431_1.verbose.rpt 
Execute           AP::get_flow_target_display_name
Execute             get_solution -flow_target 
Execute         db_write -model mem2stream<512u, 32u, 2u>_Pipeline_VITIS_LOOP_431_1 -f -o /home/x_thileeb/repos/ops-hls-pact25-artifact/codegen_apps/jacobian3d/vck5000_project/hls/build/hw/temp_dir/datamover_outerloop_0/datamover_outerloop_0/datamover_outerloop_0/solution/.autopilot/db/mem2stream_512u_32u_2u_Pipeline_VITIS_LOOP_431_1.adb 
Execute         db_write -model mem2stream<512u, 32u, 2u>_Pipeline_VITIS_LOOP_431_1 -bindview -o /home/x_thileeb/repos/ops-hls-pact25-artifact/codegen_apps/jacobian3d/vck5000_project/hls/build/hw/temp_dir/datamover_outerloop_0/datamover_outerloop_0/datamover_outerloop_0/solution/.autopilot/db/design.bindinfo.xml 
Execute         gen_tb_info mem2stream<512u, 32u, 2u>_Pipeline_VITIS_LOOP_431_1 -p /home/x_thileeb/repos/ops-hls-pact25-artifact/codegen_apps/jacobian3d/vck5000_project/hls/build/hw/temp_dir/datamover_outerloop_0/datamover_outerloop_0/datamover_outerloop_0/solution/.autopilot/db -o /home/x_thileeb/repos/ops-hls-pact25-artifact/codegen_apps/jacobian3d/vck5000_project/hls/build/hw/temp_dir/datamover_outerloop_0/datamover_outerloop_0/datamover_outerloop_0/solution/.autopilot/db/mem2stream_512u_32u_2u_Pipeline_VITIS_LOOP_431_1 
INFO: [HLS 200-10] ----------------------------------------------------------------
INFO: [HLS 200-10] -- Generating RTL for module 'mem2stream_512u_32u_2u_Pipeline_VITIS_LOOP_453_2' 
INFO: [HLS 200-10] ----------------------------------------------------------------
Execute         get_config_rtl -module_prefix 
Execute         get_config_rtl -module_auto_prefix 
Execute         get_config_rtl -module_prefix 
Execute         get_config_rtl -module_auto_prefix 
Execute         create_rtl_model mem2stream<512u, 32u, 2u>_Pipeline_VITIS_LOOP_453_2 -top_prefix datamover_outerloop_0_ -sub_prefix datamover_outerloop_0_ -mg_file /home/x_thileeb/repos/ops-hls-pact25-artifact/codegen_apps/jacobian3d/vck5000_project/hls/build/hw/temp_dir/datamover_outerloop_0/datamover_outerloop_0/datamover_outerloop_0/solution/.autopilot/db/mem2stream_512u_32u_2u_Pipeline_VITIS_LOOP_453_2.compgen.tcl 
INFO: [HLS 200-1030] Apply Unified Pipeline Control on module 'mem2stream_512u_32u_2u_Pipeline_VITIS_LOOP_453_2' pipeline 'VITIS_LOOP_453_2' pipeline type 'loop pipeline'
WARNING: [RTGEN 206-101] Setting dangling out port 'mem2stream_512u_32u_2u_Pipeline_VITIS_LOOP_453_2/m_axi_gmem0_ARVALID' to 0.
WARNING: [RTGEN 206-101] Setting dangling out port 'mem2stream_512u_32u_2u_Pipeline_VITIS_LOOP_453_2/m_axi_gmem0_ARADDR' to 0.
WARNING: [RTGEN 206-101] Setting dangling out port 'mem2stream_512u_32u_2u_Pipeline_VITIS_LOOP_453_2/m_axi_gmem0_ARID' to 0.
WARNING: [RTGEN 206-101] Setting dangling out port 'mem2stream_512u_32u_2u_Pipeline_VITIS_LOOP_453_2/m_axi_gmem0_ARLEN' to 0.
WARNING: [RTGEN 206-101] Setting dangling out port 'mem2stream_512u_32u_2u_Pipeline_VITIS_LOOP_453_2/m_axi_gmem0_ARSIZE' to 0.
WARNING: [RTGEN 206-101] Setting dangling out port 'mem2stream_512u_32u_2u_Pipeline_VITIS_LOOP_453_2/m_axi_gmem0_ARBURST' to 0.
WARNING: [RTGEN 206-101] Setting dangling out port 'mem2stream_512u_32u_2u_Pipeline_VITIS_LOOP_453_2/m_axi_gmem0_ARLOCK' to 0.
WARNING: [RTGEN 206-101] Setting dangling out port 'mem2stream_512u_32u_2u_Pipeline_VITIS_LOOP_453_2/m_axi_gmem0_ARCACHE' to 0.
WARNING: [RTGEN 206-101] Setting dangling out port 'mem2stream_512u_32u_2u_Pipeline_VITIS_LOOP_453_2/m_axi_gmem0_ARPROT' to 0.
WARNING: [RTGEN 206-101] Setting dangling out port 'mem2stream_512u_32u_2u_Pipeline_VITIS_LOOP_453_2/m_axi_gmem0_ARQOS' to 0.
WARNING: [RTGEN 206-101] Setting dangling out port 'mem2stream_512u_32u_2u_Pipeline_VITIS_LOOP_453_2/m_axi_gmem0_ARREGION' to 0.
WARNING: [RTGEN 206-101] Setting dangling out port 'mem2stream_512u_32u_2u_Pipeline_VITIS_LOOP_453_2/m_axi_gmem0_ARUSER' to 0.
INFO: [RTGEN 206-100] Finished creating RTL model for 'mem2stream_512u_32u_2u_Pipeline_VITIS_LOOP_453_2'.
INFO: [HLS 200-111] Finished Creating RTL model: CPU user time: 0.2 seconds. CPU system time: 0.01 seconds. Elapsed time: 0.25 seconds; current allocated memory: 1.051 GB.
Execute         source /home/x_thileeb/repos/ops-hls-pact25-artifact/codegen_apps/jacobian3d/vck5000_project/hls/build/hw/temp_dir/datamover_outerloop_0/datamover_outerloop_0/datamover_outerloop_0/solution/.autopilot/db/datamover_outerloop_0.rtl_wrap.cfg.tcl 
Execute         gen_rtl mem2stream<512u, 32u, 2u>_Pipeline_VITIS_LOOP_453_2 -style xilinx -f -lang vhdl -o /home/x_thileeb/repos/ops-hls-pact25-artifact/codegen_apps/jacobian3d/vck5000_project/hls/build/hw/temp_dir/datamover_outerloop_0/datamover_outerloop_0/datamover_outerloop_0/solution/syn/vhdl/datamover_outerloop_0_mem2stream_512u_32u_2u_Pipeline_VITIS_LOOP_453_2 
Execute         gen_rtl mem2stream<512u, 32u, 2u>_Pipeline_VITIS_LOOP_453_2 -style xilinx -f -lang vlog -o /home/x_thileeb/repos/ops-hls-pact25-artifact/codegen_apps/jacobian3d/vck5000_project/hls/build/hw/temp_dir/datamover_outerloop_0/datamover_outerloop_0/datamover_outerloop_0/solution/syn/verilog/datamover_outerloop_0_mem2stream_512u_32u_2u_Pipeline_VITIS_LOOP_453_2 
Execute         syn_report -csynth -model mem2stream<512u, 32u, 2u>_Pipeline_VITIS_LOOP_453_2 -o /home/x_thileeb/repos/ops-hls-pact25-artifact/codegen_apps/jacobian3d/vck5000_project/hls/build/hw/temp_dir/datamover_outerloop_0/datamover_outerloop_0/datamover_outerloop_0/solution/syn/report/mem2stream_512u_32u_2u_Pipeline_VITIS_LOOP_453_2_csynth.rpt 
Execute           AP::get_flow_target_display_name
Execute             get_solution -flow_target 
Execute         syn_report -rtlxml -model mem2stream<512u, 32u, 2u>_Pipeline_VITIS_LOOP_453_2 -o /home/x_thileeb/repos/ops-hls-pact25-artifact/codegen_apps/jacobian3d/vck5000_project/hls/build/hw/temp_dir/datamover_outerloop_0/datamover_outerloop_0/datamover_outerloop_0/solution/syn/report/mem2stream_512u_32u_2u_Pipeline_VITIS_LOOP_453_2_csynth.xml 
Execute           get_solution -flow_target
Execute             get_solution -flow_target 
Execute         syn_report -verbosereport -model mem2stream<512u, 32u, 2u>_Pipeline_VITIS_LOOP_453_2 -o /home/x_thileeb/repos/ops-hls-pact25-artifact/codegen_apps/jacobian3d/vck5000_project/hls/build/hw/temp_dir/datamover_outerloop_0/datamover_outerloop_0/datamover_outerloop_0/solution/.autopilot/db/mem2stream_512u_32u_2u_Pipeline_VITIS_LOOP_453_2.verbose.rpt 
Execute           AP::get_flow_target_display_name
Execute             get_solution -flow_target 
Execute         db_write -model mem2stream<512u, 32u, 2u>_Pipeline_VITIS_LOOP_453_2 -f -o /home/x_thileeb/repos/ops-hls-pact25-artifact/codegen_apps/jacobian3d/vck5000_project/hls/build/hw/temp_dir/datamover_outerloop_0/datamover_outerloop_0/datamover_outerloop_0/solution/.autopilot/db/mem2stream_512u_32u_2u_Pipeline_VITIS_LOOP_453_2.adb 
Execute         db_write -model mem2stream<512u, 32u, 2u>_Pipeline_VITIS_LOOP_453_2 -bindview -o /home/x_thileeb/repos/ops-hls-pact25-artifact/codegen_apps/jacobian3d/vck5000_project/hls/build/hw/temp_dir/datamover_outerloop_0/datamover_outerloop_0/datamover_outerloop_0/solution/.autopilot/db/design.bindinfo.xml 
Execute         gen_tb_info mem2stream<512u, 32u, 2u>_Pipeline_VITIS_LOOP_453_2 -p /home/x_thileeb/repos/ops-hls-pact25-artifact/codegen_apps/jacobian3d/vck5000_project/hls/build/hw/temp_dir/datamover_outerloop_0/datamover_outerloop_0/datamover_outerloop_0/solution/.autopilot/db -o /home/x_thileeb/repos/ops-hls-pact25-artifact/codegen_apps/jacobian3d/vck5000_project/hls/build/hw/temp_dir/datamover_outerloop_0/datamover_outerloop_0/datamover_outerloop_0/solution/.autopilot/db/mem2stream_512u_32u_2u_Pipeline_VITIS_LOOP_453_2 
INFO: [HLS 200-10] ----------------------------------------------------------------
INFO: [HLS 200-10] -- Generating RTL for module 'mem2stream_512u_32u_2u_s' 
INFO: [HLS 200-10] ----------------------------------------------------------------
Execute         get_config_rtl -module_prefix 
Execute         get_config_rtl -module_auto_prefix 
Execute         get_config_rtl -module_prefix 
Execute         get_config_rtl -module_auto_prefix 
Execute         create_rtl_model mem2stream<512u, 32u, 2u> -top_prefix datamover_outerloop_0_ -sub_prefix datamover_outerloop_0_ -mg_file /home/x_thileeb/repos/ops-hls-pact25-artifact/codegen_apps/jacobian3d/vck5000_project/hls/build/hw/temp_dir/datamover_outerloop_0/datamover_outerloop_0/datamover_outerloop_0/solution/.autopilot/db/mem2stream_512u_32u_2u_s.compgen.tcl 
INFO: [RTGEN 206-100] Finished creating RTL model for 'mem2stream_512u_32u_2u_s'.
INFO: [HLS 200-111] Finished Creating RTL model: CPU user time: 0.15 seconds. CPU system time: 0.02 seconds. Elapsed time: 0.2 seconds; current allocated memory: 1.054 GB.
Execute         source /home/x_thileeb/repos/ops-hls-pact25-artifact/codegen_apps/jacobian3d/vck5000_project/hls/build/hw/temp_dir/datamover_outerloop_0/datamover_outerloop_0/datamover_outerloop_0/solution/.autopilot/db/datamover_outerloop_0.rtl_wrap.cfg.tcl 
Execute         gen_rtl mem2stream<512u, 32u, 2u> -style xilinx -f -lang vhdl -o /home/x_thileeb/repos/ops-hls-pact25-artifact/codegen_apps/jacobian3d/vck5000_project/hls/build/hw/temp_dir/datamover_outerloop_0/datamover_outerloop_0/datamover_outerloop_0/solution/syn/vhdl/datamover_outerloop_0_mem2stream_512u_32u_2u_s 
Execute         gen_rtl mem2stream<512u, 32u, 2u> -style xilinx -f -lang vlog -o /home/x_thileeb/repos/ops-hls-pact25-artifact/codegen_apps/jacobian3d/vck5000_project/hls/build/hw/temp_dir/datamover_outerloop_0/datamover_outerloop_0/datamover_outerloop_0/solution/syn/verilog/datamover_outerloop_0_mem2stream_512u_32u_2u_s 
Execute         syn_report -csynth -model mem2stream<512u, 32u, 2u> -o /home/x_thileeb/repos/ops-hls-pact25-artifact/codegen_apps/jacobian3d/vck5000_project/hls/build/hw/temp_dir/datamover_outerloop_0/datamover_outerloop_0/datamover_outerloop_0/solution/syn/report/mem2stream_512u_32u_2u_s_csynth.rpt 
Execute           AP::get_flow_target_display_name
Execute             get_solution -flow_target 
Command         syn_report done; 0.13 sec.
Execute         syn_report -rtlxml -model mem2stream<512u, 32u, 2u> -o /home/x_thileeb/repos/ops-hls-pact25-artifact/codegen_apps/jacobian3d/vck5000_project/hls/build/hw/temp_dir/datamover_outerloop_0/datamover_outerloop_0/datamover_outerloop_0/solution/syn/report/mem2stream_512u_32u_2u_s_csynth.xml 
Execute           get_solution -flow_target
Execute             get_solution -flow_target 
Execute         syn_report -verbosereport -model mem2stream<512u, 32u, 2u> -o /home/x_thileeb/repos/ops-hls-pact25-artifact/codegen_apps/jacobian3d/vck5000_project/hls/build/hw/temp_dir/datamover_outerloop_0/datamover_outerloop_0/datamover_outerloop_0/solution/.autopilot/db/mem2stream_512u_32u_2u_s.verbose.rpt 
Execute           AP::get_flow_target_display_name
Execute             get_solution -flow_target 
Command         syn_report done; 0.24 sec.
Execute         db_write -model mem2stream<512u, 32u, 2u> -f -o /home/x_thileeb/repos/ops-hls-pact25-artifact/codegen_apps/jacobian3d/vck5000_project/hls/build/hw/temp_dir/datamover_outerloop_0/datamover_outerloop_0/datamover_outerloop_0/solution/.autopilot/db/mem2stream_512u_32u_2u_s.adb 
Execute         db_write -model mem2stream<512u, 32u, 2u> -bindview -o /home/x_thileeb/repos/ops-hls-pact25-artifact/codegen_apps/jacobian3d/vck5000_project/hls/build/hw/temp_dir/datamover_outerloop_0/datamover_outerloop_0/datamover_outerloop_0/solution/.autopilot/db/design.bindinfo.xml 
Execute         gen_tb_info mem2stream<512u, 32u, 2u> -p /home/x_thileeb/repos/ops-hls-pact25-artifact/codegen_apps/jacobian3d/vck5000_project/hls/build/hw/temp_dir/datamover_outerloop_0/datamover_outerloop_0/datamover_outerloop_0/solution/.autopilot/db -o /home/x_thileeb/repos/ops-hls-pact25-artifact/codegen_apps/jacobian3d/vck5000_project/hls/build/hw/temp_dir/datamover_outerloop_0/datamover_outerloop_0/datamover_outerloop_0/solution/.autopilot/db/mem2stream_512u_32u_2u_s 
INFO: [HLS 200-10] ----------------------------------------------------------------
INFO: [HLS 200-10] -- Generating RTL for module 'stream2streamStepdown_512u_256u_Pipeline_VITIS_LOOP_893_1_VITIS_LOOP_895_2' 
INFO: [HLS 200-10] ----------------------------------------------------------------
Execute         get_config_rtl -module_prefix 
Execute         get_config_rtl -module_auto_prefix 
Execute         get_config_rtl -module_prefix 
Execute         get_config_rtl -module_auto_prefix 
Execute         create_rtl_model stream2streamStepdown<512u, 256u>_Pipeline_VITIS_LOOP_893_1_VITIS_LOOP_895_2 -top_prefix datamover_outerloop_0_ -sub_prefix datamover_outerloop_0_ -mg_file /home/x_thileeb/repos/ops-hls-pact25-artifact/codegen_apps/jacobian3d/vck5000_project/hls/build/hw/temp_dir/datamover_outerloop_0/datamover_outerloop_0/datamover_outerloop_0/solution/.autopilot/db/stream2streamStepdown_512u_256u_Pipeline_VITIS_LOOP_893_1_VITIS_LOOP_895_2.compgen.tcl 
INFO: [HLS 200-1030] Apply Unified Pipeline Control on module 'stream2streamStepdown_512u_256u_Pipeline_VITIS_LOOP_893_1_VITIS_LOOP_895_2' pipeline 'VITIS_LOOP_893_1_VITIS_LOOP_895_2' pipeline type 'loop pipeline'
INFO: [RTGEN 206-100] Generating core module 'lshr_512ns_10ns_512_2_1': 1 instance(s).
INFO: [RTGEN 206-100] Finished creating RTL model for 'stream2streamStepdown_512u_256u_Pipeline_VITIS_LOOP_893_1_VITIS_LOOP_895_2'.
INFO: [HLS 200-111] Finished Creating RTL model: CPU user time: 0.56 seconds. CPU system time: 0.02 seconds. Elapsed time: 0.61 seconds; current allocated memory: 1.055 GB.
Execute         source /home/x_thileeb/repos/ops-hls-pact25-artifact/codegen_apps/jacobian3d/vck5000_project/hls/build/hw/temp_dir/datamover_outerloop_0/datamover_outerloop_0/datamover_outerloop_0/solution/.autopilot/db/datamover_outerloop_0.rtl_wrap.cfg.tcl 
Execute         gen_rtl stream2streamStepdown<512u, 256u>_Pipeline_VITIS_LOOP_893_1_VITIS_LOOP_895_2 -style xilinx -f -lang vhdl -o /home/x_thileeb/repos/ops-hls-pact25-artifact/codegen_apps/jacobian3d/vck5000_project/hls/build/hw/temp_dir/datamover_outerloop_0/datamover_outerloop_0/datamover_outerloop_0/solution/syn/vhdl/datamover_outerloop_0_stream2streamStepdown_512u_256u_Pipeline_VITIS_LOOP_893_1_VITIS_LOOP_895_2 
Execute         gen_rtl stream2streamStepdown<512u, 256u>_Pipeline_VITIS_LOOP_893_1_VITIS_LOOP_895_2 -style xilinx -f -lang vlog -o /home/x_thileeb/repos/ops-hls-pact25-artifact/codegen_apps/jacobian3d/vck5000_project/hls/build/hw/temp_dir/datamover_outerloop_0/datamover_outerloop_0/datamover_outerloop_0/solution/syn/verilog/datamover_outerloop_0_stream2streamStepdown_512u_256u_Pipeline_VITIS_LOOP_893_1_VITIS_LOOP_895_2 
Execute         syn_report -csynth -model stream2streamStepdown<512u, 256u>_Pipeline_VITIS_LOOP_893_1_VITIS_LOOP_895_2 -o /home/x_thileeb/repos/ops-hls-pact25-artifact/codegen_apps/jacobian3d/vck5000_project/hls/build/hw/temp_dir/datamover_outerloop_0/datamover_outerloop_0/datamover_outerloop_0/solution/syn/report/stream2streamStepdown_512u_256u_Pipeline_VITIS_LOOP_893_1_VITIS_LOOP_895_2_csynth.rpt 
Execute           AP::get_flow_target_display_name
Execute             get_solution -flow_target 
Command         syn_report done; 0.16 sec.
Execute         syn_report -rtlxml -model stream2streamStepdown<512u, 256u>_Pipeline_VITIS_LOOP_893_1_VITIS_LOOP_895_2 -o /home/x_thileeb/repos/ops-hls-pact25-artifact/codegen_apps/jacobian3d/vck5000_project/hls/build/hw/temp_dir/datamover_outerloop_0/datamover_outerloop_0/datamover_outerloop_0/solution/syn/report/stream2streamStepdown_512u_256u_Pipeline_VITIS_LOOP_893_1_VITIS_LOOP_895_2_csynth.xml 
Execute           get_solution -flow_target
Execute             get_solution -flow_target 
Execute         syn_report -verbosereport -model stream2streamStepdown<512u, 256u>_Pipeline_VITIS_LOOP_893_1_VITIS_LOOP_895_2 -o /home/x_thileeb/repos/ops-hls-pact25-artifact/codegen_apps/jacobian3d/vck5000_project/hls/build/hw/temp_dir/datamover_outerloop_0/datamover_outerloop_0/datamover_outerloop_0/solution/.autopilot/db/stream2streamStepdown_512u_256u_Pipeline_VITIS_LOOP_893_1_VITIS_LOOP_895_2.verbose.rpt 
Execute           AP::get_flow_target_display_name
Execute             get_solution -flow_target 
Command         syn_report done; 0.18 sec.
Execute         db_write -model stream2streamStepdown<512u, 256u>_Pipeline_VITIS_LOOP_893_1_VITIS_LOOP_895_2 -f -o /home/x_thileeb/repos/ops-hls-pact25-artifact/codegen_apps/jacobian3d/vck5000_project/hls/build/hw/temp_dir/datamover_outerloop_0/datamover_outerloop_0/datamover_outerloop_0/solution/.autopilot/db/stream2streamStepdown_512u_256u_Pipeline_VITIS_LOOP_893_1_VITIS_LOOP_895_2.adb 
Execute         db_write -model stream2streamStepdown<512u, 256u>_Pipeline_VITIS_LOOP_893_1_VITIS_LOOP_895_2 -bindview -o /home/x_thileeb/repos/ops-hls-pact25-artifact/codegen_apps/jacobian3d/vck5000_project/hls/build/hw/temp_dir/datamover_outerloop_0/datamover_outerloop_0/datamover_outerloop_0/solution/.autopilot/db/design.bindinfo.xml 
Execute         gen_tb_info stream2streamStepdown<512u, 256u>_Pipeline_VITIS_LOOP_893_1_VITIS_LOOP_895_2 -p /home/x_thileeb/repos/ops-hls-pact25-artifact/codegen_apps/jacobian3d/vck5000_project/hls/build/hw/temp_dir/datamover_outerloop_0/datamover_outerloop_0/datamover_outerloop_0/solution/.autopilot/db -o /home/x_thileeb/repos/ops-hls-pact25-artifact/codegen_apps/jacobian3d/vck5000_project/hls/build/hw/temp_dir/datamover_outerloop_0/datamover_outerloop_0/datamover_outerloop_0/solution/.autopilot/db/stream2streamStepdown_512u_256u_Pipeline_VITIS_LOOP_893_1_VITIS_LOOP_895_2 
INFO: [HLS 200-10] ----------------------------------------------------------------
INFO: [HLS 200-10] -- Generating RTL for module 'stream2streamStepdown_512u_256u_s' 
INFO: [HLS 200-10] ----------------------------------------------------------------
Execute         get_config_rtl -module_prefix 
Execute         get_config_rtl -module_auto_prefix 
Execute         get_config_rtl -module_prefix 
Execute         get_config_rtl -module_auto_prefix 
Execute         create_rtl_model stream2streamStepdown<512u, 256u> -top_prefix datamover_outerloop_0_ -sub_prefix datamover_outerloop_0_ -mg_file /home/x_thileeb/repos/ops-hls-pact25-artifact/codegen_apps/jacobian3d/vck5000_project/hls/build/hw/temp_dir/datamover_outerloop_0/datamover_outerloop_0/datamover_outerloop_0/solution/.autopilot/db/stream2streamStepdown_512u_256u_s.compgen.tcl 
INFO: [RTGEN 206-100] Finished creating RTL model for 'stream2streamStepdown_512u_256u_s'.
INFO: [HLS 200-111] Finished Creating RTL model: CPU user time: 0.46 seconds. CPU system time: 0.01 seconds. Elapsed time: 0.5 seconds; current allocated memory: 1.057 GB.
Execute         source /home/x_thileeb/repos/ops-hls-pact25-artifact/codegen_apps/jacobian3d/vck5000_project/hls/build/hw/temp_dir/datamover_outerloop_0/datamover_outerloop_0/datamover_outerloop_0/solution/.autopilot/db/datamover_outerloop_0.rtl_wrap.cfg.tcl 
Execute         gen_rtl stream2streamStepdown<512u, 256u> -style xilinx -f -lang vhdl -o /home/x_thileeb/repos/ops-hls-pact25-artifact/codegen_apps/jacobian3d/vck5000_project/hls/build/hw/temp_dir/datamover_outerloop_0/datamover_outerloop_0/datamover_outerloop_0/solution/syn/vhdl/datamover_outerloop_0_stream2streamStepdown_512u_256u_s 
Execute         gen_rtl stream2streamStepdown<512u, 256u> -style xilinx -f -lang vlog -o /home/x_thileeb/repos/ops-hls-pact25-artifact/codegen_apps/jacobian3d/vck5000_project/hls/build/hw/temp_dir/datamover_outerloop_0/datamover_outerloop_0/datamover_outerloop_0/solution/syn/verilog/datamover_outerloop_0_stream2streamStepdown_512u_256u_s 
Execute         syn_report -csynth -model stream2streamStepdown<512u, 256u> -o /home/x_thileeb/repos/ops-hls-pact25-artifact/codegen_apps/jacobian3d/vck5000_project/hls/build/hw/temp_dir/datamover_outerloop_0/datamover_outerloop_0/datamover_outerloop_0/solution/syn/report/stream2streamStepdown_512u_256u_s_csynth.rpt 
Execute           AP::get_flow_target_display_name
Execute             get_solution -flow_target 
Execute         syn_report -rtlxml -model stream2streamStepdown<512u, 256u> -o /home/x_thileeb/repos/ops-hls-pact25-artifact/codegen_apps/jacobian3d/vck5000_project/hls/build/hw/temp_dir/datamover_outerloop_0/datamover_outerloop_0/datamover_outerloop_0/solution/syn/report/stream2streamStepdown_512u_256u_s_csynth.xml 
Execute           get_solution -flow_target
Execute             get_solution -flow_target 
Execute         syn_report -verbosereport -model stream2streamStepdown<512u, 256u> -o /home/x_thileeb/repos/ops-hls-pact25-artifact/codegen_apps/jacobian3d/vck5000_project/hls/build/hw/temp_dir/datamover_outerloop_0/datamover_outerloop_0/datamover_outerloop_0/solution/.autopilot/db/stream2streamStepdown_512u_256u_s.verbose.rpt 
Execute           AP::get_flow_target_display_name
Execute             get_solution -flow_target 
Command         syn_report done; 0.13 sec.
Execute         db_write -model stream2streamStepdown<512u, 256u> -f -o /home/x_thileeb/repos/ops-hls-pact25-artifact/codegen_apps/jacobian3d/vck5000_project/hls/build/hw/temp_dir/datamover_outerloop_0/datamover_outerloop_0/datamover_outerloop_0/solution/.autopilot/db/stream2streamStepdown_512u_256u_s.adb 
Execute         db_write -model stream2streamStepdown<512u, 256u> -bindview -o /home/x_thileeb/repos/ops-hls-pact25-artifact/codegen_apps/jacobian3d/vck5000_project/hls/build/hw/temp_dir/datamover_outerloop_0/datamover_outerloop_0/datamover_outerloop_0/solution/.autopilot/db/design.bindinfo.xml 
Execute         gen_tb_info stream2streamStepdown<512u, 256u> -p /home/x_thileeb/repos/ops-hls-pact25-artifact/codegen_apps/jacobian3d/vck5000_project/hls/build/hw/temp_dir/datamover_outerloop_0/datamover_outerloop_0/datamover_outerloop_0/solution/.autopilot/db -o /home/x_thileeb/repos/ops-hls-pact25-artifact/codegen_apps/jacobian3d/vck5000_project/hls/build/hw/temp_dir/datamover_outerloop_0/datamover_outerloop_0/datamover_outerloop_0/solution/.autopilot/db/stream2streamStepdown_512u_256u_s 
INFO: [HLS 200-10] ----------------------------------------------------------------
INFO: [HLS 200-10] -- Generating RTL for module 'stream2axis_256u_Pipeline_VITIS_LOOP_956_1' 
INFO: [HLS 200-10] ----------------------------------------------------------------
Execute         get_config_rtl -module_prefix 
Execute         get_config_rtl -module_auto_prefix 
Execute         get_config_rtl -module_prefix 
Execute         get_config_rtl -module_auto_prefix 
Execute         create_rtl_model stream2axis<256u>_Pipeline_VITIS_LOOP_956_1 -top_prefix datamover_outerloop_0_ -sub_prefix datamover_outerloop_0_ -mg_file /home/x_thileeb/repos/ops-hls-pact25-artifact/codegen_apps/jacobian3d/vck5000_project/hls/build/hw/temp_dir/datamover_outerloop_0/datamover_outerloop_0/datamover_outerloop_0/solution/.autopilot/db/stream2axis_256u_Pipeline_VITIS_LOOP_956_1.compgen.tcl 
INFO: [HLS 200-1030] Apply Unified Pipeline Control on module 'stream2axis_256u_Pipeline_VITIS_LOOP_956_1' pipeline 'VITIS_LOOP_956_1' pipeline type 'loop pipeline'
INFO: [RTGEN 206-100] Finished creating RTL model for 'stream2axis_256u_Pipeline_VITIS_LOOP_956_1'.
INFO: [HLS 200-111] Finished Creating RTL model: CPU user time: 0.19 seconds. CPU system time: 0.01 seconds. Elapsed time: 0.23 seconds; current allocated memory: 1.058 GB.
Execute         source /home/x_thileeb/repos/ops-hls-pact25-artifact/codegen_apps/jacobian3d/vck5000_project/hls/build/hw/temp_dir/datamover_outerloop_0/datamover_outerloop_0/datamover_outerloop_0/solution/.autopilot/db/datamover_outerloop_0.rtl_wrap.cfg.tcl 
Execute         gen_rtl stream2axis<256u>_Pipeline_VITIS_LOOP_956_1 -style xilinx -f -lang vhdl -o /home/x_thileeb/repos/ops-hls-pact25-artifact/codegen_apps/jacobian3d/vck5000_project/hls/build/hw/temp_dir/datamover_outerloop_0/datamover_outerloop_0/datamover_outerloop_0/solution/syn/vhdl/datamover_outerloop_0_stream2axis_256u_Pipeline_VITIS_LOOP_956_1 
Execute         gen_rtl stream2axis<256u>_Pipeline_VITIS_LOOP_956_1 -style xilinx -f -lang vlog -o /home/x_thileeb/repos/ops-hls-pact25-artifact/codegen_apps/jacobian3d/vck5000_project/hls/build/hw/temp_dir/datamover_outerloop_0/datamover_outerloop_0/datamover_outerloop_0/solution/syn/verilog/datamover_outerloop_0_stream2axis_256u_Pipeline_VITIS_LOOP_956_1 
Execute         syn_report -csynth -model stream2axis<256u>_Pipeline_VITIS_LOOP_956_1 -o /home/x_thileeb/repos/ops-hls-pact25-artifact/codegen_apps/jacobian3d/vck5000_project/hls/build/hw/temp_dir/datamover_outerloop_0/datamover_outerloop_0/datamover_outerloop_0/solution/syn/report/stream2axis_256u_Pipeline_VITIS_LOOP_956_1_csynth.rpt 
Execute           AP::get_flow_target_display_name
Execute             get_solution -flow_target 
Execute         syn_report -rtlxml -model stream2axis<256u>_Pipeline_VITIS_LOOP_956_1 -o /home/x_thileeb/repos/ops-hls-pact25-artifact/codegen_apps/jacobian3d/vck5000_project/hls/build/hw/temp_dir/datamover_outerloop_0/datamover_outerloop_0/datamover_outerloop_0/solution/syn/report/stream2axis_256u_Pipeline_VITIS_LOOP_956_1_csynth.xml 
Execute           get_solution -flow_target
Execute             get_solution -flow_target 
Execute         syn_report -verbosereport -model stream2axis<256u>_Pipeline_VITIS_LOOP_956_1 -o /home/x_thileeb/repos/ops-hls-pact25-artifact/codegen_apps/jacobian3d/vck5000_project/hls/build/hw/temp_dir/datamover_outerloop_0/datamover_outerloop_0/datamover_outerloop_0/solution/.autopilot/db/stream2axis_256u_Pipeline_VITIS_LOOP_956_1.verbose.rpt 
Execute           AP::get_flow_target_display_name
Execute             get_solution -flow_target 
Execute         db_write -model stream2axis<256u>_Pipeline_VITIS_LOOP_956_1 -f -o /home/x_thileeb/repos/ops-hls-pact25-artifact/codegen_apps/jacobian3d/vck5000_project/hls/build/hw/temp_dir/datamover_outerloop_0/datamover_outerloop_0/datamover_outerloop_0/solution/.autopilot/db/stream2axis_256u_Pipeline_VITIS_LOOP_956_1.adb 
Execute         db_write -model stream2axis<256u>_Pipeline_VITIS_LOOP_956_1 -bindview -o /home/x_thileeb/repos/ops-hls-pact25-artifact/codegen_apps/jacobian3d/vck5000_project/hls/build/hw/temp_dir/datamover_outerloop_0/datamover_outerloop_0/datamover_outerloop_0/solution/.autopilot/db/design.bindinfo.xml 
Execute         gen_tb_info stream2axis<256u>_Pipeline_VITIS_LOOP_956_1 -p /home/x_thileeb/repos/ops-hls-pact25-artifact/codegen_apps/jacobian3d/vck5000_project/hls/build/hw/temp_dir/datamover_outerloop_0/datamover_outerloop_0/datamover_outerloop_0/solution/.autopilot/db -o /home/x_thileeb/repos/ops-hls-pact25-artifact/codegen_apps/jacobian3d/vck5000_project/hls/build/hw/temp_dir/datamover_outerloop_0/datamover_outerloop_0/datamover_outerloop_0/solution/.autopilot/db/stream2axis_256u_Pipeline_VITIS_LOOP_956_1 
INFO: [HLS 200-10] ----------------------------------------------------------------
INFO: [HLS 200-10] -- Generating RTL for module 'stream2axis_256u_s' 
INFO: [HLS 200-10] ----------------------------------------------------------------
Execute         get_config_rtl -module_prefix 
Execute         get_config_rtl -module_auto_prefix 
Execute         get_config_rtl -module_prefix 
Execute         get_config_rtl -module_auto_prefix 
Execute         create_rtl_model stream2axis<256u> -top_prefix datamover_outerloop_0_ -sub_prefix datamover_outerloop_0_ -mg_file /home/x_thileeb/repos/ops-hls-pact25-artifact/codegen_apps/jacobian3d/vck5000_project/hls/build/hw/temp_dir/datamover_outerloop_0/datamover_outerloop_0/datamover_outerloop_0/solution/.autopilot/db/stream2axis_256u_s.compgen.tcl 
INFO: [RTGEN 206-100] Finished creating RTL model for 'stream2axis_256u_s'.
INFO: [HLS 200-111] Finished Creating RTL model: CPU user time: 0.12 seconds. CPU system time: 0.01 seconds. Elapsed time: 0.16 seconds; current allocated memory: 1.058 GB.
Execute         source /home/x_thileeb/repos/ops-hls-pact25-artifact/codegen_apps/jacobian3d/vck5000_project/hls/build/hw/temp_dir/datamover_outerloop_0/datamover_outerloop_0/datamover_outerloop_0/solution/.autopilot/db/datamover_outerloop_0.rtl_wrap.cfg.tcl 
Execute         gen_rtl stream2axis<256u> -style xilinx -f -lang vhdl -o /home/x_thileeb/repos/ops-hls-pact25-artifact/codegen_apps/jacobian3d/vck5000_project/hls/build/hw/temp_dir/datamover_outerloop_0/datamover_outerloop_0/datamover_outerloop_0/solution/syn/vhdl/datamover_outerloop_0_stream2axis_256u_s 
Execute         gen_rtl stream2axis<256u> -style xilinx -f -lang vlog -o /home/x_thileeb/repos/ops-hls-pact25-artifact/codegen_apps/jacobian3d/vck5000_project/hls/build/hw/temp_dir/datamover_outerloop_0/datamover_outerloop_0/datamover_outerloop_0/solution/syn/verilog/datamover_outerloop_0_stream2axis_256u_s 
Execute         syn_report -csynth -model stream2axis<256u> -o /home/x_thileeb/repos/ops-hls-pact25-artifact/codegen_apps/jacobian3d/vck5000_project/hls/build/hw/temp_dir/datamover_outerloop_0/datamover_outerloop_0/datamover_outerloop_0/solution/syn/report/stream2axis_256u_s_csynth.rpt 
Execute           AP::get_flow_target_display_name
Execute             get_solution -flow_target 
Execute         syn_report -rtlxml -model stream2axis<256u> -o /home/x_thileeb/repos/ops-hls-pact25-artifact/codegen_apps/jacobian3d/vck5000_project/hls/build/hw/temp_dir/datamover_outerloop_0/datamover_outerloop_0/datamover_outerloop_0/solution/syn/report/stream2axis_256u_s_csynth.xml 
Execute           get_solution -flow_target
Execute             get_solution -flow_target 
Execute         syn_report -verbosereport -model stream2axis<256u> -o /home/x_thileeb/repos/ops-hls-pact25-artifact/codegen_apps/jacobian3d/vck5000_project/hls/build/hw/temp_dir/datamover_outerloop_0/datamover_outerloop_0/datamover_outerloop_0/solution/.autopilot/db/stream2axis_256u_s.verbose.rpt 
Execute           AP::get_flow_target_display_name
Execute             get_solution -flow_target 
Execute         db_write -model stream2axis<256u> -f -o /home/x_thileeb/repos/ops-hls-pact25-artifact/codegen_apps/jacobian3d/vck5000_project/hls/build/hw/temp_dir/datamover_outerloop_0/datamover_outerloop_0/datamover_outerloop_0/solution/.autopilot/db/stream2axis_256u_s.adb 
Execute         db_write -model stream2axis<256u> -bindview -o /home/x_thileeb/repos/ops-hls-pact25-artifact/codegen_apps/jacobian3d/vck5000_project/hls/build/hw/temp_dir/datamover_outerloop_0/datamover_outerloop_0/datamover_outerloop_0/solution/.autopilot/db/design.bindinfo.xml 
Execute         gen_tb_info stream2axis<256u> -p /home/x_thileeb/repos/ops-hls-pact25-artifact/codegen_apps/jacobian3d/vck5000_project/hls/build/hw/temp_dir/datamover_outerloop_0/datamover_outerloop_0/datamover_outerloop_0/solution/.autopilot/db -o /home/x_thileeb/repos/ops-hls-pact25-artifact/codegen_apps/jacobian3d/vck5000_project/hls/build/hw/temp_dir/datamover_outerloop_0/datamover_outerloop_0/datamover_outerloop_0/solution/.autopilot/db/stream2axis_256u_s 
INFO: [HLS 200-10] ----------------------------------------------------------------
INFO: [HLS 200-10] -- Generating RTL for module 'axis2stream_256u_s' 
INFO: [HLS 200-10] ----------------------------------------------------------------
Execute         get_config_rtl -module_prefix 
Execute         get_config_rtl -module_auto_prefix 
Execute         get_config_rtl -module_prefix 
Execute         get_config_rtl -module_auto_prefix 
Execute         create_rtl_model axis2stream<256u> -top_prefix datamover_outerloop_0_ -sub_prefix datamover_outerloop_0_ -mg_file /home/x_thileeb/repos/ops-hls-pact25-artifact/codegen_apps/jacobian3d/vck5000_project/hls/build/hw/temp_dir/datamover_outerloop_0/datamover_outerloop_0/datamover_outerloop_0/solution/.autopilot/db/axis2stream_256u_s.compgen.tcl 
INFO: [HLS 200-1030] Apply Unified Pipeline Control on module 'axis2stream_256u_s' pipeline 'VITIS_LOOP_996_1' pipeline type 'loop pipeline'
INFO: [RTGEN 206-100] Finished creating RTL model for 'axis2stream_256u_s'.
INFO: [HLS 200-111] Finished Creating RTL model: CPU user time: 0.07 seconds. CPU system time: 0.01 seconds. Elapsed time: 0.11 seconds; current allocated memory: 1.059 GB.
Execute         source /home/x_thileeb/repos/ops-hls-pact25-artifact/codegen_apps/jacobian3d/vck5000_project/hls/build/hw/temp_dir/datamover_outerloop_0/datamover_outerloop_0/datamover_outerloop_0/solution/.autopilot/db/datamover_outerloop_0.rtl_wrap.cfg.tcl 
Execute         gen_rtl axis2stream<256u> -style xilinx -f -lang vhdl -o /home/x_thileeb/repos/ops-hls-pact25-artifact/codegen_apps/jacobian3d/vck5000_project/hls/build/hw/temp_dir/datamover_outerloop_0/datamover_outerloop_0/datamover_outerloop_0/solution/syn/vhdl/datamover_outerloop_0_axis2stream_256u_s 
Execute         gen_rtl axis2stream<256u> -style xilinx -f -lang vlog -o /home/x_thileeb/repos/ops-hls-pact25-artifact/codegen_apps/jacobian3d/vck5000_project/hls/build/hw/temp_dir/datamover_outerloop_0/datamover_outerloop_0/datamover_outerloop_0/solution/syn/verilog/datamover_outerloop_0_axis2stream_256u_s 
Execute         syn_report -csynth -model axis2stream<256u> -o /home/x_thileeb/repos/ops-hls-pact25-artifact/codegen_apps/jacobian3d/vck5000_project/hls/build/hw/temp_dir/datamover_outerloop_0/datamover_outerloop_0/datamover_outerloop_0/solution/syn/report/axis2stream_256u_s_csynth.rpt 
Execute           AP::get_flow_target_display_name
Execute             get_solution -flow_target 
Execute         syn_report -rtlxml -model axis2stream<256u> -o /home/x_thileeb/repos/ops-hls-pact25-artifact/codegen_apps/jacobian3d/vck5000_project/hls/build/hw/temp_dir/datamover_outerloop_0/datamover_outerloop_0/datamover_outerloop_0/solution/syn/report/axis2stream_256u_s_csynth.xml 
Execute           get_solution -flow_target
Execute             get_solution -flow_target 
Execute         syn_report -verbosereport -model axis2stream<256u> -o /home/x_thileeb/repos/ops-hls-pact25-artifact/codegen_apps/jacobian3d/vck5000_project/hls/build/hw/temp_dir/datamover_outerloop_0/datamover_outerloop_0/datamover_outerloop_0/solution/.autopilot/db/axis2stream_256u_s.verbose.rpt 
Execute           AP::get_flow_target_display_name
Execute             get_solution -flow_target 
Execute         db_write -model axis2stream<256u> -f -o /home/x_thileeb/repos/ops-hls-pact25-artifact/codegen_apps/jacobian3d/vck5000_project/hls/build/hw/temp_dir/datamover_outerloop_0/datamover_outerloop_0/datamover_outerloop_0/solution/.autopilot/db/axis2stream_256u_s.adb 
Execute         db_write -model axis2stream<256u> -bindview -o /home/x_thileeb/repos/ops-hls-pact25-artifact/codegen_apps/jacobian3d/vck5000_project/hls/build/hw/temp_dir/datamover_outerloop_0/datamover_outerloop_0/datamover_outerloop_0/solution/.autopilot/db/design.bindinfo.xml 
Execute         gen_tb_info axis2stream<256u> -p /home/x_thileeb/repos/ops-hls-pact25-artifact/codegen_apps/jacobian3d/vck5000_project/hls/build/hw/temp_dir/datamover_outerloop_0/datamover_outerloop_0/datamover_outerloop_0/solution/.autopilot/db -o /home/x_thileeb/repos/ops-hls-pact25-artifact/codegen_apps/jacobian3d/vck5000_project/hls/build/hw/temp_dir/datamover_outerloop_0/datamover_outerloop_0/datamover_outerloop_0/solution/.autopilot/db/axis2stream_256u_s 
INFO: [HLS 200-10] ----------------------------------------------------------------
INFO: [HLS 200-10] -- Generating RTL for module 'stream2streamStepup_256u_512u_Pipeline_VITIS_LOOP_809_1_VITIS_LOOP_811_2' 
INFO: [HLS 200-10] ----------------------------------------------------------------
Execute         get_config_rtl -module_prefix 
Execute         get_config_rtl -module_auto_prefix 
Execute         get_config_rtl -module_prefix 
Execute         get_config_rtl -module_auto_prefix 
Execute         create_rtl_model stream2streamStepup<256u, 512u>_Pipeline_VITIS_LOOP_809_1_VITIS_LOOP_811_2 -top_prefix datamover_outerloop_0_ -sub_prefix datamover_outerloop_0_ -mg_file /home/x_thileeb/repos/ops-hls-pact25-artifact/codegen_apps/jacobian3d/vck5000_project/hls/build/hw/temp_dir/datamover_outerloop_0/datamover_outerloop_0/datamover_outerloop_0/solution/.autopilot/db/stream2streamStepup_256u_512u_Pipeline_VITIS_LOOP_809_1_VITIS_LOOP_811_2.compgen.tcl 
INFO: [HLS 200-1030] Apply Unified Pipeline Control on module 'stream2streamStepup_256u_512u_Pipeline_VITIS_LOOP_809_1_VITIS_LOOP_811_2' pipeline 'VITIS_LOOP_809_1_VITIS_LOOP_811_2' pipeline type 'loop pipeline'
INFO: [RTGEN 206-100] Finished creating RTL model for 'stream2streamStepup_256u_512u_Pipeline_VITIS_LOOP_809_1_VITIS_LOOP_811_2'.
INFO: [HLS 200-111] Finished Creating RTL model: CPU user time: 0.12 seconds. CPU system time: 0.01 seconds. Elapsed time: 0.17 seconds; current allocated memory: 1.059 GB.
Execute         source /home/x_thileeb/repos/ops-hls-pact25-artifact/codegen_apps/jacobian3d/vck5000_project/hls/build/hw/temp_dir/datamover_outerloop_0/datamover_outerloop_0/datamover_outerloop_0/solution/.autopilot/db/datamover_outerloop_0.rtl_wrap.cfg.tcl 
Execute         gen_rtl stream2streamStepup<256u, 512u>_Pipeline_VITIS_LOOP_809_1_VITIS_LOOP_811_2 -style xilinx -f -lang vhdl -o /home/x_thileeb/repos/ops-hls-pact25-artifact/codegen_apps/jacobian3d/vck5000_project/hls/build/hw/temp_dir/datamover_outerloop_0/datamover_outerloop_0/datamover_outerloop_0/solution/syn/vhdl/datamover_outerloop_0_stream2streamStepup_256u_512u_Pipeline_VITIS_LOOP_809_1_VITIS_LOOP_811_2 
Execute         gen_rtl stream2streamStepup<256u, 512u>_Pipeline_VITIS_LOOP_809_1_VITIS_LOOP_811_2 -style xilinx -f -lang vlog -o /home/x_thileeb/repos/ops-hls-pact25-artifact/codegen_apps/jacobian3d/vck5000_project/hls/build/hw/temp_dir/datamover_outerloop_0/datamover_outerloop_0/datamover_outerloop_0/solution/syn/verilog/datamover_outerloop_0_stream2streamStepup_256u_512u_Pipeline_VITIS_LOOP_809_1_VITIS_LOOP_811_2 
Execute         syn_report -csynth -model stream2streamStepup<256u, 512u>_Pipeline_VITIS_LOOP_809_1_VITIS_LOOP_811_2 -o /home/x_thileeb/repos/ops-hls-pact25-artifact/codegen_apps/jacobian3d/vck5000_project/hls/build/hw/temp_dir/datamover_outerloop_0/datamover_outerloop_0/datamover_outerloop_0/solution/syn/report/stream2streamStepup_256u_512u_Pipeline_VITIS_LOOP_809_1_VITIS_LOOP_811_2_csynth.rpt 
Execute           AP::get_flow_target_display_name
Execute             get_solution -flow_target 
Command         syn_report done; 0.16 sec.
Execute         syn_report -rtlxml -model stream2streamStepup<256u, 512u>_Pipeline_VITIS_LOOP_809_1_VITIS_LOOP_811_2 -o /home/x_thileeb/repos/ops-hls-pact25-artifact/codegen_apps/jacobian3d/vck5000_project/hls/build/hw/temp_dir/datamover_outerloop_0/datamover_outerloop_0/datamover_outerloop_0/solution/syn/report/stream2streamStepup_256u_512u_Pipeline_VITIS_LOOP_809_1_VITIS_LOOP_811_2_csynth.xml 
Execute           get_solution -flow_target
Execute             get_solution -flow_target 
Execute         syn_report -verbosereport -model stream2streamStepup<256u, 512u>_Pipeline_VITIS_LOOP_809_1_VITIS_LOOP_811_2 -o /home/x_thileeb/repos/ops-hls-pact25-artifact/codegen_apps/jacobian3d/vck5000_project/hls/build/hw/temp_dir/datamover_outerloop_0/datamover_outerloop_0/datamover_outerloop_0/solution/.autopilot/db/stream2streamStepup_256u_512u_Pipeline_VITIS_LOOP_809_1_VITIS_LOOP_811_2.verbose.rpt 
Execute           AP::get_flow_target_display_name
Execute             get_solution -flow_target 
Command         syn_report done; 0.17 sec.
Execute         db_write -model stream2streamStepup<256u, 512u>_Pipeline_VITIS_LOOP_809_1_VITIS_LOOP_811_2 -f -o /home/x_thileeb/repos/ops-hls-pact25-artifact/codegen_apps/jacobian3d/vck5000_project/hls/build/hw/temp_dir/datamover_outerloop_0/datamover_outerloop_0/datamover_outerloop_0/solution/.autopilot/db/stream2streamStepup_256u_512u_Pipeline_VITIS_LOOP_809_1_VITIS_LOOP_811_2.adb 
Execute         db_write -model stream2streamStepup<256u, 512u>_Pipeline_VITIS_LOOP_809_1_VITIS_LOOP_811_2 -bindview -o /home/x_thileeb/repos/ops-hls-pact25-artifact/codegen_apps/jacobian3d/vck5000_project/hls/build/hw/temp_dir/datamover_outerloop_0/datamover_outerloop_0/datamover_outerloop_0/solution/.autopilot/db/design.bindinfo.xml 
Execute         gen_tb_info stream2streamStepup<256u, 512u>_Pipeline_VITIS_LOOP_809_1_VITIS_LOOP_811_2 -p /home/x_thileeb/repos/ops-hls-pact25-artifact/codegen_apps/jacobian3d/vck5000_project/hls/build/hw/temp_dir/datamover_outerloop_0/datamover_outerloop_0/datamover_outerloop_0/solution/.autopilot/db -o /home/x_thileeb/repos/ops-hls-pact25-artifact/codegen_apps/jacobian3d/vck5000_project/hls/build/hw/temp_dir/datamover_outerloop_0/datamover_outerloop_0/datamover_outerloop_0/solution/.autopilot/db/stream2streamStepup_256u_512u_Pipeline_VITIS_LOOP_809_1_VITIS_LOOP_811_2 
INFO: [HLS 200-10] ----------------------------------------------------------------
INFO: [HLS 200-10] -- Generating RTL for module 'stream2streamStepup_256u_512u_s' 
INFO: [HLS 200-10] ----------------------------------------------------------------
Execute         get_config_rtl -module_prefix 
Execute         get_config_rtl -module_auto_prefix 
Execute         get_config_rtl -module_prefix 
Execute         get_config_rtl -module_auto_prefix 
Execute         create_rtl_model stream2streamStepup<256u, 512u> -top_prefix datamover_outerloop_0_ -sub_prefix datamover_outerloop_0_ -mg_file /home/x_thileeb/repos/ops-hls-pact25-artifact/codegen_apps/jacobian3d/vck5000_project/hls/build/hw/temp_dir/datamover_outerloop_0/datamover_outerloop_0/datamover_outerloop_0/solution/.autopilot/db/stream2streamStepup_256u_512u_s.compgen.tcl 
INFO: [RTGEN 206-100] Finished creating RTL model for 'stream2streamStepup_256u_512u_s'.
INFO: [HLS 200-111] Finished Creating RTL model: CPU user time: 0.47 seconds. CPU system time: 0.01 seconds. Elapsed time: 0.51 seconds; current allocated memory: 1.060 GB.
Execute         source /home/x_thileeb/repos/ops-hls-pact25-artifact/codegen_apps/jacobian3d/vck5000_project/hls/build/hw/temp_dir/datamover_outerloop_0/datamover_outerloop_0/datamover_outerloop_0/solution/.autopilot/db/datamover_outerloop_0.rtl_wrap.cfg.tcl 
Execute         gen_rtl stream2streamStepup<256u, 512u> -style xilinx -f -lang vhdl -o /home/x_thileeb/repos/ops-hls-pact25-artifact/codegen_apps/jacobian3d/vck5000_project/hls/build/hw/temp_dir/datamover_outerloop_0/datamover_outerloop_0/datamover_outerloop_0/solution/syn/vhdl/datamover_outerloop_0_stream2streamStepup_256u_512u_s 
Execute         gen_rtl stream2streamStepup<256u, 512u> -style xilinx -f -lang vlog -o /home/x_thileeb/repos/ops-hls-pact25-artifact/codegen_apps/jacobian3d/vck5000_project/hls/build/hw/temp_dir/datamover_outerloop_0/datamover_outerloop_0/datamover_outerloop_0/solution/syn/verilog/datamover_outerloop_0_stream2streamStepup_256u_512u_s 
Execute         syn_report -csynth -model stream2streamStepup<256u, 512u> -o /home/x_thileeb/repos/ops-hls-pact25-artifact/codegen_apps/jacobian3d/vck5000_project/hls/build/hw/temp_dir/datamover_outerloop_0/datamover_outerloop_0/datamover_outerloop_0/solution/syn/report/stream2streamStepup_256u_512u_s_csynth.rpt 
Execute           AP::get_flow_target_display_name
Execute             get_solution -flow_target 
Execute         syn_report -rtlxml -model stream2streamStepup<256u, 512u> -o /home/x_thileeb/repos/ops-hls-pact25-artifact/codegen_apps/jacobian3d/vck5000_project/hls/build/hw/temp_dir/datamover_outerloop_0/datamover_outerloop_0/datamover_outerloop_0/solution/syn/report/stream2streamStepup_256u_512u_s_csynth.xml 
Execute           get_solution -flow_target
Execute             get_solution -flow_target 
Execute         syn_report -verbosereport -model stream2streamStepup<256u, 512u> -o /home/x_thileeb/repos/ops-hls-pact25-artifact/codegen_apps/jacobian3d/vck5000_project/hls/build/hw/temp_dir/datamover_outerloop_0/datamover_outerloop_0/datamover_outerloop_0/solution/.autopilot/db/stream2streamStepup_256u_512u_s.verbose.rpt 
Execute           AP::get_flow_target_display_name
Execute             get_solution -flow_target 
Command         syn_report done; 0.14 sec.
Execute         db_write -model stream2streamStepup<256u, 512u> -f -o /home/x_thileeb/repos/ops-hls-pact25-artifact/codegen_apps/jacobian3d/vck5000_project/hls/build/hw/temp_dir/datamover_outerloop_0/datamover_outerloop_0/datamover_outerloop_0/solution/.autopilot/db/stream2streamStepup_256u_512u_s.adb 
Execute         db_write -model stream2streamStepup<256u, 512u> -bindview -o /home/x_thileeb/repos/ops-hls-pact25-artifact/codegen_apps/jacobian3d/vck5000_project/hls/build/hw/temp_dir/datamover_outerloop_0/datamover_outerloop_0/datamover_outerloop_0/solution/.autopilot/db/design.bindinfo.xml 
Execute         gen_tb_info stream2streamStepup<256u, 512u> -p /home/x_thileeb/repos/ops-hls-pact25-artifact/codegen_apps/jacobian3d/vck5000_project/hls/build/hw/temp_dir/datamover_outerloop_0/datamover_outerloop_0/datamover_outerloop_0/solution/.autopilot/db -o /home/x_thileeb/repos/ops-hls-pact25-artifact/codegen_apps/jacobian3d/vck5000_project/hls/build/hw/temp_dir/datamover_outerloop_0/datamover_outerloop_0/datamover_outerloop_0/solution/.autopilot/db/stream2streamStepup_256u_512u_s 
INFO: [HLS 200-10] ----------------------------------------------------------------
INFO: [HLS 200-10] -- Generating RTL for module 'stream2mem_512u_32u_2u_Pipeline_VITIS_LOOP_567_1' 
INFO: [HLS 200-10] ----------------------------------------------------------------
Execute         get_config_rtl -module_prefix 
Execute         get_config_rtl -module_auto_prefix 
Execute         get_config_rtl -module_prefix 
Execute         get_config_rtl -module_auto_prefix 
Execute         create_rtl_model stream2mem<512u, 32u, 2u>_Pipeline_VITIS_LOOP_567_1 -top_prefix datamover_outerloop_0_ -sub_prefix datamover_outerloop_0_ -mg_file /home/x_thileeb/repos/ops-hls-pact25-artifact/codegen_apps/jacobian3d/vck5000_project/hls/build/hw/temp_dir/datamover_outerloop_0/datamover_outerloop_0/datamover_outerloop_0/solution/.autopilot/db/stream2mem_512u_32u_2u_Pipeline_VITIS_LOOP_567_1.compgen.tcl 
INFO: [HLS 200-1030] Apply Unified Pipeline Control on module 'stream2mem_512u_32u_2u_Pipeline_VITIS_LOOP_567_1' pipeline 'VITIS_LOOP_567_1' pipeline type 'loop pipeline'
WARNING: [RTGEN 206-101] Setting dangling out port 'stream2mem_512u_32u_2u_Pipeline_VITIS_LOOP_567_1/m_axi_gmem1_AWVALID' to 0.
WARNING: [RTGEN 206-101] Setting dangling out port 'stream2mem_512u_32u_2u_Pipeline_VITIS_LOOP_567_1/m_axi_gmem1_AWADDR' to 0.
WARNING: [RTGEN 206-101] Setting dangling out port 'stream2mem_512u_32u_2u_Pipeline_VITIS_LOOP_567_1/m_axi_gmem1_AWID' to 0.
WARNING: [RTGEN 206-101] Setting dangling out port 'stream2mem_512u_32u_2u_Pipeline_VITIS_LOOP_567_1/m_axi_gmem1_AWLEN' to 0.
WARNING: [RTGEN 206-101] Setting dangling out port 'stream2mem_512u_32u_2u_Pipeline_VITIS_LOOP_567_1/m_axi_gmem1_AWSIZE' to 0.
WARNING: [RTGEN 206-101] Setting dangling out port 'stream2mem_512u_32u_2u_Pipeline_VITIS_LOOP_567_1/m_axi_gmem1_AWBURST' to 0.
WARNING: [RTGEN 206-101] Setting dangling out port 'stream2mem_512u_32u_2u_Pipeline_VITIS_LOOP_567_1/m_axi_gmem1_AWLOCK' to 0.
WARNING: [RTGEN 206-101] Setting dangling out port 'stream2mem_512u_32u_2u_Pipeline_VITIS_LOOP_567_1/m_axi_gmem1_AWCACHE' to 0.
WARNING: [RTGEN 206-101] Setting dangling out port 'stream2mem_512u_32u_2u_Pipeline_VITIS_LOOP_567_1/m_axi_gmem1_AWPROT' to 0.
WARNING: [RTGEN 206-101] Setting dangling out port 'stream2mem_512u_32u_2u_Pipeline_VITIS_LOOP_567_1/m_axi_gmem1_AWQOS' to 0.
WARNING: [RTGEN 206-101] Setting dangling out port 'stream2mem_512u_32u_2u_Pipeline_VITIS_LOOP_567_1/m_axi_gmem1_AWREGION' to 0.
WARNING: [RTGEN 206-101] Setting dangling out port 'stream2mem_512u_32u_2u_Pipeline_VITIS_LOOP_567_1/m_axi_gmem1_AWUSER' to 0.
WARNING: [RTGEN 206-101] Setting dangling out port 'stream2mem_512u_32u_2u_Pipeline_VITIS_LOOP_567_1/m_axi_gmem1_BREADY' to 0.
INFO: [RTGEN 206-100] Finished creating RTL model for 'stream2mem_512u_32u_2u_Pipeline_VITIS_LOOP_567_1'.
INFO: [HLS 200-111] Finished Creating RTL model: CPU user time: 0.25 seconds. CPU system time: 0.01 seconds. Elapsed time: 0.32 seconds; current allocated memory: 1.061 GB.
Execute         source /home/x_thileeb/repos/ops-hls-pact25-artifact/codegen_apps/jacobian3d/vck5000_project/hls/build/hw/temp_dir/datamover_outerloop_0/datamover_outerloop_0/datamover_outerloop_0/solution/.autopilot/db/datamover_outerloop_0.rtl_wrap.cfg.tcl 
Execute         gen_rtl stream2mem<512u, 32u, 2u>_Pipeline_VITIS_LOOP_567_1 -style xilinx -f -lang vhdl -o /home/x_thileeb/repos/ops-hls-pact25-artifact/codegen_apps/jacobian3d/vck5000_project/hls/build/hw/temp_dir/datamover_outerloop_0/datamover_outerloop_0/datamover_outerloop_0/solution/syn/vhdl/datamover_outerloop_0_stream2mem_512u_32u_2u_Pipeline_VITIS_LOOP_567_1 
Execute         gen_rtl stream2mem<512u, 32u, 2u>_Pipeline_VITIS_LOOP_567_1 -style xilinx -f -lang vlog -o /home/x_thileeb/repos/ops-hls-pact25-artifact/codegen_apps/jacobian3d/vck5000_project/hls/build/hw/temp_dir/datamover_outerloop_0/datamover_outerloop_0/datamover_outerloop_0/solution/syn/verilog/datamover_outerloop_0_stream2mem_512u_32u_2u_Pipeline_VITIS_LOOP_567_1 
Execute         syn_report -csynth -model stream2mem<512u, 32u, 2u>_Pipeline_VITIS_LOOP_567_1 -o /home/x_thileeb/repos/ops-hls-pact25-artifact/codegen_apps/jacobian3d/vck5000_project/hls/build/hw/temp_dir/datamover_outerloop_0/datamover_outerloop_0/datamover_outerloop_0/solution/syn/report/stream2mem_512u_32u_2u_Pipeline_VITIS_LOOP_567_1_csynth.rpt 
Execute           AP::get_flow_target_display_name
Execute             get_solution -flow_target 
Execute         syn_report -rtlxml -model stream2mem<512u, 32u, 2u>_Pipeline_VITIS_LOOP_567_1 -o /home/x_thileeb/repos/ops-hls-pact25-artifact/codegen_apps/jacobian3d/vck5000_project/hls/build/hw/temp_dir/datamover_outerloop_0/datamover_outerloop_0/datamover_outerloop_0/solution/syn/report/stream2mem_512u_32u_2u_Pipeline_VITIS_LOOP_567_1_csynth.xml 
Execute           get_solution -flow_target
Execute             get_solution -flow_target 
Execute         syn_report -verbosereport -model stream2mem<512u, 32u, 2u>_Pipeline_VITIS_LOOP_567_1 -o /home/x_thileeb/repos/ops-hls-pact25-artifact/codegen_apps/jacobian3d/vck5000_project/hls/build/hw/temp_dir/datamover_outerloop_0/datamover_outerloop_0/datamover_outerloop_0/solution/.autopilot/db/stream2mem_512u_32u_2u_Pipeline_VITIS_LOOP_567_1.verbose.rpt 
Execute           AP::get_flow_target_display_name
Execute             get_solution -flow_target 
Execute         db_write -model stream2mem<512u, 32u, 2u>_Pipeline_VITIS_LOOP_567_1 -f -o /home/x_thileeb/repos/ops-hls-pact25-artifact/codegen_apps/jacobian3d/vck5000_project/hls/build/hw/temp_dir/datamover_outerloop_0/datamover_outerloop_0/datamover_outerloop_0/solution/.autopilot/db/stream2mem_512u_32u_2u_Pipeline_VITIS_LOOP_567_1.adb 
Execute         db_write -model stream2mem<512u, 32u, 2u>_Pipeline_VITIS_LOOP_567_1 -bindview -o /home/x_thileeb/repos/ops-hls-pact25-artifact/codegen_apps/jacobian3d/vck5000_project/hls/build/hw/temp_dir/datamover_outerloop_0/datamover_outerloop_0/datamover_outerloop_0/solution/.autopilot/db/design.bindinfo.xml 
Execute         gen_tb_info stream2mem<512u, 32u, 2u>_Pipeline_VITIS_LOOP_567_1 -p /home/x_thileeb/repos/ops-hls-pact25-artifact/codegen_apps/jacobian3d/vck5000_project/hls/build/hw/temp_dir/datamover_outerloop_0/datamover_outerloop_0/datamover_outerloop_0/solution/.autopilot/db -o /home/x_thileeb/repos/ops-hls-pact25-artifact/codegen_apps/jacobian3d/vck5000_project/hls/build/hw/temp_dir/datamover_outerloop_0/datamover_outerloop_0/datamover_outerloop_0/solution/.autopilot/db/stream2mem_512u_32u_2u_Pipeline_VITIS_LOOP_567_1 
INFO: [HLS 200-10] ----------------------------------------------------------------
INFO: [HLS 200-10] -- Generating RTL for module 'stream2mem_512u_32u_2u_Pipeline_VITIS_LOOP_580_2' 
INFO: [HLS 200-10] ----------------------------------------------------------------
Execute         get_config_rtl -module_prefix 
Execute         get_config_rtl -module_auto_prefix 
Execute         get_config_rtl -module_prefix 
Execute         get_config_rtl -module_auto_prefix 
Execute         create_rtl_model stream2mem<512u, 32u, 2u>_Pipeline_VITIS_LOOP_580_2 -top_prefix datamover_outerloop_0_ -sub_prefix datamover_outerloop_0_ -mg_file /home/x_thileeb/repos/ops-hls-pact25-artifact/codegen_apps/jacobian3d/vck5000_project/hls/build/hw/temp_dir/datamover_outerloop_0/datamover_outerloop_0/datamover_outerloop_0/solution/.autopilot/db/stream2mem_512u_32u_2u_Pipeline_VITIS_LOOP_580_2.compgen.tcl 
INFO: [HLS 200-1030] Apply Unified Pipeline Control on module 'stream2mem_512u_32u_2u_Pipeline_VITIS_LOOP_580_2' pipeline 'VITIS_LOOP_580_2' pipeline type 'loop pipeline'
WARNING: [RTGEN 206-101] Setting dangling out port 'stream2mem_512u_32u_2u_Pipeline_VITIS_LOOP_580_2/m_axi_gmem1_AWVALID' to 0.
WARNING: [RTGEN 206-101] Setting dangling out port 'stream2mem_512u_32u_2u_Pipeline_VITIS_LOOP_580_2/m_axi_gmem1_AWADDR' to 0.
WARNING: [RTGEN 206-101] Setting dangling out port 'stream2mem_512u_32u_2u_Pipeline_VITIS_LOOP_580_2/m_axi_gmem1_AWID' to 0.
WARNING: [RTGEN 206-101] Setting dangling out port 'stream2mem_512u_32u_2u_Pipeline_VITIS_LOOP_580_2/m_axi_gmem1_AWLEN' to 0.
WARNING: [RTGEN 206-101] Setting dangling out port 'stream2mem_512u_32u_2u_Pipeline_VITIS_LOOP_580_2/m_axi_gmem1_AWSIZE' to 0.
WARNING: [RTGEN 206-101] Setting dangling out port 'stream2mem_512u_32u_2u_Pipeline_VITIS_LOOP_580_2/m_axi_gmem1_AWBURST' to 0.
WARNING: [RTGEN 206-101] Setting dangling out port 'stream2mem_512u_32u_2u_Pipeline_VITIS_LOOP_580_2/m_axi_gmem1_AWLOCK' to 0.
WARNING: [RTGEN 206-101] Setting dangling out port 'stream2mem_512u_32u_2u_Pipeline_VITIS_LOOP_580_2/m_axi_gmem1_AWCACHE' to 0.
WARNING: [RTGEN 206-101] Setting dangling out port 'stream2mem_512u_32u_2u_Pipeline_VITIS_LOOP_580_2/m_axi_gmem1_AWPROT' to 0.
WARNING: [RTGEN 206-101] Setting dangling out port 'stream2mem_512u_32u_2u_Pipeline_VITIS_LOOP_580_2/m_axi_gmem1_AWQOS' to 0.
WARNING: [RTGEN 206-101] Setting dangling out port 'stream2mem_512u_32u_2u_Pipeline_VITIS_LOOP_580_2/m_axi_gmem1_AWREGION' to 0.
WARNING: [RTGEN 206-101] Setting dangling out port 'stream2mem_512u_32u_2u_Pipeline_VITIS_LOOP_580_2/m_axi_gmem1_AWUSER' to 0.
WARNING: [RTGEN 206-101] Setting dangling out port 'stream2mem_512u_32u_2u_Pipeline_VITIS_LOOP_580_2/m_axi_gmem1_BREADY' to 0.
INFO: [RTGEN 206-100] Finished creating RTL model for 'stream2mem_512u_32u_2u_Pipeline_VITIS_LOOP_580_2'.
INFO: [HLS 200-111] Finished Creating RTL model: CPU user time: 0.17 seconds. CPU system time: 0.02 seconds. Elapsed time: 0.25 seconds; current allocated memory: 1.062 GB.
Execute         source /home/x_thileeb/repos/ops-hls-pact25-artifact/codegen_apps/jacobian3d/vck5000_project/hls/build/hw/temp_dir/datamover_outerloop_0/datamover_outerloop_0/datamover_outerloop_0/solution/.autopilot/db/datamover_outerloop_0.rtl_wrap.cfg.tcl 
Execute         gen_rtl stream2mem<512u, 32u, 2u>_Pipeline_VITIS_LOOP_580_2 -style xilinx -f -lang vhdl -o /home/x_thileeb/repos/ops-hls-pact25-artifact/codegen_apps/jacobian3d/vck5000_project/hls/build/hw/temp_dir/datamover_outerloop_0/datamover_outerloop_0/datamover_outerloop_0/solution/syn/vhdl/datamover_outerloop_0_stream2mem_512u_32u_2u_Pipeline_VITIS_LOOP_580_2 
Execute         gen_rtl stream2mem<512u, 32u, 2u>_Pipeline_VITIS_LOOP_580_2 -style xilinx -f -lang vlog -o /home/x_thileeb/repos/ops-hls-pact25-artifact/codegen_apps/jacobian3d/vck5000_project/hls/build/hw/temp_dir/datamover_outerloop_0/datamover_outerloop_0/datamover_outerloop_0/solution/syn/verilog/datamover_outerloop_0_stream2mem_512u_32u_2u_Pipeline_VITIS_LOOP_580_2 
Execute         syn_report -csynth -model stream2mem<512u, 32u, 2u>_Pipeline_VITIS_LOOP_580_2 -o /home/x_thileeb/repos/ops-hls-pact25-artifact/codegen_apps/jacobian3d/vck5000_project/hls/build/hw/temp_dir/datamover_outerloop_0/datamover_outerloop_0/datamover_outerloop_0/solution/syn/report/stream2mem_512u_32u_2u_Pipeline_VITIS_LOOP_580_2_csynth.rpt 
Execute           AP::get_flow_target_display_name
Execute             get_solution -flow_target 
Execute         syn_report -rtlxml -model stream2mem<512u, 32u, 2u>_Pipeline_VITIS_LOOP_580_2 -o /home/x_thileeb/repos/ops-hls-pact25-artifact/codegen_apps/jacobian3d/vck5000_project/hls/build/hw/temp_dir/datamover_outerloop_0/datamover_outerloop_0/datamover_outerloop_0/solution/syn/report/stream2mem_512u_32u_2u_Pipeline_VITIS_LOOP_580_2_csynth.xml 
Execute           get_solution -flow_target
Execute             get_solution -flow_target 
Execute         syn_report -verbosereport -model stream2mem<512u, 32u, 2u>_Pipeline_VITIS_LOOP_580_2 -o /home/x_thileeb/repos/ops-hls-pact25-artifact/codegen_apps/jacobian3d/vck5000_project/hls/build/hw/temp_dir/datamover_outerloop_0/datamover_outerloop_0/datamover_outerloop_0/solution/.autopilot/db/stream2mem_512u_32u_2u_Pipeline_VITIS_LOOP_580_2.verbose.rpt 
Execute           AP::get_flow_target_display_name
Execute             get_solution -flow_target 
Execute         db_write -model stream2mem<512u, 32u, 2u>_Pipeline_VITIS_LOOP_580_2 -f -o /home/x_thileeb/repos/ops-hls-pact25-artifact/codegen_apps/jacobian3d/vck5000_project/hls/build/hw/temp_dir/datamover_outerloop_0/datamover_outerloop_0/datamover_outerloop_0/solution/.autopilot/db/stream2mem_512u_32u_2u_Pipeline_VITIS_LOOP_580_2.adb 
Execute         db_write -model stream2mem<512u, 32u, 2u>_Pipeline_VITIS_LOOP_580_2 -bindview -o /home/x_thileeb/repos/ops-hls-pact25-artifact/codegen_apps/jacobian3d/vck5000_project/hls/build/hw/temp_dir/datamover_outerloop_0/datamover_outerloop_0/datamover_outerloop_0/solution/.autopilot/db/design.bindinfo.xml 
Execute         gen_tb_info stream2mem<512u, 32u, 2u>_Pipeline_VITIS_LOOP_580_2 -p /home/x_thileeb/repos/ops-hls-pact25-artifact/codegen_apps/jacobian3d/vck5000_project/hls/build/hw/temp_dir/datamover_outerloop_0/datamover_outerloop_0/datamover_outerloop_0/solution/.autopilot/db -o /home/x_thileeb/repos/ops-hls-pact25-artifact/codegen_apps/jacobian3d/vck5000_project/hls/build/hw/temp_dir/datamover_outerloop_0/datamover_outerloop_0/datamover_outerloop_0/solution/.autopilot/db/stream2mem_512u_32u_2u_Pipeline_VITIS_LOOP_580_2 
INFO: [HLS 200-10] ----------------------------------------------------------------
INFO: [HLS 200-10] -- Generating RTL for module 'stream2mem_512u_32u_2u_s' 
INFO: [HLS 200-10] ----------------------------------------------------------------
Execute         get_config_rtl -module_prefix 
Execute         get_config_rtl -module_auto_prefix 
Execute         get_config_rtl -module_prefix 
Execute         get_config_rtl -module_auto_prefix 
Execute         create_rtl_model stream2mem<512u, 32u, 2u> -top_prefix datamover_outerloop_0_ -sub_prefix datamover_outerloop_0_ -mg_file /home/x_thileeb/repos/ops-hls-pact25-artifact/codegen_apps/jacobian3d/vck5000_project/hls/build/hw/temp_dir/datamover_outerloop_0/datamover_outerloop_0/datamover_outerloop_0/solution/.autopilot/db/stream2mem_512u_32u_2u_s.compgen.tcl 
INFO: [RTGEN 206-100] Finished creating RTL model for 'stream2mem_512u_32u_2u_s'.
INFO: [HLS 200-111] Finished Creating RTL model: CPU user time: 0.23 seconds. CPU system time: 0.02 seconds. Elapsed time: 0.28 seconds; current allocated memory: 1.065 GB.
Execute         source /home/x_thileeb/repos/ops-hls-pact25-artifact/codegen_apps/jacobian3d/vck5000_project/hls/build/hw/temp_dir/datamover_outerloop_0/datamover_outerloop_0/datamover_outerloop_0/solution/.autopilot/db/datamover_outerloop_0.rtl_wrap.cfg.tcl 
Execute         gen_rtl stream2mem<512u, 32u, 2u> -style xilinx -f -lang vhdl -o /home/x_thileeb/repos/ops-hls-pact25-artifact/codegen_apps/jacobian3d/vck5000_project/hls/build/hw/temp_dir/datamover_outerloop_0/datamover_outerloop_0/datamover_outerloop_0/solution/syn/vhdl/datamover_outerloop_0_stream2mem_512u_32u_2u_s 
Execute         gen_rtl stream2mem<512u, 32u, 2u> -style xilinx -f -lang vlog -o /home/x_thileeb/repos/ops-hls-pact25-artifact/codegen_apps/jacobian3d/vck5000_project/hls/build/hw/temp_dir/datamover_outerloop_0/datamover_outerloop_0/datamover_outerloop_0/solution/syn/verilog/datamover_outerloop_0_stream2mem_512u_32u_2u_s 
Execute         syn_report -csynth -model stream2mem<512u, 32u, 2u> -o /home/x_thileeb/repos/ops-hls-pact25-artifact/codegen_apps/jacobian3d/vck5000_project/hls/build/hw/temp_dir/datamover_outerloop_0/datamover_outerloop_0/datamover_outerloop_0/solution/syn/report/stream2mem_512u_32u_2u_s_csynth.rpt 
Execute           AP::get_flow_target_display_name
Execute             get_solution -flow_target 
Command         syn_report done; 0.14 sec.
Execute         syn_report -rtlxml -model stream2mem<512u, 32u, 2u> -o /home/x_thileeb/repos/ops-hls-pact25-artifact/codegen_apps/jacobian3d/vck5000_project/hls/build/hw/temp_dir/datamover_outerloop_0/datamover_outerloop_0/datamover_outerloop_0/solution/syn/report/stream2mem_512u_32u_2u_s_csynth.xml 
Execute           get_solution -flow_target
Execute             get_solution -flow_target 
Execute         syn_report -verbosereport -model stream2mem<512u, 32u, 2u> -o /home/x_thileeb/repos/ops-hls-pact25-artifact/codegen_apps/jacobian3d/vck5000_project/hls/build/hw/temp_dir/datamover_outerloop_0/datamover_outerloop_0/datamover_outerloop_0/solution/.autopilot/db/stream2mem_512u_32u_2u_s.verbose.rpt 
Execute           AP::get_flow_target_display_name
Execute             get_solution -flow_target 
Command         syn_report done; 0.25 sec.
Execute         db_write -model stream2mem<512u, 32u, 2u> -f -o /home/x_thileeb/repos/ops-hls-pact25-artifact/codegen_apps/jacobian3d/vck5000_project/hls/build/hw/temp_dir/datamover_outerloop_0/datamover_outerloop_0/datamover_outerloop_0/solution/.autopilot/db/stream2mem_512u_32u_2u_s.adb 
Execute         db_write -model stream2mem<512u, 32u, 2u> -bindview -o /home/x_thileeb/repos/ops-hls-pact25-artifact/codegen_apps/jacobian3d/vck5000_project/hls/build/hw/temp_dir/datamover_outerloop_0/datamover_outerloop_0/datamover_outerloop_0/solution/.autopilot/db/design.bindinfo.xml 
Execute         gen_tb_info stream2mem<512u, 32u, 2u> -p /home/x_thileeb/repos/ops-hls-pact25-artifact/codegen_apps/jacobian3d/vck5000_project/hls/build/hw/temp_dir/datamover_outerloop_0/datamover_outerloop_0/datamover_outerloop_0/solution/.autopilot/db -o /home/x_thileeb/repos/ops-hls-pact25-artifact/codegen_apps/jacobian3d/vck5000_project/hls/build/hw/temp_dir/datamover_outerloop_0/datamover_outerloop_0/datamover_outerloop_0/solution/.autopilot/db/stream2mem_512u_32u_2u_s 
INFO: [HLS 200-10] ----------------------------------------------------------------
INFO: [HLS 200-10] -- Generating RTL for module 'datamover_outerloop_0_dataflow_read_write_dataflow_region' 
INFO: [HLS 200-10] ----------------------------------------------------------------
Execute         get_config_rtl -module_prefix 
Execute         get_config_rtl -module_auto_prefix 
Execute         get_config_rtl -module_prefix 
Execute         get_config_rtl -module_auto_prefix 
Execute         create_rtl_model datamover_outerloop_0_dataflow_read_write_dataflow_region -top_prefix datamover_outerloop_0_ -sub_prefix datamover_outerloop_0_ -mg_file /home/x_thileeb/repos/ops-hls-pact25-artifact/codegen_apps/jacobian3d/vck5000_project/hls/build/hw/temp_dir/datamover_outerloop_0/datamover_outerloop_0/datamover_outerloop_0/solution/.autopilot/db/datamover_outerloop_0_dataflow_read_write_dataflow_region.compgen.tcl 
WARNING: [RTGEN 206-101] Setting dangling out port 'datamover_outerloop_0_dataflow_read_write_dataflow_region/m_axi_gmem0_AWVALID' to 0.
WARNING: [RTGEN 206-101] Setting dangling out port 'datamover_outerloop_0_dataflow_read_write_dataflow_region/m_axi_gmem0_AWADDR' to 0.
WARNING: [RTGEN 206-101] Setting dangling out port 'datamover_outerloop_0_dataflow_read_write_dataflow_region/m_axi_gmem0_AWID' to 0.
WARNING: [RTGEN 206-101] Setting dangling out port 'datamover_outerloop_0_dataflow_read_write_dataflow_region/m_axi_gmem0_AWLEN' to 0.
WARNING: [RTGEN 206-101] Setting dangling out port 'datamover_outerloop_0_dataflow_read_write_dataflow_region/m_axi_gmem0_AWSIZE' to 0.
WARNING: [RTGEN 206-101] Setting dangling out port 'datamover_outerloop_0_dataflow_read_write_dataflow_region/m_axi_gmem0_AWBURST' to 0.
WARNING: [RTGEN 206-101] Setting dangling out port 'datamover_outerloop_0_dataflow_read_write_dataflow_region/m_axi_gmem0_AWLOCK' to 0.
WARNING: [RTGEN 206-101] Setting dangling out port 'datamover_outerloop_0_dataflow_read_write_dataflow_region/m_axi_gmem0_AWCACHE' to 0.
WARNING: [RTGEN 206-101] Setting dangling out port 'datamover_outerloop_0_dataflow_read_write_dataflow_region/m_axi_gmem0_AWPROT' to 0.
WARNING: [RTGEN 206-101] Setting dangling out port 'datamover_outerloop_0_dataflow_read_write_dataflow_region/m_axi_gmem0_AWQOS' to 0.
WARNING: [RTGEN 206-101] Setting dangling out port 'datamover_outerloop_0_dataflow_read_write_dataflow_region/m_axi_gmem0_AWREGION' to 0.
WARNING: [RTGEN 206-101] Setting dangling out port 'datamover_outerloop_0_dataflow_read_write_dataflow_region/m_axi_gmem0_AWUSER' to 0.
WARNING: [RTGEN 206-101] Setting dangling out port 'datamover_outerloop_0_dataflow_read_write_dataflow_region/m_axi_gmem0_WVALID' to 0.
WARNING: [RTGEN 206-101] Setting dangling out port 'datamover_outerloop_0_dataflow_read_write_dataflow_region/m_axi_gmem0_WDATA' to 0.
WARNING: [RTGEN 206-101] Setting dangling out port 'datamover_outerloop_0_dataflow_read_write_dataflow_region/m_axi_gmem0_WSTRB' to 0.
WARNING: [RTGEN 206-101] Setting dangling out port 'datamover_outerloop_0_dataflow_read_write_dataflow_region/m_axi_gmem0_WLAST' to 0.
WARNING: [RTGEN 206-101] Setting dangling out port 'datamover_outerloop_0_dataflow_read_write_dataflow_region/m_axi_gmem0_WID' to 0.
WARNING: [RTGEN 206-101] Setting dangling out port 'datamover_outerloop_0_dataflow_read_write_dataflow_region/m_axi_gmem0_WUSER' to 0.
WARNING: [RTGEN 206-101] Setting dangling out port 'datamover_outerloop_0_dataflow_read_write_dataflow_region/m_axi_gmem0_BREADY' to 0.
WARNING: [RTGEN 206-101] Setting dangling out port 'datamover_outerloop_0_dataflow_read_write_dataflow_region/m_axi_gmem1_ARVALID' to 0.
WARNING: [RTGEN 206-101] Setting dangling out port 'datamover_outerloop_0_dataflow_read_write_dataflow_region/m_axi_gmem1_ARADDR' to 0.
WARNING: [RTGEN 206-101] Setting dangling out port 'datamover_outerloop_0_dataflow_read_write_dataflow_region/m_axi_gmem1_ARID' to 0.
WARNING: [RTGEN 206-101] Setting dangling out port 'datamover_outerloop_0_dataflow_read_write_dataflow_region/m_axi_gmem1_ARLEN' to 0.
WARNING: [RTGEN 206-101] Setting dangling out port 'datamover_outerloop_0_dataflow_read_write_dataflow_region/m_axi_gmem1_ARSIZE' to 0.
WARNING: [RTGEN 206-101] Setting dangling out port 'datamover_outerloop_0_dataflow_read_write_dataflow_region/m_axi_gmem1_ARBURST' to 0.
WARNING: [RTGEN 206-101] Setting dangling out port 'datamover_outerloop_0_dataflow_read_write_dataflow_region/m_axi_gmem1_ARLOCK' to 0.
WARNING: [RTGEN 206-101] Setting dangling out port 'datamover_outerloop_0_dataflow_read_write_dataflow_region/m_axi_gmem1_ARCACHE' to 0.
WARNING: [RTGEN 206-101] Setting dangling out port 'datamover_outerloop_0_dataflow_read_write_dataflow_region/m_axi_gmem1_ARPROT' to 0.
WARNING: [RTGEN 206-101] Setting dangling out port 'datamover_outerloop_0_dataflow_read_write_dataflow_region/m_axi_gmem1_ARQOS' to 0.
WARNING: [RTGEN 206-101] Setting dangling out port 'datamover_outerloop_0_dataflow_read_write_dataflow_region/m_axi_gmem1_ARREGION' to 0.
WARNING: [RTGEN 206-101] Setting dangling out port 'datamover_outerloop_0_dataflow_read_write_dataflow_region/m_axi_gmem1_ARUSER' to 0.
WARNING: [RTGEN 206-101] Setting dangling out port 'datamover_outerloop_0_dataflow_read_write_dataflow_region/m_axi_gmem1_RREADY' to 0.
INFO: [RTGEN 206-100] Finished creating RTL model for 'datamover_outerloop_0_dataflow_read_write_dataflow_region'.
Command         create_rtl_model done; 0.19 sec.
INFO: [HLS 200-111] Finished Creating RTL model: CPU user time: 0.64 seconds. CPU system time: 0.01 seconds. Elapsed time: 0.74 seconds; current allocated memory: 1.068 GB.
Execute         source /home/x_thileeb/repos/ops-hls-pact25-artifact/codegen_apps/jacobian3d/vck5000_project/hls/build/hw/temp_dir/datamover_outerloop_0/datamover_outerloop_0/datamover_outerloop_0/solution/.autopilot/db/datamover_outerloop_0.rtl_wrap.cfg.tcl 
Execute         gen_rtl datamover_outerloop_0_dataflow_read_write_dataflow_region -style xilinx -f -lang vhdl -o /home/x_thileeb/repos/ops-hls-pact25-artifact/codegen_apps/jacobian3d/vck5000_project/hls/build/hw/temp_dir/datamover_outerloop_0/datamover_outerloop_0/datamover_outerloop_0/solution/syn/vhdl/datamover_outerloop_0_datamover_outerloop_0_dataflow_read_write_dataflow_region 
Execute         gen_rtl datamover_outerloop_0_dataflow_read_write_dataflow_region -style xilinx -f -lang vlog -o /home/x_thileeb/repos/ops-hls-pact25-artifact/codegen_apps/jacobian3d/vck5000_project/hls/build/hw/temp_dir/datamover_outerloop_0/datamover_outerloop_0/datamover_outerloop_0/solution/syn/verilog/datamover_outerloop_0_datamover_outerloop_0_dataflow_read_write_dataflow_region 
Execute         syn_report -csynth -model datamover_outerloop_0_dataflow_read_write_dataflow_region -o /home/x_thileeb/repos/ops-hls-pact25-artifact/codegen_apps/jacobian3d/vck5000_project/hls/build/hw/temp_dir/datamover_outerloop_0/datamover_outerloop_0/datamover_outerloop_0/solution/syn/report/datamover_outerloop_0_dataflow_read_write_dataflow_region_csynth.rpt 
Execute           AP::get_flow_target_display_name
Execute             get_solution -flow_target 
Command         syn_report done; 0.11 sec.
Execute         syn_report -rtlxml -model datamover_outerloop_0_dataflow_read_write_dataflow_region -o /home/x_thileeb/repos/ops-hls-pact25-artifact/codegen_apps/jacobian3d/vck5000_project/hls/build/hw/temp_dir/datamover_outerloop_0/datamover_outerloop_0/datamover_outerloop_0/solution/syn/report/datamover_outerloop_0_dataflow_read_write_dataflow_region_csynth.xml 
Execute           get_solution -flow_target
Execute             get_solution -flow_target 
Execute         syn_report -verbosereport -model datamover_outerloop_0_dataflow_read_write_dataflow_region -o /home/x_thileeb/repos/ops-hls-pact25-artifact/codegen_apps/jacobian3d/vck5000_project/hls/build/hw/temp_dir/datamover_outerloop_0/datamover_outerloop_0/datamover_outerloop_0/solution/.autopilot/db/datamover_outerloop_0_dataflow_read_write_dataflow_region.verbose.rpt 
Execute           AP::get_flow_target_display_name
Execute             get_solution -flow_target 
Command         syn_report done; 0.37 sec.
Execute         db_write -model datamover_outerloop_0_dataflow_read_write_dataflow_region -f -o /home/x_thileeb/repos/ops-hls-pact25-artifact/codegen_apps/jacobian3d/vck5000_project/hls/build/hw/temp_dir/datamover_outerloop_0/datamover_outerloop_0/datamover_outerloop_0/solution/.autopilot/db/datamover_outerloop_0_dataflow_read_write_dataflow_region.adb 
Execute         db_write -model datamover_outerloop_0_dataflow_read_write_dataflow_region -bindview -o /home/x_thileeb/repos/ops-hls-pact25-artifact/codegen_apps/jacobian3d/vck5000_project/hls/build/hw/temp_dir/datamover_outerloop_0/datamover_outerloop_0/datamover_outerloop_0/solution/.autopilot/db/design.bindinfo.xml 
Execute         gen_tb_info datamover_outerloop_0_dataflow_read_write_dataflow_region -p /home/x_thileeb/repos/ops-hls-pact25-artifact/codegen_apps/jacobian3d/vck5000_project/hls/build/hw/temp_dir/datamover_outerloop_0/datamover_outerloop_0/datamover_outerloop_0/solution/.autopilot/db -o /home/x_thileeb/repos/ops-hls-pact25-artifact/codegen_apps/jacobian3d/vck5000_project/hls/build/hw/temp_dir/datamover_outerloop_0/datamover_outerloop_0/datamover_outerloop_0/solution/.autopilot/db/datamover_outerloop_0_dataflow_read_write_dataflow_region 
INFO: [HLS 200-10] ----------------------------------------------------------------
INFO: [HLS 200-10] -- Generating RTL for module 'datamover_outerloop_0' 
INFO: [HLS 200-10] ----------------------------------------------------------------
Execute         get_config_rtl -module_prefix 
Execute         get_config_rtl -module_prefix 
Execute         get_config_rtl -module_auto_prefix 
Execute         create_rtl_model datamover_outerloop_0 -top_prefix  -sub_prefix datamover_outerloop_0_ -mg_file /home/x_thileeb/repos/ops-hls-pact25-artifact/codegen_apps/jacobian3d/vck5000_project/hls/build/hw/temp_dir/datamover_outerloop_0/datamover_outerloop_0/datamover_outerloop_0/solution/.autopilot/db/datamover_outerloop_0.compgen.tcl 
WARNING: [RTGEN 206-101] Design contains AXI ports. Reset is fixed to synchronous and active low.
INFO: [RTGEN 206-500] Setting interface mode on port 'datamover_outerloop_0/gmem0' to 'm_axi'.
INFO: [RTGEN 206-500] Setting interface mode on port 'datamover_outerloop_0/gmem1' to 'm_axi'.
INFO: [RTGEN 206-500] Setting interface mode on port 'datamover_outerloop_0/is_loopback' to 's_axilite & ap_none'.
INFO: [RTGEN 206-500] Setting interface mode on port 'datamover_outerloop_0/range_start_0' to 's_axilite & ap_none'.
INFO: [RTGEN 206-500] Setting interface mode on port 'datamover_outerloop_0/range_end_0' to 's_axilite & ap_none'.
INFO: [RTGEN 206-500] Setting interface mode on port 'datamover_outerloop_0/range_start_1' to 's_axilite & ap_none'.
INFO: [RTGEN 206-500] Setting interface mode on port 'datamover_outerloop_0/range_end_1' to 's_axilite & ap_none'.
INFO: [RTGEN 206-500] Setting interface mode on port 'datamover_outerloop_0/range_start_2' to 's_axilite & ap_none'.
INFO: [RTGEN 206-500] Setting interface mode on port 'datamover_outerloop_0/range_end_2' to 's_axilite & ap_none'.
INFO: [RTGEN 206-500] Setting interface mode on port 'datamover_outerloop_0/gridSize_0' to 's_axilite & ap_none'.
INFO: [RTGEN 206-500] Setting interface mode on port 'datamover_outerloop_0/gridSize_1' to 's_axilite & ap_none'.
INFO: [RTGEN 206-500] Setting interface mode on port 'datamover_outerloop_0/gridSize_2' to 's_axilite & ap_none'.
INFO: [RTGEN 206-500] Setting interface mode on port 'datamover_outerloop_0/outer_itr' to 's_axilite & ap_none'.
INFO: [RTGEN 206-500] Setting interface mode on port 'datamover_outerloop_0/arg0' to 's_axilite & ap_none'.
INFO: [RTGEN 206-500] Setting interface mode on port 'datamover_outerloop_0/arg1' to 's_axilite & ap_none'.
INFO: [RTGEN 206-500] Setting interface mode on port 'datamover_outerloop_0/arg0_axis_out_V_data_V' to 'axis' (register, both mode).
INFO: [RTGEN 206-500] Setting interface mode on port 'datamover_outerloop_0/arg0_axis_out_V_keep_V' to 'axis' (register, both mode).
INFO: [RTGEN 206-500] Setting interface mode on port 'datamover_outerloop_0/arg0_axis_out_V_strb_V' to 'axis' (register, both mode).
INFO: [RTGEN 206-500] Setting interface mode on port 'datamover_outerloop_0/arg0_axis_out_V_last_V' to 'axis' (register, both mode).
INFO: [RTGEN 206-500] Setting interface mode on port 'datamover_outerloop_0/arg1_axis_in_V_data_V' to 'axis' (register, both mode).
INFO: [RTGEN 206-500] Setting interface mode on port 'datamover_outerloop_0/arg1_axis_in_V_keep_V' to 'axis' (register, both mode).
INFO: [RTGEN 206-500] Setting interface mode on port 'datamover_outerloop_0/arg1_axis_in_V_strb_V' to 'axis' (register, both mode).
INFO: [RTGEN 206-500] Setting interface mode on port 'datamover_outerloop_0/arg1_axis_in_V_last_V' to 'axis' (register, both mode).
INFO: [RTGEN 206-500] Setting interface mode on function 'datamover_outerloop_0' to 's_axilite & ap_ctrl_chain'.
INFO: [RTGEN 206-100] Bundling port 'is_loopback', 'range_start_0', 'range_end_0', 'range_start_1', 'range_end_1', 'range_start_2', 'range_end_2', 'gridSize_0', 'gridSize_1', 'gridSize_2', 'outer_itr', 'arg0', 'arg1' and 'return' to AXI-Lite port control.
INFO: [RTGEN 206-100] Generating core module 'mul_32s_16ns_32_3_1': 1 instance(s).
INFO: [RTGEN 206-100] Generating core module 'mul_mul_16ns_16ns_32_4_1': 1 instance(s).
INFO: [RTGEN 206-100] Finished creating RTL model for 'datamover_outerloop_0'.
Command         create_rtl_model done; 0.28 sec.
INFO: [HLS 200-111] Finished Creating RTL model: CPU user time: 0.77 seconds. CPU system time: 0.03 seconds. Elapsed time: 0.89 seconds; current allocated memory: 1.070 GB.
Execute         source /home/x_thileeb/repos/ops-hls-pact25-artifact/codegen_apps/jacobian3d/vck5000_project/hls/build/hw/temp_dir/datamover_outerloop_0/datamover_outerloop_0/datamover_outerloop_0/solution/.autopilot/db/datamover_outerloop_0.rtl_wrap.cfg.tcl 
Execute         gen_rtl datamover_outerloop_0 -istop -style xilinx -f -lang vhdl -o /home/x_thileeb/repos/ops-hls-pact25-artifact/codegen_apps/jacobian3d/vck5000_project/hls/build/hw/temp_dir/datamover_outerloop_0/datamover_outerloop_0/datamover_outerloop_0/solution/syn/vhdl/datamover_outerloop_0 
Command         gen_rtl done; 0.21 sec.
Execute         gen_rtl datamover_outerloop_0 -istop -style xilinx -f -lang vlog -o /home/x_thileeb/repos/ops-hls-pact25-artifact/codegen_apps/jacobian3d/vck5000_project/hls/build/hw/temp_dir/datamover_outerloop_0/datamover_outerloop_0/datamover_outerloop_0/solution/syn/verilog/datamover_outerloop_0 
Execute         syn_report -csynth -model datamover_outerloop_0 -o /home/x_thileeb/repos/ops-hls-pact25-artifact/codegen_apps/jacobian3d/vck5000_project/hls/build/hw/temp_dir/datamover_outerloop_0/datamover_outerloop_0/datamover_outerloop_0/solution/syn/report/datamover_outerloop_0_csynth.rpt 
Execute           AP::get_flow_target_display_name
Execute             get_solution -flow_target 
Command         syn_report done; 0.11 sec.
Execute         syn_report -rtlxml -model datamover_outerloop_0 -o /home/x_thileeb/repos/ops-hls-pact25-artifact/codegen_apps/jacobian3d/vck5000_project/hls/build/hw/temp_dir/datamover_outerloop_0/datamover_outerloop_0/datamover_outerloop_0/solution/syn/report/datamover_outerloop_0_csynth.xml 
Execute           get_solution -flow_target
Execute             get_solution -flow_target 
Execute         syn_report -verbosereport -model datamover_outerloop_0 -o /home/x_thileeb/repos/ops-hls-pact25-artifact/codegen_apps/jacobian3d/vck5000_project/hls/build/hw/temp_dir/datamover_outerloop_0/datamover_outerloop_0/datamover_outerloop_0/solution/.autopilot/db/datamover_outerloop_0.verbose.rpt 
Execute           AP::get_flow_target_display_name
Execute             get_solution -flow_target 
Command         syn_report done; 0.43 sec.
Execute         db_write -model datamover_outerloop_0 -f -o /home/x_thileeb/repos/ops-hls-pact25-artifact/codegen_apps/jacobian3d/vck5000_project/hls/build/hw/temp_dir/datamover_outerloop_0/datamover_outerloop_0/datamover_outerloop_0/solution/.autopilot/db/datamover_outerloop_0.adb 
Execute         db_write -model datamover_outerloop_0 -bindview -o /home/x_thileeb/repos/ops-hls-pact25-artifact/codegen_apps/jacobian3d/vck5000_project/hls/build/hw/temp_dir/datamover_outerloop_0/datamover_outerloop_0/datamover_outerloop_0/solution/.autopilot/db/design.bindinfo.xml 
Execute         gen_tb_info datamover_outerloop_0 -p /home/x_thileeb/repos/ops-hls-pact25-artifact/codegen_apps/jacobian3d/vck5000_project/hls/build/hw/temp_dir/datamover_outerloop_0/datamover_outerloop_0/datamover_outerloop_0/solution/.autopilot/db -o /home/x_thileeb/repos/ops-hls-pact25-artifact/codegen_apps/jacobian3d/vck5000_project/hls/build/hw/temp_dir/datamover_outerloop_0/datamover_outerloop_0/datamover_outerloop_0/solution/.autopilot/db/datamover_outerloop_0 
Execute         export_constraint_db -f -tool general -o /home/x_thileeb/repos/ops-hls-pact25-artifact/codegen_apps/jacobian3d/vck5000_project/hls/build/hw/temp_dir/datamover_outerloop_0/datamover_outerloop_0/datamover_outerloop_0/solution/.autopilot/db/datamover_outerloop_0.constraint.tcl 
Execute         syn_report -designview -model datamover_outerloop_0 -o /home/x_thileeb/repos/ops-hls-pact25-artifact/codegen_apps/jacobian3d/vck5000_project/hls/build/hw/temp_dir/datamover_outerloop_0/datamover_outerloop_0/datamover_outerloop_0/solution/.autopilot/db/datamover_outerloop_0.design.xml 
Command         syn_report done; 0.86 sec.
Execute         syn_report -csynthDesign -model datamover_outerloop_0 -o /home/x_thileeb/repos/ops-hls-pact25-artifact/codegen_apps/jacobian3d/vck5000_project/hls/build/hw/temp_dir/datamover_outerloop_0/datamover_outerloop_0/datamover_outerloop_0/solution/syn/report/csynth.rpt 
Execute           AP::get_flow_target_display_name
Execute             get_solution -flow_target 
Execute         get_config_rtl -disable_wave_debug 
Execute         syn_report -wcfg -model datamover_outerloop_0 -o /home/x_thileeb/repos/ops-hls-pact25-artifact/codegen_apps/jacobian3d/vck5000_project/hls/build/hw/temp_dir/datamover_outerloop_0/datamover_outerloop_0/datamover_outerloop_0/solution/.autopilot/db/datamover_outerloop_0_dataflow_ana.wcfg 
Execute         syn_report -protoinst -model datamover_outerloop_0 -o /home/x_thileeb/repos/ops-hls-pact25-artifact/codegen_apps/jacobian3d/vck5000_project/hls/build/hw/temp_dir/datamover_outerloop_0/datamover_outerloop_0/datamover_outerloop_0/solution/.autopilot/db/datamover_outerloop_0.protoinst 
Execute         get_config_debug -directory 
Execute         sc_get_clocks datamover_outerloop_0 
Execute         get_config_export -vivado_clock 
Execute         get_config_rtl -module_prefix 
Execute         get_config_rtl -module_prefix 
Execute         get_config_rtl -module_auto_prefix 
Execute         sc_get_portdomain datamover_outerloop_0 
INFO-FLOW: Model list for RTL component generation: entry_proc {mem2stream<512u, 32u, 2u>_Pipeline_VITIS_LOOP_431_1} {mem2stream<512u, 32u, 2u>_Pipeline_VITIS_LOOP_453_2} {mem2stream<512u, 32u, 2u>} {stream2streamStepdown<512u, 256u>_Pipeline_VITIS_LOOP_893_1_VITIS_LOOP_895_2} {stream2streamStepdown<512u, 256u>} stream2axis<256u>_Pipeline_VITIS_LOOP_956_1 stream2axis<256u> axis2stream<256u> {stream2streamStepup<256u, 512u>_Pipeline_VITIS_LOOP_809_1_VITIS_LOOP_811_2} {stream2streamStepup<256u, 512u>} {stream2mem<512u, 32u, 2u>_Pipeline_VITIS_LOOP_567_1} {stream2mem<512u, 32u, 2u>_Pipeline_VITIS_LOOP_580_2} {stream2mem<512u, 32u, 2u>} datamover_outerloop_0_dataflow_read_write_dataflow_region datamover_outerloop_0
INFO-FLOW: Handling components in module [entry_proc] ... 
Execute         source /home/x_thileeb/repos/ops-hls-pact25-artifact/codegen_apps/jacobian3d/vck5000_project/hls/build/hw/temp_dir/datamover_outerloop_0/datamover_outerloop_0/datamover_outerloop_0/solution/.autopilot/db/entry_proc.compgen.tcl 
INFO-FLOW: Handling components in module [mem2stream_512u_32u_2u_Pipeline_VITIS_LOOP_431_1] ... 
Execute         source /home/x_thileeb/repos/ops-hls-pact25-artifact/codegen_apps/jacobian3d/vck5000_project/hls/build/hw/temp_dir/datamover_outerloop_0/datamover_outerloop_0/datamover_outerloop_0/solution/.autopilot/db/mem2stream_512u_32u_2u_Pipeline_VITIS_LOOP_431_1.compgen.tcl 
INFO-FLOW: Found component datamover_outerloop_0_flow_control_loop_pipe_sequential_init.
INFO-FLOW: Append model datamover_outerloop_0_flow_control_loop_pipe_sequential_init
INFO-FLOW: Handling components in module [mem2stream_512u_32u_2u_Pipeline_VITIS_LOOP_453_2] ... 
Execute         source /home/x_thileeb/repos/ops-hls-pact25-artifact/codegen_apps/jacobian3d/vck5000_project/hls/build/hw/temp_dir/datamover_outerloop_0/datamover_outerloop_0/datamover_outerloop_0/solution/.autopilot/db/mem2stream_512u_32u_2u_Pipeline_VITIS_LOOP_453_2.compgen.tcl 
INFO-FLOW: Found component datamover_outerloop_0_flow_control_loop_pipe_sequential_init.
INFO-FLOW: Append model datamover_outerloop_0_flow_control_loop_pipe_sequential_init
INFO-FLOW: Handling components in module [mem2stream_512u_32u_2u_s] ... 
Execute         source /home/x_thileeb/repos/ops-hls-pact25-artifact/codegen_apps/jacobian3d/vck5000_project/hls/build/hw/temp_dir/datamover_outerloop_0/datamover_outerloop_0/datamover_outerloop_0/solution/.autopilot/db/mem2stream_512u_32u_2u_s.compgen.tcl 
INFO-FLOW: Handling components in module [stream2streamStepdown_512u_256u_Pipeline_VITIS_LOOP_893_1_VITIS_LOOP_895_2] ... 
Execute         source /home/x_thileeb/repos/ops-hls-pact25-artifact/codegen_apps/jacobian3d/vck5000_project/hls/build/hw/temp_dir/datamover_outerloop_0/datamover_outerloop_0/datamover_outerloop_0/solution/.autopilot/db/stream2streamStepdown_512u_256u_Pipeline_VITIS_LOOP_893_1_VITIS_LOOP_895_2.compgen.tcl 
INFO-FLOW: Found component datamover_outerloop_0_lshr_512ns_10ns_512_2_1.
INFO-FLOW: Append model datamover_outerloop_0_lshr_512ns_10ns_512_2_1
INFO-FLOW: Found component datamover_outerloop_0_flow_control_loop_pipe_sequential_init.
INFO-FLOW: Append model datamover_outerloop_0_flow_control_loop_pipe_sequential_init
INFO-FLOW: Handling components in module [stream2streamStepdown_512u_256u_s] ... 
Execute         source /home/x_thileeb/repos/ops-hls-pact25-artifact/codegen_apps/jacobian3d/vck5000_project/hls/build/hw/temp_dir/datamover_outerloop_0/datamover_outerloop_0/datamover_outerloop_0/solution/.autopilot/db/stream2streamStepdown_512u_256u_s.compgen.tcl 
INFO-FLOW: Handling components in module [stream2axis_256u_Pipeline_VITIS_LOOP_956_1] ... 
Execute         source /home/x_thileeb/repos/ops-hls-pact25-artifact/codegen_apps/jacobian3d/vck5000_project/hls/build/hw/temp_dir/datamover_outerloop_0/datamover_outerloop_0/datamover_outerloop_0/solution/.autopilot/db/stream2axis_256u_Pipeline_VITIS_LOOP_956_1.compgen.tcl 
INFO-FLOW: Found component datamover_outerloop_0_flow_control_loop_pipe_sequential_init.
INFO-FLOW: Append model datamover_outerloop_0_flow_control_loop_pipe_sequential_init
INFO-FLOW: Handling components in module [stream2axis_256u_s] ... 
Execute         source /home/x_thileeb/repos/ops-hls-pact25-artifact/codegen_apps/jacobian3d/vck5000_project/hls/build/hw/temp_dir/datamover_outerloop_0/datamover_outerloop_0/datamover_outerloop_0/solution/.autopilot/db/stream2axis_256u_s.compgen.tcl 
INFO-FLOW: Handling components in module [axis2stream_256u_s] ... 
Execute         source /home/x_thileeb/repos/ops-hls-pact25-artifact/codegen_apps/jacobian3d/vck5000_project/hls/build/hw/temp_dir/datamover_outerloop_0/datamover_outerloop_0/datamover_outerloop_0/solution/.autopilot/db/axis2stream_256u_s.compgen.tcl 
INFO-FLOW: Found component datamover_outerloop_0_flow_control_loop_pipe.
INFO-FLOW: Append model datamover_outerloop_0_flow_control_loop_pipe
INFO-FLOW: Handling components in module [stream2streamStepup_256u_512u_Pipeline_VITIS_LOOP_809_1_VITIS_LOOP_811_2] ... 
Execute         source /home/x_thileeb/repos/ops-hls-pact25-artifact/codegen_apps/jacobian3d/vck5000_project/hls/build/hw/temp_dir/datamover_outerloop_0/datamover_outerloop_0/datamover_outerloop_0/solution/.autopilot/db/stream2streamStepup_256u_512u_Pipeline_VITIS_LOOP_809_1_VITIS_LOOP_811_2.compgen.tcl 
INFO-FLOW: Found component datamover_outerloop_0_flow_control_loop_pipe_sequential_init.
INFO-FLOW: Append model datamover_outerloop_0_flow_control_loop_pipe_sequential_init
INFO-FLOW: Handling components in module [stream2streamStepup_256u_512u_s] ... 
Execute         source /home/x_thileeb/repos/ops-hls-pact25-artifact/codegen_apps/jacobian3d/vck5000_project/hls/build/hw/temp_dir/datamover_outerloop_0/datamover_outerloop_0/datamover_outerloop_0/solution/.autopilot/db/stream2streamStepup_256u_512u_s.compgen.tcl 
INFO-FLOW: Handling components in module [stream2mem_512u_32u_2u_Pipeline_VITIS_LOOP_567_1] ... 
Execute         source /home/x_thileeb/repos/ops-hls-pact25-artifact/codegen_apps/jacobian3d/vck5000_project/hls/build/hw/temp_dir/datamover_outerloop_0/datamover_outerloop_0/datamover_outerloop_0/solution/.autopilot/db/stream2mem_512u_32u_2u_Pipeline_VITIS_LOOP_567_1.compgen.tcl 
INFO-FLOW: Found component datamover_outerloop_0_flow_control_loop_pipe_sequential_init.
INFO-FLOW: Append model datamover_outerloop_0_flow_control_loop_pipe_sequential_init
INFO-FLOW: Handling components in module [stream2mem_512u_32u_2u_Pipeline_VITIS_LOOP_580_2] ... 
Execute         source /home/x_thileeb/repos/ops-hls-pact25-artifact/codegen_apps/jacobian3d/vck5000_project/hls/build/hw/temp_dir/datamover_outerloop_0/datamover_outerloop_0/datamover_outerloop_0/solution/.autopilot/db/stream2mem_512u_32u_2u_Pipeline_VITIS_LOOP_580_2.compgen.tcl 
INFO-FLOW: Found component datamover_outerloop_0_flow_control_loop_pipe_sequential_init.
INFO-FLOW: Append model datamover_outerloop_0_flow_control_loop_pipe_sequential_init
INFO-FLOW: Handling components in module [stream2mem_512u_32u_2u_s] ... 
Execute         source /home/x_thileeb/repos/ops-hls-pact25-artifact/codegen_apps/jacobian3d/vck5000_project/hls/build/hw/temp_dir/datamover_outerloop_0/datamover_outerloop_0/datamover_outerloop_0/solution/.autopilot/db/stream2mem_512u_32u_2u_s.compgen.tcl 
INFO-FLOW: Handling components in module [datamover_outerloop_0_dataflow_read_write_dataflow_region] ... 
Execute         source /home/x_thileeb/repos/ops-hls-pact25-artifact/codegen_apps/jacobian3d/vck5000_project/hls/build/hw/temp_dir/datamover_outerloop_0/datamover_outerloop_0/datamover_outerloop_0/solution/.autopilot/db/datamover_outerloop_0_dataflow_read_write_dataflow_region.compgen.tcl 
INFO-FLOW: Found component datamover_outerloop_0_fifo_w32_d4_S.
INFO-FLOW: Append model datamover_outerloop_0_fifo_w32_d4_S
INFO-FLOW: Found component datamover_outerloop_0_fifo_w32_d3_S.
INFO-FLOW: Append model datamover_outerloop_0_fifo_w32_d3_S
INFO-FLOW: Found component datamover_outerloop_0_fifo_w64_d4_S.
INFO-FLOW: Append model datamover_outerloop_0_fifo_w64_d4_S
INFO-FLOW: Found component datamover_outerloop_0_fifo_w32_d2_S.
INFO-FLOW: Append model datamover_outerloop_0_fifo_w32_d2_S
INFO-FLOW: Found component datamover_outerloop_0_fifo_w512_d2_S.
INFO-FLOW: Append model datamover_outerloop_0_fifo_w512_d2_S
INFO-FLOW: Found component datamover_outerloop_0_fifo_w256_d2_S.
INFO-FLOW: Append model datamover_outerloop_0_fifo_w256_d2_S
INFO-FLOW: Found component datamover_outerloop_0_fifo_w256_d2_S.
INFO-FLOW: Append model datamover_outerloop_0_fifo_w256_d2_S
INFO-FLOW: Found component datamover_outerloop_0_fifo_w32_d2_S.
INFO-FLOW: Append model datamover_outerloop_0_fifo_w32_d2_S
INFO-FLOW: Found component datamover_outerloop_0_fifo_w512_d2_S.
INFO-FLOW: Append model datamover_outerloop_0_fifo_w512_d2_S
INFO-FLOW: Found component datamover_outerloop_0_start_for_stream2axis_256u_U0.
INFO-FLOW: Append model datamover_outerloop_0_start_for_stream2axis_256u_U0
INFO-FLOW: Found component datamover_outerloop_0_start_for_stream2streamStepup_256u_512u_U0.
INFO-FLOW: Append model datamover_outerloop_0_start_for_stream2streamStepup_256u_512u_U0
INFO-FLOW: Found component datamover_outerloop_0_start_for_stream2mem_512u_32u_2u_U0.
INFO-FLOW: Append model datamover_outerloop_0_start_for_stream2mem_512u_32u_2u_U0
INFO-FLOW: Found component datamover_outerloop_0_start_for_stream2streamStepdown_512u_256u_U0.
INFO-FLOW: Append model datamover_outerloop_0_start_for_stream2streamStepdown_512u_256u_U0
INFO-FLOW: Handling components in module [datamover_outerloop_0] ... 
Execute         source /home/x_thileeb/repos/ops-hls-pact25-artifact/codegen_apps/jacobian3d/vck5000_project/hls/build/hw/temp_dir/datamover_outerloop_0/datamover_outerloop_0/datamover_outerloop_0/solution/.autopilot/db/datamover_outerloop_0.compgen.tcl 
INFO-FLOW: Found component datamover_outerloop_0_mul_32s_16ns_32_3_1.
INFO-FLOW: Append model datamover_outerloop_0_mul_32s_16ns_32_3_1
INFO-FLOW: Found component datamover_outerloop_0_mul_mul_16ns_16ns_32_4_1.
INFO-FLOW: Append model datamover_outerloop_0_mul_mul_16ns_16ns_32_4_1
INFO-FLOW: Found component datamover_outerloop_0_gmem0_m_axi.
INFO-FLOW: Append model datamover_outerloop_0_gmem0_m_axi
INFO-FLOW: Found component datamover_outerloop_0_gmem1_m_axi.
INFO-FLOW: Append model datamover_outerloop_0_gmem1_m_axi
INFO-FLOW: Found component datamover_outerloop_0_control_s_axi.
INFO-FLOW: Append model datamover_outerloop_0_control_s_axi
INFO-FLOW: Found component datamover_outerloop_0_regslice_both.
INFO-FLOW: Append model datamover_outerloop_0_regslice_both
INFO-FLOW: Found component datamover_outerloop_0_regslice_both.
INFO-FLOW: Append model datamover_outerloop_0_regslice_both
INFO-FLOW: Found component datamover_outerloop_0_regslice_both.
INFO-FLOW: Append model datamover_outerloop_0_regslice_both
INFO-FLOW: Found component datamover_outerloop_0_regslice_both.
INFO-FLOW: Append model datamover_outerloop_0_regslice_both
INFO-FLOW: Found component datamover_outerloop_0_regslice_both.
INFO-FLOW: Append model datamover_outerloop_0_regslice_both
INFO-FLOW: Found component datamover_outerloop_0_regslice_both.
INFO-FLOW: Append model datamover_outerloop_0_regslice_both
INFO-FLOW: Found component datamover_outerloop_0_regslice_both.
INFO-FLOW: Append model datamover_outerloop_0_regslice_both
INFO-FLOW: Found component datamover_outerloop_0_regslice_both.
INFO-FLOW: Append model datamover_outerloop_0_regslice_both
INFO-FLOW: Append model entry_proc
INFO-FLOW: Append model mem2stream_512u_32u_2u_Pipeline_VITIS_LOOP_431_1
INFO-FLOW: Append model mem2stream_512u_32u_2u_Pipeline_VITIS_LOOP_453_2
INFO-FLOW: Append model mem2stream_512u_32u_2u_s
INFO-FLOW: Append model stream2streamStepdown_512u_256u_Pipeline_VITIS_LOOP_893_1_VITIS_LOOP_895_2
INFO-FLOW: Append model stream2streamStepdown_512u_256u_s
INFO-FLOW: Append model stream2axis_256u_Pipeline_VITIS_LOOP_956_1
INFO-FLOW: Append model stream2axis_256u_s
INFO-FLOW: Append model axis2stream_256u_s
INFO-FLOW: Append model stream2streamStepup_256u_512u_Pipeline_VITIS_LOOP_809_1_VITIS_LOOP_811_2
INFO-FLOW: Append model stream2streamStepup_256u_512u_s
INFO-FLOW: Append model stream2mem_512u_32u_2u_Pipeline_VITIS_LOOP_567_1
INFO-FLOW: Append model stream2mem_512u_32u_2u_Pipeline_VITIS_LOOP_580_2
INFO-FLOW: Append model stream2mem_512u_32u_2u_s
INFO-FLOW: Append model datamover_outerloop_0_dataflow_read_write_dataflow_region
INFO-FLOW: Append model datamover_outerloop_0
INFO-FLOW: Generating RTL model list ...
INFO-FLOW: All models in this session: datamover_outerloop_0_flow_control_loop_pipe_sequential_init datamover_outerloop_0_flow_control_loop_pipe_sequential_init datamover_outerloop_0_lshr_512ns_10ns_512_2_1 datamover_outerloop_0_flow_control_loop_pipe_sequential_init datamover_outerloop_0_flow_control_loop_pipe_sequential_init datamover_outerloop_0_flow_control_loop_pipe datamover_outerloop_0_flow_control_loop_pipe_sequential_init datamover_outerloop_0_flow_control_loop_pipe_sequential_init datamover_outerloop_0_flow_control_loop_pipe_sequential_init datamover_outerloop_0_fifo_w32_d4_S datamover_outerloop_0_fifo_w32_d3_S datamover_outerloop_0_fifo_w64_d4_S datamover_outerloop_0_fifo_w32_d2_S datamover_outerloop_0_fifo_w512_d2_S datamover_outerloop_0_fifo_w256_d2_S datamover_outerloop_0_fifo_w256_d2_S datamover_outerloop_0_fifo_w32_d2_S datamover_outerloop_0_fifo_w512_d2_S datamover_outerloop_0_start_for_stream2axis_256u_U0 datamover_outerloop_0_start_for_stream2streamStepup_256u_512u_U0 datamover_outerloop_0_start_for_stream2mem_512u_32u_2u_U0 datamover_outerloop_0_start_for_stream2streamStepdown_512u_256u_U0 datamover_outerloop_0_mul_32s_16ns_32_3_1 datamover_outerloop_0_mul_mul_16ns_16ns_32_4_1 datamover_outerloop_0_gmem0_m_axi datamover_outerloop_0_gmem1_m_axi datamover_outerloop_0_control_s_axi datamover_outerloop_0_regslice_both datamover_outerloop_0_regslice_both datamover_outerloop_0_regslice_both datamover_outerloop_0_regslice_both datamover_outerloop_0_regslice_both datamover_outerloop_0_regslice_both datamover_outerloop_0_regslice_both datamover_outerloop_0_regslice_both entry_proc mem2stream_512u_32u_2u_Pipeline_VITIS_LOOP_431_1 mem2stream_512u_32u_2u_Pipeline_VITIS_LOOP_453_2 mem2stream_512u_32u_2u_s stream2streamStepdown_512u_256u_Pipeline_VITIS_LOOP_893_1_VITIS_LOOP_895_2 stream2streamStepdown_512u_256u_s stream2axis_256u_Pipeline_VITIS_LOOP_956_1 stream2axis_256u_s axis2stream_256u_s stream2streamStepup_256u_512u_Pipeline_VITIS_LOOP_809_1_VITIS_LOOP_811_2 stream2streamStepup_256u_512u_s stream2mem_512u_32u_2u_Pipeline_VITIS_LOOP_567_1 stream2mem_512u_32u_2u_Pipeline_VITIS_LOOP_580_2 stream2mem_512u_32u_2u_s datamover_outerloop_0_dataflow_read_write_dataflow_region datamover_outerloop_0
INFO-FLOW: Generating /home/x_thileeb/repos/ops-hls-pact25-artifact/codegen_apps/jacobian3d/vck5000_project/hls/build/hw/temp_dir/datamover_outerloop_0/datamover_outerloop_0/datamover_outerloop_0/solution/.autopilot/db/autopilot.rtl.models.txt file...
INFO-FLOW: To file: write model datamover_outerloop_0_flow_control_loop_pipe_sequential_init
INFO-FLOW: To file: write model datamover_outerloop_0_flow_control_loop_pipe_sequential_init
INFO-FLOW: To file: write model datamover_outerloop_0_lshr_512ns_10ns_512_2_1
INFO-FLOW: To file: write model datamover_outerloop_0_flow_control_loop_pipe_sequential_init
INFO-FLOW: To file: write model datamover_outerloop_0_flow_control_loop_pipe_sequential_init
INFO-FLOW: To file: write model datamover_outerloop_0_flow_control_loop_pipe
INFO-FLOW: To file: write model datamover_outerloop_0_flow_control_loop_pipe_sequential_init
INFO-FLOW: To file: write model datamover_outerloop_0_flow_control_loop_pipe_sequential_init
INFO-FLOW: To file: write model datamover_outerloop_0_flow_control_loop_pipe_sequential_init
INFO-FLOW: To file: write model datamover_outerloop_0_fifo_w32_d4_S
INFO-FLOW: To file: write model datamover_outerloop_0_fifo_w32_d3_S
INFO-FLOW: To file: write model datamover_outerloop_0_fifo_w64_d4_S
INFO-FLOW: To file: write model datamover_outerloop_0_fifo_w32_d2_S
INFO-FLOW: To file: write model datamover_outerloop_0_fifo_w512_d2_S
INFO-FLOW: To file: write model datamover_outerloop_0_fifo_w256_d2_S
INFO-FLOW: To file: write model datamover_outerloop_0_fifo_w256_d2_S
INFO-FLOW: To file: write model datamover_outerloop_0_fifo_w32_d2_S
INFO-FLOW: To file: write model datamover_outerloop_0_fifo_w512_d2_S
INFO-FLOW: To file: write model datamover_outerloop_0_start_for_stream2axis_256u_U0
INFO-FLOW: To file: write model datamover_outerloop_0_start_for_stream2streamStepup_256u_512u_U0
INFO-FLOW: To file: write model datamover_outerloop_0_start_for_stream2mem_512u_32u_2u_U0
INFO-FLOW: To file: write model datamover_outerloop_0_start_for_stream2streamStepdown_512u_256u_U0
INFO-FLOW: To file: write model datamover_outerloop_0_mul_32s_16ns_32_3_1
INFO-FLOW: To file: write model datamover_outerloop_0_mul_mul_16ns_16ns_32_4_1
INFO-FLOW: To file: write model datamover_outerloop_0_gmem0_m_axi
INFO-FLOW: To file: write model datamover_outerloop_0_gmem1_m_axi
INFO-FLOW: To file: write model datamover_outerloop_0_control_s_axi
INFO-FLOW: To file: write model datamover_outerloop_0_regslice_both
INFO-FLOW: To file: write model datamover_outerloop_0_regslice_both
INFO-FLOW: To file: write model datamover_outerloop_0_regslice_both
INFO-FLOW: To file: write model datamover_outerloop_0_regslice_both
INFO-FLOW: To file: write model datamover_outerloop_0_regslice_both
INFO-FLOW: To file: write model datamover_outerloop_0_regslice_both
INFO-FLOW: To file: write model datamover_outerloop_0_regslice_both
INFO-FLOW: To file: write model datamover_outerloop_0_regslice_both
INFO-FLOW: To file: write model entry_proc
INFO-FLOW: To file: write model mem2stream_512u_32u_2u_Pipeline_VITIS_LOOP_431_1
INFO-FLOW: To file: write model mem2stream_512u_32u_2u_Pipeline_VITIS_LOOP_453_2
INFO-FLOW: To file: write model mem2stream_512u_32u_2u_s
INFO-FLOW: To file: write model stream2streamStepdown_512u_256u_Pipeline_VITIS_LOOP_893_1_VITIS_LOOP_895_2
INFO-FLOW: To file: write model stream2streamStepdown_512u_256u_s
INFO-FLOW: To file: write model stream2axis_256u_Pipeline_VITIS_LOOP_956_1
INFO-FLOW: To file: write model stream2axis_256u_s
INFO-FLOW: To file: write model axis2stream_256u_s
INFO-FLOW: To file: write model stream2streamStepup_256u_512u_Pipeline_VITIS_LOOP_809_1_VITIS_LOOP_811_2
INFO-FLOW: To file: write model stream2streamStepup_256u_512u_s
INFO-FLOW: To file: write model stream2mem_512u_32u_2u_Pipeline_VITIS_LOOP_567_1
INFO-FLOW: To file: write model stream2mem_512u_32u_2u_Pipeline_VITIS_LOOP_580_2
INFO-FLOW: To file: write model stream2mem_512u_32u_2u_s
INFO-FLOW: To file: write model datamover_outerloop_0_dataflow_read_write_dataflow_region
INFO-FLOW: To file: write model datamover_outerloop_0
INFO-FLOW: Generating /home/x_thileeb/repos/ops-hls-pact25-artifact/codegen_apps/jacobian3d/vck5000_project/hls/build/hw/temp_dir/datamover_outerloop_0/datamover_outerloop_0/datamover_outerloop_0/solution/.autopilot/db/autopilot.rtl.models.tcl file...
INFO-FLOW: Finished generating RTL model list.


INFO-FLOW: RTL Generation done.
INFO-FLOW: CAS Generation done.
INFO-FLOW: CBC Generation done.
INFO-FLOW: DBG:PROC: ::AESL_AUTOMG::auto_generate_csynth_design
Execute         get_top 
Execute         get_config_export -ipname 
INFO-FLOW: DBG:PUTS: read_platform_lib /home/x_thileeb/repos/ops-hls-pact25-artifact/codegen_apps/jacobian3d/vck5000_project/hls/build/hw/temp_dir/datamover_outerloop_0/datamover_outerloop_0/datamover_outerloop_0/solution/.autopilot/db/global.setting.tcl
Execute         source /tools/Xilinx/Vitis_HLS/2022.1/common/technology/generic/autopilot/common.gen 
Execute           source /tools/Xilinx/Vitis_HLS/2022.1/common/technology/generic/autopilot/APCoreGen.gen 
Execute         source /tools/Xilinx/Vitis_HLS/2022.1/common/technology/generic/autopilot/op.gen 
Execute         source /tools/Xilinx/Vitis_HLS/2022.1/common/technology/generic/autopilot/op_simcore.gen 
Execute         source /tools/Xilinx/Vitis_HLS/2022.1/common/technology/generic/autopilot/interface.gen 
Execute         source /home/x_thileeb/repos/ops-hls-pact25-artifact/codegen_apps/jacobian3d/vck5000_project/hls/build/hw/temp_dir/datamover_outerloop_0/datamover_outerloop_0/datamover_outerloop_0/solution/.autopilot/db/global.setting.tcl 
Execute         ap_family_info -name versalprimees1 -data parts 
Execute         source /tools/Xilinx/Vitis_HLS/2022.1/common/technology/xilinx/common/xilinx.gen 
Execute           source /tools/Xilinx/Vitis_HLS/2022.1/common/technology/xilinx/interface/plb46.gen 
Execute           source /tools/Xilinx/Vitis_HLS/2022.1/common/technology/xilinx/interface/axi4.gen 
Execute           source /tools/Xilinx/Vitis_HLS/2022.1/common/technology/xilinx/interface/nativeAXI4.gen 
Execute             source /tools/Xilinx/Vitis_HLS/2022.1/common/technology/xilinx/interface/saxilite.gen 
Execute           source /tools/Xilinx/Vitis_HLS/2022.1/common/technology/xilinx/scripts/xilinxcoregen.gen 
Execute           source /tools/Xilinx/Vitis_HLS/2022.1/common/technology/xilinx/interface/XilEDKCoreGen.gen 
Execute           source /tools/Xilinx/Vitis_HLS/2022.1/common/technology/xilinx/ip/dds_compiler.gen 
Execute           source /tools/Xilinx/Vitis_HLS/2022.1/common/technology/xilinx/ip/xfft.gen 
Execute           source /tools/Xilinx/Vitis_HLS/2022.1/common/technology/xilinx/ip/xfir.gen 
Execute           source /tools/Xilinx/Vitis_HLS/2022.1/common/technology/xilinx/ip/util.gen 
Execute           source /tools/Xilinx/Vitis_HLS/2022.1/common/technology/xilinx/DSP48/dsp48.gen 
Command         ap_source done; 0.14 sec.
INFO-FLOW: DBG:PUTS:   using AESL_AUTOCG::g_clock_period=3.333 (was NA)
INFO-FLOW: DBG:PROC: ::AESL_AUTOMG::generate_ip_cores gen_sim_model='1' gen_fp_models='0' gen_for_export='0' dstSCDir='' dstVhdlDir='/home/x_thileeb/repos/ops-hls-pact25-artifact/codegen_apps/jacobian3d/vck5000_project/hls/build/hw/temp_dir/datamover_outerloop_0/datamover_outerloop_0/datamover_outerloop_0/solution/.autopilot/db/vhdl' dstVlogDir='/home/x_thileeb/repos/ops-hls-pact25-artifact/codegen_apps/jacobian3d/vck5000_project/hls/build/hw/temp_dir/datamover_outerloop_0/datamover_outerloop_0/datamover_outerloop_0/solution/.autopilot/db/vlog' tclDir='/home/x_thileeb/repos/ops-hls-pact25-artifact/codegen_apps/jacobian3d/vck5000_project/hls/build/hw/temp_dir/datamover_outerloop_0/datamover_outerloop_0/datamover_outerloop_0/solution/.autopilot/db' modelList='datamover_outerloop_0_flow_control_loop_pipe_sequential_init
datamover_outerloop_0_flow_control_loop_pipe_sequential_init
datamover_outerloop_0_lshr_512ns_10ns_512_2_1
datamover_outerloop_0_flow_control_loop_pipe_sequential_init
datamover_outerloop_0_flow_control_loop_pipe_sequential_init
datamover_outerloop_0_flow_control_loop_pipe
datamover_outerloop_0_flow_control_loop_pipe_sequential_init
datamover_outerloop_0_flow_control_loop_pipe_sequential_init
datamover_outerloop_0_flow_control_loop_pipe_sequential_init
datamover_outerloop_0_fifo_w32_d4_S
datamover_outerloop_0_fifo_w32_d3_S
datamover_outerloop_0_fifo_w64_d4_S
datamover_outerloop_0_fifo_w32_d2_S
datamover_outerloop_0_fifo_w512_d2_S
datamover_outerloop_0_fifo_w256_d2_S
datamover_outerloop_0_fifo_w256_d2_S
datamover_outerloop_0_fifo_w32_d2_S
datamover_outerloop_0_fifo_w512_d2_S
datamover_outerloop_0_start_for_stream2axis_256u_U0
datamover_outerloop_0_start_for_stream2streamStepup_256u_512u_U0
datamover_outerloop_0_start_for_stream2mem_512u_32u_2u_U0
datamover_outerloop_0_start_for_stream2streamStepdown_512u_256u_U0
datamover_outerloop_0_mul_32s_16ns_32_3_1
datamover_outerloop_0_mul_mul_16ns_16ns_32_4_1
datamover_outerloop_0_gmem0_m_axi
datamover_outerloop_0_gmem1_m_axi
datamover_outerloop_0_control_s_axi
datamover_outerloop_0_regslice_both
datamover_outerloop_0_regslice_both
datamover_outerloop_0_regslice_both
datamover_outerloop_0_regslice_both
datamover_outerloop_0_regslice_both
datamover_outerloop_0_regslice_both
datamover_outerloop_0_regslice_both
datamover_outerloop_0_regslice_both
entry_proc
mem2stream_512u_32u_2u_Pipeline_VITIS_LOOP_431_1
mem2stream_512u_32u_2u_Pipeline_VITIS_LOOP_453_2
mem2stream_512u_32u_2u_s
stream2streamStepdown_512u_256u_Pipeline_VITIS_LOOP_893_1_VITIS_LOOP_895_2
stream2streamStepdown_512u_256u_s
stream2axis_256u_Pipeline_VITIS_LOOP_956_1
stream2axis_256u_s
axis2stream_256u_s
stream2streamStepup_256u_512u_Pipeline_VITIS_LOOP_809_1_VITIS_LOOP_811_2
stream2streamStepup_256u_512u_s
stream2mem_512u_32u_2u_Pipeline_VITIS_LOOP_567_1
stream2mem_512u_32u_2u_Pipeline_VITIS_LOOP_580_2
stream2mem_512u_32u_2u_s
datamover_outerloop_0_dataflow_read_write_dataflow_region
datamover_outerloop_0
' expOnly='0'
Execute         source /home/x_thileeb/repos/ops-hls-pact25-artifact/codegen_apps/jacobian3d/vck5000_project/hls/build/hw/temp_dir/datamover_outerloop_0/datamover_outerloop_0/datamover_outerloop_0/solution/.autopilot/db/global.setting.tcl 
Execute         ap_part_info -name xcvc1902-vsvd1760-2MP-e-S -data names -quiet 
Execute         ap_part_info -name xcvc1902-vsvd1760-2MP-e-S -data info -quiet 
Execute         source /home/x_thileeb/repos/ops-hls-pact25-artifact/codegen_apps/jacobian3d/vck5000_project/hls/build/hw/temp_dir/datamover_outerloop_0/datamover_outerloop_0/datamover_outerloop_0/solution/.autopilot/db/global.setting.tcl 
Execute         source /home/x_thileeb/repos/ops-hls-pact25-artifact/codegen_apps/jacobian3d/vck5000_project/hls/build/hw/temp_dir/datamover_outerloop_0/datamover_outerloop_0/datamover_outerloop_0/solution/.autopilot/db/global.setting.tcl 
Execute         source /home/x_thileeb/repos/ops-hls-pact25-artifact/codegen_apps/jacobian3d/vck5000_project/hls/build/hw/temp_dir/datamover_outerloop_0/datamover_outerloop_0/datamover_outerloop_0/solution/.autopilot/db/entry_proc.compgen.tcl 
Execute         source /home/x_thileeb/repos/ops-hls-pact25-artifact/codegen_apps/jacobian3d/vck5000_project/hls/build/hw/temp_dir/datamover_outerloop_0/datamover_outerloop_0/datamover_outerloop_0/solution/.autopilot/db/mem2stream_512u_32u_2u_Pipeline_VITIS_LOOP_431_1.compgen.tcl 
Execute         source /home/x_thileeb/repos/ops-hls-pact25-artifact/codegen_apps/jacobian3d/vck5000_project/hls/build/hw/temp_dir/datamover_outerloop_0/datamover_outerloop_0/datamover_outerloop_0/solution/.autopilot/db/mem2stream_512u_32u_2u_Pipeline_VITIS_LOOP_453_2.compgen.tcl 
Execute         source /home/x_thileeb/repos/ops-hls-pact25-artifact/codegen_apps/jacobian3d/vck5000_project/hls/build/hw/temp_dir/datamover_outerloop_0/datamover_outerloop_0/datamover_outerloop_0/solution/.autopilot/db/mem2stream_512u_32u_2u_s.compgen.tcl 
Execute         source /home/x_thileeb/repos/ops-hls-pact25-artifact/codegen_apps/jacobian3d/vck5000_project/hls/build/hw/temp_dir/datamover_outerloop_0/datamover_outerloop_0/datamover_outerloop_0/solution/.autopilot/db/stream2streamStepdown_512u_256u_Pipeline_VITIS_LOOP_893_1_VITIS_LOOP_895_2.compgen.tcl 
Execute           ap_part_info -name xcvc1902-vsvd1760-2MP-e-S -data names -quiet 
Execute           ap_part_info -name xcvc1902-vsvd1760-2MP-e-S -data info -quiet 
INFO: [RTMG 210-286] Generating pipelined shifter : 'datamover_outerloop_0_lshr_512ns_10ns_512_2_1'
Execute         source /home/x_thileeb/repos/ops-hls-pact25-artifact/codegen_apps/jacobian3d/vck5000_project/hls/build/hw/temp_dir/datamover_outerloop_0/datamover_outerloop_0/datamover_outerloop_0/solution/.autopilot/db/stream2streamStepdown_512u_256u_s.compgen.tcl 
Execute         source /home/x_thileeb/repos/ops-hls-pact25-artifact/codegen_apps/jacobian3d/vck5000_project/hls/build/hw/temp_dir/datamover_outerloop_0/datamover_outerloop_0/datamover_outerloop_0/solution/.autopilot/db/stream2axis_256u_Pipeline_VITIS_LOOP_956_1.compgen.tcl 
Execute         source /home/x_thileeb/repos/ops-hls-pact25-artifact/codegen_apps/jacobian3d/vck5000_project/hls/build/hw/temp_dir/datamover_outerloop_0/datamover_outerloop_0/datamover_outerloop_0/solution/.autopilot/db/stream2axis_256u_s.compgen.tcl 
Execute         source /home/x_thileeb/repos/ops-hls-pact25-artifact/codegen_apps/jacobian3d/vck5000_project/hls/build/hw/temp_dir/datamover_outerloop_0/datamover_outerloop_0/datamover_outerloop_0/solution/.autopilot/db/axis2stream_256u_s.compgen.tcl 
Execute         source /home/x_thileeb/repos/ops-hls-pact25-artifact/codegen_apps/jacobian3d/vck5000_project/hls/build/hw/temp_dir/datamover_outerloop_0/datamover_outerloop_0/datamover_outerloop_0/solution/.autopilot/db/stream2streamStepup_256u_512u_Pipeline_VITIS_LOOP_809_1_VITIS_LOOP_811_2.compgen.tcl 
Execute         source /home/x_thileeb/repos/ops-hls-pact25-artifact/codegen_apps/jacobian3d/vck5000_project/hls/build/hw/temp_dir/datamover_outerloop_0/datamover_outerloop_0/datamover_outerloop_0/solution/.autopilot/db/stream2streamStepup_256u_512u_s.compgen.tcl 
Execute         source /home/x_thileeb/repos/ops-hls-pact25-artifact/codegen_apps/jacobian3d/vck5000_project/hls/build/hw/temp_dir/datamover_outerloop_0/datamover_outerloop_0/datamover_outerloop_0/solution/.autopilot/db/stream2mem_512u_32u_2u_Pipeline_VITIS_LOOP_567_1.compgen.tcl 
Execute         source /home/x_thileeb/repos/ops-hls-pact25-artifact/codegen_apps/jacobian3d/vck5000_project/hls/build/hw/temp_dir/datamover_outerloop_0/datamover_outerloop_0/datamover_outerloop_0/solution/.autopilot/db/stream2mem_512u_32u_2u_Pipeline_VITIS_LOOP_580_2.compgen.tcl 
Execute         source /home/x_thileeb/repos/ops-hls-pact25-artifact/codegen_apps/jacobian3d/vck5000_project/hls/build/hw/temp_dir/datamover_outerloop_0/datamover_outerloop_0/datamover_outerloop_0/solution/.autopilot/db/stream2mem_512u_32u_2u_s.compgen.tcl 
Execute         source /home/x_thileeb/repos/ops-hls-pact25-artifact/codegen_apps/jacobian3d/vck5000_project/hls/build/hw/temp_dir/datamover_outerloop_0/datamover_outerloop_0/datamover_outerloop_0/solution/.autopilot/db/datamover_outerloop_0_dataflow_read_write_dataflow_region.compgen.tcl 
Execute           ap_part_info -name xcvc1902-vsvd1760-2MP-e-S -data names -quiet 
Execute           ap_part_info -name xcvc1902-vsvd1760-2MP-e-S -data info -quiet 
INFO: [RTMG 210-285] Implementing FIFO 'num_pkts_c_U(datamover_outerloop_0_fifo_w32_d4_S)' using Shift Registers.
Execute           ap_part_info -name xcvc1902-vsvd1760-2MP-e-S -data names -quiet 
Execute           ap_part_info -name xcvc1902-vsvd1760-2MP-e-S -data info -quiet 
INFO: [RTMG 210-285] Implementing FIFO 'p_read_c15_U(datamover_outerloop_0_fifo_w32_d3_S)' using Shift Registers.
Execute           ap_part_info -name xcvc1902-vsvd1760-2MP-e-S -data names -quiet 
Execute           ap_part_info -name xcvc1902-vsvd1760-2MP-e-S -data info -quiet 
INFO: [RTMG 210-285] Implementing FIFO 'arg1_c_U(datamover_outerloop_0_fifo_w64_d4_S)' using Shift Registers.
Execute           ap_part_info -name xcvc1902-vsvd1760-2MP-e-S -data names -quiet 
Execute           ap_part_info -name xcvc1902-vsvd1760-2MP-e-S -data info -quiet 
INFO: [RTMG 210-285] Implementing FIFO 'p_read_c16_U(datamover_outerloop_0_fifo_w32_d2_S)' using Shift Registers.
Execute           ap_part_info -name xcvc1902-vsvd1760-2MP-e-S -data names -quiet 
Execute           ap_part_info -name xcvc1902-vsvd1760-2MP-e-S -data info -quiet 
INFO: [RTMG 210-285] Implementing FIFO 'arg0_read_mem_strm_U(datamover_outerloop_0_fifo_w512_d2_S)' using Shift Registers.
Execute           ap_part_info -name xcvc1902-vsvd1760-2MP-e-S -data names -quiet 
Execute           ap_part_info -name xcvc1902-vsvd1760-2MP-e-S -data info -quiet 
INFO: [RTMG 210-285] Implementing FIFO 'arg0_read_reduced_mem_strm_U(datamover_outerloop_0_fifo_w256_d2_S)' using Shift Registers.
Execute           ap_part_info -name xcvc1902-vsvd1760-2MP-e-S -data names -quiet 
Execute           ap_part_info -name xcvc1902-vsvd1760-2MP-e-S -data info -quiet 
INFO: [RTMG 210-285] Implementing FIFO 'arg1_write_reduced_mem_strm_U(datamover_outerloop_0_fifo_w256_d2_S)' using Shift Registers.
Execute           ap_part_info -name xcvc1902-vsvd1760-2MP-e-S -data names -quiet 
Execute           ap_part_info -name xcvc1902-vsvd1760-2MP-e-S -data info -quiet 
INFO: [RTMG 210-285] Implementing FIFO 'p_read_c_U(datamover_outerloop_0_fifo_w32_d2_S)' using Shift Registers.
Execute           ap_part_info -name xcvc1902-vsvd1760-2MP-e-S -data names -quiet 
Execute           ap_part_info -name xcvc1902-vsvd1760-2MP-e-S -data info -quiet 
INFO: [RTMG 210-285] Implementing FIFO 'arg1_write_mem_strm_U(datamover_outerloop_0_fifo_w512_d2_S)' using Shift Registers.
Execute           ap_part_info -name xcvc1902-vsvd1760-2MP-e-S -data names -quiet 
Execute           ap_part_info -name xcvc1902-vsvd1760-2MP-e-S -data info -quiet 
INFO: [RTMG 210-285] Implementing FIFO 'start_for_stream2axis_256u_U0_U(datamover_outerloop_0_start_for_stream2axis_256u_U0)' using Shift Registers.
Execute           ap_part_info -name xcvc1902-vsvd1760-2MP-e-S -data names -quiet 
Execute           ap_part_info -name xcvc1902-vsvd1760-2MP-e-S -data info -quiet 
INFO: [RTMG 210-285] Implementing FIFO 'start_for_stream2streamStepup_256u_512u_U0_U(datamover_outerloop_0_start_for_stream2streamStepup_256u_512u_U0)' using Shift Registers.
Execute           ap_part_info -name xcvc1902-vsvd1760-2MP-e-S -data names -quiet 
Execute           ap_part_info -name xcvc1902-vsvd1760-2MP-e-S -data info -quiet 
INFO: [RTMG 210-285] Implementing FIFO 'start_for_stream2mem_512u_32u_2u_U0_U(datamover_outerloop_0_start_for_stream2mem_512u_32u_2u_U0)' using Shift Registers.
Execute           ap_part_info -name xcvc1902-vsvd1760-2MP-e-S -data names -quiet 
Execute           ap_part_info -name xcvc1902-vsvd1760-2MP-e-S -data info -quiet 
INFO: [RTMG 210-285] Implementing FIFO 'start_for_stream2streamStepdown_512u_256u_U0_U(datamover_outerloop_0_start_for_stream2streamStepdown_512u_256u_U0)' using Shift Registers.
Command         ap_source done; 0.54 sec.
Execute         source /home/x_thileeb/repos/ops-hls-pact25-artifact/codegen_apps/jacobian3d/vck5000_project/hls/build/hw/temp_dir/datamover_outerloop_0/datamover_outerloop_0/datamover_outerloop_0/solution/.autopilot/db/datamover_outerloop_0.compgen.tcl 
Execute           ap_part_info -name xcvc1902-vsvd1760-2MP-e-S -data names -quiet 
Execute           ap_part_info -name xcvc1902-vsvd1760-2MP-e-S -data info -quiet 
Execute           source ./control.slave.tcl 
Command         ap_source done; 0.12 sec.
INFO: [HLS 200-111] Finished Generating all RTL models: CPU user time: 2.56 seconds. CPU system time: 0.23 seconds. Elapsed time: 3.33 seconds; current allocated memory: 1.074 GB.
INFO-FLOW: DBG:PROC: ::HLSREPORTS::create_csynth_xml bind_info_var='bind_info' RtlSubPrefix='datamover_outerloop_0_' outfile=''
INFO-FLOW: Running: create_csynth_xml read xml data
INFO-FLOW: Done: create_csynth_xml read xml data time: 0 seconds per iteration
INFO-FLOW: Running: create_csynth_xml bind info
INFO-FLOW: No bind nodes found for module_name entry_proc
INFO-FLOW: No bind nodes found for module_name stream2streamStepdown_512u_256u_s
INFO-FLOW: No bind nodes found for module_name stream2axis_256u_s
INFO-FLOW: No bind nodes found for module_name stream2streamStepup_256u_512u_s
INFO-FLOW: Done: create_csynth_xml bind info time: 0 seconds per iteration
INFO-FLOW: Running: create_csynth_xml config info
Execute         get_config_op mul -impl 
Execute         get_config_op mul -latency 
Execute         get_config_op mul -precision 
Execute         get_config_op add -impl 
Execute         get_config_op add -latency 
Execute         get_config_op add -precision 
Execute         get_config_op sub -impl 
Execute         get_config_op sub -latency 
Execute         get_config_op sub -precision 
Execute         get_config_op fadd -impl 
Execute         get_config_op fadd -latency 
Execute         get_config_op fadd -precision 
Execute         get_config_op fsub -impl 
Execute         get_config_op fsub -latency 
Execute         get_config_op fsub -precision 
Execute         get_config_op fdiv -impl 
Execute         get_config_op fdiv -latency 
Execute         get_config_op fdiv -precision 
Execute         get_config_op fexp -impl 
Execute         get_config_op fexp -latency 
Execute         get_config_op fexp -precision 
Execute         get_config_op flog -impl 
Execute         get_config_op flog -latency 
Execute         get_config_op flog -precision 
Execute         get_config_op fmul -impl 
Execute         get_config_op fmul -latency 
Execute         get_config_op fmul -precision 
Execute         get_config_op frsqrt -impl 
Execute         get_config_op frsqrt -latency 
Execute         get_config_op frsqrt -precision 
Execute         get_config_op frecip -impl 
Execute         get_config_op frecip -latency 
Execute         get_config_op frecip -precision 
Execute         get_config_op fsqrt -impl 
Execute         get_config_op fsqrt -latency 
Execute         get_config_op fsqrt -precision 
Execute         get_config_op dadd -impl 
Execute         get_config_op dadd -latency 
Execute         get_config_op dadd -precision 
Execute         get_config_op dsub -impl 
Execute         get_config_op dsub -latency 
Execute         get_config_op dsub -precision 
Execute         get_config_op ddiv -impl 
Execute         get_config_op ddiv -latency 
Execute         get_config_op ddiv -precision 
Execute         get_config_op dexp -impl 
Execute         get_config_op dexp -latency 
Execute         get_config_op dexp -precision 
Execute         get_config_op dlog -impl 
Execute         get_config_op dlog -latency 
Execute         get_config_op dlog -precision 
Execute         get_config_op dmul -impl 
Execute         get_config_op dmul -latency 
Execute         get_config_op dmul -precision 
Execute         get_config_op drsqrt -impl 
Execute         get_config_op drsqrt -latency 
Execute         get_config_op drsqrt -precision 
Execute         get_config_op drecip -impl 
Execute         get_config_op drecip -latency 
Execute         get_config_op drecip -precision 
Execute         get_config_op dsqrt -impl 
Execute         get_config_op dsqrt -latency 
Execute         get_config_op dsqrt -precision 
Execute         get_config_op hadd -impl 
Execute         get_config_op hadd -latency 
Execute         get_config_op hadd -precision 
Execute         get_config_op hsub -impl 
Execute         get_config_op hsub -latency 
Execute         get_config_op hsub -precision 
Execute         get_config_op hdiv -impl 
Execute         get_config_op hdiv -latency 
Execute         get_config_op hdiv -precision 
Execute         get_config_op hmul -impl 
Execute         get_config_op hmul -latency 
Execute         get_config_op hmul -precision 
Execute         get_config_op hsqrt -impl 
Execute         get_config_op hsqrt -latency 
Execute         get_config_op hsqrt -precision 
Execute         get_config_op facc -impl 
Execute         get_config_op facc -latency 
Execute         get_config_op facc -precision 
Execute         get_config_op fmacc -impl 
Execute         get_config_op fmacc -latency 
Execute         get_config_op fmacc -precision 
Execute         get_config_op fmadd -impl 
Execute         get_config_op fmadd -latency 
Execute         get_config_op fmadd -precision 
Execute         get_config_storage fifo -auto_srl_max_bits 
Execute         get_config_storage fifo -auto_srl_max_depth 
Execute         get_config_storage fifo -impl 
Execute         get_solution -flow_target 
Execute         get_config_array_partition -complete_threshold 
Execute         get_config_array_partition -throughput_driven 
Execute         get_config_compile -enable_auto_rewind 
Execute         get_config_compile -ignore_long_run_time 
Execute         get_config_compile -name_max_length 
Execute         get_config_compile -no_signed_zeros 
Execute         get_config_compile -pipeline_loops 
Execute         get_config_compile -pipeline_style 
Execute         get_config_compile -pragma_strict_mode 
Execute         get_config_compile -pre_tcl 
Execute         get_config_compile -unsafe_math_optimizations 
Execute         get_config_dataflow -default_channel 
Execute         get_config_dataflow -disable_fifo_sizing_opt 
Execute         get_config_dataflow -fifo_depth 
Execute         get_config_dataflow -override_user_fifo_depth 
Execute         get_config_dataflow -scalar_fifo_depth 
Execute         get_config_dataflow -start_fifo_depth 
Execute         get_config_dataflow -strict_mode 
Execute         get_config_dataflow -strict_stable_sync 
Execute         get_config_dataflow -task_level_fifo_depth 
Execute         get_config_debug -directory 
Execute         get_config_debug -enable 
Execute         get_config_export -description 
Execute         get_config_export -display_name 
Execute         get_config_export -format 
Execute         get_config_export -ip_xdc_file 
Execute         get_config_export -ip_xdc_ooc_file 
Execute         get_config_export -ipname 
Execute         get_config_export -library 
Execute         get_config_export -output 
Execute         get_config_export -rtl 
Execute         get_config_export -taxonomy 
Execute         get_config_export -vendor 
Execute         get_config_export -version 
Execute         get_config_export -vivado_clock 
Execute         get_config_export -vivado_impl_strategy 
Execute         get_config_export -vivado_max_timing_paths 
Execute         get_config_export -vivado_optimization_level 
Execute         get_config_export -vivado_pblock 
Execute         get_config_export -vivado_phys_opt 
Execute         get_config_export -vivado_report_level 
Execute         get_config_export -vivado_synth_design_args 
Execute         get_config_export -vivado_synth_strategy 
Execute         get_config_interface -clock_enable 
Execute         get_config_interface -default_slave_interface 
Execute         get_config_interface -m_axi_addr64 
Execute         get_config_interface -m_axi_alignment_byte_size 
Execute         get_config_interface -m_axi_auto_max_ports 
Execute         get_config_interface -m_axi_buffer_impl 
Execute         get_config_interface -m_axi_conservative_mode 
Execute         get_config_interface -m_axi_flush_mode 
Execute         get_config_interface -m_axi_latency 
Execute         get_config_interface -m_axi_max_bitwidth 
Execute         get_config_interface -m_axi_max_read_burst_length 
Execute         get_config_interface -m_axi_max_widen_bitwidth 
Execute         get_config_interface -m_axi_max_write_burst_length 
Execute         get_config_interface -m_axi_min_bitwidth 
Execute         get_config_interface -m_axi_num_read_outstanding 
Execute         get_config_interface -m_axi_num_write_outstanding 
Execute         get_config_interface -m_axi_offset 
Execute         get_config_interface -register_io 
Execute         get_config_interface -s_axilite_auto_restart_counter 
Execute         get_config_interface -s_axilite_data64 
Execute         get_config_interface -s_axilite_interrupt_mode 
Execute         get_config_interface -s_axilite_mailbox 
Execute         get_config_interface -s_axilite_status_regs 
Execute         get_config_interface -s_axilite_sw_reset 
Execute         get_config_rtl -deadlock_detection 
Execute         get_config_rtl -header 
Execute         get_config_rtl -kernel_profile 
Execute         get_config_rtl -module_auto_prefix 
Execute         get_config_rtl -module_prefix 
Execute         get_config_rtl -mult_keep_attribute 
Execute         get_config_rtl -register_all_io 
Execute         get_config_rtl -register_reset_num 
Execute         get_config_rtl -reset 
Execute         get_config_rtl -reset_async 
Execute         get_config_rtl -reset_level 
Execute         get_config_schedule -enable_dsp_full_reg 
Execute         get_config_unroll -tripcount_threshold 
INFO-FLOW: Done: create_csynth_xml config info time: 0.1 seconds per iteration
INFO-FLOW: Running: create_csynth_xml write xml
INFO-FLOW: Done: create_csynth_xml write xml time: 0 seconds per iteration
INFO-FLOW: DBG:PUTS:      create_csynth_xml wrote csynth_xml=/home/x_thileeb/repos/ops-hls-pact25-artifact/codegen_apps/jacobian3d/vck5000_project/hls/build/hw/temp_dir/datamover_outerloop_0/datamover_outerloop_0/datamover_outerloop_0/solution/syn/report/csynth.xml
INFO-FLOW: DBG:PROC: ::AP::DESIGN_DATA::generate_json generate_bd_files='0' generate_xo_files='0' modelList='datamover_outerloop_0_flow_control_loop_pipe_sequential_init
datamover_outerloop_0_flow_control_loop_pipe_sequential_init
datamover_outerloop_0_lshr_512ns_10ns_512_2_1
datamover_outerloop_0_flow_control_loop_pipe_sequential_init
datamover_outerloop_0_flow_control_loop_pipe_sequential_init
datamover_outerloop_0_flow_control_loop_pipe
datamover_outerloop_0_flow_control_loop_pipe_sequential_init
datamover_outerloop_0_flow_control_loop_pipe_sequential_init
datamover_outerloop_0_flow_control_loop_pipe_sequential_init
datamover_outerloop_0_fifo_w32_d4_S
datamover_outerloop_0_fifo_w32_d3_S
datamover_outerloop_0_fifo_w64_d4_S
datamover_outerloop_0_fifo_w32_d2_S
datamover_outerloop_0_fifo_w512_d2_S
datamover_outerloop_0_fifo_w256_d2_S
datamover_outerloop_0_fifo_w256_d2_S
datamover_outerloop_0_fifo_w32_d2_S
datamover_outerloop_0_fifo_w512_d2_S
datamover_outerloop_0_start_for_stream2axis_256u_U0
datamover_outerloop_0_start_for_stream2streamStepup_256u_512u_U0
datamover_outerloop_0_start_for_stream2mem_512u_32u_2u_U0
datamover_outerloop_0_start_for_stream2streamStepdown_512u_256u_U0
datamover_outerloop_0_mul_32s_16ns_32_3_1
datamover_outerloop_0_mul_mul_16ns_16ns_32_4_1
datamover_outerloop_0_gmem0_m_axi
datamover_outerloop_0_gmem1_m_axi
datamover_outerloop_0_control_s_axi
datamover_outerloop_0_regslice_both
datamover_outerloop_0_regslice_both
datamover_outerloop_0_regslice_both
datamover_outerloop_0_regslice_both
datamover_outerloop_0_regslice_both
datamover_outerloop_0_regslice_both
datamover_outerloop_0_regslice_both
datamover_outerloop_0_regslice_both
entry_proc
mem2stream_512u_32u_2u_Pipeline_VITIS_LOOP_431_1
mem2stream_512u_32u_2u_Pipeline_VITIS_LOOP_453_2
mem2stream_512u_32u_2u_s
stream2streamStepdown_512u_256u_Pipeline_VITIS_LOOP_893_1_VITIS_LOOP_895_2
stream2streamStepdown_512u_256u_s
stream2axis_256u_Pipeline_VITIS_LOOP_956_1
stream2axis_256u_s
axis2stream_256u_s
stream2streamStepup_256u_512u_Pipeline_VITIS_LOOP_809_1_VITIS_LOOP_811_2
stream2streamStepup_256u_512u_s
stream2mem_512u_32u_2u_Pipeline_VITIS_LOOP_567_1
stream2mem_512u_32u_2u_Pipeline_VITIS_LOOP_580_2
stream2mem_512u_32u_2u_s
datamover_outerloop_0_dataflow_read_write_dataflow_region
datamover_outerloop_0
' rtl_lang='both' bootstrap_tcl='false' outdir='' outfilename=''
Execute         source /home/x_thileeb/repos/ops-hls-pact25-artifact/codegen_apps/jacobian3d/vck5000_project/hls/build/hw/temp_dir/datamover_outerloop_0/datamover_outerloop_0/datamover_outerloop_0/solution/.autopilot/db/global.setting.tcl 
Execute         source /home/x_thileeb/repos/ops-hls-pact25-artifact/codegen_apps/jacobian3d/vck5000_project/hls/build/hw/temp_dir/datamover_outerloop_0/datamover_outerloop_0/datamover_outerloop_0/solution/.autopilot/db/global.setting.tcl 
Execute         get_solution -flow_target 
Execute         source /home/x_thileeb/repos/ops-hls-pact25-artifact/codegen_apps/jacobian3d/vck5000_project/hls/build/hw/temp_dir/datamover_outerloop_0/datamover_outerloop_0/datamover_outerloop_0/solution/.autopilot/db/top-io-be.tcl 
Execute         source /home/x_thileeb/repos/ops-hls-pact25-artifact/codegen_apps/jacobian3d/vck5000_project/hls/build/hw/temp_dir/datamover_outerloop_0/datamover_outerloop_0/datamover_outerloop_0/solution/.autopilot/db/datamover_outerloop_0.tbgen.tcl 
Execute         source /home/x_thileeb/repos/ops-hls-pact25-artifact/codegen_apps/jacobian3d/vck5000_project/hls/build/hw/temp_dir/datamover_outerloop_0/datamover_outerloop_0/datamover_outerloop_0/solution/.autopilot/db/datamover_outerloop_0.compgen.dataonly.tcl 
Execute         get_config_interface -s_axilite_interrupt_mode 
Execute         source /home/x_thileeb/repos/ops-hls-pact25-artifact/codegen_apps/jacobian3d/vck5000_project/hls/build/hw/temp_dir/datamover_outerloop_0/datamover_outerloop_0/datamover_outerloop_0/solution/.autopilot/db/datamover_outerloop_0.compgen.dataonly.tcl 
Execute         source /home/x_thileeb/repos/ops-hls-pact25-artifact/codegen_apps/jacobian3d/vck5000_project/hls/build/hw/temp_dir/datamover_outerloop_0/datamover_outerloop_0/datamover_outerloop_0/solution/.autopilot/db/datamover_outerloop_0.rtl_wrap.cfg.tcl 
Execute         source /home/x_thileeb/repos/ops-hls-pact25-artifact/codegen_apps/jacobian3d/vck5000_project/hls/build/hw/temp_dir/datamover_outerloop_0/datamover_outerloop_0/datamover_outerloop_0/solution/.autopilot/db/datamover_outerloop_0.compgen.dataonly.tcl 
Execute         get_config_export -format 
Execute         get_config_export -output 
Execute         get_config_export -vendor 
Execute         get_config_export -library 
Execute         get_config_export -version 
Execute         get_config_export -ipname 
Execute         get_config_export -taxonomy 
Execute         get_config_export -description 
Execute         get_config_export -display_name 
Execute         source /home/x_thileeb/repos/ops-hls-pact25-artifact/codegen_apps/jacobian3d/vck5000_project/hls/build/hw/temp_dir/datamover_outerloop_0/datamover_outerloop_0/datamover_outerloop_0/solution/.autopilot/db/entry_proc.tbgen.tcl 
Execute         source /home/x_thileeb/repos/ops-hls-pact25-artifact/codegen_apps/jacobian3d/vck5000_project/hls/build/hw/temp_dir/datamover_outerloop_0/datamover_outerloop_0/datamover_outerloop_0/solution/.autopilot/db/mem2stream_512u_32u_2u_Pipeline_VITIS_LOOP_431_1.tbgen.tcl 
Execute         source /home/x_thileeb/repos/ops-hls-pact25-artifact/codegen_apps/jacobian3d/vck5000_project/hls/build/hw/temp_dir/datamover_outerloop_0/datamover_outerloop_0/datamover_outerloop_0/solution/.autopilot/db/mem2stream_512u_32u_2u_Pipeline_VITIS_LOOP_453_2.tbgen.tcl 
Execute         source /home/x_thileeb/repos/ops-hls-pact25-artifact/codegen_apps/jacobian3d/vck5000_project/hls/build/hw/temp_dir/datamover_outerloop_0/datamover_outerloop_0/datamover_outerloop_0/solution/.autopilot/db/mem2stream_512u_32u_2u_s.tbgen.tcl 
Execute         source /home/x_thileeb/repos/ops-hls-pact25-artifact/codegen_apps/jacobian3d/vck5000_project/hls/build/hw/temp_dir/datamover_outerloop_0/datamover_outerloop_0/datamover_outerloop_0/solution/.autopilot/db/stream2streamStepdown_512u_256u_Pipeline_VITIS_LOOP_893_1_VITIS_LOOP_895_2.tbgen.tcl 
Execute         source /home/x_thileeb/repos/ops-hls-pact25-artifact/codegen_apps/jacobian3d/vck5000_project/hls/build/hw/temp_dir/datamover_outerloop_0/datamover_outerloop_0/datamover_outerloop_0/solution/.autopilot/db/stream2streamStepdown_512u_256u_s.tbgen.tcl 
Execute         source /home/x_thileeb/repos/ops-hls-pact25-artifact/codegen_apps/jacobian3d/vck5000_project/hls/build/hw/temp_dir/datamover_outerloop_0/datamover_outerloop_0/datamover_outerloop_0/solution/.autopilot/db/stream2axis_256u_Pipeline_VITIS_LOOP_956_1.tbgen.tcl 
Execute         source /home/x_thileeb/repos/ops-hls-pact25-artifact/codegen_apps/jacobian3d/vck5000_project/hls/build/hw/temp_dir/datamover_outerloop_0/datamover_outerloop_0/datamover_outerloop_0/solution/.autopilot/db/stream2axis_256u_s.tbgen.tcl 
Execute         source /home/x_thileeb/repos/ops-hls-pact25-artifact/codegen_apps/jacobian3d/vck5000_project/hls/build/hw/temp_dir/datamover_outerloop_0/datamover_outerloop_0/datamover_outerloop_0/solution/.autopilot/db/axis2stream_256u_s.tbgen.tcl 
Execute         source /home/x_thileeb/repos/ops-hls-pact25-artifact/codegen_apps/jacobian3d/vck5000_project/hls/build/hw/temp_dir/datamover_outerloop_0/datamover_outerloop_0/datamover_outerloop_0/solution/.autopilot/db/stream2streamStepup_256u_512u_Pipeline_VITIS_LOOP_809_1_VITIS_LOOP_811_2.tbgen.tcl 
Execute         source /home/x_thileeb/repos/ops-hls-pact25-artifact/codegen_apps/jacobian3d/vck5000_project/hls/build/hw/temp_dir/datamover_outerloop_0/datamover_outerloop_0/datamover_outerloop_0/solution/.autopilot/db/stream2streamStepup_256u_512u_s.tbgen.tcl 
Execute         source /home/x_thileeb/repos/ops-hls-pact25-artifact/codegen_apps/jacobian3d/vck5000_project/hls/build/hw/temp_dir/datamover_outerloop_0/datamover_outerloop_0/datamover_outerloop_0/solution/.autopilot/db/stream2mem_512u_32u_2u_Pipeline_VITIS_LOOP_567_1.tbgen.tcl 
Execute         source /home/x_thileeb/repos/ops-hls-pact25-artifact/codegen_apps/jacobian3d/vck5000_project/hls/build/hw/temp_dir/datamover_outerloop_0/datamover_outerloop_0/datamover_outerloop_0/solution/.autopilot/db/stream2mem_512u_32u_2u_Pipeline_VITIS_LOOP_580_2.tbgen.tcl 
Execute         source /home/x_thileeb/repos/ops-hls-pact25-artifact/codegen_apps/jacobian3d/vck5000_project/hls/build/hw/temp_dir/datamover_outerloop_0/datamover_outerloop_0/datamover_outerloop_0/solution/.autopilot/db/stream2mem_512u_32u_2u_s.tbgen.tcl 
Execute         source /home/x_thileeb/repos/ops-hls-pact25-artifact/codegen_apps/jacobian3d/vck5000_project/hls/build/hw/temp_dir/datamover_outerloop_0/datamover_outerloop_0/datamover_outerloop_0/solution/.autopilot/db/datamover_outerloop_0_dataflow_read_write_dataflow_region.tbgen.tcl 
Execute         source /home/x_thileeb/repos/ops-hls-pact25-artifact/codegen_apps/jacobian3d/vck5000_project/hls/build/hw/temp_dir/datamover_outerloop_0/datamover_outerloop_0/datamover_outerloop_0/solution/.autopilot/db/datamover_outerloop_0.tbgen.tcl 
Execute         source /home/x_thileeb/repos/ops-hls-pact25-artifact/codegen_apps/jacobian3d/vck5000_project/hls/build/hw/temp_dir/datamover_outerloop_0/datamover_outerloop_0/datamover_outerloop_0/solution/.autopilot/db/global.setting.tcl 
Execute         ap_part_info -name xcvc1902-vsvd1760-2MP-e-S -data names -quiet 
Execute         ap_part_info -name xcvc1902-vsvd1760-2MP-e-S -data info -quiet 
Execute         get_solution -flow_target 
Execute         get_config_rtl -kernel_profile 
Execute         get_config_rtl -kernel_profile 
Execute         get_config_rtl -stall_sig_gen 
Execute         get_config_rtl -profile 
Execute         source /home/x_thileeb/repos/ops-hls-pact25-artifact/codegen_apps/jacobian3d/vck5000_project/hls/build/hw/temp_dir/datamover_outerloop_0/datamover_outerloop_0/datamover_outerloop_0/solution/.autopilot/db/datamover_outerloop_0.constraint.tcl 
Execute         sc_get_clocks datamover_outerloop_0 
Execute         source /home/x_thileeb/repos/ops-hls-pact25-artifact/codegen_apps/jacobian3d/vck5000_project/hls/build/hw/temp_dir/datamover_outerloop_0/datamover_outerloop_0/datamover_outerloop_0/solution/.autopilot/db/global.setting.tcl 
Execute         get_config_export -ip_xdc_file 
Execute         get_config_export -ip_xdc_ooc_file 
Execute         get_config_debug -directory 
INFO-FLOW: DBG:PROC: ::HLSREPORTS::add_csynth_report_sections bind_info_dict='adapter_nodes {{BINDTYPE adapter DISPLAY {bind_adapter axilite} ID {} IMPL {} LATENCY {} OPTYPE {} PRAGMA yes RTLNAME control_s_axi_U SOURCE {} VARIABLE {} MODULE datamover_outerloop_0 LOOP {} BUNDLEDNAME control DSP 0 BRAM 0 URAM 0} {BINDTYPE adapter DISPLAY {bind_adapter axi_master} ID {} IMPL {} LATENCY {} OPTYPE {} PRAGMA yes RTLNAME gmem0_m_axi_U SOURCE {} VARIABLE {} MODULE datamover_outerloop_0 LOOP {} BUNDLEDNAME gmem0 DSP 0 BRAM 0 URAM 0} {BINDTYPE adapter DISPLAY {bind_adapter axi_master} ID {} IMPL {} LATENCY {} OPTYPE {} PRAGMA yes RTLNAME gmem1_m_axi_U SOURCE {} VARIABLE {} MODULE datamover_outerloop_0 LOOP {} BUNDLEDNAME gmem1 DSP 0 BRAM 0 URAM 0}} report_dict {TOPINST datamover_outerloop_0 MODULE2INSTS {datamover_outerloop_0 datamover_outerloop_0 datamover_outerloop_0_dataflow_read_write_dataflow_region grp_datamover_outerloop_0_dataflow_read_write_dataflow_region_fu_216 entry_proc entry_proc_U0 mem2stream_512u_32u_2u_s mem2stream_512u_32u_2u_U0 mem2stream_512u_32u_2u_Pipeline_VITIS_LOOP_431_1 grp_mem2stream_512u_32u_2u_Pipeline_VITIS_LOOP_431_1_fu_112 mem2stream_512u_32u_2u_Pipeline_VITIS_LOOP_453_2 grp_mem2stream_512u_32u_2u_Pipeline_VITIS_LOOP_453_2_fu_122 axis2stream_256u_s axis2stream_256u_U0 stream2streamStepdown_512u_256u_s stream2streamStepdown_512u_256u_U0 stream2streamStepdown_512u_256u_Pipeline_VITIS_LOOP_893_1_VITIS_LOOP_895_2 grp_stream2streamStepdown_512u_256u_Pipeline_VITIS_LOOP_893_1_VITIS_LOOP_895_2_fu_42 stream2streamStepup_256u_512u_s stream2streamStepup_256u_512u_U0 stream2streamStepup_256u_512u_Pipeline_VITIS_LOOP_809_1_VITIS_LOOP_811_2 grp_stream2streamStepup_256u_512u_Pipeline_VITIS_LOOP_809_1_VITIS_LOOP_811_2_fu_54 stream2axis_256u_s stream2axis_256u_U0 stream2axis_256u_Pipeline_VITIS_LOOP_956_1 grp_stream2axis_256u_Pipeline_VITIS_LOOP_956_1_fu_48 stream2mem_512u_32u_2u_s stream2mem_512u_32u_2u_U0 stream2mem_512u_32u_2u_Pipeline_VITIS_LOOP_567_1 grp_stream2mem_512u_32u_2u_Pipeline_VITIS_LOOP_567_1_fu_104 stream2mem_512u_32u_2u_Pipeline_VITIS_LOOP_580_2 grp_stream2mem_512u_32u_2u_Pipeline_VITIS_LOOP_580_2_fu_114} INST2MODULE {datamover_outerloop_0 datamover_outerloop_0 grp_datamover_outerloop_0_dataflow_read_write_dataflow_region_fu_216 datamover_outerloop_0_dataflow_read_write_dataflow_region entry_proc_U0 entry_proc mem2stream_512u_32u_2u_U0 mem2stream_512u_32u_2u_s grp_mem2stream_512u_32u_2u_Pipeline_VITIS_LOOP_431_1_fu_112 mem2stream_512u_32u_2u_Pipeline_VITIS_LOOP_431_1 grp_mem2stream_512u_32u_2u_Pipeline_VITIS_LOOP_453_2_fu_122 mem2stream_512u_32u_2u_Pipeline_VITIS_LOOP_453_2 axis2stream_256u_U0 axis2stream_256u_s stream2streamStepdown_512u_256u_U0 stream2streamStepdown_512u_256u_s grp_stream2streamStepdown_512u_256u_Pipeline_VITIS_LOOP_893_1_VITIS_LOOP_895_2_fu_42 stream2streamStepdown_512u_256u_Pipeline_VITIS_LOOP_893_1_VITIS_LOOP_895_2 stream2streamStepup_256u_512u_U0 stream2streamStepup_256u_512u_s grp_stream2streamStepup_256u_512u_Pipeline_VITIS_LOOP_809_1_VITIS_LOOP_811_2_fu_54 stream2streamStepup_256u_512u_Pipeline_VITIS_LOOP_809_1_VITIS_LOOP_811_2 stream2axis_256u_U0 stream2axis_256u_s grp_stream2axis_256u_Pipeline_VITIS_LOOP_956_1_fu_48 stream2axis_256u_Pipeline_VITIS_LOOP_956_1 stream2mem_512u_32u_2u_U0 stream2mem_512u_32u_2u_s grp_stream2mem_512u_32u_2u_Pipeline_VITIS_LOOP_567_1_fu_104 stream2mem_512u_32u_2u_Pipeline_VITIS_LOOP_567_1 grp_stream2mem_512u_32u_2u_Pipeline_VITIS_LOOP_580_2_fu_114 stream2mem_512u_32u_2u_Pipeline_VITIS_LOOP_580_2} INSTDATA {datamover_outerloop_0 {DEPTH 1 CHILDREN grp_datamover_outerloop_0_dataflow_read_write_dataflow_region_fu_216} grp_datamover_outerloop_0_dataflow_read_write_dataflow_region_fu_216 {DEPTH 2 CHILDREN {entry_proc_U0 mem2stream_512u_32u_2u_U0 axis2stream_256u_U0 stream2streamStepdown_512u_256u_U0 stream2streamStepup_256u_512u_U0 stream2axis_256u_U0 stream2mem_512u_32u_2u_U0}} entry_proc_U0 {DEPTH 3 CHILDREN {}} mem2stream_512u_32u_2u_U0 {DEPTH 3 CHILDREN {grp_mem2stream_512u_32u_2u_Pipeline_VITIS_LOOP_431_1_fu_112 grp_mem2stream_512u_32u_2u_Pipeline_VITIS_LOOP_453_2_fu_122}} grp_mem2stream_512u_32u_2u_Pipeline_VITIS_LOOP_431_1_fu_112 {DEPTH 4 CHILDREN {}} grp_mem2stream_512u_32u_2u_Pipeline_VITIS_LOOP_453_2_fu_122 {DEPTH 4 CHILDREN {}} axis2stream_256u_U0 {DEPTH 3 CHILDREN {}} stream2streamStepdown_512u_256u_U0 {DEPTH 3 CHILDREN grp_stream2streamStepdown_512u_256u_Pipeline_VITIS_LOOP_893_1_VITIS_LOOP_895_2_fu_42} grp_stream2streamStepdown_512u_256u_Pipeline_VITIS_LOOP_893_1_VITIS_LOOP_895_2_fu_42 {DEPTH 4 CHILDREN {}} stream2streamStepup_256u_512u_U0 {DEPTH 3 CHILDREN grp_stream2streamStepup_256u_512u_Pipeline_VITIS_LOOP_809_1_VITIS_LOOP_811_2_fu_54} grp_stream2streamStepup_256u_512u_Pipeline_VITIS_LOOP_809_1_VITIS_LOOP_811_2_fu_54 {DEPTH 4 CHILDREN {}} stream2axis_256u_U0 {DEPTH 3 CHILDREN grp_stream2axis_256u_Pipeline_VITIS_LOOP_956_1_fu_48} grp_stream2axis_256u_Pipeline_VITIS_LOOP_956_1_fu_48 {DEPTH 4 CHILDREN {}} stream2mem_512u_32u_2u_U0 {DEPTH 3 CHILDREN {grp_stream2mem_512u_32u_2u_Pipeline_VITIS_LOOP_567_1_fu_104 grp_stream2mem_512u_32u_2u_Pipeline_VITIS_LOOP_580_2_fu_114}} grp_stream2mem_512u_32u_2u_Pipeline_VITIS_LOOP_567_1_fu_104 {DEPTH 4 CHILDREN {}} grp_stream2mem_512u_32u_2u_Pipeline_VITIS_LOOP_580_2_fu_114 {DEPTH 4 CHILDREN {}}} MODULEDATA {mem2stream_512u_32u_2u_Pipeline_VITIS_LOOP_431_1 {BINDINFO {{BINDTYPE op ID {} IMPL fabric LATENCY 0 OPTYPE add PRAGMA {} RTLNAME add_ln450_fu_88_p2 SOURCE /home/x_thileeb/repos/ops-hls-pact25-artifact/OPS/ops/hls/include/device/../../L1/include/ops_hls_datamover.hpp:450 VARIABLE add_ln450 LOOP VITIS_LOOP_431_1 BUNDLEDNAME {} DSP 0 BRAM 0 URAM 0 DISPNAME {bind_op add}}} AREA {DSP 0 BRAM 0 URAM 0}} mem2stream_512u_32u_2u_Pipeline_VITIS_LOOP_453_2 {BINDINFO {{BINDTYPE op ID {} IMPL fabric LATENCY 0 OPTYPE add PRAGMA {} RTLNAME index_6_fu_108_p2 SOURCE /home/x_thileeb/repos/ops-hls-pact25-artifact/OPS/ops/hls/include/device/../../L1/include/ops_hls_datamover.hpp:469 VARIABLE index_6 LOOP VITIS_LOOP_453_2 BUNDLEDNAME {} DSP 0 BRAM 0 URAM 0 DISPNAME {bind_op add}}} AREA {DSP 0 BRAM 0 URAM 0}} mem2stream_512u_32u_2u_s {BINDINFO {{BINDTYPE op ID {} IMPL fabric LATENCY 0 OPTYPE sub PRAGMA {} RTLNAME burst_beats_fu_142_p2 SOURCE /home/x_thileeb/repos/ops-hls-pact25-artifact/OPS/ops/hls/include/device/../../L1/include/ops_hls_datamover.hpp:418 VARIABLE burst_beats LOOP {} BUNDLEDNAME {} DSP 0 BRAM 0 URAM 0 DISPNAME {bind_op sub}} {BINDTYPE op ID {} IMPL fabric LATENCY 0 OPTYPE add PRAGMA {} RTLNAME add_ln453_fu_229_p2 SOURCE /home/x_thileeb/repos/ops-hls-pact25-artifact/OPS/ops/hls/include/device/../../L1/include/ops_hls_datamover.hpp:453 VARIABLE add_ln453 LOOP {} BUNDLEDNAME {} DSP 0 BRAM 0 URAM 0 DISPNAME {bind_op add}} {BINDTYPE op ID {} IMPL fabric LATENCY 0 OPTYPE add PRAGMA {} RTLNAME add_ln453_1_fu_184_p2 SOURCE /home/x_thileeb/repos/ops-hls-pact25-artifact/OPS/ops/hls/include/device/../../L1/include/ops_hls_datamover.hpp:453 VARIABLE add_ln453_1 LOOP {} BUNDLEDNAME {} DSP 0 BRAM 0 URAM 0 DISPNAME {bind_op add}} {BINDTYPE op ID {} IMPL fabric LATENCY 0 OPTYPE add PRAGMA {} RTLNAME add_ln453_2_fu_200_p2 SOURCE /home/x_thileeb/repos/ops-hls-pact25-artifact/OPS/ops/hls/include/device/../../L1/include/ops_hls_datamover.hpp:453 VARIABLE add_ln453_2 LOOP {} BUNDLEDNAME {} DSP 0 BRAM 0 URAM 0 DISPNAME {bind_op add}}} AREA {DSP 0 BRAM 0 URAM 0}} stream2streamStepdown_512u_256u_Pipeline_VITIS_LOOP_893_1_VITIS_LOOP_895_2 {BINDINFO {{BINDTYPE op ID {} IMPL fabric LATENCY 0 OPTYPE add PRAGMA {} RTLNAME add_ln893_fu_100_p2 SOURCE /home/x_thileeb/repos/ops-hls-pact25-artifact/OPS/ops/hls/include/device/../../L1/include/ops_hls_datamover.hpp:893 VARIABLE add_ln893 LOOP VITIS_LOOP_893_1_VITIS_LOOP_895_2 BUNDLEDNAME {} DSP 0 BRAM 0 URAM 0 DISPNAME {bind_op add}} {BINDTYPE op ID {} IMPL fabric LATENCY 0 OPTYPE sub PRAGMA {} RTLNAME sub_ln674_fu_199_p2 SOURCE /tools/Xilinx/Vitis_HLS/2022.1/common/technology/autopilot/ap_int_ref.h:674 VARIABLE sub_ln674 LOOP VITIS_LOOP_893_1_VITIS_LOOP_895_2 BUNDLEDNAME {} DSP 0 BRAM 0 URAM 0 DISPNAME {bind_op sub}} {BINDTYPE op ID {} IMPL fabric LATENCY 0 OPTYPE sub PRAGMA {} RTLNAME sub_ln674_1_fu_211_p2 SOURCE /tools/Xilinx/Vitis_HLS/2022.1/common/technology/autopilot/ap_int_ref.h:674 VARIABLE sub_ln674_1 LOOP VITIS_LOOP_893_1_VITIS_LOOP_895_2 BUNDLEDNAME {} DSP 0 BRAM 0 URAM 0 DISPNAME {bind_op sub}} {BINDTYPE op ID {} IMPL fabric LATENCY 0 OPTYPE sub PRAGMA {} RTLNAME sub_ln674_2_fu_241_p2 SOURCE /tools/Xilinx/Vitis_HLS/2022.1/common/technology/autopilot/ap_int_ref.h:674 VARIABLE sub_ln674_2 LOOP VITIS_LOOP_893_1_VITIS_LOOP_895_2 BUNDLEDNAME {} DSP 0 BRAM 0 URAM 0 DISPNAME {bind_op sub}} {BINDTYPE op ID {} IMPL fabric LATENCY 0 OPTYPE add PRAGMA {} RTLNAME add_ln895_fu_138_p2 SOURCE /home/x_thileeb/repos/ops-hls-pact25-artifact/OPS/ops/hls/include/device/../../L1/include/ops_hls_datamover.hpp:895 VARIABLE add_ln895 LOOP VITIS_LOOP_893_1_VITIS_LOOP_895_2 BUNDLEDNAME {} DSP 0 BRAM 0 URAM 0 DISPNAME {bind_op add}}} AREA {DSP 0 BRAM 0 URAM 0}} stream2axis_256u_Pipeline_VITIS_LOOP_956_1 {BINDINFO {{BINDTYPE op ID {} IMPL fabric LATENCY 0 OPTYPE add PRAGMA {} RTLNAME itr_2_fu_88_p2 SOURCE /home/x_thileeb/repos/ops-hls-pact25-artifact/OPS/ops/hls/include/device/../../L1/include/ops_hls_datamover.hpp:956 VARIABLE itr_2 LOOP VITIS_LOOP_956_1 BUNDLEDNAME {} DSP 0 BRAM 0 URAM 0 DISPNAME {bind_op add}}} AREA {DSP 0 BRAM 0 URAM 0}} axis2stream_256u_s {BINDINFO {{BINDTYPE op ID {} IMPL fabric LATENCY 0 OPTYPE add PRAGMA {} RTLNAME itr_4_fu_77_p2 SOURCE /home/x_thileeb/repos/ops-hls-pact25-artifact/OPS/ops/hls/include/device/../../L1/include/ops_hls_datamover.hpp:996 VARIABLE itr_4 LOOP VITIS_LOOP_996_1 BUNDLEDNAME {} DSP 0 BRAM 0 URAM 0 DISPNAME {bind_op add}}} AREA {DSP 0 BRAM 0 URAM 0}} stream2streamStepup_256u_512u_Pipeline_VITIS_LOOP_809_1_VITIS_LOOP_811_2 {BINDINFO {{BINDTYPE op ID {} IMPL fabric LATENCY 0 OPTYPE add PRAGMA {} RTLNAME add_ln809_fu_100_p2 SOURCE /home/x_thileeb/repos/ops-hls-pact25-artifact/OPS/ops/hls/include/device/../../L1/include/ops_hls_datamover.hpp:809 VARIABLE add_ln809 LOOP VITIS_LOOP_809_1_VITIS_LOOP_811_2 BUNDLEDNAME {} DSP 0 BRAM 0 URAM 0 DISPNAME {bind_op add}} {BINDTYPE op ID {} IMPL fabric LATENCY 0 OPTYPE add PRAGMA {} RTLNAME add_ln811_fu_163_p2 SOURCE /home/x_thileeb/repos/ops-hls-pact25-artifact/OPS/ops/hls/include/device/../../L1/include/ops_hls_datamover.hpp:811 VARIABLE add_ln811 LOOP VITIS_LOOP_809_1_VITIS_LOOP_811_2 BUNDLEDNAME {} DSP 0 BRAM 0 URAM 0 DISPNAME {bind_op add}}} AREA {DSP 0 BRAM 0 URAM 0}} stream2mem_512u_32u_2u_Pipeline_VITIS_LOOP_567_1 {BINDINFO {{BINDTYPE op ID {} IMPL fabric LATENCY 0 OPTYPE add PRAGMA {} RTLNAME add_ln576_fu_92_p2 SOURCE /home/x_thileeb/repos/ops-hls-pact25-artifact/OPS/ops/hls/include/device/../../L1/include/ops_hls_datamover.hpp:576 VARIABLE add_ln576 LOOP VITIS_LOOP_567_1 BUNDLEDNAME {} DSP 0 BRAM 0 URAM 0 DISPNAME {bind_op add}}} AREA {DSP 0 BRAM 0 URAM 0}} stream2mem_512u_32u_2u_Pipeline_VITIS_LOOP_580_2 {BINDINFO {{BINDTYPE op ID {} IMPL fabric LATENCY 0 OPTYPE add PRAGMA {} RTLNAME index_3_fu_112_p2 SOURCE /home/x_thileeb/repos/ops-hls-pact25-artifact/OPS/ops/hls/include/device/../../L1/include/ops_hls_datamover.hpp:588 VARIABLE index_3 LOOP VITIS_LOOP_580_2 BUNDLEDNAME {} DSP 0 BRAM 0 URAM 0 DISPNAME {bind_op add}}} AREA {DSP 0 BRAM 0 URAM 0}} stream2mem_512u_32u_2u_s {BINDINFO {{BINDTYPE op ID {} IMPL fabric LATENCY 0 OPTYPE sub PRAGMA {} RTLNAME burst_beats_fu_134_p2 SOURCE /home/x_thileeb/repos/ops-hls-pact25-artifact/OPS/ops/hls/include/device/../../L1/include/ops_hls_datamover.hpp:554 VARIABLE burst_beats LOOP {} BUNDLEDNAME {} DSP 0 BRAM 0 URAM 0 DISPNAME {bind_op sub}} {BINDTYPE op ID {} IMPL fabric LATENCY 0 OPTYPE add PRAGMA {} RTLNAME add_ln580_fu_206_p2 SOURCE /home/x_thileeb/repos/ops-hls-pact25-artifact/OPS/ops/hls/include/device/../../L1/include/ops_hls_datamover.hpp:580 VARIABLE add_ln580 LOOP {} BUNDLEDNAME {} DSP 0 BRAM 0 URAM 0 DISPNAME {bind_op add}} {BINDTYPE op ID {} IMPL fabric LATENCY 0 OPTYPE add PRAGMA {} RTLNAME add_ln580_1_fu_175_p2 SOURCE /home/x_thileeb/repos/ops-hls-pact25-artifact/OPS/ops/hls/include/device/../../L1/include/ops_hls_datamover.hpp:580 VARIABLE add_ln580_1 LOOP {} BUNDLEDNAME {} DSP 0 BRAM 0 URAM 0 DISPNAME {bind_op add}} {BINDTYPE op ID {} IMPL fabric LATENCY 0 OPTYPE add PRAGMA {} RTLNAME add_ln580_2_fu_191_p2 SOURCE /home/x_thileeb/repos/ops-hls-pact25-artifact/OPS/ops/hls/include/device/../../L1/include/ops_hls_datamover.hpp:580 VARIABLE add_ln580_2 LOOP {} BUNDLEDNAME {} DSP 0 BRAM 0 URAM 0 DISPNAME {bind_op add}}} AREA {DSP 0 BRAM 0 URAM 0}} datamover_outerloop_0_dataflow_read_write_dataflow_region {BINDINFO {{BINDTYPE storage ID {} IMPL srl LATENCY 0 OPTYPE fifo PRAGMA {} RTLNAME arg1_c_U SOURCE /home/x_thileeb/repos/ops-hls-pact25-artifact/codegen_apps/jacobian3d/vck5000_project/hls/device/src/datamover_outerloop_0.cpp:40 VARIABLE arg1_c LOOP {} BUNDLEDNAME {} DSP 0 BRAM 0 URAM 0 DISPNAME {bind_storage fifo}} {BINDTYPE storage ID {} IMPL srl LATENCY 0 OPTYPE fifo PRAGMA {} RTLNAME p_read_c16_U SOURCE /home/x_thileeb/repos/ops-hls-pact25-artifact/codegen_apps/jacobian3d/vck5000_project/hls/device/src/datamover_outerloop_0.cpp:40 VARIABLE p_read_c16 LOOP {} BUNDLEDNAME {} DSP 0 BRAM 0 URAM 0 DISPNAME {bind_storage fifo}} {BINDTYPE storage ID {} IMPL srl LATENCY 0 OPTYPE fifo PRAGMA {} RTLNAME p_read_c15_U SOURCE /home/x_thileeb/repos/ops-hls-pact25-artifact/codegen_apps/jacobian3d/vck5000_project/hls/device/src/datamover_outerloop_0.cpp:40 VARIABLE p_read_c15 LOOP {} BUNDLEDNAME {} DSP 0 BRAM 0 URAM 0 DISPNAME {bind_storage fifo}} {BINDTYPE storage ID {} IMPL srl LATENCY 0 OPTYPE fifo PRAGMA {} RTLNAME p_read_c_U SOURCE /home/x_thileeb/repos/ops-hls-pact25-artifact/codegen_apps/jacobian3d/vck5000_project/hls/device/src/datamover_outerloop_0.cpp:40 VARIABLE p_read_c LOOP {} BUNDLEDNAME {} DSP 0 BRAM 0 URAM 0 DISPNAME {bind_storage fifo}} {BINDTYPE storage ID {} IMPL srl LATENCY 0 OPTYPE fifo PRAGMA {} RTLNAME num_pkts_c_U SOURCE /home/x_thileeb/repos/ops-hls-pact25-artifact/codegen_apps/jacobian3d/vck5000_project/hls/device/src/datamover_outerloop_0.cpp:40 VARIABLE num_pkts_c LOOP {} BUNDLEDNAME {} DSP 0 BRAM 0 URAM 0 DISPNAME {bind_storage fifo}}} AREA {DSP 0 BRAM 0 URAM 0}} datamover_outerloop_0 {BINDINFO {{BINDTYPE op ID {} IMPL fabric LATENCY 0 OPTYPE add PRAGMA {} RTLNAME add_ln2576_fu_258_p2 SOURCE /home/x_thileeb/repos/ops-hls-pact25-artifact/OPS/ops/hls/include/device/../../L1/include/ops_hls_datamover.hpp:2576 VARIABLE add_ln2576 LOOP {} BUNDLEDNAME {} DSP 0 BRAM 0 URAM 0 DISPNAME {bind_op add}} {BINDTYPE op ID {} IMPL fabric LATENCY 0 OPTYPE sub PRAGMA {} RTLNAME num_xblocks_fu_296_p2 SOURCE /home/x_thileeb/repos/ops-hls-pact25-artifact/OPS/ops/hls/include/device/../../L1/include/ops_hls_datamover.hpp:2578 VARIABLE num_xblocks LOOP {} BUNDLEDNAME {} DSP 0 BRAM 0 URAM 0 DISPNAME {bind_op sub}} {BINDTYPE op ID {} IMPL fabric LATENCY 0 OPTYPE sub PRAGMA {} RTLNAME diff_y_fu_320_p2 SOURCE /home/x_thileeb/repos/ops-hls-pact25-artifact/OPS/ops/hls/include/device/../../L1/include/ops_hls_datamover.hpp:2595 VARIABLE diff_y LOOP {} BUNDLEDNAME {} DSP 0 BRAM 0 URAM 0 DISPNAME {bind_op sub}} {BINDTYPE op ID {} IMPL fabric LATENCY 0 OPTYPE sub PRAGMA {} RTLNAME diff_z_fu_310_p2 SOURCE /home/x_thileeb/repos/ops-hls-pact25-artifact/OPS/ops/hls/include/device/../../L1/include/ops_hls_datamover.hpp:2608 VARIABLE diff_z LOOP {} BUNDLEDNAME {} DSP 0 BRAM 0 URAM 0 DISPNAME {bind_op sub}} {BINDTYPE op ID {} IMPL dsp48 LATENCY 3 OPTYPE mul PRAGMA {} RTLNAME mul_mul_16ns_16ns_32_4_1_U95 SOURCE /home/x_thileeb/repos/ops-hls-pact25-artifact/OPS/ops/hls/include/device/../../L1/include/ops_hls_datamover.hpp:2620 VARIABLE mul_ln2620 LOOP {} BUNDLEDNAME {} DSP 1 BRAM 0 URAM 0 DISPNAME {bind_op mul}} {BINDTYPE op ID {} IMPL auto LATENCY 2 OPTYPE mul PRAGMA {} RTLNAME mul_32s_16ns_32_3_1_U94 SOURCE /home/x_thileeb/repos/ops-hls-pact25-artifact/OPS/ops/hls/include/device/../../L1/include/ops_hls_datamover.hpp:2620 VARIABLE config_total_xblocks LOOP {} BUNDLEDNAME {} DSP 2 BRAM 0 URAM 0 DISPNAME {bind_op mul}} {BINDTYPE op ID {} IMPL fabric LATENCY 0 OPTYPE add PRAGMA {} RTLNAME i_2_fu_353_p2 SOURCE /home/x_thileeb/repos/ops-hls-pact25-artifact/codegen_apps/jacobian3d/vck5000_project/hls/device/src/datamover_outerloop_0.cpp:76 VARIABLE i_2 LOOP VITIS_LOOP_76_1 BUNDLEDNAME {} DSP 0 BRAM 0 URAM 0 DISPNAME {bind_op add}}} AREA {DSP 3 BRAM 0 URAM 0}} entry_proc {AREA {DSP 0 BRAM 0 URAM 0}} stream2streamStepdown_512u_256u_s {AREA {DSP 0 BRAM 0 URAM 0}} stream2axis_256u_s {AREA {DSP 0 BRAM 0 URAM 0}} stream2streamStepup_256u_512u_s {AREA {DSP 0 BRAM 0 URAM 0}}}}'
INFO-FLOW: DBG:PUTS:      update_csynth_reports json2rpt_hw_sw_interfaces
Execute         send_msg_by_id INFO @200-1603@%s  and missed bursts 
INFO: [HLS 200-1603] Design has inferred MAXI bursts and missed bursts, see Vitis HLS GUI synthesis summary report for detailed information.
INFO-FLOW: Running: gen_csynth_sec_pragma
INFO-FLOW: Done: gen_csynth_sec_pragma time: 0.1 seconds per iteration
INFO-FLOW: DBG:PUTS:      update_csynth_reports wrote xml
INFO-FLOW: DBG:PUTS:      update_csynth_reports appended to csynth rpt file
INFO: [HLS 200-111] Finished Updating report files: CPU user time: 1.73 seconds. CPU system time: 0.1 seconds. Elapsed time: 1.88 seconds; current allocated memory: 1.083 GB.
INFO: [VHDL 208-304] Generating VHDL RTL for datamover_outerloop_0.
INFO: [VLOG 209-307] Generating Verilog RTL for datamover_outerloop_0.
Execute         syn_report -model datamover_outerloop_0 -printsummary 
INFO: [HLS 200-790] **** Loop Constraint Status: All loop constraints were satisfied.
INFO: [HLS 200-789] **** Estimated Fmax: 411.00 MHz
Command       autosyn done; 18.3 sec.
Command     csynth_design done; 42.52 sec.
INFO: [HLS 200-111] Finished Command csynth_design CPU user time: 35.88 seconds. CPU system time: 4.61 seconds. Elapsed time: 42.52 seconds; current allocated memory: -383.699 MB.
Execute     export_design 
INFO: [HLS 200-1510] Running: export_design 
Execute       get_config_export -description 
Execute       get_config_export -display_name 
Execute       get_config_export -format 
Execute       get_config_export -ipname 
Execute       get_config_export -library 
Execute       get_config_export -output 
Execute       get_config_export -rtl 
Execute       get_config_export -taxonomy 
Execute       get_config_export -vendor 
Execute       get_config_export -version 
Execute       get_config_export -xo 
INFO-FLOW: DBG:PUTS: export_design_wrap: -format xo -rtl verilog -ipname datamover_outerloop_0
Execute       source /home/x_thileeb/repos/ops-hls-pact25-artifact/codegen_apps/jacobian3d/vck5000_project/hls/build/hw/temp_dir/datamover_outerloop_0/datamover_outerloop_0/datamover_outerloop_0/solution/.autopilot/db/global.setting.tcl 
Execute       get_config_export -vivado_clock 
Execute       get_top 
Execute       get_config_export -ipname 
Execute       get_config_export -xo 
Execute       get_config_export -format 
Execute       get_solution -flow_target 
INFO-FLOW: DBG:PUTS:   auto_impl: pack: -export -rtl verilog
INFO-FLOW: DBG:PROC: ::AESL_AUTOIMPL::auto_impl args='-export -rtl verilog'
Execute       source /home/x_thileeb/repos/ops-hls-pact25-artifact/codegen_apps/jacobian3d/vck5000_project/hls/build/hw/temp_dir/datamover_outerloop_0/datamover_outerloop_0/datamover_outerloop_0/solution/.autopilot/db/global.setting.tcl 
INFO: [IMPL 213-8] Exporting RTL as a Vivado IP.
Execute       source /home/x_thileeb/repos/ops-hls-pact25-artifact/codegen_apps/jacobian3d/vck5000_project/hls/build/hw/temp_dir/datamover_outerloop_0/datamover_outerloop_0/datamover_outerloop_0/solution/.autopilot/db/global.setting.tcl 
INFO-FLOW: DBG:PUTS: automg_wrap -export -pcore_version 1.00.a -rtl vlog -tool Vivado -impltomg_flag
INFO-FLOW: DBG:PROC: ::AESL_AUTOMG::auto_generate args='-export -pcore_version 1.00.a -rtl vlog -tool Vivado -impltomg_flag'
INFO-FLOW: DBG:PUTS:     auto_generate -export -pcore_version 1.00.a -rtl vlog -tool Vivado -impltomg_flag
Execute       get_config_export -xo 
Execute       get_config_export -format 
Execute       get_config_export -ip_xdc_file 
Execute       get_config_export -ip_xdc_ooc_file 
Execute       source /home/x_thileeb/repos/ops-hls-pact25-artifact/codegen_apps/jacobian3d/vck5000_project/hls/build/hw/temp_dir/datamover_outerloop_0/datamover_outerloop_0/datamover_outerloop_0/solution/.autopilot/db/global.setting.tcl 
INFO-FLOW: DBG:PUTS: read_platform_lib /home/x_thileeb/repos/ops-hls-pact25-artifact/codegen_apps/jacobian3d/vck5000_project/hls/build/hw/temp_dir/datamover_outerloop_0/datamover_outerloop_0/datamover_outerloop_0/solution/.autopilot/db/global.setting.tcl
Execute       source /tools/Xilinx/Vitis_HLS/2022.1/common/technology/generic/autopilot/common.gen 
Execute         source /tools/Xilinx/Vitis_HLS/2022.1/common/technology/generic/autopilot/APCoreGen.gen 
Execute       source /tools/Xilinx/Vitis_HLS/2022.1/common/technology/generic/autopilot/op.gen 
Execute       source /tools/Xilinx/Vitis_HLS/2022.1/common/technology/generic/autopilot/op_simcore.gen 
Execute       source /tools/Xilinx/Vitis_HLS/2022.1/common/technology/generic/autopilot/interface.gen 
Execute       source /home/x_thileeb/repos/ops-hls-pact25-artifact/codegen_apps/jacobian3d/vck5000_project/hls/build/hw/temp_dir/datamover_outerloop_0/datamover_outerloop_0/datamover_outerloop_0/solution/.autopilot/db/global.setting.tcl 
Execute       ap_family_info -name versalprimees1 -data parts 
Execute       source /tools/Xilinx/Vitis_HLS/2022.1/common/technology/xilinx/common/xilinx.gen 
Execute         source /tools/Xilinx/Vitis_HLS/2022.1/common/technology/xilinx/interface/plb46.gen 
Execute         source /tools/Xilinx/Vitis_HLS/2022.1/common/technology/xilinx/interface/axi4.gen 
Execute         source /tools/Xilinx/Vitis_HLS/2022.1/common/technology/xilinx/interface/nativeAXI4.gen 
Execute           source /tools/Xilinx/Vitis_HLS/2022.1/common/technology/xilinx/interface/saxilite.gen 
Execute         source /tools/Xilinx/Vitis_HLS/2022.1/common/technology/xilinx/scripts/xilinxcoregen.gen 
Execute         source /tools/Xilinx/Vitis_HLS/2022.1/common/technology/xilinx/interface/XilEDKCoreGen.gen 
Execute         source /tools/Xilinx/Vitis_HLS/2022.1/common/technology/xilinx/ip/dds_compiler.gen 
Execute         source /tools/Xilinx/Vitis_HLS/2022.1/common/technology/xilinx/ip/xfft.gen 
Command         ap_source done; 0.11 sec.
Execute         source /tools/Xilinx/Vitis_HLS/2022.1/common/technology/xilinx/ip/xfir.gen 
Execute         source /tools/Xilinx/Vitis_HLS/2022.1/common/technology/xilinx/ip/util.gen 
Execute         source /tools/Xilinx/Vitis_HLS/2022.1/common/technology/xilinx/DSP48/dsp48.gen 
Command       ap_source done; 0.15 sec.
INFO-FLOW: DBG:PUTS:       initCTypeInfo top_module=datamover_outerloop_0 xml_exists=0
Execute       source /home/x_thileeb/repos/ops-hls-pact25-artifact/codegen_apps/jacobian3d/vck5000_project/hls/build/hw/temp_dir/datamover_outerloop_0/datamover_outerloop_0/datamover_outerloop_0/solution/.autopilot/db/datamover_outerloop_0.rtl_wrap.cfg.tcl 
Execute       source /home/x_thileeb/repos/ops-hls-pact25-artifact/codegen_apps/jacobian3d/vck5000_project/hls/build/hw/temp_dir/datamover_outerloop_0/datamover_outerloop_0/datamover_outerloop_0/solution/.autopilot/db/datamover_outerloop_0.rtl_wrap.cfg.tcl 
Execute       source /home/x_thileeb/repos/ops-hls-pact25-artifact/codegen_apps/jacobian3d/vck5000_project/hls/build/hw/temp_dir/datamover_outerloop_0/datamover_outerloop_0/datamover_outerloop_0/solution/.autopilot/db/datamover_outerloop_0.rtl_wrap.cfg.tcl 
Execute       source /home/x_thileeb/repos/ops-hls-pact25-artifact/codegen_apps/jacobian3d/vck5000_project/hls/build/hw/temp_dir/datamover_outerloop_0/datamover_outerloop_0/datamover_outerloop_0/solution/.autopilot/db/datamover_outerloop_0.tbgen.tcl 
Execute       source /home/x_thileeb/repos/ops-hls-pact25-artifact/codegen_apps/jacobian3d/vck5000_project/hls/build/hw/temp_dir/datamover_outerloop_0/datamover_outerloop_0/datamover_outerloop_0/solution/.autopilot/db/datamover_outerloop_0.tbgen.tcl 
Execute       get_config_rtl -deadlock_detection 
Execute       source /home/x_thileeb/repos/ops-hls-pact25-artifact/codegen_apps/jacobian3d/vck5000_project/hls/build/hw/temp_dir/datamover_outerloop_0/datamover_outerloop_0/datamover_outerloop_0/solution/.autopilot/db/global.setting.tcl 
Execute       source /home/x_thileeb/repos/ops-hls-pact25-artifact/codegen_apps/jacobian3d/vck5000_project/hls/build/hw/temp_dir/datamover_outerloop_0/datamover_outerloop_0/datamover_outerloop_0/solution/.autopilot/db/datamover_outerloop_0.tbgen.tcl 
Execute       get_config_rtl -deadlock_detection 
Execute       get_config_rtl -deadlock_detection 
Execute       get_config_rtl -module_prefix 
INFO-FLOW: DBG:PUTS:       cosim_export_main adding deadlock detection to datamover_outerloop_0
Execute       get_config_rtl -deadlock_detection 
Execute       get_solution -flow_target 
INFO-FLOW: DBG:PUTS:       kernel.xml check internal_kernel_xml(1)=/home/x_thileeb/repos/ops-hls-pact25-artifact/codegen_apps/jacobian3d/vck5000_project/hls/build/hw/temp_dir/datamover_outerloop_0/datamover_outerloop_0/datamover_outerloop_0/solution/.autopilot/db/kernel.internal.xml top=datamover_outerloop_0
INFO-FLOW: DBG:PUTS:       kernel.xml check proj_kernel_xml    (1)=/home/x_thileeb/repos/ops-hls-pact25-artifact/codegen_apps/jacobian3d/vck5000_project/hls/build/hw/temp_dir/datamover_outerloop_0/datamover_outerloop_0/datamover_outerloop_0/solution/.autopilot/db/../../../kernel.xml
INFO-FLOW: DBG:PUTS:       copy internal kernel.xml to project: /home/x_thileeb/repos/ops-hls-pact25-artifact/codegen_apps/jacobian3d/vck5000_project/hls/build/hw/temp_dir/datamover_outerloop_0/datamover_outerloop_0/datamover_outerloop_0/solution/.autopilot/db/../../../kernel.xml
INFO-FLOW: DBG:PUTS:       update_final_kernel_xml /home/x_thileeb/repos/ops-hls-pact25-artifact/codegen_apps/jacobian3d/vck5000_project/hls/build/hw/temp_dir/datamover_outerloop_0/datamover_outerloop_0/datamover_outerloop_0/solution/.autopilot/db/../../../kernel.xml
Execute       get_config_debug -enable 
Execute       get_config_export -vendor 
Execute       get_config_export -library 
Execute       get_config_export -version 
Execute       get_config_export -ipname 
Execute       get_config_export -taxonomy 
Execute       get_config_export -description 
Execute       get_config_export -display_name 
Execute       get_config_interface -s_axilite_sw_reset 
Execute       get_config_interface -s_axilite_mailbox 
Execute       get_config_interface -s_axilite_auto_restart_counter 
Execute       get_config_export -deadlock_detection 
INFO-FLOW: DBG:PUTS: Updating /home/x_thileeb/repos/ops-hls-pact25-artifact/codegen_apps/jacobian3d/vck5000_project/hls/build/hw/temp_dir/datamover_outerloop_0/datamover_outerloop_0/datamover_outerloop_0/solution/.autopilot/db/../../../kernel.xml with values: interrupt true debug false compileOptions {-I /home/x_thileeb/repos/ops-hls-pact25-artifact/OPS/ops/hls/include/device -I /home/x_thileeb/repos/ops-hls-pact25-artifact/OPS/ops/hls/L1/include -I /home/x_thileeb/repos/ops-hls-pact25-artifact/codegen_apps/jacobian3d/vck5000_project/hls/device/include} name datamover_outerloop_0 vlnv xilinx.com:hls:datamover_outerloop_0:1.0 swReset false mailbox none countedAutoRestart 0 deadlockDetection local
INFO-FLOW: DBG:PUTS: Skipping loadAnalyze_DB, #g_database=23
INFO-FLOW: DBG:PUTS:       generate_json generate_bd_files=0 generate_xo_files=true #modelList=51 #gSsdmPorts=0
INFO-FLOW: DBG:PROC: ::AP::DESIGN_DATA::generate_json generate_bd_files='0' generate_xo_files='true' modelList='datamover_outerloop_0_flow_control_loop_pipe_sequential_init
datamover_outerloop_0_flow_control_loop_pipe_sequential_init
datamover_outerloop_0_lshr_512ns_10ns_512_2_1
datamover_outerloop_0_flow_control_loop_pipe_sequential_init
datamover_outerloop_0_flow_control_loop_pipe_sequential_init
datamover_outerloop_0_flow_control_loop_pipe
datamover_outerloop_0_flow_control_loop_pipe_sequential_init
datamover_outerloop_0_flow_control_loop_pipe_sequential_init
datamover_outerloop_0_flow_control_loop_pipe_sequential_init
datamover_outerloop_0_fifo_w32_d4_S
datamover_outerloop_0_fifo_w32_d3_S
datamover_outerloop_0_fifo_w64_d4_S
datamover_outerloop_0_fifo_w32_d2_S
datamover_outerloop_0_fifo_w512_d2_S
datamover_outerloop_0_fifo_w256_d2_S
datamover_outerloop_0_fifo_w256_d2_S
datamover_outerloop_0_fifo_w32_d2_S
datamover_outerloop_0_fifo_w512_d2_S
datamover_outerloop_0_start_for_stream2axis_256u_U0
datamover_outerloop_0_start_for_stream2streamStepup_256u_512u_U0
datamover_outerloop_0_start_for_stream2mem_512u_32u_2u_U0
datamover_outerloop_0_start_for_stream2streamStepdown_512u_256u_U0
datamover_outerloop_0_mul_32s_16ns_32_3_1
datamover_outerloop_0_mul_mul_16ns_16ns_32_4_1
datamover_outerloop_0_gmem0_m_axi
datamover_outerloop_0_gmem1_m_axi
datamover_outerloop_0_control_s_axi
datamover_outerloop_0_regslice_both
datamover_outerloop_0_regslice_both
datamover_outerloop_0_regslice_both
datamover_outerloop_0_regslice_both
datamover_outerloop_0_regslice_both
datamover_outerloop_0_regslice_both
datamover_outerloop_0_regslice_both
datamover_outerloop_0_regslice_both
entry_proc
mem2stream_512u_32u_2u_Pipeline_VITIS_LOOP_431_1
mem2stream_512u_32u_2u_Pipeline_VITIS_LOOP_453_2
mem2stream_512u_32u_2u_s
stream2streamStepdown_512u_256u_Pipeline_VITIS_LOOP_893_1_VITIS_LOOP_895_2
stream2streamStepdown_512u_256u_s
stream2axis_256u_Pipeline_VITIS_LOOP_956_1
stream2axis_256u_s
axis2stream_256u_s
stream2streamStepup_256u_512u_Pipeline_VITIS_LOOP_809_1_VITIS_LOOP_811_2
stream2streamStepup_256u_512u_s
stream2mem_512u_32u_2u_Pipeline_VITIS_LOOP_567_1
stream2mem_512u_32u_2u_Pipeline_VITIS_LOOP_580_2
stream2mem_512u_32u_2u_s
datamover_outerloop_0_dataflow_read_write_dataflow_region
datamover_outerloop_0
' rtl_lang='vlog' bootstrap_tcl='false' outdir='' outfilename=''
Execute       source /home/x_thileeb/repos/ops-hls-pact25-artifact/codegen_apps/jacobian3d/vck5000_project/hls/build/hw/temp_dir/datamover_outerloop_0/datamover_outerloop_0/datamover_outerloop_0/solution/.autopilot/db/global.setting.tcl 
Execute       source /home/x_thileeb/repos/ops-hls-pact25-artifact/codegen_apps/jacobian3d/vck5000_project/hls/build/hw/temp_dir/datamover_outerloop_0/datamover_outerloop_0/datamover_outerloop_0/solution/.autopilot/db/global.setting.tcl 
Execute       get_solution -flow_target 
Execute       source /home/x_thileeb/repos/ops-hls-pact25-artifact/codegen_apps/jacobian3d/vck5000_project/hls/build/hw/temp_dir/datamover_outerloop_0/datamover_outerloop_0/datamover_outerloop_0/solution/.autopilot/db/top-io-be.tcl 
Execute       source /home/x_thileeb/repos/ops-hls-pact25-artifact/codegen_apps/jacobian3d/vck5000_project/hls/build/hw/temp_dir/datamover_outerloop_0/datamover_outerloop_0/datamover_outerloop_0/solution/.autopilot/db/datamover_outerloop_0.tbgen.tcl 
Execute       source /home/x_thileeb/repos/ops-hls-pact25-artifact/codegen_apps/jacobian3d/vck5000_project/hls/build/hw/temp_dir/datamover_outerloop_0/datamover_outerloop_0/datamover_outerloop_0/solution/.autopilot/db/datamover_outerloop_0.compgen.dataonly.tcl 
Execute       get_config_interface -s_axilite_interrupt_mode 
Execute       source /home/x_thileeb/repos/ops-hls-pact25-artifact/codegen_apps/jacobian3d/vck5000_project/hls/build/hw/temp_dir/datamover_outerloop_0/datamover_outerloop_0/datamover_outerloop_0/solution/.autopilot/db/datamover_outerloop_0.compgen.dataonly.tcl 
Execute       source /home/x_thileeb/repos/ops-hls-pact25-artifact/codegen_apps/jacobian3d/vck5000_project/hls/build/hw/temp_dir/datamover_outerloop_0/datamover_outerloop_0/datamover_outerloop_0/solution/.autopilot/db/datamover_outerloop_0.rtl_wrap.cfg.tcl 
Execute       source /home/x_thileeb/repos/ops-hls-pact25-artifact/codegen_apps/jacobian3d/vck5000_project/hls/build/hw/temp_dir/datamover_outerloop_0/datamover_outerloop_0/datamover_outerloop_0/solution/.autopilot/db/datamover_outerloop_0.compgen.dataonly.tcl 
Execute       get_config_export -format 
Execute       get_config_export -output 
Execute       get_config_export -vendor 
Execute       get_config_export -library 
Execute       get_config_export -version 
Execute       get_config_export -ipname 
Execute       get_config_export -taxonomy 
Execute       get_config_export -description 
Execute       get_config_export -display_name 
Execute       source /home/x_thileeb/repos/ops-hls-pact25-artifact/codegen_apps/jacobian3d/vck5000_project/hls/build/hw/temp_dir/datamover_outerloop_0/datamover_outerloop_0/datamover_outerloop_0/solution/.autopilot/db/entry_proc.tbgen.tcl 
Execute       source /home/x_thileeb/repos/ops-hls-pact25-artifact/codegen_apps/jacobian3d/vck5000_project/hls/build/hw/temp_dir/datamover_outerloop_0/datamover_outerloop_0/datamover_outerloop_0/solution/.autopilot/db/mem2stream_512u_32u_2u_Pipeline_VITIS_LOOP_431_1.tbgen.tcl 
Execute       source /home/x_thileeb/repos/ops-hls-pact25-artifact/codegen_apps/jacobian3d/vck5000_project/hls/build/hw/temp_dir/datamover_outerloop_0/datamover_outerloop_0/datamover_outerloop_0/solution/.autopilot/db/mem2stream_512u_32u_2u_Pipeline_VITIS_LOOP_453_2.tbgen.tcl 
Execute       source /home/x_thileeb/repos/ops-hls-pact25-artifact/codegen_apps/jacobian3d/vck5000_project/hls/build/hw/temp_dir/datamover_outerloop_0/datamover_outerloop_0/datamover_outerloop_0/solution/.autopilot/db/mem2stream_512u_32u_2u_s.tbgen.tcl 
Execute       source /home/x_thileeb/repos/ops-hls-pact25-artifact/codegen_apps/jacobian3d/vck5000_project/hls/build/hw/temp_dir/datamover_outerloop_0/datamover_outerloop_0/datamover_outerloop_0/solution/.autopilot/db/stream2streamStepdown_512u_256u_Pipeline_VITIS_LOOP_893_1_VITIS_LOOP_895_2.tbgen.tcl 
Execute       source /home/x_thileeb/repos/ops-hls-pact25-artifact/codegen_apps/jacobian3d/vck5000_project/hls/build/hw/temp_dir/datamover_outerloop_0/datamover_outerloop_0/datamover_outerloop_0/solution/.autopilot/db/stream2streamStepdown_512u_256u_s.tbgen.tcl 
Execute       source /home/x_thileeb/repos/ops-hls-pact25-artifact/codegen_apps/jacobian3d/vck5000_project/hls/build/hw/temp_dir/datamover_outerloop_0/datamover_outerloop_0/datamover_outerloop_0/solution/.autopilot/db/stream2axis_256u_Pipeline_VITIS_LOOP_956_1.tbgen.tcl 
Execute       source /home/x_thileeb/repos/ops-hls-pact25-artifact/codegen_apps/jacobian3d/vck5000_project/hls/build/hw/temp_dir/datamover_outerloop_0/datamover_outerloop_0/datamover_outerloop_0/solution/.autopilot/db/stream2axis_256u_s.tbgen.tcl 
Execute       source /home/x_thileeb/repos/ops-hls-pact25-artifact/codegen_apps/jacobian3d/vck5000_project/hls/build/hw/temp_dir/datamover_outerloop_0/datamover_outerloop_0/datamover_outerloop_0/solution/.autopilot/db/axis2stream_256u_s.tbgen.tcl 
Execute       source /home/x_thileeb/repos/ops-hls-pact25-artifact/codegen_apps/jacobian3d/vck5000_project/hls/build/hw/temp_dir/datamover_outerloop_0/datamover_outerloop_0/datamover_outerloop_0/solution/.autopilot/db/stream2streamStepup_256u_512u_Pipeline_VITIS_LOOP_809_1_VITIS_LOOP_811_2.tbgen.tcl 
Execute       source /home/x_thileeb/repos/ops-hls-pact25-artifact/codegen_apps/jacobian3d/vck5000_project/hls/build/hw/temp_dir/datamover_outerloop_0/datamover_outerloop_0/datamover_outerloop_0/solution/.autopilot/db/stream2streamStepup_256u_512u_s.tbgen.tcl 
Execute       source /home/x_thileeb/repos/ops-hls-pact25-artifact/codegen_apps/jacobian3d/vck5000_project/hls/build/hw/temp_dir/datamover_outerloop_0/datamover_outerloop_0/datamover_outerloop_0/solution/.autopilot/db/stream2mem_512u_32u_2u_Pipeline_VITIS_LOOP_567_1.tbgen.tcl 
Execute       source /home/x_thileeb/repos/ops-hls-pact25-artifact/codegen_apps/jacobian3d/vck5000_project/hls/build/hw/temp_dir/datamover_outerloop_0/datamover_outerloop_0/datamover_outerloop_0/solution/.autopilot/db/stream2mem_512u_32u_2u_Pipeline_VITIS_LOOP_580_2.tbgen.tcl 
Execute       source /home/x_thileeb/repos/ops-hls-pact25-artifact/codegen_apps/jacobian3d/vck5000_project/hls/build/hw/temp_dir/datamover_outerloop_0/datamover_outerloop_0/datamover_outerloop_0/solution/.autopilot/db/stream2mem_512u_32u_2u_s.tbgen.tcl 
Execute       source /home/x_thileeb/repos/ops-hls-pact25-artifact/codegen_apps/jacobian3d/vck5000_project/hls/build/hw/temp_dir/datamover_outerloop_0/datamover_outerloop_0/datamover_outerloop_0/solution/.autopilot/db/datamover_outerloop_0_dataflow_read_write_dataflow_region.tbgen.tcl 
Execute       source /home/x_thileeb/repos/ops-hls-pact25-artifact/codegen_apps/jacobian3d/vck5000_project/hls/build/hw/temp_dir/datamover_outerloop_0/datamover_outerloop_0/datamover_outerloop_0/solution/.autopilot/db/datamover_outerloop_0.tbgen.tcl 
Execute       source /home/x_thileeb/repos/ops-hls-pact25-artifact/codegen_apps/jacobian3d/vck5000_project/hls/build/hw/temp_dir/datamover_outerloop_0/datamover_outerloop_0/datamover_outerloop_0/solution/.autopilot/db/global.setting.tcl 
Execute       ap_part_info -name xcvc1902-vsvd1760-2MP-e-S -data names -quiet 
Execute       ap_part_info -name xcvc1902-vsvd1760-2MP-e-S -data info -quiet 
Execute       get_solution -flow_target 
Execute       get_config_rtl -kernel_profile 
Execute       get_config_rtl -kernel_profile 
Execute       get_config_rtl -stall_sig_gen 
Execute       get_config_rtl -profile 
Execute       source /home/x_thileeb/repos/ops-hls-pact25-artifact/codegen_apps/jacobian3d/vck5000_project/hls/build/hw/temp_dir/datamover_outerloop_0/datamover_outerloop_0/datamover_outerloop_0/solution/.autopilot/db/datamover_outerloop_0.constraint.tcl 
Execute       sc_get_clocks datamover_outerloop_0 
Execute       source /home/x_thileeb/repos/ops-hls-pact25-artifact/codegen_apps/jacobian3d/vck5000_project/hls/build/hw/temp_dir/datamover_outerloop_0/datamover_outerloop_0/datamover_outerloop_0/solution/.autopilot/db/global.setting.tcl 
Execute       get_config_export -ip_xdc_file 
Execute       get_config_export -ip_xdc_ooc_file 
Execute       get_config_debug -directory 
Execute       get_config_rtl -deadlock_detection 
Execute       source /home/x_thileeb/repos/ops-hls-pact25-artifact/codegen_apps/jacobian3d/vck5000_project/hls/build/hw/temp_dir/datamover_outerloop_0/datamover_outerloop_0/datamover_outerloop_0/solution/.autopilot/db/global.setting.tcl 
Execute       source /home/x_thileeb/repos/ops-hls-pact25-artifact/codegen_apps/jacobian3d/vck5000_project/hls/build/hw/temp_dir/datamover_outerloop_0/datamover_outerloop_0/datamover_outerloop_0/solution/.autopilot/db/datamover_outerloop_0.tbgen.tcl 
Execute       get_config_rtl -deadlock_detection 
Execute       get_config_rtl -deadlock_detection 
Execute       get_config_rtl -module_prefix 
INFO-FLOW: DBG:PUTS:       cosim_export_main adding deadlock detection to datamover_outerloop_0
Execute       get_config_rtl -deadlock_detection 
INFO-FLOW: DBG:PUTS:       copy ip_driver_dir 1_0 /home/x_thileeb/repos/ops-hls-pact25-artifact/codegen_apps/jacobian3d/vck5000_project/hls/build/hw/temp_dir/datamover_outerloop_0/datamover_outerloop_0/datamover_outerloop_0/solution/.autopilot/db/driver
Execute       get_config_export -format 
Execute       get_config_export -output 
INFO-FLOW: DBG:PUTS:       generate_ip_script #gSsdmPorts=0 g_lang=vlog is_sdaccel=true is_sdsoc=true xo_file=/home/x_thileeb/repos/ops-hls-pact25-artifact/codegen_apps/jacobian3d/vck5000_project/hls/build/hw/temp_dir/datamover_outerloop_0/datamover_outerloop_0/datamover_outerloop_0/solution/impl/export.xo
Execute       ap_part_info -name xcvc1902-vsvd1760-2MP-e-S -data names -quiet 
Execute       ap_part_info -name xcvc1902-vsvd1760-2MP-e-S -data info -quiet 
Execute       ap_part_info -name xcvc1902-vsvd1760-2MP-e-S -data names -quiet 
Execute       ap_part_info -name xcvc1902-vsvd1760-2MP-e-S -data info -quiet 
Execute       source /home/x_thileeb/repos/ops-hls-pact25-artifact/codegen_apps/jacobian3d/vck5000_project/hls/build/hw/temp_dir/datamover_outerloop_0/datamover_outerloop_0/datamover_outerloop_0/solution/.autopilot/db/global.setting.tcl 
Execute       source /home/x_thileeb/repos/ops-hls-pact25-artifact/codegen_apps/jacobian3d/vck5000_project/hls/build/hw/temp_dir/datamover_outerloop_0/datamover_outerloop_0/datamover_outerloop_0/solution/.autopilot/db/datamover_outerloop_0.tbgen.tcl 
Execute       source /home/x_thileeb/repos/ops-hls-pact25-artifact/codegen_apps/jacobian3d/vck5000_project/hls/build/hw/temp_dir/datamover_outerloop_0/datamover_outerloop_0/datamover_outerloop_0/solution/.autopilot/db/datamover_outerloop_0.compgen.dataonly.tcl 
Execute       get_config_interface -s_axilite_interrupt_mode 
Execute       source /home/x_thileeb/repos/ops-hls-pact25-artifact/codegen_apps/jacobian3d/vck5000_project/hls/build/hw/temp_dir/datamover_outerloop_0/datamover_outerloop_0/datamover_outerloop_0/solution/.autopilot/db/datamover_outerloop_0.compgen.dataonly.tcl 
Execute       source /home/x_thileeb/repos/ops-hls-pact25-artifact/codegen_apps/jacobian3d/vck5000_project/hls/build/hw/temp_dir/datamover_outerloop_0/datamover_outerloop_0/datamover_outerloop_0/solution/.autopilot/db/datamover_outerloop_0.tbgen.tcl 
Execute       source /home/x_thileeb/repos/ops-hls-pact25-artifact/codegen_apps/jacobian3d/vck5000_project/hls/build/hw/temp_dir/datamover_outerloop_0/datamover_outerloop_0/datamover_outerloop_0/solution/.autopilot/db/datamover_outerloop_0.tbgen.tcl 
Execute       source /home/x_thileeb/repos/ops-hls-pact25-artifact/codegen_apps/jacobian3d/vck5000_project/hls/build/hw/temp_dir/datamover_outerloop_0/datamover_outerloop_0/datamover_outerloop_0/solution/.autopilot/db/datamover_outerloop_0.tbgen.tcl 
Execute       source /home/x_thileeb/repos/ops-hls-pact25-artifact/codegen_apps/jacobian3d/vck5000_project/hls/build/hw/temp_dir/datamover_outerloop_0/datamover_outerloop_0/datamover_outerloop_0/solution/.autopilot/db/datamover_outerloop_0.tbgen.tcl 
Execute       source /home/x_thileeb/repos/ops-hls-pact25-artifact/codegen_apps/jacobian3d/vck5000_project/hls/build/hw/temp_dir/datamover_outerloop_0/datamover_outerloop_0/datamover_outerloop_0/solution/.autopilot/db/global.setting.tcl 
Execute       get_config_debug -directory 
INFO-FLOW: DBG:PUTS:       generate_top_info
INFO-FLOW: DBG:PUTS:       prepArgInfo -> loadAnalyze_DB top_module=datamover_outerloop_0
Execute       source /home/x_thileeb/repos/ops-hls-pact25-artifact/codegen_apps/jacobian3d/vck5000_project/hls/build/hw/temp_dir/datamover_outerloop_0/datamover_outerloop_0/datamover_outerloop_0/solution/.autopilot/db/datamover_outerloop_0.rtl_wrap.cfg.tcl 
Execute       source /home/x_thileeb/repos/ops-hls-pact25-artifact/codegen_apps/jacobian3d/vck5000_project/hls/build/hw/temp_dir/datamover_outerloop_0/datamover_outerloop_0/datamover_outerloop_0/solution/.autopilot/db/datamover_outerloop_0.rtl_wrap.cfg.tcl 
Execute       source /home/x_thileeb/repos/ops-hls-pact25-artifact/codegen_apps/jacobian3d/vck5000_project/hls/build/hw/temp_dir/datamover_outerloop_0/datamover_outerloop_0/datamover_outerloop_0/solution/.autopilot/db/datamover_outerloop_0.rtl_wrap.cfg.tcl 
Execute       source /home/x_thileeb/repos/ops-hls-pact25-artifact/codegen_apps/jacobian3d/vck5000_project/hls/build/hw/temp_dir/datamover_outerloop_0/datamover_outerloop_0/datamover_outerloop_0/solution/.autopilot/db/datamover_outerloop_0.tbgen.tcl 
Execute       source /home/x_thileeb/repos/ops-hls-pact25-artifact/codegen_apps/jacobian3d/vck5000_project/hls/build/hw/temp_dir/datamover_outerloop_0/datamover_outerloop_0/datamover_outerloop_0/solution/.autopilot/db/datamover_outerloop_0.tbgen.tcl 
Execute       ap_part_info -name xcvc1902-vsvd1760-2MP-e-S -data names -quiet 
Execute       ap_part_info -name xcvc1902-vsvd1760-2MP-e-S -data info -quiet 
Execute       source /home/x_thileeb/repos/ops-hls-pact25-artifact/codegen_apps/jacobian3d/vck5000_project/hls/build/hw/temp_dir/datamover_outerloop_0/datamover_outerloop_0/datamover_outerloop_0/solution/.autopilot/db/global.setting.tcl 
Execute       ap_part_info -name xcvc1902-vsvd1760-2MP-e-S -data names -quiet 
Execute       ap_part_info -name xcvc1902-vsvd1760-2MP-e-S -data info -quiet 
Execute       ap_part_info -name xcvc1902-vsvd1760-2MP-e-S -data names -quiet 
Execute       ap_part_info -name xcvc1902-vsvd1760-2MP-e-S -data info -quiet 
Execute       source /home/x_thileeb/repos/ops-hls-pact25-artifact/codegen_apps/jacobian3d/vck5000_project/hls/build/hw/temp_dir/datamover_outerloop_0/datamover_outerloop_0/datamover_outerloop_0/solution/.autopilot/db/datamover_outerloop_0.tbgen.tcl 
Execute       source /home/x_thileeb/repos/ops-hls-pact25-artifact/codegen_apps/jacobian3d/vck5000_project/hls/build/hw/temp_dir/datamover_outerloop_0/datamover_outerloop_0/datamover_outerloop_0/solution/.autopilot/db/global.setting.tcl 
Execute       get_config_export -ip_xdc_ooc_file 
Execute       get_config_export -ip_xdc_file 
Execute       source /home/x_thileeb/repos/ops-hls-pact25-artifact/codegen_apps/jacobian3d/vck5000_project/hls/build/hw/temp_dir/datamover_outerloop_0/datamover_outerloop_0/datamover_outerloop_0/solution/.autopilot/db/datamover_outerloop_0.constraint.tcl 
INFO-FLOW: DBG:PUTS:       generate_ipi_example_script
Execute       ap_part_info -name xcvc1902-vsvd1760-2MP-e-S -data names -quiet 
Execute       ap_part_info -name xcvc1902-vsvd1760-2MP-e-S -data info -quiet 
Execute       ap_part_info -name xcvc1902-vsvd1760-2MP-e-S -data names -quiet 
Execute       ap_part_info -name xcvc1902-vsvd1760-2MP-e-S -data info -quiet 
INFO-FLOW: DBG:PUTS:       generate_syn_sh
Execute       ap_part_info -name xcvc1902-vsvd1760-2MP-e-S -data names -quiet 
Execute       ap_part_info -name xcvc1902-vsvd1760-2MP-e-S -data info -quiet 
Execute       source /home/x_thileeb/repos/ops-hls-pact25-artifact/codegen_apps/jacobian3d/vck5000_project/hls/build/hw/temp_dir/datamover_outerloop_0/datamover_outerloop_0/datamover_outerloop_0/solution/.autopilot/db/global.setting.tcl 
INFO-FLOW: DBG:PUTS:       generate_imp_constraints
Execute       ap_part_info -name xcvc1902-vsvd1760-2MP-e-S -data names -quiet 
Execute       ap_part_info -name xcvc1902-vsvd1760-2MP-e-S -data info -quiet 
Execute       source /home/x_thileeb/repos/ops-hls-pact25-artifact/codegen_apps/jacobian3d/vck5000_project/hls/build/hw/temp_dir/datamover_outerloop_0/datamover_outerloop_0/datamover_outerloop_0/solution/.autopilot/db/datamover_outerloop_0.constraint.tcl 
Execute       source /home/x_thileeb/repos/ops-hls-pact25-artifact/codegen_apps/jacobian3d/vck5000_project/hls/build/hw/temp_dir/datamover_outerloop_0/datamover_outerloop_0/datamover_outerloop_0/solution/.autopilot/db/datamover_outerloop_0.tbgen.tcl 
INFO-FLOW: DBG:PUTS:       delete-temp-dirs (skipped for debug)
Execute       ap_part_info -name xcvc1902-vsvd1760-2MP-e-S -data names -quiet 
Execute       ap_part_info -name xcvc1902-vsvd1760-2MP-e-S -data info -quiet 
INFO-FLOW: DBG:PUTS: read_platform_lib /home/x_thileeb/repos/ops-hls-pact25-artifact/codegen_apps/jacobian3d/vck5000_project/hls/build/hw/temp_dir/datamover_outerloop_0/datamover_outerloop_0/datamover_outerloop_0/solution/.autopilot/db/global.setting.tcl
Execute       source /tools/Xilinx/Vitis_HLS/2022.1/common/technology/generic/autopilot/common.gen 
Execute         source /tools/Xilinx/Vitis_HLS/2022.1/common/technology/generic/autopilot/APCoreGen.gen 
Execute       source /tools/Xilinx/Vitis_HLS/2022.1/common/technology/generic/autopilot/op.gen 
Execute       source /tools/Xilinx/Vitis_HLS/2022.1/common/technology/generic/autopilot/op_simcore.gen 
Execute       source /tools/Xilinx/Vitis_HLS/2022.1/common/technology/generic/autopilot/interface.gen 
Execute       source /home/x_thileeb/repos/ops-hls-pact25-artifact/codegen_apps/jacobian3d/vck5000_project/hls/build/hw/temp_dir/datamover_outerloop_0/datamover_outerloop_0/datamover_outerloop_0/solution/.autopilot/db/global.setting.tcl 
Execute       ap_family_info -name versalprimees1 -data parts 
Execute       source /tools/Xilinx/Vitis_HLS/2022.1/common/technology/xilinx/common/xilinx.gen 
Execute         source /tools/Xilinx/Vitis_HLS/2022.1/common/technology/xilinx/interface/plb46.gen 
Execute         source /tools/Xilinx/Vitis_HLS/2022.1/common/technology/xilinx/interface/axi4.gen 
Execute         source /tools/Xilinx/Vitis_HLS/2022.1/common/technology/xilinx/interface/nativeAXI4.gen 
Execute           source /tools/Xilinx/Vitis_HLS/2022.1/common/technology/xilinx/interface/saxilite.gen 
Execute         source /tools/Xilinx/Vitis_HLS/2022.1/common/technology/xilinx/scripts/xilinxcoregen.gen 
Execute         source /tools/Xilinx/Vitis_HLS/2022.1/common/technology/xilinx/interface/XilEDKCoreGen.gen 
Execute         source /tools/Xilinx/Vitis_HLS/2022.1/common/technology/xilinx/ip/dds_compiler.gen 
Execute         source /tools/Xilinx/Vitis_HLS/2022.1/common/technology/xilinx/ip/xfft.gen 
Execute         source /tools/Xilinx/Vitis_HLS/2022.1/common/technology/xilinx/ip/xfir.gen 
Execute         source /tools/Xilinx/Vitis_HLS/2022.1/common/technology/xilinx/ip/util.gen 
Execute         source /tools/Xilinx/Vitis_HLS/2022.1/common/technology/xilinx/DSP48/dsp48.gen 
INFO-FLOW: DBG:PUTS:     IP package: exec /home/x_thileeb/repos/ops-hls-pact25-artifact/codegen_apps/jacobian3d/vck5000_project/hls/build/hw/temp_dir/datamover_outerloop_0/datamover_outerloop_0/datamover_outerloop_0/solution/impl/ip/pack.sh
INFO-FLOW: DBG:PUTS:     IP package: success /home/x_thileeb/repos/ops-hls-pact25-artifact/codegen_apps/jacobian3d/vck5000_project/hls/build/hw/temp_dir/datamover_outerloop_0/datamover_outerloop_0/datamover_outerloop_0/solution/impl/ip/pack.sh
Execute       get_config_export -output 
Execute       send_msg_by_id INFO @200-802@%s datamover_outerloop_0/solution/impl/export.xo 
INFO: [HLS 200-802] Generated output file datamover_outerloop_0/solution/impl/export.xo
Command     export_design done; 30.62 sec.
INFO: [HLS 200-111] Finished Command export_design CPU user time: 18.72 seconds. CPU system time: 3.63 seconds. Elapsed time: 30.62 seconds; current allocated memory: 8.852 MB.
Execute     close_project 
INFO: [HLS 200-1510] Running: close_project 
Execute       close_solution 
Execute         cleanup_all 
Execute         cleanup_all 
