

================================================================
== Vitis HLS Report for 'mem2stream_512u_32u_2u_s'
================================================================
* Date:           Sun Jul 26 01:22:51 2026

* Version:        2022.1 (Build 3526262 on Mon Apr 18 15:47:01 MDT 2022)
* Project:        datamover_outerloop_0
* Solution:       solution (Vitis Kernel Flow Target)
* Product family: versal
* Target device:  xcvc1902-vsvd1760-2MP-e-S


================================================================
== Performance Estimates
================================================================
+ Timing: 
    * Summary: 
    +--------+---------+----------+------------+
    |  Clock |  Target | Estimated| Uncertainty|
    +--------+---------+----------+------------+
    |ap_clk  |  3.33 ns|  2.433 ns|     0.90 ns|
    +--------+---------+----------+------------+

+ Latency: 
    * Summary: 
    +---------+---------+----------+----------+-----+-----+---------+
    |  Latency (cycles) |  Latency (absolute) |  Interval | Pipeline|
    |   min   |   max   |    min   |    max   | min | max |   Type  |
    +---------+---------+----------+----------+-----+-----+---------+
    |        ?|        ?|         ?|         ?|    ?|    ?|       no|
    +---------+---------+----------+----------+-----+-----+---------+

    + Detail: 
        * Instance: 
        +-------------------------------------------------------------+--------------------------------------------------+---------+---------+----------+----------+-----+-----+---------+
        |                                                             |                                                  |  Latency (cycles) |  Latency (absolute) |  Interval | Pipeline|
        |                           Instance                          |                      Module                      |   min   |   max   |    min   |    max   | min | max |   Type  |
        +-------------------------------------------------------------+--------------------------------------------------+---------+---------+----------+----------+-----+-----+---------+
        |grp_mem2stream_512u_32u_2u_Pipeline_VITIS_LOOP_431_1_fu_112  |mem2stream_512u_32u_2u_Pipeline_VITIS_LOOP_431_1  |        ?|        ?|         ?|         ?|    ?|    ?|       no|
        |grp_mem2stream_512u_32u_2u_Pipeline_VITIS_LOOP_453_2_fu_122  |mem2stream_512u_32u_2u_Pipeline_VITIS_LOOP_453_2  |        3|       65|  9.999 ns|  0.217 us|    3|   65|       no|
        +-------------------------------------------------------------+--------------------------------------------------+---------+---------+----------+----------+-----+-----+---------+

        * Loop: 
        N/A



================================================================
== Utilization Estimates
================================================================
* Summary: 
+-----------------+---------+------+---------+--------+-----+
|       Name      | BRAM_18K|  DSP |    FF   |   LUT  | URAM|
+-----------------+---------+------+---------+--------+-----+
|DSP              |        -|     -|        -|       -|    -|
|Expression       |        -|     -|        0|     157|    -|
|FIFO             |        -|     -|        -|       -|    -|
|Instance         |        -|     -|     1100|     264|    -|
|Memory           |        -|     -|        -|       -|    -|
|Multiplexer      |        -|     -|        -|     674|    -|
|Register         |        -|     -|      379|       -|    -|
+-----------------+---------+------+---------+--------+-----+
|Total            |        0|     0|     1479|    1095|    0|
+-----------------+---------+------+---------+--------+-----+
|Available        |     1934|  1968|  1799680|  899840|  463|
+-----------------+---------+------+---------+--------+-----+
|Utilization (%)  |        0|     0|       ~0|      ~0|    0|
+-----------------+---------+------+---------+--------+-----+

+ Detail: 
    * Instance: 
    +-------------------------------------------------------------+--------------------------------------------------+---------+----+-----+-----+-----+
    |                           Instance                          |                      Module                      | BRAM_18K| DSP|  FF | LUT | URAM|
    +-------------------------------------------------------------+--------------------------------------------------+---------+----+-----+-----+-----+
    |grp_mem2stream_512u_32u_2u_Pipeline_VITIS_LOOP_431_1_fu_112  |mem2stream_512u_32u_2u_Pipeline_VITIS_LOOP_431_1  |        0|   0|  550|  132|    0|
    |grp_mem2stream_512u_32u_2u_Pipeline_VITIS_LOOP_453_2_fu_122  |mem2stream_512u_32u_2u_Pipeline_VITIS_LOOP_453_2  |        0|   0|  550|  132|    0|
    +-------------------------------------------------------------+--------------------------------------------------+---------+----+-----+-----+-----+
    |Total                                                        |                                                  |        0|   0| 1100|  264|    0|
    +-------------------------------------------------------------+--------------------------------------------------+---------+----+-----+-----+-----+

    * DSP: 
    N/A

    * Memory: 
    N/A

    * FIFO: 
    N/A

    * Expression: 
    +-----------------------------------+----------+----+---+----+------------+------------+
    |           Variable Name           | Operation| DSP| FF| LUT| Bitwidth P0| Bitwidth P1|
    +-----------------------------------+----------+----+---+----+------------+------------+
    |add_ln453_1_fu_184_p2              |         +|   0|  0|   5|           5|           5|
    |add_ln453_2_fu_200_p2              |         +|   0|  0|  64|          64|          64|
    |add_ln453_fu_229_p2                |         +|   0|  0|  32|          32|          32|
    |burst_beats_fu_142_p2              |         -|   0|  0|  32|          32|          32|
    |ap_block_state146_on_subcall_done  |       and|   0|  0|   2|           1|           1|
    |ap_block_state2_io                 |       and|   0|  0|   2|           1|           1|
    |icmp_ln431_fu_148_p2               |      icmp|   0|  0|  16|          32|          32|
    |icmp_ln453_fu_175_p2               |      icmp|   0|  0|   2|           5|           1|
    |ap_block_state1                    |        or|   0|  0|   2|           1|           1|
    +-----------------------------------+----------+----+---+----+------------+------------+
    |Total                              |          |   0|  0| 157|         173|         169|
    +-----------------------------------+----------+----+---+----+------------+------------+

    * Multiplexer: 
    +----------------------------------+-----+-----------+-----+-----------+
    |               Name               | LUT | Input Size| Bits| Total Bits|
    +----------------------------------+-----+-----------+-----+-----------+
    |ap_NS_fsm                         |  170|        147|    1|        147|
    |ap_done                           |    2|          2|    1|          2|
    |ap_phi_mux_index_4_phi_fu_104_p4  |   32|          2|   32|         64|
    |arg0_read_mem_strm_din            |  121|          2|  512|       1024|
    |arg0_read_mem_strm_write          |    2|          3|    1|          3|
    |gmem0_blk_n_AR                    |    2|          2|    1|          2|
    |index_4_reg_100                   |   32|          2|   32|         64|
    |m_axi_gmem0_ARADDR                |  186|          5|   64|        320|
    |m_axi_gmem0_ARBURST               |    2|          3|    2|          6|
    |m_axi_gmem0_ARCACHE               |    4|          3|    4|         12|
    |m_axi_gmem0_ARID                  |    2|          3|    1|          3|
    |m_axi_gmem0_ARLEN                 |   93|          5|   32|        160|
    |m_axi_gmem0_ARLOCK                |    2|          3|    2|          6|
    |m_axi_gmem0_ARPROT                |    3|          3|    3|          9|
    |m_axi_gmem0_ARQOS                 |    4|          3|    4|         12|
    |m_axi_gmem0_ARREGION              |    4|          3|    4|         12|
    |m_axi_gmem0_ARSIZE                |    3|          3|    3|          9|
    |m_axi_gmem0_ARUSER                |    2|          3|    1|          3|
    |m_axi_gmem0_ARVALID               |    2|          4|    1|          4|
    |m_axi_gmem0_RREADY                |    2|          3|    1|          3|
    |p_read_c16_blk_n                  |    2|          2|    1|          2|
    |real_start                        |    2|          2|    1|          2|
    +----------------------------------+-----+-----------+-----+-----------+
    |Total                             |  674|        208|  704|       1869|
    +----------------------------------+-----+-----------+-----+-----------+

    * Register: 
    +--------------------------------------------------------------------------+-----+----+-----+-----------+
    |                                   Name                                   |  FF | LUT| Bits| Const Bits|
    +--------------------------------------------------------------------------+-----+----+-----+-----------+
    |add_ln453_1_reg_276                                                       |    5|   0|    5|          0|
    |add_ln453_reg_297                                                         |   32|   0|   32|          0|
    |ap_CS_fsm                                                                 |  146|   0|  146|          0|
    |ap_done_reg                                                               |    1|   0|    1|          0|
    |burst_beats_reg_245                                                       |   32|   0|   32|          0|
    |grp_mem2stream_512u_32u_2u_Pipeline_VITIS_LOOP_431_1_fu_112_ap_start_reg  |    1|   0|    1|          0|
    |grp_mem2stream_512u_32u_2u_Pipeline_VITIS_LOOP_453_2_fu_122_ap_start_reg  |    1|   0|    1|          0|
    |icmp_ln431_reg_253                                                        |    1|   0|    1|          0|
    |icmp_ln453_reg_272                                                        |    1|   0|    1|          0|
    |index_4_reg_100                                                           |   32|   0|   32|          0|
    |non_burst_beats_reg_234                                                   |    5|   0|    5|          0|
    |start_once_reg                                                            |    1|   0|    1|          0|
    |trunc_ln453_1_reg_281                                                     |   58|   0|   58|          0|
    |trunc_ln_reg_262                                                          |   58|   0|   58|          0|
    |zext_ln417_reg_240                                                        |    5|   0|   32|         27|
    +--------------------------------------------------------------------------+-----+----+-----+-----------+
    |Total                                                                     |  379|   0|  406|         27|
    +--------------------------------------------------------------------------+-----+----+-----+-----------+



================================================================
== Interface
================================================================
* Summary: 
+-----------------------------------+-----+-----+------------+---------------------------+--------------+
|             RTL Ports             | Dir | Bits|  Protocol  |       Source Object       |    C Type    |
+-----------------------------------+-----+-----+------------+---------------------------+--------------+
|ap_clk                             |   in|    1|  ap_ctrl_hs|  mem2stream<512u, 32u, 2u>|  return value|
|ap_rst                             |   in|    1|  ap_ctrl_hs|  mem2stream<512u, 32u, 2u>|  return value|
|ap_start                           |   in|    1|  ap_ctrl_hs|  mem2stream<512u, 32u, 2u>|  return value|
|start_full_n                       |   in|    1|  ap_ctrl_hs|  mem2stream<512u, 32u, 2u>|  return value|
|ap_done                            |  out|    1|  ap_ctrl_hs|  mem2stream<512u, 32u, 2u>|  return value|
|ap_continue                        |   in|    1|  ap_ctrl_hs|  mem2stream<512u, 32u, 2u>|  return value|
|ap_idle                            |  out|    1|  ap_ctrl_hs|  mem2stream<512u, 32u, 2u>|  return value|
|ap_ready                           |  out|    1|  ap_ctrl_hs|  mem2stream<512u, 32u, 2u>|  return value|
|start_out                          |  out|    1|  ap_ctrl_hs|  mem2stream<512u, 32u, 2u>|  return value|
|start_write                        |  out|    1|  ap_ctrl_hs|  mem2stream<512u, 32u, 2u>|  return value|
|m_axi_gmem0_AWVALID                |  out|    1|       m_axi|                      gmem0|       pointer|
|m_axi_gmem0_AWREADY                |   in|    1|       m_axi|                      gmem0|       pointer|
|m_axi_gmem0_AWADDR                 |  out|   64|       m_axi|                      gmem0|       pointer|
|m_axi_gmem0_AWID                   |  out|    1|       m_axi|                      gmem0|       pointer|
|m_axi_gmem0_AWLEN                  |  out|   32|       m_axi|                      gmem0|       pointer|
|m_axi_gmem0_AWSIZE                 |  out|    3|       m_axi|                      gmem0|       pointer|
|m_axi_gmem0_AWBURST                |  out|    2|       m_axi|                      gmem0|       pointer|
|m_axi_gmem0_AWLOCK                 |  out|    2|       m_axi|                      gmem0|       pointer|
|m_axi_gmem0_AWCACHE                |  out|    4|       m_axi|                      gmem0|       pointer|
|m_axi_gmem0_AWPROT                 |  out|    3|       m_axi|                      gmem0|       pointer|
|m_axi_gmem0_AWQOS                  |  out|    4|       m_axi|                      gmem0|       pointer|
|m_axi_gmem0_AWREGION               |  out|    4|       m_axi|                      gmem0|       pointer|
|m_axi_gmem0_AWUSER                 |  out|    1|       m_axi|                      gmem0|       pointer|
|m_axi_gmem0_WVALID                 |  out|    1|       m_axi|                      gmem0|       pointer|
|m_axi_gmem0_WREADY                 |   in|    1|       m_axi|                      gmem0|       pointer|
|m_axi_gmem0_WDATA                  |  out|  512|       m_axi|                      gmem0|       pointer|
|m_axi_gmem0_WSTRB                  |  out|   64|       m_axi|                      gmem0|       pointer|
|m_axi_gmem0_WLAST                  |  out|    1|       m_axi|                      gmem0|       pointer|
|m_axi_gmem0_WID                    |  out|    1|       m_axi|                      gmem0|       pointer|
|m_axi_gmem0_WUSER                  |  out|    1|       m_axi|                      gmem0|       pointer|
|m_axi_gmem0_ARVALID                |  out|    1|       m_axi|                      gmem0|       pointer|
|m_axi_gmem0_ARREADY                |   in|    1|       m_axi|                      gmem0|       pointer|
|m_axi_gmem0_ARADDR                 |  out|   64|       m_axi|                      gmem0|       pointer|
|m_axi_gmem0_ARID                   |  out|    1|       m_axi|                      gmem0|       pointer|
|m_axi_gmem0_ARLEN                  |  out|   32|       m_axi|                      gmem0|       pointer|
|m_axi_gmem0_ARSIZE                 |  out|    3|       m_axi|                      gmem0|       pointer|
|m_axi_gmem0_ARBURST                |  out|    2|       m_axi|                      gmem0|       pointer|
|m_axi_gmem0_ARLOCK                 |  out|    2|       m_axi|                      gmem0|       pointer|
|m_axi_gmem0_ARCACHE                |  out|    4|       m_axi|                      gmem0|       pointer|
|m_axi_gmem0_ARPROT                 |  out|    3|       m_axi|                      gmem0|       pointer|
|m_axi_gmem0_ARQOS                  |  out|    4|       m_axi|                      gmem0|       pointer|
|m_axi_gmem0_ARREGION               |  out|    4|       m_axi|                      gmem0|       pointer|
|m_axi_gmem0_ARUSER                 |  out|    1|       m_axi|                      gmem0|       pointer|
|m_axi_gmem0_RVALID                 |   in|    1|       m_axi|                      gmem0|       pointer|
|m_axi_gmem0_RREADY                 |  out|    1|       m_axi|                      gmem0|       pointer|
|m_axi_gmem0_RDATA                  |   in|  512|       m_axi|                      gmem0|       pointer|
|m_axi_gmem0_RLAST                  |   in|    1|       m_axi|                      gmem0|       pointer|
|m_axi_gmem0_RID                    |   in|    1|       m_axi|                      gmem0|       pointer|
|m_axi_gmem0_RFIFONUM               |   in|    9|       m_axi|                      gmem0|       pointer|
|m_axi_gmem0_RUSER                  |   in|    1|       m_axi|                      gmem0|       pointer|
|m_axi_gmem0_RRESP                  |   in|    2|       m_axi|                      gmem0|       pointer|
|m_axi_gmem0_BVALID                 |   in|    1|       m_axi|                      gmem0|       pointer|
|m_axi_gmem0_BREADY                 |  out|    1|       m_axi|                      gmem0|       pointer|
|m_axi_gmem0_BRESP                  |   in|    2|       m_axi|                      gmem0|       pointer|
|m_axi_gmem0_BID                    |   in|    1|       m_axi|                      gmem0|       pointer|
|m_axi_gmem0_BUSER                  |   in|    1|       m_axi|                      gmem0|       pointer|
|mem_in                             |   in|   64|     ap_none|                     mem_in|        scalar|
|num_beats                          |   in|   32|     ap_none|                  num_beats|        scalar|
|p_read_c16_din                     |  out|   32|     ap_fifo|                 p_read_c16|       pointer|
|p_read_c16_num_data_valid          |   in|    2|     ap_fifo|                 p_read_c16|       pointer|
|p_read_c16_fifo_cap                |   in|    2|     ap_fifo|                 p_read_c16|       pointer|
|p_read_c16_full_n                  |   in|    1|     ap_fifo|                 p_read_c16|       pointer|
|p_read_c16_write                   |  out|    1|     ap_fifo|                 p_read_c16|       pointer|
|arg0_read_mem_strm_din             |  out|  512|     ap_fifo|         arg0_read_mem_strm|       pointer|
|arg0_read_mem_strm_num_data_valid  |   in|    2|     ap_fifo|         arg0_read_mem_strm|       pointer|
|arg0_read_mem_strm_fifo_cap        |   in|    2|     ap_fifo|         arg0_read_mem_strm|       pointer|
|arg0_read_mem_strm_full_n          |   in|    1|     ap_fifo|         arg0_read_mem_strm|       pointer|
|arg0_read_mem_strm_write           |  out|    1|     ap_fifo|         arg0_read_mem_strm|       pointer|
+-----------------------------------+-----+-----+------------+---------------------------+--------------+

============================================================
+ Verbose Summary: Synthesis Manager
============================================================
InlineROM: 1
ExposeGlobal: 0
============================================================
+ Verbose Summary: CDFG Model
============================================================
IsTopModel: 0
ResetActiveHigh: 1
IsCombinational: 2
IsDatapathOnly: 0
HasWiredReturn: 1
HasMFsm: 0
HasVarLatency: 1
IsPipeline: 0
IsRtlPipelined: 0
IsInstanceOverlapped: 0
IsDontTouch: 0
HasImplIP: 0
IsGatedGlobalClock: 0


============================================================
+ Verbose Summary: Schedule
============================================================
* Number of FSM states : 146
* Pipeline : 0
* Dataflow Pipeline: 0

* FSM state transitions: 
1 --> 2 
2 --> 3 74 
3 --> 4 
4 --> 5 
5 --> 6 
6 --> 7 
7 --> 8 
8 --> 9 
9 --> 10 
10 --> 11 
11 --> 12 
12 --> 13 
13 --> 14 
14 --> 15 
15 --> 16 
16 --> 17 
17 --> 18 
18 --> 19 
19 --> 20 
20 --> 21 
21 --> 22 
22 --> 23 
23 --> 24 
24 --> 25 
25 --> 26 
26 --> 27 
27 --> 28 
28 --> 29 
29 --> 30 
30 --> 31 
31 --> 32 
32 --> 33 
33 --> 34 
34 --> 35 
35 --> 36 
36 --> 37 
37 --> 38 
38 --> 39 
39 --> 40 
40 --> 41 
41 --> 42 
42 --> 43 
43 --> 44 
44 --> 45 
45 --> 46 
46 --> 47 
47 --> 48 
48 --> 49 
49 --> 50 
50 --> 51 
51 --> 52 
52 --> 53 
53 --> 54 
54 --> 55 
55 --> 56 
56 --> 57 
57 --> 58 
58 --> 59 
59 --> 60 
60 --> 61 
61 --> 62 
62 --> 63 
63 --> 64 
64 --> 65 
65 --> 66 
66 --> 67 
67 --> 68 
68 --> 69 
69 --> 70 
70 --> 71 
71 --> 72 
72 --> 73 
73 --> 74 
74 --> 75 146 
75 --> 76 
76 --> 77 
77 --> 78 
78 --> 79 
79 --> 80 
80 --> 81 
81 --> 82 
82 --> 83 
83 --> 84 
84 --> 85 
85 --> 86 
86 --> 87 
87 --> 88 
88 --> 89 
89 --> 90 
90 --> 91 
91 --> 92 
92 --> 93 
93 --> 94 
94 --> 95 
95 --> 96 
96 --> 97 
97 --> 98 
98 --> 99 
99 --> 100 
100 --> 101 
101 --> 102 
102 --> 103 
103 --> 104 
104 --> 105 
105 --> 106 
106 --> 107 
107 --> 108 
108 --> 109 
109 --> 110 
110 --> 111 
111 --> 112 
112 --> 113 
113 --> 114 
114 --> 115 
115 --> 116 
116 --> 117 
117 --> 118 
118 --> 119 
119 --> 120 
120 --> 121 
121 --> 122 
122 --> 123 
123 --> 124 
124 --> 125 
125 --> 126 
126 --> 127 
127 --> 128 
128 --> 129 
129 --> 130 
130 --> 131 
131 --> 132 
132 --> 133 
133 --> 134 
134 --> 135 
135 --> 136 
136 --> 137 
137 --> 138 
138 --> 139 
139 --> 140 
140 --> 141 
141 --> 142 
142 --> 143 
143 --> 144 
144 --> 145 
145 --> 146 
146 --> 

* FSM state operations: 

State 1 <SV = 0> <Delay = 0.89>
ST_1 : Operation 147 [1/1] (0.00ns)   --->   "%num_beats_read = read i32 @_ssdm_op_Read.ap_auto.i32, i32 %num_beats" [/home/x_thileeb/repos/ops-hls-pact25-artifact/OPS/ops/hls/include/device/../../L1/include/ops_hls_datamover.hpp:404]   --->   Operation 147 'read' 'num_beats_read' <Predicate = true> <Delay = 0.00>
ST_1 : Operation 148 [1/1] (0.73ns)   --->   "%write_ln404 = write void @_ssdm_op_Write.ap_fifo.i32P0A, i32 %p_read_c16, i32 %num_beats_read" [/home/x_thileeb/repos/ops-hls-pact25-artifact/OPS/ops/hls/include/device/../../L1/include/ops_hls_datamover.hpp:404]   --->   Operation 148 'write' 'write_ln404' <Predicate = true> <Delay = 0.73> <CoreInst = "FIFO_SRL">   --->   Core 85 'FIFO_SRL' <Latency = 0> <II = 1> <Delay = 0.73> <Storage> <Opcode : 'read' 'write' 'nbread' 'nbwrite'> <Ports = 0> <Width = 32> <Depth = 2> <FIFO>
ST_1 : Operation 149 [1/1] (0.00ns)   --->   "%non_burst_beats = trunc i32 %num_beats_read" [/home/x_thileeb/repos/ops-hls-pact25-artifact/OPS/ops/hls/include/device/../../L1/include/ops_hls_datamover.hpp:404]   --->   Operation 149 'trunc' 'non_burst_beats' <Predicate = true> <Delay = 0.00>
ST_1 : Operation 150 [1/1] (0.00ns)   --->   "%zext_ln417 = zext i5 %non_burst_beats" [/home/x_thileeb/repos/ops-hls-pact25-artifact/OPS/ops/hls/include/device/../../L1/include/ops_hls_datamover.hpp:417]   --->   Operation 150 'zext' 'zext_ln417' <Predicate = true> <Delay = 0.00>
ST_1 : Operation 151 [1/1] (0.89ns)   --->   "%burst_beats = sub i32 %num_beats_read, i32 %zext_ln417" [/home/x_thileeb/repos/ops-hls-pact25-artifact/OPS/ops/hls/include/device/../../L1/include/ops_hls_datamover.hpp:418]   --->   Operation 151 'sub' 'burst_beats' <Predicate = true> <Delay = 0.89> <CoreInst = "Adder">   --->   Core 1 'Adder' <Latency = 0> <II = 1> <Delay = 0.89> <FuncUnit> <Opcode : 'add' 'sub'> <InPorts = 2> <OutPorts = 1>
ST_1 : Operation 152 [1/1] (0.70ns)   --->   "%icmp_ln431 = icmp_eq  i32 %zext_ln417, i32 %num_beats_read" [/home/x_thileeb/repos/ops-hls-pact25-artifact/OPS/ops/hls/include/device/../../L1/include/ops_hls_datamover.hpp:431]   --->   Operation 152 'icmp' 'icmp_ln431' <Predicate = true> <Delay = 0.70> <CoreInst = "Cmp">   --->   Core 9 'Cmp' <Latency = 0> <II = 1> <Delay = 0.70> <FuncUnit> <Opcode : 'icmp'> <InPorts = 2> <OutPorts = 1>

State 2 <SV = 1> <Delay = 2.43>
ST_2 : Operation 153 [1/1] (0.00ns)   --->   "%specinterface_ln0 = specinterface void @_ssdm_op_SpecInterface, i32 %p_read_c16, void @ap_fifo_str, i32 0, i32 0, void @p_str, i32 0, i32 0, void @p_str, void @p_str, void @p_str, i32 2, i32 2, i32 16, i32 16, void @p_str, void @ScalarProp_str, i32 4294967295, i32 0"   --->   Operation 153 'specinterface' 'specinterface_ln0' <Predicate = true> <Delay = 0.00>
ST_2 : Operation 154 [1/1] (0.00ns)   --->   "%mem_in_read = read i64 @_ssdm_op_Read.ap_auto.i64, i64 %mem_in" [/home/x_thileeb/repos/ops-hls-pact25-artifact/OPS/ops/hls/include/device/../../L1/include/ops_hls_datamover.hpp:404]   --->   Operation 154 'read' 'mem_in_read' <Predicate = true> <Delay = 0.00>
ST_2 : Operation 155 [1/1] (0.00ns)   --->   "%specinterface_ln0 = specinterface void @_ssdm_op_SpecInterface, i512 %arg0_read_mem_strm, void @empty_7, i32 0, i32 0, void @empty_27, i32 0, i32 0, void @empty_27, void @empty_27, void @empty_27, i32 0, i32 0, i32 0, i32 0, void @empty_27, void @empty_27, i32 4294967295, i32 0"   --->   Operation 155 'specinterface' 'specinterface_ln0' <Predicate = true> <Delay = 0.00>
ST_2 : Operation 156 [1/1] (0.00ns)   --->   "%specinterface_ln0 = specinterface void @_ssdm_op_SpecInterface, i512 %arg0_read_mem_strm, void @empty_7, i32 0, i32 0, void @empty_27, i32 0, i32 0, void @empty_27, void @empty_27, void @empty_27, i32 0, i32 0, i32 0, i32 0, void @empty_27, void @empty_27, i32 4294967295, i32 0"   --->   Operation 156 'specinterface' 'specinterface_ln0' <Predicate = true> <Delay = 0.00>
ST_2 : Operation 157 [1/1] (0.00ns)   --->   "%specinterface_ln0 = specinterface void @_ssdm_op_SpecInterface, i512 %arg0_read_mem_strm, void @empty_7, i32 0, i32 0, void @empty_27, i32 0, i32 0, void @empty_27, void @empty_27, void @empty_27, i32 0, i32 0, i32 0, i32 0, void @empty_27, void @empty_27, i32 4294967295, i32 0"   --->   Operation 157 'specinterface' 'specinterface_ln0' <Predicate = true> <Delay = 0.00>
ST_2 : Operation 158 [1/1] (0.00ns)   --->   "%specinterface_ln0 = specinterface void @_ssdm_op_SpecInterface, i512 %gmem0, void @empty_31, i32 0, i32 0, void @empty_27, i32 64, i32 4096, void @empty_13, void @empty_34, void @empty_27, i32 4, i32 4, i32 64, i32 64, void @empty_27, void @empty_27, i32 4294967295, i32 0"   --->   Operation 158 'specinterface' 'specinterface_ln0' <Predicate = true> <Delay = 0.00>
ST_2 : Operation 159 [1/1] (0.00ns)   --->   "%specinterface_ln0 = specinterface void @_ssdm_op_SpecInterface, i512 %arg0_read_mem_strm, void @empty_7, i32 0, i32 0, void @empty_27, i32 0, i32 0, void @empty_27, void @empty_27, void @empty_27, i32 0, i32 0, i32 0, i32 0, void @empty_27, void @empty_27, i32 4294967295, i32 0"   --->   Operation 159 'specinterface' 'specinterface_ln0' <Predicate = true> <Delay = 0.00>
ST_2 : Operation 160 [1/1] (0.46ns)   --->   "%br_ln431 = br i1 %icmp_ln431, void %for.body.lr.ph.i, void %VITIS_LOOP_453_2.i" [/home/x_thileeb/repos/ops-hls-pact25-artifact/OPS/ops/hls/include/device/../../L1/include/ops_hls_datamover.hpp:431]   --->   Operation 160 'br' 'br_ln431' <Predicate = true> <Delay = 0.46>
ST_2 : Operation 161 [1/1] (0.00ns)   --->   "%trunc_ln = partselect i58 @_ssdm_op_PartSelect.i58.i64.i32.i32, i64 %mem_in_read, i32 6, i32 63" [/home/x_thileeb/repos/ops-hls-pact25-artifact/OPS/ops/hls/include/device/../../L1/include/ops_hls_datamover.hpp:431]   --->   Operation 161 'partselect' 'trunc_ln' <Predicate = (!icmp_ln431)> <Delay = 0.00>
ST_2 : Operation 162 [1/1] (0.00ns)   --->   "%sext_ln431 = sext i58 %trunc_ln" [/home/x_thileeb/repos/ops-hls-pact25-artifact/OPS/ops/hls/include/device/../../L1/include/ops_hls_datamover.hpp:431]   --->   Operation 162 'sext' 'sext_ln431' <Predicate = (!icmp_ln431)> <Delay = 0.00>
ST_2 : Operation 163 [1/1] (0.00ns)   --->   "%gmem0_addr = getelementptr i512 %gmem0, i64 %sext_ln431" [/home/x_thileeb/repos/ops-hls-pact25-artifact/OPS/ops/hls/include/device/../../L1/include/ops_hls_datamover.hpp:431]   --->   Operation 163 'getelementptr' 'gmem0_addr' <Predicate = (!icmp_ln431)> <Delay = 0.00>
ST_2 : Operation 164 [70/70] (2.43ns)   --->   "%empty = readreq i1 @_ssdm_op_ReadReq.m_axi.p1i512, i64 %gmem0_addr, i32 %burst_beats" [/home/x_thileeb/repos/ops-hls-pact25-artifact/OPS/ops/hls/include/device/../../L1/include/ops_hls_datamover.hpp:431]   --->   Operation 164 'readreq' 'empty' <Predicate = (!icmp_ln431)> <Delay = 2.43> <CoreInst = "m_axi">   --->   Core 125 'm_axi' <Latency = 0> <II = 1> <Delay = 1.00> <Adapter> <Opcode : 'read' 'write' 'readreq' 'writereq' 'writeresp'>

State 3 <SV = 2> <Delay = 2.43>
ST_3 : Operation 165 [69/70] (2.43ns)   --->   "%empty = readreq i1 @_ssdm_op_ReadReq.m_axi.p1i512, i64 %gmem0_addr, i32 %burst_beats" [/home/x_thileeb/repos/ops-hls-pact25-artifact/OPS/ops/hls/include/device/../../L1/include/ops_hls_datamover.hpp:431]   --->   Operation 165 'readreq' 'empty' <Predicate = true> <Delay = 2.43> <CoreInst = "m_axi">   --->   Core 125 'm_axi' <Latency = 0> <II = 1> <Delay = 1.00> <Adapter> <Opcode : 'read' 'write' 'readreq' 'writereq' 'writeresp'>

State 4 <SV = 3> <Delay = 2.43>
ST_4 : Operation 166 [68/70] (2.43ns)   --->   "%empty = readreq i1 @_ssdm_op_ReadReq.m_axi.p1i512, i64 %gmem0_addr, i32 %burst_beats" [/home/x_thileeb/repos/ops-hls-pact25-artifact/OPS/ops/hls/include/device/../../L1/include/ops_hls_datamover.hpp:431]   --->   Operation 166 'readreq' 'empty' <Predicate = true> <Delay = 2.43> <CoreInst = "m_axi">   --->   Core 125 'm_axi' <Latency = 0> <II = 1> <Delay = 1.00> <Adapter> <Opcode : 'read' 'write' 'readreq' 'writereq' 'writeresp'>

State 5 <SV = 4> <Delay = 2.43>
ST_5 : Operation 167 [67/70] (2.43ns)   --->   "%empty = readreq i1 @_ssdm_op_ReadReq.m_axi.p1i512, i64 %gmem0_addr, i32 %burst_beats" [/home/x_thileeb/repos/ops-hls-pact25-artifact/OPS/ops/hls/include/device/../../L1/include/ops_hls_datamover.hpp:431]   --->   Operation 167 'readreq' 'empty' <Predicate = true> <Delay = 2.43> <CoreInst = "m_axi">   --->   Core 125 'm_axi' <Latency = 0> <II = 1> <Delay = 1.00> <Adapter> <Opcode : 'read' 'write' 'readreq' 'writereq' 'writeresp'>

State 6 <SV = 5> <Delay = 2.43>
ST_6 : Operation 168 [66/70] (2.43ns)   --->   "%empty = readreq i1 @_ssdm_op_ReadReq.m_axi.p1i512, i64 %gmem0_addr, i32 %burst_beats" [/home/x_thileeb/repos/ops-hls-pact25-artifact/OPS/ops/hls/include/device/../../L1/include/ops_hls_datamover.hpp:431]   --->   Operation 168 'readreq' 'empty' <Predicate = true> <Delay = 2.43> <CoreInst = "m_axi">   --->   Core 125 'm_axi' <Latency = 0> <II = 1> <Delay = 1.00> <Adapter> <Opcode : 'read' 'write' 'readreq' 'writereq' 'writeresp'>

State 7 <SV = 6> <Delay = 2.43>
ST_7 : Operation 169 [65/70] (2.43ns)   --->   "%empty = readreq i1 @_ssdm_op_ReadReq.m_axi.p1i512, i64 %gmem0_addr, i32 %burst_beats" [/home/x_thileeb/repos/ops-hls-pact25-artifact/OPS/ops/hls/include/device/../../L1/include/ops_hls_datamover.hpp:431]   --->   Operation 169 'readreq' 'empty' <Predicate = true> <Delay = 2.43> <CoreInst = "m_axi">   --->   Core 125 'm_axi' <Latency = 0> <II = 1> <Delay = 1.00> <Adapter> <Opcode : 'read' 'write' 'readreq' 'writereq' 'writeresp'>

State 8 <SV = 7> <Delay = 2.43>
ST_8 : Operation 170 [64/70] (2.43ns)   --->   "%empty = readreq i1 @_ssdm_op_ReadReq.m_axi.p1i512, i64 %gmem0_addr, i32 %burst_beats" [/home/x_thileeb/repos/ops-hls-pact25-artifact/OPS/ops/hls/include/device/../../L1/include/ops_hls_datamover.hpp:431]   --->   Operation 170 'readreq' 'empty' <Predicate = true> <Delay = 2.43> <CoreInst = "m_axi">   --->   Core 125 'm_axi' <Latency = 0> <II = 1> <Delay = 1.00> <Adapter> <Opcode : 'read' 'write' 'readreq' 'writereq' 'writeresp'>

State 9 <SV = 8> <Delay = 2.43>
ST_9 : Operation 171 [63/70] (2.43ns)   --->   "%empty = readreq i1 @_ssdm_op_ReadReq.m_axi.p1i512, i64 %gmem0_addr, i32 %burst_beats" [/home/x_thileeb/repos/ops-hls-pact25-artifact/OPS/ops/hls/include/device/../../L1/include/ops_hls_datamover.hpp:431]   --->   Operation 171 'readreq' 'empty' <Predicate = true> <Delay = 2.43> <CoreInst = "m_axi">   --->   Core 125 'm_axi' <Latency = 0> <II = 1> <Delay = 1.00> <Adapter> <Opcode : 'read' 'write' 'readreq' 'writereq' 'writeresp'>

State 10 <SV = 9> <Delay = 2.43>
ST_10 : Operation 172 [62/70] (2.43ns)   --->   "%empty = readreq i1 @_ssdm_op_ReadReq.m_axi.p1i512, i64 %gmem0_addr, i32 %burst_beats" [/home/x_thileeb/repos/ops-hls-pact25-artifact/OPS/ops/hls/include/device/../../L1/include/ops_hls_datamover.hpp:431]   --->   Operation 172 'readreq' 'empty' <Predicate = true> <Delay = 2.43> <CoreInst = "m_axi">   --->   Core 125 'm_axi' <Latency = 0> <II = 1> <Delay = 1.00> <Adapter> <Opcode : 'read' 'write' 'readreq' 'writereq' 'writeresp'>

State 11 <SV = 10> <Delay = 2.43>
ST_11 : Operation 173 [61/70] (2.43ns)   --->   "%empty = readreq i1 @_ssdm_op_ReadReq.m_axi.p1i512, i64 %gmem0_addr, i32 %burst_beats" [/home/x_thileeb/repos/ops-hls-pact25-artifact/OPS/ops/hls/include/device/../../L1/include/ops_hls_datamover.hpp:431]   --->   Operation 173 'readreq' 'empty' <Predicate = true> <Delay = 2.43> <CoreInst = "m_axi">   --->   Core 125 'm_axi' <Latency = 0> <II = 1> <Delay = 1.00> <Adapter> <Opcode : 'read' 'write' 'readreq' 'writereq' 'writeresp'>

State 12 <SV = 11> <Delay = 2.43>
ST_12 : Operation 174 [60/70] (2.43ns)   --->   "%empty = readreq i1 @_ssdm_op_ReadReq.m_axi.p1i512, i64 %gmem0_addr, i32 %burst_beats" [/home/x_thileeb/repos/ops-hls-pact25-artifact/OPS/ops/hls/include/device/../../L1/include/ops_hls_datamover.hpp:431]   --->   Operation 174 'readreq' 'empty' <Predicate = true> <Delay = 2.43> <CoreInst = "m_axi">   --->   Core 125 'm_axi' <Latency = 0> <II = 1> <Delay = 1.00> <Adapter> <Opcode : 'read' 'write' 'readreq' 'writereq' 'writeresp'>

State 13 <SV = 12> <Delay = 2.43>
ST_13 : Operation 175 [59/70] (2.43ns)   --->   "%empty = readreq i1 @_ssdm_op_ReadReq.m_axi.p1i512, i64 %gmem0_addr, i32 %burst_beats" [/home/x_thileeb/repos/ops-hls-pact25-artifact/OPS/ops/hls/include/device/../../L1/include/ops_hls_datamover.hpp:431]   --->   Operation 175 'readreq' 'empty' <Predicate = true> <Delay = 2.43> <CoreInst = "m_axi">   --->   Core 125 'm_axi' <Latency = 0> <II = 1> <Delay = 1.00> <Adapter> <Opcode : 'read' 'write' 'readreq' 'writereq' 'writeresp'>

State 14 <SV = 13> <Delay = 2.43>
ST_14 : Operation 176 [58/70] (2.43ns)   --->   "%empty = readreq i1 @_ssdm_op_ReadReq.m_axi.p1i512, i64 %gmem0_addr, i32 %burst_beats" [/home/x_thileeb/repos/ops-hls-pact25-artifact/OPS/ops/hls/include/device/../../L1/include/ops_hls_datamover.hpp:431]   --->   Operation 176 'readreq' 'empty' <Predicate = true> <Delay = 2.43> <CoreInst = "m_axi">   --->   Core 125 'm_axi' <Latency = 0> <II = 1> <Delay = 1.00> <Adapter> <Opcode : 'read' 'write' 'readreq' 'writereq' 'writeresp'>

State 15 <SV = 14> <Delay = 2.43>
ST_15 : Operation 177 [57/70] (2.43ns)   --->   "%empty = readreq i1 @_ssdm_op_ReadReq.m_axi.p1i512, i64 %gmem0_addr, i32 %burst_beats" [/home/x_thileeb/repos/ops-hls-pact25-artifact/OPS/ops/hls/include/device/../../L1/include/ops_hls_datamover.hpp:431]   --->   Operation 177 'readreq' 'empty' <Predicate = true> <Delay = 2.43> <CoreInst = "m_axi">   --->   Core 125 'm_axi' <Latency = 0> <II = 1> <Delay = 1.00> <Adapter> <Opcode : 'read' 'write' 'readreq' 'writereq' 'writeresp'>

State 16 <SV = 15> <Delay = 2.43>
ST_16 : Operation 178 [56/70] (2.43ns)   --->   "%empty = readreq i1 @_ssdm_op_ReadReq.m_axi.p1i512, i64 %gmem0_addr, i32 %burst_beats" [/home/x_thileeb/repos/ops-hls-pact25-artifact/OPS/ops/hls/include/device/../../L1/include/ops_hls_datamover.hpp:431]   --->   Operation 178 'readreq' 'empty' <Predicate = true> <Delay = 2.43> <CoreInst = "m_axi">   --->   Core 125 'm_axi' <Latency = 0> <II = 1> <Delay = 1.00> <Adapter> <Opcode : 'read' 'write' 'readreq' 'writereq' 'writeresp'>

State 17 <SV = 16> <Delay = 2.43>
ST_17 : Operation 179 [55/70] (2.43ns)   --->   "%empty = readreq i1 @_ssdm_op_ReadReq.m_axi.p1i512, i64 %gmem0_addr, i32 %burst_beats" [/home/x_thileeb/repos/ops-hls-pact25-artifact/OPS/ops/hls/include/device/../../L1/include/ops_hls_datamover.hpp:431]   --->   Operation 179 'readreq' 'empty' <Predicate = true> <Delay = 2.43> <CoreInst = "m_axi">   --->   Core 125 'm_axi' <Latency = 0> <II = 1> <Delay = 1.00> <Adapter> <Opcode : 'read' 'write' 'readreq' 'writereq' 'writeresp'>

State 18 <SV = 17> <Delay = 2.43>
ST_18 : Operation 180 [54/70] (2.43ns)   --->   "%empty = readreq i1 @_ssdm_op_ReadReq.m_axi.p1i512, i64 %gmem0_addr, i32 %burst_beats" [/home/x_thileeb/repos/ops-hls-pact25-artifact/OPS/ops/hls/include/device/../../L1/include/ops_hls_datamover.hpp:431]   --->   Operation 180 'readreq' 'empty' <Predicate = true> <Delay = 2.43> <CoreInst = "m_axi">   --->   Core 125 'm_axi' <Latency = 0> <II = 1> <Delay = 1.00> <Adapter> <Opcode : 'read' 'write' 'readreq' 'writereq' 'writeresp'>

State 19 <SV = 18> <Delay = 2.43>
ST_19 : Operation 181 [53/70] (2.43ns)   --->   "%empty = readreq i1 @_ssdm_op_ReadReq.m_axi.p1i512, i64 %gmem0_addr, i32 %burst_beats" [/home/x_thileeb/repos/ops-hls-pact25-artifact/OPS/ops/hls/include/device/../../L1/include/ops_hls_datamover.hpp:431]   --->   Operation 181 'readreq' 'empty' <Predicate = true> <Delay = 2.43> <CoreInst = "m_axi">   --->   Core 125 'm_axi' <Latency = 0> <II = 1> <Delay = 1.00> <Adapter> <Opcode : 'read' 'write' 'readreq' 'writereq' 'writeresp'>

State 20 <SV = 19> <Delay = 2.43>
ST_20 : Operation 182 [52/70] (2.43ns)   --->   "%empty = readreq i1 @_ssdm_op_ReadReq.m_axi.p1i512, i64 %gmem0_addr, i32 %burst_beats" [/home/x_thileeb/repos/ops-hls-pact25-artifact/OPS/ops/hls/include/device/../../L1/include/ops_hls_datamover.hpp:431]   --->   Operation 182 'readreq' 'empty' <Predicate = true> <Delay = 2.43> <CoreInst = "m_axi">   --->   Core 125 'm_axi' <Latency = 0> <II = 1> <Delay = 1.00> <Adapter> <Opcode : 'read' 'write' 'readreq' 'writereq' 'writeresp'>

State 21 <SV = 20> <Delay = 2.43>
ST_21 : Operation 183 [51/70] (2.43ns)   --->   "%empty = readreq i1 @_ssdm_op_ReadReq.m_axi.p1i512, i64 %gmem0_addr, i32 %burst_beats" [/home/x_thileeb/repos/ops-hls-pact25-artifact/OPS/ops/hls/include/device/../../L1/include/ops_hls_datamover.hpp:431]   --->   Operation 183 'readreq' 'empty' <Predicate = true> <Delay = 2.43> <CoreInst = "m_axi">   --->   Core 125 'm_axi' <Latency = 0> <II = 1> <Delay = 1.00> <Adapter> <Opcode : 'read' 'write' 'readreq' 'writereq' 'writeresp'>

State 22 <SV = 21> <Delay = 2.43>
ST_22 : Operation 184 [50/70] (2.43ns)   --->   "%empty = readreq i1 @_ssdm_op_ReadReq.m_axi.p1i512, i64 %gmem0_addr, i32 %burst_beats" [/home/x_thileeb/repos/ops-hls-pact25-artifact/OPS/ops/hls/include/device/../../L1/include/ops_hls_datamover.hpp:431]   --->   Operation 184 'readreq' 'empty' <Predicate = true> <Delay = 2.43> <CoreInst = "m_axi">   --->   Core 125 'm_axi' <Latency = 0> <II = 1> <Delay = 1.00> <Adapter> <Opcode : 'read' 'write' 'readreq' 'writereq' 'writeresp'>

State 23 <SV = 22> <Delay = 2.43>
ST_23 : Operation 185 [49/70] (2.43ns)   --->   "%empty = readreq i1 @_ssdm_op_ReadReq.m_axi.p1i512, i64 %gmem0_addr, i32 %burst_beats" [/home/x_thileeb/repos/ops-hls-pact25-artifact/OPS/ops/hls/include/device/../../L1/include/ops_hls_datamover.hpp:431]   --->   Operation 185 'readreq' 'empty' <Predicate = true> <Delay = 2.43> <CoreInst = "m_axi">   --->   Core 125 'm_axi' <Latency = 0> <II = 1> <Delay = 1.00> <Adapter> <Opcode : 'read' 'write' 'readreq' 'writereq' 'writeresp'>

State 24 <SV = 23> <Delay = 2.43>
ST_24 : Operation 186 [48/70] (2.43ns)   --->   "%empty = readreq i1 @_ssdm_op_ReadReq.m_axi.p1i512, i64 %gmem0_addr, i32 %burst_beats" [/home/x_thileeb/repos/ops-hls-pact25-artifact/OPS/ops/hls/include/device/../../L1/include/ops_hls_datamover.hpp:431]   --->   Operation 186 'readreq' 'empty' <Predicate = true> <Delay = 2.43> <CoreInst = "m_axi">   --->   Core 125 'm_axi' <Latency = 0> <II = 1> <Delay = 1.00> <Adapter> <Opcode : 'read' 'write' 'readreq' 'writereq' 'writeresp'>

State 25 <SV = 24> <Delay = 2.43>
ST_25 : Operation 187 [47/70] (2.43ns)   --->   "%empty = readreq i1 @_ssdm_op_ReadReq.m_axi.p1i512, i64 %gmem0_addr, i32 %burst_beats" [/home/x_thileeb/repos/ops-hls-pact25-artifact/OPS/ops/hls/include/device/../../L1/include/ops_hls_datamover.hpp:431]   --->   Operation 187 'readreq' 'empty' <Predicate = true> <Delay = 2.43> <CoreInst = "m_axi">   --->   Core 125 'm_axi' <Latency = 0> <II = 1> <Delay = 1.00> <Adapter> <Opcode : 'read' 'write' 'readreq' 'writereq' 'writeresp'>

State 26 <SV = 25> <Delay = 2.43>
ST_26 : Operation 188 [46/70] (2.43ns)   --->   "%empty = readreq i1 @_ssdm_op_ReadReq.m_axi.p1i512, i64 %gmem0_addr, i32 %burst_beats" [/home/x_thileeb/repos/ops-hls-pact25-artifact/OPS/ops/hls/include/device/../../L1/include/ops_hls_datamover.hpp:431]   --->   Operation 188 'readreq' 'empty' <Predicate = true> <Delay = 2.43> <CoreInst = "m_axi">   --->   Core 125 'm_axi' <Latency = 0> <II = 1> <Delay = 1.00> <Adapter> <Opcode : 'read' 'write' 'readreq' 'writereq' 'writeresp'>

State 27 <SV = 26> <Delay = 2.43>
ST_27 : Operation 189 [45/70] (2.43ns)   --->   "%empty = readreq i1 @_ssdm_op_ReadReq.m_axi.p1i512, i64 %gmem0_addr, i32 %burst_beats" [/home/x_thileeb/repos/ops-hls-pact25-artifact/OPS/ops/hls/include/device/../../L1/include/ops_hls_datamover.hpp:431]   --->   Operation 189 'readreq' 'empty' <Predicate = true> <Delay = 2.43> <CoreInst = "m_axi">   --->   Core 125 'm_axi' <Latency = 0> <II = 1> <Delay = 1.00> <Adapter> <Opcode : 'read' 'write' 'readreq' 'writereq' 'writeresp'>

State 28 <SV = 27> <Delay = 2.43>
ST_28 : Operation 190 [44/70] (2.43ns)   --->   "%empty = readreq i1 @_ssdm_op_ReadReq.m_axi.p1i512, i64 %gmem0_addr, i32 %burst_beats" [/home/x_thileeb/repos/ops-hls-pact25-artifact/OPS/ops/hls/include/device/../../L1/include/ops_hls_datamover.hpp:431]   --->   Operation 190 'readreq' 'empty' <Predicate = true> <Delay = 2.43> <CoreInst = "m_axi">   --->   Core 125 'm_axi' <Latency = 0> <II = 1> <Delay = 1.00> <Adapter> <Opcode : 'read' 'write' 'readreq' 'writereq' 'writeresp'>

State 29 <SV = 28> <Delay = 2.43>
ST_29 : Operation 191 [43/70] (2.43ns)   --->   "%empty = readreq i1 @_ssdm_op_ReadReq.m_axi.p1i512, i64 %gmem0_addr, i32 %burst_beats" [/home/x_thileeb/repos/ops-hls-pact25-artifact/OPS/ops/hls/include/device/../../L1/include/ops_hls_datamover.hpp:431]   --->   Operation 191 'readreq' 'empty' <Predicate = true> <Delay = 2.43> <CoreInst = "m_axi">   --->   Core 125 'm_axi' <Latency = 0> <II = 1> <Delay = 1.00> <Adapter> <Opcode : 'read' 'write' 'readreq' 'writereq' 'writeresp'>

State 30 <SV = 29> <Delay = 2.43>
ST_30 : Operation 192 [42/70] (2.43ns)   --->   "%empty = readreq i1 @_ssdm_op_ReadReq.m_axi.p1i512, i64 %gmem0_addr, i32 %burst_beats" [/home/x_thileeb/repos/ops-hls-pact25-artifact/OPS/ops/hls/include/device/../../L1/include/ops_hls_datamover.hpp:431]   --->   Operation 192 'readreq' 'empty' <Predicate = true> <Delay = 2.43> <CoreInst = "m_axi">   --->   Core 125 'm_axi' <Latency = 0> <II = 1> <Delay = 1.00> <Adapter> <Opcode : 'read' 'write' 'readreq' 'writereq' 'writeresp'>

State 31 <SV = 30> <Delay = 2.43>
ST_31 : Operation 193 [41/70] (2.43ns)   --->   "%empty = readreq i1 @_ssdm_op_ReadReq.m_axi.p1i512, i64 %gmem0_addr, i32 %burst_beats" [/home/x_thileeb/repos/ops-hls-pact25-artifact/OPS/ops/hls/include/device/../../L1/include/ops_hls_datamover.hpp:431]   --->   Operation 193 'readreq' 'empty' <Predicate = true> <Delay = 2.43> <CoreInst = "m_axi">   --->   Core 125 'm_axi' <Latency = 0> <II = 1> <Delay = 1.00> <Adapter> <Opcode : 'read' 'write' 'readreq' 'writereq' 'writeresp'>

State 32 <SV = 31> <Delay = 2.43>
ST_32 : Operation 194 [40/70] (2.43ns)   --->   "%empty = readreq i1 @_ssdm_op_ReadReq.m_axi.p1i512, i64 %gmem0_addr, i32 %burst_beats" [/home/x_thileeb/repos/ops-hls-pact25-artifact/OPS/ops/hls/include/device/../../L1/include/ops_hls_datamover.hpp:431]   --->   Operation 194 'readreq' 'empty' <Predicate = true> <Delay = 2.43> <CoreInst = "m_axi">   --->   Core 125 'm_axi' <Latency = 0> <II = 1> <Delay = 1.00> <Adapter> <Opcode : 'read' 'write' 'readreq' 'writereq' 'writeresp'>

State 33 <SV = 32> <Delay = 2.43>
ST_33 : Operation 195 [39/70] (2.43ns)   --->   "%empty = readreq i1 @_ssdm_op_ReadReq.m_axi.p1i512, i64 %gmem0_addr, i32 %burst_beats" [/home/x_thileeb/repos/ops-hls-pact25-artifact/OPS/ops/hls/include/device/../../L1/include/ops_hls_datamover.hpp:431]   --->   Operation 195 'readreq' 'empty' <Predicate = true> <Delay = 2.43> <CoreInst = "m_axi">   --->   Core 125 'm_axi' <Latency = 0> <II = 1> <Delay = 1.00> <Adapter> <Opcode : 'read' 'write' 'readreq' 'writereq' 'writeresp'>

State 34 <SV = 33> <Delay = 2.43>
ST_34 : Operation 196 [38/70] (2.43ns)   --->   "%empty = readreq i1 @_ssdm_op_ReadReq.m_axi.p1i512, i64 %gmem0_addr, i32 %burst_beats" [/home/x_thileeb/repos/ops-hls-pact25-artifact/OPS/ops/hls/include/device/../../L1/include/ops_hls_datamover.hpp:431]   --->   Operation 196 'readreq' 'empty' <Predicate = true> <Delay = 2.43> <CoreInst = "m_axi">   --->   Core 125 'm_axi' <Latency = 0> <II = 1> <Delay = 1.00> <Adapter> <Opcode : 'read' 'write' 'readreq' 'writereq' 'writeresp'>

State 35 <SV = 34> <Delay = 2.43>
ST_35 : Operation 197 [37/70] (2.43ns)   --->   "%empty = readreq i1 @_ssdm_op_ReadReq.m_axi.p1i512, i64 %gmem0_addr, i32 %burst_beats" [/home/x_thileeb/repos/ops-hls-pact25-artifact/OPS/ops/hls/include/device/../../L1/include/ops_hls_datamover.hpp:431]   --->   Operation 197 'readreq' 'empty' <Predicate = true> <Delay = 2.43> <CoreInst = "m_axi">   --->   Core 125 'm_axi' <Latency = 0> <II = 1> <Delay = 1.00> <Adapter> <Opcode : 'read' 'write' 'readreq' 'writereq' 'writeresp'>

State 36 <SV = 35> <Delay = 2.43>
ST_36 : Operation 198 [36/70] (2.43ns)   --->   "%empty = readreq i1 @_ssdm_op_ReadReq.m_axi.p1i512, i64 %gmem0_addr, i32 %burst_beats" [/home/x_thileeb/repos/ops-hls-pact25-artifact/OPS/ops/hls/include/device/../../L1/include/ops_hls_datamover.hpp:431]   --->   Operation 198 'readreq' 'empty' <Predicate = true> <Delay = 2.43> <CoreInst = "m_axi">   --->   Core 125 'm_axi' <Latency = 0> <II = 1> <Delay = 1.00> <Adapter> <Opcode : 'read' 'write' 'readreq' 'writereq' 'writeresp'>

State 37 <SV = 36> <Delay = 2.43>
ST_37 : Operation 199 [35/70] (2.43ns)   --->   "%empty = readreq i1 @_ssdm_op_ReadReq.m_axi.p1i512, i64 %gmem0_addr, i32 %burst_beats" [/home/x_thileeb/repos/ops-hls-pact25-artifact/OPS/ops/hls/include/device/../../L1/include/ops_hls_datamover.hpp:431]   --->   Operation 199 'readreq' 'empty' <Predicate = true> <Delay = 2.43> <CoreInst = "m_axi">   --->   Core 125 'm_axi' <Latency = 0> <II = 1> <Delay = 1.00> <Adapter> <Opcode : 'read' 'write' 'readreq' 'writereq' 'writeresp'>

State 38 <SV = 37> <Delay = 2.43>
ST_38 : Operation 200 [34/70] (2.43ns)   --->   "%empty = readreq i1 @_ssdm_op_ReadReq.m_axi.p1i512, i64 %gmem0_addr, i32 %burst_beats" [/home/x_thileeb/repos/ops-hls-pact25-artifact/OPS/ops/hls/include/device/../../L1/include/ops_hls_datamover.hpp:431]   --->   Operation 200 'readreq' 'empty' <Predicate = true> <Delay = 2.43> <CoreInst = "m_axi">   --->   Core 125 'm_axi' <Latency = 0> <II = 1> <Delay = 1.00> <Adapter> <Opcode : 'read' 'write' 'readreq' 'writereq' 'writeresp'>

State 39 <SV = 38> <Delay = 2.43>
ST_39 : Operation 201 [33/70] (2.43ns)   --->   "%empty = readreq i1 @_ssdm_op_ReadReq.m_axi.p1i512, i64 %gmem0_addr, i32 %burst_beats" [/home/x_thileeb/repos/ops-hls-pact25-artifact/OPS/ops/hls/include/device/../../L1/include/ops_hls_datamover.hpp:431]   --->   Operation 201 'readreq' 'empty' <Predicate = true> <Delay = 2.43> <CoreInst = "m_axi">   --->   Core 125 'm_axi' <Latency = 0> <II = 1> <Delay = 1.00> <Adapter> <Opcode : 'read' 'write' 'readreq' 'writereq' 'writeresp'>

State 40 <SV = 39> <Delay = 2.43>
ST_40 : Operation 202 [32/70] (2.43ns)   --->   "%empty = readreq i1 @_ssdm_op_ReadReq.m_axi.p1i512, i64 %gmem0_addr, i32 %burst_beats" [/home/x_thileeb/repos/ops-hls-pact25-artifact/OPS/ops/hls/include/device/../../L1/include/ops_hls_datamover.hpp:431]   --->   Operation 202 'readreq' 'empty' <Predicate = true> <Delay = 2.43> <CoreInst = "m_axi">   --->   Core 125 'm_axi' <Latency = 0> <II = 1> <Delay = 1.00> <Adapter> <Opcode : 'read' 'write' 'readreq' 'writereq' 'writeresp'>

State 41 <SV = 40> <Delay = 2.43>
ST_41 : Operation 203 [31/70] (2.43ns)   --->   "%empty = readreq i1 @_ssdm_op_ReadReq.m_axi.p1i512, i64 %gmem0_addr, i32 %burst_beats" [/home/x_thileeb/repos/ops-hls-pact25-artifact/OPS/ops/hls/include/device/../../L1/include/ops_hls_datamover.hpp:431]   --->   Operation 203 'readreq' 'empty' <Predicate = true> <Delay = 2.43> <CoreInst = "m_axi">   --->   Core 125 'm_axi' <Latency = 0> <II = 1> <Delay = 1.00> <Adapter> <Opcode : 'read' 'write' 'readreq' 'writereq' 'writeresp'>

State 42 <SV = 41> <Delay = 2.43>
ST_42 : Operation 204 [30/70] (2.43ns)   --->   "%empty = readreq i1 @_ssdm_op_ReadReq.m_axi.p1i512, i64 %gmem0_addr, i32 %burst_beats" [/home/x_thileeb/repos/ops-hls-pact25-artifact/OPS/ops/hls/include/device/../../L1/include/ops_hls_datamover.hpp:431]   --->   Operation 204 'readreq' 'empty' <Predicate = true> <Delay = 2.43> <CoreInst = "m_axi">   --->   Core 125 'm_axi' <Latency = 0> <II = 1> <Delay = 1.00> <Adapter> <Opcode : 'read' 'write' 'readreq' 'writereq' 'writeresp'>

State 43 <SV = 42> <Delay = 2.43>
ST_43 : Operation 205 [29/70] (2.43ns)   --->   "%empty = readreq i1 @_ssdm_op_ReadReq.m_axi.p1i512, i64 %gmem0_addr, i32 %burst_beats" [/home/x_thileeb/repos/ops-hls-pact25-artifact/OPS/ops/hls/include/device/../../L1/include/ops_hls_datamover.hpp:431]   --->   Operation 205 'readreq' 'empty' <Predicate = true> <Delay = 2.43> <CoreInst = "m_axi">   --->   Core 125 'm_axi' <Latency = 0> <II = 1> <Delay = 1.00> <Adapter> <Opcode : 'read' 'write' 'readreq' 'writereq' 'writeresp'>

State 44 <SV = 43> <Delay = 2.43>
ST_44 : Operation 206 [28/70] (2.43ns)   --->   "%empty = readreq i1 @_ssdm_op_ReadReq.m_axi.p1i512, i64 %gmem0_addr, i32 %burst_beats" [/home/x_thileeb/repos/ops-hls-pact25-artifact/OPS/ops/hls/include/device/../../L1/include/ops_hls_datamover.hpp:431]   --->   Operation 206 'readreq' 'empty' <Predicate = true> <Delay = 2.43> <CoreInst = "m_axi">   --->   Core 125 'm_axi' <Latency = 0> <II = 1> <Delay = 1.00> <Adapter> <Opcode : 'read' 'write' 'readreq' 'writereq' 'writeresp'>

State 45 <SV = 44> <Delay = 2.43>
ST_45 : Operation 207 [27/70] (2.43ns)   --->   "%empty = readreq i1 @_ssdm_op_ReadReq.m_axi.p1i512, i64 %gmem0_addr, i32 %burst_beats" [/home/x_thileeb/repos/ops-hls-pact25-artifact/OPS/ops/hls/include/device/../../L1/include/ops_hls_datamover.hpp:431]   --->   Operation 207 'readreq' 'empty' <Predicate = true> <Delay = 2.43> <CoreInst = "m_axi">   --->   Core 125 'm_axi' <Latency = 0> <II = 1> <Delay = 1.00> <Adapter> <Opcode : 'read' 'write' 'readreq' 'writereq' 'writeresp'>

State 46 <SV = 45> <Delay = 2.43>
ST_46 : Operation 208 [26/70] (2.43ns)   --->   "%empty = readreq i1 @_ssdm_op_ReadReq.m_axi.p1i512, i64 %gmem0_addr, i32 %burst_beats" [/home/x_thileeb/repos/ops-hls-pact25-artifact/OPS/ops/hls/include/device/../../L1/include/ops_hls_datamover.hpp:431]   --->   Operation 208 'readreq' 'empty' <Predicate = true> <Delay = 2.43> <CoreInst = "m_axi">   --->   Core 125 'm_axi' <Latency = 0> <II = 1> <Delay = 1.00> <Adapter> <Opcode : 'read' 'write' 'readreq' 'writereq' 'writeresp'>

State 47 <SV = 46> <Delay = 2.43>
ST_47 : Operation 209 [25/70] (2.43ns)   --->   "%empty = readreq i1 @_ssdm_op_ReadReq.m_axi.p1i512, i64 %gmem0_addr, i32 %burst_beats" [/home/x_thileeb/repos/ops-hls-pact25-artifact/OPS/ops/hls/include/device/../../L1/include/ops_hls_datamover.hpp:431]   --->   Operation 209 'readreq' 'empty' <Predicate = true> <Delay = 2.43> <CoreInst = "m_axi">   --->   Core 125 'm_axi' <Latency = 0> <II = 1> <Delay = 1.00> <Adapter> <Opcode : 'read' 'write' 'readreq' 'writereq' 'writeresp'>

State 48 <SV = 47> <Delay = 2.43>
ST_48 : Operation 210 [24/70] (2.43ns)   --->   "%empty = readreq i1 @_ssdm_op_ReadReq.m_axi.p1i512, i64 %gmem0_addr, i32 %burst_beats" [/home/x_thileeb/repos/ops-hls-pact25-artifact/OPS/ops/hls/include/device/../../L1/include/ops_hls_datamover.hpp:431]   --->   Operation 210 'readreq' 'empty' <Predicate = true> <Delay = 2.43> <CoreInst = "m_axi">   --->   Core 125 'm_axi' <Latency = 0> <II = 1> <Delay = 1.00> <Adapter> <Opcode : 'read' 'write' 'readreq' 'writereq' 'writeresp'>

State 49 <SV = 48> <Delay = 2.43>
ST_49 : Operation 211 [23/70] (2.43ns)   --->   "%empty = readreq i1 @_ssdm_op_ReadReq.m_axi.p1i512, i64 %gmem0_addr, i32 %burst_beats" [/home/x_thileeb/repos/ops-hls-pact25-artifact/OPS/ops/hls/include/device/../../L1/include/ops_hls_datamover.hpp:431]   --->   Operation 211 'readreq' 'empty' <Predicate = true> <Delay = 2.43> <CoreInst = "m_axi">   --->   Core 125 'm_axi' <Latency = 0> <II = 1> <Delay = 1.00> <Adapter> <Opcode : 'read' 'write' 'readreq' 'writereq' 'writeresp'>

State 50 <SV = 49> <Delay = 2.43>
ST_50 : Operation 212 [22/70] (2.43ns)   --->   "%empty = readreq i1 @_ssdm_op_ReadReq.m_axi.p1i512, i64 %gmem0_addr, i32 %burst_beats" [/home/x_thileeb/repos/ops-hls-pact25-artifact/OPS/ops/hls/include/device/../../L1/include/ops_hls_datamover.hpp:431]   --->   Operation 212 'readreq' 'empty' <Predicate = true> <Delay = 2.43> <CoreInst = "m_axi">   --->   Core 125 'm_axi' <Latency = 0> <II = 1> <Delay = 1.00> <Adapter> <Opcode : 'read' 'write' 'readreq' 'writereq' 'writeresp'>

State 51 <SV = 50> <Delay = 2.43>
ST_51 : Operation 213 [21/70] (2.43ns)   --->   "%empty = readreq i1 @_ssdm_op_ReadReq.m_axi.p1i512, i64 %gmem0_addr, i32 %burst_beats" [/home/x_thileeb/repos/ops-hls-pact25-artifact/OPS/ops/hls/include/device/../../L1/include/ops_hls_datamover.hpp:431]   --->   Operation 213 'readreq' 'empty' <Predicate = true> <Delay = 2.43> <CoreInst = "m_axi">   --->   Core 125 'm_axi' <Latency = 0> <II = 1> <Delay = 1.00> <Adapter> <Opcode : 'read' 'write' 'readreq' 'writereq' 'writeresp'>

State 52 <SV = 51> <Delay = 2.43>
ST_52 : Operation 214 [20/70] (2.43ns)   --->   "%empty = readreq i1 @_ssdm_op_ReadReq.m_axi.p1i512, i64 %gmem0_addr, i32 %burst_beats" [/home/x_thileeb/repos/ops-hls-pact25-artifact/OPS/ops/hls/include/device/../../L1/include/ops_hls_datamover.hpp:431]   --->   Operation 214 'readreq' 'empty' <Predicate = true> <Delay = 2.43> <CoreInst = "m_axi">   --->   Core 125 'm_axi' <Latency = 0> <II = 1> <Delay = 1.00> <Adapter> <Opcode : 'read' 'write' 'readreq' 'writereq' 'writeresp'>

State 53 <SV = 52> <Delay = 2.43>
ST_53 : Operation 215 [19/70] (2.43ns)   --->   "%empty = readreq i1 @_ssdm_op_ReadReq.m_axi.p1i512, i64 %gmem0_addr, i32 %burst_beats" [/home/x_thileeb/repos/ops-hls-pact25-artifact/OPS/ops/hls/include/device/../../L1/include/ops_hls_datamover.hpp:431]   --->   Operation 215 'readreq' 'empty' <Predicate = true> <Delay = 2.43> <CoreInst = "m_axi">   --->   Core 125 'm_axi' <Latency = 0> <II = 1> <Delay = 1.00> <Adapter> <Opcode : 'read' 'write' 'readreq' 'writereq' 'writeresp'>

State 54 <SV = 53> <Delay = 2.43>
ST_54 : Operation 216 [18/70] (2.43ns)   --->   "%empty = readreq i1 @_ssdm_op_ReadReq.m_axi.p1i512, i64 %gmem0_addr, i32 %burst_beats" [/home/x_thileeb/repos/ops-hls-pact25-artifact/OPS/ops/hls/include/device/../../L1/include/ops_hls_datamover.hpp:431]   --->   Operation 216 'readreq' 'empty' <Predicate = true> <Delay = 2.43> <CoreInst = "m_axi">   --->   Core 125 'm_axi' <Latency = 0> <II = 1> <Delay = 1.00> <Adapter> <Opcode : 'read' 'write' 'readreq' 'writereq' 'writeresp'>

State 55 <SV = 54> <Delay = 2.43>
ST_55 : Operation 217 [17/70] (2.43ns)   --->   "%empty = readreq i1 @_ssdm_op_ReadReq.m_axi.p1i512, i64 %gmem0_addr, i32 %burst_beats" [/home/x_thileeb/repos/ops-hls-pact25-artifact/OPS/ops/hls/include/device/../../L1/include/ops_hls_datamover.hpp:431]   --->   Operation 217 'readreq' 'empty' <Predicate = true> <Delay = 2.43> <CoreInst = "m_axi">   --->   Core 125 'm_axi' <Latency = 0> <II = 1> <Delay = 1.00> <Adapter> <Opcode : 'read' 'write' 'readreq' 'writereq' 'writeresp'>

State 56 <SV = 55> <Delay = 2.43>
ST_56 : Operation 218 [16/70] (2.43ns)   --->   "%empty = readreq i1 @_ssdm_op_ReadReq.m_axi.p1i512, i64 %gmem0_addr, i32 %burst_beats" [/home/x_thileeb/repos/ops-hls-pact25-artifact/OPS/ops/hls/include/device/../../L1/include/ops_hls_datamover.hpp:431]   --->   Operation 218 'readreq' 'empty' <Predicate = true> <Delay = 2.43> <CoreInst = "m_axi">   --->   Core 125 'm_axi' <Latency = 0> <II = 1> <Delay = 1.00> <Adapter> <Opcode : 'read' 'write' 'readreq' 'writereq' 'writeresp'>

State 57 <SV = 56> <Delay = 2.43>
ST_57 : Operation 219 [15/70] (2.43ns)   --->   "%empty = readreq i1 @_ssdm_op_ReadReq.m_axi.p1i512, i64 %gmem0_addr, i32 %burst_beats" [/home/x_thileeb/repos/ops-hls-pact25-artifact/OPS/ops/hls/include/device/../../L1/include/ops_hls_datamover.hpp:431]   --->   Operation 219 'readreq' 'empty' <Predicate = true> <Delay = 2.43> <CoreInst = "m_axi">   --->   Core 125 'm_axi' <Latency = 0> <II = 1> <Delay = 1.00> <Adapter> <Opcode : 'read' 'write' 'readreq' 'writereq' 'writeresp'>

State 58 <SV = 57> <Delay = 2.43>
ST_58 : Operation 220 [14/70] (2.43ns)   --->   "%empty = readreq i1 @_ssdm_op_ReadReq.m_axi.p1i512, i64 %gmem0_addr, i32 %burst_beats" [/home/x_thileeb/repos/ops-hls-pact25-artifact/OPS/ops/hls/include/device/../../L1/include/ops_hls_datamover.hpp:431]   --->   Operation 220 'readreq' 'empty' <Predicate = true> <Delay = 2.43> <CoreInst = "m_axi">   --->   Core 125 'm_axi' <Latency = 0> <II = 1> <Delay = 1.00> <Adapter> <Opcode : 'read' 'write' 'readreq' 'writereq' 'writeresp'>

State 59 <SV = 58> <Delay = 2.43>
ST_59 : Operation 221 [13/70] (2.43ns)   --->   "%empty = readreq i1 @_ssdm_op_ReadReq.m_axi.p1i512, i64 %gmem0_addr, i32 %burst_beats" [/home/x_thileeb/repos/ops-hls-pact25-artifact/OPS/ops/hls/include/device/../../L1/include/ops_hls_datamover.hpp:431]   --->   Operation 221 'readreq' 'empty' <Predicate = true> <Delay = 2.43> <CoreInst = "m_axi">   --->   Core 125 'm_axi' <Latency = 0> <II = 1> <Delay = 1.00> <Adapter> <Opcode : 'read' 'write' 'readreq' 'writereq' 'writeresp'>

State 60 <SV = 59> <Delay = 2.43>
ST_60 : Operation 222 [12/70] (2.43ns)   --->   "%empty = readreq i1 @_ssdm_op_ReadReq.m_axi.p1i512, i64 %gmem0_addr, i32 %burst_beats" [/home/x_thileeb/repos/ops-hls-pact25-artifact/OPS/ops/hls/include/device/../../L1/include/ops_hls_datamover.hpp:431]   --->   Operation 222 'readreq' 'empty' <Predicate = true> <Delay = 2.43> <CoreInst = "m_axi">   --->   Core 125 'm_axi' <Latency = 0> <II = 1> <Delay = 1.00> <Adapter> <Opcode : 'read' 'write' 'readreq' 'writereq' 'writeresp'>

State 61 <SV = 60> <Delay = 2.43>
ST_61 : Operation 223 [11/70] (2.43ns)   --->   "%empty = readreq i1 @_ssdm_op_ReadReq.m_axi.p1i512, i64 %gmem0_addr, i32 %burst_beats" [/home/x_thileeb/repos/ops-hls-pact25-artifact/OPS/ops/hls/include/device/../../L1/include/ops_hls_datamover.hpp:431]   --->   Operation 223 'readreq' 'empty' <Predicate = true> <Delay = 2.43> <CoreInst = "m_axi">   --->   Core 125 'm_axi' <Latency = 0> <II = 1> <Delay = 1.00> <Adapter> <Opcode : 'read' 'write' 'readreq' 'writereq' 'writeresp'>

State 62 <SV = 61> <Delay = 2.43>
ST_62 : Operation 224 [10/70] (2.43ns)   --->   "%empty = readreq i1 @_ssdm_op_ReadReq.m_axi.p1i512, i64 %gmem0_addr, i32 %burst_beats" [/home/x_thileeb/repos/ops-hls-pact25-artifact/OPS/ops/hls/include/device/../../L1/include/ops_hls_datamover.hpp:431]   --->   Operation 224 'readreq' 'empty' <Predicate = true> <Delay = 2.43> <CoreInst = "m_axi">   --->   Core 125 'm_axi' <Latency = 0> <II = 1> <Delay = 1.00> <Adapter> <Opcode : 'read' 'write' 'readreq' 'writereq' 'writeresp'>

State 63 <SV = 62> <Delay = 2.43>
ST_63 : Operation 225 [9/70] (2.43ns)   --->   "%empty = readreq i1 @_ssdm_op_ReadReq.m_axi.p1i512, i64 %gmem0_addr, i32 %burst_beats" [/home/x_thileeb/repos/ops-hls-pact25-artifact/OPS/ops/hls/include/device/../../L1/include/ops_hls_datamover.hpp:431]   --->   Operation 225 'readreq' 'empty' <Predicate = true> <Delay = 2.43> <CoreInst = "m_axi">   --->   Core 125 'm_axi' <Latency = 0> <II = 1> <Delay = 1.00> <Adapter> <Opcode : 'read' 'write' 'readreq' 'writereq' 'writeresp'>

State 64 <SV = 63> <Delay = 2.43>
ST_64 : Operation 226 [8/70] (2.43ns)   --->   "%empty = readreq i1 @_ssdm_op_ReadReq.m_axi.p1i512, i64 %gmem0_addr, i32 %burst_beats" [/home/x_thileeb/repos/ops-hls-pact25-artifact/OPS/ops/hls/include/device/../../L1/include/ops_hls_datamover.hpp:431]   --->   Operation 226 'readreq' 'empty' <Predicate = true> <Delay = 2.43> <CoreInst = "m_axi">   --->   Core 125 'm_axi' <Latency = 0> <II = 1> <Delay = 1.00> <Adapter> <Opcode : 'read' 'write' 'readreq' 'writereq' 'writeresp'>

State 65 <SV = 64> <Delay = 2.43>
ST_65 : Operation 227 [7/70] (2.43ns)   --->   "%empty = readreq i1 @_ssdm_op_ReadReq.m_axi.p1i512, i64 %gmem0_addr, i32 %burst_beats" [/home/x_thileeb/repos/ops-hls-pact25-artifact/OPS/ops/hls/include/device/../../L1/include/ops_hls_datamover.hpp:431]   --->   Operation 227 'readreq' 'empty' <Predicate = true> <Delay = 2.43> <CoreInst = "m_axi">   --->   Core 125 'm_axi' <Latency = 0> <II = 1> <Delay = 1.00> <Adapter> <Opcode : 'read' 'write' 'readreq' 'writereq' 'writeresp'>

State 66 <SV = 65> <Delay = 2.43>
ST_66 : Operation 228 [6/70] (2.43ns)   --->   "%empty = readreq i1 @_ssdm_op_ReadReq.m_axi.p1i512, i64 %gmem0_addr, i32 %burst_beats" [/home/x_thileeb/repos/ops-hls-pact25-artifact/OPS/ops/hls/include/device/../../L1/include/ops_hls_datamover.hpp:431]   --->   Operation 228 'readreq' 'empty' <Predicate = true> <Delay = 2.43> <CoreInst = "m_axi">   --->   Core 125 'm_axi' <Latency = 0> <II = 1> <Delay = 1.00> <Adapter> <Opcode : 'read' 'write' 'readreq' 'writereq' 'writeresp'>

State 67 <SV = 66> <Delay = 2.43>
ST_67 : Operation 229 [5/70] (2.43ns)   --->   "%empty = readreq i1 @_ssdm_op_ReadReq.m_axi.p1i512, i64 %gmem0_addr, i32 %burst_beats" [/home/x_thileeb/repos/ops-hls-pact25-artifact/OPS/ops/hls/include/device/../../L1/include/ops_hls_datamover.hpp:431]   --->   Operation 229 'readreq' 'empty' <Predicate = true> <Delay = 2.43> <CoreInst = "m_axi">   --->   Core 125 'm_axi' <Latency = 0> <II = 1> <Delay = 1.00> <Adapter> <Opcode : 'read' 'write' 'readreq' 'writereq' 'writeresp'>

State 68 <SV = 67> <Delay = 2.43>
ST_68 : Operation 230 [4/70] (2.43ns)   --->   "%empty = readreq i1 @_ssdm_op_ReadReq.m_axi.p1i512, i64 %gmem0_addr, i32 %burst_beats" [/home/x_thileeb/repos/ops-hls-pact25-artifact/OPS/ops/hls/include/device/../../L1/include/ops_hls_datamover.hpp:431]   --->   Operation 230 'readreq' 'empty' <Predicate = true> <Delay = 2.43> <CoreInst = "m_axi">   --->   Core 125 'm_axi' <Latency = 0> <II = 1> <Delay = 1.00> <Adapter> <Opcode : 'read' 'write' 'readreq' 'writereq' 'writeresp'>

State 69 <SV = 68> <Delay = 2.43>
ST_69 : Operation 231 [3/70] (2.43ns)   --->   "%empty = readreq i1 @_ssdm_op_ReadReq.m_axi.p1i512, i64 %gmem0_addr, i32 %burst_beats" [/home/x_thileeb/repos/ops-hls-pact25-artifact/OPS/ops/hls/include/device/../../L1/include/ops_hls_datamover.hpp:431]   --->   Operation 231 'readreq' 'empty' <Predicate = true> <Delay = 2.43> <CoreInst = "m_axi">   --->   Core 125 'm_axi' <Latency = 0> <II = 1> <Delay = 1.00> <Adapter> <Opcode : 'read' 'write' 'readreq' 'writereq' 'writeresp'>

State 70 <SV = 69> <Delay = 2.43>
ST_70 : Operation 232 [2/70] (2.43ns)   --->   "%empty = readreq i1 @_ssdm_op_ReadReq.m_axi.p1i512, i64 %gmem0_addr, i32 %burst_beats" [/home/x_thileeb/repos/ops-hls-pact25-artifact/OPS/ops/hls/include/device/../../L1/include/ops_hls_datamover.hpp:431]   --->   Operation 232 'readreq' 'empty' <Predicate = true> <Delay = 2.43> <CoreInst = "m_axi">   --->   Core 125 'm_axi' <Latency = 0> <II = 1> <Delay = 1.00> <Adapter> <Opcode : 'read' 'write' 'readreq' 'writereq' 'writeresp'>

State 71 <SV = 70> <Delay = 2.43>
ST_71 : Operation 233 [1/70] (2.43ns)   --->   "%empty = readreq i1 @_ssdm_op_ReadReq.m_axi.p1i512, i64 %gmem0_addr, i32 %burst_beats" [/home/x_thileeb/repos/ops-hls-pact25-artifact/OPS/ops/hls/include/device/../../L1/include/ops_hls_datamover.hpp:431]   --->   Operation 233 'readreq' 'empty' <Predicate = true> <Delay = 2.43> <CoreInst = "m_axi">   --->   Core 125 'm_axi' <Latency = 0> <II = 1> <Delay = 1.00> <Adapter> <Opcode : 'read' 'write' 'readreq' 'writereq' 'writeresp'>

State 72 <SV = 71> <Delay = 1.17>
ST_72 : Operation 234 [1/1] (0.00ns)   --->   "%empty_59 = wait i32 @_ssdm_op_Wait"   --->   Operation 234 'wait' 'empty_59' <Predicate = true> <Delay = 0.00>
ST_72 : Operation 235 [2/2] (1.17ns)   --->   "%call_ln431 = call void @mem2stream<512u, 32u, 2u>_Pipeline_VITIS_LOOP_431_1, i512 %gmem0, i58 %trunc_ln, i32 %burst_beats, i512 %arg0_read_mem_strm" [/home/x_thileeb/repos/ops-hls-pact25-artifact/OPS/ops/hls/include/device/../../L1/include/ops_hls_datamover.hpp:431]   --->   Operation 235 'call' 'call_ln431' <Predicate = true> <Delay = 1.17> <CoreType = "Generic">   --->   Core 0 '' <Latency = 0> <II = 1> <Delay = 1.00> <Generic> <Opcode : >

State 73 <SV = 72> <Delay = 0.00>
ST_73 : Operation 236 [1/2] (0.00ns)   --->   "%call_ln431 = call void @mem2stream<512u, 32u, 2u>_Pipeline_VITIS_LOOP_431_1, i512 %gmem0, i58 %trunc_ln, i32 %burst_beats, i512 %arg0_read_mem_strm" [/home/x_thileeb/repos/ops-hls-pact25-artifact/OPS/ops/hls/include/device/../../L1/include/ops_hls_datamover.hpp:431]   --->   Operation 236 'call' 'call_ln431' <Predicate = true> <Delay = 0.00> <CoreType = "Generic">   --->   Core 0 '' <Latency = 0> <II = 1> <Delay = 1.00> <Generic> <Opcode : >

State 74 <SV = 73> <Delay = 1.12>
ST_74 : Operation 237 [1/1] (0.00ns)   --->   "%empty_60 = wait i32 @_ssdm_op_Wait"   --->   Operation 237 'wait' 'empty_60' <Predicate = (!icmp_ln431)> <Delay = 0.00>
ST_74 : Operation 238 [1/1] (0.46ns)   --->   "%br_ln0 = br void %VITIS_LOOP_453_2.i"   --->   Operation 238 'br' 'br_ln0' <Predicate = (!icmp_ln431)> <Delay = 0.46>
ST_74 : Operation 239 [1/1] (0.00ns)   --->   "%index_4 = phi i32 %burst_beats, void %for.body.lr.ph.i, i32 0, void %entry"   --->   Operation 239 'phi' 'index_4' <Predicate = true> <Delay = 0.00>
ST_74 : Operation 240 [1/1] (0.47ns)   --->   "%icmp_ln453 = icmp_eq  i5 %non_burst_beats, i5 0" [/home/x_thileeb/repos/ops-hls-pact25-artifact/OPS/ops/hls/include/device/../../L1/include/ops_hls_datamover.hpp:453]   --->   Operation 240 'icmp' 'icmp_ln453' <Predicate = true> <Delay = 0.47> <CoreInst = "Cmp">   --->   Core 9 'Cmp' <Latency = 0> <II = 1> <Delay = 0.47> <FuncUnit> <Opcode : 'icmp'> <InPorts = 2> <OutPorts = 1>
ST_74 : Operation 241 [1/1] (0.00ns)   --->   "%br_ln453 = br i1 %icmp_ln453, void %for.body6.lr.ph.i, void %mem2stream<512u, 32u, 2u>.exit" [/home/x_thileeb/repos/ops-hls-pact25-artifact/OPS/ops/hls/include/device/../../L1/include/ops_hls_datamover.hpp:453]   --->   Operation 241 'br' 'br_ln453' <Predicate = true> <Delay = 0.00>
ST_74 : Operation 242 [1/1] (0.00ns)   --->   "%trunc_ln453 = trunc i32 %index_4" [/home/x_thileeb/repos/ops-hls-pact25-artifact/OPS/ops/hls/include/device/../../L1/include/ops_hls_datamover.hpp:453]   --->   Operation 242 'trunc' 'trunc_ln453' <Predicate = (!icmp_ln453)> <Delay = 0.00>
ST_74 : Operation 243 [1/1] (0.65ns)   --->   "%add_ln453_1 = add i5 %trunc_ln453, i5 %non_burst_beats" [/home/x_thileeb/repos/ops-hls-pact25-artifact/OPS/ops/hls/include/device/../../L1/include/ops_hls_datamover.hpp:453]   --->   Operation 243 'add' 'add_ln453_1' <Predicate = (!icmp_ln453)> <Delay = 0.65> <CoreInst = "Adder">   --->   Core 1 'Adder' <Latency = 0> <II = 1> <Delay = 0.65> <FuncUnit> <Opcode : 'add' 'sub'> <InPorts = 2> <OutPorts = 1>
ST_74 : Operation 244 [1/1] (0.00ns)   --->   "%shl_ln = bitconcatenate i38 @_ssdm_op_BitConcatenate.i38.i32.i6, i32 %burst_beats, i6 0" [/home/x_thileeb/repos/ops-hls-pact25-artifact/OPS/ops/hls/include/device/../../L1/include/ops_hls_datamover.hpp:453]   --->   Operation 244 'bitconcatenate' 'shl_ln' <Predicate = (!icmp_ln453)> <Delay = 0.00>
ST_74 : Operation 245 [1/1] (0.00ns)   --->   "%zext_ln453 = zext i38 %shl_ln" [/home/x_thileeb/repos/ops-hls-pact25-artifact/OPS/ops/hls/include/device/../../L1/include/ops_hls_datamover.hpp:453]   --->   Operation 245 'zext' 'zext_ln453' <Predicate = (!icmp_ln453)> <Delay = 0.00>
ST_74 : Operation 246 [1/1] (1.05ns)   --->   "%add_ln453_2 = add i64 %zext_ln453, i64 %mem_in_read" [/home/x_thileeb/repos/ops-hls-pact25-artifact/OPS/ops/hls/include/device/../../L1/include/ops_hls_datamover.hpp:453]   --->   Operation 246 'add' 'add_ln453_2' <Predicate = (!icmp_ln453)> <Delay = 1.05> <CoreInst = "Adder">   --->   Core 1 'Adder' <Latency = 0> <II = 1> <Delay = 1.05> <FuncUnit> <Opcode : 'add' 'sub'> <InPorts = 2> <OutPorts = 1>
ST_74 : Operation 247 [1/1] (0.00ns)   --->   "%trunc_ln453_1 = partselect i58 @_ssdm_op_PartSelect.i58.i64.i32.i32, i64 %add_ln453_2, i32 6, i32 63" [/home/x_thileeb/repos/ops-hls-pact25-artifact/OPS/ops/hls/include/device/../../L1/include/ops_hls_datamover.hpp:453]   --->   Operation 247 'partselect' 'trunc_ln453_1' <Predicate = (!icmp_ln453)> <Delay = 0.00>

State 75 <SV = 74> <Delay = 2.43>
ST_75 : Operation 248 [1/1] (0.00ns)   --->   "%sext_ln453 = sext i58 %trunc_ln453_1" [/home/x_thileeb/repos/ops-hls-pact25-artifact/OPS/ops/hls/include/device/../../L1/include/ops_hls_datamover.hpp:453]   --->   Operation 248 'sext' 'sext_ln453' <Predicate = true> <Delay = 0.00>
ST_75 : Operation 249 [1/1] (0.00ns)   --->   "%gmem0_addr_1 = getelementptr i512 %gmem0, i64 %sext_ln453" [/home/x_thileeb/repos/ops-hls-pact25-artifact/OPS/ops/hls/include/device/../../L1/include/ops_hls_datamover.hpp:453]   --->   Operation 249 'getelementptr' 'gmem0_addr_1' <Predicate = true> <Delay = 0.00>
ST_75 : Operation 250 [1/1] (0.00ns)   --->   "%zext_ln453_1 = zext i5 %add_ln453_1" [/home/x_thileeb/repos/ops-hls-pact25-artifact/OPS/ops/hls/include/device/../../L1/include/ops_hls_datamover.hpp:453]   --->   Operation 250 'zext' 'zext_ln453_1' <Predicate = true> <Delay = 0.00>
ST_75 : Operation 251 [70/70] (2.43ns)   --->   "%empty_61 = readreq i1 @_ssdm_op_ReadReq.m_axi.p1i512, i64 %gmem0_addr_1, i32 %zext_ln453_1" [/home/x_thileeb/repos/ops-hls-pact25-artifact/OPS/ops/hls/include/device/../../L1/include/ops_hls_datamover.hpp:453]   --->   Operation 251 'readreq' 'empty_61' <Predicate = true> <Delay = 2.43> <CoreInst = "m_axi">   --->   Core 125 'm_axi' <Latency = 0> <II = 1> <Delay = 1.00> <Adapter> <Opcode : 'read' 'write' 'readreq' 'writereq' 'writeresp'>

State 76 <SV = 75> <Delay = 2.43>
ST_76 : Operation 252 [69/70] (2.43ns)   --->   "%empty_61 = readreq i1 @_ssdm_op_ReadReq.m_axi.p1i512, i64 %gmem0_addr_1, i32 %zext_ln453_1" [/home/x_thileeb/repos/ops-hls-pact25-artifact/OPS/ops/hls/include/device/../../L1/include/ops_hls_datamover.hpp:453]   --->   Operation 252 'readreq' 'empty_61' <Predicate = true> <Delay = 2.43> <CoreInst = "m_axi">   --->   Core 125 'm_axi' <Latency = 0> <II = 1> <Delay = 1.00> <Adapter> <Opcode : 'read' 'write' 'readreq' 'writereq' 'writeresp'>

State 77 <SV = 76> <Delay = 2.43>
ST_77 : Operation 253 [68/70] (2.43ns)   --->   "%empty_61 = readreq i1 @_ssdm_op_ReadReq.m_axi.p1i512, i64 %gmem0_addr_1, i32 %zext_ln453_1" [/home/x_thileeb/repos/ops-hls-pact25-artifact/OPS/ops/hls/include/device/../../L1/include/ops_hls_datamover.hpp:453]   --->   Operation 253 'readreq' 'empty_61' <Predicate = true> <Delay = 2.43> <CoreInst = "m_axi">   --->   Core 125 'm_axi' <Latency = 0> <II = 1> <Delay = 1.00> <Adapter> <Opcode : 'read' 'write' 'readreq' 'writereq' 'writeresp'>

State 78 <SV = 77> <Delay = 2.43>
ST_78 : Operation 254 [67/70] (2.43ns)   --->   "%empty_61 = readreq i1 @_ssdm_op_ReadReq.m_axi.p1i512, i64 %gmem0_addr_1, i32 %zext_ln453_1" [/home/x_thileeb/repos/ops-hls-pact25-artifact/OPS/ops/hls/include/device/../../L1/include/ops_hls_datamover.hpp:453]   --->   Operation 254 'readreq' 'empty_61' <Predicate = true> <Delay = 2.43> <CoreInst = "m_axi">   --->   Core 125 'm_axi' <Latency = 0> <II = 1> <Delay = 1.00> <Adapter> <Opcode : 'read' 'write' 'readreq' 'writereq' 'writeresp'>

State 79 <SV = 78> <Delay = 2.43>
ST_79 : Operation 255 [66/70] (2.43ns)   --->   "%empty_61 = readreq i1 @_ssdm_op_ReadReq.m_axi.p1i512, i64 %gmem0_addr_1, i32 %zext_ln453_1" [/home/x_thileeb/repos/ops-hls-pact25-artifact/OPS/ops/hls/include/device/../../L1/include/ops_hls_datamover.hpp:453]   --->   Operation 255 'readreq' 'empty_61' <Predicate = true> <Delay = 2.43> <CoreInst = "m_axi">   --->   Core 125 'm_axi' <Latency = 0> <II = 1> <Delay = 1.00> <Adapter> <Opcode : 'read' 'write' 'readreq' 'writereq' 'writeresp'>

State 80 <SV = 79> <Delay = 2.43>
ST_80 : Operation 256 [65/70] (2.43ns)   --->   "%empty_61 = readreq i1 @_ssdm_op_ReadReq.m_axi.p1i512, i64 %gmem0_addr_1, i32 %zext_ln453_1" [/home/x_thileeb/repos/ops-hls-pact25-artifact/OPS/ops/hls/include/device/../../L1/include/ops_hls_datamover.hpp:453]   --->   Operation 256 'readreq' 'empty_61' <Predicate = true> <Delay = 2.43> <CoreInst = "m_axi">   --->   Core 125 'm_axi' <Latency = 0> <II = 1> <Delay = 1.00> <Adapter> <Opcode : 'read' 'write' 'readreq' 'writereq' 'writeresp'>

State 81 <SV = 80> <Delay = 2.43>
ST_81 : Operation 257 [64/70] (2.43ns)   --->   "%empty_61 = readreq i1 @_ssdm_op_ReadReq.m_axi.p1i512, i64 %gmem0_addr_1, i32 %zext_ln453_1" [/home/x_thileeb/repos/ops-hls-pact25-artifact/OPS/ops/hls/include/device/../../L1/include/ops_hls_datamover.hpp:453]   --->   Operation 257 'readreq' 'empty_61' <Predicate = true> <Delay = 2.43> <CoreInst = "m_axi">   --->   Core 125 'm_axi' <Latency = 0> <II = 1> <Delay = 1.00> <Adapter> <Opcode : 'read' 'write' 'readreq' 'writereq' 'writeresp'>

State 82 <SV = 81> <Delay = 2.43>
ST_82 : Operation 258 [63/70] (2.43ns)   --->   "%empty_61 = readreq i1 @_ssdm_op_ReadReq.m_axi.p1i512, i64 %gmem0_addr_1, i32 %zext_ln453_1" [/home/x_thileeb/repos/ops-hls-pact25-artifact/OPS/ops/hls/include/device/../../L1/include/ops_hls_datamover.hpp:453]   --->   Operation 258 'readreq' 'empty_61' <Predicate = true> <Delay = 2.43> <CoreInst = "m_axi">   --->   Core 125 'm_axi' <Latency = 0> <II = 1> <Delay = 1.00> <Adapter> <Opcode : 'read' 'write' 'readreq' 'writereq' 'writeresp'>

State 83 <SV = 82> <Delay = 2.43>
ST_83 : Operation 259 [62/70] (2.43ns)   --->   "%empty_61 = readreq i1 @_ssdm_op_ReadReq.m_axi.p1i512, i64 %gmem0_addr_1, i32 %zext_ln453_1" [/home/x_thileeb/repos/ops-hls-pact25-artifact/OPS/ops/hls/include/device/../../L1/include/ops_hls_datamover.hpp:453]   --->   Operation 259 'readreq' 'empty_61' <Predicate = true> <Delay = 2.43> <CoreInst = "m_axi">   --->   Core 125 'm_axi' <Latency = 0> <II = 1> <Delay = 1.00> <Adapter> <Opcode : 'read' 'write' 'readreq' 'writereq' 'writeresp'>

State 84 <SV = 83> <Delay = 2.43>
ST_84 : Operation 260 [61/70] (2.43ns)   --->   "%empty_61 = readreq i1 @_ssdm_op_ReadReq.m_axi.p1i512, i64 %gmem0_addr_1, i32 %zext_ln453_1" [/home/x_thileeb/repos/ops-hls-pact25-artifact/OPS/ops/hls/include/device/../../L1/include/ops_hls_datamover.hpp:453]   --->   Operation 260 'readreq' 'empty_61' <Predicate = true> <Delay = 2.43> <CoreInst = "m_axi">   --->   Core 125 'm_axi' <Latency = 0> <II = 1> <Delay = 1.00> <Adapter> <Opcode : 'read' 'write' 'readreq' 'writereq' 'writeresp'>

State 85 <SV = 84> <Delay = 2.43>
ST_85 : Operation 261 [60/70] (2.43ns)   --->   "%empty_61 = readreq i1 @_ssdm_op_ReadReq.m_axi.p1i512, i64 %gmem0_addr_1, i32 %zext_ln453_1" [/home/x_thileeb/repos/ops-hls-pact25-artifact/OPS/ops/hls/include/device/../../L1/include/ops_hls_datamover.hpp:453]   --->   Operation 261 'readreq' 'empty_61' <Predicate = true> <Delay = 2.43> <CoreInst = "m_axi">   --->   Core 125 'm_axi' <Latency = 0> <II = 1> <Delay = 1.00> <Adapter> <Opcode : 'read' 'write' 'readreq' 'writereq' 'writeresp'>

State 86 <SV = 85> <Delay = 2.43>
ST_86 : Operation 262 [59/70] (2.43ns)   --->   "%empty_61 = readreq i1 @_ssdm_op_ReadReq.m_axi.p1i512, i64 %gmem0_addr_1, i32 %zext_ln453_1" [/home/x_thileeb/repos/ops-hls-pact25-artifact/OPS/ops/hls/include/device/../../L1/include/ops_hls_datamover.hpp:453]   --->   Operation 262 'readreq' 'empty_61' <Predicate = true> <Delay = 2.43> <CoreInst = "m_axi">   --->   Core 125 'm_axi' <Latency = 0> <II = 1> <Delay = 1.00> <Adapter> <Opcode : 'read' 'write' 'readreq' 'writereq' 'writeresp'>

State 87 <SV = 86> <Delay = 2.43>
ST_87 : Operation 263 [58/70] (2.43ns)   --->   "%empty_61 = readreq i1 @_ssdm_op_ReadReq.m_axi.p1i512, i64 %gmem0_addr_1, i32 %zext_ln453_1" [/home/x_thileeb/repos/ops-hls-pact25-artifact/OPS/ops/hls/include/device/../../L1/include/ops_hls_datamover.hpp:453]   --->   Operation 263 'readreq' 'empty_61' <Predicate = true> <Delay = 2.43> <CoreInst = "m_axi">   --->   Core 125 'm_axi' <Latency = 0> <II = 1> <Delay = 1.00> <Adapter> <Opcode : 'read' 'write' 'readreq' 'writereq' 'writeresp'>

State 88 <SV = 87> <Delay = 2.43>
ST_88 : Operation 264 [57/70] (2.43ns)   --->   "%empty_61 = readreq i1 @_ssdm_op_ReadReq.m_axi.p1i512, i64 %gmem0_addr_1, i32 %zext_ln453_1" [/home/x_thileeb/repos/ops-hls-pact25-artifact/OPS/ops/hls/include/device/../../L1/include/ops_hls_datamover.hpp:453]   --->   Operation 264 'readreq' 'empty_61' <Predicate = true> <Delay = 2.43> <CoreInst = "m_axi">   --->   Core 125 'm_axi' <Latency = 0> <II = 1> <Delay = 1.00> <Adapter> <Opcode : 'read' 'write' 'readreq' 'writereq' 'writeresp'>

State 89 <SV = 88> <Delay = 2.43>
ST_89 : Operation 265 [56/70] (2.43ns)   --->   "%empty_61 = readreq i1 @_ssdm_op_ReadReq.m_axi.p1i512, i64 %gmem0_addr_1, i32 %zext_ln453_1" [/home/x_thileeb/repos/ops-hls-pact25-artifact/OPS/ops/hls/include/device/../../L1/include/ops_hls_datamover.hpp:453]   --->   Operation 265 'readreq' 'empty_61' <Predicate = true> <Delay = 2.43> <CoreInst = "m_axi">   --->   Core 125 'm_axi' <Latency = 0> <II = 1> <Delay = 1.00> <Adapter> <Opcode : 'read' 'write' 'readreq' 'writereq' 'writeresp'>

State 90 <SV = 89> <Delay = 2.43>
ST_90 : Operation 266 [55/70] (2.43ns)   --->   "%empty_61 = readreq i1 @_ssdm_op_ReadReq.m_axi.p1i512, i64 %gmem0_addr_1, i32 %zext_ln453_1" [/home/x_thileeb/repos/ops-hls-pact25-artifact/OPS/ops/hls/include/device/../../L1/include/ops_hls_datamover.hpp:453]   --->   Operation 266 'readreq' 'empty_61' <Predicate = true> <Delay = 2.43> <CoreInst = "m_axi">   --->   Core 125 'm_axi' <Latency = 0> <II = 1> <Delay = 1.00> <Adapter> <Opcode : 'read' 'write' 'readreq' 'writereq' 'writeresp'>

State 91 <SV = 90> <Delay = 2.43>
ST_91 : Operation 267 [54/70] (2.43ns)   --->   "%empty_61 = readreq i1 @_ssdm_op_ReadReq.m_axi.p1i512, i64 %gmem0_addr_1, i32 %zext_ln453_1" [/home/x_thileeb/repos/ops-hls-pact25-artifact/OPS/ops/hls/include/device/../../L1/include/ops_hls_datamover.hpp:453]   --->   Operation 267 'readreq' 'empty_61' <Predicate = true> <Delay = 2.43> <CoreInst = "m_axi">   --->   Core 125 'm_axi' <Latency = 0> <II = 1> <Delay = 1.00> <Adapter> <Opcode : 'read' 'write' 'readreq' 'writereq' 'writeresp'>

State 92 <SV = 91> <Delay = 2.43>
ST_92 : Operation 268 [53/70] (2.43ns)   --->   "%empty_61 = readreq i1 @_ssdm_op_ReadReq.m_axi.p1i512, i64 %gmem0_addr_1, i32 %zext_ln453_1" [/home/x_thileeb/repos/ops-hls-pact25-artifact/OPS/ops/hls/include/device/../../L1/include/ops_hls_datamover.hpp:453]   --->   Operation 268 'readreq' 'empty_61' <Predicate = true> <Delay = 2.43> <CoreInst = "m_axi">   --->   Core 125 'm_axi' <Latency = 0> <II = 1> <Delay = 1.00> <Adapter> <Opcode : 'read' 'write' 'readreq' 'writereq' 'writeresp'>

State 93 <SV = 92> <Delay = 2.43>
ST_93 : Operation 269 [52/70] (2.43ns)   --->   "%empty_61 = readreq i1 @_ssdm_op_ReadReq.m_axi.p1i512, i64 %gmem0_addr_1, i32 %zext_ln453_1" [/home/x_thileeb/repos/ops-hls-pact25-artifact/OPS/ops/hls/include/device/../../L1/include/ops_hls_datamover.hpp:453]   --->   Operation 269 'readreq' 'empty_61' <Predicate = true> <Delay = 2.43> <CoreInst = "m_axi">   --->   Core 125 'm_axi' <Latency = 0> <II = 1> <Delay = 1.00> <Adapter> <Opcode : 'read' 'write' 'readreq' 'writereq' 'writeresp'>

State 94 <SV = 93> <Delay = 2.43>
ST_94 : Operation 270 [51/70] (2.43ns)   --->   "%empty_61 = readreq i1 @_ssdm_op_ReadReq.m_axi.p1i512, i64 %gmem0_addr_1, i32 %zext_ln453_1" [/home/x_thileeb/repos/ops-hls-pact25-artifact/OPS/ops/hls/include/device/../../L1/include/ops_hls_datamover.hpp:453]   --->   Operation 270 'readreq' 'empty_61' <Predicate = true> <Delay = 2.43> <CoreInst = "m_axi">   --->   Core 125 'm_axi' <Latency = 0> <II = 1> <Delay = 1.00> <Adapter> <Opcode : 'read' 'write' 'readreq' 'writereq' 'writeresp'>

State 95 <SV = 94> <Delay = 2.43>
ST_95 : Operation 271 [50/70] (2.43ns)   --->   "%empty_61 = readreq i1 @_ssdm_op_ReadReq.m_axi.p1i512, i64 %gmem0_addr_1, i32 %zext_ln453_1" [/home/x_thileeb/repos/ops-hls-pact25-artifact/OPS/ops/hls/include/device/../../L1/include/ops_hls_datamover.hpp:453]   --->   Operation 271 'readreq' 'empty_61' <Predicate = true> <Delay = 2.43> <CoreInst = "m_axi">   --->   Core 125 'm_axi' <Latency = 0> <II = 1> <Delay = 1.00> <Adapter> <Opcode : 'read' 'write' 'readreq' 'writereq' 'writeresp'>

State 96 <SV = 95> <Delay = 2.43>
ST_96 : Operation 272 [49/70] (2.43ns)   --->   "%empty_61 = readreq i1 @_ssdm_op_ReadReq.m_axi.p1i512, i64 %gmem0_addr_1, i32 %zext_ln453_1" [/home/x_thileeb/repos/ops-hls-pact25-artifact/OPS/ops/hls/include/device/../../L1/include/ops_hls_datamover.hpp:453]   --->   Operation 272 'readreq' 'empty_61' <Predicate = true> <Delay = 2.43> <CoreInst = "m_axi">   --->   Core 125 'm_axi' <Latency = 0> <II = 1> <Delay = 1.00> <Adapter> <Opcode : 'read' 'write' 'readreq' 'writereq' 'writeresp'>

State 97 <SV = 96> <Delay = 2.43>
ST_97 : Operation 273 [48/70] (2.43ns)   --->   "%empty_61 = readreq i1 @_ssdm_op_ReadReq.m_axi.p1i512, i64 %gmem0_addr_1, i32 %zext_ln453_1" [/home/x_thileeb/repos/ops-hls-pact25-artifact/OPS/ops/hls/include/device/../../L1/include/ops_hls_datamover.hpp:453]   --->   Operation 273 'readreq' 'empty_61' <Predicate = true> <Delay = 2.43> <CoreInst = "m_axi">   --->   Core 125 'm_axi' <Latency = 0> <II = 1> <Delay = 1.00> <Adapter> <Opcode : 'read' 'write' 'readreq' 'writereq' 'writeresp'>

State 98 <SV = 97> <Delay = 2.43>
ST_98 : Operation 274 [47/70] (2.43ns)   --->   "%empty_61 = readreq i1 @_ssdm_op_ReadReq.m_axi.p1i512, i64 %gmem0_addr_1, i32 %zext_ln453_1" [/home/x_thileeb/repos/ops-hls-pact25-artifact/OPS/ops/hls/include/device/../../L1/include/ops_hls_datamover.hpp:453]   --->   Operation 274 'readreq' 'empty_61' <Predicate = true> <Delay = 2.43> <CoreInst = "m_axi">   --->   Core 125 'm_axi' <Latency = 0> <II = 1> <Delay = 1.00> <Adapter> <Opcode : 'read' 'write' 'readreq' 'writereq' 'writeresp'>

State 99 <SV = 98> <Delay = 2.43>
ST_99 : Operation 275 [46/70] (2.43ns)   --->   "%empty_61 = readreq i1 @_ssdm_op_ReadReq.m_axi.p1i512, i64 %gmem0_addr_1, i32 %zext_ln453_1" [/home/x_thileeb/repos/ops-hls-pact25-artifact/OPS/ops/hls/include/device/../../L1/include/ops_hls_datamover.hpp:453]   --->   Operation 275 'readreq' 'empty_61' <Predicate = true> <Delay = 2.43> <CoreInst = "m_axi">   --->   Core 125 'm_axi' <Latency = 0> <II = 1> <Delay = 1.00> <Adapter> <Opcode : 'read' 'write' 'readreq' 'writereq' 'writeresp'>

State 100 <SV = 99> <Delay = 2.43>
ST_100 : Operation 276 [45/70] (2.43ns)   --->   "%empty_61 = readreq i1 @_ssdm_op_ReadReq.m_axi.p1i512, i64 %gmem0_addr_1, i32 %zext_ln453_1" [/home/x_thileeb/repos/ops-hls-pact25-artifact/OPS/ops/hls/include/device/../../L1/include/ops_hls_datamover.hpp:453]   --->   Operation 276 'readreq' 'empty_61' <Predicate = true> <Delay = 2.43> <CoreInst = "m_axi">   --->   Core 125 'm_axi' <Latency = 0> <II = 1> <Delay = 1.00> <Adapter> <Opcode : 'read' 'write' 'readreq' 'writereq' 'writeresp'>

State 101 <SV = 100> <Delay = 2.43>
ST_101 : Operation 277 [44/70] (2.43ns)   --->   "%empty_61 = readreq i1 @_ssdm_op_ReadReq.m_axi.p1i512, i64 %gmem0_addr_1, i32 %zext_ln453_1" [/home/x_thileeb/repos/ops-hls-pact25-artifact/OPS/ops/hls/include/device/../../L1/include/ops_hls_datamover.hpp:453]   --->   Operation 277 'readreq' 'empty_61' <Predicate = true> <Delay = 2.43> <CoreInst = "m_axi">   --->   Core 125 'm_axi' <Latency = 0> <II = 1> <Delay = 1.00> <Adapter> <Opcode : 'read' 'write' 'readreq' 'writereq' 'writeresp'>

State 102 <SV = 101> <Delay = 2.43>
ST_102 : Operation 278 [43/70] (2.43ns)   --->   "%empty_61 = readreq i1 @_ssdm_op_ReadReq.m_axi.p1i512, i64 %gmem0_addr_1, i32 %zext_ln453_1" [/home/x_thileeb/repos/ops-hls-pact25-artifact/OPS/ops/hls/include/device/../../L1/include/ops_hls_datamover.hpp:453]   --->   Operation 278 'readreq' 'empty_61' <Predicate = true> <Delay = 2.43> <CoreInst = "m_axi">   --->   Core 125 'm_axi' <Latency = 0> <II = 1> <Delay = 1.00> <Adapter> <Opcode : 'read' 'write' 'readreq' 'writereq' 'writeresp'>

State 103 <SV = 102> <Delay = 2.43>
ST_103 : Operation 279 [42/70] (2.43ns)   --->   "%empty_61 = readreq i1 @_ssdm_op_ReadReq.m_axi.p1i512, i64 %gmem0_addr_1, i32 %zext_ln453_1" [/home/x_thileeb/repos/ops-hls-pact25-artifact/OPS/ops/hls/include/device/../../L1/include/ops_hls_datamover.hpp:453]   --->   Operation 279 'readreq' 'empty_61' <Predicate = true> <Delay = 2.43> <CoreInst = "m_axi">   --->   Core 125 'm_axi' <Latency = 0> <II = 1> <Delay = 1.00> <Adapter> <Opcode : 'read' 'write' 'readreq' 'writereq' 'writeresp'>

State 104 <SV = 103> <Delay = 2.43>
ST_104 : Operation 280 [41/70] (2.43ns)   --->   "%empty_61 = readreq i1 @_ssdm_op_ReadReq.m_axi.p1i512, i64 %gmem0_addr_1, i32 %zext_ln453_1" [/home/x_thileeb/repos/ops-hls-pact25-artifact/OPS/ops/hls/include/device/../../L1/include/ops_hls_datamover.hpp:453]   --->   Operation 280 'readreq' 'empty_61' <Predicate = true> <Delay = 2.43> <CoreInst = "m_axi">   --->   Core 125 'm_axi' <Latency = 0> <II = 1> <Delay = 1.00> <Adapter> <Opcode : 'read' 'write' 'readreq' 'writereq' 'writeresp'>

State 105 <SV = 104> <Delay = 2.43>
ST_105 : Operation 281 [40/70] (2.43ns)   --->   "%empty_61 = readreq i1 @_ssdm_op_ReadReq.m_axi.p1i512, i64 %gmem0_addr_1, i32 %zext_ln453_1" [/home/x_thileeb/repos/ops-hls-pact25-artifact/OPS/ops/hls/include/device/../../L1/include/ops_hls_datamover.hpp:453]   --->   Operation 281 'readreq' 'empty_61' <Predicate = true> <Delay = 2.43> <CoreInst = "m_axi">   --->   Core 125 'm_axi' <Latency = 0> <II = 1> <Delay = 1.00> <Adapter> <Opcode : 'read' 'write' 'readreq' 'writereq' 'writeresp'>

State 106 <SV = 105> <Delay = 2.43>
ST_106 : Operation 282 [39/70] (2.43ns)   --->   "%empty_61 = readreq i1 @_ssdm_op_ReadReq.m_axi.p1i512, i64 %gmem0_addr_1, i32 %zext_ln453_1" [/home/x_thileeb/repos/ops-hls-pact25-artifact/OPS/ops/hls/include/device/../../L1/include/ops_hls_datamover.hpp:453]   --->   Operation 282 'readreq' 'empty_61' <Predicate = true> <Delay = 2.43> <CoreInst = "m_axi">   --->   Core 125 'm_axi' <Latency = 0> <II = 1> <Delay = 1.00> <Adapter> <Opcode : 'read' 'write' 'readreq' 'writereq' 'writeresp'>

State 107 <SV = 106> <Delay = 2.43>
ST_107 : Operation 283 [38/70] (2.43ns)   --->   "%empty_61 = readreq i1 @_ssdm_op_ReadReq.m_axi.p1i512, i64 %gmem0_addr_1, i32 %zext_ln453_1" [/home/x_thileeb/repos/ops-hls-pact25-artifact/OPS/ops/hls/include/device/../../L1/include/ops_hls_datamover.hpp:453]   --->   Operation 283 'readreq' 'empty_61' <Predicate = true> <Delay = 2.43> <CoreInst = "m_axi">   --->   Core 125 'm_axi' <Latency = 0> <II = 1> <Delay = 1.00> <Adapter> <Opcode : 'read' 'write' 'readreq' 'writereq' 'writeresp'>

State 108 <SV = 107> <Delay = 2.43>
ST_108 : Operation 284 [37/70] (2.43ns)   --->   "%empty_61 = readreq i1 @_ssdm_op_ReadReq.m_axi.p1i512, i64 %gmem0_addr_1, i32 %zext_ln453_1" [/home/x_thileeb/repos/ops-hls-pact25-artifact/OPS/ops/hls/include/device/../../L1/include/ops_hls_datamover.hpp:453]   --->   Operation 284 'readreq' 'empty_61' <Predicate = true> <Delay = 2.43> <CoreInst = "m_axi">   --->   Core 125 'm_axi' <Latency = 0> <II = 1> <Delay = 1.00> <Adapter> <Opcode : 'read' 'write' 'readreq' 'writereq' 'writeresp'>

State 109 <SV = 108> <Delay = 2.43>
ST_109 : Operation 285 [36/70] (2.43ns)   --->   "%empty_61 = readreq i1 @_ssdm_op_ReadReq.m_axi.p1i512, i64 %gmem0_addr_1, i32 %zext_ln453_1" [/home/x_thileeb/repos/ops-hls-pact25-artifact/OPS/ops/hls/include/device/../../L1/include/ops_hls_datamover.hpp:453]   --->   Operation 285 'readreq' 'empty_61' <Predicate = true> <Delay = 2.43> <CoreInst = "m_axi">   --->   Core 125 'm_axi' <Latency = 0> <II = 1> <Delay = 1.00> <Adapter> <Opcode : 'read' 'write' 'readreq' 'writereq' 'writeresp'>

State 110 <SV = 109> <Delay = 2.43>
ST_110 : Operation 286 [35/70] (2.43ns)   --->   "%empty_61 = readreq i1 @_ssdm_op_ReadReq.m_axi.p1i512, i64 %gmem0_addr_1, i32 %zext_ln453_1" [/home/x_thileeb/repos/ops-hls-pact25-artifact/OPS/ops/hls/include/device/../../L1/include/ops_hls_datamover.hpp:453]   --->   Operation 286 'readreq' 'empty_61' <Predicate = true> <Delay = 2.43> <CoreInst = "m_axi">   --->   Core 125 'm_axi' <Latency = 0> <II = 1> <Delay = 1.00> <Adapter> <Opcode : 'read' 'write' 'readreq' 'writereq' 'writeresp'>

State 111 <SV = 110> <Delay = 2.43>
ST_111 : Operation 287 [34/70] (2.43ns)   --->   "%empty_61 = readreq i1 @_ssdm_op_ReadReq.m_axi.p1i512, i64 %gmem0_addr_1, i32 %zext_ln453_1" [/home/x_thileeb/repos/ops-hls-pact25-artifact/OPS/ops/hls/include/device/../../L1/include/ops_hls_datamover.hpp:453]   --->   Operation 287 'readreq' 'empty_61' <Predicate = true> <Delay = 2.43> <CoreInst = "m_axi">   --->   Core 125 'm_axi' <Latency = 0> <II = 1> <Delay = 1.00> <Adapter> <Opcode : 'read' 'write' 'readreq' 'writereq' 'writeresp'>

State 112 <SV = 111> <Delay = 2.43>
ST_112 : Operation 288 [33/70] (2.43ns)   --->   "%empty_61 = readreq i1 @_ssdm_op_ReadReq.m_axi.p1i512, i64 %gmem0_addr_1, i32 %zext_ln453_1" [/home/x_thileeb/repos/ops-hls-pact25-artifact/OPS/ops/hls/include/device/../../L1/include/ops_hls_datamover.hpp:453]   --->   Operation 288 'readreq' 'empty_61' <Predicate = true> <Delay = 2.43> <CoreInst = "m_axi">   --->   Core 125 'm_axi' <Latency = 0> <II = 1> <Delay = 1.00> <Adapter> <Opcode : 'read' 'write' 'readreq' 'writereq' 'writeresp'>

State 113 <SV = 112> <Delay = 2.43>
ST_113 : Operation 289 [32/70] (2.43ns)   --->   "%empty_61 = readreq i1 @_ssdm_op_ReadReq.m_axi.p1i512, i64 %gmem0_addr_1, i32 %zext_ln453_1" [/home/x_thileeb/repos/ops-hls-pact25-artifact/OPS/ops/hls/include/device/../../L1/include/ops_hls_datamover.hpp:453]   --->   Operation 289 'readreq' 'empty_61' <Predicate = true> <Delay = 2.43> <CoreInst = "m_axi">   --->   Core 125 'm_axi' <Latency = 0> <II = 1> <Delay = 1.00> <Adapter> <Opcode : 'read' 'write' 'readreq' 'writereq' 'writeresp'>

State 114 <SV = 113> <Delay = 2.43>
ST_114 : Operation 290 [31/70] (2.43ns)   --->   "%empty_61 = readreq i1 @_ssdm_op_ReadReq.m_axi.p1i512, i64 %gmem0_addr_1, i32 %zext_ln453_1" [/home/x_thileeb/repos/ops-hls-pact25-artifact/OPS/ops/hls/include/device/../../L1/include/ops_hls_datamover.hpp:453]   --->   Operation 290 'readreq' 'empty_61' <Predicate = true> <Delay = 2.43> <CoreInst = "m_axi">   --->   Core 125 'm_axi' <Latency = 0> <II = 1> <Delay = 1.00> <Adapter> <Opcode : 'read' 'write' 'readreq' 'writereq' 'writeresp'>

State 115 <SV = 114> <Delay = 2.43>
ST_115 : Operation 291 [30/70] (2.43ns)   --->   "%empty_61 = readreq i1 @_ssdm_op_ReadReq.m_axi.p1i512, i64 %gmem0_addr_1, i32 %zext_ln453_1" [/home/x_thileeb/repos/ops-hls-pact25-artifact/OPS/ops/hls/include/device/../../L1/include/ops_hls_datamover.hpp:453]   --->   Operation 291 'readreq' 'empty_61' <Predicate = true> <Delay = 2.43> <CoreInst = "m_axi">   --->   Core 125 'm_axi' <Latency = 0> <II = 1> <Delay = 1.00> <Adapter> <Opcode : 'read' 'write' 'readreq' 'writereq' 'writeresp'>

State 116 <SV = 115> <Delay = 2.43>
ST_116 : Operation 292 [29/70] (2.43ns)   --->   "%empty_61 = readreq i1 @_ssdm_op_ReadReq.m_axi.p1i512, i64 %gmem0_addr_1, i32 %zext_ln453_1" [/home/x_thileeb/repos/ops-hls-pact25-artifact/OPS/ops/hls/include/device/../../L1/include/ops_hls_datamover.hpp:453]   --->   Operation 292 'readreq' 'empty_61' <Predicate = true> <Delay = 2.43> <CoreInst = "m_axi">   --->   Core 125 'm_axi' <Latency = 0> <II = 1> <Delay = 1.00> <Adapter> <Opcode : 'read' 'write' 'readreq' 'writereq' 'writeresp'>

State 117 <SV = 116> <Delay = 2.43>
ST_117 : Operation 293 [28/70] (2.43ns)   --->   "%empty_61 = readreq i1 @_ssdm_op_ReadReq.m_axi.p1i512, i64 %gmem0_addr_1, i32 %zext_ln453_1" [/home/x_thileeb/repos/ops-hls-pact25-artifact/OPS/ops/hls/include/device/../../L1/include/ops_hls_datamover.hpp:453]   --->   Operation 293 'readreq' 'empty_61' <Predicate = true> <Delay = 2.43> <CoreInst = "m_axi">   --->   Core 125 'm_axi' <Latency = 0> <II = 1> <Delay = 1.00> <Adapter> <Opcode : 'read' 'write' 'readreq' 'writereq' 'writeresp'>

State 118 <SV = 117> <Delay = 2.43>
ST_118 : Operation 294 [27/70] (2.43ns)   --->   "%empty_61 = readreq i1 @_ssdm_op_ReadReq.m_axi.p1i512, i64 %gmem0_addr_1, i32 %zext_ln453_1" [/home/x_thileeb/repos/ops-hls-pact25-artifact/OPS/ops/hls/include/device/../../L1/include/ops_hls_datamover.hpp:453]   --->   Operation 294 'readreq' 'empty_61' <Predicate = true> <Delay = 2.43> <CoreInst = "m_axi">   --->   Core 125 'm_axi' <Latency = 0> <II = 1> <Delay = 1.00> <Adapter> <Opcode : 'read' 'write' 'readreq' 'writereq' 'writeresp'>

State 119 <SV = 118> <Delay = 2.43>
ST_119 : Operation 295 [26/70] (2.43ns)   --->   "%empty_61 = readreq i1 @_ssdm_op_ReadReq.m_axi.p1i512, i64 %gmem0_addr_1, i32 %zext_ln453_1" [/home/x_thileeb/repos/ops-hls-pact25-artifact/OPS/ops/hls/include/device/../../L1/include/ops_hls_datamover.hpp:453]   --->   Operation 295 'readreq' 'empty_61' <Predicate = true> <Delay = 2.43> <CoreInst = "m_axi">   --->   Core 125 'm_axi' <Latency = 0> <II = 1> <Delay = 1.00> <Adapter> <Opcode : 'read' 'write' 'readreq' 'writereq' 'writeresp'>

State 120 <SV = 119> <Delay = 2.43>
ST_120 : Operation 296 [25/70] (2.43ns)   --->   "%empty_61 = readreq i1 @_ssdm_op_ReadReq.m_axi.p1i512, i64 %gmem0_addr_1, i32 %zext_ln453_1" [/home/x_thileeb/repos/ops-hls-pact25-artifact/OPS/ops/hls/include/device/../../L1/include/ops_hls_datamover.hpp:453]   --->   Operation 296 'readreq' 'empty_61' <Predicate = true> <Delay = 2.43> <CoreInst = "m_axi">   --->   Core 125 'm_axi' <Latency = 0> <II = 1> <Delay = 1.00> <Adapter> <Opcode : 'read' 'write' 'readreq' 'writereq' 'writeresp'>

State 121 <SV = 120> <Delay = 2.43>
ST_121 : Operation 297 [24/70] (2.43ns)   --->   "%empty_61 = readreq i1 @_ssdm_op_ReadReq.m_axi.p1i512, i64 %gmem0_addr_1, i32 %zext_ln453_1" [/home/x_thileeb/repos/ops-hls-pact25-artifact/OPS/ops/hls/include/device/../../L1/include/ops_hls_datamover.hpp:453]   --->   Operation 297 'readreq' 'empty_61' <Predicate = true> <Delay = 2.43> <CoreInst = "m_axi">   --->   Core 125 'm_axi' <Latency = 0> <II = 1> <Delay = 1.00> <Adapter> <Opcode : 'read' 'write' 'readreq' 'writereq' 'writeresp'>

State 122 <SV = 121> <Delay = 2.43>
ST_122 : Operation 298 [23/70] (2.43ns)   --->   "%empty_61 = readreq i1 @_ssdm_op_ReadReq.m_axi.p1i512, i64 %gmem0_addr_1, i32 %zext_ln453_1" [/home/x_thileeb/repos/ops-hls-pact25-artifact/OPS/ops/hls/include/device/../../L1/include/ops_hls_datamover.hpp:453]   --->   Operation 298 'readreq' 'empty_61' <Predicate = true> <Delay = 2.43> <CoreInst = "m_axi">   --->   Core 125 'm_axi' <Latency = 0> <II = 1> <Delay = 1.00> <Adapter> <Opcode : 'read' 'write' 'readreq' 'writereq' 'writeresp'>

State 123 <SV = 122> <Delay = 2.43>
ST_123 : Operation 299 [22/70] (2.43ns)   --->   "%empty_61 = readreq i1 @_ssdm_op_ReadReq.m_axi.p1i512, i64 %gmem0_addr_1, i32 %zext_ln453_1" [/home/x_thileeb/repos/ops-hls-pact25-artifact/OPS/ops/hls/include/device/../../L1/include/ops_hls_datamover.hpp:453]   --->   Operation 299 'readreq' 'empty_61' <Predicate = true> <Delay = 2.43> <CoreInst = "m_axi">   --->   Core 125 'm_axi' <Latency = 0> <II = 1> <Delay = 1.00> <Adapter> <Opcode : 'read' 'write' 'readreq' 'writereq' 'writeresp'>

State 124 <SV = 123> <Delay = 2.43>
ST_124 : Operation 300 [21/70] (2.43ns)   --->   "%empty_61 = readreq i1 @_ssdm_op_ReadReq.m_axi.p1i512, i64 %gmem0_addr_1, i32 %zext_ln453_1" [/home/x_thileeb/repos/ops-hls-pact25-artifact/OPS/ops/hls/include/device/../../L1/include/ops_hls_datamover.hpp:453]   --->   Operation 300 'readreq' 'empty_61' <Predicate = true> <Delay = 2.43> <CoreInst = "m_axi">   --->   Core 125 'm_axi' <Latency = 0> <II = 1> <Delay = 1.00> <Adapter> <Opcode : 'read' 'write' 'readreq' 'writereq' 'writeresp'>

State 125 <SV = 124> <Delay = 2.43>
ST_125 : Operation 301 [20/70] (2.43ns)   --->   "%empty_61 = readreq i1 @_ssdm_op_ReadReq.m_axi.p1i512, i64 %gmem0_addr_1, i32 %zext_ln453_1" [/home/x_thileeb/repos/ops-hls-pact25-artifact/OPS/ops/hls/include/device/../../L1/include/ops_hls_datamover.hpp:453]   --->   Operation 301 'readreq' 'empty_61' <Predicate = true> <Delay = 2.43> <CoreInst = "m_axi">   --->   Core 125 'm_axi' <Latency = 0> <II = 1> <Delay = 1.00> <Adapter> <Opcode : 'read' 'write' 'readreq' 'writereq' 'writeresp'>

State 126 <SV = 125> <Delay = 2.43>
ST_126 : Operation 302 [19/70] (2.43ns)   --->   "%empty_61 = readreq i1 @_ssdm_op_ReadReq.m_axi.p1i512, i64 %gmem0_addr_1, i32 %zext_ln453_1" [/home/x_thileeb/repos/ops-hls-pact25-artifact/OPS/ops/hls/include/device/../../L1/include/ops_hls_datamover.hpp:453]   --->   Operation 302 'readreq' 'empty_61' <Predicate = true> <Delay = 2.43> <CoreInst = "m_axi">   --->   Core 125 'm_axi' <Latency = 0> <II = 1> <Delay = 1.00> <Adapter> <Opcode : 'read' 'write' 'readreq' 'writereq' 'writeresp'>

State 127 <SV = 126> <Delay = 2.43>
ST_127 : Operation 303 [18/70] (2.43ns)   --->   "%empty_61 = readreq i1 @_ssdm_op_ReadReq.m_axi.p1i512, i64 %gmem0_addr_1, i32 %zext_ln453_1" [/home/x_thileeb/repos/ops-hls-pact25-artifact/OPS/ops/hls/include/device/../../L1/include/ops_hls_datamover.hpp:453]   --->   Operation 303 'readreq' 'empty_61' <Predicate = true> <Delay = 2.43> <CoreInst = "m_axi">   --->   Core 125 'm_axi' <Latency = 0> <II = 1> <Delay = 1.00> <Adapter> <Opcode : 'read' 'write' 'readreq' 'writereq' 'writeresp'>

State 128 <SV = 127> <Delay = 2.43>
ST_128 : Operation 304 [17/70] (2.43ns)   --->   "%empty_61 = readreq i1 @_ssdm_op_ReadReq.m_axi.p1i512, i64 %gmem0_addr_1, i32 %zext_ln453_1" [/home/x_thileeb/repos/ops-hls-pact25-artifact/OPS/ops/hls/include/device/../../L1/include/ops_hls_datamover.hpp:453]   --->   Operation 304 'readreq' 'empty_61' <Predicate = true> <Delay = 2.43> <CoreInst = "m_axi">   --->   Core 125 'm_axi' <Latency = 0> <II = 1> <Delay = 1.00> <Adapter> <Opcode : 'read' 'write' 'readreq' 'writereq' 'writeresp'>

State 129 <SV = 128> <Delay = 2.43>
ST_129 : Operation 305 [16/70] (2.43ns)   --->   "%empty_61 = readreq i1 @_ssdm_op_ReadReq.m_axi.p1i512, i64 %gmem0_addr_1, i32 %zext_ln453_1" [/home/x_thileeb/repos/ops-hls-pact25-artifact/OPS/ops/hls/include/device/../../L1/include/ops_hls_datamover.hpp:453]   --->   Operation 305 'readreq' 'empty_61' <Predicate = true> <Delay = 2.43> <CoreInst = "m_axi">   --->   Core 125 'm_axi' <Latency = 0> <II = 1> <Delay = 1.00> <Adapter> <Opcode : 'read' 'write' 'readreq' 'writereq' 'writeresp'>

State 130 <SV = 129> <Delay = 2.43>
ST_130 : Operation 306 [15/70] (2.43ns)   --->   "%empty_61 = readreq i1 @_ssdm_op_ReadReq.m_axi.p1i512, i64 %gmem0_addr_1, i32 %zext_ln453_1" [/home/x_thileeb/repos/ops-hls-pact25-artifact/OPS/ops/hls/include/device/../../L1/include/ops_hls_datamover.hpp:453]   --->   Operation 306 'readreq' 'empty_61' <Predicate = true> <Delay = 2.43> <CoreInst = "m_axi">   --->   Core 125 'm_axi' <Latency = 0> <II = 1> <Delay = 1.00> <Adapter> <Opcode : 'read' 'write' 'readreq' 'writereq' 'writeresp'>

State 131 <SV = 130> <Delay = 2.43>
ST_131 : Operation 307 [14/70] (2.43ns)   --->   "%empty_61 = readreq i1 @_ssdm_op_ReadReq.m_axi.p1i512, i64 %gmem0_addr_1, i32 %zext_ln453_1" [/home/x_thileeb/repos/ops-hls-pact25-artifact/OPS/ops/hls/include/device/../../L1/include/ops_hls_datamover.hpp:453]   --->   Operation 307 'readreq' 'empty_61' <Predicate = true> <Delay = 2.43> <CoreInst = "m_axi">   --->   Core 125 'm_axi' <Latency = 0> <II = 1> <Delay = 1.00> <Adapter> <Opcode : 'read' 'write' 'readreq' 'writereq' 'writeresp'>

State 132 <SV = 131> <Delay = 2.43>
ST_132 : Operation 308 [13/70] (2.43ns)   --->   "%empty_61 = readreq i1 @_ssdm_op_ReadReq.m_axi.p1i512, i64 %gmem0_addr_1, i32 %zext_ln453_1" [/home/x_thileeb/repos/ops-hls-pact25-artifact/OPS/ops/hls/include/device/../../L1/include/ops_hls_datamover.hpp:453]   --->   Operation 308 'readreq' 'empty_61' <Predicate = true> <Delay = 2.43> <CoreInst = "m_axi">   --->   Core 125 'm_axi' <Latency = 0> <II = 1> <Delay = 1.00> <Adapter> <Opcode : 'read' 'write' 'readreq' 'writereq' 'writeresp'>

State 133 <SV = 132> <Delay = 2.43>
ST_133 : Operation 309 [12/70] (2.43ns)   --->   "%empty_61 = readreq i1 @_ssdm_op_ReadReq.m_axi.p1i512, i64 %gmem0_addr_1, i32 %zext_ln453_1" [/home/x_thileeb/repos/ops-hls-pact25-artifact/OPS/ops/hls/include/device/../../L1/include/ops_hls_datamover.hpp:453]   --->   Operation 309 'readreq' 'empty_61' <Predicate = true> <Delay = 2.43> <CoreInst = "m_axi">   --->   Core 125 'm_axi' <Latency = 0> <II = 1> <Delay = 1.00> <Adapter> <Opcode : 'read' 'write' 'readreq' 'writereq' 'writeresp'>

State 134 <SV = 133> <Delay = 2.43>
ST_134 : Operation 310 [11/70] (2.43ns)   --->   "%empty_61 = readreq i1 @_ssdm_op_ReadReq.m_axi.p1i512, i64 %gmem0_addr_1, i32 %zext_ln453_1" [/home/x_thileeb/repos/ops-hls-pact25-artifact/OPS/ops/hls/include/device/../../L1/include/ops_hls_datamover.hpp:453]   --->   Operation 310 'readreq' 'empty_61' <Predicate = true> <Delay = 2.43> <CoreInst = "m_axi">   --->   Core 125 'm_axi' <Latency = 0> <II = 1> <Delay = 1.00> <Adapter> <Opcode : 'read' 'write' 'readreq' 'writereq' 'writeresp'>

State 135 <SV = 134> <Delay = 2.43>
ST_135 : Operation 311 [10/70] (2.43ns)   --->   "%empty_61 = readreq i1 @_ssdm_op_ReadReq.m_axi.p1i512, i64 %gmem0_addr_1, i32 %zext_ln453_1" [/home/x_thileeb/repos/ops-hls-pact25-artifact/OPS/ops/hls/include/device/../../L1/include/ops_hls_datamover.hpp:453]   --->   Operation 311 'readreq' 'empty_61' <Predicate = true> <Delay = 2.43> <CoreInst = "m_axi">   --->   Core 125 'm_axi' <Latency = 0> <II = 1> <Delay = 1.00> <Adapter> <Opcode : 'read' 'write' 'readreq' 'writereq' 'writeresp'>

State 136 <SV = 135> <Delay = 2.43>
ST_136 : Operation 312 [9/70] (2.43ns)   --->   "%empty_61 = readreq i1 @_ssdm_op_ReadReq.m_axi.p1i512, i64 %gmem0_addr_1, i32 %zext_ln453_1" [/home/x_thileeb/repos/ops-hls-pact25-artifact/OPS/ops/hls/include/device/../../L1/include/ops_hls_datamover.hpp:453]   --->   Operation 312 'readreq' 'empty_61' <Predicate = true> <Delay = 2.43> <CoreInst = "m_axi">   --->   Core 125 'm_axi' <Latency = 0> <II = 1> <Delay = 1.00> <Adapter> <Opcode : 'read' 'write' 'readreq' 'writereq' 'writeresp'>

State 137 <SV = 136> <Delay = 2.43>
ST_137 : Operation 313 [8/70] (2.43ns)   --->   "%empty_61 = readreq i1 @_ssdm_op_ReadReq.m_axi.p1i512, i64 %gmem0_addr_1, i32 %zext_ln453_1" [/home/x_thileeb/repos/ops-hls-pact25-artifact/OPS/ops/hls/include/device/../../L1/include/ops_hls_datamover.hpp:453]   --->   Operation 313 'readreq' 'empty_61' <Predicate = true> <Delay = 2.43> <CoreInst = "m_axi">   --->   Core 125 'm_axi' <Latency = 0> <II = 1> <Delay = 1.00> <Adapter> <Opcode : 'read' 'write' 'readreq' 'writereq' 'writeresp'>

State 138 <SV = 137> <Delay = 2.43>
ST_138 : Operation 314 [7/70] (2.43ns)   --->   "%empty_61 = readreq i1 @_ssdm_op_ReadReq.m_axi.p1i512, i64 %gmem0_addr_1, i32 %zext_ln453_1" [/home/x_thileeb/repos/ops-hls-pact25-artifact/OPS/ops/hls/include/device/../../L1/include/ops_hls_datamover.hpp:453]   --->   Operation 314 'readreq' 'empty_61' <Predicate = true> <Delay = 2.43> <CoreInst = "m_axi">   --->   Core 125 'm_axi' <Latency = 0> <II = 1> <Delay = 1.00> <Adapter> <Opcode : 'read' 'write' 'readreq' 'writereq' 'writeresp'>

State 139 <SV = 138> <Delay = 2.43>
ST_139 : Operation 315 [6/70] (2.43ns)   --->   "%empty_61 = readreq i1 @_ssdm_op_ReadReq.m_axi.p1i512, i64 %gmem0_addr_1, i32 %zext_ln453_1" [/home/x_thileeb/repos/ops-hls-pact25-artifact/OPS/ops/hls/include/device/../../L1/include/ops_hls_datamover.hpp:453]   --->   Operation 315 'readreq' 'empty_61' <Predicate = true> <Delay = 2.43> <CoreInst = "m_axi">   --->   Core 125 'm_axi' <Latency = 0> <II = 1> <Delay = 1.00> <Adapter> <Opcode : 'read' 'write' 'readreq' 'writereq' 'writeresp'>

State 140 <SV = 139> <Delay = 2.43>
ST_140 : Operation 316 [5/70] (2.43ns)   --->   "%empty_61 = readreq i1 @_ssdm_op_ReadReq.m_axi.p1i512, i64 %gmem0_addr_1, i32 %zext_ln453_1" [/home/x_thileeb/repos/ops-hls-pact25-artifact/OPS/ops/hls/include/device/../../L1/include/ops_hls_datamover.hpp:453]   --->   Operation 316 'readreq' 'empty_61' <Predicate = true> <Delay = 2.43> <CoreInst = "m_axi">   --->   Core 125 'm_axi' <Latency = 0> <II = 1> <Delay = 1.00> <Adapter> <Opcode : 'read' 'write' 'readreq' 'writereq' 'writeresp'>

State 141 <SV = 140> <Delay = 2.43>
ST_141 : Operation 317 [4/70] (2.43ns)   --->   "%empty_61 = readreq i1 @_ssdm_op_ReadReq.m_axi.p1i512, i64 %gmem0_addr_1, i32 %zext_ln453_1" [/home/x_thileeb/repos/ops-hls-pact25-artifact/OPS/ops/hls/include/device/../../L1/include/ops_hls_datamover.hpp:453]   --->   Operation 317 'readreq' 'empty_61' <Predicate = true> <Delay = 2.43> <CoreInst = "m_axi">   --->   Core 125 'm_axi' <Latency = 0> <II = 1> <Delay = 1.00> <Adapter> <Opcode : 'read' 'write' 'readreq' 'writereq' 'writeresp'>

State 142 <SV = 141> <Delay = 2.43>
ST_142 : Operation 318 [3/70] (2.43ns)   --->   "%empty_61 = readreq i1 @_ssdm_op_ReadReq.m_axi.p1i512, i64 %gmem0_addr_1, i32 %zext_ln453_1" [/home/x_thileeb/repos/ops-hls-pact25-artifact/OPS/ops/hls/include/device/../../L1/include/ops_hls_datamover.hpp:453]   --->   Operation 318 'readreq' 'empty_61' <Predicate = true> <Delay = 2.43> <CoreInst = "m_axi">   --->   Core 125 'm_axi' <Latency = 0> <II = 1> <Delay = 1.00> <Adapter> <Opcode : 'read' 'write' 'readreq' 'writereq' 'writeresp'>

State 143 <SV = 142> <Delay = 2.43>
ST_143 : Operation 319 [2/70] (2.43ns)   --->   "%empty_61 = readreq i1 @_ssdm_op_ReadReq.m_axi.p1i512, i64 %gmem0_addr_1, i32 %zext_ln453_1" [/home/x_thileeb/repos/ops-hls-pact25-artifact/OPS/ops/hls/include/device/../../L1/include/ops_hls_datamover.hpp:453]   --->   Operation 319 'readreq' 'empty_61' <Predicate = true> <Delay = 2.43> <CoreInst = "m_axi">   --->   Core 125 'm_axi' <Latency = 0> <II = 1> <Delay = 1.00> <Adapter> <Opcode : 'read' 'write' 'readreq' 'writereq' 'writeresp'>

State 144 <SV = 143> <Delay = 2.43>
ST_144 : Operation 320 [1/1] (0.89ns)   --->   "%add_ln453 = add i32 %index_4, i32 %zext_ln417" [/home/x_thileeb/repos/ops-hls-pact25-artifact/OPS/ops/hls/include/device/../../L1/include/ops_hls_datamover.hpp:453]   --->   Operation 320 'add' 'add_ln453' <Predicate = true> <Delay = 0.89> <CoreInst = "Adder">   --->   Core 1 'Adder' <Latency = 0> <II = 1> <Delay = 0.89> <FuncUnit> <Opcode : 'add' 'sub'> <InPorts = 2> <OutPorts = 1>
ST_144 : Operation 321 [1/70] (2.43ns)   --->   "%empty_61 = readreq i1 @_ssdm_op_ReadReq.m_axi.p1i512, i64 %gmem0_addr_1, i32 %zext_ln453_1" [/home/x_thileeb/repos/ops-hls-pact25-artifact/OPS/ops/hls/include/device/../../L1/include/ops_hls_datamover.hpp:453]   --->   Operation 321 'readreq' 'empty_61' <Predicate = true> <Delay = 2.43> <CoreInst = "m_axi">   --->   Core 125 'm_axi' <Latency = 0> <II = 1> <Delay = 1.00> <Adapter> <Opcode : 'read' 'write' 'readreq' 'writereq' 'writeresp'>

State 145 <SV = 144> <Delay = 1.82>
ST_145 : Operation 322 [1/1] (0.00ns)   --->   "%empty_62 = wait i32 @_ssdm_op_Wait"   --->   Operation 322 'wait' 'empty_62' <Predicate = true> <Delay = 0.00>
ST_145 : Operation 323 [2/2] (1.82ns)   --->   "%call_ln418 = call void @mem2stream<512u, 32u, 2u>_Pipeline_VITIS_LOOP_453_2, i32 %index_4, i512 %gmem0, i58 %trunc_ln453_1, i32 %add_ln453, i512 %arg0_read_mem_strm" [/home/x_thileeb/repos/ops-hls-pact25-artifact/OPS/ops/hls/include/device/../../L1/include/ops_hls_datamover.hpp:418]   --->   Operation 323 'call' 'call_ln418' <Predicate = true> <Delay = 1.82> <CoreType = "Generic">   --->   Core 0 '' <Latency = 0> <II = 1> <Delay = 1.00> <Generic> <Opcode : >

State 146 <SV = 145> <Delay = 0.00>
ST_146 : Operation 324 [1/2] (0.00ns)   --->   "%call_ln418 = call void @mem2stream<512u, 32u, 2u>_Pipeline_VITIS_LOOP_453_2, i32 %index_4, i512 %gmem0, i58 %trunc_ln453_1, i32 %add_ln453, i512 %arg0_read_mem_strm" [/home/x_thileeb/repos/ops-hls-pact25-artifact/OPS/ops/hls/include/device/../../L1/include/ops_hls_datamover.hpp:418]   --->   Operation 324 'call' 'call_ln418' <Predicate = (!icmp_ln453)> <Delay = 0.00> <CoreType = "Generic">   --->   Core 0 '' <Latency = 0> <II = 1> <Delay = 1.00> <Generic> <Opcode : >
ST_146 : Operation 325 [1/1] (0.00ns)   --->   "%br_ln0 = br void %mem2stream<512u, 32u, 2u>.exit"   --->   Operation 325 'br' 'br_ln0' <Predicate = (!icmp_ln453)> <Delay = 0.00>
ST_146 : Operation 326 [1/1] (0.00ns)   --->   "%ret_ln0 = ret"   --->   Operation 326 'ret' 'ret_ln0' <Predicate = true> <Delay = 0.00>


============================================================
+ Verbose Summary: Binding
============================================================
STG Binding: 
---------------- STG Properties BEGIN ----------------
- Is combinational: 0
- Is one-state seq: 0
- Is datapath-only: 0
- Is pipelined: 0
- Is top level: 0
Port [ Return ] is wired: 1; IO mode=ap_ctrl_hs:ce=0
Port [ gmem0]:  wired=1; compound=1; hidden=0; nouse=0; global=0; static=0; extern=0; dir=0; type=4; pingpong=0; private_global=0; IO mode=m_axi:ce=0
Port [ mem_in]:  wired=1; compound=0; hidden=0; nouse=0; global=0; static=0; extern=0; dir=0; type=0; pingpong=0; private_global=0; IO mode=ap_none:ce=0
Port [ num_beats]:  wired=1; compound=0; hidden=0; nouse=0; global=0; static=0; extern=0; dir=0; type=0; pingpong=0; private_global=0; IO mode=ap_none:ce=0
Port [ p_read_c16]:  wired=1; compound=1; hidden=0; nouse=0; global=0; static=0; extern=0; dir=1; type=3; pingpong=0; private_global=0; IO mode=ap_fifo:ce=0
Port [ arg0_read_mem_strm]:  wired=1; compound=1; hidden=0; nouse=0; global=1; static=1; extern=0; dir=1; type=3; pingpong=0; private_global=0; IO mode=ap_fifo:ce=0
---------------- STG Properties END ------------------

---------------- Datapath Model BEGIN ----------------

<LifeTime>
<method=bitvector/>
num_beats_read    (read          ) [ 000000000000000000000000000000000000000000000000000000000000000000000000000000000000000000000000000000000000000000000000000000000000000000000000000]
write_ln404       (write         ) [ 000000000000000000000000000000000000000000000000000000000000000000000000000000000000000000000000000000000000000000000000000000000000000000000000000]
non_burst_beats   (trunc         ) [ 001111111111111111111111111111111111111111111111111111111111111111111111111000000000000000000000000000000000000000000000000000000000000000000000000]
zext_ln417        (zext          ) [ 001111111111111111111111111111111111111111111111111111111111111111111111111111111111111111111111111111111111111111111111111111111111111111111111100]
burst_beats       (sub           ) [ 001111111111111111111111111111111111111111111111111111111111111111111111111000000000000000000000000000000000000000000000000000000000000000000000000]
icmp_ln431        (icmp          ) [ 001111111111111111111111111111111111111111111111111111111111111111111111111000000000000000000000000000000000000000000000000000000000000000000000000]
specinterface_ln0 (specinterface ) [ 000000000000000000000000000000000000000000000000000000000000000000000000000000000000000000000000000000000000000000000000000000000000000000000000000]
mem_in_read       (read          ) [ 000111111111111111111111111111111111111111111111111111111111111111111111111000000000000000000000000000000000000000000000000000000000000000000000000]
specinterface_ln0 (specinterface ) [ 000000000000000000000000000000000000000000000000000000000000000000000000000000000000000000000000000000000000000000000000000000000000000000000000000]
specinterface_ln0 (specinterface ) [ 000000000000000000000000000000000000000000000000000000000000000000000000000000000000000000000000000000000000000000000000000000000000000000000000000]
specinterface_ln0 (specinterface ) [ 000000000000000000000000000000000000000000000000000000000000000000000000000000000000000000000000000000000000000000000000000000000000000000000000000]
specinterface_ln0 (specinterface ) [ 000000000000000000000000000000000000000000000000000000000000000000000000000000000000000000000000000000000000000000000000000000000000000000000000000]
specinterface_ln0 (specinterface ) [ 000000000000000000000000000000000000000000000000000000000000000000000000000000000000000000000000000000000000000000000000000000000000000000000000000]
br_ln431          (br            ) [ 001111111111111111111111111111111111111111111111111111111111111111111111111000000000000000000000000000000000000000000000000000000000000000000000000]
trunc_ln          (partselect    ) [ 000111111111111111111111111111111111111111111111111111111111111111111111110000000000000000000000000000000000000000000000000000000000000000000000000]
sext_ln431        (sext          ) [ 000000000000000000000000000000000000000000000000000000000000000000000000000000000000000000000000000000000000000000000000000000000000000000000000000]
gmem0_addr        (getelementptr ) [ 000111111111111111111111111111111111111111111111111111111111111111111111000000000000000000000000000000000000000000000000000000000000000000000000000]
empty             (readreq       ) [ 000000000000000000000000000000000000000000000000000000000000000000000000000000000000000000000000000000000000000000000000000000000000000000000000000]
empty_59          (wait          ) [ 000000000000000000000000000000000000000000000000000000000000000000000000000000000000000000000000000000000000000000000000000000000000000000000000000]
call_ln431        (call          ) [ 000000000000000000000000000000000000000000000000000000000000000000000000000000000000000000000000000000000000000000000000000000000000000000000000000]
empty_60          (wait          ) [ 000000000000000000000000000000000000000000000000000000000000000000000000000000000000000000000000000000000000000000000000000000000000000000000000000]
br_ln0            (br            ) [ 000000000000000000000000000000000000000000000000000000000000000000000000000000000000000000000000000000000000000000000000000000000000000000000000000]
index_4           (phi           ) [ 000111111111111111111111111111111111111111111111111111111111111111111111111111111111111111111111111111111111111111111111111111111111111111111111111]
icmp_ln453        (icmp          ) [ 000000000000000000000000000000000000000000000000000000000000000000000000001111111111111111111111111111111111111111111111111111111111111111111111111]
br_ln453          (br            ) [ 000000000000000000000000000000000000000000000000000000000000000000000000000000000000000000000000000000000000000000000000000000000000000000000000000]
trunc_ln453       (trunc         ) [ 000000000000000000000000000000000000000000000000000000000000000000000000000000000000000000000000000000000000000000000000000000000000000000000000000]
add_ln453_1       (add           ) [ 000000000000000000000000000000000000000000000000000000000000000000000000000100000000000000000000000000000000000000000000000000000000000000000000000]
shl_ln            (bitconcatenate) [ 000000000000000000000000000000000000000000000000000000000000000000000000000000000000000000000000000000000000000000000000000000000000000000000000000]
zext_ln453        (zext          ) [ 000000000000000000000000000000000000000000000000000000000000000000000000000000000000000000000000000000000000000000000000000000000000000000000000000]
add_ln453_2       (add           ) [ 000000000000000000000000000000000000000000000000000000000000000000000000000000000000000000000000000000000000000000000000000000000000000000000000000]
trunc_ln453_1     (partselect    ) [ 000000000000000000000000000000000000000000000000000000000000000000000000000111111111111111111111111111111111111111111111111111111111111111111111111]
sext_ln453        (sext          ) [ 000000000000000000000000000000000000000000000000000000000000000000000000000000000000000000000000000000000000000000000000000000000000000000000000000]
gmem0_addr_1      (getelementptr ) [ 000000000000000000000000000000000000000000000000000000000000000000000000000011111111111111111111111111111111111111111111111111111111111111111111100]
zext_ln453_1      (zext          ) [ 000000000000000000000000000000000000000000000000000000000000000000000000000011111111111111111111111111111111111111111111111111111111111111111111100]
add_ln453         (add           ) [ 000000000000000000000000000000000000000000000000000000000000000000000000000000000000000000000000000000000000000000000000000000000000000000000000011]
empty_61          (readreq       ) [ 000000000000000000000000000000000000000000000000000000000000000000000000000000000000000000000000000000000000000000000000000000000000000000000000000]
empty_62          (wait          ) [ 000000000000000000000000000000000000000000000000000000000000000000000000000000000000000000000000000000000000000000000000000000000000000000000000000]
call_ln418        (call          ) [ 000000000000000000000000000000000000000000000000000000000000000000000000000000000000000000000000000000000000000000000000000000000000000000000000000]
br_ln0            (br            ) [ 000000000000000000000000000000000000000000000000000000000000000000000000000000000000000000000000000000000000000000000000000000000000000000000000000]
ret_ln0           (ret           ) [ 000000000000000000000000000000000000000000000000000000000000000000000000000000000000000000000000000000000000000000000000000000000000000000000000000]
</LifeTime>

<model>

<comp_list>
<comp id="0" class="1000" name="gmem0">
<pin_list>
<pin id="1" dir="1" index="0" bw="1" slack="0"/>
</pin_list>
<bind>
<StgValue><ssdm name="gmem0"/></StgValue>
</bind>
</comp>

<comp id="2" class="1000" name="mem_in">
<pin_list>
<pin id="3" dir="1" index="0" bw="1" slack="0"/>
</pin_list>
<bind>
<StgValue><ssdm name="mem_in"/></StgValue>
</bind>
</comp>

<comp id="4" class="1000" name="num_beats">
<pin_list>
<pin id="5" dir="1" index="0" bw="1" slack="0"/>
</pin_list>
<bind>
<StgValue><ssdm name="num_beats"/></StgValue>
</bind>
</comp>

<comp id="6" class="1000" name="p_read_c16">
<pin_list>
<pin id="7" dir="1" index="0" bw="1" slack="0"/>
</pin_list>
<bind>
<StgValue><ssdm name="p_read_c16"/></StgValue>
</bind>
</comp>

<comp id="8" class="1000" name="arg0_read_mem_strm">
<pin_list>
<pin id="9" dir="1" index="0" bw="1" slack="0"/>
</pin_list>
<bind>
<StgValue><ssdm name="arg0_read_mem_strm"/></StgValue>
</bind>
</comp>

<comp id="10" class="1001" name="const_10">
<pin_list>
<pin id="11" dir="1" index="0" bw="1" slack="0"/>
</pin_list>
<bind>
<StgValue><ssdm name="_ssdm_op_Read.ap_auto.i32"/></StgValue>
</bind>
</comp>

<comp id="12" class="1001" name="const_12">
<pin_list>
<pin id="13" dir="1" index="0" bw="1" slack="0"/>
</pin_list>
<bind>
<StgValue><ssdm name="_ssdm_op_Write.ap_fifo.i32P0A"/></StgValue>
</bind>
</comp>

<comp id="14" class="1001" name="const_14">
<pin_list>
<pin id="15" dir="1" index="0" bw="1" slack="2147483647"/>
</pin_list>
<bind>
<StgValue><ssdm name="_ssdm_op_SpecInterface"/></StgValue>
</bind>
</comp>

<comp id="16" class="1001" name="const_16">
<pin_list>
<pin id="17" dir="1" index="0" bw="1" slack="2147483647"/>
</pin_list>
<bind>
<StgValue><ssdm name="ap_fifo_str"/></StgValue>
</bind>
</comp>

<comp id="18" class="1001" name="const_18">
<pin_list>
<pin id="19" dir="1" index="0" bw="1" slack="72"/>
</pin_list>
<bind>
<StgValue><ssdm name=""/></StgValue>
</bind>
</comp>

<comp id="20" class="1001" name="const_20">
<pin_list>
<pin id="21" dir="1" index="0" bw="1" slack="2147483647"/>
</pin_list>
<bind>
<StgValue><ssdm name="p_str"/></StgValue>
</bind>
</comp>

<comp id="22" class="1001" name="const_22">
<pin_list>
<pin id="23" dir="1" index="0" bw="1" slack="2147483647"/>
</pin_list>
<bind>
<StgValue><ssdm name=""/></StgValue>
</bind>
</comp>

<comp id="24" class="1001" name="const_24">
<pin_list>
<pin id="25" dir="1" index="0" bw="1" slack="2147483647"/>
</pin_list>
<bind>
<StgValue><ssdm name=""/></StgValue>
</bind>
</comp>

<comp id="26" class="1001" name="const_26">
<pin_list>
<pin id="27" dir="1" index="0" bw="1" slack="2147483647"/>
</pin_list>
<bind>
<StgValue><ssdm name="ScalarProp_str"/></StgValue>
</bind>
</comp>

<comp id="28" class="1001" name="const_28">
<pin_list>
<pin id="29" dir="1" index="0" bw="1" slack="2147483647"/>
</pin_list>
<bind>
<StgValue><ssdm name=""/></StgValue>
</bind>
</comp>

<comp id="30" class="1001" name="const_30">
<pin_list>
<pin id="31" dir="1" index="0" bw="1" slack="0"/>
</pin_list>
<bind>
<StgValue><ssdm name="_ssdm_op_Read.ap_auto.i64"/></StgValue>
</bind>
</comp>

<comp id="32" class="1001" name="const_32">
<pin_list>
<pin id="33" dir="1" index="0" bw="1" slack="2147483647"/>
</pin_list>
<bind>
<StgValue><ssdm name="empty_7"/></StgValue>
</bind>
</comp>

<comp id="34" class="1001" name="const_34">
<pin_list>
<pin id="35" dir="1" index="0" bw="1" slack="2147483647"/>
</pin_list>
<bind>
<StgValue><ssdm name="empty_27"/></StgValue>
</bind>
</comp>

<comp id="36" class="1001" name="const_36">
<pin_list>
<pin id="37" dir="1" index="0" bw="1" slack="2147483647"/>
</pin_list>
<bind>
<StgValue><ssdm name="empty_31"/></StgValue>
</bind>
</comp>

<comp id="38" class="1001" name="const_38">
<pin_list>
<pin id="39" dir="1" index="0" bw="1" slack="2147483647"/>
</pin_list>
<bind>
<StgValue><ssdm name=""/></StgValue>
</bind>
</comp>

<comp id="40" class="1001" name="const_40">
<pin_list>
<pin id="41" dir="1" index="0" bw="1" slack="2147483647"/>
</pin_list>
<bind>
<StgValue><ssdm name=""/></StgValue>
</bind>
</comp>

<comp id="42" class="1001" name="const_42">
<pin_list>
<pin id="43" dir="1" index="0" bw="1" slack="2147483647"/>
</pin_list>
<bind>
<StgValue><ssdm name="empty_13"/></StgValue>
</bind>
</comp>

<comp id="44" class="1001" name="const_44">
<pin_list>
<pin id="45" dir="1" index="0" bw="1" slack="2147483647"/>
</pin_list>
<bind>
<StgValue><ssdm name="empty_34"/></StgValue>
</bind>
</comp>

<comp id="46" class="1001" name="const_46">
<pin_list>
<pin id="47" dir="1" index="0" bw="1" slack="2147483647"/>
</pin_list>
<bind>
<StgValue><ssdm name=""/></StgValue>
</bind>
</comp>

<comp id="48" class="1001" name="const_48">
<pin_list>
<pin id="49" dir="1" index="0" bw="1" slack="0"/>
</pin_list>
<bind>
<StgValue><ssdm name="_ssdm_op_PartSelect.i58.i64.i32.i32"/></StgValue>
</bind>
</comp>

<comp id="50" class="1001" name="const_50">
<pin_list>
<pin id="51" dir="1" index="0" bw="1" slack="0"/>
</pin_list>
<bind>
<StgValue><ssdm name=""/></StgValue>
</bind>
</comp>

<comp id="52" class="1001" name="const_52">
<pin_list>
<pin id="53" dir="1" index="0" bw="1" slack="0"/>
</pin_list>
<bind>
<StgValue><ssdm name=""/></StgValue>
</bind>
</comp>

<comp id="54" class="1001" name="const_54">
<pin_list>
<pin id="55" dir="1" index="0" bw="1" slack="0"/>
</pin_list>
<bind>
<StgValue><ssdm name="_ssdm_op_ReadReq.m_axi.p1i512"/></StgValue>
</bind>
</comp>

<comp id="56" class="1001" name="const_56">
<pin_list>
<pin id="57" dir="1" index="0" bw="1" slack="2147483647"/>
</pin_list>
<bind>
<StgValue><ssdm name="_ssdm_op_Wait"/></StgValue>
</bind>
</comp>

<comp id="58" class="1001" name="const_58">
<pin_list>
<pin id="59" dir="1" index="0" bw="1" slack="0"/>
</pin_list>
<bind>
<StgValue><ssdm name="mem2stream<512u, 32u, 2u>_Pipeline_VITIS_LOOP_431_1"/></StgValue>
</bind>
</comp>

<comp id="60" class="1001" name="const_60">
<pin_list>
<pin id="61" dir="1" index="0" bw="1" slack="0"/>
</pin_list>
<bind>
<StgValue><ssdm name=""/></StgValue>
</bind>
</comp>

<comp id="62" class="1001" name="const_62">
<pin_list>
<pin id="63" dir="1" index="0" bw="1" slack="0"/>
</pin_list>
<bind>
<StgValue><ssdm name="_ssdm_op_BitConcatenate.i38.i32.i6"/></StgValue>
</bind>
</comp>

<comp id="64" class="1001" name="const_64">
<pin_list>
<pin id="65" dir="1" index="0" bw="1" slack="0"/>
</pin_list>
<bind>
<StgValue><ssdm name=""/></StgValue>
</bind>
</comp>

<comp id="66" class="1001" name="const_66">
<pin_list>
<pin id="67" dir="1" index="0" bw="1" slack="0"/>
</pin_list>
<bind>
<StgValue><ssdm name="mem2stream<512u, 32u, 2u>_Pipeline_VITIS_LOOP_453_2"/></StgValue>
</bind>
</comp>

<comp id="68" class="1004" name="num_beats_read_read_fu_68">
<pin_list>
<pin id="69" dir="0" index="0" bw="32" slack="0"/>
<pin id="70" dir="0" index="1" bw="32" slack="0"/>
<pin id="71" dir="1" index="2" bw="32" slack="0"/>
</pin_list>
<bind>
<opcode="read(1150) " fcode="read"/>
<opset="num_beats_read/1 "/>
</bind>
</comp>

<comp id="74" class="1004" name="write_ln404_write_fu_74">
<pin_list>
<pin id="75" dir="0" index="0" bw="0" slack="0"/>
<pin id="76" dir="0" index="1" bw="32" slack="0"/>
<pin id="77" dir="0" index="2" bw="32" slack="0"/>
<pin id="78" dir="1" index="3" bw="0" slack="2147483647"/>
</pin_list>
<bind>
<opcode="write(1151) " fcode="write"/>
<opset="write_ln404/1 "/>
</bind>
</comp>

<comp id="82" class="1004" name="mem_in_read_read_fu_82">
<pin_list>
<pin id="83" dir="0" index="0" bw="64" slack="0"/>
<pin id="84" dir="0" index="1" bw="64" slack="0"/>
<pin id="85" dir="1" index="2" bw="64" slack="0"/>
</pin_list>
<bind>
<opcode="read(1150) " fcode="read"/>
<opset="mem_in_read/2 "/>
</bind>
</comp>

<comp id="88" class="1004" name="grp_readreq_fu_88">
<pin_list>
<pin id="89" dir="0" index="0" bw="1" slack="0"/>
<pin id="90" dir="0" index="1" bw="512" slack="0"/>
<pin id="91" dir="0" index="2" bw="32" slack="1"/>
<pin id="92" dir="1" index="3" bw="1" slack="2147483647"/>
</pin_list>
<bind>
<opcode="readreq(1154) " fcode="readreq"/>
<opset="empty/2 "/>
</bind>
</comp>

<comp id="94" class="1004" name="grp_readreq_fu_94">
<pin_list>
<pin id="95" dir="0" index="0" bw="1" slack="0"/>
<pin id="96" dir="0" index="1" bw="512" slack="0"/>
<pin id="97" dir="0" index="2" bw="5" slack="0"/>
<pin id="98" dir="1" index="3" bw="1" slack="2147483647"/>
</pin_list>
<bind>
<opcode="readreq(1154) " fcode="readreq"/>
<opset="empty_61/75 "/>
</bind>
</comp>

<comp id="100" class="1005" name="index_4_reg_100">
<pin_list>
<pin id="101" dir="0" index="0" bw="32" slack="70"/>
<pin id="102" dir="1" index="1" bw="32" slack="70"/>
</pin_list>
<bind>
<opset="index_4 (phireg) "/>
</bind>
</comp>

<comp id="104" class="1004" name="index_4_phi_fu_104">
<pin_list>
<pin id="105" dir="0" index="0" bw="32" slack="73"/>
<pin id="106" dir="0" index="1" bw="0" slack="2147483647"/>
<pin id="107" dir="0" index="2" bw="1" slack="72"/>
<pin id="108" dir="0" index="3" bw="0" slack="2147483647"/>
<pin id="109" dir="1" index="4" bw="32" slack="0"/>
</pin_list>
<bind>
<opcode="phi(47) " fcode="phi"/>
<opset="index_4/74 "/>
</bind>
</comp>

<comp id="112" class="1004" name="grp_mem2stream_512u_32u_2u_Pipeline_VITIS_LOOP_431_1_fu_112">
<pin_list>
<pin id="113" dir="0" index="0" bw="0" slack="0"/>
<pin id="114" dir="0" index="1" bw="512" slack="0"/>
<pin id="115" dir="0" index="2" bw="58" slack="70"/>
<pin id="116" dir="0" index="3" bw="32" slack="71"/>
<pin id="117" dir="0" index="4" bw="512" slack="0"/>
<pin id="118" dir="1" index="5" bw="0" slack="2147483647"/>
</pin_list>
<bind>
<opcode="call(48) " fcode="call"/>
<opset="call_ln431/72 "/>
</bind>
</comp>

<comp id="122" class="1004" name="grp_mem2stream_512u_32u_2u_Pipeline_VITIS_LOOP_453_2_fu_122">
<pin_list>
<pin id="123" dir="0" index="0" bw="0" slack="0"/>
<pin id="124" dir="0" index="1" bw="32" slack="71"/>
<pin id="125" dir="0" index="2" bw="512" slack="0"/>
<pin id="126" dir="0" index="3" bw="58" slack="71"/>
<pin id="127" dir="0" index="4" bw="32" slack="1"/>
<pin id="128" dir="0" index="5" bw="512" slack="0"/>
<pin id="129" dir="1" index="6" bw="0" slack="2147483647"/>
</pin_list>
<bind>
<opcode="call(48) " fcode="call"/>
<opset="call_ln418/145 "/>
</bind>
</comp>

<comp id="134" class="1004" name="non_burst_beats_fu_134">
<pin_list>
<pin id="135" dir="0" index="0" bw="32" slack="0"/>
<pin id="136" dir="1" index="1" bw="5" slack="0"/>
</pin_list>
<bind>
<opcode="trunc(33) " fcode="trunc"/>
<opset="non_burst_beats/1 "/>
</bind>
</comp>

<comp id="138" class="1004" name="zext_ln417_fu_138">
<pin_list>
<pin id="139" dir="0" index="0" bw="5" slack="0"/>
<pin id="140" dir="1" index="1" bw="32" slack="0"/>
</pin_list>
<bind>
<opcode="zext(34) " fcode="zext"/>
<opset="zext_ln417/1 "/>
</bind>
</comp>

<comp id="142" class="1004" name="burst_beats_fu_142">
<pin_list>
<pin id="143" dir="0" index="0" bw="32" slack="0"/>
<pin id="144" dir="0" index="1" bw="5" slack="0"/>
<pin id="145" dir="1" index="2" bw="32" slack="1"/>
</pin_list>
<bind>
<opcode="sub(10) " fcode="sub"/>
<opset="burst_beats/1 "/>
</bind>
</comp>

<comp id="148" class="1004" name="icmp_ln431_fu_148">
<pin_list>
<pin id="149" dir="0" index="0" bw="32" slack="0"/>
<pin id="150" dir="0" index="1" bw="32" slack="0"/>
<pin id="151" dir="1" index="2" bw="1" slack="1"/>
</pin_list>
<bind>
<opcode="icmp(45) " fcode="icmp"/>
<opset="icmp_ln431/1 "/>
</bind>
</comp>

<comp id="154" class="1004" name="trunc_ln_fu_154">
<pin_list>
<pin id="155" dir="0" index="0" bw="58" slack="0"/>
<pin id="156" dir="0" index="1" bw="64" slack="0"/>
<pin id="157" dir="0" index="2" bw="4" slack="0"/>
<pin id="158" dir="0" index="3" bw="7" slack="0"/>
<pin id="159" dir="1" index="4" bw="58" slack="0"/>
</pin_list>
<bind>
<opcode="partselect(1002) " fcode="partselect"/>
<opset="trunc_ln/2 "/>
</bind>
</comp>

<comp id="164" class="1004" name="sext_ln431_fu_164">
<pin_list>
<pin id="165" dir="0" index="0" bw="58" slack="0"/>
<pin id="166" dir="1" index="1" bw="64" slack="0"/>
</pin_list>
<bind>
<opcode="sext(35) " fcode="sext"/>
<opset="sext_ln431/2 "/>
</bind>
</comp>

<comp id="168" class="1004" name="gmem0_addr_fu_168">
<pin_list>
<pin id="169" dir="0" index="0" bw="64" slack="0"/>
<pin id="170" dir="0" index="1" bw="64" slack="0"/>
<pin id="171" dir="1" index="2" bw="64" slack="0"/>
</pin_list>
<bind>
<opcode="getelementptr(29) " fcode="getelementptr"/>
<opset="gmem0_addr/2 "/>
</bind>
</comp>

<comp id="175" class="1004" name="icmp_ln453_fu_175">
<pin_list>
<pin id="176" dir="0" index="0" bw="5" slack="73"/>
<pin id="177" dir="0" index="1" bw="5" slack="0"/>
<pin id="178" dir="1" index="2" bw="1" slack="72"/>
</pin_list>
<bind>
<opcode="icmp(45) " fcode="icmp"/>
<opset="icmp_ln453/74 "/>
</bind>
</comp>

<comp id="180" class="1004" name="trunc_ln453_fu_180">
<pin_list>
<pin id="181" dir="0" index="0" bw="32" slack="0"/>
<pin id="182" dir="1" index="1" bw="5" slack="0"/>
</pin_list>
<bind>
<opcode="trunc(33) " fcode="trunc"/>
<opset="trunc_ln453/74 "/>
</bind>
</comp>

<comp id="184" class="1004" name="add_ln453_1_fu_184">
<pin_list>
<pin id="185" dir="0" index="0" bw="5" slack="0"/>
<pin id="186" dir="0" index="1" bw="5" slack="73"/>
<pin id="187" dir="1" index="2" bw="5" slack="1"/>
</pin_list>
<bind>
<opcode="add(8) " fcode="add"/>
<opset="add_ln453_1/74 "/>
</bind>
</comp>

<comp id="189" class="1004" name="shl_ln_fu_189">
<pin_list>
<pin id="190" dir="0" index="0" bw="38" slack="0"/>
<pin id="191" dir="0" index="1" bw="32" slack="73"/>
<pin id="192" dir="0" index="2" bw="1" slack="0"/>
<pin id="193" dir="1" index="3" bw="38" slack="0"/>
</pin_list>
<bind>
<opcode="bitconcatenate(1004) " fcode="bitconcatenate"/>
<opset="shl_ln/74 "/>
</bind>
</comp>

<comp id="196" class="1004" name="zext_ln453_fu_196">
<pin_list>
<pin id="197" dir="0" index="0" bw="38" slack="0"/>
<pin id="198" dir="1" index="1" bw="64" slack="0"/>
</pin_list>
<bind>
<opcode="zext(34) " fcode="zext"/>
<opset="zext_ln453/74 "/>
</bind>
</comp>

<comp id="200" class="1004" name="add_ln453_2_fu_200">
<pin_list>
<pin id="201" dir="0" index="0" bw="38" slack="0"/>
<pin id="202" dir="0" index="1" bw="64" slack="72"/>
<pin id="203" dir="1" index="2" bw="64" slack="0"/>
</pin_list>
<bind>
<opcode="add(8) " fcode="add"/>
<opset="add_ln453_2/74 "/>
</bind>
</comp>

<comp id="205" class="1004" name="trunc_ln453_1_fu_205">
<pin_list>
<pin id="206" dir="0" index="0" bw="58" slack="0"/>
<pin id="207" dir="0" index="1" bw="64" slack="0"/>
<pin id="208" dir="0" index="2" bw="4" slack="0"/>
<pin id="209" dir="0" index="3" bw="7" slack="0"/>
<pin id="210" dir="1" index="4" bw="58" slack="1"/>
</pin_list>
<bind>
<opcode="partselect(1002) " fcode="partselect"/>
<opset="trunc_ln453_1/74 "/>
</bind>
</comp>

<comp id="215" class="1004" name="sext_ln453_fu_215">
<pin_list>
<pin id="216" dir="0" index="0" bw="58" slack="1"/>
<pin id="217" dir="1" index="1" bw="64" slack="0"/>
</pin_list>
<bind>
<opcode="sext(35) " fcode="sext"/>
<opset="sext_ln453/75 "/>
</bind>
</comp>

<comp id="218" class="1004" name="gmem0_addr_1_fu_218">
<pin_list>
<pin id="219" dir="0" index="0" bw="64" slack="0"/>
<pin id="220" dir="0" index="1" bw="64" slack="0"/>
<pin id="221" dir="1" index="2" bw="64" slack="0"/>
</pin_list>
<bind>
<opcode="getelementptr(29) " fcode="getelementptr"/>
<opset="gmem0_addr_1/75 "/>
</bind>
</comp>

<comp id="225" class="1004" name="zext_ln453_1_fu_225">
<pin_list>
<pin id="226" dir="0" index="0" bw="5" slack="1"/>
<pin id="227" dir="1" index="1" bw="32" slack="0"/>
</pin_list>
<bind>
<opcode="zext(34) " fcode="zext"/>
<opset="zext_ln453_1/75 "/>
</bind>
</comp>

<comp id="229" class="1004" name="add_ln453_fu_229">
<pin_list>
<pin id="230" dir="0" index="0" bw="32" slack="70"/>
<pin id="231" dir="0" index="1" bw="5" slack="143"/>
<pin id="232" dir="1" index="2" bw="32" slack="1"/>
</pin_list>
<bind>
<opcode="add(8) " fcode="add"/>
<opset="add_ln453/144 "/>
</bind>
</comp>

<comp id="234" class="1005" name="non_burst_beats_reg_234">
<pin_list>
<pin id="235" dir="0" index="0" bw="5" slack="73"/>
<pin id="236" dir="1" index="1" bw="5" slack="73"/>
</pin_list>
<bind>
<opset="non_burst_beats "/>
</bind>
</comp>

<comp id="240" class="1005" name="zext_ln417_reg_240">
<pin_list>
<pin id="241" dir="0" index="0" bw="32" slack="143"/>
<pin id="242" dir="1" index="1" bw="32" slack="143"/>
</pin_list>
<bind>
<opset="zext_ln417 "/>
</bind>
</comp>

<comp id="245" class="1005" name="burst_beats_reg_245">
<pin_list>
<pin id="246" dir="0" index="0" bw="32" slack="1"/>
<pin id="247" dir="1" index="1" bw="32" slack="1"/>
</pin_list>
<bind>
<opset="burst_beats "/>
</bind>
</comp>

<comp id="253" class="1005" name="icmp_ln431_reg_253">
<pin_list>
<pin id="254" dir="0" index="0" bw="1" slack="1"/>
<pin id="255" dir="1" index="1" bw="1" slack="2147483647"/>
</pin_list>
<bind>
<opset="icmp_ln431 "/>
</bind>
</comp>

<comp id="257" class="1005" name="mem_in_read_reg_257">
<pin_list>
<pin id="258" dir="0" index="0" bw="64" slack="72"/>
<pin id="259" dir="1" index="1" bw="64" slack="72"/>
</pin_list>
<bind>
<opset="mem_in_read "/>
</bind>
</comp>

<comp id="262" class="1005" name="trunc_ln_reg_262">
<pin_list>
<pin id="263" dir="0" index="0" bw="58" slack="70"/>
<pin id="264" dir="1" index="1" bw="58" slack="70"/>
</pin_list>
<bind>
<opset="trunc_ln "/>
</bind>
</comp>

<comp id="267" class="1005" name="gmem0_addr_reg_267">
<pin_list>
<pin id="268" dir="0" index="0" bw="512" slack="1"/>
<pin id="269" dir="1" index="1" bw="512" slack="1"/>
</pin_list>
<bind>
<opset="gmem0_addr "/>
</bind>
</comp>

<comp id="272" class="1005" name="icmp_ln453_reg_272">
<pin_list>
<pin id="273" dir="0" index="0" bw="1" slack="72"/>
<pin id="274" dir="1" index="1" bw="1" slack="2147483647"/>
</pin_list>
<bind>
<opset="icmp_ln453 "/>
</bind>
</comp>

<comp id="276" class="1005" name="add_ln453_1_reg_276">
<pin_list>
<pin id="277" dir="0" index="0" bw="5" slack="1"/>
<pin id="278" dir="1" index="1" bw="5" slack="1"/>
</pin_list>
<bind>
<opset="add_ln453_1 "/>
</bind>
</comp>

<comp id="281" class="1005" name="trunc_ln453_1_reg_281">
<pin_list>
<pin id="282" dir="0" index="0" bw="58" slack="1"/>
<pin id="283" dir="1" index="1" bw="58" slack="1"/>
</pin_list>
<bind>
<opset="trunc_ln453_1 "/>
</bind>
</comp>

<comp id="287" class="1005" name="gmem0_addr_1_reg_287">
<pin_list>
<pin id="288" dir="0" index="0" bw="512" slack="1"/>
<pin id="289" dir="1" index="1" bw="512" slack="1"/>
</pin_list>
<bind>
<opset="gmem0_addr_1 "/>
</bind>
</comp>

<comp id="292" class="1005" name="zext_ln453_1_reg_292">
<pin_list>
<pin id="293" dir="0" index="0" bw="32" slack="1"/>
<pin id="294" dir="1" index="1" bw="32" slack="1"/>
</pin_list>
<bind>
<opset="zext_ln453_1 "/>
</bind>
</comp>

<comp id="297" class="1005" name="add_ln453_reg_297">
<pin_list>
<pin id="298" dir="0" index="0" bw="32" slack="1"/>
<pin id="299" dir="1" index="1" bw="32" slack="1"/>
</pin_list>
<bind>
<opset="add_ln453 "/>
</bind>
</comp>

</comp_list>

<net_list>
<net id="72"><net_src comp="10" pin="0"/><net_sink comp="68" pin=0"/></net>

<net id="73"><net_src comp="4" pin="0"/><net_sink comp="68" pin=1"/></net>

<net id="79"><net_src comp="12" pin="0"/><net_sink comp="74" pin=0"/></net>

<net id="80"><net_src comp="6" pin="0"/><net_sink comp="74" pin=1"/></net>

<net id="81"><net_src comp="68" pin="2"/><net_sink comp="74" pin=2"/></net>

<net id="86"><net_src comp="30" pin="0"/><net_sink comp="82" pin=0"/></net>

<net id="87"><net_src comp="2" pin="0"/><net_sink comp="82" pin=1"/></net>

<net id="93"><net_src comp="54" pin="0"/><net_sink comp="88" pin=0"/></net>

<net id="99"><net_src comp="54" pin="0"/><net_sink comp="94" pin=0"/></net>

<net id="103"><net_src comp="18" pin="0"/><net_sink comp="100" pin=0"/></net>

<net id="110"><net_src comp="100" pin="1"/><net_sink comp="104" pin=2"/></net>

<net id="111"><net_src comp="104" pin="4"/><net_sink comp="100" pin=0"/></net>

<net id="119"><net_src comp="58" pin="0"/><net_sink comp="112" pin=0"/></net>

<net id="120"><net_src comp="0" pin="0"/><net_sink comp="112" pin=1"/></net>

<net id="121"><net_src comp="8" pin="0"/><net_sink comp="112" pin=4"/></net>

<net id="130"><net_src comp="66" pin="0"/><net_sink comp="122" pin=0"/></net>

<net id="131"><net_src comp="100" pin="1"/><net_sink comp="122" pin=1"/></net>

<net id="132"><net_src comp="0" pin="0"/><net_sink comp="122" pin=2"/></net>

<net id="133"><net_src comp="8" pin="0"/><net_sink comp="122" pin=5"/></net>

<net id="137"><net_src comp="68" pin="2"/><net_sink comp="134" pin=0"/></net>

<net id="141"><net_src comp="134" pin="1"/><net_sink comp="138" pin=0"/></net>

<net id="146"><net_src comp="68" pin="2"/><net_sink comp="142" pin=0"/></net>

<net id="147"><net_src comp="138" pin="1"/><net_sink comp="142" pin=1"/></net>

<net id="152"><net_src comp="138" pin="1"/><net_sink comp="148" pin=0"/></net>

<net id="153"><net_src comp="68" pin="2"/><net_sink comp="148" pin=1"/></net>

<net id="160"><net_src comp="48" pin="0"/><net_sink comp="154" pin=0"/></net>

<net id="161"><net_src comp="82" pin="2"/><net_sink comp="154" pin=1"/></net>

<net id="162"><net_src comp="50" pin="0"/><net_sink comp="154" pin=2"/></net>

<net id="163"><net_src comp="52" pin="0"/><net_sink comp="154" pin=3"/></net>

<net id="167"><net_src comp="154" pin="4"/><net_sink comp="164" pin=0"/></net>

<net id="172"><net_src comp="0" pin="0"/><net_sink comp="168" pin=0"/></net>

<net id="173"><net_src comp="164" pin="1"/><net_sink comp="168" pin=1"/></net>

<net id="174"><net_src comp="168" pin="2"/><net_sink comp="88" pin=1"/></net>

<net id="179"><net_src comp="60" pin="0"/><net_sink comp="175" pin=1"/></net>

<net id="183"><net_src comp="104" pin="4"/><net_sink comp="180" pin=0"/></net>

<net id="188"><net_src comp="180" pin="1"/><net_sink comp="184" pin=0"/></net>

<net id="194"><net_src comp="62" pin="0"/><net_sink comp="189" pin=0"/></net>

<net id="195"><net_src comp="64" pin="0"/><net_sink comp="189" pin=2"/></net>

<net id="199"><net_src comp="189" pin="3"/><net_sink comp="196" pin=0"/></net>

<net id="204"><net_src comp="196" pin="1"/><net_sink comp="200" pin=0"/></net>

<net id="211"><net_src comp="48" pin="0"/><net_sink comp="205" pin=0"/></net>

<net id="212"><net_src comp="200" pin="2"/><net_sink comp="205" pin=1"/></net>

<net id="213"><net_src comp="50" pin="0"/><net_sink comp="205" pin=2"/></net>

<net id="214"><net_src comp="52" pin="0"/><net_sink comp="205" pin=3"/></net>

<net id="222"><net_src comp="0" pin="0"/><net_sink comp="218" pin=0"/></net>

<net id="223"><net_src comp="215" pin="1"/><net_sink comp="218" pin=1"/></net>

<net id="224"><net_src comp="218" pin="2"/><net_sink comp="94" pin=1"/></net>

<net id="228"><net_src comp="225" pin="1"/><net_sink comp="94" pin=2"/></net>

<net id="233"><net_src comp="100" pin="1"/><net_sink comp="229" pin=0"/></net>

<net id="237"><net_src comp="134" pin="1"/><net_sink comp="234" pin=0"/></net>

<net id="238"><net_src comp="234" pin="1"/><net_sink comp="175" pin=0"/></net>

<net id="239"><net_src comp="234" pin="1"/><net_sink comp="184" pin=1"/></net>

<net id="243"><net_src comp="138" pin="1"/><net_sink comp="240" pin=0"/></net>

<net id="244"><net_src comp="240" pin="1"/><net_sink comp="229" pin=1"/></net>

<net id="248"><net_src comp="142" pin="2"/><net_sink comp="245" pin=0"/></net>

<net id="249"><net_src comp="245" pin="1"/><net_sink comp="88" pin=2"/></net>

<net id="250"><net_src comp="245" pin="1"/><net_sink comp="112" pin=3"/></net>

<net id="251"><net_src comp="245" pin="1"/><net_sink comp="104" pin=0"/></net>

<net id="252"><net_src comp="245" pin="1"/><net_sink comp="189" pin=1"/></net>

<net id="256"><net_src comp="148" pin="2"/><net_sink comp="253" pin=0"/></net>

<net id="260"><net_src comp="82" pin="2"/><net_sink comp="257" pin=0"/></net>

<net id="261"><net_src comp="257" pin="1"/><net_sink comp="200" pin=1"/></net>

<net id="265"><net_src comp="154" pin="4"/><net_sink comp="262" pin=0"/></net>

<net id="266"><net_src comp="262" pin="1"/><net_sink comp="112" pin=2"/></net>

<net id="270"><net_src comp="168" pin="2"/><net_sink comp="267" pin=0"/></net>

<net id="271"><net_src comp="267" pin="1"/><net_sink comp="88" pin=1"/></net>

<net id="275"><net_src comp="175" pin="2"/><net_sink comp="272" pin=0"/></net>

<net id="279"><net_src comp="184" pin="2"/><net_sink comp="276" pin=0"/></net>

<net id="280"><net_src comp="276" pin="1"/><net_sink comp="225" pin=0"/></net>

<net id="284"><net_src comp="205" pin="4"/><net_sink comp="281" pin=0"/></net>

<net id="285"><net_src comp="281" pin="1"/><net_sink comp="215" pin=0"/></net>

<net id="286"><net_src comp="281" pin="1"/><net_sink comp="122" pin=3"/></net>

<net id="290"><net_src comp="218" pin="2"/><net_sink comp="287" pin=0"/></net>

<net id="291"><net_src comp="287" pin="1"/><net_sink comp="94" pin=1"/></net>

<net id="295"><net_src comp="225" pin="1"/><net_sink comp="292" pin=0"/></net>

<net id="296"><net_src comp="292" pin="1"/><net_sink comp="94" pin=2"/></net>

<net id="300"><net_src comp="229" pin="2"/><net_sink comp="297" pin=0"/></net>

<net id="301"><net_src comp="297" pin="1"/><net_sink comp="122" pin=4"/></net>

</net_list>

</model> 
---------------- Datapath Model END ------------------

* FSMD analyzer results:
  - Output states:
	Port: gmem0 | {}
	Port: p_read_c16 | {1 }
	Port: arg0_read_mem_strm | {72 73 145 146 }
 - Input state : 
	Port: mem2stream<512u, 32u, 2u> : gmem0 | {2 3 4 5 6 7 8 9 10 11 12 13 14 15 16 17 18 19 20 21 22 23 24 25 26 27 28 29 30 31 32 33 34 35 36 37 38 39 40 41 42 43 44 45 46 47 48 49 50 51 52 53 54 55 56 57 58 59 60 61 62 63 64 65 66 67 68 69 70 71 72 73 75 76 77 78 79 80 81 82 83 84 85 86 87 88 89 90 91 92 93 94 95 96 97 98 99 100 101 102 103 104 105 106 107 108 109 110 111 112 113 114 115 116 117 118 119 120 121 122 123 124 125 126 127 128 129 130 131 132 133 134 135 136 137 138 139 140 141 142 143 144 145 146 }
	Port: mem2stream<512u, 32u, 2u> : mem_in | {2 }
	Port: mem2stream<512u, 32u, 2u> : num_beats | {1 }
	Port: mem2stream<512u, 32u, 2u> : arg0_read_mem_strm | {}
  - Chain level:
	State 1
		zext_ln417 : 1
		burst_beats : 2
		icmp_ln431 : 2
	State 2
		sext_ln431 : 1
		gmem0_addr : 2
		empty : 3
	State 3
	State 4
	State 5
	State 6
	State 7
	State 8
	State 9
	State 10
	State 11
	State 12
	State 13
	State 14
	State 15
	State 16
	State 17
	State 18
	State 19
	State 20
	State 21
	State 22
	State 23
	State 24
	State 25
	State 26
	State 27
	State 28
	State 29
	State 30
	State 31
	State 32
	State 33
	State 34
	State 35
	State 36
	State 37
	State 38
	State 39
	State 40
	State 41
	State 42
	State 43
	State 44
	State 45
	State 46
	State 47
	State 48
	State 49
	State 50
	State 51
	State 52
	State 53
	State 54
	State 55
	State 56
	State 57
	State 58
	State 59
	State 60
	State 61
	State 62
	State 63
	State 64
	State 65
	State 66
	State 67
	State 68
	State 69
	State 70
	State 71
	State 72
	State 73
	State 74
		index_4 : 1
		br_ln453 : 1
		trunc_ln453 : 2
		add_ln453_1 : 3
		zext_ln453 : 1
		add_ln453_2 : 2
		trunc_ln453_1 : 3
	State 75
		gmem0_addr_1 : 1
		empty_61 : 2
	State 76
	State 77
	State 78
	State 79
	State 80
	State 81
	State 82
	State 83
	State 84
	State 85
	State 86
	State 87
	State 88
	State 89
	State 90
	State 91
	State 92
	State 93
	State 94
	State 95
	State 96
	State 97
	State 98
	State 99
	State 100
	State 101
	State 102
	State 103
	State 104
	State 105
	State 106
	State 107
	State 108
	State 109
	State 110
	State 111
	State 112
	State 113
	State 114
	State 115
	State 116
	State 117
	State 118
	State 119
	State 120
	State 121
	State 122
	State 123
	State 124
	State 125
	State 126
	State 127
	State 128
	State 129
	State 130
	State 131
	State 132
	State 133
	State 134
	State 135
	State 136
	State 137
	State 138
	State 139
	State 140
	State 141
	State 142
	State 143
	State 144
	State 145
	State 146


============================================================
+ Verbose Summary: Datapath Resource usage 
============================================================

* Functional unit list:
|----------|-------------------------------------------------------------|---------|---------|
| Operation|                       Functional Unit                       |    FF   |   LUT   |
|----------|-------------------------------------------------------------|---------|---------|
|   call   | grp_mem2stream_512u_32u_2u_Pipeline_VITIS_LOOP_431_1_fu_112 |   609   |    48   |
|          | grp_mem2stream_512u_32u_2u_Pipeline_VITIS_LOOP_453_2_fu_122 |   609   |    48   |
|----------|-------------------------------------------------------------|---------|---------|
|          |                      add_ln453_1_fu_184                     |    0    |    5    |
|    add   |                      add_ln453_2_fu_200                     |    0    |    64   |
|          |                       add_ln453_fu_229                      |    0    |    32   |
|----------|-------------------------------------------------------------|---------|---------|
|    sub   |                      burst_beats_fu_142                     |    0    |    32   |
|----------|-------------------------------------------------------------|---------|---------|
|   icmp   |                      icmp_ln431_fu_148                      |    0    |    16   |
|          |                      icmp_ln453_fu_175                      |    0    |    2    |
|----------|-------------------------------------------------------------|---------|---------|
|   read   |                  num_beats_read_read_fu_68                  |    0    |    0    |
|          |                    mem_in_read_read_fu_82                   |    0    |    0    |
|----------|-------------------------------------------------------------|---------|---------|
|   write  |                   write_ln404_write_fu_74                   |    0    |    0    |
|----------|-------------------------------------------------------------|---------|---------|
|  readreq |                      grp_readreq_fu_88                      |    0    |    0    |
|          |                      grp_readreq_fu_94                      |    0    |    0    |
|----------|-------------------------------------------------------------|---------|---------|
|   trunc  |                    non_burst_beats_fu_134                   |    0    |    0    |
|          |                      trunc_ln453_fu_180                     |    0    |    0    |
|----------|-------------------------------------------------------------|---------|---------|
|          |                      zext_ln417_fu_138                      |    0    |    0    |
|   zext   |                      zext_ln453_fu_196                      |    0    |    0    |
|          |                     zext_ln453_1_fu_225                     |    0    |    0    |
|----------|-------------------------------------------------------------|---------|---------|
|partselect|                       trunc_ln_fu_154                       |    0    |    0    |
|          |                     trunc_ln453_1_fu_205                    |    0    |    0    |
|----------|-------------------------------------------------------------|---------|---------|
|   sext   |                      sext_ln431_fu_164                      |    0    |    0    |
|          |                      sext_ln453_fu_215                      |    0    |    0    |
|----------|-------------------------------------------------------------|---------|---------|
|bitconcatenate|                        shl_ln_fu_189                        |    0    |    0    |
|----------|-------------------------------------------------------------|---------|---------|
|   Total  |                                                             |   1218  |   247   |
|----------|-------------------------------------------------------------|---------|---------|

Memories:
N/A

* Register list:
+-----------------------+--------+
|                       |   FF   |
+-----------------------+--------+
|  add_ln453_1_reg_276  |    5   |
|   add_ln453_reg_297   |   32   |
|  burst_beats_reg_245  |   32   |
|  gmem0_addr_1_reg_287 |   512  |
|   gmem0_addr_reg_267  |   512  |
|   icmp_ln431_reg_253  |    1   |
|   icmp_ln453_reg_272  |    1   |
|    index_4_reg_100    |   32   |
|  mem_in_read_reg_257  |   64   |
|non_burst_beats_reg_234|    5   |
| trunc_ln453_1_reg_281 |   58   |
|    trunc_ln_reg_262   |   58   |
|   zext_ln417_reg_240  |   32   |
|  zext_ln453_1_reg_292 |   32   |
+-----------------------+--------+
|         Total         |  1376  |
+-----------------------+--------+

* Multiplexer (MUX) list: 
|-------------------|------|------|------|--------||---------||---------|
|        Comp       |  Pin | Size |  BW  | S x BW ||  Delay  ||   LUT   |
|-------------------|------|------|------|--------||---------||---------|
| grp_readreq_fu_88 |  p1  |   2  |  512 |  1024  ||   121   |
| grp_readreq_fu_94 |  p1  |   2  |  512 |  1024  ||   121   |
| grp_readreq_fu_94 |  p2  |   2  |   5  |   10   ||    5    |
|  index_4_reg_100  |  p0  |   2  |  32  |   64   ||    32   |
|-------------------|------|------|------|--------||---------||---------|
|       Total       |      |      |      |  2122  ||   1.93  ||   279   |
|-------------------|------|------|------|--------||---------||---------|



* Summary:
+-----------+--------+--------+--------+
|           |  Delay |   FF   |   LUT  |
+-----------+--------+--------+--------+
|  Function |    -   |  1218  |   247  |
|   Memory  |    -   |    -   |    -   |
|Multiplexer|    1   |    -   |   279  |
|  Register |    -   |  1376  |    -   |
+-----------+--------+--------+--------+
|   Total   |    1   |  2594  |   526  |
+-----------+--------+--------+--------+
