

================================================================
== Vitis HLS Report for 'stream2mem_512u_32u_2u_s'
================================================================
* Date:           Sun Jul 26 01:22:48 2026

* Version:        2022.1 (Build 3526262 on Mon Apr 18 15:47:01 MDT 2022)
* Project:        datamover_outerloop_0
* Solution:       solution (Vitis Kernel Flow Target)
* Product family: versal
* Target device:  xcvc1902-vsvd1760-2MP-e-S


================================================================
== Performance Estimates
================================================================
+ Timing: 
    * Summary: 
    +--------+---------+----------+------------+
    |  Clock |  Target | Estimated| Uncertainty|
    +--------+---------+----------+------------+
    |ap_clk  |  3.33 ns|  2.433 ns|     0.90 ns|
    +--------+---------+----------+------------+

+ Latency: 
    * Summary: 
    +---------+---------+----------+----------+-----+-----+---------+
    |  Latency (cycles) |  Latency (absolute) |  Interval | Pipeline|
    |   min   |   max   |    min   |    max   | min | max |   Type  |
    +---------+---------+----------+----------+-----+-----+---------+
    |        ?|        ?|         ?|         ?|    ?|    ?|       no|
    +---------+---------+----------+----------+-----+-----+---------+

    + Detail: 
        * Instance: 
        +-------------------------------------------------------------+--------------------------------------------------+---------+---------+----------+----------+-----+-----+---------+
        |                                                             |                                                  |  Latency (cycles) |  Latency (absolute) |  Interval | Pipeline|
        |                           Instance                          |                      Module                      |   min   |   max   |    min   |    max   | min | max |   Type  |
        +-------------------------------------------------------------+--------------------------------------------------+---------+---------+----------+----------+-----+-----+---------+
        |grp_stream2mem_512u_32u_2u_Pipeline_VITIS_LOOP_567_1_fu_104  |stream2mem_512u_32u_2u_Pipeline_VITIS_LOOP_567_1  |        ?|        ?|         ?|         ?|    ?|    ?|       no|
        |grp_stream2mem_512u_32u_2u_Pipeline_VITIS_LOOP_580_2_fu_114  |stream2mem_512u_32u_2u_Pipeline_VITIS_LOOP_580_2  |        3|       65|  9.999 ns|  0.217 us|    3|   65|       no|
        +-------------------------------------------------------------+--------------------------------------------------+---------+---------+----------+----------+-----+-----+---------+

        * Loop: 
        N/A

============================================================
+ Verbose Summary: Synthesis Manager
============================================================
InlineROM: 1
ExposeGlobal: 0
============================================================
+ Verbose Summary: CDFG Model
============================================================
IsTopModel: 0
ResetActiveHigh: 1
IsCombinational: 2
IsDatapathOnly: 0
HasWiredReturn: 1
HasMFsm: 0
HasVarLatency: 1
IsPipeline: 0
IsRtlPipelined: 0
IsInstanceOverlapped: 0
IsDontTouch: 0
HasImplIP: 0
IsGatedGlobalClock: 0


============================================================
+ Verbose Summary: Schedule
============================================================
* Number of FSM states : 143
* Pipeline : 0
* Dataflow Pipeline: 0

* FSM state transitions: 
1 --> 2 72 
2 --> 3 
3 --> 4 
4 --> 5 
5 --> 6 
6 --> 7 
7 --> 8 
8 --> 9 
9 --> 10 
10 --> 11 
11 --> 12 
12 --> 13 
13 --> 14 
14 --> 15 
15 --> 16 
16 --> 17 
17 --> 18 
18 --> 19 
19 --> 20 
20 --> 21 
21 --> 22 
22 --> 23 
23 --> 24 
24 --> 25 
25 --> 26 
26 --> 27 
27 --> 28 
28 --> 29 
29 --> 30 
30 --> 31 
31 --> 32 
32 --> 33 
33 --> 34 
34 --> 35 
35 --> 36 
36 --> 37 
37 --> 38 
38 --> 39 
39 --> 40 
40 --> 41 
41 --> 42 
42 --> 43 
43 --> 44 
44 --> 45 
45 --> 46 
46 --> 47 
47 --> 48 
48 --> 49 
49 --> 50 
50 --> 51 
51 --> 52 
52 --> 53 
53 --> 54 
54 --> 55 
55 --> 56 
56 --> 57 
57 --> 58 
58 --> 59 
59 --> 60 
60 --> 61 
61 --> 62 
62 --> 63 
63 --> 64 
64 --> 65 
65 --> 66 
66 --> 67 
67 --> 68 
68 --> 69 
69 --> 70 
70 --> 71 
71 --> 72 
72 --> 73 143 
73 --> 74 
74 --> 75 
75 --> 76 
76 --> 77 
77 --> 78 
78 --> 79 
79 --> 80 
80 --> 81 
81 --> 82 
82 --> 83 
83 --> 84 
84 --> 85 
85 --> 86 
86 --> 87 
87 --> 88 
88 --> 89 
89 --> 90 
90 --> 91 
91 --> 92 
92 --> 93 
93 --> 94 
94 --> 95 
95 --> 96 
96 --> 97 
97 --> 98 
98 --> 99 
99 --> 100 
100 --> 101 
101 --> 102 
102 --> 103 
103 --> 104 
104 --> 105 
105 --> 106 
106 --> 107 
107 --> 108 
108 --> 109 
109 --> 110 
110 --> 111 
111 --> 112 
112 --> 113 
113 --> 114 
114 --> 115 
115 --> 116 
116 --> 117 
117 --> 118 
118 --> 119 
119 --> 120 
120 --> 121 
121 --> 122 
122 --> 123 
123 --> 124 
124 --> 125 
125 --> 126 
126 --> 127 
127 --> 128 
128 --> 129 
129 --> 130 
130 --> 131 
131 --> 132 
132 --> 133 
133 --> 134 
134 --> 135 
135 --> 136 
136 --> 137 
137 --> 138 
138 --> 139 
139 --> 140 
140 --> 141 
141 --> 142 
142 --> 143 
143 --> 

* FSM state operations: 

State 1 <SV = 0> <Delay = 1.90>
ST_1 : Operation 144 [1/1] (0.00ns)   --->   "%specinterface_ln0 = specinterface void @_ssdm_op_SpecInterface, i64 %mem_out, void @ap_fifo_str, i32 0, i32 0, void @p_str, i32 0, i32 0, void @p_str, void @p_str, void @p_str, i32 2, i32 2, i32 16, i32 16, void @p_str, void @ScalarProp_str, i32 4294967295, i32 0"   --->   Operation 144 'specinterface' 'specinterface_ln0' <Predicate = true> <Delay = 0.00>
ST_1 : Operation 145 [1/1] (0.67ns)   --->   "%mem_out_read = read i64 @_ssdm_op_Read.ap_fifo.i64P0A, i64 %mem_out"   --->   Operation 145 'read' 'mem_out_read' <Predicate = true> <Delay = 0.67> <CoreInst = "FIFO_SRL">   --->   Core 85 'FIFO_SRL' <Latency = 0> <II = 1> <Delay = 0.67> <Storage> <Opcode : 'read' 'write' 'nbread' 'nbwrite'> <Ports = 0> <Width = 64> <Depth = 4> <FIFO>
ST_1 : Operation 146 [1/1] (0.00ns)   --->   "%specinterface_ln0 = specinterface void @_ssdm_op_SpecInterface, i32 %num_beats, void @ap_fifo_str, i32 0, i32 0, void @p_str, i32 0, i32 0, void @p_str, void @p_str, void @p_str, i32 2, i32 2, i32 16, i32 16, void @p_str, void @ScalarProp_str, i32 4294967295, i32 0"   --->   Operation 146 'specinterface' 'specinterface_ln0' <Predicate = true> <Delay = 0.00>
ST_1 : Operation 147 [1/1] (0.73ns)   --->   "%num_beats_read = read i32 @_ssdm_op_Read.ap_fifo.i32P0A, i32 %num_beats" [/home/x_thileeb/repos/ops-hls-pact25-artifact/OPS/ops/hls/include/device/../../L1/include/ops_hls_datamover.hpp:540]   --->   Operation 147 'read' 'num_beats_read' <Predicate = true> <Delay = 0.73> <CoreInst = "FIFO_SRL">   --->   Core 85 'FIFO_SRL' <Latency = 0> <II = 1> <Delay = 0.73> <Storage> <Opcode : 'read' 'write' 'nbread' 'nbwrite'> <Ports = 0> <Width = 32> <Depth = 2> <FIFO>
ST_1 : Operation 148 [1/1] (0.00ns)   --->   "%specinterface_ln0 = specinterface void @_ssdm_op_SpecInterface, i512 %arg1_write_mem_strm, void @empty_7, i32 0, i32 0, void @empty_27, i32 0, i32 0, void @empty_27, void @empty_27, void @empty_27, i32 0, i32 0, i32 0, i32 0, void @empty_27, void @empty_27, i32 4294967295, i32 0"   --->   Operation 148 'specinterface' 'specinterface_ln0' <Predicate = true> <Delay = 0.00>
ST_1 : Operation 149 [1/1] (0.00ns)   --->   "%specinterface_ln0 = specinterface void @_ssdm_op_SpecInterface, i512 %arg1_write_mem_strm, void @empty_7, i32 0, i32 0, void @empty_27, i32 0, i32 0, void @empty_27, void @empty_27, void @empty_27, i32 0, i32 0, i32 0, i32 0, void @empty_27, void @empty_27, i32 4294967295, i32 0"   --->   Operation 149 'specinterface' 'specinterface_ln0' <Predicate = true> <Delay = 0.00>
ST_1 : Operation 150 [1/1] (0.00ns)   --->   "%specinterface_ln0 = specinterface void @_ssdm_op_SpecInterface, i512 %arg1_write_mem_strm, void @empty_7, i32 0, i32 0, void @empty_27, i32 0, i32 0, void @empty_27, void @empty_27, void @empty_27, i32 0, i32 0, i32 0, i32 0, void @empty_27, void @empty_27, i32 4294967295, i32 0"   --->   Operation 150 'specinterface' 'specinterface_ln0' <Predicate = true> <Delay = 0.00>
ST_1 : Operation 151 [1/1] (0.00ns)   --->   "%non_burst_beats = trunc i32 %num_beats_read" [/home/x_thileeb/repos/ops-hls-pact25-artifact/OPS/ops/hls/include/device/../../L1/include/ops_hls_datamover.hpp:540]   --->   Operation 151 'trunc' 'non_burst_beats' <Predicate = true> <Delay = 0.00>
ST_1 : Operation 152 [1/1] (0.00ns)   --->   "%specinterface_ln0 = specinterface void @_ssdm_op_SpecInterface, i512 %gmem1, void @empty_31, i32 0, i32 0, void @empty_27, i32 64, i32 4096, void @empty_13, void @empty_34, void @empty_27, i32 4, i32 4, i32 64, i32 64, void @empty_27, void @empty_27, i32 4294967295, i32 0"   --->   Operation 152 'specinterface' 'specinterface_ln0' <Predicate = true> <Delay = 0.00>
ST_1 : Operation 153 [1/1] (0.00ns)   --->   "%specinterface_ln0 = specinterface void @_ssdm_op_SpecInterface, i512 %arg1_write_mem_strm, void @empty_7, i32 0, i32 0, void @empty_27, i32 0, i32 0, void @empty_27, void @empty_27, void @empty_27, i32 0, i32 0, i32 0, i32 0, void @empty_27, void @empty_27, i32 4294967295, i32 0"   --->   Operation 153 'specinterface' 'specinterface_ln0' <Predicate = true> <Delay = 0.00>
ST_1 : Operation 154 [1/1] (0.00ns)   --->   "%zext_ln553 = zext i5 %non_burst_beats" [/home/x_thileeb/repos/ops-hls-pact25-artifact/OPS/ops/hls/include/device/../../L1/include/ops_hls_datamover.hpp:553]   --->   Operation 154 'zext' 'zext_ln553' <Predicate = true> <Delay = 0.00>
ST_1 : Operation 155 [1/1] (0.89ns)   --->   "%burst_beats = sub i32 %num_beats_read, i32 %zext_ln553" [/home/x_thileeb/repos/ops-hls-pact25-artifact/OPS/ops/hls/include/device/../../L1/include/ops_hls_datamover.hpp:554]   --->   Operation 155 'sub' 'burst_beats' <Predicate = true> <Delay = 0.89> <CoreInst = "Adder">   --->   Core 1 'Adder' <Latency = 0> <II = 1> <Delay = 0.89> <FuncUnit> <Opcode : 'add' 'sub'> <InPorts = 2> <OutPorts = 1>
ST_1 : Operation 156 [1/1] (0.70ns)   --->   "%icmp_ln567 = icmp_eq  i32 %zext_ln553, i32 %num_beats_read" [/home/x_thileeb/repos/ops-hls-pact25-artifact/OPS/ops/hls/include/device/../../L1/include/ops_hls_datamover.hpp:567]   --->   Operation 156 'icmp' 'icmp_ln567' <Predicate = true> <Delay = 0.70> <CoreInst = "Cmp">   --->   Core 9 'Cmp' <Latency = 0> <II = 1> <Delay = 0.70> <FuncUnit> <Opcode : 'icmp'> <InPorts = 2> <OutPorts = 1>
ST_1 : Operation 157 [1/1] (0.46ns)   --->   "%br_ln567 = br i1 %icmp_ln567, void %for.body.lr.ph.i, void %VITIS_LOOP_580_2.i" [/home/x_thileeb/repos/ops-hls-pact25-artifact/OPS/ops/hls/include/device/../../L1/include/ops_hls_datamover.hpp:567]   --->   Operation 157 'br' 'br_ln567' <Predicate = true> <Delay = 0.46>

State 2 <SV = 1> <Delay = 2.43>
ST_2 : Operation 158 [1/1] (0.00ns)   --->   "%trunc_ln = partselect i58 @_ssdm_op_PartSelect.i58.i64.i32.i32, i64 %mem_out_read, i32 6, i32 63" [/home/x_thileeb/repos/ops-hls-pact25-artifact/OPS/ops/hls/include/device/../../L1/include/ops_hls_datamover.hpp:567]   --->   Operation 158 'partselect' 'trunc_ln' <Predicate = true> <Delay = 0.00>
ST_2 : Operation 159 [1/1] (0.00ns)   --->   "%sext_ln567 = sext i58 %trunc_ln" [/home/x_thileeb/repos/ops-hls-pact25-artifact/OPS/ops/hls/include/device/../../L1/include/ops_hls_datamover.hpp:567]   --->   Operation 159 'sext' 'sext_ln567' <Predicate = true> <Delay = 0.00>
ST_2 : Operation 160 [1/1] (0.00ns)   --->   "%gmem1_addr = getelementptr i512 %gmem1, i64 %sext_ln567" [/home/x_thileeb/repos/ops-hls-pact25-artifact/OPS/ops/hls/include/device/../../L1/include/ops_hls_datamover.hpp:567]   --->   Operation 160 'getelementptr' 'gmem1_addr' <Predicate = true> <Delay = 0.00>
ST_2 : Operation 161 [1/1] (2.43ns)   --->   "%empty = writereq i1 @_ssdm_op_WriteReq.m_axi.p1i512, i512 %gmem1_addr, i32 %burst_beats" [/home/x_thileeb/repos/ops-hls-pact25-artifact/OPS/ops/hls/include/device/../../L1/include/ops_hls_datamover.hpp:567]   --->   Operation 161 'writereq' 'empty' <Predicate = true> <Delay = 2.43> <CoreInst = "m_axi">   --->   Core 125 'm_axi' <Latency = 0> <II = 1> <Delay = 1.00> <Adapter> <Opcode : 'read' 'write' 'readreq' 'writereq' 'writeresp'>

State 3 <SV = 2> <Delay = 1.17>
ST_3 : Operation 162 [1/1] (0.00ns)   --->   "%empty_53 = wait i32 @_ssdm_op_Wait"   --->   Operation 162 'wait' 'empty_53' <Predicate = true> <Delay = 0.00>
ST_3 : Operation 163 [2/2] (1.17ns)   --->   "%call_ln567 = call void @stream2mem<512u, 32u, 2u>_Pipeline_VITIS_LOOP_567_1, i512 %gmem1, i58 %trunc_ln, i32 %burst_beats, i512 %arg1_write_mem_strm" [/home/x_thileeb/repos/ops-hls-pact25-artifact/OPS/ops/hls/include/device/../../L1/include/ops_hls_datamover.hpp:567]   --->   Operation 163 'call' 'call_ln567' <Predicate = true> <Delay = 1.17> <CoreType = "Generic">   --->   Core 0 '' <Latency = 0> <II = 1> <Delay = 1.00> <Generic> <Opcode : >

State 4 <SV = 3> <Delay = 0.00>
ST_4 : Operation 164 [1/2] (0.00ns)   --->   "%call_ln567 = call void @stream2mem<512u, 32u, 2u>_Pipeline_VITIS_LOOP_567_1, i512 %gmem1, i58 %trunc_ln, i32 %burst_beats, i512 %arg1_write_mem_strm" [/home/x_thileeb/repos/ops-hls-pact25-artifact/OPS/ops/hls/include/device/../../L1/include/ops_hls_datamover.hpp:567]   --->   Operation 164 'call' 'call_ln567' <Predicate = true> <Delay = 0.00> <CoreType = "Generic">   --->   Core 0 '' <Latency = 0> <II = 1> <Delay = 1.00> <Generic> <Opcode : >

State 5 <SV = 4> <Delay = 2.43>
ST_5 : Operation 165 [1/1] (0.00ns)   --->   "%empty_54 = wait i32 @_ssdm_op_Wait"   --->   Operation 165 'wait' 'empty_54' <Predicate = true> <Delay = 0.00>
ST_5 : Operation 166 [68/68] (2.43ns)   --->   "%empty_55 = writeresp i1 @_ssdm_op_WriteResp.m_axi.p1i512, i512 %gmem1_addr" [/home/x_thileeb/repos/ops-hls-pact25-artifact/OPS/ops/hls/include/device/../../L1/include/ops_hls_datamover.hpp:567]   --->   Operation 166 'writeresp' 'empty_55' <Predicate = true> <Delay = 2.43> <CoreInst = "m_axi">   --->   Core 125 'm_axi' <Latency = 0> <II = 1> <Delay = 1.00> <Adapter> <Opcode : 'read' 'write' 'readreq' 'writereq' 'writeresp'>

State 6 <SV = 5> <Delay = 2.43>
ST_6 : Operation 167 [67/68] (2.43ns)   --->   "%empty_55 = writeresp i1 @_ssdm_op_WriteResp.m_axi.p1i512, i512 %gmem1_addr" [/home/x_thileeb/repos/ops-hls-pact25-artifact/OPS/ops/hls/include/device/../../L1/include/ops_hls_datamover.hpp:567]   --->   Operation 167 'writeresp' 'empty_55' <Predicate = true> <Delay = 2.43> <CoreInst = "m_axi">   --->   Core 125 'm_axi' <Latency = 0> <II = 1> <Delay = 1.00> <Adapter> <Opcode : 'read' 'write' 'readreq' 'writereq' 'writeresp'>

State 7 <SV = 6> <Delay = 2.43>
ST_7 : Operation 168 [66/68] (2.43ns)   --->   "%empty_55 = writeresp i1 @_ssdm_op_WriteResp.m_axi.p1i512, i512 %gmem1_addr" [/home/x_thileeb/repos/ops-hls-pact25-artifact/OPS/ops/hls/include/device/../../L1/include/ops_hls_datamover.hpp:567]   --->   Operation 168 'writeresp' 'empty_55' <Predicate = true> <Delay = 2.43> <CoreInst = "m_axi">   --->   Core 125 'm_axi' <Latency = 0> <II = 1> <Delay = 1.00> <Adapter> <Opcode : 'read' 'write' 'readreq' 'writereq' 'writeresp'>

State 8 <SV = 7> <Delay = 2.43>
ST_8 : Operation 169 [65/68] (2.43ns)   --->   "%empty_55 = writeresp i1 @_ssdm_op_WriteResp.m_axi.p1i512, i512 %gmem1_addr" [/home/x_thileeb/repos/ops-hls-pact25-artifact/OPS/ops/hls/include/device/../../L1/include/ops_hls_datamover.hpp:567]   --->   Operation 169 'writeresp' 'empty_55' <Predicate = true> <Delay = 2.43> <CoreInst = "m_axi">   --->   Core 125 'm_axi' <Latency = 0> <II = 1> <Delay = 1.00> <Adapter> <Opcode : 'read' 'write' 'readreq' 'writereq' 'writeresp'>

State 9 <SV = 8> <Delay = 2.43>
ST_9 : Operation 170 [64/68] (2.43ns)   --->   "%empty_55 = writeresp i1 @_ssdm_op_WriteResp.m_axi.p1i512, i512 %gmem1_addr" [/home/x_thileeb/repos/ops-hls-pact25-artifact/OPS/ops/hls/include/device/../../L1/include/ops_hls_datamover.hpp:567]   --->   Operation 170 'writeresp' 'empty_55' <Predicate = true> <Delay = 2.43> <CoreInst = "m_axi">   --->   Core 125 'm_axi' <Latency = 0> <II = 1> <Delay = 1.00> <Adapter> <Opcode : 'read' 'write' 'readreq' 'writereq' 'writeresp'>

State 10 <SV = 9> <Delay = 2.43>
ST_10 : Operation 171 [63/68] (2.43ns)   --->   "%empty_55 = writeresp i1 @_ssdm_op_WriteResp.m_axi.p1i512, i512 %gmem1_addr" [/home/x_thileeb/repos/ops-hls-pact25-artifact/OPS/ops/hls/include/device/../../L1/include/ops_hls_datamover.hpp:567]   --->   Operation 171 'writeresp' 'empty_55' <Predicate = true> <Delay = 2.43> <CoreInst = "m_axi">   --->   Core 125 'm_axi' <Latency = 0> <II = 1> <Delay = 1.00> <Adapter> <Opcode : 'read' 'write' 'readreq' 'writereq' 'writeresp'>

State 11 <SV = 10> <Delay = 2.43>
ST_11 : Operation 172 [62/68] (2.43ns)   --->   "%empty_55 = writeresp i1 @_ssdm_op_WriteResp.m_axi.p1i512, i512 %gmem1_addr" [/home/x_thileeb/repos/ops-hls-pact25-artifact/OPS/ops/hls/include/device/../../L1/include/ops_hls_datamover.hpp:567]   --->   Operation 172 'writeresp' 'empty_55' <Predicate = true> <Delay = 2.43> <CoreInst = "m_axi">   --->   Core 125 'm_axi' <Latency = 0> <II = 1> <Delay = 1.00> <Adapter> <Opcode : 'read' 'write' 'readreq' 'writereq' 'writeresp'>

State 12 <SV = 11> <Delay = 2.43>
ST_12 : Operation 173 [61/68] (2.43ns)   --->   "%empty_55 = writeresp i1 @_ssdm_op_WriteResp.m_axi.p1i512, i512 %gmem1_addr" [/home/x_thileeb/repos/ops-hls-pact25-artifact/OPS/ops/hls/include/device/../../L1/include/ops_hls_datamover.hpp:567]   --->   Operation 173 'writeresp' 'empty_55' <Predicate = true> <Delay = 2.43> <CoreInst = "m_axi">   --->   Core 125 'm_axi' <Latency = 0> <II = 1> <Delay = 1.00> <Adapter> <Opcode : 'read' 'write' 'readreq' 'writereq' 'writeresp'>

State 13 <SV = 12> <Delay = 2.43>
ST_13 : Operation 174 [60/68] (2.43ns)   --->   "%empty_55 = writeresp i1 @_ssdm_op_WriteResp.m_axi.p1i512, i512 %gmem1_addr" [/home/x_thileeb/repos/ops-hls-pact25-artifact/OPS/ops/hls/include/device/../../L1/include/ops_hls_datamover.hpp:567]   --->   Operation 174 'writeresp' 'empty_55' <Predicate = true> <Delay = 2.43> <CoreInst = "m_axi">   --->   Core 125 'm_axi' <Latency = 0> <II = 1> <Delay = 1.00> <Adapter> <Opcode : 'read' 'write' 'readreq' 'writereq' 'writeresp'>

State 14 <SV = 13> <Delay = 2.43>
ST_14 : Operation 175 [59/68] (2.43ns)   --->   "%empty_55 = writeresp i1 @_ssdm_op_WriteResp.m_axi.p1i512, i512 %gmem1_addr" [/home/x_thileeb/repos/ops-hls-pact25-artifact/OPS/ops/hls/include/device/../../L1/include/ops_hls_datamover.hpp:567]   --->   Operation 175 'writeresp' 'empty_55' <Predicate = true> <Delay = 2.43> <CoreInst = "m_axi">   --->   Core 125 'm_axi' <Latency = 0> <II = 1> <Delay = 1.00> <Adapter> <Opcode : 'read' 'write' 'readreq' 'writereq' 'writeresp'>

State 15 <SV = 14> <Delay = 2.43>
ST_15 : Operation 176 [58/68] (2.43ns)   --->   "%empty_55 = writeresp i1 @_ssdm_op_WriteResp.m_axi.p1i512, i512 %gmem1_addr" [/home/x_thileeb/repos/ops-hls-pact25-artifact/OPS/ops/hls/include/device/../../L1/include/ops_hls_datamover.hpp:567]   --->   Operation 176 'writeresp' 'empty_55' <Predicate = true> <Delay = 2.43> <CoreInst = "m_axi">   --->   Core 125 'm_axi' <Latency = 0> <II = 1> <Delay = 1.00> <Adapter> <Opcode : 'read' 'write' 'readreq' 'writereq' 'writeresp'>

State 16 <SV = 15> <Delay = 2.43>
ST_16 : Operation 177 [57/68] (2.43ns)   --->   "%empty_55 = writeresp i1 @_ssdm_op_WriteResp.m_axi.p1i512, i512 %gmem1_addr" [/home/x_thileeb/repos/ops-hls-pact25-artifact/OPS/ops/hls/include/device/../../L1/include/ops_hls_datamover.hpp:567]   --->   Operation 177 'writeresp' 'empty_55' <Predicate = true> <Delay = 2.43> <CoreInst = "m_axi">   --->   Core 125 'm_axi' <Latency = 0> <II = 1> <Delay = 1.00> <Adapter> <Opcode : 'read' 'write' 'readreq' 'writereq' 'writeresp'>

State 17 <SV = 16> <Delay = 2.43>
ST_17 : Operation 178 [56/68] (2.43ns)   --->   "%empty_55 = writeresp i1 @_ssdm_op_WriteResp.m_axi.p1i512, i512 %gmem1_addr" [/home/x_thileeb/repos/ops-hls-pact25-artifact/OPS/ops/hls/include/device/../../L1/include/ops_hls_datamover.hpp:567]   --->   Operation 178 'writeresp' 'empty_55' <Predicate = true> <Delay = 2.43> <CoreInst = "m_axi">   --->   Core 125 'm_axi' <Latency = 0> <II = 1> <Delay = 1.00> <Adapter> <Opcode : 'read' 'write' 'readreq' 'writereq' 'writeresp'>

State 18 <SV = 17> <Delay = 2.43>
ST_18 : Operation 179 [55/68] (2.43ns)   --->   "%empty_55 = writeresp i1 @_ssdm_op_WriteResp.m_axi.p1i512, i512 %gmem1_addr" [/home/x_thileeb/repos/ops-hls-pact25-artifact/OPS/ops/hls/include/device/../../L1/include/ops_hls_datamover.hpp:567]   --->   Operation 179 'writeresp' 'empty_55' <Predicate = true> <Delay = 2.43> <CoreInst = "m_axi">   --->   Core 125 'm_axi' <Latency = 0> <II = 1> <Delay = 1.00> <Adapter> <Opcode : 'read' 'write' 'readreq' 'writereq' 'writeresp'>

State 19 <SV = 18> <Delay = 2.43>
ST_19 : Operation 180 [54/68] (2.43ns)   --->   "%empty_55 = writeresp i1 @_ssdm_op_WriteResp.m_axi.p1i512, i512 %gmem1_addr" [/home/x_thileeb/repos/ops-hls-pact25-artifact/OPS/ops/hls/include/device/../../L1/include/ops_hls_datamover.hpp:567]   --->   Operation 180 'writeresp' 'empty_55' <Predicate = true> <Delay = 2.43> <CoreInst = "m_axi">   --->   Core 125 'm_axi' <Latency = 0> <II = 1> <Delay = 1.00> <Adapter> <Opcode : 'read' 'write' 'readreq' 'writereq' 'writeresp'>

State 20 <SV = 19> <Delay = 2.43>
ST_20 : Operation 181 [53/68] (2.43ns)   --->   "%empty_55 = writeresp i1 @_ssdm_op_WriteResp.m_axi.p1i512, i512 %gmem1_addr" [/home/x_thileeb/repos/ops-hls-pact25-artifact/OPS/ops/hls/include/device/../../L1/include/ops_hls_datamover.hpp:567]   --->   Operation 181 'writeresp' 'empty_55' <Predicate = true> <Delay = 2.43> <CoreInst = "m_axi">   --->   Core 125 'm_axi' <Latency = 0> <II = 1> <Delay = 1.00> <Adapter> <Opcode : 'read' 'write' 'readreq' 'writereq' 'writeresp'>

State 21 <SV = 20> <Delay = 2.43>
ST_21 : Operation 182 [52/68] (2.43ns)   --->   "%empty_55 = writeresp i1 @_ssdm_op_WriteResp.m_axi.p1i512, i512 %gmem1_addr" [/home/x_thileeb/repos/ops-hls-pact25-artifact/OPS/ops/hls/include/device/../../L1/include/ops_hls_datamover.hpp:567]   --->   Operation 182 'writeresp' 'empty_55' <Predicate = true> <Delay = 2.43> <CoreInst = "m_axi">   --->   Core 125 'm_axi' <Latency = 0> <II = 1> <Delay = 1.00> <Adapter> <Opcode : 'read' 'write' 'readreq' 'writereq' 'writeresp'>

State 22 <SV = 21> <Delay = 2.43>
ST_22 : Operation 183 [51/68] (2.43ns)   --->   "%empty_55 = writeresp i1 @_ssdm_op_WriteResp.m_axi.p1i512, i512 %gmem1_addr" [/home/x_thileeb/repos/ops-hls-pact25-artifact/OPS/ops/hls/include/device/../../L1/include/ops_hls_datamover.hpp:567]   --->   Operation 183 'writeresp' 'empty_55' <Predicate = true> <Delay = 2.43> <CoreInst = "m_axi">   --->   Core 125 'm_axi' <Latency = 0> <II = 1> <Delay = 1.00> <Adapter> <Opcode : 'read' 'write' 'readreq' 'writereq' 'writeresp'>

State 23 <SV = 22> <Delay = 2.43>
ST_23 : Operation 184 [50/68] (2.43ns)   --->   "%empty_55 = writeresp i1 @_ssdm_op_WriteResp.m_axi.p1i512, i512 %gmem1_addr" [/home/x_thileeb/repos/ops-hls-pact25-artifact/OPS/ops/hls/include/device/../../L1/include/ops_hls_datamover.hpp:567]   --->   Operation 184 'writeresp' 'empty_55' <Predicate = true> <Delay = 2.43> <CoreInst = "m_axi">   --->   Core 125 'm_axi' <Latency = 0> <II = 1> <Delay = 1.00> <Adapter> <Opcode : 'read' 'write' 'readreq' 'writereq' 'writeresp'>

State 24 <SV = 23> <Delay = 2.43>
ST_24 : Operation 185 [49/68] (2.43ns)   --->   "%empty_55 = writeresp i1 @_ssdm_op_WriteResp.m_axi.p1i512, i512 %gmem1_addr" [/home/x_thileeb/repos/ops-hls-pact25-artifact/OPS/ops/hls/include/device/../../L1/include/ops_hls_datamover.hpp:567]   --->   Operation 185 'writeresp' 'empty_55' <Predicate = true> <Delay = 2.43> <CoreInst = "m_axi">   --->   Core 125 'm_axi' <Latency = 0> <II = 1> <Delay = 1.00> <Adapter> <Opcode : 'read' 'write' 'readreq' 'writereq' 'writeresp'>

State 25 <SV = 24> <Delay = 2.43>
ST_25 : Operation 186 [48/68] (2.43ns)   --->   "%empty_55 = writeresp i1 @_ssdm_op_WriteResp.m_axi.p1i512, i512 %gmem1_addr" [/home/x_thileeb/repos/ops-hls-pact25-artifact/OPS/ops/hls/include/device/../../L1/include/ops_hls_datamover.hpp:567]   --->   Operation 186 'writeresp' 'empty_55' <Predicate = true> <Delay = 2.43> <CoreInst = "m_axi">   --->   Core 125 'm_axi' <Latency = 0> <II = 1> <Delay = 1.00> <Adapter> <Opcode : 'read' 'write' 'readreq' 'writereq' 'writeresp'>

State 26 <SV = 25> <Delay = 2.43>
ST_26 : Operation 187 [47/68] (2.43ns)   --->   "%empty_55 = writeresp i1 @_ssdm_op_WriteResp.m_axi.p1i512, i512 %gmem1_addr" [/home/x_thileeb/repos/ops-hls-pact25-artifact/OPS/ops/hls/include/device/../../L1/include/ops_hls_datamover.hpp:567]   --->   Operation 187 'writeresp' 'empty_55' <Predicate = true> <Delay = 2.43> <CoreInst = "m_axi">   --->   Core 125 'm_axi' <Latency = 0> <II = 1> <Delay = 1.00> <Adapter> <Opcode : 'read' 'write' 'readreq' 'writereq' 'writeresp'>

State 27 <SV = 26> <Delay = 2.43>
ST_27 : Operation 188 [46/68] (2.43ns)   --->   "%empty_55 = writeresp i1 @_ssdm_op_WriteResp.m_axi.p1i512, i512 %gmem1_addr" [/home/x_thileeb/repos/ops-hls-pact25-artifact/OPS/ops/hls/include/device/../../L1/include/ops_hls_datamover.hpp:567]   --->   Operation 188 'writeresp' 'empty_55' <Predicate = true> <Delay = 2.43> <CoreInst = "m_axi">   --->   Core 125 'm_axi' <Latency = 0> <II = 1> <Delay = 1.00> <Adapter> <Opcode : 'read' 'write' 'readreq' 'writereq' 'writeresp'>

State 28 <SV = 27> <Delay = 2.43>
ST_28 : Operation 189 [45/68] (2.43ns)   --->   "%empty_55 = writeresp i1 @_ssdm_op_WriteResp.m_axi.p1i512, i512 %gmem1_addr" [/home/x_thileeb/repos/ops-hls-pact25-artifact/OPS/ops/hls/include/device/../../L1/include/ops_hls_datamover.hpp:567]   --->   Operation 189 'writeresp' 'empty_55' <Predicate = true> <Delay = 2.43> <CoreInst = "m_axi">   --->   Core 125 'm_axi' <Latency = 0> <II = 1> <Delay = 1.00> <Adapter> <Opcode : 'read' 'write' 'readreq' 'writereq' 'writeresp'>

State 29 <SV = 28> <Delay = 2.43>
ST_29 : Operation 190 [44/68] (2.43ns)   --->   "%empty_55 = writeresp i1 @_ssdm_op_WriteResp.m_axi.p1i512, i512 %gmem1_addr" [/home/x_thileeb/repos/ops-hls-pact25-artifact/OPS/ops/hls/include/device/../../L1/include/ops_hls_datamover.hpp:567]   --->   Operation 190 'writeresp' 'empty_55' <Predicate = true> <Delay = 2.43> <CoreInst = "m_axi">   --->   Core 125 'm_axi' <Latency = 0> <II = 1> <Delay = 1.00> <Adapter> <Opcode : 'read' 'write' 'readreq' 'writereq' 'writeresp'>

State 30 <SV = 29> <Delay = 2.43>
ST_30 : Operation 191 [43/68] (2.43ns)   --->   "%empty_55 = writeresp i1 @_ssdm_op_WriteResp.m_axi.p1i512, i512 %gmem1_addr" [/home/x_thileeb/repos/ops-hls-pact25-artifact/OPS/ops/hls/include/device/../../L1/include/ops_hls_datamover.hpp:567]   --->   Operation 191 'writeresp' 'empty_55' <Predicate = true> <Delay = 2.43> <CoreInst = "m_axi">   --->   Core 125 'm_axi' <Latency = 0> <II = 1> <Delay = 1.00> <Adapter> <Opcode : 'read' 'write' 'readreq' 'writereq' 'writeresp'>

State 31 <SV = 30> <Delay = 2.43>
ST_31 : Operation 192 [42/68] (2.43ns)   --->   "%empty_55 = writeresp i1 @_ssdm_op_WriteResp.m_axi.p1i512, i512 %gmem1_addr" [/home/x_thileeb/repos/ops-hls-pact25-artifact/OPS/ops/hls/include/device/../../L1/include/ops_hls_datamover.hpp:567]   --->   Operation 192 'writeresp' 'empty_55' <Predicate = true> <Delay = 2.43> <CoreInst = "m_axi">   --->   Core 125 'm_axi' <Latency = 0> <II = 1> <Delay = 1.00> <Adapter> <Opcode : 'read' 'write' 'readreq' 'writereq' 'writeresp'>

State 32 <SV = 31> <Delay = 2.43>
ST_32 : Operation 193 [41/68] (2.43ns)   --->   "%empty_55 = writeresp i1 @_ssdm_op_WriteResp.m_axi.p1i512, i512 %gmem1_addr" [/home/x_thileeb/repos/ops-hls-pact25-artifact/OPS/ops/hls/include/device/../../L1/include/ops_hls_datamover.hpp:567]   --->   Operation 193 'writeresp' 'empty_55' <Predicate = true> <Delay = 2.43> <CoreInst = "m_axi">   --->   Core 125 'm_axi' <Latency = 0> <II = 1> <Delay = 1.00> <Adapter> <Opcode : 'read' 'write' 'readreq' 'writereq' 'writeresp'>

State 33 <SV = 32> <Delay = 2.43>
ST_33 : Operation 194 [40/68] (2.43ns)   --->   "%empty_55 = writeresp i1 @_ssdm_op_WriteResp.m_axi.p1i512, i512 %gmem1_addr" [/home/x_thileeb/repos/ops-hls-pact25-artifact/OPS/ops/hls/include/device/../../L1/include/ops_hls_datamover.hpp:567]   --->   Operation 194 'writeresp' 'empty_55' <Predicate = true> <Delay = 2.43> <CoreInst = "m_axi">   --->   Core 125 'm_axi' <Latency = 0> <II = 1> <Delay = 1.00> <Adapter> <Opcode : 'read' 'write' 'readreq' 'writereq' 'writeresp'>

State 34 <SV = 33> <Delay = 2.43>
ST_34 : Operation 195 [39/68] (2.43ns)   --->   "%empty_55 = writeresp i1 @_ssdm_op_WriteResp.m_axi.p1i512, i512 %gmem1_addr" [/home/x_thileeb/repos/ops-hls-pact25-artifact/OPS/ops/hls/include/device/../../L1/include/ops_hls_datamover.hpp:567]   --->   Operation 195 'writeresp' 'empty_55' <Predicate = true> <Delay = 2.43> <CoreInst = "m_axi">   --->   Core 125 'm_axi' <Latency = 0> <II = 1> <Delay = 1.00> <Adapter> <Opcode : 'read' 'write' 'readreq' 'writereq' 'writeresp'>

State 35 <SV = 34> <Delay = 2.43>
ST_35 : Operation 196 [38/68] (2.43ns)   --->   "%empty_55 = writeresp i1 @_ssdm_op_WriteResp.m_axi.p1i512, i512 %gmem1_addr" [/home/x_thileeb/repos/ops-hls-pact25-artifact/OPS/ops/hls/include/device/../../L1/include/ops_hls_datamover.hpp:567]   --->   Operation 196 'writeresp' 'empty_55' <Predicate = true> <Delay = 2.43> <CoreInst = "m_axi">   --->   Core 125 'm_axi' <Latency = 0> <II = 1> <Delay = 1.00> <Adapter> <Opcode : 'read' 'write' 'readreq' 'writereq' 'writeresp'>

State 36 <SV = 35> <Delay = 2.43>
ST_36 : Operation 197 [37/68] (2.43ns)   --->   "%empty_55 = writeresp i1 @_ssdm_op_WriteResp.m_axi.p1i512, i512 %gmem1_addr" [/home/x_thileeb/repos/ops-hls-pact25-artifact/OPS/ops/hls/include/device/../../L1/include/ops_hls_datamover.hpp:567]   --->   Operation 197 'writeresp' 'empty_55' <Predicate = true> <Delay = 2.43> <CoreInst = "m_axi">   --->   Core 125 'm_axi' <Latency = 0> <II = 1> <Delay = 1.00> <Adapter> <Opcode : 'read' 'write' 'readreq' 'writereq' 'writeresp'>

State 37 <SV = 36> <Delay = 2.43>
ST_37 : Operation 198 [36/68] (2.43ns)   --->   "%empty_55 = writeresp i1 @_ssdm_op_WriteResp.m_axi.p1i512, i512 %gmem1_addr" [/home/x_thileeb/repos/ops-hls-pact25-artifact/OPS/ops/hls/include/device/../../L1/include/ops_hls_datamover.hpp:567]   --->   Operation 198 'writeresp' 'empty_55' <Predicate = true> <Delay = 2.43> <CoreInst = "m_axi">   --->   Core 125 'm_axi' <Latency = 0> <II = 1> <Delay = 1.00> <Adapter> <Opcode : 'read' 'write' 'readreq' 'writereq' 'writeresp'>

State 38 <SV = 37> <Delay = 2.43>
ST_38 : Operation 199 [35/68] (2.43ns)   --->   "%empty_55 = writeresp i1 @_ssdm_op_WriteResp.m_axi.p1i512, i512 %gmem1_addr" [/home/x_thileeb/repos/ops-hls-pact25-artifact/OPS/ops/hls/include/device/../../L1/include/ops_hls_datamover.hpp:567]   --->   Operation 199 'writeresp' 'empty_55' <Predicate = true> <Delay = 2.43> <CoreInst = "m_axi">   --->   Core 125 'm_axi' <Latency = 0> <II = 1> <Delay = 1.00> <Adapter> <Opcode : 'read' 'write' 'readreq' 'writereq' 'writeresp'>

State 39 <SV = 38> <Delay = 2.43>
ST_39 : Operation 200 [34/68] (2.43ns)   --->   "%empty_55 = writeresp i1 @_ssdm_op_WriteResp.m_axi.p1i512, i512 %gmem1_addr" [/home/x_thileeb/repos/ops-hls-pact25-artifact/OPS/ops/hls/include/device/../../L1/include/ops_hls_datamover.hpp:567]   --->   Operation 200 'writeresp' 'empty_55' <Predicate = true> <Delay = 2.43> <CoreInst = "m_axi">   --->   Core 125 'm_axi' <Latency = 0> <II = 1> <Delay = 1.00> <Adapter> <Opcode : 'read' 'write' 'readreq' 'writereq' 'writeresp'>

State 40 <SV = 39> <Delay = 2.43>
ST_40 : Operation 201 [33/68] (2.43ns)   --->   "%empty_55 = writeresp i1 @_ssdm_op_WriteResp.m_axi.p1i512, i512 %gmem1_addr" [/home/x_thileeb/repos/ops-hls-pact25-artifact/OPS/ops/hls/include/device/../../L1/include/ops_hls_datamover.hpp:567]   --->   Operation 201 'writeresp' 'empty_55' <Predicate = true> <Delay = 2.43> <CoreInst = "m_axi">   --->   Core 125 'm_axi' <Latency = 0> <II = 1> <Delay = 1.00> <Adapter> <Opcode : 'read' 'write' 'readreq' 'writereq' 'writeresp'>

State 41 <SV = 40> <Delay = 2.43>
ST_41 : Operation 202 [32/68] (2.43ns)   --->   "%empty_55 = writeresp i1 @_ssdm_op_WriteResp.m_axi.p1i512, i512 %gmem1_addr" [/home/x_thileeb/repos/ops-hls-pact25-artifact/OPS/ops/hls/include/device/../../L1/include/ops_hls_datamover.hpp:567]   --->   Operation 202 'writeresp' 'empty_55' <Predicate = true> <Delay = 2.43> <CoreInst = "m_axi">   --->   Core 125 'm_axi' <Latency = 0> <II = 1> <Delay = 1.00> <Adapter> <Opcode : 'read' 'write' 'readreq' 'writereq' 'writeresp'>

State 42 <SV = 41> <Delay = 2.43>
ST_42 : Operation 203 [31/68] (2.43ns)   --->   "%empty_55 = writeresp i1 @_ssdm_op_WriteResp.m_axi.p1i512, i512 %gmem1_addr" [/home/x_thileeb/repos/ops-hls-pact25-artifact/OPS/ops/hls/include/device/../../L1/include/ops_hls_datamover.hpp:567]   --->   Operation 203 'writeresp' 'empty_55' <Predicate = true> <Delay = 2.43> <CoreInst = "m_axi">   --->   Core 125 'm_axi' <Latency = 0> <II = 1> <Delay = 1.00> <Adapter> <Opcode : 'read' 'write' 'readreq' 'writereq' 'writeresp'>

State 43 <SV = 42> <Delay = 2.43>
ST_43 : Operation 204 [30/68] (2.43ns)   --->   "%empty_55 = writeresp i1 @_ssdm_op_WriteResp.m_axi.p1i512, i512 %gmem1_addr" [/home/x_thileeb/repos/ops-hls-pact25-artifact/OPS/ops/hls/include/device/../../L1/include/ops_hls_datamover.hpp:567]   --->   Operation 204 'writeresp' 'empty_55' <Predicate = true> <Delay = 2.43> <CoreInst = "m_axi">   --->   Core 125 'm_axi' <Latency = 0> <II = 1> <Delay = 1.00> <Adapter> <Opcode : 'read' 'write' 'readreq' 'writereq' 'writeresp'>

State 44 <SV = 43> <Delay = 2.43>
ST_44 : Operation 205 [29/68] (2.43ns)   --->   "%empty_55 = writeresp i1 @_ssdm_op_WriteResp.m_axi.p1i512, i512 %gmem1_addr" [/home/x_thileeb/repos/ops-hls-pact25-artifact/OPS/ops/hls/include/device/../../L1/include/ops_hls_datamover.hpp:567]   --->   Operation 205 'writeresp' 'empty_55' <Predicate = true> <Delay = 2.43> <CoreInst = "m_axi">   --->   Core 125 'm_axi' <Latency = 0> <II = 1> <Delay = 1.00> <Adapter> <Opcode : 'read' 'write' 'readreq' 'writereq' 'writeresp'>

State 45 <SV = 44> <Delay = 2.43>
ST_45 : Operation 206 [28/68] (2.43ns)   --->   "%empty_55 = writeresp i1 @_ssdm_op_WriteResp.m_axi.p1i512, i512 %gmem1_addr" [/home/x_thileeb/repos/ops-hls-pact25-artifact/OPS/ops/hls/include/device/../../L1/include/ops_hls_datamover.hpp:567]   --->   Operation 206 'writeresp' 'empty_55' <Predicate = true> <Delay = 2.43> <CoreInst = "m_axi">   --->   Core 125 'm_axi' <Latency = 0> <II = 1> <Delay = 1.00> <Adapter> <Opcode : 'read' 'write' 'readreq' 'writereq' 'writeresp'>

State 46 <SV = 45> <Delay = 2.43>
ST_46 : Operation 207 [27/68] (2.43ns)   --->   "%empty_55 = writeresp i1 @_ssdm_op_WriteResp.m_axi.p1i512, i512 %gmem1_addr" [/home/x_thileeb/repos/ops-hls-pact25-artifact/OPS/ops/hls/include/device/../../L1/include/ops_hls_datamover.hpp:567]   --->   Operation 207 'writeresp' 'empty_55' <Predicate = true> <Delay = 2.43> <CoreInst = "m_axi">   --->   Core 125 'm_axi' <Latency = 0> <II = 1> <Delay = 1.00> <Adapter> <Opcode : 'read' 'write' 'readreq' 'writereq' 'writeresp'>

State 47 <SV = 46> <Delay = 2.43>
ST_47 : Operation 208 [26/68] (2.43ns)   --->   "%empty_55 = writeresp i1 @_ssdm_op_WriteResp.m_axi.p1i512, i512 %gmem1_addr" [/home/x_thileeb/repos/ops-hls-pact25-artifact/OPS/ops/hls/include/device/../../L1/include/ops_hls_datamover.hpp:567]   --->   Operation 208 'writeresp' 'empty_55' <Predicate = true> <Delay = 2.43> <CoreInst = "m_axi">   --->   Core 125 'm_axi' <Latency = 0> <II = 1> <Delay = 1.00> <Adapter> <Opcode : 'read' 'write' 'readreq' 'writereq' 'writeresp'>

State 48 <SV = 47> <Delay = 2.43>
ST_48 : Operation 209 [25/68] (2.43ns)   --->   "%empty_55 = writeresp i1 @_ssdm_op_WriteResp.m_axi.p1i512, i512 %gmem1_addr" [/home/x_thileeb/repos/ops-hls-pact25-artifact/OPS/ops/hls/include/device/../../L1/include/ops_hls_datamover.hpp:567]   --->   Operation 209 'writeresp' 'empty_55' <Predicate = true> <Delay = 2.43> <CoreInst = "m_axi">   --->   Core 125 'm_axi' <Latency = 0> <II = 1> <Delay = 1.00> <Adapter> <Opcode : 'read' 'write' 'readreq' 'writereq' 'writeresp'>

State 49 <SV = 48> <Delay = 2.43>
ST_49 : Operation 210 [24/68] (2.43ns)   --->   "%empty_55 = writeresp i1 @_ssdm_op_WriteResp.m_axi.p1i512, i512 %gmem1_addr" [/home/x_thileeb/repos/ops-hls-pact25-artifact/OPS/ops/hls/include/device/../../L1/include/ops_hls_datamover.hpp:567]   --->   Operation 210 'writeresp' 'empty_55' <Predicate = true> <Delay = 2.43> <CoreInst = "m_axi">   --->   Core 125 'm_axi' <Latency = 0> <II = 1> <Delay = 1.00> <Adapter> <Opcode : 'read' 'write' 'readreq' 'writereq' 'writeresp'>

State 50 <SV = 49> <Delay = 2.43>
ST_50 : Operation 211 [23/68] (2.43ns)   --->   "%empty_55 = writeresp i1 @_ssdm_op_WriteResp.m_axi.p1i512, i512 %gmem1_addr" [/home/x_thileeb/repos/ops-hls-pact25-artifact/OPS/ops/hls/include/device/../../L1/include/ops_hls_datamover.hpp:567]   --->   Operation 211 'writeresp' 'empty_55' <Predicate = true> <Delay = 2.43> <CoreInst = "m_axi">   --->   Core 125 'm_axi' <Latency = 0> <II = 1> <Delay = 1.00> <Adapter> <Opcode : 'read' 'write' 'readreq' 'writereq' 'writeresp'>

State 51 <SV = 50> <Delay = 2.43>
ST_51 : Operation 212 [22/68] (2.43ns)   --->   "%empty_55 = writeresp i1 @_ssdm_op_WriteResp.m_axi.p1i512, i512 %gmem1_addr" [/home/x_thileeb/repos/ops-hls-pact25-artifact/OPS/ops/hls/include/device/../../L1/include/ops_hls_datamover.hpp:567]   --->   Operation 212 'writeresp' 'empty_55' <Predicate = true> <Delay = 2.43> <CoreInst = "m_axi">   --->   Core 125 'm_axi' <Latency = 0> <II = 1> <Delay = 1.00> <Adapter> <Opcode : 'read' 'write' 'readreq' 'writereq' 'writeresp'>

State 52 <SV = 51> <Delay = 2.43>
ST_52 : Operation 213 [21/68] (2.43ns)   --->   "%empty_55 = writeresp i1 @_ssdm_op_WriteResp.m_axi.p1i512, i512 %gmem1_addr" [/home/x_thileeb/repos/ops-hls-pact25-artifact/OPS/ops/hls/include/device/../../L1/include/ops_hls_datamover.hpp:567]   --->   Operation 213 'writeresp' 'empty_55' <Predicate = true> <Delay = 2.43> <CoreInst = "m_axi">   --->   Core 125 'm_axi' <Latency = 0> <II = 1> <Delay = 1.00> <Adapter> <Opcode : 'read' 'write' 'readreq' 'writereq' 'writeresp'>

State 53 <SV = 52> <Delay = 2.43>
ST_53 : Operation 214 [20/68] (2.43ns)   --->   "%empty_55 = writeresp i1 @_ssdm_op_WriteResp.m_axi.p1i512, i512 %gmem1_addr" [/home/x_thileeb/repos/ops-hls-pact25-artifact/OPS/ops/hls/include/device/../../L1/include/ops_hls_datamover.hpp:567]   --->   Operation 214 'writeresp' 'empty_55' <Predicate = true> <Delay = 2.43> <CoreInst = "m_axi">   --->   Core 125 'm_axi' <Latency = 0> <II = 1> <Delay = 1.00> <Adapter> <Opcode : 'read' 'write' 'readreq' 'writereq' 'writeresp'>

State 54 <SV = 53> <Delay = 2.43>
ST_54 : Operation 215 [19/68] (2.43ns)   --->   "%empty_55 = writeresp i1 @_ssdm_op_WriteResp.m_axi.p1i512, i512 %gmem1_addr" [/home/x_thileeb/repos/ops-hls-pact25-artifact/OPS/ops/hls/include/device/../../L1/include/ops_hls_datamover.hpp:567]   --->   Operation 215 'writeresp' 'empty_55' <Predicate = true> <Delay = 2.43> <CoreInst = "m_axi">   --->   Core 125 'm_axi' <Latency = 0> <II = 1> <Delay = 1.00> <Adapter> <Opcode : 'read' 'write' 'readreq' 'writereq' 'writeresp'>

State 55 <SV = 54> <Delay = 2.43>
ST_55 : Operation 216 [18/68] (2.43ns)   --->   "%empty_55 = writeresp i1 @_ssdm_op_WriteResp.m_axi.p1i512, i512 %gmem1_addr" [/home/x_thileeb/repos/ops-hls-pact25-artifact/OPS/ops/hls/include/device/../../L1/include/ops_hls_datamover.hpp:567]   --->   Operation 216 'writeresp' 'empty_55' <Predicate = true> <Delay = 2.43> <CoreInst = "m_axi">   --->   Core 125 'm_axi' <Latency = 0> <II = 1> <Delay = 1.00> <Adapter> <Opcode : 'read' 'write' 'readreq' 'writereq' 'writeresp'>

State 56 <SV = 55> <Delay = 2.43>
ST_56 : Operation 217 [17/68] (2.43ns)   --->   "%empty_55 = writeresp i1 @_ssdm_op_WriteResp.m_axi.p1i512, i512 %gmem1_addr" [/home/x_thileeb/repos/ops-hls-pact25-artifact/OPS/ops/hls/include/device/../../L1/include/ops_hls_datamover.hpp:567]   --->   Operation 217 'writeresp' 'empty_55' <Predicate = true> <Delay = 2.43> <CoreInst = "m_axi">   --->   Core 125 'm_axi' <Latency = 0> <II = 1> <Delay = 1.00> <Adapter> <Opcode : 'read' 'write' 'readreq' 'writereq' 'writeresp'>

State 57 <SV = 56> <Delay = 2.43>
ST_57 : Operation 218 [16/68] (2.43ns)   --->   "%empty_55 = writeresp i1 @_ssdm_op_WriteResp.m_axi.p1i512, i512 %gmem1_addr" [/home/x_thileeb/repos/ops-hls-pact25-artifact/OPS/ops/hls/include/device/../../L1/include/ops_hls_datamover.hpp:567]   --->   Operation 218 'writeresp' 'empty_55' <Predicate = true> <Delay = 2.43> <CoreInst = "m_axi">   --->   Core 125 'm_axi' <Latency = 0> <II = 1> <Delay = 1.00> <Adapter> <Opcode : 'read' 'write' 'readreq' 'writereq' 'writeresp'>

State 58 <SV = 57> <Delay = 2.43>
ST_58 : Operation 219 [15/68] (2.43ns)   --->   "%empty_55 = writeresp i1 @_ssdm_op_WriteResp.m_axi.p1i512, i512 %gmem1_addr" [/home/x_thileeb/repos/ops-hls-pact25-artifact/OPS/ops/hls/include/device/../../L1/include/ops_hls_datamover.hpp:567]   --->   Operation 219 'writeresp' 'empty_55' <Predicate = true> <Delay = 2.43> <CoreInst = "m_axi">   --->   Core 125 'm_axi' <Latency = 0> <II = 1> <Delay = 1.00> <Adapter> <Opcode : 'read' 'write' 'readreq' 'writereq' 'writeresp'>

State 59 <SV = 58> <Delay = 2.43>
ST_59 : Operation 220 [14/68] (2.43ns)   --->   "%empty_55 = writeresp i1 @_ssdm_op_WriteResp.m_axi.p1i512, i512 %gmem1_addr" [/home/x_thileeb/repos/ops-hls-pact25-artifact/OPS/ops/hls/include/device/../../L1/include/ops_hls_datamover.hpp:567]   --->   Operation 220 'writeresp' 'empty_55' <Predicate = true> <Delay = 2.43> <CoreInst = "m_axi">   --->   Core 125 'm_axi' <Latency = 0> <II = 1> <Delay = 1.00> <Adapter> <Opcode : 'read' 'write' 'readreq' 'writereq' 'writeresp'>

State 60 <SV = 59> <Delay = 2.43>
ST_60 : Operation 221 [13/68] (2.43ns)   --->   "%empty_55 = writeresp i1 @_ssdm_op_WriteResp.m_axi.p1i512, i512 %gmem1_addr" [/home/x_thileeb/repos/ops-hls-pact25-artifact/OPS/ops/hls/include/device/../../L1/include/ops_hls_datamover.hpp:567]   --->   Operation 221 'writeresp' 'empty_55' <Predicate = true> <Delay = 2.43> <CoreInst = "m_axi">   --->   Core 125 'm_axi' <Latency = 0> <II = 1> <Delay = 1.00> <Adapter> <Opcode : 'read' 'write' 'readreq' 'writereq' 'writeresp'>

State 61 <SV = 60> <Delay = 2.43>
ST_61 : Operation 222 [12/68] (2.43ns)   --->   "%empty_55 = writeresp i1 @_ssdm_op_WriteResp.m_axi.p1i512, i512 %gmem1_addr" [/home/x_thileeb/repos/ops-hls-pact25-artifact/OPS/ops/hls/include/device/../../L1/include/ops_hls_datamover.hpp:567]   --->   Operation 222 'writeresp' 'empty_55' <Predicate = true> <Delay = 2.43> <CoreInst = "m_axi">   --->   Core 125 'm_axi' <Latency = 0> <II = 1> <Delay = 1.00> <Adapter> <Opcode : 'read' 'write' 'readreq' 'writereq' 'writeresp'>

State 62 <SV = 61> <Delay = 2.43>
ST_62 : Operation 223 [11/68] (2.43ns)   --->   "%empty_55 = writeresp i1 @_ssdm_op_WriteResp.m_axi.p1i512, i512 %gmem1_addr" [/home/x_thileeb/repos/ops-hls-pact25-artifact/OPS/ops/hls/include/device/../../L1/include/ops_hls_datamover.hpp:567]   --->   Operation 223 'writeresp' 'empty_55' <Predicate = true> <Delay = 2.43> <CoreInst = "m_axi">   --->   Core 125 'm_axi' <Latency = 0> <II = 1> <Delay = 1.00> <Adapter> <Opcode : 'read' 'write' 'readreq' 'writereq' 'writeresp'>

State 63 <SV = 62> <Delay = 2.43>
ST_63 : Operation 224 [10/68] (2.43ns)   --->   "%empty_55 = writeresp i1 @_ssdm_op_WriteResp.m_axi.p1i512, i512 %gmem1_addr" [/home/x_thileeb/repos/ops-hls-pact25-artifact/OPS/ops/hls/include/device/../../L1/include/ops_hls_datamover.hpp:567]   --->   Operation 224 'writeresp' 'empty_55' <Predicate = true> <Delay = 2.43> <CoreInst = "m_axi">   --->   Core 125 'm_axi' <Latency = 0> <II = 1> <Delay = 1.00> <Adapter> <Opcode : 'read' 'write' 'readreq' 'writereq' 'writeresp'>

State 64 <SV = 63> <Delay = 2.43>
ST_64 : Operation 225 [9/68] (2.43ns)   --->   "%empty_55 = writeresp i1 @_ssdm_op_WriteResp.m_axi.p1i512, i512 %gmem1_addr" [/home/x_thileeb/repos/ops-hls-pact25-artifact/OPS/ops/hls/include/device/../../L1/include/ops_hls_datamover.hpp:567]   --->   Operation 225 'writeresp' 'empty_55' <Predicate = true> <Delay = 2.43> <CoreInst = "m_axi">   --->   Core 125 'm_axi' <Latency = 0> <II = 1> <Delay = 1.00> <Adapter> <Opcode : 'read' 'write' 'readreq' 'writereq' 'writeresp'>

State 65 <SV = 64> <Delay = 2.43>
ST_65 : Operation 226 [8/68] (2.43ns)   --->   "%empty_55 = writeresp i1 @_ssdm_op_WriteResp.m_axi.p1i512, i512 %gmem1_addr" [/home/x_thileeb/repos/ops-hls-pact25-artifact/OPS/ops/hls/include/device/../../L1/include/ops_hls_datamover.hpp:567]   --->   Operation 226 'writeresp' 'empty_55' <Predicate = true> <Delay = 2.43> <CoreInst = "m_axi">   --->   Core 125 'm_axi' <Latency = 0> <II = 1> <Delay = 1.00> <Adapter> <Opcode : 'read' 'write' 'readreq' 'writereq' 'writeresp'>

State 66 <SV = 65> <Delay = 2.43>
ST_66 : Operation 227 [7/68] (2.43ns)   --->   "%empty_55 = writeresp i1 @_ssdm_op_WriteResp.m_axi.p1i512, i512 %gmem1_addr" [/home/x_thileeb/repos/ops-hls-pact25-artifact/OPS/ops/hls/include/device/../../L1/include/ops_hls_datamover.hpp:567]   --->   Operation 227 'writeresp' 'empty_55' <Predicate = true> <Delay = 2.43> <CoreInst = "m_axi">   --->   Core 125 'm_axi' <Latency = 0> <II = 1> <Delay = 1.00> <Adapter> <Opcode : 'read' 'write' 'readreq' 'writereq' 'writeresp'>

State 67 <SV = 66> <Delay = 2.43>
ST_67 : Operation 228 [6/68] (2.43ns)   --->   "%empty_55 = writeresp i1 @_ssdm_op_WriteResp.m_axi.p1i512, i512 %gmem1_addr" [/home/x_thileeb/repos/ops-hls-pact25-artifact/OPS/ops/hls/include/device/../../L1/include/ops_hls_datamover.hpp:567]   --->   Operation 228 'writeresp' 'empty_55' <Predicate = true> <Delay = 2.43> <CoreInst = "m_axi">   --->   Core 125 'm_axi' <Latency = 0> <II = 1> <Delay = 1.00> <Adapter> <Opcode : 'read' 'write' 'readreq' 'writereq' 'writeresp'>

State 68 <SV = 67> <Delay = 2.43>
ST_68 : Operation 229 [5/68] (2.43ns)   --->   "%empty_55 = writeresp i1 @_ssdm_op_WriteResp.m_axi.p1i512, i512 %gmem1_addr" [/home/x_thileeb/repos/ops-hls-pact25-artifact/OPS/ops/hls/include/device/../../L1/include/ops_hls_datamover.hpp:567]   --->   Operation 229 'writeresp' 'empty_55' <Predicate = true> <Delay = 2.43> <CoreInst = "m_axi">   --->   Core 125 'm_axi' <Latency = 0> <II = 1> <Delay = 1.00> <Adapter> <Opcode : 'read' 'write' 'readreq' 'writereq' 'writeresp'>

State 69 <SV = 68> <Delay = 2.43>
ST_69 : Operation 230 [4/68] (2.43ns)   --->   "%empty_55 = writeresp i1 @_ssdm_op_WriteResp.m_axi.p1i512, i512 %gmem1_addr" [/home/x_thileeb/repos/ops-hls-pact25-artifact/OPS/ops/hls/include/device/../../L1/include/ops_hls_datamover.hpp:567]   --->   Operation 230 'writeresp' 'empty_55' <Predicate = true> <Delay = 2.43> <CoreInst = "m_axi">   --->   Core 125 'm_axi' <Latency = 0> <II = 1> <Delay = 1.00> <Adapter> <Opcode : 'read' 'write' 'readreq' 'writereq' 'writeresp'>

State 70 <SV = 69> <Delay = 2.43>
ST_70 : Operation 231 [3/68] (2.43ns)   --->   "%empty_55 = writeresp i1 @_ssdm_op_WriteResp.m_axi.p1i512, i512 %gmem1_addr" [/home/x_thileeb/repos/ops-hls-pact25-artifact/OPS/ops/hls/include/device/../../L1/include/ops_hls_datamover.hpp:567]   --->   Operation 231 'writeresp' 'empty_55' <Predicate = true> <Delay = 2.43> <CoreInst = "m_axi">   --->   Core 125 'm_axi' <Latency = 0> <II = 1> <Delay = 1.00> <Adapter> <Opcode : 'read' 'write' 'readreq' 'writereq' 'writeresp'>

State 71 <SV = 70> <Delay = 2.43>
ST_71 : Operation 232 [2/68] (2.43ns)   --->   "%empty_55 = writeresp i1 @_ssdm_op_WriteResp.m_axi.p1i512, i512 %gmem1_addr" [/home/x_thileeb/repos/ops-hls-pact25-artifact/OPS/ops/hls/include/device/../../L1/include/ops_hls_datamover.hpp:567]   --->   Operation 232 'writeresp' 'empty_55' <Predicate = true> <Delay = 2.43> <CoreInst = "m_axi">   --->   Core 125 'm_axi' <Latency = 0> <II = 1> <Delay = 1.00> <Adapter> <Opcode : 'read' 'write' 'readreq' 'writereq' 'writeresp'>

State 72 <SV = 71> <Delay = 2.43>
ST_72 : Operation 233 [1/68] (2.43ns)   --->   "%empty_55 = writeresp i1 @_ssdm_op_WriteResp.m_axi.p1i512, i512 %gmem1_addr" [/home/x_thileeb/repos/ops-hls-pact25-artifact/OPS/ops/hls/include/device/../../L1/include/ops_hls_datamover.hpp:567]   --->   Operation 233 'writeresp' 'empty_55' <Predicate = (!icmp_ln567)> <Delay = 2.43> <CoreInst = "m_axi">   --->   Core 125 'm_axi' <Latency = 0> <II = 1> <Delay = 1.00> <Adapter> <Opcode : 'read' 'write' 'readreq' 'writereq' 'writeresp'>
ST_72 : Operation 234 [1/1] (0.46ns)   --->   "%br_ln580 = br void %VITIS_LOOP_580_2.i" [/home/x_thileeb/repos/ops-hls-pact25-artifact/OPS/ops/hls/include/device/../../L1/include/ops_hls_datamover.hpp:580]   --->   Operation 234 'br' 'br_ln580' <Predicate = (!icmp_ln567)> <Delay = 0.46>
ST_72 : Operation 235 [1/1] (0.00ns)   --->   "%index_1 = phi i32 %burst_beats, void %for.body.lr.ph.i, i32 0, void %entry"   --->   Operation 235 'phi' 'index_1' <Predicate = true> <Delay = 0.00>
ST_72 : Operation 236 [1/1] (0.47ns)   --->   "%icmp_ln580 = icmp_eq  i5 %non_burst_beats, i5 0" [/home/x_thileeb/repos/ops-hls-pact25-artifact/OPS/ops/hls/include/device/../../L1/include/ops_hls_datamover.hpp:580]   --->   Operation 236 'icmp' 'icmp_ln580' <Predicate = true> <Delay = 0.47> <CoreInst = "Cmp">   --->   Core 9 'Cmp' <Latency = 0> <II = 1> <Delay = 0.47> <FuncUnit> <Opcode : 'icmp'> <InPorts = 2> <OutPorts = 1>
ST_72 : Operation 237 [1/1] (0.00ns)   --->   "%br_ln580 = br i1 %icmp_ln580, void %for.body6.lr.ph.i, void %stream2mem<512u, 32u, 2u>.exit" [/home/x_thileeb/repos/ops-hls-pact25-artifact/OPS/ops/hls/include/device/../../L1/include/ops_hls_datamover.hpp:580]   --->   Operation 237 'br' 'br_ln580' <Predicate = true> <Delay = 0.00>
ST_72 : Operation 238 [1/1] (0.00ns)   --->   "%trunc_ln580 = trunc i32 %index_1" [/home/x_thileeb/repos/ops-hls-pact25-artifact/OPS/ops/hls/include/device/../../L1/include/ops_hls_datamover.hpp:580]   --->   Operation 238 'trunc' 'trunc_ln580' <Predicate = (!icmp_ln580)> <Delay = 0.00>
ST_72 : Operation 239 [1/1] (0.65ns)   --->   "%add_ln580_1 = add i5 %trunc_ln580, i5 %non_burst_beats" [/home/x_thileeb/repos/ops-hls-pact25-artifact/OPS/ops/hls/include/device/../../L1/include/ops_hls_datamover.hpp:580]   --->   Operation 239 'add' 'add_ln580_1' <Predicate = (!icmp_ln580)> <Delay = 0.65> <CoreInst = "Adder">   --->   Core 1 'Adder' <Latency = 0> <II = 1> <Delay = 0.65> <FuncUnit> <Opcode : 'add' 'sub'> <InPorts = 2> <OutPorts = 1>
ST_72 : Operation 240 [1/1] (0.00ns)   --->   "%shl_ln = bitconcatenate i38 @_ssdm_op_BitConcatenate.i38.i32.i6, i32 %burst_beats, i6 0" [/home/x_thileeb/repos/ops-hls-pact25-artifact/OPS/ops/hls/include/device/../../L1/include/ops_hls_datamover.hpp:580]   --->   Operation 240 'bitconcatenate' 'shl_ln' <Predicate = (!icmp_ln580)> <Delay = 0.00>
ST_72 : Operation 241 [1/1] (0.00ns)   --->   "%zext_ln580 = zext i38 %shl_ln" [/home/x_thileeb/repos/ops-hls-pact25-artifact/OPS/ops/hls/include/device/../../L1/include/ops_hls_datamover.hpp:580]   --->   Operation 241 'zext' 'zext_ln580' <Predicate = (!icmp_ln580)> <Delay = 0.00>
ST_72 : Operation 242 [1/1] (1.05ns)   --->   "%add_ln580_2 = add i64 %mem_out_read, i64 %zext_ln580" [/home/x_thileeb/repos/ops-hls-pact25-artifact/OPS/ops/hls/include/device/../../L1/include/ops_hls_datamover.hpp:580]   --->   Operation 242 'add' 'add_ln580_2' <Predicate = (!icmp_ln580)> <Delay = 1.05> <CoreInst = "Adder">   --->   Core 1 'Adder' <Latency = 0> <II = 1> <Delay = 1.05> <FuncUnit> <Opcode : 'add' 'sub'> <InPorts = 2> <OutPorts = 1>
ST_72 : Operation 243 [1/1] (0.00ns)   --->   "%trunc_ln580_1 = partselect i58 @_ssdm_op_PartSelect.i58.i64.i32.i32, i64 %add_ln580_2, i32 6, i32 63" [/home/x_thileeb/repos/ops-hls-pact25-artifact/OPS/ops/hls/include/device/../../L1/include/ops_hls_datamover.hpp:580]   --->   Operation 243 'partselect' 'trunc_ln580_1' <Predicate = (!icmp_ln580)> <Delay = 0.00>

State 73 <SV = 72> <Delay = 2.43>
ST_73 : Operation 244 [1/1] (0.89ns)   --->   "%add_ln580 = add i32 %index_1, i32 %zext_ln553" [/home/x_thileeb/repos/ops-hls-pact25-artifact/OPS/ops/hls/include/device/../../L1/include/ops_hls_datamover.hpp:580]   --->   Operation 244 'add' 'add_ln580' <Predicate = true> <Delay = 0.89> <CoreInst = "Adder">   --->   Core 1 'Adder' <Latency = 0> <II = 1> <Delay = 0.89> <FuncUnit> <Opcode : 'add' 'sub'> <InPorts = 2> <OutPorts = 1>
ST_73 : Operation 245 [1/1] (0.00ns)   --->   "%sext_ln580 = sext i58 %trunc_ln580_1" [/home/x_thileeb/repos/ops-hls-pact25-artifact/OPS/ops/hls/include/device/../../L1/include/ops_hls_datamover.hpp:580]   --->   Operation 245 'sext' 'sext_ln580' <Predicate = true> <Delay = 0.00>
ST_73 : Operation 246 [1/1] (0.00ns)   --->   "%gmem1_addr_1 = getelementptr i512 %gmem1, i64 %sext_ln580" [/home/x_thileeb/repos/ops-hls-pact25-artifact/OPS/ops/hls/include/device/../../L1/include/ops_hls_datamover.hpp:580]   --->   Operation 246 'getelementptr' 'gmem1_addr_1' <Predicate = true> <Delay = 0.00>
ST_73 : Operation 247 [1/1] (0.00ns)   --->   "%zext_ln580_1 = zext i5 %add_ln580_1" [/home/x_thileeb/repos/ops-hls-pact25-artifact/OPS/ops/hls/include/device/../../L1/include/ops_hls_datamover.hpp:580]   --->   Operation 247 'zext' 'zext_ln580_1' <Predicate = true> <Delay = 0.00>
ST_73 : Operation 248 [1/1] (2.43ns)   --->   "%empty_56 = writereq i1 @_ssdm_op_WriteReq.m_axi.p1i512, i512 %gmem1_addr_1, i32 %zext_ln580_1" [/home/x_thileeb/repos/ops-hls-pact25-artifact/OPS/ops/hls/include/device/../../L1/include/ops_hls_datamover.hpp:580]   --->   Operation 248 'writereq' 'empty_56' <Predicate = true> <Delay = 2.43> <CoreInst = "m_axi">   --->   Core 125 'm_axi' <Latency = 0> <II = 1> <Delay = 1.00> <Adapter> <Opcode : 'read' 'write' 'readreq' 'writereq' 'writeresp'>

State 74 <SV = 73> <Delay = 1.82>
ST_74 : Operation 249 [1/1] (0.00ns)   --->   "%empty_57 = wait i32 @_ssdm_op_Wait"   --->   Operation 249 'wait' 'empty_57' <Predicate = true> <Delay = 0.00>
ST_74 : Operation 250 [2/2] (1.82ns)   --->   "%call_ln554 = call void @stream2mem<512u, 32u, 2u>_Pipeline_VITIS_LOOP_580_2, i32 %index_1, i512 %gmem1, i58 %trunc_ln580_1, i32 %add_ln580, i512 %arg1_write_mem_strm" [/home/x_thileeb/repos/ops-hls-pact25-artifact/OPS/ops/hls/include/device/../../L1/include/ops_hls_datamover.hpp:554]   --->   Operation 250 'call' 'call_ln554' <Predicate = true> <Delay = 1.82> <CoreType = "Generic">   --->   Core 0 '' <Latency = 0> <II = 1> <Delay = 1.00> <Generic> <Opcode : >

State 75 <SV = 74> <Delay = 0.00>
ST_75 : Operation 251 [1/2] (0.00ns)   --->   "%call_ln554 = call void @stream2mem<512u, 32u, 2u>_Pipeline_VITIS_LOOP_580_2, i32 %index_1, i512 %gmem1, i58 %trunc_ln580_1, i32 %add_ln580, i512 %arg1_write_mem_strm" [/home/x_thileeb/repos/ops-hls-pact25-artifact/OPS/ops/hls/include/device/../../L1/include/ops_hls_datamover.hpp:554]   --->   Operation 251 'call' 'call_ln554' <Predicate = true> <Delay = 0.00> <CoreType = "Generic">   --->   Core 0 '' <Latency = 0> <II = 1> <Delay = 1.00> <Generic> <Opcode : >

State 76 <SV = 75> <Delay = 2.43>
ST_76 : Operation 252 [68/68] (2.43ns)   --->   "%empty_58 = writeresp i1 @_ssdm_op_WriteResp.m_axi.p1i512, i512 %gmem1_addr_1" [/home/x_thileeb/repos/ops-hls-pact25-artifact/OPS/ops/hls/include/device/../../L1/include/ops_hls_datamover.hpp:594]   --->   Operation 252 'writeresp' 'empty_58' <Predicate = true> <Delay = 2.43> <CoreInst = "m_axi">   --->   Core 125 'm_axi' <Latency = 0> <II = 1> <Delay = 1.00> <Adapter> <Opcode : 'read' 'write' 'readreq' 'writereq' 'writeresp'>

State 77 <SV = 76> <Delay = 2.43>
ST_77 : Operation 253 [67/68] (2.43ns)   --->   "%empty_58 = writeresp i1 @_ssdm_op_WriteResp.m_axi.p1i512, i512 %gmem1_addr_1" [/home/x_thileeb/repos/ops-hls-pact25-artifact/OPS/ops/hls/include/device/../../L1/include/ops_hls_datamover.hpp:594]   --->   Operation 253 'writeresp' 'empty_58' <Predicate = true> <Delay = 2.43> <CoreInst = "m_axi">   --->   Core 125 'm_axi' <Latency = 0> <II = 1> <Delay = 1.00> <Adapter> <Opcode : 'read' 'write' 'readreq' 'writereq' 'writeresp'>

State 78 <SV = 77> <Delay = 2.43>
ST_78 : Operation 254 [66/68] (2.43ns)   --->   "%empty_58 = writeresp i1 @_ssdm_op_WriteResp.m_axi.p1i512, i512 %gmem1_addr_1" [/home/x_thileeb/repos/ops-hls-pact25-artifact/OPS/ops/hls/include/device/../../L1/include/ops_hls_datamover.hpp:594]   --->   Operation 254 'writeresp' 'empty_58' <Predicate = true> <Delay = 2.43> <CoreInst = "m_axi">   --->   Core 125 'm_axi' <Latency = 0> <II = 1> <Delay = 1.00> <Adapter> <Opcode : 'read' 'write' 'readreq' 'writereq' 'writeresp'>

State 79 <SV = 78> <Delay = 2.43>
ST_79 : Operation 255 [65/68] (2.43ns)   --->   "%empty_58 = writeresp i1 @_ssdm_op_WriteResp.m_axi.p1i512, i512 %gmem1_addr_1" [/home/x_thileeb/repos/ops-hls-pact25-artifact/OPS/ops/hls/include/device/../../L1/include/ops_hls_datamover.hpp:594]   --->   Operation 255 'writeresp' 'empty_58' <Predicate = true> <Delay = 2.43> <CoreInst = "m_axi">   --->   Core 125 'm_axi' <Latency = 0> <II = 1> <Delay = 1.00> <Adapter> <Opcode : 'read' 'write' 'readreq' 'writereq' 'writeresp'>

State 80 <SV = 79> <Delay = 2.43>
ST_80 : Operation 256 [64/68] (2.43ns)   --->   "%empty_58 = writeresp i1 @_ssdm_op_WriteResp.m_axi.p1i512, i512 %gmem1_addr_1" [/home/x_thileeb/repos/ops-hls-pact25-artifact/OPS/ops/hls/include/device/../../L1/include/ops_hls_datamover.hpp:594]   --->   Operation 256 'writeresp' 'empty_58' <Predicate = true> <Delay = 2.43> <CoreInst = "m_axi">   --->   Core 125 'm_axi' <Latency = 0> <II = 1> <Delay = 1.00> <Adapter> <Opcode : 'read' 'write' 'readreq' 'writereq' 'writeresp'>

State 81 <SV = 80> <Delay = 2.43>
ST_81 : Operation 257 [63/68] (2.43ns)   --->   "%empty_58 = writeresp i1 @_ssdm_op_WriteResp.m_axi.p1i512, i512 %gmem1_addr_1" [/home/x_thileeb/repos/ops-hls-pact25-artifact/OPS/ops/hls/include/device/../../L1/include/ops_hls_datamover.hpp:594]   --->   Operation 257 'writeresp' 'empty_58' <Predicate = true> <Delay = 2.43> <CoreInst = "m_axi">   --->   Core 125 'm_axi' <Latency = 0> <II = 1> <Delay = 1.00> <Adapter> <Opcode : 'read' 'write' 'readreq' 'writereq' 'writeresp'>

State 82 <SV = 81> <Delay = 2.43>
ST_82 : Operation 258 [62/68] (2.43ns)   --->   "%empty_58 = writeresp i1 @_ssdm_op_WriteResp.m_axi.p1i512, i512 %gmem1_addr_1" [/home/x_thileeb/repos/ops-hls-pact25-artifact/OPS/ops/hls/include/device/../../L1/include/ops_hls_datamover.hpp:594]   --->   Operation 258 'writeresp' 'empty_58' <Predicate = true> <Delay = 2.43> <CoreInst = "m_axi">   --->   Core 125 'm_axi' <Latency = 0> <II = 1> <Delay = 1.00> <Adapter> <Opcode : 'read' 'write' 'readreq' 'writereq' 'writeresp'>

State 83 <SV = 82> <Delay = 2.43>
ST_83 : Operation 259 [61/68] (2.43ns)   --->   "%empty_58 = writeresp i1 @_ssdm_op_WriteResp.m_axi.p1i512, i512 %gmem1_addr_1" [/home/x_thileeb/repos/ops-hls-pact25-artifact/OPS/ops/hls/include/device/../../L1/include/ops_hls_datamover.hpp:594]   --->   Operation 259 'writeresp' 'empty_58' <Predicate = true> <Delay = 2.43> <CoreInst = "m_axi">   --->   Core 125 'm_axi' <Latency = 0> <II = 1> <Delay = 1.00> <Adapter> <Opcode : 'read' 'write' 'readreq' 'writereq' 'writeresp'>

State 84 <SV = 83> <Delay = 2.43>
ST_84 : Operation 260 [60/68] (2.43ns)   --->   "%empty_58 = writeresp i1 @_ssdm_op_WriteResp.m_axi.p1i512, i512 %gmem1_addr_1" [/home/x_thileeb/repos/ops-hls-pact25-artifact/OPS/ops/hls/include/device/../../L1/include/ops_hls_datamover.hpp:594]   --->   Operation 260 'writeresp' 'empty_58' <Predicate = true> <Delay = 2.43> <CoreInst = "m_axi">   --->   Core 125 'm_axi' <Latency = 0> <II = 1> <Delay = 1.00> <Adapter> <Opcode : 'read' 'write' 'readreq' 'writereq' 'writeresp'>

State 85 <SV = 84> <Delay = 2.43>
ST_85 : Operation 261 [59/68] (2.43ns)   --->   "%empty_58 = writeresp i1 @_ssdm_op_WriteResp.m_axi.p1i512, i512 %gmem1_addr_1" [/home/x_thileeb/repos/ops-hls-pact25-artifact/OPS/ops/hls/include/device/../../L1/include/ops_hls_datamover.hpp:594]   --->   Operation 261 'writeresp' 'empty_58' <Predicate = true> <Delay = 2.43> <CoreInst = "m_axi">   --->   Core 125 'm_axi' <Latency = 0> <II = 1> <Delay = 1.00> <Adapter> <Opcode : 'read' 'write' 'readreq' 'writereq' 'writeresp'>

State 86 <SV = 85> <Delay = 2.43>
ST_86 : Operation 262 [58/68] (2.43ns)   --->   "%empty_58 = writeresp i1 @_ssdm_op_WriteResp.m_axi.p1i512, i512 %gmem1_addr_1" [/home/x_thileeb/repos/ops-hls-pact25-artifact/OPS/ops/hls/include/device/../../L1/include/ops_hls_datamover.hpp:594]   --->   Operation 262 'writeresp' 'empty_58' <Predicate = true> <Delay = 2.43> <CoreInst = "m_axi">   --->   Core 125 'm_axi' <Latency = 0> <II = 1> <Delay = 1.00> <Adapter> <Opcode : 'read' 'write' 'readreq' 'writereq' 'writeresp'>

State 87 <SV = 86> <Delay = 2.43>
ST_87 : Operation 263 [57/68] (2.43ns)   --->   "%empty_58 = writeresp i1 @_ssdm_op_WriteResp.m_axi.p1i512, i512 %gmem1_addr_1" [/home/x_thileeb/repos/ops-hls-pact25-artifact/OPS/ops/hls/include/device/../../L1/include/ops_hls_datamover.hpp:594]   --->   Operation 263 'writeresp' 'empty_58' <Predicate = true> <Delay = 2.43> <CoreInst = "m_axi">   --->   Core 125 'm_axi' <Latency = 0> <II = 1> <Delay = 1.00> <Adapter> <Opcode : 'read' 'write' 'readreq' 'writereq' 'writeresp'>

State 88 <SV = 87> <Delay = 2.43>
ST_88 : Operation 264 [56/68] (2.43ns)   --->   "%empty_58 = writeresp i1 @_ssdm_op_WriteResp.m_axi.p1i512, i512 %gmem1_addr_1" [/home/x_thileeb/repos/ops-hls-pact25-artifact/OPS/ops/hls/include/device/../../L1/include/ops_hls_datamover.hpp:594]   --->   Operation 264 'writeresp' 'empty_58' <Predicate = true> <Delay = 2.43> <CoreInst = "m_axi">   --->   Core 125 'm_axi' <Latency = 0> <II = 1> <Delay = 1.00> <Adapter> <Opcode : 'read' 'write' 'readreq' 'writereq' 'writeresp'>

State 89 <SV = 88> <Delay = 2.43>
ST_89 : Operation 265 [55/68] (2.43ns)   --->   "%empty_58 = writeresp i1 @_ssdm_op_WriteResp.m_axi.p1i512, i512 %gmem1_addr_1" [/home/x_thileeb/repos/ops-hls-pact25-artifact/OPS/ops/hls/include/device/../../L1/include/ops_hls_datamover.hpp:594]   --->   Operation 265 'writeresp' 'empty_58' <Predicate = true> <Delay = 2.43> <CoreInst = "m_axi">   --->   Core 125 'm_axi' <Latency = 0> <II = 1> <Delay = 1.00> <Adapter> <Opcode : 'read' 'write' 'readreq' 'writereq' 'writeresp'>

State 90 <SV = 89> <Delay = 2.43>
ST_90 : Operation 266 [54/68] (2.43ns)   --->   "%empty_58 = writeresp i1 @_ssdm_op_WriteResp.m_axi.p1i512, i512 %gmem1_addr_1" [/home/x_thileeb/repos/ops-hls-pact25-artifact/OPS/ops/hls/include/device/../../L1/include/ops_hls_datamover.hpp:594]   --->   Operation 266 'writeresp' 'empty_58' <Predicate = true> <Delay = 2.43> <CoreInst = "m_axi">   --->   Core 125 'm_axi' <Latency = 0> <II = 1> <Delay = 1.00> <Adapter> <Opcode : 'read' 'write' 'readreq' 'writereq' 'writeresp'>

State 91 <SV = 90> <Delay = 2.43>
ST_91 : Operation 267 [53/68] (2.43ns)   --->   "%empty_58 = writeresp i1 @_ssdm_op_WriteResp.m_axi.p1i512, i512 %gmem1_addr_1" [/home/x_thileeb/repos/ops-hls-pact25-artifact/OPS/ops/hls/include/device/../../L1/include/ops_hls_datamover.hpp:594]   --->   Operation 267 'writeresp' 'empty_58' <Predicate = true> <Delay = 2.43> <CoreInst = "m_axi">   --->   Core 125 'm_axi' <Latency = 0> <II = 1> <Delay = 1.00> <Adapter> <Opcode : 'read' 'write' 'readreq' 'writereq' 'writeresp'>

State 92 <SV = 91> <Delay = 2.43>
ST_92 : Operation 268 [52/68] (2.43ns)   --->   "%empty_58 = writeresp i1 @_ssdm_op_WriteResp.m_axi.p1i512, i512 %gmem1_addr_1" [/home/x_thileeb/repos/ops-hls-pact25-artifact/OPS/ops/hls/include/device/../../L1/include/ops_hls_datamover.hpp:594]   --->   Operation 268 'writeresp' 'empty_58' <Predicate = true> <Delay = 2.43> <CoreInst = "m_axi">   --->   Core 125 'm_axi' <Latency = 0> <II = 1> <Delay = 1.00> <Adapter> <Opcode : 'read' 'write' 'readreq' 'writereq' 'writeresp'>

State 93 <SV = 92> <Delay = 2.43>
ST_93 : Operation 269 [51/68] (2.43ns)   --->   "%empty_58 = writeresp i1 @_ssdm_op_WriteResp.m_axi.p1i512, i512 %gmem1_addr_1" [/home/x_thileeb/repos/ops-hls-pact25-artifact/OPS/ops/hls/include/device/../../L1/include/ops_hls_datamover.hpp:594]   --->   Operation 269 'writeresp' 'empty_58' <Predicate = true> <Delay = 2.43> <CoreInst = "m_axi">   --->   Core 125 'm_axi' <Latency = 0> <II = 1> <Delay = 1.00> <Adapter> <Opcode : 'read' 'write' 'readreq' 'writereq' 'writeresp'>

State 94 <SV = 93> <Delay = 2.43>
ST_94 : Operation 270 [50/68] (2.43ns)   --->   "%empty_58 = writeresp i1 @_ssdm_op_WriteResp.m_axi.p1i512, i512 %gmem1_addr_1" [/home/x_thileeb/repos/ops-hls-pact25-artifact/OPS/ops/hls/include/device/../../L1/include/ops_hls_datamover.hpp:594]   --->   Operation 270 'writeresp' 'empty_58' <Predicate = true> <Delay = 2.43> <CoreInst = "m_axi">   --->   Core 125 'm_axi' <Latency = 0> <II = 1> <Delay = 1.00> <Adapter> <Opcode : 'read' 'write' 'readreq' 'writereq' 'writeresp'>

State 95 <SV = 94> <Delay = 2.43>
ST_95 : Operation 271 [49/68] (2.43ns)   --->   "%empty_58 = writeresp i1 @_ssdm_op_WriteResp.m_axi.p1i512, i512 %gmem1_addr_1" [/home/x_thileeb/repos/ops-hls-pact25-artifact/OPS/ops/hls/include/device/../../L1/include/ops_hls_datamover.hpp:594]   --->   Operation 271 'writeresp' 'empty_58' <Predicate = true> <Delay = 2.43> <CoreInst = "m_axi">   --->   Core 125 'm_axi' <Latency = 0> <II = 1> <Delay = 1.00> <Adapter> <Opcode : 'read' 'write' 'readreq' 'writereq' 'writeresp'>

State 96 <SV = 95> <Delay = 2.43>
ST_96 : Operation 272 [48/68] (2.43ns)   --->   "%empty_58 = writeresp i1 @_ssdm_op_WriteResp.m_axi.p1i512, i512 %gmem1_addr_1" [/home/x_thileeb/repos/ops-hls-pact25-artifact/OPS/ops/hls/include/device/../../L1/include/ops_hls_datamover.hpp:594]   --->   Operation 272 'writeresp' 'empty_58' <Predicate = true> <Delay = 2.43> <CoreInst = "m_axi">   --->   Core 125 'm_axi' <Latency = 0> <II = 1> <Delay = 1.00> <Adapter> <Opcode : 'read' 'write' 'readreq' 'writereq' 'writeresp'>

State 97 <SV = 96> <Delay = 2.43>
ST_97 : Operation 273 [47/68] (2.43ns)   --->   "%empty_58 = writeresp i1 @_ssdm_op_WriteResp.m_axi.p1i512, i512 %gmem1_addr_1" [/home/x_thileeb/repos/ops-hls-pact25-artifact/OPS/ops/hls/include/device/../../L1/include/ops_hls_datamover.hpp:594]   --->   Operation 273 'writeresp' 'empty_58' <Predicate = true> <Delay = 2.43> <CoreInst = "m_axi">   --->   Core 125 'm_axi' <Latency = 0> <II = 1> <Delay = 1.00> <Adapter> <Opcode : 'read' 'write' 'readreq' 'writereq' 'writeresp'>

State 98 <SV = 97> <Delay = 2.43>
ST_98 : Operation 274 [46/68] (2.43ns)   --->   "%empty_58 = writeresp i1 @_ssdm_op_WriteResp.m_axi.p1i512, i512 %gmem1_addr_1" [/home/x_thileeb/repos/ops-hls-pact25-artifact/OPS/ops/hls/include/device/../../L1/include/ops_hls_datamover.hpp:594]   --->   Operation 274 'writeresp' 'empty_58' <Predicate = true> <Delay = 2.43> <CoreInst = "m_axi">   --->   Core 125 'm_axi' <Latency = 0> <II = 1> <Delay = 1.00> <Adapter> <Opcode : 'read' 'write' 'readreq' 'writereq' 'writeresp'>

State 99 <SV = 98> <Delay = 2.43>
ST_99 : Operation 275 [45/68] (2.43ns)   --->   "%empty_58 = writeresp i1 @_ssdm_op_WriteResp.m_axi.p1i512, i512 %gmem1_addr_1" [/home/x_thileeb/repos/ops-hls-pact25-artifact/OPS/ops/hls/include/device/../../L1/include/ops_hls_datamover.hpp:594]   --->   Operation 275 'writeresp' 'empty_58' <Predicate = true> <Delay = 2.43> <CoreInst = "m_axi">   --->   Core 125 'm_axi' <Latency = 0> <II = 1> <Delay = 1.00> <Adapter> <Opcode : 'read' 'write' 'readreq' 'writereq' 'writeresp'>

State 100 <SV = 99> <Delay = 2.43>
ST_100 : Operation 276 [44/68] (2.43ns)   --->   "%empty_58 = writeresp i1 @_ssdm_op_WriteResp.m_axi.p1i512, i512 %gmem1_addr_1" [/home/x_thileeb/repos/ops-hls-pact25-artifact/OPS/ops/hls/include/device/../../L1/include/ops_hls_datamover.hpp:594]   --->   Operation 276 'writeresp' 'empty_58' <Predicate = true> <Delay = 2.43> <CoreInst = "m_axi">   --->   Core 125 'm_axi' <Latency = 0> <II = 1> <Delay = 1.00> <Adapter> <Opcode : 'read' 'write' 'readreq' 'writereq' 'writeresp'>

State 101 <SV = 100> <Delay = 2.43>
ST_101 : Operation 277 [43/68] (2.43ns)   --->   "%empty_58 = writeresp i1 @_ssdm_op_WriteResp.m_axi.p1i512, i512 %gmem1_addr_1" [/home/x_thileeb/repos/ops-hls-pact25-artifact/OPS/ops/hls/include/device/../../L1/include/ops_hls_datamover.hpp:594]   --->   Operation 277 'writeresp' 'empty_58' <Predicate = true> <Delay = 2.43> <CoreInst = "m_axi">   --->   Core 125 'm_axi' <Latency = 0> <II = 1> <Delay = 1.00> <Adapter> <Opcode : 'read' 'write' 'readreq' 'writereq' 'writeresp'>

State 102 <SV = 101> <Delay = 2.43>
ST_102 : Operation 278 [42/68] (2.43ns)   --->   "%empty_58 = writeresp i1 @_ssdm_op_WriteResp.m_axi.p1i512, i512 %gmem1_addr_1" [/home/x_thileeb/repos/ops-hls-pact25-artifact/OPS/ops/hls/include/device/../../L1/include/ops_hls_datamover.hpp:594]   --->   Operation 278 'writeresp' 'empty_58' <Predicate = true> <Delay = 2.43> <CoreInst = "m_axi">   --->   Core 125 'm_axi' <Latency = 0> <II = 1> <Delay = 1.00> <Adapter> <Opcode : 'read' 'write' 'readreq' 'writereq' 'writeresp'>

State 103 <SV = 102> <Delay = 2.43>
ST_103 : Operation 279 [41/68] (2.43ns)   --->   "%empty_58 = writeresp i1 @_ssdm_op_WriteResp.m_axi.p1i512, i512 %gmem1_addr_1" [/home/x_thileeb/repos/ops-hls-pact25-artifact/OPS/ops/hls/include/device/../../L1/include/ops_hls_datamover.hpp:594]   --->   Operation 279 'writeresp' 'empty_58' <Predicate = true> <Delay = 2.43> <CoreInst = "m_axi">   --->   Core 125 'm_axi' <Latency = 0> <II = 1> <Delay = 1.00> <Adapter> <Opcode : 'read' 'write' 'readreq' 'writereq' 'writeresp'>

State 104 <SV = 103> <Delay = 2.43>
ST_104 : Operation 280 [40/68] (2.43ns)   --->   "%empty_58 = writeresp i1 @_ssdm_op_WriteResp.m_axi.p1i512, i512 %gmem1_addr_1" [/home/x_thileeb/repos/ops-hls-pact25-artifact/OPS/ops/hls/include/device/../../L1/include/ops_hls_datamover.hpp:594]   --->   Operation 280 'writeresp' 'empty_58' <Predicate = true> <Delay = 2.43> <CoreInst = "m_axi">   --->   Core 125 'm_axi' <Latency = 0> <II = 1> <Delay = 1.00> <Adapter> <Opcode : 'read' 'write' 'readreq' 'writereq' 'writeresp'>

State 105 <SV = 104> <Delay = 2.43>
ST_105 : Operation 281 [39/68] (2.43ns)   --->   "%empty_58 = writeresp i1 @_ssdm_op_WriteResp.m_axi.p1i512, i512 %gmem1_addr_1" [/home/x_thileeb/repos/ops-hls-pact25-artifact/OPS/ops/hls/include/device/../../L1/include/ops_hls_datamover.hpp:594]   --->   Operation 281 'writeresp' 'empty_58' <Predicate = true> <Delay = 2.43> <CoreInst = "m_axi">   --->   Core 125 'm_axi' <Latency = 0> <II = 1> <Delay = 1.00> <Adapter> <Opcode : 'read' 'write' 'readreq' 'writereq' 'writeresp'>

State 106 <SV = 105> <Delay = 2.43>
ST_106 : Operation 282 [38/68] (2.43ns)   --->   "%empty_58 = writeresp i1 @_ssdm_op_WriteResp.m_axi.p1i512, i512 %gmem1_addr_1" [/home/x_thileeb/repos/ops-hls-pact25-artifact/OPS/ops/hls/include/device/../../L1/include/ops_hls_datamover.hpp:594]   --->   Operation 282 'writeresp' 'empty_58' <Predicate = true> <Delay = 2.43> <CoreInst = "m_axi">   --->   Core 125 'm_axi' <Latency = 0> <II = 1> <Delay = 1.00> <Adapter> <Opcode : 'read' 'write' 'readreq' 'writereq' 'writeresp'>

State 107 <SV = 106> <Delay = 2.43>
ST_107 : Operation 283 [37/68] (2.43ns)   --->   "%empty_58 = writeresp i1 @_ssdm_op_WriteResp.m_axi.p1i512, i512 %gmem1_addr_1" [/home/x_thileeb/repos/ops-hls-pact25-artifact/OPS/ops/hls/include/device/../../L1/include/ops_hls_datamover.hpp:594]   --->   Operation 283 'writeresp' 'empty_58' <Predicate = true> <Delay = 2.43> <CoreInst = "m_axi">   --->   Core 125 'm_axi' <Latency = 0> <II = 1> <Delay = 1.00> <Adapter> <Opcode : 'read' 'write' 'readreq' 'writereq' 'writeresp'>

State 108 <SV = 107> <Delay = 2.43>
ST_108 : Operation 284 [36/68] (2.43ns)   --->   "%empty_58 = writeresp i1 @_ssdm_op_WriteResp.m_axi.p1i512, i512 %gmem1_addr_1" [/home/x_thileeb/repos/ops-hls-pact25-artifact/OPS/ops/hls/include/device/../../L1/include/ops_hls_datamover.hpp:594]   --->   Operation 284 'writeresp' 'empty_58' <Predicate = true> <Delay = 2.43> <CoreInst = "m_axi">   --->   Core 125 'm_axi' <Latency = 0> <II = 1> <Delay = 1.00> <Adapter> <Opcode : 'read' 'write' 'readreq' 'writereq' 'writeresp'>

State 109 <SV = 108> <Delay = 2.43>
ST_109 : Operation 285 [35/68] (2.43ns)   --->   "%empty_58 = writeresp i1 @_ssdm_op_WriteResp.m_axi.p1i512, i512 %gmem1_addr_1" [/home/x_thileeb/repos/ops-hls-pact25-artifact/OPS/ops/hls/include/device/../../L1/include/ops_hls_datamover.hpp:594]   --->   Operation 285 'writeresp' 'empty_58' <Predicate = true> <Delay = 2.43> <CoreInst = "m_axi">   --->   Core 125 'm_axi' <Latency = 0> <II = 1> <Delay = 1.00> <Adapter> <Opcode : 'read' 'write' 'readreq' 'writereq' 'writeresp'>

State 110 <SV = 109> <Delay = 2.43>
ST_110 : Operation 286 [34/68] (2.43ns)   --->   "%empty_58 = writeresp i1 @_ssdm_op_WriteResp.m_axi.p1i512, i512 %gmem1_addr_1" [/home/x_thileeb/repos/ops-hls-pact25-artifact/OPS/ops/hls/include/device/../../L1/include/ops_hls_datamover.hpp:594]   --->   Operation 286 'writeresp' 'empty_58' <Predicate = true> <Delay = 2.43> <CoreInst = "m_axi">   --->   Core 125 'm_axi' <Latency = 0> <II = 1> <Delay = 1.00> <Adapter> <Opcode : 'read' 'write' 'readreq' 'writereq' 'writeresp'>

State 111 <SV = 110> <Delay = 2.43>
ST_111 : Operation 287 [33/68] (2.43ns)   --->   "%empty_58 = writeresp i1 @_ssdm_op_WriteResp.m_axi.p1i512, i512 %gmem1_addr_1" [/home/x_thileeb/repos/ops-hls-pact25-artifact/OPS/ops/hls/include/device/../../L1/include/ops_hls_datamover.hpp:594]   --->   Operation 287 'writeresp' 'empty_58' <Predicate = true> <Delay = 2.43> <CoreInst = "m_axi">   --->   Core 125 'm_axi' <Latency = 0> <II = 1> <Delay = 1.00> <Adapter> <Opcode : 'read' 'write' 'readreq' 'writereq' 'writeresp'>

State 112 <SV = 111> <Delay = 2.43>
ST_112 : Operation 288 [32/68] (2.43ns)   --->   "%empty_58 = writeresp i1 @_ssdm_op_WriteResp.m_axi.p1i512, i512 %gmem1_addr_1" [/home/x_thileeb/repos/ops-hls-pact25-artifact/OPS/ops/hls/include/device/../../L1/include/ops_hls_datamover.hpp:594]   --->   Operation 288 'writeresp' 'empty_58' <Predicate = true> <Delay = 2.43> <CoreInst = "m_axi">   --->   Core 125 'm_axi' <Latency = 0> <II = 1> <Delay = 1.00> <Adapter> <Opcode : 'read' 'write' 'readreq' 'writereq' 'writeresp'>

State 113 <SV = 112> <Delay = 2.43>
ST_113 : Operation 289 [31/68] (2.43ns)   --->   "%empty_58 = writeresp i1 @_ssdm_op_WriteResp.m_axi.p1i512, i512 %gmem1_addr_1" [/home/x_thileeb/repos/ops-hls-pact25-artifact/OPS/ops/hls/include/device/../../L1/include/ops_hls_datamover.hpp:594]   --->   Operation 289 'writeresp' 'empty_58' <Predicate = true> <Delay = 2.43> <CoreInst = "m_axi">   --->   Core 125 'm_axi' <Latency = 0> <II = 1> <Delay = 1.00> <Adapter> <Opcode : 'read' 'write' 'readreq' 'writereq' 'writeresp'>

State 114 <SV = 113> <Delay = 2.43>
ST_114 : Operation 290 [30/68] (2.43ns)   --->   "%empty_58 = writeresp i1 @_ssdm_op_WriteResp.m_axi.p1i512, i512 %gmem1_addr_1" [/home/x_thileeb/repos/ops-hls-pact25-artifact/OPS/ops/hls/include/device/../../L1/include/ops_hls_datamover.hpp:594]   --->   Operation 290 'writeresp' 'empty_58' <Predicate = true> <Delay = 2.43> <CoreInst = "m_axi">   --->   Core 125 'm_axi' <Latency = 0> <II = 1> <Delay = 1.00> <Adapter> <Opcode : 'read' 'write' 'readreq' 'writereq' 'writeresp'>

State 115 <SV = 114> <Delay = 2.43>
ST_115 : Operation 291 [29/68] (2.43ns)   --->   "%empty_58 = writeresp i1 @_ssdm_op_WriteResp.m_axi.p1i512, i512 %gmem1_addr_1" [/home/x_thileeb/repos/ops-hls-pact25-artifact/OPS/ops/hls/include/device/../../L1/include/ops_hls_datamover.hpp:594]   --->   Operation 291 'writeresp' 'empty_58' <Predicate = true> <Delay = 2.43> <CoreInst = "m_axi">   --->   Core 125 'm_axi' <Latency = 0> <II = 1> <Delay = 1.00> <Adapter> <Opcode : 'read' 'write' 'readreq' 'writereq' 'writeresp'>

State 116 <SV = 115> <Delay = 2.43>
ST_116 : Operation 292 [28/68] (2.43ns)   --->   "%empty_58 = writeresp i1 @_ssdm_op_WriteResp.m_axi.p1i512, i512 %gmem1_addr_1" [/home/x_thileeb/repos/ops-hls-pact25-artifact/OPS/ops/hls/include/device/../../L1/include/ops_hls_datamover.hpp:594]   --->   Operation 292 'writeresp' 'empty_58' <Predicate = true> <Delay = 2.43> <CoreInst = "m_axi">   --->   Core 125 'm_axi' <Latency = 0> <II = 1> <Delay = 1.00> <Adapter> <Opcode : 'read' 'write' 'readreq' 'writereq' 'writeresp'>

State 117 <SV = 116> <Delay = 2.43>
ST_117 : Operation 293 [27/68] (2.43ns)   --->   "%empty_58 = writeresp i1 @_ssdm_op_WriteResp.m_axi.p1i512, i512 %gmem1_addr_1" [/home/x_thileeb/repos/ops-hls-pact25-artifact/OPS/ops/hls/include/device/../../L1/include/ops_hls_datamover.hpp:594]   --->   Operation 293 'writeresp' 'empty_58' <Predicate = true> <Delay = 2.43> <CoreInst = "m_axi">   --->   Core 125 'm_axi' <Latency = 0> <II = 1> <Delay = 1.00> <Adapter> <Opcode : 'read' 'write' 'readreq' 'writereq' 'writeresp'>

State 118 <SV = 117> <Delay = 2.43>
ST_118 : Operation 294 [26/68] (2.43ns)   --->   "%empty_58 = writeresp i1 @_ssdm_op_WriteResp.m_axi.p1i512, i512 %gmem1_addr_1" [/home/x_thileeb/repos/ops-hls-pact25-artifact/OPS/ops/hls/include/device/../../L1/include/ops_hls_datamover.hpp:594]   --->   Operation 294 'writeresp' 'empty_58' <Predicate = true> <Delay = 2.43> <CoreInst = "m_axi">   --->   Core 125 'm_axi' <Latency = 0> <II = 1> <Delay = 1.00> <Adapter> <Opcode : 'read' 'write' 'readreq' 'writereq' 'writeresp'>

State 119 <SV = 118> <Delay = 2.43>
ST_119 : Operation 295 [25/68] (2.43ns)   --->   "%empty_58 = writeresp i1 @_ssdm_op_WriteResp.m_axi.p1i512, i512 %gmem1_addr_1" [/home/x_thileeb/repos/ops-hls-pact25-artifact/OPS/ops/hls/include/device/../../L1/include/ops_hls_datamover.hpp:594]   --->   Operation 295 'writeresp' 'empty_58' <Predicate = true> <Delay = 2.43> <CoreInst = "m_axi">   --->   Core 125 'm_axi' <Latency = 0> <II = 1> <Delay = 1.00> <Adapter> <Opcode : 'read' 'write' 'readreq' 'writereq' 'writeresp'>

State 120 <SV = 119> <Delay = 2.43>
ST_120 : Operation 296 [24/68] (2.43ns)   --->   "%empty_58 = writeresp i1 @_ssdm_op_WriteResp.m_axi.p1i512, i512 %gmem1_addr_1" [/home/x_thileeb/repos/ops-hls-pact25-artifact/OPS/ops/hls/include/device/../../L1/include/ops_hls_datamover.hpp:594]   --->   Operation 296 'writeresp' 'empty_58' <Predicate = true> <Delay = 2.43> <CoreInst = "m_axi">   --->   Core 125 'm_axi' <Latency = 0> <II = 1> <Delay = 1.00> <Adapter> <Opcode : 'read' 'write' 'readreq' 'writereq' 'writeresp'>

State 121 <SV = 120> <Delay = 2.43>
ST_121 : Operation 297 [23/68] (2.43ns)   --->   "%empty_58 = writeresp i1 @_ssdm_op_WriteResp.m_axi.p1i512, i512 %gmem1_addr_1" [/home/x_thileeb/repos/ops-hls-pact25-artifact/OPS/ops/hls/include/device/../../L1/include/ops_hls_datamover.hpp:594]   --->   Operation 297 'writeresp' 'empty_58' <Predicate = true> <Delay = 2.43> <CoreInst = "m_axi">   --->   Core 125 'm_axi' <Latency = 0> <II = 1> <Delay = 1.00> <Adapter> <Opcode : 'read' 'write' 'readreq' 'writereq' 'writeresp'>

State 122 <SV = 121> <Delay = 2.43>
ST_122 : Operation 298 [22/68] (2.43ns)   --->   "%empty_58 = writeresp i1 @_ssdm_op_WriteResp.m_axi.p1i512, i512 %gmem1_addr_1" [/home/x_thileeb/repos/ops-hls-pact25-artifact/OPS/ops/hls/include/device/../../L1/include/ops_hls_datamover.hpp:594]   --->   Operation 298 'writeresp' 'empty_58' <Predicate = true> <Delay = 2.43> <CoreInst = "m_axi">   --->   Core 125 'm_axi' <Latency = 0> <II = 1> <Delay = 1.00> <Adapter> <Opcode : 'read' 'write' 'readreq' 'writereq' 'writeresp'>

State 123 <SV = 122> <Delay = 2.43>
ST_123 : Operation 299 [21/68] (2.43ns)   --->   "%empty_58 = writeresp i1 @_ssdm_op_WriteResp.m_axi.p1i512, i512 %gmem1_addr_1" [/home/x_thileeb/repos/ops-hls-pact25-artifact/OPS/ops/hls/include/device/../../L1/include/ops_hls_datamover.hpp:594]   --->   Operation 299 'writeresp' 'empty_58' <Predicate = true> <Delay = 2.43> <CoreInst = "m_axi">   --->   Core 125 'm_axi' <Latency = 0> <II = 1> <Delay = 1.00> <Adapter> <Opcode : 'read' 'write' 'readreq' 'writereq' 'writeresp'>

State 124 <SV = 123> <Delay = 2.43>
ST_124 : Operation 300 [20/68] (2.43ns)   --->   "%empty_58 = writeresp i1 @_ssdm_op_WriteResp.m_axi.p1i512, i512 %gmem1_addr_1" [/home/x_thileeb/repos/ops-hls-pact25-artifact/OPS/ops/hls/include/device/../../L1/include/ops_hls_datamover.hpp:594]   --->   Operation 300 'writeresp' 'empty_58' <Predicate = true> <Delay = 2.43> <CoreInst = "m_axi">   --->   Core 125 'm_axi' <Latency = 0> <II = 1> <Delay = 1.00> <Adapter> <Opcode : 'read' 'write' 'readreq' 'writereq' 'writeresp'>

State 125 <SV = 124> <Delay = 2.43>
ST_125 : Operation 301 [19/68] (2.43ns)   --->   "%empty_58 = writeresp i1 @_ssdm_op_WriteResp.m_axi.p1i512, i512 %gmem1_addr_1" [/home/x_thileeb/repos/ops-hls-pact25-artifact/OPS/ops/hls/include/device/../../L1/include/ops_hls_datamover.hpp:594]   --->   Operation 301 'writeresp' 'empty_58' <Predicate = true> <Delay = 2.43> <CoreInst = "m_axi">   --->   Core 125 'm_axi' <Latency = 0> <II = 1> <Delay = 1.00> <Adapter> <Opcode : 'read' 'write' 'readreq' 'writereq' 'writeresp'>

State 126 <SV = 125> <Delay = 2.43>
ST_126 : Operation 302 [18/68] (2.43ns)   --->   "%empty_58 = writeresp i1 @_ssdm_op_WriteResp.m_axi.p1i512, i512 %gmem1_addr_1" [/home/x_thileeb/repos/ops-hls-pact25-artifact/OPS/ops/hls/include/device/../../L1/include/ops_hls_datamover.hpp:594]   --->   Operation 302 'writeresp' 'empty_58' <Predicate = true> <Delay = 2.43> <CoreInst = "m_axi">   --->   Core 125 'm_axi' <Latency = 0> <II = 1> <Delay = 1.00> <Adapter> <Opcode : 'read' 'write' 'readreq' 'writereq' 'writeresp'>

State 127 <SV = 126> <Delay = 2.43>
ST_127 : Operation 303 [17/68] (2.43ns)   --->   "%empty_58 = writeresp i1 @_ssdm_op_WriteResp.m_axi.p1i512, i512 %gmem1_addr_1" [/home/x_thileeb/repos/ops-hls-pact25-artifact/OPS/ops/hls/include/device/../../L1/include/ops_hls_datamover.hpp:594]   --->   Operation 303 'writeresp' 'empty_58' <Predicate = true> <Delay = 2.43> <CoreInst = "m_axi">   --->   Core 125 'm_axi' <Latency = 0> <II = 1> <Delay = 1.00> <Adapter> <Opcode : 'read' 'write' 'readreq' 'writereq' 'writeresp'>

State 128 <SV = 127> <Delay = 2.43>
ST_128 : Operation 304 [16/68] (2.43ns)   --->   "%empty_58 = writeresp i1 @_ssdm_op_WriteResp.m_axi.p1i512, i512 %gmem1_addr_1" [/home/x_thileeb/repos/ops-hls-pact25-artifact/OPS/ops/hls/include/device/../../L1/include/ops_hls_datamover.hpp:594]   --->   Operation 304 'writeresp' 'empty_58' <Predicate = true> <Delay = 2.43> <CoreInst = "m_axi">   --->   Core 125 'm_axi' <Latency = 0> <II = 1> <Delay = 1.00> <Adapter> <Opcode : 'read' 'write' 'readreq' 'writereq' 'writeresp'>

State 129 <SV = 128> <Delay = 2.43>
ST_129 : Operation 305 [15/68] (2.43ns)   --->   "%empty_58 = writeresp i1 @_ssdm_op_WriteResp.m_axi.p1i512, i512 %gmem1_addr_1" [/home/x_thileeb/repos/ops-hls-pact25-artifact/OPS/ops/hls/include/device/../../L1/include/ops_hls_datamover.hpp:594]   --->   Operation 305 'writeresp' 'empty_58' <Predicate = true> <Delay = 2.43> <CoreInst = "m_axi">   --->   Core 125 'm_axi' <Latency = 0> <II = 1> <Delay = 1.00> <Adapter> <Opcode : 'read' 'write' 'readreq' 'writereq' 'writeresp'>

State 130 <SV = 129> <Delay = 2.43>
ST_130 : Operation 306 [14/68] (2.43ns)   --->   "%empty_58 = writeresp i1 @_ssdm_op_WriteResp.m_axi.p1i512, i512 %gmem1_addr_1" [/home/x_thileeb/repos/ops-hls-pact25-artifact/OPS/ops/hls/include/device/../../L1/include/ops_hls_datamover.hpp:594]   --->   Operation 306 'writeresp' 'empty_58' <Predicate = true> <Delay = 2.43> <CoreInst = "m_axi">   --->   Core 125 'm_axi' <Latency = 0> <II = 1> <Delay = 1.00> <Adapter> <Opcode : 'read' 'write' 'readreq' 'writereq' 'writeresp'>

State 131 <SV = 130> <Delay = 2.43>
ST_131 : Operation 307 [13/68] (2.43ns)   --->   "%empty_58 = writeresp i1 @_ssdm_op_WriteResp.m_axi.p1i512, i512 %gmem1_addr_1" [/home/x_thileeb/repos/ops-hls-pact25-artifact/OPS/ops/hls/include/device/../../L1/include/ops_hls_datamover.hpp:594]   --->   Operation 307 'writeresp' 'empty_58' <Predicate = true> <Delay = 2.43> <CoreInst = "m_axi">   --->   Core 125 'm_axi' <Latency = 0> <II = 1> <Delay = 1.00> <Adapter> <Opcode : 'read' 'write' 'readreq' 'writereq' 'writeresp'>

State 132 <SV = 131> <Delay = 2.43>
ST_132 : Operation 308 [12/68] (2.43ns)   --->   "%empty_58 = writeresp i1 @_ssdm_op_WriteResp.m_axi.p1i512, i512 %gmem1_addr_1" [/home/x_thileeb/repos/ops-hls-pact25-artifact/OPS/ops/hls/include/device/../../L1/include/ops_hls_datamover.hpp:594]   --->   Operation 308 'writeresp' 'empty_58' <Predicate = true> <Delay = 2.43> <CoreInst = "m_axi">   --->   Core 125 'm_axi' <Latency = 0> <II = 1> <Delay = 1.00> <Adapter> <Opcode : 'read' 'write' 'readreq' 'writereq' 'writeresp'>

State 133 <SV = 132> <Delay = 2.43>
ST_133 : Operation 309 [11/68] (2.43ns)   --->   "%empty_58 = writeresp i1 @_ssdm_op_WriteResp.m_axi.p1i512, i512 %gmem1_addr_1" [/home/x_thileeb/repos/ops-hls-pact25-artifact/OPS/ops/hls/include/device/../../L1/include/ops_hls_datamover.hpp:594]   --->   Operation 309 'writeresp' 'empty_58' <Predicate = true> <Delay = 2.43> <CoreInst = "m_axi">   --->   Core 125 'm_axi' <Latency = 0> <II = 1> <Delay = 1.00> <Adapter> <Opcode : 'read' 'write' 'readreq' 'writereq' 'writeresp'>

State 134 <SV = 133> <Delay = 2.43>
ST_134 : Operation 310 [10/68] (2.43ns)   --->   "%empty_58 = writeresp i1 @_ssdm_op_WriteResp.m_axi.p1i512, i512 %gmem1_addr_1" [/home/x_thileeb/repos/ops-hls-pact25-artifact/OPS/ops/hls/include/device/../../L1/include/ops_hls_datamover.hpp:594]   --->   Operation 310 'writeresp' 'empty_58' <Predicate = true> <Delay = 2.43> <CoreInst = "m_axi">   --->   Core 125 'm_axi' <Latency = 0> <II = 1> <Delay = 1.00> <Adapter> <Opcode : 'read' 'write' 'readreq' 'writereq' 'writeresp'>

State 135 <SV = 134> <Delay = 2.43>
ST_135 : Operation 311 [9/68] (2.43ns)   --->   "%empty_58 = writeresp i1 @_ssdm_op_WriteResp.m_axi.p1i512, i512 %gmem1_addr_1" [/home/x_thileeb/repos/ops-hls-pact25-artifact/OPS/ops/hls/include/device/../../L1/include/ops_hls_datamover.hpp:594]   --->   Operation 311 'writeresp' 'empty_58' <Predicate = true> <Delay = 2.43> <CoreInst = "m_axi">   --->   Core 125 'm_axi' <Latency = 0> <II = 1> <Delay = 1.00> <Adapter> <Opcode : 'read' 'write' 'readreq' 'writereq' 'writeresp'>

State 136 <SV = 135> <Delay = 2.43>
ST_136 : Operation 312 [8/68] (2.43ns)   --->   "%empty_58 = writeresp i1 @_ssdm_op_WriteResp.m_axi.p1i512, i512 %gmem1_addr_1" [/home/x_thileeb/repos/ops-hls-pact25-artifact/OPS/ops/hls/include/device/../../L1/include/ops_hls_datamover.hpp:594]   --->   Operation 312 'writeresp' 'empty_58' <Predicate = true> <Delay = 2.43> <CoreInst = "m_axi">   --->   Core 125 'm_axi' <Latency = 0> <II = 1> <Delay = 1.00> <Adapter> <Opcode : 'read' 'write' 'readreq' 'writereq' 'writeresp'>

State 137 <SV = 136> <Delay = 2.43>
ST_137 : Operation 313 [7/68] (2.43ns)   --->   "%empty_58 = writeresp i1 @_ssdm_op_WriteResp.m_axi.p1i512, i512 %gmem1_addr_1" [/home/x_thileeb/repos/ops-hls-pact25-artifact/OPS/ops/hls/include/device/../../L1/include/ops_hls_datamover.hpp:594]   --->   Operation 313 'writeresp' 'empty_58' <Predicate = true> <Delay = 2.43> <CoreInst = "m_axi">   --->   Core 125 'm_axi' <Latency = 0> <II = 1> <Delay = 1.00> <Adapter> <Opcode : 'read' 'write' 'readreq' 'writereq' 'writeresp'>

State 138 <SV = 137> <Delay = 2.43>
ST_138 : Operation 314 [6/68] (2.43ns)   --->   "%empty_58 = writeresp i1 @_ssdm_op_WriteResp.m_axi.p1i512, i512 %gmem1_addr_1" [/home/x_thileeb/repos/ops-hls-pact25-artifact/OPS/ops/hls/include/device/../../L1/include/ops_hls_datamover.hpp:594]   --->   Operation 314 'writeresp' 'empty_58' <Predicate = true> <Delay = 2.43> <CoreInst = "m_axi">   --->   Core 125 'm_axi' <Latency = 0> <II = 1> <Delay = 1.00> <Adapter> <Opcode : 'read' 'write' 'readreq' 'writereq' 'writeresp'>

State 139 <SV = 138> <Delay = 2.43>
ST_139 : Operation 315 [5/68] (2.43ns)   --->   "%empty_58 = writeresp i1 @_ssdm_op_WriteResp.m_axi.p1i512, i512 %gmem1_addr_1" [/home/x_thileeb/repos/ops-hls-pact25-artifact/OPS/ops/hls/include/device/../../L1/include/ops_hls_datamover.hpp:594]   --->   Operation 315 'writeresp' 'empty_58' <Predicate = true> <Delay = 2.43> <CoreInst = "m_axi">   --->   Core 125 'm_axi' <Latency = 0> <II = 1> <Delay = 1.00> <Adapter> <Opcode : 'read' 'write' 'readreq' 'writereq' 'writeresp'>

State 140 <SV = 139> <Delay = 2.43>
ST_140 : Operation 316 [4/68] (2.43ns)   --->   "%empty_58 = writeresp i1 @_ssdm_op_WriteResp.m_axi.p1i512, i512 %gmem1_addr_1" [/home/x_thileeb/repos/ops-hls-pact25-artifact/OPS/ops/hls/include/device/../../L1/include/ops_hls_datamover.hpp:594]   --->   Operation 316 'writeresp' 'empty_58' <Predicate = true> <Delay = 2.43> <CoreInst = "m_axi">   --->   Core 125 'm_axi' <Latency = 0> <II = 1> <Delay = 1.00> <Adapter> <Opcode : 'read' 'write' 'readreq' 'writereq' 'writeresp'>

State 141 <SV = 140> <Delay = 2.43>
ST_141 : Operation 317 [3/68] (2.43ns)   --->   "%empty_58 = writeresp i1 @_ssdm_op_WriteResp.m_axi.p1i512, i512 %gmem1_addr_1" [/home/x_thileeb/repos/ops-hls-pact25-artifact/OPS/ops/hls/include/device/../../L1/include/ops_hls_datamover.hpp:594]   --->   Operation 317 'writeresp' 'empty_58' <Predicate = true> <Delay = 2.43> <CoreInst = "m_axi">   --->   Core 125 'm_axi' <Latency = 0> <II = 1> <Delay = 1.00> <Adapter> <Opcode : 'read' 'write' 'readreq' 'writereq' 'writeresp'>

State 142 <SV = 141> <Delay = 2.43>
ST_142 : Operation 318 [2/68] (2.43ns)   --->   "%empty_58 = writeresp i1 @_ssdm_op_WriteResp.m_axi.p1i512, i512 %gmem1_addr_1" [/home/x_thileeb/repos/ops-hls-pact25-artifact/OPS/ops/hls/include/device/../../L1/include/ops_hls_datamover.hpp:594]   --->   Operation 318 'writeresp' 'empty_58' <Predicate = true> <Delay = 2.43> <CoreInst = "m_axi">   --->   Core 125 'm_axi' <Latency = 0> <II = 1> <Delay = 1.00> <Adapter> <Opcode : 'read' 'write' 'readreq' 'writereq' 'writeresp'>

State 143 <SV = 142> <Delay = 2.43>
ST_143 : Operation 319 [1/68] (2.43ns)   --->   "%empty_58 = writeresp i1 @_ssdm_op_WriteResp.m_axi.p1i512, i512 %gmem1_addr_1" [/home/x_thileeb/repos/ops-hls-pact25-artifact/OPS/ops/hls/include/device/../../L1/include/ops_hls_datamover.hpp:594]   --->   Operation 319 'writeresp' 'empty_58' <Predicate = (!icmp_ln580)> <Delay = 2.43> <CoreInst = "m_axi">   --->   Core 125 'm_axi' <Latency = 0> <II = 1> <Delay = 1.00> <Adapter> <Opcode : 'read' 'write' 'readreq' 'writereq' 'writeresp'>
ST_143 : Operation 320 [1/1] (0.00ns)   --->   "%br_ln594 = br void %stream2mem<512u, 32u, 2u>.exit" [/home/x_thileeb/repos/ops-hls-pact25-artifact/OPS/ops/hls/include/device/../../L1/include/ops_hls_datamover.hpp:594]   --->   Operation 320 'br' 'br_ln594' <Predicate = (!icmp_ln580)> <Delay = 0.00>
ST_143 : Operation 321 [1/1] (0.00ns)   --->   "%ret_ln0 = ret"   --->   Operation 321 'ret' 'ret_ln0' <Predicate = true> <Delay = 0.00>


============================================================
+ Verbose Summary: Binding
============================================================
STG Binding: 
---------------- STG Properties BEGIN ----------------
- Is combinational: 0
- Is one-state seq: 0
- Is datapath-only: 0
- Is pipelined: 0
- Is top level: 0
Port [ Return ] is wired: 1; IO mode=ap_ctrl_hs:ce=0
Port [ gmem1]:  wired=1; compound=1; hidden=0; nouse=0; global=0; static=0; extern=0; dir=1; type=4; pingpong=0; private_global=0; IO mode=m_axi:ce=0
Port [ mem_out]:  wired=1; compound=1; hidden=0; nouse=0; global=0; static=0; extern=0; dir=0; type=3; pingpong=0; private_global=0; IO mode=ap_fifo:ce=0
Port [ num_beats]:  wired=1; compound=1; hidden=0; nouse=0; global=0; static=0; extern=0; dir=0; type=3; pingpong=0; private_global=0; IO mode=ap_fifo:ce=0
Port [ arg1_write_mem_strm]:  wired=1; compound=1; hidden=0; nouse=0; global=1; static=1; extern=0; dir=0; type=3; pingpong=0; private_global=0; IO mode=ap_fifo:ce=0
---------------- STG Properties END ------------------

---------------- Datapath Model BEGIN ----------------

<LifeTime>
<method=bitvector/>
specinterface_ln0 (specinterface ) [ 000000000000000000000000000000000000000000000000000000000000000000000000000000000000000000000000000000000000000000000000000000000000000000000000]
mem_out_read      (read          ) [ 001111111111111111111111111111111111111111111111111111111111111111111111100000000000000000000000000000000000000000000000000000000000000000000000]
specinterface_ln0 (specinterface ) [ 000000000000000000000000000000000000000000000000000000000000000000000000000000000000000000000000000000000000000000000000000000000000000000000000]
num_beats_read    (read          ) [ 000000000000000000000000000000000000000000000000000000000000000000000000000000000000000000000000000000000000000000000000000000000000000000000000]
specinterface_ln0 (specinterface ) [ 000000000000000000000000000000000000000000000000000000000000000000000000000000000000000000000000000000000000000000000000000000000000000000000000]
specinterface_ln0 (specinterface ) [ 000000000000000000000000000000000000000000000000000000000000000000000000000000000000000000000000000000000000000000000000000000000000000000000000]
specinterface_ln0 (specinterface ) [ 000000000000000000000000000000000000000000000000000000000000000000000000000000000000000000000000000000000000000000000000000000000000000000000000]
non_burst_beats   (trunc         ) [ 001111111111111111111111111111111111111111111111111111111111111111111111100000000000000000000000000000000000000000000000000000000000000000000000]
specinterface_ln0 (specinterface ) [ 000000000000000000000000000000000000000000000000000000000000000000000000000000000000000000000000000000000000000000000000000000000000000000000000]
specinterface_ln0 (specinterface ) [ 000000000000000000000000000000000000000000000000000000000000000000000000000000000000000000000000000000000000000000000000000000000000000000000000]
zext_ln553        (zext          ) [ 001111111111111111111111111111111111111111111111111111111111111111111111110000000000000000000000000000000000000000000000000000000000000000000000]
burst_beats       (sub           ) [ 011111111111111111111111111111111111111111111111111111111111111111111111100000000000000000000000000000000000000000000000000000000000000000000000]
icmp_ln567        (icmp          ) [ 011111111111111111111111111111111111111111111111111111111111111111111111100000000000000000000000000000000000000000000000000000000000000000000000]
br_ln567          (br            ) [ 011111111111111111111111111111111111111111111111111111111111111111111111100000000000000000000000000000000000000000000000000000000000000000000000]
trunc_ln          (partselect    ) [ 000110000000000000000000000000000000000000000000000000000000000000000000000000000000000000000000000000000000000000000000000000000000000000000000]
sext_ln567        (sext          ) [ 000000000000000000000000000000000000000000000000000000000000000000000000000000000000000000000000000000000000000000000000000000000000000000000000]
gmem1_addr        (getelementptr ) [ 000111111111111111111111111111111111111111111111111111111111111111111111100000000000000000000000000000000000000000000000000000000000000000000000]
empty             (writereq      ) [ 000000000000000000000000000000000000000000000000000000000000000000000000000000000000000000000000000000000000000000000000000000000000000000000000]
empty_53          (wait          ) [ 000000000000000000000000000000000000000000000000000000000000000000000000000000000000000000000000000000000000000000000000000000000000000000000000]
call_ln567        (call          ) [ 000000000000000000000000000000000000000000000000000000000000000000000000000000000000000000000000000000000000000000000000000000000000000000000000]
empty_54          (wait          ) [ 000000000000000000000000000000000000000000000000000000000000000000000000000000000000000000000000000000000000000000000000000000000000000000000000]
empty_55          (writeresp     ) [ 000000000000000000000000000000000000000000000000000000000000000000000000000000000000000000000000000000000000000000000000000000000000000000000000]
br_ln580          (br            ) [ 000000000000000000000000000000000000000000000000000000000000000000000000000000000000000000000000000000000000000000000000000000000000000000000000]
index_1           (phi           ) [ 001111111111111111111111111111111111111111111111111111111111111111111111111100000000000000000000000000000000000000000000000000000000000000000000]
icmp_ln580        (icmp          ) [ 000000000000000000000000000000000000000000000000000000000000000000000000111111111111111111111111111111111111111111111111111111111111111111111111]
br_ln580          (br            ) [ 000000000000000000000000000000000000000000000000000000000000000000000000000000000000000000000000000000000000000000000000000000000000000000000000]
trunc_ln580       (trunc         ) [ 000000000000000000000000000000000000000000000000000000000000000000000000000000000000000000000000000000000000000000000000000000000000000000000000]
add_ln580_1       (add           ) [ 000000000000000000000000000000000000000000000000000000000000000000000000010000000000000000000000000000000000000000000000000000000000000000000000]
shl_ln            (bitconcatenate) [ 000000000000000000000000000000000000000000000000000000000000000000000000000000000000000000000000000000000000000000000000000000000000000000000000]
zext_ln580        (zext          ) [ 000000000000000000000000000000000000000000000000000000000000000000000000000000000000000000000000000000000000000000000000000000000000000000000000]
add_ln580_2       (add           ) [ 000000000000000000000000000000000000000000000000000000000000000000000000000000000000000000000000000000000000000000000000000000000000000000000000]
trunc_ln580_1     (partselect    ) [ 000000000000000000000000000000000000000000000000000000000000000000000000011100000000000000000000000000000000000000000000000000000000000000000000]
add_ln580         (add           ) [ 000000000000000000000000000000000000000000000000000000000000000000000000001100000000000000000000000000000000000000000000000000000000000000000000]
sext_ln580        (sext          ) [ 000000000000000000000000000000000000000000000000000000000000000000000000000000000000000000000000000000000000000000000000000000000000000000000000]
gmem1_addr_1      (getelementptr ) [ 000000000000000000000000000000000000000000000000000000000000000000000000001111111111111111111111111111111111111111111111111111111111111111111111]
zext_ln580_1      (zext          ) [ 000000000000000000000000000000000000000000000000000000000000000000000000000000000000000000000000000000000000000000000000000000000000000000000000]
empty_56          (writereq      ) [ 000000000000000000000000000000000000000000000000000000000000000000000000000000000000000000000000000000000000000000000000000000000000000000000000]
empty_57          (wait          ) [ 000000000000000000000000000000000000000000000000000000000000000000000000000000000000000000000000000000000000000000000000000000000000000000000000]
call_ln554        (call          ) [ 000000000000000000000000000000000000000000000000000000000000000000000000000000000000000000000000000000000000000000000000000000000000000000000000]
empty_58          (writeresp     ) [ 000000000000000000000000000000000000000000000000000000000000000000000000000000000000000000000000000000000000000000000000000000000000000000000000]
br_ln594          (br            ) [ 000000000000000000000000000000000000000000000000000000000000000000000000000000000000000000000000000000000000000000000000000000000000000000000000]
ret_ln0           (ret           ) [ 000000000000000000000000000000000000000000000000000000000000000000000000000000000000000000000000000000000000000000000000000000000000000000000000]
</LifeTime>

<model>

<comp_list>
<comp id="0" class="1000" name="gmem1">
<pin_list>
<pin id="1" dir="1" index="0" bw="1" slack="0"/>
</pin_list>
<bind>
<StgValue><ssdm name="gmem1"/></StgValue>
</bind>
</comp>

<comp id="2" class="1000" name="mem_out">
<pin_list>
<pin id="3" dir="1" index="0" bw="1" slack="0"/>
</pin_list>
<bind>
<StgValue><ssdm name="mem_out"/></StgValue>
</bind>
</comp>

<comp id="4" class="1000" name="num_beats">
<pin_list>
<pin id="5" dir="1" index="0" bw="1" slack="0"/>
</pin_list>
<bind>
<StgValue><ssdm name="num_beats"/></StgValue>
</bind>
</comp>

<comp id="6" class="1000" name="arg1_write_mem_strm">
<pin_list>
<pin id="7" dir="1" index="0" bw="1" slack="0"/>
</pin_list>
<bind>
<StgValue><ssdm name="arg1_write_mem_strm"/></StgValue>
</bind>
</comp>

<comp id="8" class="1001" name="const_8">
<pin_list>
<pin id="9" dir="1" index="0" bw="1" slack="2147483647"/>
</pin_list>
<bind>
<StgValue><ssdm name="_ssdm_op_SpecInterface"/></StgValue>
</bind>
</comp>

<comp id="10" class="1001" name="const_10">
<pin_list>
<pin id="11" dir="1" index="0" bw="1" slack="2147483647"/>
</pin_list>
<bind>
<StgValue><ssdm name="ap_fifo_str"/></StgValue>
</bind>
</comp>

<comp id="12" class="1001" name="const_12">
<pin_list>
<pin id="13" dir="1" index="0" bw="1" slack="71"/>
</pin_list>
<bind>
<StgValue><ssdm name=""/></StgValue>
</bind>
</comp>

<comp id="14" class="1001" name="const_14">
<pin_list>
<pin id="15" dir="1" index="0" bw="1" slack="2147483647"/>
</pin_list>
<bind>
<StgValue><ssdm name="p_str"/></StgValue>
</bind>
</comp>

<comp id="16" class="1001" name="const_16">
<pin_list>
<pin id="17" dir="1" index="0" bw="1" slack="2147483647"/>
</pin_list>
<bind>
<StgValue><ssdm name=""/></StgValue>
</bind>
</comp>

<comp id="18" class="1001" name="const_18">
<pin_list>
<pin id="19" dir="1" index="0" bw="1" slack="2147483647"/>
</pin_list>
<bind>
<StgValue><ssdm name=""/></StgValue>
</bind>
</comp>

<comp id="20" class="1001" name="const_20">
<pin_list>
<pin id="21" dir="1" index="0" bw="1" slack="2147483647"/>
</pin_list>
<bind>
<StgValue><ssdm name="ScalarProp_str"/></StgValue>
</bind>
</comp>

<comp id="22" class="1001" name="const_22">
<pin_list>
<pin id="23" dir="1" index="0" bw="1" slack="2147483647"/>
</pin_list>
<bind>
<StgValue><ssdm name=""/></StgValue>
</bind>
</comp>

<comp id="24" class="1001" name="const_24">
<pin_list>
<pin id="25" dir="1" index="0" bw="1" slack="0"/>
</pin_list>
<bind>
<StgValue><ssdm name="_ssdm_op_Read.ap_fifo.i64P0A"/></StgValue>
</bind>
</comp>

<comp id="26" class="1001" name="const_26">
<pin_list>
<pin id="27" dir="1" index="0" bw="1" slack="0"/>
</pin_list>
<bind>
<StgValue><ssdm name="_ssdm_op_Read.ap_fifo.i32P0A"/></StgValue>
</bind>
</comp>

<comp id="28" class="1001" name="const_28">
<pin_list>
<pin id="29" dir="1" index="0" bw="1" slack="2147483647"/>
</pin_list>
<bind>
<StgValue><ssdm name="empty_7"/></StgValue>
</bind>
</comp>

<comp id="30" class="1001" name="const_30">
<pin_list>
<pin id="31" dir="1" index="0" bw="1" slack="2147483647"/>
</pin_list>
<bind>
<StgValue><ssdm name="empty_27"/></StgValue>
</bind>
</comp>

<comp id="32" class="1001" name="const_32">
<pin_list>
<pin id="33" dir="1" index="0" bw="1" slack="2147483647"/>
</pin_list>
<bind>
<StgValue><ssdm name="empty_31"/></StgValue>
</bind>
</comp>

<comp id="34" class="1001" name="const_34">
<pin_list>
<pin id="35" dir="1" index="0" bw="1" slack="2147483647"/>
</pin_list>
<bind>
<StgValue><ssdm name=""/></StgValue>
</bind>
</comp>

<comp id="36" class="1001" name="const_36">
<pin_list>
<pin id="37" dir="1" index="0" bw="1" slack="2147483647"/>
</pin_list>
<bind>
<StgValue><ssdm name=""/></StgValue>
</bind>
</comp>

<comp id="38" class="1001" name="const_38">
<pin_list>
<pin id="39" dir="1" index="0" bw="1" slack="2147483647"/>
</pin_list>
<bind>
<StgValue><ssdm name="empty_13"/></StgValue>
</bind>
</comp>

<comp id="40" class="1001" name="const_40">
<pin_list>
<pin id="41" dir="1" index="0" bw="1" slack="2147483647"/>
</pin_list>
<bind>
<StgValue><ssdm name="empty_34"/></StgValue>
</bind>
</comp>

<comp id="42" class="1001" name="const_42">
<pin_list>
<pin id="43" dir="1" index="0" bw="1" slack="2147483647"/>
</pin_list>
<bind>
<StgValue><ssdm name=""/></StgValue>
</bind>
</comp>

<comp id="44" class="1001" name="const_44">
<pin_list>
<pin id="45" dir="1" index="0" bw="1" slack="0"/>
</pin_list>
<bind>
<StgValue><ssdm name="_ssdm_op_PartSelect.i58.i64.i32.i32"/></StgValue>
</bind>
</comp>

<comp id="46" class="1001" name="const_46">
<pin_list>
<pin id="47" dir="1" index="0" bw="1" slack="0"/>
</pin_list>
<bind>
<StgValue><ssdm name=""/></StgValue>
</bind>
</comp>

<comp id="48" class="1001" name="const_48">
<pin_list>
<pin id="49" dir="1" index="0" bw="1" slack="0"/>
</pin_list>
<bind>
<StgValue><ssdm name=""/></StgValue>
</bind>
</comp>

<comp id="50" class="1001" name="const_50">
<pin_list>
<pin id="51" dir="1" index="0" bw="1" slack="0"/>
</pin_list>
<bind>
<StgValue><ssdm name="_ssdm_op_WriteReq.m_axi.p1i512"/></StgValue>
</bind>
</comp>

<comp id="52" class="1001" name="const_52">
<pin_list>
<pin id="53" dir="1" index="0" bw="1" slack="2147483647"/>
</pin_list>
<bind>
<StgValue><ssdm name="_ssdm_op_Wait"/></StgValue>
</bind>
</comp>

<comp id="54" class="1001" name="const_54">
<pin_list>
<pin id="55" dir="1" index="0" bw="1" slack="0"/>
</pin_list>
<bind>
<StgValue><ssdm name="stream2mem<512u, 32u, 2u>_Pipeline_VITIS_LOOP_567_1"/></StgValue>
</bind>
</comp>

<comp id="56" class="1001" name="const_56">
<pin_list>
<pin id="57" dir="1" index="0" bw="1" slack="0"/>
</pin_list>
<bind>
<StgValue><ssdm name="_ssdm_op_WriteResp.m_axi.p1i512"/></StgValue>
</bind>
</comp>

<comp id="58" class="1001" name="const_58">
<pin_list>
<pin id="59" dir="1" index="0" bw="1" slack="0"/>
</pin_list>
<bind>
<StgValue><ssdm name=""/></StgValue>
</bind>
</comp>

<comp id="60" class="1001" name="const_60">
<pin_list>
<pin id="61" dir="1" index="0" bw="1" slack="0"/>
</pin_list>
<bind>
<StgValue><ssdm name="_ssdm_op_BitConcatenate.i38.i32.i6"/></StgValue>
</bind>
</comp>

<comp id="62" class="1001" name="const_62">
<pin_list>
<pin id="63" dir="1" index="0" bw="1" slack="0"/>
</pin_list>
<bind>
<StgValue><ssdm name=""/></StgValue>
</bind>
</comp>

<comp id="64" class="1001" name="const_64">
<pin_list>
<pin id="65" dir="1" index="0" bw="1" slack="0"/>
</pin_list>
<bind>
<StgValue><ssdm name="stream2mem<512u, 32u, 2u>_Pipeline_VITIS_LOOP_580_2"/></StgValue>
</bind>
</comp>

<comp id="66" class="1004" name="mem_out_read_read_fu_66">
<pin_list>
<pin id="67" dir="0" index="0" bw="64" slack="0"/>
<pin id="68" dir="0" index="1" bw="64" slack="0"/>
<pin id="69" dir="1" index="2" bw="64" slack="1"/>
</pin_list>
<bind>
<opcode="read(1150) " fcode="read"/>
<opset="mem_out_read/1 "/>
</bind>
</comp>

<comp id="72" class="1004" name="num_beats_read_read_fu_72">
<pin_list>
<pin id="73" dir="0" index="0" bw="32" slack="0"/>
<pin id="74" dir="0" index="1" bw="32" slack="0"/>
<pin id="75" dir="1" index="2" bw="32" slack="0"/>
</pin_list>
<bind>
<opcode="read(1150) " fcode="read"/>
<opset="num_beats_read/1 "/>
</bind>
</comp>

<comp id="78" class="1004" name="grp_writeresp_fu_78">
<pin_list>
<pin id="79" dir="0" index="0" bw="1" slack="0"/>
<pin id="80" dir="0" index="1" bw="512" slack="0"/>
<pin id="81" dir="0" index="2" bw="32" slack="1"/>
<pin id="82" dir="1" index="3" bw="1" slack="2147483647"/>
</pin_list>
<bind>
<opcode="writereq(1155) writeresp(1158) " fcode="writeresp"/>
<opset="empty/2 empty_55/5 "/>
</bind>
</comp>

<comp id="85" class="1004" name="grp_writeresp_fu_85">
<pin_list>
<pin id="86" dir="0" index="0" bw="1" slack="0"/>
<pin id="87" dir="0" index="1" bw="512" slack="0"/>
<pin id="88" dir="0" index="2" bw="5" slack="0"/>
<pin id="89" dir="1" index="3" bw="1" slack="2147483647"/>
</pin_list>
<bind>
<opcode="writereq(1155) writeresp(1158) " fcode="writeresp"/>
<opset="empty_56/73 empty_58/76 "/>
</bind>
</comp>

<comp id="92" class="1005" name="index_1_reg_92">
<pin_list>
<pin id="93" dir="0" index="0" bw="32" slack="1"/>
<pin id="94" dir="1" index="1" bw="32" slack="1"/>
</pin_list>
<bind>
<opset="index_1 (phireg) "/>
</bind>
</comp>

<comp id="96" class="1004" name="index_1_phi_fu_96">
<pin_list>
<pin id="97" dir="0" index="0" bw="32" slack="71"/>
<pin id="98" dir="0" index="1" bw="0" slack="2147483647"/>
<pin id="99" dir="0" index="2" bw="1" slack="71"/>
<pin id="100" dir="0" index="3" bw="0" slack="2147483647"/>
<pin id="101" dir="1" index="4" bw="32" slack="0"/>
</pin_list>
<bind>
<opcode="phi(47) " fcode="phi"/>
<opset="index_1/72 "/>
</bind>
</comp>

<comp id="104" class="1004" name="grp_stream2mem_512u_32u_2u_Pipeline_VITIS_LOOP_567_1_fu_104">
<pin_list>
<pin id="105" dir="0" index="0" bw="0" slack="0"/>
<pin id="106" dir="0" index="1" bw="512" slack="0"/>
<pin id="107" dir="0" index="2" bw="58" slack="1"/>
<pin id="108" dir="0" index="3" bw="32" slack="2"/>
<pin id="109" dir="0" index="4" bw="512" slack="0"/>
<pin id="110" dir="1" index="5" bw="0" slack="2147483647"/>
</pin_list>
<bind>
<opcode="call(48) " fcode="call"/>
<opset="call_ln567/3 "/>
</bind>
</comp>

<comp id="114" class="1004" name="grp_stream2mem_512u_32u_2u_Pipeline_VITIS_LOOP_580_2_fu_114">
<pin_list>
<pin id="115" dir="0" index="0" bw="0" slack="0"/>
<pin id="116" dir="0" index="1" bw="32" slack="2"/>
<pin id="117" dir="0" index="2" bw="512" slack="0"/>
<pin id="118" dir="0" index="3" bw="58" slack="2"/>
<pin id="119" dir="0" index="4" bw="32" slack="1"/>
<pin id="120" dir="0" index="5" bw="512" slack="0"/>
<pin id="121" dir="1" index="6" bw="0" slack="2147483647"/>
</pin_list>
<bind>
<opcode="call(48) " fcode="call"/>
<opset="call_ln554/74 "/>
</bind>
</comp>

<comp id="126" class="1004" name="non_burst_beats_fu_126">
<pin_list>
<pin id="127" dir="0" index="0" bw="32" slack="0"/>
<pin id="128" dir="1" index="1" bw="5" slack="0"/>
</pin_list>
<bind>
<opcode="trunc(33) " fcode="trunc"/>
<opset="non_burst_beats/1 "/>
</bind>
</comp>

<comp id="130" class="1004" name="zext_ln553_fu_130">
<pin_list>
<pin id="131" dir="0" index="0" bw="5" slack="0"/>
<pin id="132" dir="1" index="1" bw="32" slack="0"/>
</pin_list>
<bind>
<opcode="zext(34) " fcode="zext"/>
<opset="zext_ln553/1 "/>
</bind>
</comp>

<comp id="134" class="1004" name="burst_beats_fu_134">
<pin_list>
<pin id="135" dir="0" index="0" bw="32" slack="0"/>
<pin id="136" dir="0" index="1" bw="5" slack="0"/>
<pin id="137" dir="1" index="2" bw="32" slack="1"/>
</pin_list>
<bind>
<opcode="sub(10) " fcode="sub"/>
<opset="burst_beats/1 "/>
</bind>
</comp>

<comp id="140" class="1004" name="icmp_ln567_fu_140">
<pin_list>
<pin id="141" dir="0" index="0" bw="5" slack="0"/>
<pin id="142" dir="0" index="1" bw="32" slack="0"/>
<pin id="143" dir="1" index="2" bw="1" slack="71"/>
</pin_list>
<bind>
<opcode="icmp(45) " fcode="icmp"/>
<opset="icmp_ln567/1 "/>
</bind>
</comp>

<comp id="146" class="1004" name="trunc_ln_fu_146">
<pin_list>
<pin id="147" dir="0" index="0" bw="58" slack="0"/>
<pin id="148" dir="0" index="1" bw="64" slack="1"/>
<pin id="149" dir="0" index="2" bw="4" slack="0"/>
<pin id="150" dir="0" index="3" bw="7" slack="0"/>
<pin id="151" dir="1" index="4" bw="58" slack="0"/>
</pin_list>
<bind>
<opcode="partselect(1002) " fcode="partselect"/>
<opset="trunc_ln/2 "/>
</bind>
</comp>

<comp id="155" class="1004" name="sext_ln567_fu_155">
<pin_list>
<pin id="156" dir="0" index="0" bw="58" slack="0"/>
<pin id="157" dir="1" index="1" bw="64" slack="0"/>
</pin_list>
<bind>
<opcode="sext(35) " fcode="sext"/>
<opset="sext_ln567/2 "/>
</bind>
</comp>

<comp id="159" class="1004" name="gmem1_addr_fu_159">
<pin_list>
<pin id="160" dir="0" index="0" bw="512" slack="0"/>
<pin id="161" dir="0" index="1" bw="58" slack="0"/>
<pin id="162" dir="1" index="2" bw="512" slack="0"/>
</pin_list>
<bind>
<opcode="getelementptr(29) " fcode="getelementptr"/>
<opset="gmem1_addr/2 "/>
</bind>
</comp>

<comp id="166" class="1004" name="icmp_ln580_fu_166">
<pin_list>
<pin id="167" dir="0" index="0" bw="5" slack="71"/>
<pin id="168" dir="0" index="1" bw="1" slack="0"/>
<pin id="169" dir="1" index="2" bw="1" slack="71"/>
</pin_list>
<bind>
<opcode="icmp(45) " fcode="icmp"/>
<opset="icmp_ln580/72 "/>
</bind>
</comp>

<comp id="171" class="1004" name="trunc_ln580_fu_171">
<pin_list>
<pin id="172" dir="0" index="0" bw="32" slack="0"/>
<pin id="173" dir="1" index="1" bw="5" slack="0"/>
</pin_list>
<bind>
<opcode="trunc(33) " fcode="trunc"/>
<opset="trunc_ln580/72 "/>
</bind>
</comp>

<comp id="175" class="1004" name="add_ln580_1_fu_175">
<pin_list>
<pin id="176" dir="0" index="0" bw="5" slack="0"/>
<pin id="177" dir="0" index="1" bw="5" slack="71"/>
<pin id="178" dir="1" index="2" bw="5" slack="1"/>
</pin_list>
<bind>
<opcode="add(8) " fcode="add"/>
<opset="add_ln580_1/72 "/>
</bind>
</comp>

<comp id="180" class="1004" name="shl_ln_fu_180">
<pin_list>
<pin id="181" dir="0" index="0" bw="38" slack="0"/>
<pin id="182" dir="0" index="1" bw="32" slack="71"/>
<pin id="183" dir="0" index="2" bw="1" slack="0"/>
<pin id="184" dir="1" index="3" bw="38" slack="0"/>
</pin_list>
<bind>
<opcode="bitconcatenate(1004) " fcode="bitconcatenate"/>
<opset="shl_ln/72 "/>
</bind>
</comp>

<comp id="187" class="1004" name="zext_ln580_fu_187">
<pin_list>
<pin id="188" dir="0" index="0" bw="38" slack="0"/>
<pin id="189" dir="1" index="1" bw="64" slack="0"/>
</pin_list>
<bind>
<opcode="zext(34) " fcode="zext"/>
<opset="zext_ln580/72 "/>
</bind>
</comp>

<comp id="191" class="1004" name="add_ln580_2_fu_191">
<pin_list>
<pin id="192" dir="0" index="0" bw="64" slack="71"/>
<pin id="193" dir="0" index="1" bw="38" slack="0"/>
<pin id="194" dir="1" index="2" bw="64" slack="0"/>
</pin_list>
<bind>
<opcode="add(8) " fcode="add"/>
<opset="add_ln580_2/72 "/>
</bind>
</comp>

<comp id="196" class="1004" name="trunc_ln580_1_fu_196">
<pin_list>
<pin id="197" dir="0" index="0" bw="58" slack="0"/>
<pin id="198" dir="0" index="1" bw="64" slack="0"/>
<pin id="199" dir="0" index="2" bw="4" slack="0"/>
<pin id="200" dir="0" index="3" bw="7" slack="0"/>
<pin id="201" dir="1" index="4" bw="58" slack="1"/>
</pin_list>
<bind>
<opcode="partselect(1002) " fcode="partselect"/>
<opset="trunc_ln580_1/72 "/>
</bind>
</comp>

<comp id="206" class="1004" name="add_ln580_fu_206">
<pin_list>
<pin id="207" dir="0" index="0" bw="32" slack="1"/>
<pin id="208" dir="0" index="1" bw="5" slack="72"/>
<pin id="209" dir="1" index="2" bw="32" slack="1"/>
</pin_list>
<bind>
<opcode="add(8) " fcode="add"/>
<opset="add_ln580/73 "/>
</bind>
</comp>

<comp id="211" class="1004" name="sext_ln580_fu_211">
<pin_list>
<pin id="212" dir="0" index="0" bw="58" slack="1"/>
<pin id="213" dir="1" index="1" bw="64" slack="0"/>
</pin_list>
<bind>
<opcode="sext(35) " fcode="sext"/>
<opset="sext_ln580/73 "/>
</bind>
</comp>

<comp id="214" class="1004" name="gmem1_addr_1_fu_214">
<pin_list>
<pin id="215" dir="0" index="0" bw="512" slack="0"/>
<pin id="216" dir="0" index="1" bw="58" slack="0"/>
<pin id="217" dir="1" index="2" bw="512" slack="0"/>
</pin_list>
<bind>
<opcode="getelementptr(29) " fcode="getelementptr"/>
<opset="gmem1_addr_1/73 "/>
</bind>
</comp>

<comp id="221" class="1004" name="zext_ln580_1_fu_221">
<pin_list>
<pin id="222" dir="0" index="0" bw="5" slack="1"/>
<pin id="223" dir="1" index="1" bw="32" slack="0"/>
</pin_list>
<bind>
<opcode="zext(34) " fcode="zext"/>
<opset="zext_ln580_1/73 "/>
</bind>
</comp>

<comp id="225" class="1005" name="mem_out_read_reg_225">
<pin_list>
<pin id="226" dir="0" index="0" bw="64" slack="1"/>
<pin id="227" dir="1" index="1" bw="64" slack="1"/>
</pin_list>
<bind>
<opset="mem_out_read "/>
</bind>
</comp>

<comp id="231" class="1005" name="non_burst_beats_reg_231">
<pin_list>
<pin id="232" dir="0" index="0" bw="5" slack="71"/>
<pin id="233" dir="1" index="1" bw="5" slack="71"/>
</pin_list>
<bind>
<opset="non_burst_beats "/>
</bind>
</comp>

<comp id="237" class="1005" name="zext_ln553_reg_237">
<pin_list>
<pin id="238" dir="0" index="0" bw="32" slack="72"/>
<pin id="239" dir="1" index="1" bw="32" slack="72"/>
</pin_list>
<bind>
<opset="zext_ln553 "/>
</bind>
</comp>

<comp id="242" class="1005" name="burst_beats_reg_242">
<pin_list>
<pin id="243" dir="0" index="0" bw="32" slack="1"/>
<pin id="244" dir="1" index="1" bw="32" slack="1"/>
</pin_list>
<bind>
<opset="burst_beats "/>
</bind>
</comp>

<comp id="250" class="1005" name="icmp_ln567_reg_250">
<pin_list>
<pin id="251" dir="0" index="0" bw="1" slack="71"/>
<pin id="252" dir="1" index="1" bw="1" slack="2147483647"/>
</pin_list>
<bind>
<opset="icmp_ln567 "/>
</bind>
</comp>

<comp id="254" class="1005" name="trunc_ln_reg_254">
<pin_list>
<pin id="255" dir="0" index="0" bw="58" slack="1"/>
<pin id="256" dir="1" index="1" bw="58" slack="1"/>
</pin_list>
<bind>
<opset="trunc_ln "/>
</bind>
</comp>

<comp id="259" class="1005" name="gmem1_addr_reg_259">
<pin_list>
<pin id="260" dir="0" index="0" bw="512" slack="3"/>
<pin id="261" dir="1" index="1" bw="512" slack="3"/>
</pin_list>
<bind>
<opset="gmem1_addr "/>
</bind>
</comp>

<comp id="264" class="1005" name="icmp_ln580_reg_264">
<pin_list>
<pin id="265" dir="0" index="0" bw="1" slack="71"/>
<pin id="266" dir="1" index="1" bw="1" slack="2147483647"/>
</pin_list>
<bind>
<opset="icmp_ln580 "/>
</bind>
</comp>

<comp id="268" class="1005" name="add_ln580_1_reg_268">
<pin_list>
<pin id="269" dir="0" index="0" bw="5" slack="1"/>
<pin id="270" dir="1" index="1" bw="5" slack="1"/>
</pin_list>
<bind>
<opset="add_ln580_1 "/>
</bind>
</comp>

<comp id="273" class="1005" name="trunc_ln580_1_reg_273">
<pin_list>
<pin id="274" dir="0" index="0" bw="58" slack="1"/>
<pin id="275" dir="1" index="1" bw="58" slack="1"/>
</pin_list>
<bind>
<opset="trunc_ln580_1 "/>
</bind>
</comp>

<comp id="279" class="1005" name="add_ln580_reg_279">
<pin_list>
<pin id="280" dir="0" index="0" bw="32" slack="1"/>
<pin id="281" dir="1" index="1" bw="32" slack="1"/>
</pin_list>
<bind>
<opset="add_ln580 "/>
</bind>
</comp>

<comp id="284" class="1005" name="gmem1_addr_1_reg_284">
<pin_list>
<pin id="285" dir="0" index="0" bw="512" slack="3"/>
<pin id="286" dir="1" index="1" bw="512" slack="3"/>
</pin_list>
<bind>
<opset="gmem1_addr_1 "/>
</bind>
</comp>

</comp_list>

<net_list>
<net id="70"><net_src comp="24" pin="0"/><net_sink comp="66" pin=0"/></net>

<net id="71"><net_src comp="2" pin="0"/><net_sink comp="66" pin=1"/></net>

<net id="76"><net_src comp="26" pin="0"/><net_sink comp="72" pin=0"/></net>

<net id="77"><net_src comp="4" pin="0"/><net_sink comp="72" pin=1"/></net>

<net id="83"><net_src comp="50" pin="0"/><net_sink comp="78" pin=0"/></net>

<net id="84"><net_src comp="56" pin="0"/><net_sink comp="78" pin=0"/></net>

<net id="90"><net_src comp="50" pin="0"/><net_sink comp="85" pin=0"/></net>

<net id="91"><net_src comp="56" pin="0"/><net_sink comp="85" pin=0"/></net>

<net id="95"><net_src comp="12" pin="0"/><net_sink comp="92" pin=0"/></net>

<net id="102"><net_src comp="92" pin="1"/><net_sink comp="96" pin=2"/></net>

<net id="103"><net_src comp="96" pin="4"/><net_sink comp="92" pin=0"/></net>

<net id="111"><net_src comp="54" pin="0"/><net_sink comp="104" pin=0"/></net>

<net id="112"><net_src comp="0" pin="0"/><net_sink comp="104" pin=1"/></net>

<net id="113"><net_src comp="6" pin="0"/><net_sink comp="104" pin=4"/></net>

<net id="122"><net_src comp="64" pin="0"/><net_sink comp="114" pin=0"/></net>

<net id="123"><net_src comp="92" pin="1"/><net_sink comp="114" pin=1"/></net>

<net id="124"><net_src comp="0" pin="0"/><net_sink comp="114" pin=2"/></net>

<net id="125"><net_src comp="6" pin="0"/><net_sink comp="114" pin=5"/></net>

<net id="129"><net_src comp="72" pin="2"/><net_sink comp="126" pin=0"/></net>

<net id="133"><net_src comp="126" pin="1"/><net_sink comp="130" pin=0"/></net>

<net id="138"><net_src comp="72" pin="2"/><net_sink comp="134" pin=0"/></net>

<net id="139"><net_src comp="130" pin="1"/><net_sink comp="134" pin=1"/></net>

<net id="144"><net_src comp="130" pin="1"/><net_sink comp="140" pin=0"/></net>

<net id="145"><net_src comp="72" pin="2"/><net_sink comp="140" pin=1"/></net>

<net id="152"><net_src comp="44" pin="0"/><net_sink comp="146" pin=0"/></net>

<net id="153"><net_src comp="46" pin="0"/><net_sink comp="146" pin=2"/></net>

<net id="154"><net_src comp="48" pin="0"/><net_sink comp="146" pin=3"/></net>

<net id="158"><net_src comp="146" pin="4"/><net_sink comp="155" pin=0"/></net>

<net id="163"><net_src comp="0" pin="0"/><net_sink comp="159" pin=0"/></net>

<net id="164"><net_src comp="155" pin="1"/><net_sink comp="159" pin=1"/></net>

<net id="165"><net_src comp="159" pin="2"/><net_sink comp="78" pin=1"/></net>

<net id="170"><net_src comp="58" pin="0"/><net_sink comp="166" pin=1"/></net>

<net id="174"><net_src comp="96" pin="4"/><net_sink comp="171" pin=0"/></net>

<net id="179"><net_src comp="171" pin="1"/><net_sink comp="175" pin=0"/></net>

<net id="185"><net_src comp="60" pin="0"/><net_sink comp="180" pin=0"/></net>

<net id="186"><net_src comp="62" pin="0"/><net_sink comp="180" pin=2"/></net>

<net id="190"><net_src comp="180" pin="3"/><net_sink comp="187" pin=0"/></net>

<net id="195"><net_src comp="187" pin="1"/><net_sink comp="191" pin=1"/></net>

<net id="202"><net_src comp="44" pin="0"/><net_sink comp="196" pin=0"/></net>

<net id="203"><net_src comp="191" pin="2"/><net_sink comp="196" pin=1"/></net>

<net id="204"><net_src comp="46" pin="0"/><net_sink comp="196" pin=2"/></net>

<net id="205"><net_src comp="48" pin="0"/><net_sink comp="196" pin=3"/></net>

<net id="210"><net_src comp="92" pin="1"/><net_sink comp="206" pin=0"/></net>

<net id="218"><net_src comp="0" pin="0"/><net_sink comp="214" pin=0"/></net>

<net id="219"><net_src comp="211" pin="1"/><net_sink comp="214" pin=1"/></net>

<net id="220"><net_src comp="214" pin="2"/><net_sink comp="85" pin=1"/></net>

<net id="224"><net_src comp="221" pin="1"/><net_sink comp="85" pin=2"/></net>

<net id="228"><net_src comp="66" pin="2"/><net_sink comp="225" pin=0"/></net>

<net id="229"><net_src comp="225" pin="1"/><net_sink comp="146" pin=1"/></net>

<net id="230"><net_src comp="225" pin="1"/><net_sink comp="191" pin=0"/></net>

<net id="234"><net_src comp="126" pin="1"/><net_sink comp="231" pin=0"/></net>

<net id="235"><net_src comp="231" pin="1"/><net_sink comp="166" pin=0"/></net>

<net id="236"><net_src comp="231" pin="1"/><net_sink comp="175" pin=1"/></net>

<net id="240"><net_src comp="130" pin="1"/><net_sink comp="237" pin=0"/></net>

<net id="241"><net_src comp="237" pin="1"/><net_sink comp="206" pin=1"/></net>

<net id="245"><net_src comp="134" pin="2"/><net_sink comp="242" pin=0"/></net>

<net id="246"><net_src comp="242" pin="1"/><net_sink comp="78" pin=2"/></net>

<net id="247"><net_src comp="242" pin="1"/><net_sink comp="104" pin=3"/></net>

<net id="248"><net_src comp="242" pin="1"/><net_sink comp="96" pin=0"/></net>

<net id="249"><net_src comp="242" pin="1"/><net_sink comp="180" pin=1"/></net>

<net id="253"><net_src comp="140" pin="2"/><net_sink comp="250" pin=0"/></net>

<net id="257"><net_src comp="146" pin="4"/><net_sink comp="254" pin=0"/></net>

<net id="258"><net_src comp="254" pin="1"/><net_sink comp="104" pin=2"/></net>

<net id="262"><net_src comp="159" pin="2"/><net_sink comp="259" pin=0"/></net>

<net id="263"><net_src comp="259" pin="1"/><net_sink comp="78" pin=1"/></net>

<net id="267"><net_src comp="166" pin="2"/><net_sink comp="264" pin=0"/></net>

<net id="271"><net_src comp="175" pin="2"/><net_sink comp="268" pin=0"/></net>

<net id="272"><net_src comp="268" pin="1"/><net_sink comp="221" pin=0"/></net>

<net id="276"><net_src comp="196" pin="4"/><net_sink comp="273" pin=0"/></net>

<net id="277"><net_src comp="273" pin="1"/><net_sink comp="211" pin=0"/></net>

<net id="278"><net_src comp="273" pin="1"/><net_sink comp="114" pin=3"/></net>

<net id="282"><net_src comp="206" pin="2"/><net_sink comp="279" pin=0"/></net>

<net id="283"><net_src comp="279" pin="1"/><net_sink comp="114" pin=4"/></net>

<net id="287"><net_src comp="214" pin="2"/><net_sink comp="284" pin=0"/></net>

<net id="288"><net_src comp="284" pin="1"/><net_sink comp="85" pin=1"/></net>

</net_list>

</model> 
---------------- Datapath Model END ------------------

* FSMD analyzer results:
  - Output states:
	Port: gmem1 | {2 3 4 5 6 7 8 9 10 11 12 13 14 15 16 17 18 19 20 21 22 23 24 25 26 27 28 29 30 31 32 33 34 35 36 37 38 39 40 41 42 43 44 45 46 47 48 49 50 51 52 53 54 55 56 57 58 59 60 61 62 63 64 65 66 67 68 69 70 71 72 73 74 75 76 77 78 79 80 81 82 83 84 85 86 87 88 89 90 91 92 93 94 95 96 97 98 99 100 101 102 103 104 105 106 107 108 109 110 111 112 113 114 115 116 117 118 119 120 121 122 123 124 125 126 127 128 129 130 131 132 133 134 135 136 137 138 139 140 141 142 143 }
 - Input state : 
	Port: stream2mem<512u, 32u, 2u> : mem_out | {1 }
	Port: stream2mem<512u, 32u, 2u> : num_beats | {1 }
	Port: stream2mem<512u, 32u, 2u> : arg1_write_mem_strm | {3 4 74 75 }
  - Chain level:
	State 1
		zext_ln553 : 1
		burst_beats : 2
		icmp_ln567 : 2
		br_ln567 : 3
	State 2
		sext_ln567 : 1
		gmem1_addr : 2
		empty : 3
	State 3
	State 4
	State 5
	State 6
	State 7
	State 8
	State 9
	State 10
	State 11
	State 12
	State 13
	State 14
	State 15
	State 16
	State 17
	State 18
	State 19
	State 20
	State 21
	State 22
	State 23
	State 24
	State 25
	State 26
	State 27
	State 28
	State 29
	State 30
	State 31
	State 32
	State 33
	State 34
	State 35
	State 36
	State 37
	State 38
	State 39
	State 40
	State 41
	State 42
	State 43
	State 44
	State 45
	State 46
	State 47
	State 48
	State 49
	State 50
	State 51
	State 52
	State 53
	State 54
	State 55
	State 56
	State 57
	State 58
	State 59
	State 60
	State 61
	State 62
	State 63
	State 64
	State 65
	State 66
	State 67
	State 68
	State 69
	State 70
	State 71
	State 72
		index_1 : 1
		br_ln580 : 1
		trunc_ln580 : 2
		add_ln580_1 : 3
		zext_ln580 : 1
		add_ln580_2 : 2
		trunc_ln580_1 : 3
	State 73
		gmem1_addr_1 : 1
		empty_56 : 2
	State 74
	State 75
	State 76
	State 77
	State 78
	State 79
	State 80
	State 81
	State 82
	State 83
	State 84
	State 85
	State 86
	State 87
	State 88
	State 89
	State 90
	State 91
	State 92
	State 93
	State 94
	State 95
	State 96
	State 97
	State 98
	State 99
	State 100
	State 101
	State 102
	State 103
	State 104
	State 105
	State 106
	State 107
	State 108
	State 109
	State 110
	State 111
	State 112
	State 113
	State 114
	State 115
	State 116
	State 117
	State 118
	State 119
	State 120
	State 121
	State 122
	State 123
	State 124
	State 125
	State 126
	State 127
	State 128
	State 129
	State 130
	State 131
	State 132
	State 133
	State 134
	State 135
	State 136
	State 137
	State 138
	State 139
	State 140
	State 141
	State 142
	State 143


============================================================
+ Verbose Summary: Datapath Resource usage 
============================================================

* Functional unit list:
|----------|-------------------------------------------------------------|---------|---------|
| Operation|                       Functional Unit                       |    FF   |   LUT   |
|----------|-------------------------------------------------------------|---------|---------|
|   call   | grp_stream2mem_512u_32u_2u_Pipeline_VITIS_LOOP_567_1_fu_104 |   1121  |    48   |
|          | grp_stream2mem_512u_32u_2u_Pipeline_VITIS_LOOP_580_2_fu_114 |   1121  |    48   |
|----------|-------------------------------------------------------------|---------|---------|
|          |                      add_ln580_1_fu_175                     |    0    |    5    |
|    add   |                      add_ln580_2_fu_191                     |    0    |    64   |
|          |                       add_ln580_fu_206                      |    0    |    32   |
|----------|-------------------------------------------------------------|---------|---------|
|    sub   |                      burst_beats_fu_134                     |    0    |    32   |
|----------|-------------------------------------------------------------|---------|---------|
|   icmp   |                      icmp_ln567_fu_140                      |    0    |    16   |
|          |                      icmp_ln580_fu_166                      |    0    |    2    |
|----------|-------------------------------------------------------------|---------|---------|
|   read   |                   mem_out_read_read_fu_66                   |    0    |    0    |
|          |                  num_beats_read_read_fu_72                  |    0    |    0    |
|----------|-------------------------------------------------------------|---------|---------|
| writeresp|                     grp_writeresp_fu_78                     |    0    |    0    |
|          |                     grp_writeresp_fu_85                     |    0    |    0    |
|----------|-------------------------------------------------------------|---------|---------|
|   trunc  |                    non_burst_beats_fu_126                   |    0    |    0    |
|          |                      trunc_ln580_fu_171                     |    0    |    0    |
|----------|-------------------------------------------------------------|---------|---------|
|          |                      zext_ln553_fu_130                      |    0    |    0    |
|   zext   |                      zext_ln580_fu_187                      |    0    |    0    |
|          |                     zext_ln580_1_fu_221                     |    0    |    0    |
|----------|-------------------------------------------------------------|---------|---------|
|partselect|                       trunc_ln_fu_146                       |    0    |    0    |
|          |                     trunc_ln580_1_fu_196                    |    0    |    0    |
|----------|-------------------------------------------------------------|---------|---------|
|   sext   |                      sext_ln567_fu_155                      |    0    |    0    |
|          |                      sext_ln580_fu_211                      |    0    |    0    |
|----------|-------------------------------------------------------------|---------|---------|
|bitconcatenate|                        shl_ln_fu_180                        |    0    |    0    |
|----------|-------------------------------------------------------------|---------|---------|
|   Total  |                                                             |   2242  |   247   |
|----------|-------------------------------------------------------------|---------|---------|

Memories:
N/A

* Register list:
+-----------------------+--------+
|                       |   FF   |
+-----------------------+--------+
|  add_ln580_1_reg_268  |    5   |
|   add_ln580_reg_279   |   32   |
|  burst_beats_reg_242  |   32   |
|  gmem1_addr_1_reg_284 |   512  |
|   gmem1_addr_reg_259  |   512  |
|   icmp_ln567_reg_250  |    1   |
|   icmp_ln580_reg_264  |    1   |
|     index_1_reg_92    |   32   |
|  mem_out_read_reg_225 |   64   |
|non_burst_beats_reg_231|    5   |
| trunc_ln580_1_reg_273 |   58   |
|    trunc_ln_reg_254   |   58   |
|   zext_ln553_reg_237  |   32   |
+-----------------------+--------+
|         Total         |  1344  |
+-----------------------+--------+

* Multiplexer (MUX) list: 
|---------------------|------|------|------|--------||---------||---------|
|         Comp        |  Pin | Size |  BW  | S x BW ||  Delay  ||   LUT   |
|---------------------|------|------|------|--------||---------||---------|
| grp_writeresp_fu_78 |  p0  |   2  |   1  |    2   |
| grp_writeresp_fu_78 |  p1  |   2  |  512 |  1024  ||   121   |
| grp_writeresp_fu_85 |  p0  |   2  |   1  |    2   |
| grp_writeresp_fu_85 |  p1  |   2  |  512 |  1024  ||   121   |
|    index_1_reg_92   |  p0  |   2  |  32  |   64   ||    32   |
|---------------------|------|------|------|--------||---------||---------|
|        Total        |      |      |      |  2116  ||  2.198  ||   274   |
|---------------------|------|------|------|--------||---------||---------|



* Summary:
+-----------+--------+--------+--------+
|           |  Delay |   FF   |   LUT  |
+-----------+--------+--------+--------+
|  Function |    -   |  2242  |   247  |
|   Memory  |    -   |    -   |    -   |
|Multiplexer|    2   |    -   |   274  |
|  Register |    -   |  1344  |    -   |
+-----------+--------+--------+--------+
|   Total   |    2   |  3586  |   521  |
+-----------+--------+--------+--------+
