
*** Running vivado
    with args -log ulp_inst_0_axi_ic_user_0.vds -m64 -product Vivado -mode batch -messageDb vivado.pb -notrace -source ulp_inst_0_axi_ic_user_0.tcl


****** Vivado v2022.1 (64-bit)
  **** SW Build 3526262 on Mon Apr 18 15:47:01 MDT 2022
  **** IP Build 3524634 on Mon Apr 18 20:55:01 MDT 2022
    ** Copyright 1986-2022 Xilinx, Inc. All Rights Reserved.

source ulp_inst_0_axi_ic_user_0.tcl -notrace
INFO: Dispatch client connection id - 42837
create_project: Time (s): cpu = 00:00:05 ; elapsed = 00:00:05 . Memory (MB): peak = 2905.164 ; gain = 0.027 ; free physical = 146572 ; free virtual = 481043
INFO: [IP_Flow 19-234] Refreshing IP repositories
INFO: [IP_Flow 19-1700] Loaded user IP repository '/home/x_thileeb/repos/ops-hls-pact25-artifact/codegen_apps/jacobian3d/vck5000_project/hls/build/hw/temp_dir/link/link/int/xo/ip_repo/xilinx_com_hls_kernel_outerloop_0_1_0'.
INFO: [IP_Flow 19-1700] Loaded user IP repository '/home/x_thileeb/repos/ops-hls-pact25-artifact/codegen_apps/jacobian3d/vck5000_project/hls/build/hw/temp_dir/link/link/int/xo/ip_repo/xilinx_com_hls_datamover_outerloop_0_1_0'.
INFO: [IP_Flow 19-1700] Loaded user IP repository '/home/x_thileeb/repos/ops-hls-pact25-artifact/codegen_apps/jacobian3d/vck5000_project/hls/build/hw/temp_dir/link/link/vivado/vpl/.local/hw_platform/iprepo'.
INFO: [IP_Flow 19-1700] Loaded user IP repository '/home/x_thileeb/repos/ops-hls-pact25-artifact/codegen_apps/jacobian3d/vck5000_project/hls/build/hw/temp_dir/link/link/vivado/vpl/.local/hw_platform/ipcache'.
INFO: [IP_Flow 19-1700] Loaded user IP repository '/tools/Xilinx/Vitis/2022.1/data/ip'.
INFO: [IP_Flow 19-2313] Loaded Vivado IP repository '/tools/Xilinx/Vivado/2022.1/data/ip'.
WARNING: [IP_Flow 19-1663] Duplicate IP found for 'xilinx.com:ip:axi_fifo_register:3.0'. The one found in IP location '/home/x_thileeb/repos/ops-hls-pact25-artifact/codegen_apps/jacobian3d/vck5000_project/hls/build/hw/temp_dir/link/link/vivado/vpl/.local/hw_platform/iprepo/xilinx/axi_fifo_register_v3_0' will take precedence over the same IP in location /tools/Xilinx/Vitis/2022.1/data/ip/xilinx/axi_fifo_register_v3_0
WARNING: [IP_Flow 19-1663] Duplicate IP found for 'xilinx.com:ip:Event_Pulse:1.0'. The one found in IP location '/home/x_thileeb/repos/ops-hls-pact25-artifact/codegen_apps/jacobian3d/vck5000_project/hls/build/hw/temp_dir/link/link/vivado/vpl/.local/hw_platform/iprepo/xilinx/event_pulse_v1_0' will take precedence over the same IP in location /tools/Xilinx/Vitis/2022.1/data/ip/xilinx/event_pulse_v1_0
WARNING: [IP_Flow 19-1663] Duplicate IP found for 'xilinx.com:ip:axis_ic2sgdma:1.0'. The one found in IP location '/home/x_thileeb/repos/ops-hls-pact25-artifact/codegen_apps/jacobian3d/vck5000_project/hls/build/hw/temp_dir/link/link/vivado/vpl/.local/hw_platform/iprepo/xilinx/axis_ic2sgdma_v1_0' will take precedence over the same IP in location /tools/Xilinx/Vitis/2022.1/data/ip/xilinx/axis_ic2sgdma_v1_0
WARNING: [IP_Flow 19-1663] Duplicate IP found for 'xilinx.com:ip:maxis_tieoff_v1_0:1.0'. The one found in IP location '/home/x_thileeb/repos/ops-hls-pact25-artifact/codegen_apps/jacobian3d/vck5000_project/hls/build/hw/temp_dir/link/link/vivado/vpl/.local/hw_platform/iprepo/xilinx/maxis_tieoff_v1_0' will take precedence over the same IP in location /tools/Xilinx/Vitis/2022.1/data/ip/xilinx/maxis_tieoff_v1_0
WARNING: [IP_Flow 19-1663] Duplicate IP found for 'xilinx.com:ip:xrt_queue:1.1'. The one found in IP location '/home/x_thileeb/repos/ops-hls-pact25-artifact/codegen_apps/jacobian3d/vck5000_project/hls/build/hw/temp_dir/link/link/vivado/vpl/.local/hw_platform/iprepo/xilinx/xrt_queue_v1_1' will take precedence over the same IP in location /tools/Xilinx/Vitis/2022.1/data/ip/xilinx/xrt_queue_v1_1
WARNING: [IP_Flow 19-1663] Duplicate IP found for 'xilinx.com:ip:sds_lib:1.0'. The one found in IP location '/home/x_thileeb/repos/ops-hls-pact25-artifact/codegen_apps/jacobian3d/vck5000_project/hls/build/hw/temp_dir/link/link/vivado/vpl/.local/hw_platform/iprepo/xilinx/sds_lib' will take precedence over the same IP in location /tools/Xilinx/Vitis/2022.1/data/ip/xilinx/sds_lib
WARNING: [IP_Flow 19-1663] Duplicate IP found for 'xilinx.com:ip:stream_gate:1.0'. The one found in IP location '/home/x_thileeb/repos/ops-hls-pact25-artifact/codegen_apps/jacobian3d/vck5000_project/hls/build/hw/temp_dir/link/link/vivado/vpl/.local/hw_platform/iprepo/xilinx/stream_gate_v1_0' will take precedence over the same IP in location /tools/Xilinx/Vitis/2022.1/data/ip/xilinx/stream_gate_v1_0
WARNING: [IP_Flow 19-1663] Duplicate IP found for 'xilinx.com:ip:aximm_tieoff_v1_0:1.0'. The one found in IP location '/home/x_thileeb/repos/ops-hls-pact25-artifact/codegen_apps/jacobian3d/vck5000_project/hls/build/hw/temp_dir/link/link/vivado/vpl/.local/hw_platform/iprepo/xilinx/aximm_tieoff_v1_0' will take precedence over the same IP in location /tools/Xilinx/Vitis/2022.1/data/ip/xilinx/aximm_tieoff_v1_0
WARNING: [IP_Flow 19-1663] Duplicate IP found for 'xilinx.com:sds:sds_mem_sink:1.0'. The one found in IP location '/home/x_thileeb/repos/ops-hls-pact25-artifact/codegen_apps/jacobian3d/vck5000_project/hls/build/hw/temp_dir/link/link/vivado/vpl/.local/hw_platform/iprepo/xilinx/sds_mem_sink' will take precedence over the same IP in location /tools/Xilinx/Vitis/2022.1/data/ip/xilinx/sds_mem_sink
WARNING: [IP_Flow 19-1663] Duplicate IP found for 'xilinx.com:ip:ovld_reg:1.0'. The one found in IP location '/home/x_thileeb/repos/ops-hls-pact25-artifact/codegen_apps/jacobian3d/vck5000_project/hls/build/hw/temp_dir/link/link/vivado/vpl/.local/hw_platform/iprepo/xilinx/ovld_reg_v1_0' will take precedence over the same IP in location /tools/Xilinx/Vitis/2022.1/data/ip/xilinx/ovld_reg_v1_0
WARNING: [IP_Flow 19-1663] Duplicate IP found for 'xilinx.com:ip:saxis_tieoff_v1_0:1.0'. The one found in IP location '/home/x_thileeb/repos/ops-hls-pact25-artifact/codegen_apps/jacobian3d/vck5000_project/hls/build/hw/temp_dir/link/link/vivado/vpl/.local/hw_platform/iprepo/xilinx/saxis_tieoff_v1_0' will take precedence over the same IP in location /tools/Xilinx/Vitis/2022.1/data/ip/xilinx/saxis_tieoff_v1_0
WARNING: [IP_Flow 19-1663] Duplicate IP found for 'xilinx.com:ip:sgdma2axis_ic:1.0'. The one found in IP location '/home/x_thileeb/repos/ops-hls-pact25-artifact/codegen_apps/jacobian3d/vck5000_project/hls/build/hw/temp_dir/link/link/vivado/vpl/.local/hw_platform/iprepo/xilinx/sgdma2axis_ic_v1_0' will take precedence over the same IP in location /tools/Xilinx/Vitis/2022.1/data/ip/xilinx/sgdma2axis_ic_v1_0
WARNING: [IP_Flow 19-1663] Duplicate IP found for 'xilinx.com:sds:sds_mem_source:1.0'. The one found in IP location '/home/x_thileeb/repos/ops-hls-pact25-artifact/codegen_apps/jacobian3d/vck5000_project/hls/build/hw/temp_dir/link/link/vivado/vpl/.local/hw_platform/iprepo/xilinx/sds_mem_source' will take precedence over the same IP in location /tools/Xilinx/Vitis/2022.1/data/ip/xilinx/sds_mem_source
WARNING: [IP_Flow 19-1663] Duplicate IP found for 'xilinx.com:ip:xrt_queue:1.0'. The one found in IP location '/home/x_thileeb/repos/ops-hls-pact25-artifact/codegen_apps/jacobian3d/vck5000_project/hls/build/hw/temp_dir/link/link/vivado/vpl/.local/hw_platform/iprepo/xilinx/xrt_queue_v1_0' will take precedence over the same IP in location /tools/Xilinx/Vitis/2022.1/data/ip/xilinx/xrt_queue_v1_0
WARNING: [IP_Flow 19-1663] Duplicate IP found for 'xilinx.com:ip:adapter_v3_0:1.0'. The one found in IP location '/home/x_thileeb/repos/ops-hls-pact25-artifact/codegen_apps/jacobian3d/vck5000_project/hls/build/hw/temp_dir/link/link/vivado/vpl/.local/hw_platform/iprepo/xilinx/adapter_v3_0' will take precedence over the same IP in location /tools/Xilinx/Vitis/2022.1/data/ip/xilinx/adapter_v3_0
WARNING: [IP_Flow 19-1663] Duplicate IP found for 'xilinx.com:hls:Data_Mover_XIP:1.0'. The one found in IP location '/home/x_thileeb/repos/ops-hls-pact25-artifact/codegen_apps/jacobian3d/vck5000_project/hls/build/hw/temp_dir/link/link/vivado/vpl/.local/hw_platform/iprepo/xilinx/data_mover' will take precedence over the same IP in location /tools/Xilinx/Vitis/2022.1/data/ip/xilinx/data_mover
WARNING: [IP_Flow 19-1663] Duplicate IP found for 'xilinx.com:hls:aie_trace_s2mm:1.0'. The one found in IP location '/home/x_thileeb/repos/ops-hls-pact25-artifact/codegen_apps/jacobian3d/vck5000_project/hls/build/hw/temp_dir/link/link/vivado/vpl/.local/hw_platform/iprepo/xilinx/aie_trace_s2mm_v1_0' will take precedence over the same IP in location /tools/Xilinx/Vitis/2022.1/data/ip/xilinx/aie_trace_s2mm_v1_0
Command: synth_design -top ulp_inst_0_axi_ic_user_0 -part xcvc1902-vsvd1760-2MP-e-S -incremental_mode off -mode out_of_context
Starting synth_design
Attempting to get a license for feature 'Synthesis' and/or device 'xcvc1902'
INFO: [Common 17-349] Got license for feature 'Synthesis' and/or device 'xcvc1902'
INFO: [Device 21-403] Loading part xcvc1902-vsvd1760-2MP-e-S
INFO: [Synth 8-7079] Multithreading enabled for synth_design using a maximum of 1 processes.
INFO: [Synth 8-7078] Launching helper process for spawning children vivado processes
INFO: [Synth 8-7075] Helper process launched with PID 1959753
WARNING: [Synth 8-9501] generate block is allowed only inside loop and conditional generate in SystemVerilog mode [/tools/Xilinx/Vivado/2022.1/data/ip/xpm/xpm_fifo/hdl/xpm_fifo.sv:4023]
WARNING: [Synth 8-9501] generate block is allowed only inside loop and conditional generate in SystemVerilog mode [/home/x_thileeb/repos/ops-hls-pact25-artifact/codegen_apps/jacobian3d/vck5000_project/hls/build/hw/temp_dir/link/link/vivado/vpl/prj/prj.gen/my_rm/bd/ulp_inst_0/ipshared/f0b6/hdl/sc_util_v1_0_vl_rfs.sv:2831]
WARNING: [Synth 8-9501] generate block is allowed only inside loop and conditional generate in SystemVerilog mode [/home/x_thileeb/repos/ops-hls-pact25-artifact/codegen_apps/jacobian3d/vck5000_project/hls/build/hw/temp_dir/link/link/vivado/vpl/prj/prj.gen/my_rm/bd/ulp_inst_0/ipshared/f0b6/hdl/sc_util_v1_0_vl_rfs.sv:2899]
---------------------------------------------------------------------------------
Starting RTL Elaboration : Time (s): cpu = 00:00:06 ; elapsed = 00:00:06 . Memory (MB): peak = 3234.016 ; gain = 328.754 ; free physical = 134285 ; free virtual = 468784
---------------------------------------------------------------------------------
INFO: [Synth 8-6157] synthesizing module 'ulp_inst_0_axi_ic_user_0' [/home/x_thileeb/repos/ops-hls-pact25-artifact/codegen_apps/jacobian3d/vck5000_project/hls/build/hw/temp_dir/link/link/vivado/vpl/prj/prj.gen/my_rm/bd/ulp_inst_0/ip/ulp_inst_0_axi_ic_user_0/synth/ulp_inst_0_axi_ic_user_0.v:53]
INFO: [Synth 8-6157] synthesizing module 'bd_d23e' [/home/x_thileeb/repos/ops-hls-pact25-artifact/codegen_apps/jacobian3d/vck5000_project/hls/build/hw/temp_dir/link/link/vivado/vpl/prj/prj.gen/my_rm/bd/ulp_inst_0/ip/ulp_inst_0_axi_ic_user_0/bd_0/synth/bd_d23e.v:9]
INFO: [Synth 8-6157] synthesizing module 'clk_map_imp_VJFAYF' [/home/x_thileeb/repos/ops-hls-pact25-artifact/codegen_apps/jacobian3d/vck5000_project/hls/build/hw/temp_dir/link/link/vivado/vpl/prj/prj.gen/my_rm/bd/ulp_inst_0/ip/ulp_inst_0_axi_ic_user_0/bd_0/synth/bd_d23e.v:1644]
INFO: [Synth 8-6157] synthesizing module 'bd_d23e_one_0' [/home/x_thileeb/repos/ops-hls-pact25-artifact/codegen_apps/jacobian3d/vck5000_project/hls/build/hw/temp_dir/link/link/vivado/vpl/prj/prj.gen/my_rm/bd/ulp_inst_0/ip/ulp_inst_0_axi_ic_user_0/bd_0/ip/ip_0/synth/bd_d23e_one_0.v:53]
INFO: [Synth 8-6157] synthesizing module 'xlconstant_v1_1_7_xlconstant' [/home/x_thileeb/repos/ops-hls-pact25-artifact/codegen_apps/jacobian3d/vck5000_project/hls/build/hw/temp_dir/link/link/vivado/vpl/prj/prj.gen/my_rm/bd/ulp_inst_0/ipshared/fcfc/hdl/xlconstant_v1_1_vl_rfs.v:23]
INFO: [Synth 8-6155] done synthesizing module 'xlconstant_v1_1_7_xlconstant' (0#1) [/home/x_thileeb/repos/ops-hls-pact25-artifact/codegen_apps/jacobian3d/vck5000_project/hls/build/hw/temp_dir/link/link/vivado/vpl/prj/prj.gen/my_rm/bd/ulp_inst_0/ipshared/fcfc/hdl/xlconstant_v1_1_vl_rfs.v:23]
INFO: [Synth 8-6155] done synthesizing module 'bd_d23e_one_0' (0#1) [/home/x_thileeb/repos/ops-hls-pact25-artifact/codegen_apps/jacobian3d/vck5000_project/hls/build/hw/temp_dir/link/link/vivado/vpl/prj/prj.gen/my_rm/bd/ulp_inst_0/ip/ulp_inst_0_axi_ic_user_0/bd_0/ip/ip_0/synth/bd_d23e_one_0.v:53]
INFO: [Synth 8-638] synthesizing module 'bd_d23e_psr0_0' [/home/x_thileeb/repos/ops-hls-pact25-artifact/codegen_apps/jacobian3d/vck5000_project/hls/build/hw/temp_dir/link/link/vivado/vpl/prj/prj.gen/my_rm/bd/ulp_inst_0/ip/ulp_inst_0_axi_ic_user_0/bd_0/ip/ip_1/synth/bd_d23e_psr0_0.vhd:74]
	Parameter C_FAMILY bound to: versal - type: string 
	Parameter C_EXT_RST_WIDTH bound to: 4 - type: integer 
	Parameter C_AUX_RST_WIDTH bound to: 1 - type: integer 
	Parameter C_EXT_RESET_HIGH bound to: 1'b0 
	Parameter C_AUX_RESET_HIGH bound to: 1'b0 
	Parameter C_NUM_BUS_RST bound to: 1 - type: integer 
	Parameter C_NUM_PERP_RST bound to: 1 - type: integer 
	Parameter C_NUM_INTERCONNECT_ARESETN bound to: 1 - type: integer 
	Parameter C_NUM_PERP_ARESETN bound to: 1 - type: integer 
INFO: [Synth 8-3491] module 'proc_sys_reset' declared at '/home/x_thileeb/repos/ops-hls-pact25-artifact/codegen_apps/jacobian3d/vck5000_project/hls/build/hw/temp_dir/link/link/vivado/vpl/prj/prj.gen/my_rm/bd/ulp_inst_0/ipshared/8842/hdl/proc_sys_reset_v5_0_vh_rfs.vhd:1264' bound to instance 'U0' of component 'proc_sys_reset' [/home/x_thileeb/repos/ops-hls-pact25-artifact/codegen_apps/jacobian3d/vck5000_project/hls/build/hw/temp_dir/link/link/vivado/vpl/prj/prj.gen/my_rm/bd/ulp_inst_0/ip/ulp_inst_0_axi_ic_user_0/bd_0/ip/ip_1/synth/bd_d23e_psr0_0.vhd:129]
INFO: [Synth 8-638] synthesizing module 'proc_sys_reset' [/home/x_thileeb/repos/ops-hls-pact25-artifact/codegen_apps/jacobian3d/vck5000_project/hls/build/hw/temp_dir/link/link/vivado/vpl/prj/prj.gen/my_rm/bd/ulp_inst_0/ipshared/8842/hdl/proc_sys_reset_v5_0_vh_rfs.vhd:1323]
	Parameter INIT bound to: 1'b1 
INFO: [Synth 8-113] binding component instance 'FDRE_inst' to cell 'FDRE' [/home/x_thileeb/repos/ops-hls-pact25-artifact/codegen_apps/jacobian3d/vck5000_project/hls/build/hw/temp_dir/link/link/vivado/vpl/prj/prj.gen/my_rm/bd/ulp_inst_0/ipshared/8842/hdl/proc_sys_reset_v5_0_vh_rfs.vhd:1392]
	Parameter INIT bound to: 1'b1 
INFO: [Synth 8-113] binding component instance 'FDRE_BSR' to cell 'FDRE' [/home/x_thileeb/repos/ops-hls-pact25-artifact/codegen_apps/jacobian3d/vck5000_project/hls/build/hw/temp_dir/link/link/vivado/vpl/prj/prj.gen/my_rm/bd/ulp_inst_0/ipshared/8842/hdl/proc_sys_reset_v5_0_vh_rfs.vhd:1408]
	Parameter INIT bound to: 1'b0 
INFO: [Synth 8-113] binding component instance 'FDRE_BSR_N' to cell 'FDRE' [/home/x_thileeb/repos/ops-hls-pact25-artifact/codegen_apps/jacobian3d/vck5000_project/hls/build/hw/temp_dir/link/link/vivado/vpl/prj/prj.gen/my_rm/bd/ulp_inst_0/ipshared/8842/hdl/proc_sys_reset_v5_0_vh_rfs.vhd:1434]
	Parameter INIT bound to: 1'b1 
INFO: [Synth 8-113] binding component instance 'FDRE_PER' to cell 'FDRE' [/home/x_thileeb/repos/ops-hls-pact25-artifact/codegen_apps/jacobian3d/vck5000_project/hls/build/hw/temp_dir/link/link/vivado/vpl/prj/prj.gen/my_rm/bd/ulp_inst_0/ipshared/8842/hdl/proc_sys_reset_v5_0_vh_rfs.vhd:1457]
	Parameter INIT bound to: 1'b0 
INFO: [Synth 8-113] binding component instance 'FDRE_PER_N' to cell 'FDRE' [/home/x_thileeb/repos/ops-hls-pact25-artifact/codegen_apps/jacobian3d/vck5000_project/hls/build/hw/temp_dir/link/link/vivado/vpl/prj/prj.gen/my_rm/bd/ulp_inst_0/ipshared/8842/hdl/proc_sys_reset_v5_0_vh_rfs.vhd:1481]
INFO: [Synth 8-638] synthesizing module 'lpf' [/home/x_thileeb/repos/ops-hls-pact25-artifact/codegen_apps/jacobian3d/vck5000_project/hls/build/hw/temp_dir/link/link/vivado/vpl/prj/prj.gen/my_rm/bd/ulp_inst_0/ipshared/8842/hdl/proc_sys_reset_v5_0_vh_rfs.vhd:816]
INFO: [Synth 8-3491] module 'SRL16' declared at '/tools/Xilinx/Vivado/2022.1/scripts/rt/data/unisim_comp.v:105982' bound to instance 'POR_SRL_I' of component 'SRL16' [/home/x_thileeb/repos/ops-hls-pact25-artifact/codegen_apps/jacobian3d/vck5000_project/hls/build/hw/temp_dir/link/link/vivado/vpl/prj/prj.gen/my_rm/bd/ulp_inst_0/ipshared/8842/hdl/proc_sys_reset_v5_0_vh_rfs.vhd:868]
INFO: [Synth 8-6157] synthesizing module 'SRL16' [/tools/Xilinx/Vivado/2022.1/scripts/rt/data/unisim_comp.v:105982]
INFO: [Synth 8-6155] done synthesizing module 'SRL16' (0#1) [/tools/Xilinx/Vivado/2022.1/scripts/rt/data/unisim_comp.v:105982]
INFO: [Synth 8-638] synthesizing module 'cdc_sync' [/home/x_thileeb/repos/ops-hls-pact25-artifact/codegen_apps/jacobian3d/vck5000_project/hls/build/hw/temp_dir/link/link/vivado/vpl/prj/prj.gen/my_rm/bd/ulp_inst_0/ipshared/ef1e/hdl/lib_cdc_v1_0_rfs.vhd:106]
	Parameter INIT bound to: 1'b0 
INFO: [Synth 8-113] binding component instance 'CROSS_PLEVEL_IN2SCNDRY_IN_cdc_to' to cell 'FDR' [/home/x_thileeb/repos/ops-hls-pact25-artifact/codegen_apps/jacobian3d/vck5000_project/hls/build/hw/temp_dir/link/link/vivado/vpl/prj/prj.gen/my_rm/bd/ulp_inst_0/ipshared/ef1e/hdl/lib_cdc_v1_0_rfs.vhd:514]
	Parameter INIT bound to: 1'b0 
INFO: [Synth 8-113] binding component instance 'CROSS_PLEVEL_IN2SCNDRY_s_level_out_d2' to cell 'FDR' [/home/x_thileeb/repos/ops-hls-pact25-artifact/codegen_apps/jacobian3d/vck5000_project/hls/build/hw/temp_dir/link/link/vivado/vpl/prj/prj.gen/my_rm/bd/ulp_inst_0/ipshared/ef1e/hdl/lib_cdc_v1_0_rfs.vhd:545]
	Parameter INIT bound to: 1'b0 
INFO: [Synth 8-113] binding component instance 'CROSS_PLEVEL_IN2SCNDRY_s_level_out_d3' to cell 'FDR' [/home/x_thileeb/repos/ops-hls-pact25-artifact/codegen_apps/jacobian3d/vck5000_project/hls/build/hw/temp_dir/link/link/vivado/vpl/prj/prj.gen/my_rm/bd/ulp_inst_0/ipshared/ef1e/hdl/lib_cdc_v1_0_rfs.vhd:554]
	Parameter INIT bound to: 1'b0 
INFO: [Synth 8-113] binding component instance 'CROSS_PLEVEL_IN2SCNDRY_s_level_out_d4' to cell 'FDR' [/home/x_thileeb/repos/ops-hls-pact25-artifact/codegen_apps/jacobian3d/vck5000_project/hls/build/hw/temp_dir/link/link/vivado/vpl/prj/prj.gen/my_rm/bd/ulp_inst_0/ipshared/ef1e/hdl/lib_cdc_v1_0_rfs.vhd:564]
	Parameter INIT bound to: 1'b0 
INFO: [Synth 8-113] binding component instance 'CROSS_PLEVEL_IN2SCNDRY_s_level_out_d5' to cell 'FDR' [/home/x_thileeb/repos/ops-hls-pact25-artifact/codegen_apps/jacobian3d/vck5000_project/hls/build/hw/temp_dir/link/link/vivado/vpl/prj/prj.gen/my_rm/bd/ulp_inst_0/ipshared/ef1e/hdl/lib_cdc_v1_0_rfs.vhd:574]
	Parameter INIT bound to: 1'b0 
INFO: [Synth 8-113] binding component instance 'CROSS_PLEVEL_IN2SCNDRY_s_level_out_d6' to cell 'FDR' [/home/x_thileeb/repos/ops-hls-pact25-artifact/codegen_apps/jacobian3d/vck5000_project/hls/build/hw/temp_dir/link/link/vivado/vpl/prj/prj.gen/my_rm/bd/ulp_inst_0/ipshared/ef1e/hdl/lib_cdc_v1_0_rfs.vhd:584]
INFO: [Synth 8-256] done synthesizing module 'cdc_sync' (0#1) [/home/x_thileeb/repos/ops-hls-pact25-artifact/codegen_apps/jacobian3d/vck5000_project/hls/build/hw/temp_dir/link/link/vivado/vpl/prj/prj.gen/my_rm/bd/ulp_inst_0/ipshared/ef1e/hdl/lib_cdc_v1_0_rfs.vhd:106]
INFO: [Synth 8-256] done synthesizing module 'lpf' (0#1) [/home/x_thileeb/repos/ops-hls-pact25-artifact/codegen_apps/jacobian3d/vck5000_project/hls/build/hw/temp_dir/link/link/vivado/vpl/prj/prj.gen/my_rm/bd/ulp_inst_0/ipshared/8842/hdl/proc_sys_reset_v5_0_vh_rfs.vhd:816]
INFO: [Synth 8-638] synthesizing module 'sequence_psr' [/home/x_thileeb/repos/ops-hls-pact25-artifact/codegen_apps/jacobian3d/vck5000_project/hls/build/hw/temp_dir/link/link/vivado/vpl/prj/prj.gen/my_rm/bd/ulp_inst_0/ipshared/8842/hdl/proc_sys_reset_v5_0_vh_rfs.vhd:301]
INFO: [Synth 8-638] synthesizing module 'upcnt_n' [/home/x_thileeb/repos/ops-hls-pact25-artifact/codegen_apps/jacobian3d/vck5000_project/hls/build/hw/temp_dir/link/link/vivado/vpl/prj/prj.gen/my_rm/bd/ulp_inst_0/ipshared/8842/hdl/proc_sys_reset_v5_0_vh_rfs.vhd:125]
INFO: [Synth 8-256] done synthesizing module 'upcnt_n' (0#1) [/home/x_thileeb/repos/ops-hls-pact25-artifact/codegen_apps/jacobian3d/vck5000_project/hls/build/hw/temp_dir/link/link/vivado/vpl/prj/prj.gen/my_rm/bd/ulp_inst_0/ipshared/8842/hdl/proc_sys_reset_v5_0_vh_rfs.vhd:125]
INFO: [Synth 8-256] done synthesizing module 'sequence_psr' (0#1) [/home/x_thileeb/repos/ops-hls-pact25-artifact/codegen_apps/jacobian3d/vck5000_project/hls/build/hw/temp_dir/link/link/vivado/vpl/prj/prj.gen/my_rm/bd/ulp_inst_0/ipshared/8842/hdl/proc_sys_reset_v5_0_vh_rfs.vhd:301]
INFO: [Synth 8-256] done synthesizing module 'proc_sys_reset' (0#1) [/home/x_thileeb/repos/ops-hls-pact25-artifact/codegen_apps/jacobian3d/vck5000_project/hls/build/hw/temp_dir/link/link/vivado/vpl/prj/prj.gen/my_rm/bd/ulp_inst_0/ipshared/8842/hdl/proc_sys_reset_v5_0_vh_rfs.vhd:1323]
INFO: [Synth 8-256] done synthesizing module 'bd_d23e_psr0_0' (0#1) [/home/x_thileeb/repos/ops-hls-pact25-artifact/codegen_apps/jacobian3d/vck5000_project/hls/build/hw/temp_dir/link/link/vivado/vpl/prj/prj.gen/my_rm/bd/ulp_inst_0/ip/ulp_inst_0_axi_ic_user_0/bd_0/ip/ip_1/synth/bd_d23e_psr0_0.vhd:74]
WARNING: [Synth 8-7071] port 'mb_reset' of module 'bd_d23e_psr0_0' is unconnected for instance 'psr0' [/home/x_thileeb/repos/ops-hls-pact25-artifact/codegen_apps/jacobian3d/vck5000_project/hls/build/hw/temp_dir/link/link/vivado/vpl/prj/prj.gen/my_rm/bd/ulp_inst_0/ip/ulp_inst_0_axi_ic_user_0/bd_0/synth/bd_d23e.v:1697]
WARNING: [Synth 8-7071] port 'bus_struct_reset' of module 'bd_d23e_psr0_0' is unconnected for instance 'psr0' [/home/x_thileeb/repos/ops-hls-pact25-artifact/codegen_apps/jacobian3d/vck5000_project/hls/build/hw/temp_dir/link/link/vivado/vpl/prj/prj.gen/my_rm/bd/ulp_inst_0/ip/ulp_inst_0_axi_ic_user_0/bd_0/synth/bd_d23e.v:1697]
WARNING: [Synth 8-7071] port 'peripheral_reset' of module 'bd_d23e_psr0_0' is unconnected for instance 'psr0' [/home/x_thileeb/repos/ops-hls-pact25-artifact/codegen_apps/jacobian3d/vck5000_project/hls/build/hw/temp_dir/link/link/vivado/vpl/prj/prj.gen/my_rm/bd/ulp_inst_0/ip/ulp_inst_0_axi_ic_user_0/bd_0/synth/bd_d23e.v:1697]
WARNING: [Synth 8-7071] port 'peripheral_aresetn' of module 'bd_d23e_psr0_0' is unconnected for instance 'psr0' [/home/x_thileeb/repos/ops-hls-pact25-artifact/codegen_apps/jacobian3d/vck5000_project/hls/build/hw/temp_dir/link/link/vivado/vpl/prj/prj.gen/my_rm/bd/ulp_inst_0/ip/ulp_inst_0_axi_ic_user_0/bd_0/synth/bd_d23e.v:1697]
WARNING: [Synth 8-7023] instance 'psr0' of module 'bd_d23e_psr0_0' has 10 connections declared, but only 6 given [/home/x_thileeb/repos/ops-hls-pact25-artifact/codegen_apps/jacobian3d/vck5000_project/hls/build/hw/temp_dir/link/link/vivado/vpl/prj/prj.gen/my_rm/bd/ulp_inst_0/ip/ulp_inst_0_axi_ic_user_0/bd_0/synth/bd_d23e.v:1697]
INFO: [Synth 8-638] synthesizing module 'bd_d23e_psr_aclk_0' [/home/x_thileeb/repos/ops-hls-pact25-artifact/codegen_apps/jacobian3d/vck5000_project/hls/build/hw/temp_dir/link/link/vivado/vpl/prj/prj.gen/my_rm/bd/ulp_inst_0/ip/ulp_inst_0_axi_ic_user_0/bd_0/ip/ip_2/synth/bd_d23e_psr_aclk_0.vhd:74]
	Parameter C_FAMILY bound to: versal - type: string 
	Parameter C_EXT_RST_WIDTH bound to: 4 - type: integer 
	Parameter C_AUX_RST_WIDTH bound to: 1 - type: integer 
	Parameter C_EXT_RESET_HIGH bound to: 1'b0 
	Parameter C_AUX_RESET_HIGH bound to: 1'b0 
	Parameter C_NUM_BUS_RST bound to: 1 - type: integer 
	Parameter C_NUM_PERP_RST bound to: 1 - type: integer 
	Parameter C_NUM_INTERCONNECT_ARESETN bound to: 1 - type: integer 
	Parameter C_NUM_PERP_ARESETN bound to: 1 - type: integer 
INFO: [Synth 8-3491] module 'proc_sys_reset' declared at '/home/x_thileeb/repos/ops-hls-pact25-artifact/codegen_apps/jacobian3d/vck5000_project/hls/build/hw/temp_dir/link/link/vivado/vpl/prj/prj.gen/my_rm/bd/ulp_inst_0/ipshared/8842/hdl/proc_sys_reset_v5_0_vh_rfs.vhd:1264' bound to instance 'U0' of component 'proc_sys_reset' [/home/x_thileeb/repos/ops-hls-pact25-artifact/codegen_apps/jacobian3d/vck5000_project/hls/build/hw/temp_dir/link/link/vivado/vpl/prj/prj.gen/my_rm/bd/ulp_inst_0/ip/ulp_inst_0_axi_ic_user_0/bd_0/ip/ip_2/synth/bd_d23e_psr_aclk_0.vhd:129]
INFO: [Synth 8-256] done synthesizing module 'bd_d23e_psr_aclk_0' (0#1) [/home/x_thileeb/repos/ops-hls-pact25-artifact/codegen_apps/jacobian3d/vck5000_project/hls/build/hw/temp_dir/link/link/vivado/vpl/prj/prj.gen/my_rm/bd/ulp_inst_0/ip/ulp_inst_0_axi_ic_user_0/bd_0/ip/ip_2/synth/bd_d23e_psr_aclk_0.vhd:74]
WARNING: [Synth 8-7071] port 'mb_reset' of module 'bd_d23e_psr_aclk_0' is unconnected for instance 'psr_aclk' [/home/x_thileeb/repos/ops-hls-pact25-artifact/codegen_apps/jacobian3d/vck5000_project/hls/build/hw/temp_dir/link/link/vivado/vpl/prj/prj.gen/my_rm/bd/ulp_inst_0/ip/ulp_inst_0_axi_ic_user_0/bd_0/synth/bd_d23e.v:1704]
WARNING: [Synth 8-7071] port 'bus_struct_reset' of module 'bd_d23e_psr_aclk_0' is unconnected for instance 'psr_aclk' [/home/x_thileeb/repos/ops-hls-pact25-artifact/codegen_apps/jacobian3d/vck5000_project/hls/build/hw/temp_dir/link/link/vivado/vpl/prj/prj.gen/my_rm/bd/ulp_inst_0/ip/ulp_inst_0_axi_ic_user_0/bd_0/synth/bd_d23e.v:1704]
WARNING: [Synth 8-7071] port 'peripheral_reset' of module 'bd_d23e_psr_aclk_0' is unconnected for instance 'psr_aclk' [/home/x_thileeb/repos/ops-hls-pact25-artifact/codegen_apps/jacobian3d/vck5000_project/hls/build/hw/temp_dir/link/link/vivado/vpl/prj/prj.gen/my_rm/bd/ulp_inst_0/ip/ulp_inst_0_axi_ic_user_0/bd_0/synth/bd_d23e.v:1704]
WARNING: [Synth 8-7071] port 'peripheral_aresetn' of module 'bd_d23e_psr_aclk_0' is unconnected for instance 'psr_aclk' [/home/x_thileeb/repos/ops-hls-pact25-artifact/codegen_apps/jacobian3d/vck5000_project/hls/build/hw/temp_dir/link/link/vivado/vpl/prj/prj.gen/my_rm/bd/ulp_inst_0/ip/ulp_inst_0_axi_ic_user_0/bd_0/synth/bd_d23e.v:1704]
WARNING: [Synth 8-7023] instance 'psr_aclk' of module 'bd_d23e_psr_aclk_0' has 10 connections declared, but only 6 given [/home/x_thileeb/repos/ops-hls-pact25-artifact/codegen_apps/jacobian3d/vck5000_project/hls/build/hw/temp_dir/link/link/vivado/vpl/prj/prj.gen/my_rm/bd/ulp_inst_0/ip/ulp_inst_0_axi_ic_user_0/bd_0/synth/bd_d23e.v:1704]
INFO: [Synth 8-638] synthesizing module 'bd_d23e_psr_aclk1_0' [/home/x_thileeb/repos/ops-hls-pact25-artifact/codegen_apps/jacobian3d/vck5000_project/hls/build/hw/temp_dir/link/link/vivado/vpl/prj/prj.gen/my_rm/bd/ulp_inst_0/ip/ulp_inst_0_axi_ic_user_0/bd_0/ip/ip_3/synth/bd_d23e_psr_aclk1_0.vhd:74]
	Parameter C_FAMILY bound to: versal - type: string 
	Parameter C_EXT_RST_WIDTH bound to: 4 - type: integer 
	Parameter C_AUX_RST_WIDTH bound to: 1 - type: integer 
	Parameter C_EXT_RESET_HIGH bound to: 1'b0 
	Parameter C_AUX_RESET_HIGH bound to: 1'b0 
	Parameter C_NUM_BUS_RST bound to: 1 - type: integer 
	Parameter C_NUM_PERP_RST bound to: 1 - type: integer 
	Parameter C_NUM_INTERCONNECT_ARESETN bound to: 1 - type: integer 
	Parameter C_NUM_PERP_ARESETN bound to: 1 - type: integer 
INFO: [Synth 8-3491] module 'proc_sys_reset' declared at '/home/x_thileeb/repos/ops-hls-pact25-artifact/codegen_apps/jacobian3d/vck5000_project/hls/build/hw/temp_dir/link/link/vivado/vpl/prj/prj.gen/my_rm/bd/ulp_inst_0/ipshared/8842/hdl/proc_sys_reset_v5_0_vh_rfs.vhd:1264' bound to instance 'U0' of component 'proc_sys_reset' [/home/x_thileeb/repos/ops-hls-pact25-artifact/codegen_apps/jacobian3d/vck5000_project/hls/build/hw/temp_dir/link/link/vivado/vpl/prj/prj.gen/my_rm/bd/ulp_inst_0/ip/ulp_inst_0_axi_ic_user_0/bd_0/ip/ip_3/synth/bd_d23e_psr_aclk1_0.vhd:129]
INFO: [Synth 8-256] done synthesizing module 'bd_d23e_psr_aclk1_0' (0#1) [/home/x_thileeb/repos/ops-hls-pact25-artifact/codegen_apps/jacobian3d/vck5000_project/hls/build/hw/temp_dir/link/link/vivado/vpl/prj/prj.gen/my_rm/bd/ulp_inst_0/ip/ulp_inst_0_axi_ic_user_0/bd_0/ip/ip_3/synth/bd_d23e_psr_aclk1_0.vhd:74]
WARNING: [Synth 8-7071] port 'mb_reset' of module 'bd_d23e_psr_aclk1_0' is unconnected for instance 'psr_aclk1' [/home/x_thileeb/repos/ops-hls-pact25-artifact/codegen_apps/jacobian3d/vck5000_project/hls/build/hw/temp_dir/link/link/vivado/vpl/prj/prj.gen/my_rm/bd/ulp_inst_0/ip/ulp_inst_0_axi_ic_user_0/bd_0/synth/bd_d23e.v:1711]
WARNING: [Synth 8-7071] port 'bus_struct_reset' of module 'bd_d23e_psr_aclk1_0' is unconnected for instance 'psr_aclk1' [/home/x_thileeb/repos/ops-hls-pact25-artifact/codegen_apps/jacobian3d/vck5000_project/hls/build/hw/temp_dir/link/link/vivado/vpl/prj/prj.gen/my_rm/bd/ulp_inst_0/ip/ulp_inst_0_axi_ic_user_0/bd_0/synth/bd_d23e.v:1711]
WARNING: [Synth 8-7071] port 'peripheral_reset' of module 'bd_d23e_psr_aclk1_0' is unconnected for instance 'psr_aclk1' [/home/x_thileeb/repos/ops-hls-pact25-artifact/codegen_apps/jacobian3d/vck5000_project/hls/build/hw/temp_dir/link/link/vivado/vpl/prj/prj.gen/my_rm/bd/ulp_inst_0/ip/ulp_inst_0_axi_ic_user_0/bd_0/synth/bd_d23e.v:1711]
WARNING: [Synth 8-7071] port 'peripheral_aresetn' of module 'bd_d23e_psr_aclk1_0' is unconnected for instance 'psr_aclk1' [/home/x_thileeb/repos/ops-hls-pact25-artifact/codegen_apps/jacobian3d/vck5000_project/hls/build/hw/temp_dir/link/link/vivado/vpl/prj/prj.gen/my_rm/bd/ulp_inst_0/ip/ulp_inst_0_axi_ic_user_0/bd_0/synth/bd_d23e.v:1711]
WARNING: [Synth 8-7023] instance 'psr_aclk1' of module 'bd_d23e_psr_aclk1_0' has 10 connections declared, but only 6 given [/home/x_thileeb/repos/ops-hls-pact25-artifact/codegen_apps/jacobian3d/vck5000_project/hls/build/hw/temp_dir/link/link/vivado/vpl/prj/prj.gen/my_rm/bd/ulp_inst_0/ip/ulp_inst_0_axi_ic_user_0/bd_0/synth/bd_d23e.v:1711]
INFO: [Synth 8-6155] done synthesizing module 'clk_map_imp_VJFAYF' (0#1) [/home/x_thileeb/repos/ops-hls-pact25-artifact/codegen_apps/jacobian3d/vck5000_project/hls/build/hw/temp_dir/link/link/vivado/vpl/prj/prj.gen/my_rm/bd/ulp_inst_0/ip/ulp_inst_0_axi_ic_user_0/bd_0/synth/bd_d23e.v:1644]
INFO: [Synth 8-6157] synthesizing module 'm00_exit_pipeline_imp_120MVAK' [/home/x_thileeb/repos/ops-hls-pact25-artifact/codegen_apps/jacobian3d/vck5000_project/hls/build/hw/temp_dir/link/link/vivado/vpl/prj/prj.gen/my_rm/bd/ulp_inst_0/ip/ulp_inst_0_axi_ic_user_0/bd_0/synth/bd_d23e.v:2016]
INFO: [Synth 8-6157] synthesizing module 'bd_d23e_m00e_0' [/home/x_thileeb/repos/ops-hls-pact25-artifact/codegen_apps/jacobian3d/vck5000_project/hls/build/hw/temp_dir/link/link/vivado/vpl/prj/prj.gen/my_rm/bd/ulp_inst_0/ip/ulp_inst_0_axi_ic_user_0/bd_0/ip/ip_34/synth/bd_d23e_m00e_0.sv:53]
INFO: [Synth 8-6157] synthesizing module 'xpm_cdc_async_rst' [/tools/Xilinx/Vivado/2022.1/data/ip/xpm/xpm_cdc/hdl/xpm_cdc.sv:1174]
INFO: [Synth 8-6155] done synthesizing module 'xpm_cdc_async_rst' (0#1) [/tools/Xilinx/Vivado/2022.1/data/ip/xpm/xpm_cdc/hdl/xpm_cdc.sv:1174]
INFO: [Synth 8-6155] done synthesizing module 'bd_d23e_m00e_0' (0#1) [/home/x_thileeb/repos/ops-hls-pact25-artifact/codegen_apps/jacobian3d/vck5000_project/hls/build/hw/temp_dir/link/link/vivado/vpl/prj/prj.gen/my_rm/bd/ulp_inst_0/ip/ulp_inst_0_axi_ic_user_0/bd_0/ip/ip_34/synth/bd_d23e_m00e_0.sv:53]
INFO: [Synth 8-6155] done synthesizing module 'm00_exit_pipeline_imp_120MVAK' (0#1) [/home/x_thileeb/repos/ops-hls-pact25-artifact/codegen_apps/jacobian3d/vck5000_project/hls/build/hw/temp_dir/link/link/vivado/vpl/prj/prj.gen/my_rm/bd/ulp_inst_0/ip/ulp_inst_0_axi_ic_user_0/bd_0/synth/bd_d23e.v:2016]
INFO: [Synth 8-6157] synthesizing module 'm00_nodes_imp_1O9I3EO' [/home/x_thileeb/repos/ops-hls-pact25-artifact/codegen_apps/jacobian3d/vck5000_project/hls/build/hw/temp_dir/link/link/vivado/vpl/prj/prj.gen/my_rm/bd/ulp_inst_0/ip/ulp_inst_0_axi_ic_user_0/bd_0/synth/bd_d23e.v:2427]
INFO: [Synth 8-6157] synthesizing module 'bd_d23e_m00arn_0' [/home/x_thileeb/repos/ops-hls-pact25-artifact/codegen_apps/jacobian3d/vck5000_project/hls/build/hw/temp_dir/link/link/vivado/vpl/prj/prj.gen/my_rm/bd/ulp_inst_0/ip/ulp_inst_0_axi_ic_user_0/bd_0/ip/ip_29/synth/bd_d23e_m00arn_0.sv:53]
INFO: [Synth 8-6155] done synthesizing module 'bd_d23e_m00arn_0' (0#1) [/home/x_thileeb/repos/ops-hls-pact25-artifact/codegen_apps/jacobian3d/vck5000_project/hls/build/hw/temp_dir/link/link/vivado/vpl/prj/prj.gen/my_rm/bd/ulp_inst_0/ip/ulp_inst_0_axi_ic_user_0/bd_0/ip/ip_29/synth/bd_d23e_m00arn_0.sv:53]
INFO: [Synth 8-6157] synthesizing module 'bd_d23e_m00awn_0' [/home/x_thileeb/repos/ops-hls-pact25-artifact/codegen_apps/jacobian3d/vck5000_project/hls/build/hw/temp_dir/link/link/vivado/vpl/prj/prj.gen/my_rm/bd/ulp_inst_0/ip/ulp_inst_0_axi_ic_user_0/bd_0/ip/ip_31/synth/bd_d23e_m00awn_0.sv:53]
INFO: [Synth 8-6155] done synthesizing module 'bd_d23e_m00awn_0' (0#1) [/home/x_thileeb/repos/ops-hls-pact25-artifact/codegen_apps/jacobian3d/vck5000_project/hls/build/hw/temp_dir/link/link/vivado/vpl/prj/prj.gen/my_rm/bd/ulp_inst_0/ip/ulp_inst_0_axi_ic_user_0/bd_0/ip/ip_31/synth/bd_d23e_m00awn_0.sv:53]
INFO: [Synth 8-6157] synthesizing module 'bd_d23e_m00bn_0' [/home/x_thileeb/repos/ops-hls-pact25-artifact/codegen_apps/jacobian3d/vck5000_project/hls/build/hw/temp_dir/link/link/vivado/vpl/prj/prj.gen/my_rm/bd/ulp_inst_0/ip/ulp_inst_0_axi_ic_user_0/bd_0/ip/ip_33/synth/bd_d23e_m00bn_0.sv:53]
INFO: [Synth 8-6155] done synthesizing module 'bd_d23e_m00bn_0' (0#1) [/home/x_thileeb/repos/ops-hls-pact25-artifact/codegen_apps/jacobian3d/vck5000_project/hls/build/hw/temp_dir/link/link/vivado/vpl/prj/prj.gen/my_rm/bd/ulp_inst_0/ip/ulp_inst_0_axi_ic_user_0/bd_0/ip/ip_33/synth/bd_d23e_m00bn_0.sv:53]
INFO: [Synth 8-6157] synthesizing module 'bd_d23e_m00rn_0' [/home/x_thileeb/repos/ops-hls-pact25-artifact/codegen_apps/jacobian3d/vck5000_project/hls/build/hw/temp_dir/link/link/vivado/vpl/prj/prj.gen/my_rm/bd/ulp_inst_0/ip/ulp_inst_0_axi_ic_user_0/bd_0/ip/ip_30/synth/bd_d23e_m00rn_0.sv:53]
INFO: [Synth 8-6155] done synthesizing module 'bd_d23e_m00rn_0' (0#1) [/home/x_thileeb/repos/ops-hls-pact25-artifact/codegen_apps/jacobian3d/vck5000_project/hls/build/hw/temp_dir/link/link/vivado/vpl/prj/prj.gen/my_rm/bd/ulp_inst_0/ip/ulp_inst_0_axi_ic_user_0/bd_0/ip/ip_30/synth/bd_d23e_m00rn_0.sv:53]
INFO: [Synth 8-6157] synthesizing module 'bd_d23e_m00wn_0' [/home/x_thileeb/repos/ops-hls-pact25-artifact/codegen_apps/jacobian3d/vck5000_project/hls/build/hw/temp_dir/link/link/vivado/vpl/prj/prj.gen/my_rm/bd/ulp_inst_0/ip/ulp_inst_0_axi_ic_user_0/bd_0/ip/ip_32/synth/bd_d23e_m00wn_0.sv:53]
INFO: [Synth 8-6155] done synthesizing module 'bd_d23e_m00wn_0' (0#1) [/home/x_thileeb/repos/ops-hls-pact25-artifact/codegen_apps/jacobian3d/vck5000_project/hls/build/hw/temp_dir/link/link/vivado/vpl/prj/prj.gen/my_rm/bd/ulp_inst_0/ip/ulp_inst_0_axi_ic_user_0/bd_0/ip/ip_32/synth/bd_d23e_m00wn_0.sv:53]
INFO: [Synth 8-6155] done synthesizing module 'm00_nodes_imp_1O9I3EO' (0#1) [/home/x_thileeb/repos/ops-hls-pact25-artifact/codegen_apps/jacobian3d/vck5000_project/hls/build/hw/temp_dir/link/link/vivado/vpl/prj/prj.gen/my_rm/bd/ulp_inst_0/ip/ulp_inst_0_axi_ic_user_0/bd_0/synth/bd_d23e.v:2427]
INFO: [Synth 8-6157] synthesizing module 'bd_d23e_m00s2a_0' [/home/x_thileeb/repos/ops-hls-pact25-artifact/codegen_apps/jacobian3d/vck5000_project/hls/build/hw/temp_dir/link/link/vivado/vpl/prj/prj.gen/my_rm/bd/ulp_inst_0/ip/ulp_inst_0_axi_ic_user_0/bd_0/ip/ip_28/synth/bd_d23e_m00s2a_0.sv:53]
INFO: [Synth 8-6155] done synthesizing module 'bd_d23e_m00s2a_0' (0#1) [/home/x_thileeb/repos/ops-hls-pact25-artifact/codegen_apps/jacobian3d/vck5000_project/hls/build/hw/temp_dir/link/link/vivado/vpl/prj/prj.gen/my_rm/bd/ulp_inst_0/ip/ulp_inst_0_axi_ic_user_0/bd_0/ip/ip_28/synth/bd_d23e_m00s2a_0.sv:53]
INFO: [Synth 8-6157] synthesizing module 'm01_exit_pipeline_imp_17VZ12K' [/home/x_thileeb/repos/ops-hls-pact25-artifact/codegen_apps/jacobian3d/vck5000_project/hls/build/hw/temp_dir/link/link/vivado/vpl/prj/prj.gen/my_rm/bd/ulp_inst_0/ip/ulp_inst_0_axi_ic_user_0/bd_0/synth/bd_d23e.v:2723]
INFO: [Synth 8-6157] synthesizing module 'bd_d23e_m01e_0' [/home/x_thileeb/repos/ops-hls-pact25-artifact/codegen_apps/jacobian3d/vck5000_project/hls/build/hw/temp_dir/link/link/vivado/vpl/prj/prj.gen/my_rm/bd/ulp_inst_0/ip/ulp_inst_0_axi_ic_user_0/bd_0/ip/ip_41/synth/bd_d23e_m01e_0.sv:53]
INFO: [Synth 8-6155] done synthesizing module 'bd_d23e_m01e_0' (0#1) [/home/x_thileeb/repos/ops-hls-pact25-artifact/codegen_apps/jacobian3d/vck5000_project/hls/build/hw/temp_dir/link/link/vivado/vpl/prj/prj.gen/my_rm/bd/ulp_inst_0/ip/ulp_inst_0_axi_ic_user_0/bd_0/ip/ip_41/synth/bd_d23e_m01e_0.sv:53]
INFO: [Synth 8-6155] done synthesizing module 'm01_exit_pipeline_imp_17VZ12K' (0#1) [/home/x_thileeb/repos/ops-hls-pact25-artifact/codegen_apps/jacobian3d/vck5000_project/hls/build/hw/temp_dir/link/link/vivado/vpl/prj/prj.gen/my_rm/bd/ulp_inst_0/ip/ulp_inst_0_axi_ic_user_0/bd_0/synth/bd_d23e.v:2723]
INFO: [Synth 8-6157] synthesizing module 'm01_nodes_imp_IXNMPI' [/home/x_thileeb/repos/ops-hls-pact25-artifact/codegen_apps/jacobian3d/vck5000_project/hls/build/hw/temp_dir/link/link/vivado/vpl/prj/prj.gen/my_rm/bd/ulp_inst_0/ip/ulp_inst_0_axi_ic_user_0/bd_0/synth/bd_d23e.v:3024]
INFO: [Synth 8-6157] synthesizing module 'bd_d23e_m01arn_0' [/home/x_thileeb/repos/ops-hls-pact25-artifact/codegen_apps/jacobian3d/vck5000_project/hls/build/hw/temp_dir/link/link/vivado/vpl/prj/prj.gen/my_rm/bd/ulp_inst_0/ip/ulp_inst_0_axi_ic_user_0/bd_0/ip/ip_36/synth/bd_d23e_m01arn_0.sv:53]
INFO: [Synth 8-6157] synthesizing module 'xpm_cdc_handshake' [/tools/Xilinx/Vivado/2022.1/data/ip/xpm/xpm_cdc/hdl/xpm_cdc.sv:468]
INFO: [Synth 8-6157] synthesizing module 'xpm_cdc_single' [/tools/Xilinx/Vivado/2022.1/data/ip/xpm/xpm_cdc/hdl/xpm_cdc.sv:152]
INFO: [Synth 8-6155] done synthesizing module 'xpm_cdc_single' (0#1) [/tools/Xilinx/Vivado/2022.1/data/ip/xpm/xpm_cdc/hdl/xpm_cdc.sv:152]
INFO: [Synth 8-6155] done synthesizing module 'xpm_cdc_handshake' (0#1) [/tools/Xilinx/Vivado/2022.1/data/ip/xpm/xpm_cdc/hdl/xpm_cdc.sv:468]
INFO: [Synth 8-6155] done synthesizing module 'bd_d23e_m01arn_0' (0#1) [/home/x_thileeb/repos/ops-hls-pact25-artifact/codegen_apps/jacobian3d/vck5000_project/hls/build/hw/temp_dir/link/link/vivado/vpl/prj/prj.gen/my_rm/bd/ulp_inst_0/ip/ulp_inst_0_axi_ic_user_0/bd_0/ip/ip_36/synth/bd_d23e_m01arn_0.sv:53]
INFO: [Synth 8-6157] synthesizing module 'bd_d23e_m01awn_0' [/home/x_thileeb/repos/ops-hls-pact25-artifact/codegen_apps/jacobian3d/vck5000_project/hls/build/hw/temp_dir/link/link/vivado/vpl/prj/prj.gen/my_rm/bd/ulp_inst_0/ip/ulp_inst_0_axi_ic_user_0/bd_0/ip/ip_38/synth/bd_d23e_m01awn_0.sv:53]
INFO: [Synth 8-6155] done synthesizing module 'bd_d23e_m01awn_0' (0#1) [/home/x_thileeb/repos/ops-hls-pact25-artifact/codegen_apps/jacobian3d/vck5000_project/hls/build/hw/temp_dir/link/link/vivado/vpl/prj/prj.gen/my_rm/bd/ulp_inst_0/ip/ulp_inst_0_axi_ic_user_0/bd_0/ip/ip_38/synth/bd_d23e_m01awn_0.sv:53]
INFO: [Synth 8-6157] synthesizing module 'bd_d23e_m01bn_0' [/home/x_thileeb/repos/ops-hls-pact25-artifact/codegen_apps/jacobian3d/vck5000_project/hls/build/hw/temp_dir/link/link/vivado/vpl/prj/prj.gen/my_rm/bd/ulp_inst_0/ip/ulp_inst_0_axi_ic_user_0/bd_0/ip/ip_40/synth/bd_d23e_m01bn_0.sv:53]
INFO: [Synth 8-6157] synthesizing module 'xpm_cdc_handshake__parameterized0' [/tools/Xilinx/Vivado/2022.1/data/ip/xpm/xpm_cdc/hdl/xpm_cdc.sv:468]
INFO: [Synth 8-6155] done synthesizing module 'xpm_cdc_handshake__parameterized0' (0#1) [/tools/Xilinx/Vivado/2022.1/data/ip/xpm/xpm_cdc/hdl/xpm_cdc.sv:468]
INFO: [Synth 8-6157] synthesizing module 'xpm_cdc_handshake__parameterized1' [/tools/Xilinx/Vivado/2022.1/data/ip/xpm/xpm_cdc/hdl/xpm_cdc.sv:468]
INFO: [Synth 8-6155] done synthesizing module 'xpm_cdc_handshake__parameterized1' (0#1) [/tools/Xilinx/Vivado/2022.1/data/ip/xpm/xpm_cdc/hdl/xpm_cdc.sv:468]
INFO: [Synth 8-6155] done synthesizing module 'bd_d23e_m01bn_0' (0#1) [/home/x_thileeb/repos/ops-hls-pact25-artifact/codegen_apps/jacobian3d/vck5000_project/hls/build/hw/temp_dir/link/link/vivado/vpl/prj/prj.gen/my_rm/bd/ulp_inst_0/ip/ulp_inst_0_axi_ic_user_0/bd_0/ip/ip_40/synth/bd_d23e_m01bn_0.sv:53]
INFO: [Synth 8-6157] synthesizing module 'bd_d23e_m01rn_0' [/home/x_thileeb/repos/ops-hls-pact25-artifact/codegen_apps/jacobian3d/vck5000_project/hls/build/hw/temp_dir/link/link/vivado/vpl/prj/prj.gen/my_rm/bd/ulp_inst_0/ip/ulp_inst_0_axi_ic_user_0/bd_0/ip/ip_37/synth/bd_d23e_m01rn_0.sv:53]
INFO: [Synth 8-6157] synthesizing module 'xpm_cdc_handshake__parameterized2' [/tools/Xilinx/Vivado/2022.1/data/ip/xpm/xpm_cdc/hdl/xpm_cdc.sv:468]
INFO: [Synth 8-6155] done synthesizing module 'xpm_cdc_handshake__parameterized2' (0#1) [/tools/Xilinx/Vivado/2022.1/data/ip/xpm/xpm_cdc/hdl/xpm_cdc.sv:468]
INFO: [Synth 8-6155] done synthesizing module 'bd_d23e_m01rn_0' (0#1) [/home/x_thileeb/repos/ops-hls-pact25-artifact/codegen_apps/jacobian3d/vck5000_project/hls/build/hw/temp_dir/link/link/vivado/vpl/prj/prj.gen/my_rm/bd/ulp_inst_0/ip/ulp_inst_0_axi_ic_user_0/bd_0/ip/ip_37/synth/bd_d23e_m01rn_0.sv:53]
INFO: [Synth 8-6157] synthesizing module 'bd_d23e_m01wn_0' [/home/x_thileeb/repos/ops-hls-pact25-artifact/codegen_apps/jacobian3d/vck5000_project/hls/build/hw/temp_dir/link/link/vivado/vpl/prj/prj.gen/my_rm/bd/ulp_inst_0/ip/ulp_inst_0_axi_ic_user_0/bd_0/ip/ip_39/synth/bd_d23e_m01wn_0.sv:53]
INFO: [Synth 8-6157] synthesizing module 'xpm_cdc_handshake__parameterized3' [/tools/Xilinx/Vivado/2022.1/data/ip/xpm/xpm_cdc/hdl/xpm_cdc.sv:468]
INFO: [Synth 8-6155] done synthesizing module 'xpm_cdc_handshake__parameterized3' (0#1) [/tools/Xilinx/Vivado/2022.1/data/ip/xpm/xpm_cdc/hdl/xpm_cdc.sv:468]
INFO: [Synth 8-6155] done synthesizing module 'bd_d23e_m01wn_0' (0#1) [/home/x_thileeb/repos/ops-hls-pact25-artifact/codegen_apps/jacobian3d/vck5000_project/hls/build/hw/temp_dir/link/link/vivado/vpl/prj/prj.gen/my_rm/bd/ulp_inst_0/ip/ulp_inst_0_axi_ic_user_0/bd_0/ip/ip_39/synth/bd_d23e_m01wn_0.sv:53]
INFO: [Synth 8-6155] done synthesizing module 'm01_nodes_imp_IXNMPI' (0#1) [/home/x_thileeb/repos/ops-hls-pact25-artifact/codegen_apps/jacobian3d/vck5000_project/hls/build/hw/temp_dir/link/link/vivado/vpl/prj/prj.gen/my_rm/bd/ulp_inst_0/ip/ulp_inst_0_axi_ic_user_0/bd_0/synth/bd_d23e.v:3024]
INFO: [Synth 8-6157] synthesizing module 'bd_d23e_m01s2a_0' [/home/x_thileeb/repos/ops-hls-pact25-artifact/codegen_apps/jacobian3d/vck5000_project/hls/build/hw/temp_dir/link/link/vivado/vpl/prj/prj.gen/my_rm/bd/ulp_inst_0/ip/ulp_inst_0_axi_ic_user_0/bd_0/ip/ip_35/synth/bd_d23e_m01s2a_0.sv:53]
INFO: [Synth 8-6155] done synthesizing module 'bd_d23e_m01s2a_0' (0#1) [/home/x_thileeb/repos/ops-hls-pact25-artifact/codegen_apps/jacobian3d/vck5000_project/hls/build/hw/temp_dir/link/link/vivado/vpl/prj/prj.gen/my_rm/bd/ulp_inst_0/ip/ulp_inst_0_axi_ic_user_0/bd_0/ip/ip_35/synth/bd_d23e_m01s2a_0.sv:53]
INFO: [Synth 8-6157] synthesizing module 'm02_exit_pipeline_imp_1AFENOS' [/home/x_thileeb/repos/ops-hls-pact25-artifact/codegen_apps/jacobian3d/vck5000_project/hls/build/hw/temp_dir/link/link/vivado/vpl/prj/prj.gen/my_rm/bd/ulp_inst_0/ip/ulp_inst_0_axi_ic_user_0/bd_0/synth/bd_d23e.v:3320]
INFO: [Synth 8-6157] synthesizing module 'bd_d23e_m02e_0' [/home/x_thileeb/repos/ops-hls-pact25-artifact/codegen_apps/jacobian3d/vck5000_project/hls/build/hw/temp_dir/link/link/vivado/vpl/prj/prj.gen/my_rm/bd/ulp_inst_0/ip/ulp_inst_0_axi_ic_user_0/bd_0/ip/ip_48/synth/bd_d23e_m02e_0.sv:53]
INFO: [Synth 8-6155] done synthesizing module 'bd_d23e_m02e_0' (0#1) [/home/x_thileeb/repos/ops-hls-pact25-artifact/codegen_apps/jacobian3d/vck5000_project/hls/build/hw/temp_dir/link/link/vivado/vpl/prj/prj.gen/my_rm/bd/ulp_inst_0/ip/ulp_inst_0_axi_ic_user_0/bd_0/ip/ip_48/synth/bd_d23e_m02e_0.sv:53]
INFO: [Synth 8-6155] done synthesizing module 'm02_exit_pipeline_imp_1AFENOS' (0#1) [/home/x_thileeb/repos/ops-hls-pact25-artifact/codegen_apps/jacobian3d/vck5000_project/hls/build/hw/temp_dir/link/link/vivado/vpl/prj/prj.gen/my_rm/bd/ulp_inst_0/ip/ulp_inst_0_axi_ic_user_0/bd_0/synth/bd_d23e.v:3320]
INFO: [Synth 8-6157] synthesizing module 'm02_nodes_imp_FN31PP' [/home/x_thileeb/repos/ops-hls-pact25-artifact/codegen_apps/jacobian3d/vck5000_project/hls/build/hw/temp_dir/link/link/vivado/vpl/prj/prj.gen/my_rm/bd/ulp_inst_0/ip/ulp_inst_0_axi_ic_user_0/bd_0/synth/bd_d23e.v:3621]
INFO: [Synth 8-6157] synthesizing module 'bd_d23e_m02arn_0' [/home/x_thileeb/repos/ops-hls-pact25-artifact/codegen_apps/jacobian3d/vck5000_project/hls/build/hw/temp_dir/link/link/vivado/vpl/prj/prj.gen/my_rm/bd/ulp_inst_0/ip/ulp_inst_0_axi_ic_user_0/bd_0/ip/ip_43/synth/bd_d23e_m02arn_0.sv:53]
INFO: [Synth 8-6155] done synthesizing module 'bd_d23e_m02arn_0' (0#1) [/home/x_thileeb/repos/ops-hls-pact25-artifact/codegen_apps/jacobian3d/vck5000_project/hls/build/hw/temp_dir/link/link/vivado/vpl/prj/prj.gen/my_rm/bd/ulp_inst_0/ip/ulp_inst_0_axi_ic_user_0/bd_0/ip/ip_43/synth/bd_d23e_m02arn_0.sv:53]
INFO: [Synth 8-6157] synthesizing module 'bd_d23e_m02awn_0' [/home/x_thileeb/repos/ops-hls-pact25-artifact/codegen_apps/jacobian3d/vck5000_project/hls/build/hw/temp_dir/link/link/vivado/vpl/prj/prj.gen/my_rm/bd/ulp_inst_0/ip/ulp_inst_0_axi_ic_user_0/bd_0/ip/ip_45/synth/bd_d23e_m02awn_0.sv:53]
INFO: [Synth 8-6155] done synthesizing module 'bd_d23e_m02awn_0' (0#1) [/home/x_thileeb/repos/ops-hls-pact25-artifact/codegen_apps/jacobian3d/vck5000_project/hls/build/hw/temp_dir/link/link/vivado/vpl/prj/prj.gen/my_rm/bd/ulp_inst_0/ip/ulp_inst_0_axi_ic_user_0/bd_0/ip/ip_45/synth/bd_d23e_m02awn_0.sv:53]
INFO: [Synth 8-6157] synthesizing module 'bd_d23e_m02bn_0' [/home/x_thileeb/repos/ops-hls-pact25-artifact/codegen_apps/jacobian3d/vck5000_project/hls/build/hw/temp_dir/link/link/vivado/vpl/prj/prj.gen/my_rm/bd/ulp_inst_0/ip/ulp_inst_0_axi_ic_user_0/bd_0/ip/ip_47/synth/bd_d23e_m02bn_0.sv:53]
INFO: [Synth 8-6155] done synthesizing module 'bd_d23e_m02bn_0' (0#1) [/home/x_thileeb/repos/ops-hls-pact25-artifact/codegen_apps/jacobian3d/vck5000_project/hls/build/hw/temp_dir/link/link/vivado/vpl/prj/prj.gen/my_rm/bd/ulp_inst_0/ip/ulp_inst_0_axi_ic_user_0/bd_0/ip/ip_47/synth/bd_d23e_m02bn_0.sv:53]
INFO: [Synth 8-6157] synthesizing module 'bd_d23e_m02rn_0' [/home/x_thileeb/repos/ops-hls-pact25-artifact/codegen_apps/jacobian3d/vck5000_project/hls/build/hw/temp_dir/link/link/vivado/vpl/prj/prj.gen/my_rm/bd/ulp_inst_0/ip/ulp_inst_0_axi_ic_user_0/bd_0/ip/ip_44/synth/bd_d23e_m02rn_0.sv:53]
INFO: [Synth 8-6155] done synthesizing module 'bd_d23e_m02rn_0' (0#1) [/home/x_thileeb/repos/ops-hls-pact25-artifact/codegen_apps/jacobian3d/vck5000_project/hls/build/hw/temp_dir/link/link/vivado/vpl/prj/prj.gen/my_rm/bd/ulp_inst_0/ip/ulp_inst_0_axi_ic_user_0/bd_0/ip/ip_44/synth/bd_d23e_m02rn_0.sv:53]
INFO: [Synth 8-6157] synthesizing module 'bd_d23e_m02wn_0' [/home/x_thileeb/repos/ops-hls-pact25-artifact/codegen_apps/jacobian3d/vck5000_project/hls/build/hw/temp_dir/link/link/vivado/vpl/prj/prj.gen/my_rm/bd/ulp_inst_0/ip/ulp_inst_0_axi_ic_user_0/bd_0/ip/ip_46/synth/bd_d23e_m02wn_0.sv:53]
INFO: [Synth 8-6155] done synthesizing module 'bd_d23e_m02wn_0' (0#1) [/home/x_thileeb/repos/ops-hls-pact25-artifact/codegen_apps/jacobian3d/vck5000_project/hls/build/hw/temp_dir/link/link/vivado/vpl/prj/prj.gen/my_rm/bd/ulp_inst_0/ip/ulp_inst_0_axi_ic_user_0/bd_0/ip/ip_46/synth/bd_d23e_m02wn_0.sv:53]
INFO: [Synth 8-6155] done synthesizing module 'm02_nodes_imp_FN31PP' (0#1) [/home/x_thileeb/repos/ops-hls-pact25-artifact/codegen_apps/jacobian3d/vck5000_project/hls/build/hw/temp_dir/link/link/vivado/vpl/prj/prj.gen/my_rm/bd/ulp_inst_0/ip/ulp_inst_0_axi_ic_user_0/bd_0/synth/bd_d23e.v:3621]
INFO: [Synth 8-6157] synthesizing module 'bd_d23e_m02s2a_0' [/home/x_thileeb/repos/ops-hls-pact25-artifact/codegen_apps/jacobian3d/vck5000_project/hls/build/hw/temp_dir/link/link/vivado/vpl/prj/prj.gen/my_rm/bd/ulp_inst_0/ip/ulp_inst_0_axi_ic_user_0/bd_0/ip/ip_42/synth/bd_d23e_m02s2a_0.sv:53]
INFO: [Synth 8-6155] done synthesizing module 'bd_d23e_m02s2a_0' (0#1) [/home/x_thileeb/repos/ops-hls-pact25-artifact/codegen_apps/jacobian3d/vck5000_project/hls/build/hw/temp_dir/link/link/vivado/vpl/prj/prj.gen/my_rm/bd/ulp_inst_0/ip/ulp_inst_0_axi_ic_user_0/bd_0/ip/ip_42/synth/bd_d23e_m02s2a_0.sv:53]
INFO: [Synth 8-6157] synthesizing module 'bd_d23e_s00a2s_0' [/home/x_thileeb/repos/ops-hls-pact25-artifact/codegen_apps/jacobian3d/vck5000_project/hls/build/hw/temp_dir/link/link/vivado/vpl/prj/prj.gen/my_rm/bd/ulp_inst_0/ip/ulp_inst_0_axi_ic_user_0/bd_0/ip/ip_22/synth/bd_d23e_s00a2s_0.sv:53]
INFO: [Synth 8-6155] done synthesizing module 'bd_d23e_s00a2s_0' (0#1) [/home/x_thileeb/repos/ops-hls-pact25-artifact/codegen_apps/jacobian3d/vck5000_project/hls/build/hw/temp_dir/link/link/vivado/vpl/prj/prj.gen/my_rm/bd/ulp_inst_0/ip/ulp_inst_0_axi_ic_user_0/bd_0/ip/ip_22/synth/bd_d23e_s00a2s_0.sv:53]
INFO: [Synth 8-6157] synthesizing module 's00_entry_pipeline_imp_2TNUNJ' [/home/x_thileeb/repos/ops-hls-pact25-artifact/codegen_apps/jacobian3d/vck5000_project/hls/build/hw/temp_dir/link/link/vivado/vpl/prj/prj.gen/my_rm/bd/ulp_inst_0/ip/ulp_inst_0_axi_ic_user_0/bd_0/synth/bd_d23e.v:3917]
INFO: [Synth 8-6157] synthesizing module 'bd_d23e_s00mmu_0' [/home/x_thileeb/repos/ops-hls-pact25-artifact/codegen_apps/jacobian3d/vck5000_project/hls/build/hw/temp_dir/link/link/vivado/vpl/prj/prj.gen/my_rm/bd/ulp_inst_0/ip/ulp_inst_0_axi_ic_user_0/bd_0/ip/ip_19/synth/bd_d23e_s00mmu_0.sv:53]
INFO: [Synth 8-6155] done synthesizing module 'bd_d23e_s00mmu_0' (0#1) [/home/x_thileeb/repos/ops-hls-pact25-artifact/codegen_apps/jacobian3d/vck5000_project/hls/build/hw/temp_dir/link/link/vivado/vpl/prj/prj.gen/my_rm/bd/ulp_inst_0/ip/ulp_inst_0_axi_ic_user_0/bd_0/ip/ip_19/synth/bd_d23e_s00mmu_0.sv:53]
INFO: [Synth 8-6157] synthesizing module 'bd_d23e_s00sic_0' [/home/x_thileeb/repos/ops-hls-pact25-artifact/codegen_apps/jacobian3d/vck5000_project/hls/build/hw/temp_dir/link/link/vivado/vpl/prj/prj.gen/my_rm/bd/ulp_inst_0/ip/ulp_inst_0_axi_ic_user_0/bd_0/ip/ip_21/synth/bd_d23e_s00sic_0.sv:53]
INFO: [Synth 8-6155] done synthesizing module 'bd_d23e_s00sic_0' (0#1) [/home/x_thileeb/repos/ops-hls-pact25-artifact/codegen_apps/jacobian3d/vck5000_project/hls/build/hw/temp_dir/link/link/vivado/vpl/prj/prj.gen/my_rm/bd/ulp_inst_0/ip/ulp_inst_0_axi_ic_user_0/bd_0/ip/ip_21/synth/bd_d23e_s00sic_0.sv:53]
INFO: [Synth 8-6157] synthesizing module 'bd_d23e_s00tr_0' [/home/x_thileeb/repos/ops-hls-pact25-artifact/codegen_apps/jacobian3d/vck5000_project/hls/build/hw/temp_dir/link/link/vivado/vpl/prj/prj.gen/my_rm/bd/ulp_inst_0/ip/ulp_inst_0_axi_ic_user_0/bd_0/ip/ip_20/synth/bd_d23e_s00tr_0.sv:53]
INFO: [Synth 8-6155] done synthesizing module 'bd_d23e_s00tr_0' (0#1) [/home/x_thileeb/repos/ops-hls-pact25-artifact/codegen_apps/jacobian3d/vck5000_project/hls/build/hw/temp_dir/link/link/vivado/vpl/prj/prj.gen/my_rm/bd/ulp_inst_0/ip/ulp_inst_0_axi_ic_user_0/bd_0/ip/ip_20/synth/bd_d23e_s00tr_0.sv:53]
WARNING: [Synth 8-7071] port 'm_axi_awburst' of module 'bd_d23e_s00tr_0' is unconnected for instance 's00_transaction_regulator' [/home/x_thileeb/repos/ops-hls-pact25-artifact/codegen_apps/jacobian3d/vck5000_project/hls/build/hw/temp_dir/link/link/vivado/vpl/prj/prj.gen/my_rm/bd/ulp_inst_0/ip/ulp_inst_0_axi_ic_user_0/bd_0/synth/bd_d23e.v:4375]
WARNING: [Synth 8-7071] port 'm_axi_arburst' of module 'bd_d23e_s00tr_0' is unconnected for instance 's00_transaction_regulator' [/home/x_thileeb/repos/ops-hls-pact25-artifact/codegen_apps/jacobian3d/vck5000_project/hls/build/hw/temp_dir/link/link/vivado/vpl/prj/prj.gen/my_rm/bd/ulp_inst_0/ip/ulp_inst_0_axi_ic_user_0/bd_0/synth/bd_d23e.v:4375]
WARNING: [Synth 8-7023] instance 's00_transaction_regulator' of module 'bd_d23e_s00tr_0' has 82 connections declared, but only 80 given [/home/x_thileeb/repos/ops-hls-pact25-artifact/codegen_apps/jacobian3d/vck5000_project/hls/build/hw/temp_dir/link/link/vivado/vpl/prj/prj.gen/my_rm/bd/ulp_inst_0/ip/ulp_inst_0_axi_ic_user_0/bd_0/synth/bd_d23e.v:4375]
INFO: [Synth 8-6155] done synthesizing module 's00_entry_pipeline_imp_2TNUNJ' (0#1) [/home/x_thileeb/repos/ops-hls-pact25-artifact/codegen_apps/jacobian3d/vck5000_project/hls/build/hw/temp_dir/link/link/vivado/vpl/prj/prj.gen/my_rm/bd/ulp_inst_0/ip/ulp_inst_0_axi_ic_user_0/bd_0/synth/bd_d23e.v:3917]
INFO: [Synth 8-6157] synthesizing module 's00_nodes_imp_8RFKZ9' [/home/x_thileeb/repos/ops-hls-pact25-artifact/codegen_apps/jacobian3d/vck5000_project/hls/build/hw/temp_dir/link/link/vivado/vpl/prj/prj.gen/my_rm/bd/ulp_inst_0/ip/ulp_inst_0_axi_ic_user_0/bd_0/synth/bd_d23e.v:4458]
INFO: [Synth 8-6157] synthesizing module 'bd_d23e_sarn_0' [/home/x_thileeb/repos/ops-hls-pact25-artifact/codegen_apps/jacobian3d/vck5000_project/hls/build/hw/temp_dir/link/link/vivado/vpl/prj/prj.gen/my_rm/bd/ulp_inst_0/ip/ulp_inst_0_axi_ic_user_0/bd_0/ip/ip_23/synth/bd_d23e_sarn_0.sv:53]
INFO: [Synth 8-6155] done synthesizing module 'bd_d23e_sarn_0' (0#1) [/home/x_thileeb/repos/ops-hls-pact25-artifact/codegen_apps/jacobian3d/vck5000_project/hls/build/hw/temp_dir/link/link/vivado/vpl/prj/prj.gen/my_rm/bd/ulp_inst_0/ip/ulp_inst_0_axi_ic_user_0/bd_0/ip/ip_23/synth/bd_d23e_sarn_0.sv:53]
INFO: [Synth 8-6157] synthesizing module 'bd_d23e_sawn_0' [/home/x_thileeb/repos/ops-hls-pact25-artifact/codegen_apps/jacobian3d/vck5000_project/hls/build/hw/temp_dir/link/link/vivado/vpl/prj/prj.gen/my_rm/bd/ulp_inst_0/ip/ulp_inst_0_axi_ic_user_0/bd_0/ip/ip_25/synth/bd_d23e_sawn_0.sv:53]
INFO: [Synth 8-6155] done synthesizing module 'bd_d23e_sawn_0' (0#1) [/home/x_thileeb/repos/ops-hls-pact25-artifact/codegen_apps/jacobian3d/vck5000_project/hls/build/hw/temp_dir/link/link/vivado/vpl/prj/prj.gen/my_rm/bd/ulp_inst_0/ip/ulp_inst_0_axi_ic_user_0/bd_0/ip/ip_25/synth/bd_d23e_sawn_0.sv:53]
INFO: [Synth 8-6157] synthesizing module 'bd_d23e_sbn_0' [/home/x_thileeb/repos/ops-hls-pact25-artifact/codegen_apps/jacobian3d/vck5000_project/hls/build/hw/temp_dir/link/link/vivado/vpl/prj/prj.gen/my_rm/bd/ulp_inst_0/ip/ulp_inst_0_axi_ic_user_0/bd_0/ip/ip_27/synth/bd_d23e_sbn_0.sv:53]
INFO: [Synth 8-6155] done synthesizing module 'bd_d23e_sbn_0' (0#1) [/home/x_thileeb/repos/ops-hls-pact25-artifact/codegen_apps/jacobian3d/vck5000_project/hls/build/hw/temp_dir/link/link/vivado/vpl/prj/prj.gen/my_rm/bd/ulp_inst_0/ip/ulp_inst_0_axi_ic_user_0/bd_0/ip/ip_27/synth/bd_d23e_sbn_0.sv:53]
INFO: [Synth 8-6157] synthesizing module 'bd_d23e_srn_0' [/home/x_thileeb/repos/ops-hls-pact25-artifact/codegen_apps/jacobian3d/vck5000_project/hls/build/hw/temp_dir/link/link/vivado/vpl/prj/prj.gen/my_rm/bd/ulp_inst_0/ip/ulp_inst_0_axi_ic_user_0/bd_0/ip/ip_24/synth/bd_d23e_srn_0.sv:53]
INFO: [Synth 8-6155] done synthesizing module 'bd_d23e_srn_0' (0#1) [/home/x_thileeb/repos/ops-hls-pact25-artifact/codegen_apps/jacobian3d/vck5000_project/hls/build/hw/temp_dir/link/link/vivado/vpl/prj/prj.gen/my_rm/bd/ulp_inst_0/ip/ulp_inst_0_axi_ic_user_0/bd_0/ip/ip_24/synth/bd_d23e_srn_0.sv:53]
INFO: [Synth 8-6157] synthesizing module 'bd_d23e_swn_0' [/home/x_thileeb/repos/ops-hls-pact25-artifact/codegen_apps/jacobian3d/vck5000_project/hls/build/hw/temp_dir/link/link/vivado/vpl/prj/prj.gen/my_rm/bd/ulp_inst_0/ip/ulp_inst_0_axi_ic_user_0/bd_0/ip/ip_26/synth/bd_d23e_swn_0.sv:53]
INFO: [Synth 8-6155] done synthesizing module 'bd_d23e_swn_0' (0#1) [/home/x_thileeb/repos/ops-hls-pact25-artifact/codegen_apps/jacobian3d/vck5000_project/hls/build/hw/temp_dir/link/link/vivado/vpl/prj/prj.gen/my_rm/bd/ulp_inst_0/ip/ulp_inst_0_axi_ic_user_0/bd_0/ip/ip_26/synth/bd_d23e_swn_0.sv:53]
INFO: [Synth 8-6155] done synthesizing module 's00_nodes_imp_8RFKZ9' (0#1) [/home/x_thileeb/repos/ops-hls-pact25-artifact/codegen_apps/jacobian3d/vck5000_project/hls/build/hw/temp_dir/link/link/vivado/vpl/prj/prj.gen/my_rm/bd/ulp_inst_0/ip/ulp_inst_0_axi_ic_user_0/bd_0/synth/bd_d23e.v:4458]
INFO: [Synth 8-6157] synthesizing module 'switchboards_imp_WAL0IP' [/home/x_thileeb/repos/ops-hls-pact25-artifact/codegen_apps/jacobian3d/vck5000_project/hls/build/hw/temp_dir/link/link/vivado/vpl/prj/prj.gen/my_rm/bd/ulp_inst_0/ip/ulp_inst_0_axi_ic_user_0/bd_0/synth/bd_d23e.v:4754]
INFO: [Synth 8-6157] synthesizing module 'bd_d23e_arinsw_0' [/home/x_thileeb/repos/ops-hls-pact25-artifact/codegen_apps/jacobian3d/vck5000_project/hls/build/hw/temp_dir/link/link/vivado/vpl/prj/prj.gen/my_rm/bd/ulp_inst_0/ip/ulp_inst_0_axi_ic_user_0/bd_0/ip/ip_4/synth/bd_d23e_arinsw_0.sv:53]
INFO: [Synth 8-6155] done synthesizing module 'bd_d23e_arinsw_0' (0#1) [/home/x_thileeb/repos/ops-hls-pact25-artifact/codegen_apps/jacobian3d/vck5000_project/hls/build/hw/temp_dir/link/link/vivado/vpl/prj/prj.gen/my_rm/bd/ulp_inst_0/ip/ulp_inst_0_axi_ic_user_0/bd_0/ip/ip_4/synth/bd_d23e_arinsw_0.sv:53]
INFO: [Synth 8-6157] synthesizing module 'bd_d23e_aroutsw_0' [/home/x_thileeb/repos/ops-hls-pact25-artifact/codegen_apps/jacobian3d/vck5000_project/hls/build/hw/temp_dir/link/link/vivado/vpl/prj/prj.gen/my_rm/bd/ulp_inst_0/ip/ulp_inst_0_axi_ic_user_0/bd_0/ip/ip_9/synth/bd_d23e_aroutsw_0.sv:53]
INFO: [Synth 8-6155] done synthesizing module 'bd_d23e_aroutsw_0' (0#1) [/home/x_thileeb/repos/ops-hls-pact25-artifact/codegen_apps/jacobian3d/vck5000_project/hls/build/hw/temp_dir/link/link/vivado/vpl/prj/prj.gen/my_rm/bd/ulp_inst_0/ip/ulp_inst_0_axi_ic_user_0/bd_0/ip/ip_9/synth/bd_d23e_aroutsw_0.sv:53]
INFO: [Synth 8-6157] synthesizing module 'bd_d23e_awinsw_0' [/home/x_thileeb/repos/ops-hls-pact25-artifact/codegen_apps/jacobian3d/vck5000_project/hls/build/hw/temp_dir/link/link/vivado/vpl/prj/prj.gen/my_rm/bd/ulp_inst_0/ip/ulp_inst_0_axi_ic_user_0/bd_0/ip/ip_6/synth/bd_d23e_awinsw_0.sv:53]
INFO: [Synth 8-6155] done synthesizing module 'bd_d23e_awinsw_0' (0#1) [/home/x_thileeb/repos/ops-hls-pact25-artifact/codegen_apps/jacobian3d/vck5000_project/hls/build/hw/temp_dir/link/link/vivado/vpl/prj/prj.gen/my_rm/bd/ulp_inst_0/ip/ulp_inst_0_axi_ic_user_0/bd_0/ip/ip_6/synth/bd_d23e_awinsw_0.sv:53]
INFO: [Synth 8-6157] synthesizing module 'bd_d23e_awoutsw_0' [/home/x_thileeb/repos/ops-hls-pact25-artifact/codegen_apps/jacobian3d/vck5000_project/hls/build/hw/temp_dir/link/link/vivado/vpl/prj/prj.gen/my_rm/bd/ulp_inst_0/ip/ulp_inst_0_axi_ic_user_0/bd_0/ip/ip_11/synth/bd_d23e_awoutsw_0.sv:53]
INFO: [Synth 8-6155] done synthesizing module 'bd_d23e_awoutsw_0' (0#1) [/home/x_thileeb/repos/ops-hls-pact25-artifact/codegen_apps/jacobian3d/vck5000_project/hls/build/hw/temp_dir/link/link/vivado/vpl/prj/prj.gen/my_rm/bd/ulp_inst_0/ip/ulp_inst_0_axi_ic_user_0/bd_0/ip/ip_11/synth/bd_d23e_awoutsw_0.sv:53]
INFO: [Synth 8-6157] synthesizing module 'bd_d23e_binsw_0' [/home/x_thileeb/repos/ops-hls-pact25-artifact/codegen_apps/jacobian3d/vck5000_project/hls/build/hw/temp_dir/link/link/vivado/vpl/prj/prj.gen/my_rm/bd/ulp_inst_0/ip/ulp_inst_0_axi_ic_user_0/bd_0/ip/ip_8/synth/bd_d23e_binsw_0.sv:53]
INFO: [Synth 8-6155] done synthesizing module 'bd_d23e_binsw_0' (0#1) [/home/x_thileeb/repos/ops-hls-pact25-artifact/codegen_apps/jacobian3d/vck5000_project/hls/build/hw/temp_dir/link/link/vivado/vpl/prj/prj.gen/my_rm/bd/ulp_inst_0/ip/ulp_inst_0_axi_ic_user_0/bd_0/ip/ip_8/synth/bd_d23e_binsw_0.sv:53]
INFO: [Synth 8-6157] synthesizing module 'bd_d23e_boutsw_0' [/home/x_thileeb/repos/ops-hls-pact25-artifact/codegen_apps/jacobian3d/vck5000_project/hls/build/hw/temp_dir/link/link/vivado/vpl/prj/prj.gen/my_rm/bd/ulp_inst_0/ip/ulp_inst_0_axi_ic_user_0/bd_0/ip/ip_13/synth/bd_d23e_boutsw_0.sv:53]
INFO: [Synth 8-6155] done synthesizing module 'bd_d23e_boutsw_0' (0#1) [/home/x_thileeb/repos/ops-hls-pact25-artifact/codegen_apps/jacobian3d/vck5000_project/hls/build/hw/temp_dir/link/link/vivado/vpl/prj/prj.gen/my_rm/bd/ulp_inst_0/ip/ulp_inst_0_axi_ic_user_0/bd_0/ip/ip_13/synth/bd_d23e_boutsw_0.sv:53]
INFO: [Synth 8-6157] synthesizing module 'i_nodes_imp_1CWPMFT' [/home/x_thileeb/repos/ops-hls-pact25-artifact/codegen_apps/jacobian3d/vck5000_project/hls/build/hw/temp_dir/link/link/vivado/vpl/prj/prj.gen/my_rm/bd/ulp_inst_0/ip/ulp_inst_0_axi_ic_user_0/bd_0/synth/bd_d23e.v:1720]
INFO: [Synth 8-6157] synthesizing module 'bd_d23e_arni_0' [/home/x_thileeb/repos/ops-hls-pact25-artifact/codegen_apps/jacobian3d/vck5000_project/hls/build/hw/temp_dir/link/link/vivado/vpl/prj/prj.gen/my_rm/bd/ulp_inst_0/ip/ulp_inst_0_axi_ic_user_0/bd_0/ip/ip_14/synth/bd_d23e_arni_0.sv:53]
INFO: [Synth 8-6155] done synthesizing module 'bd_d23e_arni_0' (0#1) [/home/x_thileeb/repos/ops-hls-pact25-artifact/codegen_apps/jacobian3d/vck5000_project/hls/build/hw/temp_dir/link/link/vivado/vpl/prj/prj.gen/my_rm/bd/ulp_inst_0/ip/ulp_inst_0_axi_ic_user_0/bd_0/ip/ip_14/synth/bd_d23e_arni_0.sv:53]
INFO: [Synth 8-6157] synthesizing module 'bd_d23e_awni_0' [/home/x_thileeb/repos/ops-hls-pact25-artifact/codegen_apps/jacobian3d/vck5000_project/hls/build/hw/temp_dir/link/link/vivado/vpl/prj/prj.gen/my_rm/bd/ulp_inst_0/ip/ulp_inst_0_axi_ic_user_0/bd_0/ip/ip_16/synth/bd_d23e_awni_0.sv:53]
INFO: [Synth 8-6155] done synthesizing module 'bd_d23e_awni_0' (0#1) [/home/x_thileeb/repos/ops-hls-pact25-artifact/codegen_apps/jacobian3d/vck5000_project/hls/build/hw/temp_dir/link/link/vivado/vpl/prj/prj.gen/my_rm/bd/ulp_inst_0/ip/ulp_inst_0_axi_ic_user_0/bd_0/ip/ip_16/synth/bd_d23e_awni_0.sv:53]
INFO: [Synth 8-6157] synthesizing module 'bd_d23e_bni_0' [/home/x_thileeb/repos/ops-hls-pact25-artifact/codegen_apps/jacobian3d/vck5000_project/hls/build/hw/temp_dir/link/link/vivado/vpl/prj/prj.gen/my_rm/bd/ulp_inst_0/ip/ulp_inst_0_axi_ic_user_0/bd_0/ip/ip_18/synth/bd_d23e_bni_0.sv:53]
INFO: [Synth 8-6155] done synthesizing module 'bd_d23e_bni_0' (0#1) [/home/x_thileeb/repos/ops-hls-pact25-artifact/codegen_apps/jacobian3d/vck5000_project/hls/build/hw/temp_dir/link/link/vivado/vpl/prj/prj.gen/my_rm/bd/ulp_inst_0/ip/ulp_inst_0_axi_ic_user_0/bd_0/ip/ip_18/synth/bd_d23e_bni_0.sv:53]
INFO: [Synth 8-6157] synthesizing module 'bd_d23e_rni_0' [/home/x_thileeb/repos/ops-hls-pact25-artifact/codegen_apps/jacobian3d/vck5000_project/hls/build/hw/temp_dir/link/link/vivado/vpl/prj/prj.gen/my_rm/bd/ulp_inst_0/ip/ulp_inst_0_axi_ic_user_0/bd_0/ip/ip_15/synth/bd_d23e_rni_0.sv:53]
INFO: [Synth 8-6155] done synthesizing module 'bd_d23e_rni_0' (0#1) [/home/x_thileeb/repos/ops-hls-pact25-artifact/codegen_apps/jacobian3d/vck5000_project/hls/build/hw/temp_dir/link/link/vivado/vpl/prj/prj.gen/my_rm/bd/ulp_inst_0/ip/ulp_inst_0_axi_ic_user_0/bd_0/ip/ip_15/synth/bd_d23e_rni_0.sv:53]
INFO: [Synth 8-6157] synthesizing module 'bd_d23e_wni_0' [/home/x_thileeb/repos/ops-hls-pact25-artifact/codegen_apps/jacobian3d/vck5000_project/hls/build/hw/temp_dir/link/link/vivado/vpl/prj/prj.gen/my_rm/bd/ulp_inst_0/ip/ulp_inst_0_axi_ic_user_0/bd_0/ip/ip_17/synth/bd_d23e_wni_0.sv:53]
INFO: [Synth 8-6155] done synthesizing module 'bd_d23e_wni_0' (0#1) [/home/x_thileeb/repos/ops-hls-pact25-artifact/codegen_apps/jacobian3d/vck5000_project/hls/build/hw/temp_dir/link/link/vivado/vpl/prj/prj.gen/my_rm/bd/ulp_inst_0/ip/ulp_inst_0_axi_ic_user_0/bd_0/ip/ip_17/synth/bd_d23e_wni_0.sv:53]
INFO: [Synth 8-6155] done synthesizing module 'i_nodes_imp_1CWPMFT' (0#1) [/home/x_thileeb/repos/ops-hls-pact25-artifact/codegen_apps/jacobian3d/vck5000_project/hls/build/hw/temp_dir/link/link/vivado/vpl/prj/prj.gen/my_rm/bd/ulp_inst_0/ip/ulp_inst_0_axi_ic_user_0/bd_0/synth/bd_d23e.v:1720]
INFO: [Synth 8-6157] synthesizing module 'bd_d23e_rinsw_0' [/home/x_thileeb/repos/ops-hls-pact25-artifact/codegen_apps/jacobian3d/vck5000_project/hls/build/hw/temp_dir/link/link/vivado/vpl/prj/prj.gen/my_rm/bd/ulp_inst_0/ip/ulp_inst_0_axi_ic_user_0/bd_0/ip/ip_5/synth/bd_d23e_rinsw_0.sv:53]
INFO: [Synth 8-6155] done synthesizing module 'bd_d23e_rinsw_0' (0#1) [/home/x_thileeb/repos/ops-hls-pact25-artifact/codegen_apps/jacobian3d/vck5000_project/hls/build/hw/temp_dir/link/link/vivado/vpl/prj/prj.gen/my_rm/bd/ulp_inst_0/ip/ulp_inst_0_axi_ic_user_0/bd_0/ip/ip_5/synth/bd_d23e_rinsw_0.sv:53]
INFO: [Synth 8-6157] synthesizing module 'bd_d23e_routsw_0' [/home/x_thileeb/repos/ops-hls-pact25-artifact/codegen_apps/jacobian3d/vck5000_project/hls/build/hw/temp_dir/link/link/vivado/vpl/prj/prj.gen/my_rm/bd/ulp_inst_0/ip/ulp_inst_0_axi_ic_user_0/bd_0/ip/ip_10/synth/bd_d23e_routsw_0.sv:53]
INFO: [Synth 8-6155] done synthesizing module 'bd_d23e_routsw_0' (0#1) [/home/x_thileeb/repos/ops-hls-pact25-artifact/codegen_apps/jacobian3d/vck5000_project/hls/build/hw/temp_dir/link/link/vivado/vpl/prj/prj.gen/my_rm/bd/ulp_inst_0/ip/ulp_inst_0_axi_ic_user_0/bd_0/ip/ip_10/synth/bd_d23e_routsw_0.sv:53]
INFO: [Synth 8-6157] synthesizing module 'bd_d23e_winsw_0' [/home/x_thileeb/repos/ops-hls-pact25-artifact/codegen_apps/jacobian3d/vck5000_project/hls/build/hw/temp_dir/link/link/vivado/vpl/prj/prj.gen/my_rm/bd/ulp_inst_0/ip/ulp_inst_0_axi_ic_user_0/bd_0/ip/ip_7/synth/bd_d23e_winsw_0.sv:53]
INFO: [Synth 8-6155] done synthesizing module 'bd_d23e_winsw_0' (0#1) [/home/x_thileeb/repos/ops-hls-pact25-artifact/codegen_apps/jacobian3d/vck5000_project/hls/build/hw/temp_dir/link/link/vivado/vpl/prj/prj.gen/my_rm/bd/ulp_inst_0/ip/ulp_inst_0_axi_ic_user_0/bd_0/ip/ip_7/synth/bd_d23e_winsw_0.sv:53]
INFO: [Synth 8-6157] synthesizing module 'bd_d23e_woutsw_0' [/home/x_thileeb/repos/ops-hls-pact25-artifact/codegen_apps/jacobian3d/vck5000_project/hls/build/hw/temp_dir/link/link/vivado/vpl/prj/prj.gen/my_rm/bd/ulp_inst_0/ip/ulp_inst_0_axi_ic_user_0/bd_0/ip/ip_12/synth/bd_d23e_woutsw_0.sv:53]
INFO: [Synth 8-6155] done synthesizing module 'bd_d23e_woutsw_0' (0#1) [/home/x_thileeb/repos/ops-hls-pact25-artifact/codegen_apps/jacobian3d/vck5000_project/hls/build/hw/temp_dir/link/link/vivado/vpl/prj/prj.gen/my_rm/bd/ulp_inst_0/ip/ulp_inst_0_axi_ic_user_0/bd_0/ip/ip_12/synth/bd_d23e_woutsw_0.sv:53]
INFO: [Synth 8-6155] done synthesizing module 'switchboards_imp_WAL0IP' (0#1) [/home/x_thileeb/repos/ops-hls-pact25-artifact/codegen_apps/jacobian3d/vck5000_project/hls/build/hw/temp_dir/link/link/vivado/vpl/prj/prj.gen/my_rm/bd/ulp_inst_0/ip/ulp_inst_0_axi_ic_user_0/bd_0/synth/bd_d23e.v:4754]
INFO: [Synth 8-6155] done synthesizing module 'bd_d23e' (0#1) [/home/x_thileeb/repos/ops-hls-pact25-artifact/codegen_apps/jacobian3d/vck5000_project/hls/build/hw/temp_dir/link/link/vivado/vpl/prj/prj.gen/my_rm/bd/ulp_inst_0/ip/ulp_inst_0_axi_ic_user_0/bd_0/synth/bd_d23e.v:9]
INFO: [Synth 8-6155] done synthesizing module 'ulp_inst_0_axi_ic_user_0' (0#1) [/home/x_thileeb/repos/ops-hls-pact25-artifact/codegen_apps/jacobian3d/vck5000_project/hls/build/hw/temp_dir/link/link/vivado/vpl/prj/prj.gen/my_rm/bd/ulp_inst_0/ip/ulp_inst_0_axi_ic_user_0/synth/ulp_inst_0_axi_ic_user_0.v:53]
WARNING: [Synth 8-3848] Net aresetn_out in module/entity clk_map_imp_VJFAYF does not have driver. [/home/x_thileeb/repos/ops-hls-pact25-artifact/codegen_apps/jacobian3d/vck5000_project/hls/build/hw/temp_dir/link/link/vivado/vpl/prj/prj.gen/my_rm/bd/ulp_inst_0/ip/ulp_inst_0_axi_ic_user_0/bd_0/synth/bd_d23e.v:1670]
WARNING: [Synth 8-6014] Unused sequential element dest_req_ext_ff_reg was removed.  [/tools/Xilinx/Vivado/2022.1/data/ip/xpm/xpm_cdc/hdl/xpm_cdc.sv:623]
WARNING: [Synth 8-6014] Unused sequential element dest_req_ext_ff_reg was removed.  [/tools/Xilinx/Vivado/2022.1/data/ip/xpm/xpm_cdc/hdl/xpm_cdc.sv:623]
WARNING: [Synth 8-6014] Unused sequential element dest_req_ext_ff_reg was removed.  [/tools/Xilinx/Vivado/2022.1/data/ip/xpm/xpm_cdc/hdl/xpm_cdc.sv:623]
WARNING: [Synth 8-6014] Unused sequential element dest_req_ext_ff_reg was removed.  [/tools/Xilinx/Vivado/2022.1/data/ip/xpm/xpm_cdc/hdl/xpm_cdc.sv:623]
WARNING: [Synth 8-6014] Unused sequential element dest_req_ext_ff_reg was removed.  [/tools/Xilinx/Vivado/2022.1/data/ip/xpm/xpm_cdc/hdl/xpm_cdc.sv:623]
WARNING: [Synth 8-7129] Port aclk in module sc_util_v1_0_4_pipeline__parameterized4 is either unconnected or has no load
WARNING: [Synth 8-7129] Port aclken in module sc_util_v1_0_4_pipeline__parameterized4 is either unconnected or has no load
WARNING: [Synth 8-7129] Port areset in module sc_util_v1_0_4_pipeline__parameterized4 is either unconnected or has no load
WARNING: [Synth 8-7129] Port aclk in module sc_util_v1_0_4_pipeline__parameterized0 is either unconnected or has no load
WARNING: [Synth 8-7129] Port aclken in module sc_util_v1_0_4_pipeline__parameterized0 is either unconnected or has no load
WARNING: [Synth 8-7129] Port areset in module sc_util_v1_0_4_pipeline__parameterized0 is either unconnected or has no load
WARNING: [Synth 8-7129] Port din[0] in module sc_util_v1_0_4_onehot_to_binary__parameterized0 is either unconnected or has no load
WARNING: [Synth 8-7129] Port connectivity[2] in module sc_switchboard_v1_0_6_top__parameterized6 is either unconnected or has no load
WARNING: [Synth 8-7129] Port connectivity[1] in module sc_switchboard_v1_0_6_top__parameterized6 is either unconnected or has no load
WARNING: [Synth 8-7129] Port connectivity[0] in module sc_switchboard_v1_0_6_top__parameterized6 is either unconnected or has no load
WARNING: [Synth 8-7129] Port connectivity[0] in module sc_switchboard_v1_0_6_top__parameterized5 is either unconnected or has no load
WARNING: [Synth 8-7129] Port aclk in module sc_util_v1_0_4_pipeline__parameterized3 is either unconnected or has no load
WARNING: [Synth 8-7129] Port aclken in module sc_util_v1_0_4_pipeline__parameterized3 is either unconnected or has no load
WARNING: [Synth 8-7129] Port areset in module sc_util_v1_0_4_pipeline__parameterized3 is either unconnected or has no load
WARNING: [Synth 8-7129] Port aclk in module sc_util_v1_0_4_pipeline__parameterized9 is either unconnected or has no load
WARNING: [Synth 8-7129] Port aclken in module sc_util_v1_0_4_pipeline__parameterized9 is either unconnected or has no load
WARNING: [Synth 8-7129] Port areset in module sc_util_v1_0_4_pipeline__parameterized9 is either unconnected or has no load
WARNING: [Synth 8-7129] Port din[0] in module sc_util_v1_0_4_onehot_to_binary__parameterized1 is either unconnected or has no load
WARNING: [Synth 8-7129] Port connectivity[2] in module sc_switchboard_v1_0_6_top__parameterized4 is either unconnected or has no load
WARNING: [Synth 8-7129] Port connectivity[1] in module sc_switchboard_v1_0_6_top__parameterized4 is either unconnected or has no load
WARNING: [Synth 8-7129] Port connectivity[0] in module sc_switchboard_v1_0_6_top__parameterized4 is either unconnected or has no load
WARNING: [Synth 8-7129] Port connectivity[0] in module sc_switchboard_v1_0_6_top__parameterized3 is either unconnected or has no load
WARNING: [Synth 8-7129] Port din[0] in module sc_util_v1_0_4_onehot_to_binary is either unconnected or has no load
WARNING: [Synth 8-7129] Port slow_clk in module sc_util_v1_0_4_sample_cycle_ratio is either unconnected or has no load
WARNING: [Synth 8-7129] Port fast_clk in module sc_util_v1_0_4_sample_cycle_ratio is either unconnected or has no load
WARNING: [Synth 8-7129] Port aclk in module sc_util_v1_0_4_pipeline__parameterized14 is either unconnected or has no load
WARNING: [Synth 8-7129] Port aclken in module sc_util_v1_0_4_pipeline__parameterized14 is either unconnected or has no load
WARNING: [Synth 8-7129] Port areset in module sc_util_v1_0_4_pipeline__parameterized14 is either unconnected or has no load
WARNING: [Synth 8-7129] Port aclk in module sc_node_v1_0_14_reg_slice3__parameterized1 is either unconnected or has no load
WARNING: [Synth 8-7129] Port aclken in module sc_node_v1_0_14_reg_slice3__parameterized1 is either unconnected or has no load
WARNING: [Synth 8-7129] Port areset in module sc_node_v1_0_14_reg_slice3__parameterized1 is either unconnected or has no load
WARNING: [Synth 8-7129] Port aclk in module sc_node_v1_0_14_si_handler__parameterized8 is either unconnected or has no load
WARNING: [Synth 8-7129] Port aclken in module sc_node_v1_0_14_si_handler__parameterized8 is either unconnected or has no load
WARNING: [Synth 8-7129] Port areset in module sc_node_v1_0_14_si_handler__parameterized8 is either unconnected or has no load
WARNING: [Synth 8-7129] Port s_sc_req[0] in module sc_node_v1_0_14_si_handler__parameterized8 is either unconnected or has no load
WARNING: [Synth 8-7129] Port s_sc_info[0] in module sc_node_v1_0_14_si_handler__parameterized8 is either unconnected or has no load
WARNING: [Synth 8-7129] Port s_axis_arb_tvalid in module sc_node_v1_0_14_si_handler__parameterized8 is either unconnected or has no load
WARNING: [Synth 8-7129] Port s_axis_arb_tdata[15] in module sc_node_v1_0_14_si_handler__parameterized8 is either unconnected or has no load
WARNING: [Synth 8-7129] Port s_axis_arb_tdata[14] in module sc_node_v1_0_14_si_handler__parameterized8 is either unconnected or has no load
WARNING: [Synth 8-7129] Port s_axis_arb_tdata[13] in module sc_node_v1_0_14_si_handler__parameterized8 is either unconnected or has no load
WARNING: [Synth 8-7129] Port s_axis_arb_tdata[12] in module sc_node_v1_0_14_si_handler__parameterized8 is either unconnected or has no load
WARNING: [Synth 8-7129] Port s_axis_arb_tdata[11] in module sc_node_v1_0_14_si_handler__parameterized8 is either unconnected or has no load
WARNING: [Synth 8-7129] Port s_axis_arb_tdata[10] in module sc_node_v1_0_14_si_handler__parameterized8 is either unconnected or has no load
WARNING: [Synth 8-7129] Port s_axis_arb_tdata[9] in module sc_node_v1_0_14_si_handler__parameterized8 is either unconnected or has no load
WARNING: [Synth 8-7129] Port s_axis_arb_tdata[8] in module sc_node_v1_0_14_si_handler__parameterized8 is either unconnected or has no load
WARNING: [Synth 8-7129] Port s_axis_arb_tdata[7] in module sc_node_v1_0_14_si_handler__parameterized8 is either unconnected or has no load
WARNING: [Synth 8-7129] Port s_axis_arb_tdata[6] in module sc_node_v1_0_14_si_handler__parameterized8 is either unconnected or has no load
WARNING: [Synth 8-7129] Port s_axis_arb_tdata[5] in module sc_node_v1_0_14_si_handler__parameterized8 is either unconnected or has no load
WARNING: [Synth 8-7129] Port s_axis_arb_tdata[4] in module sc_node_v1_0_14_si_handler__parameterized8 is either unconnected or has no load
WARNING: [Synth 8-7129] Port s_axis_arb_tdata[3] in module sc_node_v1_0_14_si_handler__parameterized8 is either unconnected or has no load
WARNING: [Synth 8-7129] Port s_axis_arb_tdata[2] in module sc_node_v1_0_14_si_handler__parameterized8 is either unconnected or has no load
WARNING: [Synth 8-7129] Port s_axis_arb_tdata[1] in module sc_node_v1_0_14_si_handler__parameterized8 is either unconnected or has no load
WARNING: [Synth 8-7129] Port s_axis_arb_tdata[0] in module sc_node_v1_0_14_si_handler__parameterized8 is either unconnected or has no load
WARNING: [Synth 8-7129] Port m_axis_arb_tready in module sc_node_v1_0_14_si_handler__parameterized8 is either unconnected or has no load
WARNING: [Synth 8-7129] Port aclk in module sc_util_v1_0_4_axic_register_slice is either unconnected or has no load
WARNING: [Synth 8-7129] Port areset in module sc_util_v1_0_4_axic_register_slice is either unconnected or has no load
WARNING: [Synth 8-7129] Port aclken in module sc_util_v1_0_4_axic_register_slice is either unconnected or has no load
WARNING: [Synth 8-7129] Port m_sc_aclken in module sc_node_v1_0_14_top__parameterized18 is either unconnected or has no load
WARNING: [Synth 8-7129] Port din[0] in module sc_util_v1_0_4_onehot_to_binary__parameterized2 is either unconnected or has no load
WARNING: [Synth 8-7129] Port aclk in module sc_util_v1_0_4_pipeline__parameterized11 is either unconnected or has no load
WARNING: [Synth 8-7129] Port aclken in module sc_util_v1_0_4_pipeline__parameterized11 is either unconnected or has no load
WARNING: [Synth 8-7129] Port areset in module sc_util_v1_0_4_pipeline__parameterized11 is either unconnected or has no load
WARNING: [Synth 8-7129] Port aclk in module sc_util_v1_0_4_pipeline__parameterized13 is either unconnected or has no load
WARNING: [Synth 8-7129] Port aclken in module sc_util_v1_0_4_pipeline__parameterized13 is either unconnected or has no load
WARNING: [Synth 8-7129] Port areset in module sc_util_v1_0_4_pipeline__parameterized13 is either unconnected or has no load
WARNING: [Synth 8-7129] Port aclk in module sc_node_v1_0_14_reg_slice3 is either unconnected or has no load
WARNING: [Synth 8-7129] Port aclken in module sc_node_v1_0_14_reg_slice3 is either unconnected or has no load
WARNING: [Synth 8-7129] Port areset in module sc_node_v1_0_14_reg_slice3 is either unconnected or has no load
WARNING: [Synth 8-7129] Port areset in module sc_node_v1_0_14_fi_regulator is either unconnected or has no load
WARNING: [Synth 8-7129] Port s_sc_info[2] in module sc_node_v1_0_14_si_handler__parameterized10 is either unconnected or has no load
WARNING: [Synth 8-7129] Port s_sc_info[1] in module sc_node_v1_0_14_si_handler__parameterized10 is either unconnected or has no load
WARNING: [Synth 8-7129] Port s_sc_info[0] in module sc_node_v1_0_14_si_handler__parameterized10 is either unconnected or has no load
WARNING: [Synth 8-7129] Port s_axis_arb_tvalid in module sc_node_v1_0_14_si_handler__parameterized10 is either unconnected or has no load
WARNING: [Synth 8-7129] Port s_axis_arb_tdata[15] in module sc_node_v1_0_14_si_handler__parameterized10 is either unconnected or has no load
WARNING: [Synth 8-7129] Port s_axis_arb_tdata[14] in module sc_node_v1_0_14_si_handler__parameterized10 is either unconnected or has no load
WARNING: [Synth 8-7129] Port s_axis_arb_tdata[13] in module sc_node_v1_0_14_si_handler__parameterized10 is either unconnected or has no load
WARNING: [Synth 8-7129] Port s_axis_arb_tdata[12] in module sc_node_v1_0_14_si_handler__parameterized10 is either unconnected or has no load
WARNING: [Synth 8-7129] Port s_axis_arb_tdata[11] in module sc_node_v1_0_14_si_handler__parameterized10 is either unconnected or has no load
WARNING: [Synth 8-7129] Port s_axis_arb_tdata[10] in module sc_node_v1_0_14_si_handler__parameterized10 is either unconnected or has no load
WARNING: [Synth 8-7129] Port s_axis_arb_tdata[9] in module sc_node_v1_0_14_si_handler__parameterized10 is either unconnected or has no load
WARNING: [Synth 8-7129] Port s_axis_arb_tdata[8] in module sc_node_v1_0_14_si_handler__parameterized10 is either unconnected or has no load
WARNING: [Synth 8-7129] Port s_axis_arb_tdata[7] in module sc_node_v1_0_14_si_handler__parameterized10 is either unconnected or has no load
WARNING: [Synth 8-7129] Port s_axis_arb_tdata[6] in module sc_node_v1_0_14_si_handler__parameterized10 is either unconnected or has no load
WARNING: [Synth 8-7129] Port s_axis_arb_tdata[5] in module sc_node_v1_0_14_si_handler__parameterized10 is either unconnected or has no load
WARNING: [Synth 8-7129] Port s_axis_arb_tdata[4] in module sc_node_v1_0_14_si_handler__parameterized10 is either unconnected or has no load
WARNING: [Synth 8-7129] Port s_axis_arb_tdata[3] in module sc_node_v1_0_14_si_handler__parameterized10 is either unconnected or has no load
WARNING: [Synth 8-7129] Port s_axis_arb_tdata[2] in module sc_node_v1_0_14_si_handler__parameterized10 is either unconnected or has no load
WARNING: [Synth 8-7129] Port s_axis_arb_tdata[1] in module sc_node_v1_0_14_si_handler__parameterized10 is either unconnected or has no load
WARNING: [Synth 8-7129] Port s_axis_arb_tdata[0] in module sc_node_v1_0_14_si_handler__parameterized10 is either unconnected or has no load
WARNING: [Synth 8-7129] Port m_axis_arb_tready in module sc_node_v1_0_14_si_handler__parameterized10 is either unconnected or has no load
WARNING: [Synth 8-7129] Port m_sc_aclken in module sc_node_v1_0_14_top__parameterized17 is either unconnected or has no load
WARNING: [Synth 8-7129] Port aclk in module sc_util_v1_0_4_pipeline__parameterized12 is either unconnected or has no load
WARNING: [Synth 8-7129] Port aclken in module sc_util_v1_0_4_pipeline__parameterized12 is either unconnected or has no load
WARNING: [Synth 8-7129] Port areset in module sc_util_v1_0_4_pipeline__parameterized12 is either unconnected or has no load
WARNING: [Synth 8-7129] Port aclk in module sc_util_v1_0_4_pipeline__parameterized2 is either unconnected or has no load
WARNING: [Synth 8-7129] Port aclken in module sc_util_v1_0_4_pipeline__parameterized2 is either unconnected or has no load
WARNING: [Synth 8-7129] Port areset in module sc_util_v1_0_4_pipeline__parameterized2 is either unconnected or has no load
WARNING: [Synth 8-7129] Port s_sc_info[2] in module sc_node_v1_0_14_si_handler__parameterized9 is either unconnected or has no load
WARNING: [Synth 8-7129] Port s_sc_info[1] in module sc_node_v1_0_14_si_handler__parameterized9 is either unconnected or has no load
WARNING: [Synth 8-7129] Port s_sc_info[0] in module sc_node_v1_0_14_si_handler__parameterized9 is either unconnected or has no load
INFO: [Common 17-14] Message 'Synth 8-7129' appears 100 times and further instances of the messages will be disabled. Use the Tcl command set_msg_config to change the current settings.
---------------------------------------------------------------------------------
Finished RTL Elaboration : Time (s): cpu = 00:00:12 ; elapsed = 00:00:13 . Memory (MB): peak = 3421.883 ; gain = 516.621 ; free physical = 134702 ; free virtual = 469273
---------------------------------------------------------------------------------
---------------------------------------------------------------------------------
Start Handling Custom Attributes
---------------------------------------------------------------------------------
---------------------------------------------------------------------------------
Finished Handling Custom Attributes : Time (s): cpu = 00:00:12 ; elapsed = 00:00:14 . Memory (MB): peak = 3439.695 ; gain = 534.434 ; free physical = 134973 ; free virtual = 469546
---------------------------------------------------------------------------------
---------------------------------------------------------------------------------
Finished RTL Optimization Phase 1 : Time (s): cpu = 00:00:12 ; elapsed = 00:00:14 . Memory (MB): peak = 3439.695 ; gain = 534.434 ; free physical = 134973 ; free virtual = 469546
---------------------------------------------------------------------------------
Netlist sorting complete. Time (s): cpu = 00:00:02 ; elapsed = 00:00:02 . Memory (MB): peak = 3445.633 ; gain = 0.000 ; free physical = 135831 ; free virtual = 470425
INFO: [Netlist 29-17] Analyzing 39 Unisim elements for replacement
INFO: [Netlist 29-28] Unisim Transformation completed in 0 CPU seconds
INFO: [Constraints 18-6359] No Clock Expansion Window constraints config file entry for device xcvc1902.  GCLK Deskew mode will be Off and cannot be enabled via GCLK_DESKEW override.
INFO: [Constraints 18-5720] The default GCLK Deskew mode is Off.
INFO: [Project 1-570] Preparing netlist for logic optimization

Processing XDC Constraints
Initializing timing engine
Parsing XDC File [/home/x_thileeb/repos/ops-hls-pact25-artifact/codegen_apps/jacobian3d/vck5000_project/hls/build/hw/temp_dir/link/link/vivado/vpl/prj/prj.gen/my_rm/bd/ulp_inst_0/ip/ulp_inst_0_axi_ic_user_0/ooc.xdc] for cell 'inst'
CRITICAL WARNING: [Power 33-705] The voltage setting 3.300 on supply VCCO_503 is different from the voltage setting of 1.800 of the parent 1V8_VCC. [/home/x_thileeb/repos/ops-hls-pact25-artifact/codegen_apps/jacobian3d/vck5000_project/hls/build/hw/temp_dir/link/link/vivado/vpl/prj/prj.gen/my_rm/bd/ulp_inst_0/ip/ulp_inst_0_axi_ic_user_0/ooc.xdc:3]
CRITICAL WARNING: [Power 33-704] The voltage setting 1.800 of the 1V8_VCC falls outside the allowed range <3.135-3.465> of VCCO_503 conatined by the rail. [/home/x_thileeb/repos/ops-hls-pact25-artifact/codegen_apps/jacobian3d/vck5000_project/hls/build/hw/temp_dir/link/link/vivado/vpl/prj/prj.gen/my_rm/bd/ulp_inst_0/ip/ulp_inst_0_axi_ic_user_0/ooc.xdc:3]
CRITICAL WARNING: [Power 33-705] The voltage setting 3.300 on supply VCCO_500 is different from the voltage setting of 1.800 of the parent 1V8_VCC. [/home/x_thileeb/repos/ops-hls-pact25-artifact/codegen_apps/jacobian3d/vck5000_project/hls/build/hw/temp_dir/link/link/vivado/vpl/prj/prj.gen/my_rm/bd/ulp_inst_0/ip/ulp_inst_0_axi_ic_user_0/ooc.xdc:3]
CRITICAL WARNING: [Power 33-704] The voltage setting 1.800 of the 1V8_VCC falls outside the allowed range <3.135-3.465> of VCCO_500 conatined by the rail. [/home/x_thileeb/repos/ops-hls-pact25-artifact/codegen_apps/jacobian3d/vck5000_project/hls/build/hw/temp_dir/link/link/vivado/vpl/prj/prj.gen/my_rm/bd/ulp_inst_0/ip/ulp_inst_0_axi_ic_user_0/ooc.xdc:3]
create_clock: Time (s): cpu = 00:00:07 ; elapsed = 00:00:07 . Memory (MB): peak = 3831.062 ; gain = 61.047 ; free physical = 134513 ; free virtual = 469188
Finished Parsing XDC File [/home/x_thileeb/repos/ops-hls-pact25-artifact/codegen_apps/jacobian3d/vck5000_project/hls/build/hw/temp_dir/link/link/vivado/vpl/prj/prj.gen/my_rm/bd/ulp_inst_0/ip/ulp_inst_0_axi_ic_user_0/ooc.xdc] for cell 'inst'
Parsing XDC File [/home/x_thileeb/repos/ops-hls-pact25-artifact/codegen_apps/jacobian3d/vck5000_project/hls/build/hw/temp_dir/link/link/vivado/vpl/prj/prj.gen/my_rm/bd/ulp_inst_0/ip/ulp_inst_0_axi_ic_user_0/bd_0/ip/ip_1/bd_d23e_psr0_0_board.xdc] for cell 'inst/clk_map/psr0/U0'
Finished Parsing XDC File [/home/x_thileeb/repos/ops-hls-pact25-artifact/codegen_apps/jacobian3d/vck5000_project/hls/build/hw/temp_dir/link/link/vivado/vpl/prj/prj.gen/my_rm/bd/ulp_inst_0/ip/ulp_inst_0_axi_ic_user_0/bd_0/ip/ip_1/bd_d23e_psr0_0_board.xdc] for cell 'inst/clk_map/psr0/U0'
Parsing XDC File [/home/x_thileeb/repos/ops-hls-pact25-artifact/codegen_apps/jacobian3d/vck5000_project/hls/build/hw/temp_dir/link/link/vivado/vpl/prj/prj.gen/my_rm/bd/ulp_inst_0/ip/ulp_inst_0_axi_ic_user_0/bd_0/ip/ip_1/bd_d23e_psr0_0.xdc] for cell 'inst/clk_map/psr0/U0'
Finished Parsing XDC File [/home/x_thileeb/repos/ops-hls-pact25-artifact/codegen_apps/jacobian3d/vck5000_project/hls/build/hw/temp_dir/link/link/vivado/vpl/prj/prj.gen/my_rm/bd/ulp_inst_0/ip/ulp_inst_0_axi_ic_user_0/bd_0/ip/ip_1/bd_d23e_psr0_0.xdc] for cell 'inst/clk_map/psr0/U0'
Parsing XDC File [/home/x_thileeb/repos/ops-hls-pact25-artifact/codegen_apps/jacobian3d/vck5000_project/hls/build/hw/temp_dir/link/link/vivado/vpl/prj/prj.gen/my_rm/bd/ulp_inst_0/ip/ulp_inst_0_axi_ic_user_0/bd_0/ip/ip_2/bd_d23e_psr_aclk_0_board.xdc] for cell 'inst/clk_map/psr_aclk/U0'
Finished Parsing XDC File [/home/x_thileeb/repos/ops-hls-pact25-artifact/codegen_apps/jacobian3d/vck5000_project/hls/build/hw/temp_dir/link/link/vivado/vpl/prj/prj.gen/my_rm/bd/ulp_inst_0/ip/ulp_inst_0_axi_ic_user_0/bd_0/ip/ip_2/bd_d23e_psr_aclk_0_board.xdc] for cell 'inst/clk_map/psr_aclk/U0'
Parsing XDC File [/home/x_thileeb/repos/ops-hls-pact25-artifact/codegen_apps/jacobian3d/vck5000_project/hls/build/hw/temp_dir/link/link/vivado/vpl/prj/prj.gen/my_rm/bd/ulp_inst_0/ip/ulp_inst_0_axi_ic_user_0/bd_0/ip/ip_2/bd_d23e_psr_aclk_0.xdc] for cell 'inst/clk_map/psr_aclk/U0'
Finished Parsing XDC File [/home/x_thileeb/repos/ops-hls-pact25-artifact/codegen_apps/jacobian3d/vck5000_project/hls/build/hw/temp_dir/link/link/vivado/vpl/prj/prj.gen/my_rm/bd/ulp_inst_0/ip/ulp_inst_0_axi_ic_user_0/bd_0/ip/ip_2/bd_d23e_psr_aclk_0.xdc] for cell 'inst/clk_map/psr_aclk/U0'
Parsing XDC File [/home/x_thileeb/repos/ops-hls-pact25-artifact/codegen_apps/jacobian3d/vck5000_project/hls/build/hw/temp_dir/link/link/vivado/vpl/prj/prj.gen/my_rm/bd/ulp_inst_0/ip/ulp_inst_0_axi_ic_user_0/bd_0/ip/ip_3/bd_d23e_psr_aclk1_0_board.xdc] for cell 'inst/clk_map/psr_aclk1/U0'
Finished Parsing XDC File [/home/x_thileeb/repos/ops-hls-pact25-artifact/codegen_apps/jacobian3d/vck5000_project/hls/build/hw/temp_dir/link/link/vivado/vpl/prj/prj.gen/my_rm/bd/ulp_inst_0/ip/ulp_inst_0_axi_ic_user_0/bd_0/ip/ip_3/bd_d23e_psr_aclk1_0_board.xdc] for cell 'inst/clk_map/psr_aclk1/U0'
Parsing XDC File [/home/x_thileeb/repos/ops-hls-pact25-artifact/codegen_apps/jacobian3d/vck5000_project/hls/build/hw/temp_dir/link/link/vivado/vpl/prj/prj.gen/my_rm/bd/ulp_inst_0/ip/ulp_inst_0_axi_ic_user_0/bd_0/ip/ip_3/bd_d23e_psr_aclk1_0.xdc] for cell 'inst/clk_map/psr_aclk1/U0'
Finished Parsing XDC File [/home/x_thileeb/repos/ops-hls-pact25-artifact/codegen_apps/jacobian3d/vck5000_project/hls/build/hw/temp_dir/link/link/vivado/vpl/prj/prj.gen/my_rm/bd/ulp_inst_0/ip/ulp_inst_0_axi_ic_user_0/bd_0/ip/ip_3/bd_d23e_psr_aclk1_0.xdc] for cell 'inst/clk_map/psr_aclk1/U0'
Parsing XDC File [/home/x_thileeb/repos/ops-hls-pact25-artifact/codegen_apps/jacobian3d/vck5000_project/hls/build/hw/temp_dir/link/link/vivado/vpl/prj/prj.runs/ulp_inst_0_axi_ic_user_0_synth_1/dont_touch.xdc]
Finished Parsing XDC File [/home/x_thileeb/repos/ops-hls-pact25-artifact/codegen_apps/jacobian3d/vck5000_project/hls/build/hw/temp_dir/link/link/vivado/vpl/prj/prj.runs/ulp_inst_0_axi_ic_user_0_synth_1/dont_touch.xdc]
INFO: [Project 1-236] Implementation specific constraints were found while reading constraint file [/tools/Xilinx/Vivado/2022.1/data/ip/xpm/xpm_cdc/tcl/xpm_cdc_handshake.tcl]. These constraints will be ignored for synthesis but will be used in implementation. Impacted constraints are listed in the file [.Xil/ulp_inst_0_axi_ic_user_0_propImpl.xdc].
Resolution: To avoid this warning, move constraints listed in [.Xil/ulp_inst_0_axi_ic_user_0_propImpl.xdc] to another XDC file and exclude this new file from synthesis with the used_in_synthesis property (File Properties dialog in GUI) and re-run elaboration/synthesis.
INFO: [Project 1-236] Implementation specific constraints were found while reading constraint file [/tools/Xilinx/Vivado/2022.1/data/ip/xpm/xpm_cdc/tcl/xpm_cdc_single.tcl]. These constraints will be ignored for synthesis but will be used in implementation. Impacted constraints are listed in the file [.Xil/ulp_inst_0_axi_ic_user_0_propImpl.xdc].
Resolution: To avoid this warning, move constraints listed in [.Xil/ulp_inst_0_axi_ic_user_0_propImpl.xdc] to another XDC file and exclude this new file from synthesis with the used_in_synthesis property (File Properties dialog in GUI) and re-run elaboration/synthesis.
INFO: [Project 1-1714] 98 XPM XDC files have been applied to the design.
Completed Processing XDC Constraints

Netlist sorting complete. Time (s): cpu = 00:00:00 ; elapsed = 00:00:00.01 . Memory (MB): peak = 3831.062 ; gain = 0.000 ; free physical = 134636 ; free virtual = 469311
INFO: [Project 1-111] Unisim Transformation Summary:
  A total of 39 instances were transformed.
  FDR => FDRE: 36 instances
  SRL16 => SRL16E: 3 instances

Constraint Validation Runtime : Time (s): cpu = 00:00:00.28 ; elapsed = 00:00:00.3 . Memory (MB): peak = 3837.000 ; gain = 5.938 ; free physical = 134456 ; free virtual = 469131
INFO: [Designutils 20-5008] Incremental synthesis strategy off
---------------------------------------------------------------------------------
Finished Constraint Validation : Time (s): cpu = 00:00:40 ; elapsed = 00:00:42 . Memory (MB): peak = 3837.000 ; gain = 931.738 ; free physical = 135011 ; free virtual = 469725
---------------------------------------------------------------------------------
---------------------------------------------------------------------------------
Start Loading Part and Timing Information
---------------------------------------------------------------------------------
Loading part: xcvc1902-vsvd1760-2MP-e-S
INFO: [Synth 8-6742] Reading net delay rules and data
---------------------------------------------------------------------------------
Finished Loading Part and Timing Information : Time (s): cpu = 00:00:40 ; elapsed = 00:00:42 . Memory (MB): peak = 3837.000 ; gain = 931.738 ; free physical = 135002 ; free virtual = 469717
---------------------------------------------------------------------------------
---------------------------------------------------------------------------------
Start Applying 'set_property' XDC Constraints
---------------------------------------------------------------------------------
Applied set_property KEEP_HIERARCHY = SOFT for inst. (constraint file  /home/x_thileeb/repos/ops-hls-pact25-artifact/codegen_apps/jacobian3d/vck5000_project/hls/build/hw/temp_dir/link/link/vivado/vpl/prj/prj.runs/ulp_inst_0_axi_ic_user_0_synth_1/dont_touch.xdc, line 255).
Applied set_property KEEP_HIERARCHY = SOFT for inst/m00_nodes/m00_ar_node/inst/m_sc_xpm_cdc_async_rst_inst. (constraint file  auto generated constraint).
Applied set_property KEEP_HIERARCHY = SOFT for inst/m00_nodes/m00_aw_node/inst/m_sc_xpm_cdc_async_rst_inst. (constraint file  auto generated constraint).
Applied set_property KEEP_HIERARCHY = SOFT for inst/m00_nodes/m00_b_node/inst/m_sc_xpm_cdc_async_rst_inst. (constraint file  auto generated constraint).
Applied set_property KEEP_HIERARCHY = SOFT for inst/m00_nodes/m00_r_node/inst/m_sc_xpm_cdc_async_rst_inst. (constraint file  auto generated constraint).
Applied set_property KEEP_HIERARCHY = SOFT for inst/m00_nodes/m00_w_node/inst/m_sc_xpm_cdc_async_rst_inst. (constraint file  auto generated constraint).
Applied set_property KEEP_HIERARCHY = SOFT for inst/m01_nodes/m01_ar_node/inst/m_sc_xpm_cdc_async_rst_inst. (constraint file  auto generated constraint).
Applied set_property KEEP_HIERARCHY = SOFT for inst/m01_nodes/m01_aw_node/inst/m_sc_xpm_cdc_async_rst_inst. (constraint file  auto generated constraint).
Applied set_property KEEP_HIERARCHY = SOFT for inst/m01_nodes/m01_b_node/inst/m_sc_xpm_cdc_async_rst_inst. (constraint file  auto generated constraint).
Applied set_property KEEP_HIERARCHY = SOFT for inst/m01_nodes/m01_r_node/inst/m_sc_xpm_cdc_async_rst_inst. (constraint file  auto generated constraint).
Applied set_property KEEP_HIERARCHY = SOFT for inst/m01_nodes/m01_w_node/inst/m_sc_xpm_cdc_async_rst_inst. (constraint file  auto generated constraint).
Applied set_property KEEP_HIERARCHY = SOFT for inst/m02_nodes/m02_ar_node/inst/m_sc_xpm_cdc_async_rst_inst. (constraint file  auto generated constraint).
Applied set_property KEEP_HIERARCHY = SOFT for inst/m02_nodes/m02_aw_node/inst/m_sc_xpm_cdc_async_rst_inst. (constraint file  auto generated constraint).
Applied set_property KEEP_HIERARCHY = SOFT for inst/m02_nodes/m02_b_node/inst/m_sc_xpm_cdc_async_rst_inst. (constraint file  auto generated constraint).
Applied set_property KEEP_HIERARCHY = SOFT for inst/m02_nodes/m02_r_node/inst/m_sc_xpm_cdc_async_rst_inst. (constraint file  auto generated constraint).
Applied set_property KEEP_HIERARCHY = SOFT for inst/m02_nodes/m02_w_node/inst/m_sc_xpm_cdc_async_rst_inst. (constraint file  auto generated constraint).
Applied set_property KEEP_HIERARCHY = SOFT for inst/s00_nodes/s00_ar_node/inst/m_sc_xpm_cdc_async_rst_inst. (constraint file  auto generated constraint).
Applied set_property KEEP_HIERARCHY = SOFT for inst/s00_nodes/s00_aw_node/inst/m_sc_xpm_cdc_async_rst_inst. (constraint file  auto generated constraint).
Applied set_property KEEP_HIERARCHY = SOFT for inst/s00_nodes/s00_b_node/inst/m_sc_xpm_cdc_async_rst_inst. (constraint file  auto generated constraint).
Applied set_property KEEP_HIERARCHY = SOFT for inst/s00_nodes/s00_r_node/inst/m_sc_xpm_cdc_async_rst_inst. (constraint file  auto generated constraint).
Applied set_property KEEP_HIERARCHY = SOFT for inst/s00_nodes/s00_w_node/inst/m_sc_xpm_cdc_async_rst_inst. (constraint file  auto generated constraint).
Applied set_property KEEP_HIERARCHY = SOFT for inst/switchboards/i_nodes/i_ar_node/inst/m_sc_xpm_cdc_async_rst_inst. (constraint file  auto generated constraint).
Applied set_property KEEP_HIERARCHY = SOFT for inst/switchboards/i_nodes/i_aw_node/inst/m_sc_xpm_cdc_async_rst_inst. (constraint file  auto generated constraint).
Applied set_property KEEP_HIERARCHY = SOFT for inst/switchboards/i_nodes/i_b_node/inst/m_sc_xpm_cdc_async_rst_inst. (constraint file  auto generated constraint).
Applied set_property KEEP_HIERARCHY = SOFT for inst/switchboards/i_nodes/i_r_node/inst/m_sc_xpm_cdc_async_rst_inst. (constraint file  auto generated constraint).
Applied set_property KEEP_HIERARCHY = SOFT for inst/switchboards/i_nodes/i_w_node/inst/m_sc_xpm_cdc_async_rst_inst. (constraint file  auto generated constraint).
Applied set_property KEEP_HIERARCHY = SOFT for inst/m00_nodes/m00_ar_node/inst/s_sc_xpm_cdc_async_rst_inst. (constraint file  auto generated constraint).
Applied set_property KEEP_HIERARCHY = SOFT for inst/m00_nodes/m00_aw_node/inst/s_sc_xpm_cdc_async_rst_inst. (constraint file  auto generated constraint).
Applied set_property KEEP_HIERARCHY = SOFT for inst/m00_nodes/m00_b_node/inst/s_sc_xpm_cdc_async_rst_inst. (constraint file  auto generated constraint).
Applied set_property KEEP_HIERARCHY = SOFT for inst/m00_nodes/m00_r_node/inst/s_sc_xpm_cdc_async_rst_inst. (constraint file  auto generated constraint).
Applied set_property KEEP_HIERARCHY = SOFT for inst/m00_nodes/m00_w_node/inst/s_sc_xpm_cdc_async_rst_inst. (constraint file  auto generated constraint).
Applied set_property KEEP_HIERARCHY = SOFT for inst/m01_nodes/m01_ar_node/inst/s_sc_xpm_cdc_async_rst_inst. (constraint file  auto generated constraint).
Applied set_property KEEP_HIERARCHY = SOFT for inst/m01_nodes/m01_aw_node/inst/s_sc_xpm_cdc_async_rst_inst. (constraint file  auto generated constraint).
Applied set_property KEEP_HIERARCHY = SOFT for inst/m01_nodes/m01_b_node/inst/s_sc_xpm_cdc_async_rst_inst. (constraint file  auto generated constraint).
Applied set_property KEEP_HIERARCHY = SOFT for inst/m01_nodes/m01_r_node/inst/s_sc_xpm_cdc_async_rst_inst. (constraint file  auto generated constraint).
Applied set_property KEEP_HIERARCHY = SOFT for inst/m01_nodes/m01_w_node/inst/s_sc_xpm_cdc_async_rst_inst. (constraint file  auto generated constraint).
Applied set_property KEEP_HIERARCHY = SOFT for inst/m02_nodes/m02_ar_node/inst/s_sc_xpm_cdc_async_rst_inst. (constraint file  auto generated constraint).
Applied set_property KEEP_HIERARCHY = SOFT for inst/m02_nodes/m02_aw_node/inst/s_sc_xpm_cdc_async_rst_inst. (constraint file  auto generated constraint).
Applied set_property KEEP_HIERARCHY = SOFT for inst/m02_nodes/m02_b_node/inst/s_sc_xpm_cdc_async_rst_inst. (constraint file  auto generated constraint).
Applied set_property KEEP_HIERARCHY = SOFT for inst/m02_nodes/m02_r_node/inst/s_sc_xpm_cdc_async_rst_inst. (constraint file  auto generated constraint).
Applied set_property KEEP_HIERARCHY = SOFT for inst/m02_nodes/m02_w_node/inst/s_sc_xpm_cdc_async_rst_inst. (constraint file  auto generated constraint).
Applied set_property KEEP_HIERARCHY = SOFT for inst/s00_nodes/s00_ar_node/inst/s_sc_xpm_cdc_async_rst_inst. (constraint file  auto generated constraint).
Applied set_property KEEP_HIERARCHY = SOFT for inst/s00_nodes/s00_aw_node/inst/s_sc_xpm_cdc_async_rst_inst. (constraint file  auto generated constraint).
Applied set_property KEEP_HIERARCHY = SOFT for inst/s00_nodes/s00_b_node/inst/s_sc_xpm_cdc_async_rst_inst. (constraint file  auto generated constraint).
Applied set_property KEEP_HIERARCHY = SOFT for inst/s00_nodes/s00_r_node/inst/s_sc_xpm_cdc_async_rst_inst. (constraint file  auto generated constraint).
Applied set_property KEEP_HIERARCHY = SOFT for inst/s00_nodes/s00_w_node/inst/s_sc_xpm_cdc_async_rst_inst. (constraint file  auto generated constraint).
Applied set_property KEEP_HIERARCHY = SOFT for inst/switchboards/i_nodes/i_ar_node/inst/s_sc_xpm_cdc_async_rst_inst. (constraint file  auto generated constraint).
Applied set_property KEEP_HIERARCHY = SOFT for inst/switchboards/i_nodes/i_aw_node/inst/s_sc_xpm_cdc_async_rst_inst. (constraint file  auto generated constraint).
Applied set_property KEEP_HIERARCHY = SOFT for inst/switchboards/i_nodes/i_b_node/inst/s_sc_xpm_cdc_async_rst_inst. (constraint file  auto generated constraint).
Applied set_property KEEP_HIERARCHY = SOFT for inst/switchboards/i_nodes/i_r_node/inst/s_sc_xpm_cdc_async_rst_inst. (constraint file  auto generated constraint).
Applied set_property KEEP_HIERARCHY = SOFT for inst/switchboards/i_nodes/i_w_node/inst/s_sc_xpm_cdc_async_rst_inst. (constraint file  auto generated constraint).
Applied set_property KEEP_HIERARCHY = SOFT for inst/m00_exit_pipeline/m00_exit/inst/xpm_cdc_async_rst_inst. (constraint file  auto generated constraint).
Applied set_property KEEP_HIERARCHY = SOFT for inst/m01_exit_pipeline/m01_exit/inst/xpm_cdc_async_rst_inst. (constraint file  auto generated constraint).
Applied set_property KEEP_HIERARCHY = SOFT for inst/m02_exit_pipeline/m02_exit/inst/xpm_cdc_async_rst_inst. (constraint file  auto generated constraint).
Applied set_property KEEP_HIERARCHY = SOFT for inst/s00_entry_pipeline/s00_mmu/inst/xpm_cdc_async_rst_inst. (constraint file  auto generated constraint).
Applied set_property KEEP_HIERARCHY = SOFT for inst/s00_entry_pipeline/s00_si_converter/inst/xpm_cdc_async_rst_inst. (constraint file  auto generated constraint).
Applied set_property KEEP_HIERARCHY = SOFT for inst/s00_entry_pipeline/s00_transaction_regulator/inst/xpm_cdc_async_rst_inst. (constraint file  auto generated constraint).
Applied set_property KEEP_HIERARCHY = SOFT for inst/m01_nodes/m01_ar_node/inst/inst_mi_handler/\gen_normal_area.inst_fifo_node_payld /\gen_reg_fifo_async.inst_reg_fifo_async /\gen_xpm_cdc_handshake_array[0].inst_cdc_handshake . (constraint file  auto generated constraint).
Applied set_property KEEP_HIERARCHY = SOFT for inst/m01_nodes/m01_aw_node/inst/inst_mi_handler/\gen_normal_area.inst_fifo_node_payld /\gen_reg_fifo_async.inst_reg_fifo_async /\gen_xpm_cdc_handshake_array[0].inst_cdc_handshake . (constraint file  auto generated constraint).
Applied set_property KEEP_HIERARCHY = SOFT for inst/m02_nodes/m02_ar_node/inst/inst_mi_handler/\gen_normal_area.inst_fifo_node_payld /\gen_reg_fifo_async.inst_reg_fifo_async /\gen_xpm_cdc_handshake_array[0].inst_cdc_handshake . (constraint file  auto generated constraint).
Applied set_property KEEP_HIERARCHY = SOFT for inst/m02_nodes/m02_aw_node/inst/inst_mi_handler/\gen_normal_area.inst_fifo_node_payld /\gen_reg_fifo_async.inst_reg_fifo_async /\gen_xpm_cdc_handshake_array[0].inst_cdc_handshake . (constraint file  auto generated constraint).
Applied set_property KEEP_HIERARCHY = SOFT for inst/m01_nodes/m01_b_node/inst/inst_mi_handler/\gen_normal_area.gen_fifo_req.inst_fifo_req /\gen_reg_fifo_async.inst_reg_fifo_async /\gen_xpm_cdc_handshake_array[0].inst_cdc_handshake . (constraint file  auto generated constraint).
Applied set_property KEEP_HIERARCHY = SOFT for inst/m01_nodes/m01_r_node/inst/inst_mi_handler/\gen_normal_area.gen_fifo_req.inst_fifo_req /\gen_reg_fifo_async.inst_reg_fifo_async /\gen_xpm_cdc_handshake_array[0].inst_cdc_handshake . (constraint file  auto generated constraint).
Applied set_property KEEP_HIERARCHY = SOFT for inst/m02_nodes/m02_b_node/inst/inst_mi_handler/\gen_normal_area.gen_fifo_req.inst_fifo_req /\gen_reg_fifo_async.inst_reg_fifo_async /\gen_xpm_cdc_handshake_array[0].inst_cdc_handshake . (constraint file  auto generated constraint).
Applied set_property KEEP_HIERARCHY = SOFT for inst/m02_nodes/m02_r_node/inst/inst_mi_handler/\gen_normal_area.gen_fifo_req.inst_fifo_req /\gen_reg_fifo_async.inst_reg_fifo_async /\gen_xpm_cdc_handshake_array[0].inst_cdc_handshake . (constraint file  auto generated constraint).
Applied set_property KEEP_HIERARCHY = SOFT for inst/m01_nodes/m01_b_node/inst/inst_mi_handler/\gen_normal_area.inst_fifo_node_payld /\gen_reg_fifo_async.inst_reg_fifo_async /\gen_xpm_cdc_handshake_array[0].inst_cdc_handshake . (constraint file  auto generated constraint).
Applied set_property KEEP_HIERARCHY = SOFT for inst/m02_nodes/m02_b_node/inst/inst_mi_handler/\gen_normal_area.inst_fifo_node_payld /\gen_reg_fifo_async.inst_reg_fifo_async /\gen_xpm_cdc_handshake_array[0].inst_cdc_handshake . (constraint file  auto generated constraint).
Applied set_property KEEP_HIERARCHY = SOFT for inst/m01_nodes/m01_r_node/inst/inst_mi_handler/\gen_normal_area.inst_fifo_node_payld /\gen_reg_fifo_async.inst_reg_fifo_async /\gen_xpm_cdc_handshake_array[0].inst_cdc_handshake . (constraint file  auto generated constraint).
Applied set_property KEEP_HIERARCHY = SOFT for inst/m02_nodes/m02_r_node/inst/inst_mi_handler/\gen_normal_area.inst_fifo_node_payld /\gen_reg_fifo_async.inst_reg_fifo_async /\gen_xpm_cdc_handshake_array[0].inst_cdc_handshake . (constraint file  auto generated constraint).
Applied set_property KEEP_HIERARCHY = SOFT for inst/m01_nodes/m01_w_node/inst/inst_mi_handler/\gen_normal_area.inst_fifo_node_payld /\gen_reg_fifo_async.inst_reg_fifo_async /\gen_xpm_cdc_handshake_array[0].inst_cdc_handshake . (constraint file  auto generated constraint).
Applied set_property KEEP_HIERARCHY = SOFT for inst/m02_nodes/m02_w_node/inst/inst_mi_handler/\gen_normal_area.inst_fifo_node_payld /\gen_reg_fifo_async.inst_reg_fifo_async /\gen_xpm_cdc_handshake_array[0].inst_cdc_handshake . (constraint file  auto generated constraint).
Applied set_property KEEP_HIERARCHY = SOFT for inst/m01_nodes/m01_ar_node/inst/inst_mi_handler/\gen_normal_area.inst_fifo_node_payld /\gen_reg_fifo_async.inst_reg_fifo_async /\gen_xpm_cdc_handshake_array[0].inst_cdc_handshake /xpm_cdc_single_dest2src_inst. (constraint file  auto generated constraint).
Applied set_property KEEP_HIERARCHY = SOFT for inst/m01_nodes/m01_aw_node/inst/inst_mi_handler/\gen_normal_area.inst_fifo_node_payld /\gen_reg_fifo_async.inst_reg_fifo_async /\gen_xpm_cdc_handshake_array[0].inst_cdc_handshake /xpm_cdc_single_dest2src_inst. (constraint file  auto generated constraint).
Applied set_property KEEP_HIERARCHY = SOFT for inst/m01_nodes/m01_b_node/inst/inst_mi_handler/\gen_normal_area.gen_fifo_req.inst_fifo_req /\gen_reg_fifo_async.inst_reg_fifo_async /\gen_xpm_cdc_handshake_array[0].inst_cdc_handshake /xpm_cdc_single_dest2src_inst. (constraint file  auto generated constraint).
Applied set_property KEEP_HIERARCHY = SOFT for inst/m01_nodes/m01_b_node/inst/inst_mi_handler/\gen_normal_area.inst_fifo_node_payld /\gen_reg_fifo_async.inst_reg_fifo_async /\gen_xpm_cdc_handshake_array[0].inst_cdc_handshake /xpm_cdc_single_dest2src_inst. (constraint file  auto generated constraint).
Applied set_property KEEP_HIERARCHY = SOFT for inst/m01_nodes/m01_r_node/inst/inst_mi_handler/\gen_normal_area.gen_fifo_req.inst_fifo_req /\gen_reg_fifo_async.inst_reg_fifo_async /\gen_xpm_cdc_handshake_array[0].inst_cdc_handshake /xpm_cdc_single_dest2src_inst. (constraint file  auto generated constraint).
Applied set_property KEEP_HIERARCHY = SOFT for inst/m01_nodes/m01_r_node/inst/inst_mi_handler/\gen_normal_area.inst_fifo_node_payld /\gen_reg_fifo_async.inst_reg_fifo_async /\gen_xpm_cdc_handshake_array[0].inst_cdc_handshake /xpm_cdc_single_dest2src_inst. (constraint file  auto generated constraint).
Applied set_property KEEP_HIERARCHY = SOFT for inst/m01_nodes/m01_w_node/inst/inst_mi_handler/\gen_normal_area.inst_fifo_node_payld /\gen_reg_fifo_async.inst_reg_fifo_async /\gen_xpm_cdc_handshake_array[0].inst_cdc_handshake /xpm_cdc_single_dest2src_inst. (constraint file  auto generated constraint).
Applied set_property KEEP_HIERARCHY = SOFT for inst/m02_nodes/m02_ar_node/inst/inst_mi_handler/\gen_normal_area.inst_fifo_node_payld /\gen_reg_fifo_async.inst_reg_fifo_async /\gen_xpm_cdc_handshake_array[0].inst_cdc_handshake /xpm_cdc_single_dest2src_inst. (constraint file  auto generated constraint).
Applied set_property KEEP_HIERARCHY = SOFT for inst/m02_nodes/m02_aw_node/inst/inst_mi_handler/\gen_normal_area.inst_fifo_node_payld /\gen_reg_fifo_async.inst_reg_fifo_async /\gen_xpm_cdc_handshake_array[0].inst_cdc_handshake /xpm_cdc_single_dest2src_inst. (constraint file  auto generated constraint).
Applied set_property KEEP_HIERARCHY = SOFT for inst/m02_nodes/m02_b_node/inst/inst_mi_handler/\gen_normal_area.gen_fifo_req.inst_fifo_req /\gen_reg_fifo_async.inst_reg_fifo_async /\gen_xpm_cdc_handshake_array[0].inst_cdc_handshake /xpm_cdc_single_dest2src_inst. (constraint file  auto generated constraint).
Applied set_property KEEP_HIERARCHY = SOFT for inst/m02_nodes/m02_b_node/inst/inst_mi_handler/\gen_normal_area.inst_fifo_node_payld /\gen_reg_fifo_async.inst_reg_fifo_async /\gen_xpm_cdc_handshake_array[0].inst_cdc_handshake /xpm_cdc_single_dest2src_inst. (constraint file  auto generated constraint).
Applied set_property KEEP_HIERARCHY = SOFT for inst/m02_nodes/m02_r_node/inst/inst_mi_handler/\gen_normal_area.gen_fifo_req.inst_fifo_req /\gen_reg_fifo_async.inst_reg_fifo_async /\gen_xpm_cdc_handshake_array[0].inst_cdc_handshake /xpm_cdc_single_dest2src_inst. (constraint file  auto generated constraint).
Applied set_property KEEP_HIERARCHY = SOFT for inst/m02_nodes/m02_r_node/inst/inst_mi_handler/\gen_normal_area.inst_fifo_node_payld /\gen_reg_fifo_async.inst_reg_fifo_async /\gen_xpm_cdc_handshake_array[0].inst_cdc_handshake /xpm_cdc_single_dest2src_inst. (constraint file  auto generated constraint).
Applied set_property KEEP_HIERARCHY = SOFT for inst/m02_nodes/m02_w_node/inst/inst_mi_handler/\gen_normal_area.inst_fifo_node_payld /\gen_reg_fifo_async.inst_reg_fifo_async /\gen_xpm_cdc_handshake_array[0].inst_cdc_handshake /xpm_cdc_single_dest2src_inst. (constraint file  auto generated constraint).
Applied set_property KEEP_HIERARCHY = SOFT for inst/m01_nodes/m01_ar_node/inst/inst_mi_handler/\gen_normal_area.inst_fifo_node_payld /\gen_reg_fifo_async.inst_reg_fifo_async /\gen_xpm_cdc_handshake_array[0].inst_cdc_handshake /xpm_cdc_single_src2dest_inst. (constraint file  auto generated constraint).
Applied set_property KEEP_HIERARCHY = SOFT for inst/m01_nodes/m01_aw_node/inst/inst_mi_handler/\gen_normal_area.inst_fifo_node_payld /\gen_reg_fifo_async.inst_reg_fifo_async /\gen_xpm_cdc_handshake_array[0].inst_cdc_handshake /xpm_cdc_single_src2dest_inst. (constraint file  auto generated constraint).
Applied set_property KEEP_HIERARCHY = SOFT for inst/m01_nodes/m01_b_node/inst/inst_mi_handler/\gen_normal_area.gen_fifo_req.inst_fifo_req /\gen_reg_fifo_async.inst_reg_fifo_async /\gen_xpm_cdc_handshake_array[0].inst_cdc_handshake /xpm_cdc_single_src2dest_inst. (constraint file  auto generated constraint).
Applied set_property KEEP_HIERARCHY = SOFT for inst/m01_nodes/m01_b_node/inst/inst_mi_handler/\gen_normal_area.inst_fifo_node_payld /\gen_reg_fifo_async.inst_reg_fifo_async /\gen_xpm_cdc_handshake_array[0].inst_cdc_handshake /xpm_cdc_single_src2dest_inst. (constraint file  auto generated constraint).
Applied set_property KEEP_HIERARCHY = SOFT for inst/m01_nodes/m01_r_node/inst/inst_mi_handler/\gen_normal_area.gen_fifo_req.inst_fifo_req /\gen_reg_fifo_async.inst_reg_fifo_async /\gen_xpm_cdc_handshake_array[0].inst_cdc_handshake /xpm_cdc_single_src2dest_inst. (constraint file  auto generated constraint).
Applied set_property KEEP_HIERARCHY = SOFT for inst/m01_nodes/m01_r_node/inst/inst_mi_handler/\gen_normal_area.inst_fifo_node_payld /\gen_reg_fifo_async.inst_reg_fifo_async /\gen_xpm_cdc_handshake_array[0].inst_cdc_handshake /xpm_cdc_single_src2dest_inst. (constraint file  auto generated constraint).
Applied set_property KEEP_HIERARCHY = SOFT for inst/m01_nodes/m01_w_node/inst/inst_mi_handler/\gen_normal_area.inst_fifo_node_payld /\gen_reg_fifo_async.inst_reg_fifo_async /\gen_xpm_cdc_handshake_array[0].inst_cdc_handshake /xpm_cdc_single_src2dest_inst. (constraint file  auto generated constraint).
Applied set_property KEEP_HIERARCHY = SOFT for inst/m02_nodes/m02_ar_node/inst/inst_mi_handler/\gen_normal_area.inst_fifo_node_payld /\gen_reg_fifo_async.inst_reg_fifo_async /\gen_xpm_cdc_handshake_array[0].inst_cdc_handshake /xpm_cdc_single_src2dest_inst. (constraint file  auto generated constraint).
Applied set_property KEEP_HIERARCHY = SOFT for inst/m02_nodes/m02_aw_node/inst/inst_mi_handler/\gen_normal_area.inst_fifo_node_payld /\gen_reg_fifo_async.inst_reg_fifo_async /\gen_xpm_cdc_handshake_array[0].inst_cdc_handshake /xpm_cdc_single_src2dest_inst. (constraint file  auto generated constraint).
Applied set_property KEEP_HIERARCHY = SOFT for inst/m02_nodes/m02_b_node/inst/inst_mi_handler/\gen_normal_area.gen_fifo_req.inst_fifo_req /\gen_reg_fifo_async.inst_reg_fifo_async /\gen_xpm_cdc_handshake_array[0].inst_cdc_handshake /xpm_cdc_single_src2dest_inst. (constraint file  auto generated constraint).
Applied set_property KEEP_HIERARCHY = SOFT for inst/m02_nodes/m02_b_node/inst/inst_mi_handler/\gen_normal_area.inst_fifo_node_payld /\gen_reg_fifo_async.inst_reg_fifo_async /\gen_xpm_cdc_handshake_array[0].inst_cdc_handshake /xpm_cdc_single_src2dest_inst. (constraint file  auto generated constraint).
Applied set_property KEEP_HIERARCHY = SOFT for inst/m02_nodes/m02_r_node/inst/inst_mi_handler/\gen_normal_area.gen_fifo_req.inst_fifo_req /\gen_reg_fifo_async.inst_reg_fifo_async /\gen_xpm_cdc_handshake_array[0].inst_cdc_handshake /xpm_cdc_single_src2dest_inst. (constraint file  auto generated constraint).
Applied set_property KEEP_HIERARCHY = SOFT for inst/m02_nodes/m02_r_node/inst/inst_mi_handler/\gen_normal_area.inst_fifo_node_payld /\gen_reg_fifo_async.inst_reg_fifo_async /\gen_xpm_cdc_handshake_array[0].inst_cdc_handshake /xpm_cdc_single_src2dest_inst. (constraint file  auto generated constraint).
Applied set_property KEEP_HIERARCHY = SOFT for inst/m02_nodes/m02_w_node/inst/inst_mi_handler/\gen_normal_area.inst_fifo_node_payld /\gen_reg_fifo_async.inst_reg_fifo_async /\gen_xpm_cdc_handshake_array[0].inst_cdc_handshake /xpm_cdc_single_src2dest_inst. (constraint file  auto generated constraint).
---------------------------------------------------------------------------------
Finished applying 'set_property' XDC Constraints : Time (s): cpu = 00:00:40 ; elapsed = 00:00:43 . Memory (MB): peak = 3837.000 ; gain = 931.738 ; free physical = 134654 ; free virtual = 469369
---------------------------------------------------------------------------------
INFO: [Synth 8-802] inferred FSM for state register 'wr_state_reg' in module 'sc_node_v1_0_14_reg_fifo_async__xdcDup__1'
INFO: [Synth 8-802] inferred FSM for state register 'rd_state_reg' in module 'sc_node_v1_0_14_reg_fifo_async__xdcDup__1'
INFO: [Synth 8-802] inferred FSM for state register 'wr_state_reg' in module 'sc_node_v1_0_14_reg_fifo_async__xdcDup__2'
INFO: [Synth 8-802] inferred FSM for state register 'rd_state_reg' in module 'sc_node_v1_0_14_reg_fifo_async__xdcDup__2'
INFO: [Synth 8-802] inferred FSM for state register 'wr_state_reg' in module 'sc_node_v1_0_14_reg_fifo_async__parameterized0__xdcDup__1'
INFO: [Synth 8-802] inferred FSM for state register 'rd_state_reg' in module 'sc_node_v1_0_14_reg_fifo_async__parameterized0__xdcDup__1'
INFO: [Synth 8-4490] FSM extraction disabled for register 'gen_AB_reg_slice.state_reg' through user attribute
INFO: [Synth 8-802] inferred FSM for state register 'wr_state_reg' in module 'sc_node_v1_0_14_reg_fifo_async__parameterized1__xdcDup__1'
INFO: [Synth 8-802] inferred FSM for state register 'rd_state_reg' in module 'sc_node_v1_0_14_reg_fifo_async__parameterized1__xdcDup__1'
INFO: [Synth 8-802] inferred FSM for state register 'wr_state_reg' in module 'sc_node_v1_0_14_reg_fifo_async__parameterized0__xdcDup__2'
INFO: [Synth 8-802] inferred FSM for state register 'rd_state_reg' in module 'sc_node_v1_0_14_reg_fifo_async__parameterized0__xdcDup__2'
INFO: [Synth 8-802] inferred FSM for state register 'wr_state_reg' in module 'sc_node_v1_0_14_reg_fifo_async__parameterized2__xdcDup__1'
INFO: [Synth 8-802] inferred FSM for state register 'rd_state_reg' in module 'sc_node_v1_0_14_reg_fifo_async__parameterized2__xdcDup__1'
INFO: [Synth 8-802] inferred FSM for state register 'wr_state_reg' in module 'sc_node_v1_0_14_reg_fifo_async__parameterized3__xdcDup__1'
INFO: [Synth 8-802] inferred FSM for state register 'rd_state_reg' in module 'sc_node_v1_0_14_reg_fifo_async__parameterized3__xdcDup__1'
INFO: [Synth 8-802] inferred FSM for state register 'wr_state_reg' in module 'sc_node_v1_0_14_reg_fifo_async__xdcDup__3'
INFO: [Synth 8-802] inferred FSM for state register 'rd_state_reg' in module 'sc_node_v1_0_14_reg_fifo_async__xdcDup__3'
INFO: [Synth 8-802] inferred FSM for state register 'wr_state_reg' in module 'sc_node_v1_0_14_reg_fifo_async'
INFO: [Synth 8-802] inferred FSM for state register 'rd_state_reg' in module 'sc_node_v1_0_14_reg_fifo_async'
INFO: [Synth 8-802] inferred FSM for state register 'wr_state_reg' in module 'sc_node_v1_0_14_reg_fifo_async__parameterized0__xdcDup__3'
INFO: [Synth 8-802] inferred FSM for state register 'rd_state_reg' in module 'sc_node_v1_0_14_reg_fifo_async__parameterized0__xdcDup__3'
INFO: [Synth 8-802] inferred FSM for state register 'wr_state_reg' in module 'sc_node_v1_0_14_reg_fifo_async__parameterized1'
INFO: [Synth 8-802] inferred FSM for state register 'rd_state_reg' in module 'sc_node_v1_0_14_reg_fifo_async__parameterized1'
INFO: [Synth 8-802] inferred FSM for state register 'wr_state_reg' in module 'sc_node_v1_0_14_reg_fifo_async__parameterized0'
INFO: [Synth 8-802] inferred FSM for state register 'rd_state_reg' in module 'sc_node_v1_0_14_reg_fifo_async__parameterized0'
INFO: [Synth 8-802] inferred FSM for state register 'wr_state_reg' in module 'sc_node_v1_0_14_reg_fifo_async__parameterized2'
INFO: [Synth 8-802] inferred FSM for state register 'rd_state_reg' in module 'sc_node_v1_0_14_reg_fifo_async__parameterized2'
INFO: [Synth 8-802] inferred FSM for state register 'wr_state_reg' in module 'sc_node_v1_0_14_reg_fifo_async__parameterized3'
INFO: [Synth 8-802] inferred FSM for state register 'rd_state_reg' in module 'sc_node_v1_0_14_reg_fifo_async__parameterized3'
---------------------------------------------------------------------------------------------------
                   State |                     New Encoding |                Previous Encoding 
---------------------------------------------------------------------------------------------------
                 iSTATE0 |                            00001 |                              110
*
              SM_WR_IDLE |                            00010 |                              000
              SM_WR_FULL |                            00100 |                              011
              SM_WR_WAIT |                            01000 |                              010
                  iSTATE |                            10000 |                              111
---------------------------------------------------------------------------------------------------
INFO: [Synth 8-3354] encoded FSM with state register 'wr_state_reg' using encoding 'one-hot' in module 'sc_node_v1_0_14_reg_fifo_async__xdcDup__1'
---------------------------------------------------------------------------------------------------
                   State |                     New Encoding |                Previous Encoding 
---------------------------------------------------------------------------------------------------
              SM_RD_IDLE |                              001 |                               10
             SM_RD_VALID |                              010 |                               00
              SM_RD_WAIT |                              100 |                               11
---------------------------------------------------------------------------------------------------
INFO: [Synth 8-3354] encoded FSM with state register 'rd_state_reg' using encoding 'one-hot' in module 'sc_node_v1_0_14_reg_fifo_async__xdcDup__1'
---------------------------------------------------------------------------------------------------
                   State |                     New Encoding |                Previous Encoding 
---------------------------------------------------------------------------------------------------
                 iSTATE0 |                            00001 |                              110
*
              SM_WR_IDLE |                            00010 |                              000
              SM_WR_FULL |                            00100 |                              011
              SM_WR_WAIT |                            01000 |                              010
                  iSTATE |                            10000 |                              111
---------------------------------------------------------------------------------------------------
INFO: [Synth 8-3354] encoded FSM with state register 'wr_state_reg' using encoding 'one-hot' in module 'sc_node_v1_0_14_reg_fifo_async__xdcDup__2'
---------------------------------------------------------------------------------------------------
                   State |                     New Encoding |                Previous Encoding 
---------------------------------------------------------------------------------------------------
              SM_RD_IDLE |                              001 |                               10
             SM_RD_VALID |                              010 |                               00
              SM_RD_WAIT |                              100 |                               11
---------------------------------------------------------------------------------------------------
INFO: [Synth 8-3354] encoded FSM with state register 'rd_state_reg' using encoding 'one-hot' in module 'sc_node_v1_0_14_reg_fifo_async__xdcDup__2'
---------------------------------------------------------------------------------------------------
                   State |                     New Encoding |                Previous Encoding 
---------------------------------------------------------------------------------------------------
                 iSTATE0 |                            00001 |                              110
*
              SM_WR_IDLE |                            00010 |                              000
              SM_WR_FULL |                            00100 |                              011
              SM_WR_WAIT |                            01000 |                              010
                  iSTATE |                            10000 |                              111
---------------------------------------------------------------------------------------------------
INFO: [Synth 8-3354] encoded FSM with state register 'wr_state_reg' using encoding 'one-hot' in module 'sc_node_v1_0_14_reg_fifo_async__parameterized0__xdcDup__1'
---------------------------------------------------------------------------------------------------
                   State |                     New Encoding |                Previous Encoding 
---------------------------------------------------------------------------------------------------
              SM_RD_IDLE |                              001 |                               10
             SM_RD_VALID |                              010 |                               00
              SM_RD_WAIT |                              100 |                               11
---------------------------------------------------------------------------------------------------
INFO: [Synth 8-3354] encoded FSM with state register 'rd_state_reg' using encoding 'one-hot' in module 'sc_node_v1_0_14_reg_fifo_async__parameterized0__xdcDup__1'
---------------------------------------------------------------------------------------------------
                   State |                     New Encoding |                Previous Encoding 
---------------------------------------------------------------------------------------------------
                 iSTATE0 |                            00001 |                              110
*
              SM_WR_IDLE |                            00010 |                              000
              SM_WR_FULL |                            00100 |                              011
              SM_WR_WAIT |                            01000 |                              010
                  iSTATE |                            10000 |                              111
---------------------------------------------------------------------------------------------------
INFO: [Synth 8-3354] encoded FSM with state register 'wr_state_reg' using encoding 'one-hot' in module 'sc_node_v1_0_14_reg_fifo_async__parameterized1__xdcDup__1'
---------------------------------------------------------------------------------------------------
                   State |                     New Encoding |                Previous Encoding 
---------------------------------------------------------------------------------------------------
              SM_RD_IDLE |                              001 |                               10
             SM_RD_VALID |                              010 |                               00
              SM_RD_WAIT |                              100 |                               11
---------------------------------------------------------------------------------------------------
INFO: [Synth 8-3354] encoded FSM with state register 'rd_state_reg' using encoding 'one-hot' in module 'sc_node_v1_0_14_reg_fifo_async__parameterized1__xdcDup__1'
---------------------------------------------------------------------------------------------------
                   State |                     New Encoding |                Previous Encoding 
---------------------------------------------------------------------------------------------------
                 iSTATE0 |                            00001 |                              110
*
              SM_WR_IDLE |                            00010 |                              000
              SM_WR_FULL |                            00100 |                              011
              SM_WR_WAIT |                            01000 |                              010
                  iSTATE |                            10000 |                              111
---------------------------------------------------------------------------------------------------
INFO: [Synth 8-3354] encoded FSM with state register 'wr_state_reg' using encoding 'one-hot' in module 'sc_node_v1_0_14_reg_fifo_async__parameterized0__xdcDup__2'
---------------------------------------------------------------------------------------------------
                   State |                     New Encoding |                Previous Encoding 
---------------------------------------------------------------------------------------------------
              SM_RD_IDLE |                              001 |                               10
             SM_RD_VALID |                              010 |                               00
              SM_RD_WAIT |                              100 |                               11
---------------------------------------------------------------------------------------------------
INFO: [Synth 8-3354] encoded FSM with state register 'rd_state_reg' using encoding 'one-hot' in module 'sc_node_v1_0_14_reg_fifo_async__parameterized0__xdcDup__2'
---------------------------------------------------------------------------------------------------
                   State |                     New Encoding |                Previous Encoding 
---------------------------------------------------------------------------------------------------
                 iSTATE0 |                            00001 |                              110
*
              SM_WR_IDLE |                            00010 |                              000
              SM_WR_FULL |                            00100 |                              011
              SM_WR_WAIT |                            01000 |                              010
                  iSTATE |                            10000 |                              111
---------------------------------------------------------------------------------------------------
INFO: [Synth 8-3354] encoded FSM with state register 'wr_state_reg' using encoding 'one-hot' in module 'sc_node_v1_0_14_reg_fifo_async__parameterized2__xdcDup__1'
---------------------------------------------------------------------------------------------------
                   State |                     New Encoding |                Previous Encoding 
---------------------------------------------------------------------------------------------------
              SM_RD_IDLE |                              001 |                               10
             SM_RD_VALID |                              010 |                               00
              SM_RD_WAIT |                              100 |                               11
---------------------------------------------------------------------------------------------------
INFO: [Synth 8-3354] encoded FSM with state register 'rd_state_reg' using encoding 'one-hot' in module 'sc_node_v1_0_14_reg_fifo_async__parameterized2__xdcDup__1'
---------------------------------------------------------------------------------------------------
                   State |                     New Encoding |                Previous Encoding 
---------------------------------------------------------------------------------------------------
                 iSTATE0 |                            00001 |                              110
*
              SM_WR_IDLE |                            00010 |                              000
              SM_WR_FULL |                            00100 |                              011
              SM_WR_WAIT |                            01000 |                              010
                  iSTATE |                            10000 |                              111
---------------------------------------------------------------------------------------------------
INFO: [Synth 8-3354] encoded FSM with state register 'wr_state_reg' using encoding 'one-hot' in module 'sc_node_v1_0_14_reg_fifo_async__parameterized3__xdcDup__1'
---------------------------------------------------------------------------------------------------
                   State |                     New Encoding |                Previous Encoding 
---------------------------------------------------------------------------------------------------
              SM_RD_IDLE |                              001 |                               10
             SM_RD_VALID |                              010 |                               00
              SM_RD_WAIT |                              100 |                               11
---------------------------------------------------------------------------------------------------
INFO: [Synth 8-3354] encoded FSM with state register 'rd_state_reg' using encoding 'one-hot' in module 'sc_node_v1_0_14_reg_fifo_async__parameterized3__xdcDup__1'
---------------------------------------------------------------------------------------------------
                   State |                     New Encoding |                Previous Encoding 
---------------------------------------------------------------------------------------------------
                 iSTATE0 |                            00001 |                              110
*
              SM_WR_IDLE |                            00010 |                              000
              SM_WR_FULL |                            00100 |                              011
              SM_WR_WAIT |                            01000 |                              010
                  iSTATE |                            10000 |                              111
---------------------------------------------------------------------------------------------------
INFO: [Synth 8-3354] encoded FSM with state register 'wr_state_reg' using encoding 'one-hot' in module 'sc_node_v1_0_14_reg_fifo_async__xdcDup__3'
---------------------------------------------------------------------------------------------------
                   State |                     New Encoding |                Previous Encoding 
---------------------------------------------------------------------------------------------------
              SM_RD_IDLE |                              001 |                               10
             SM_RD_VALID |                              010 |                               00
              SM_RD_WAIT |                              100 |                               11
---------------------------------------------------------------------------------------------------
INFO: [Synth 8-3354] encoded FSM with state register 'rd_state_reg' using encoding 'one-hot' in module 'sc_node_v1_0_14_reg_fifo_async__xdcDup__3'
---------------------------------------------------------------------------------------------------
                   State |                     New Encoding |                Previous Encoding 
---------------------------------------------------------------------------------------------------
                 iSTATE0 |                            00001 |                              110
*
              SM_WR_IDLE |                            00010 |                              000
              SM_WR_FULL |                            00100 |                              011
              SM_WR_WAIT |                            01000 |                              010
                  iSTATE |                            10000 |                              111
---------------------------------------------------------------------------------------------------
INFO: [Synth 8-3354] encoded FSM with state register 'wr_state_reg' using encoding 'one-hot' in module 'sc_node_v1_0_14_reg_fifo_async'
---------------------------------------------------------------------------------------------------
                   State |                     New Encoding |                Previous Encoding 
---------------------------------------------------------------------------------------------------
              SM_RD_IDLE |                              001 |                               10
             SM_RD_VALID |                              010 |                               00
              SM_RD_WAIT |                              100 |                               11
---------------------------------------------------------------------------------------------------
INFO: [Synth 8-3354] encoded FSM with state register 'rd_state_reg' using encoding 'one-hot' in module 'sc_node_v1_0_14_reg_fifo_async'
---------------------------------------------------------------------------------------------------
                   State |                     New Encoding |                Previous Encoding 
---------------------------------------------------------------------------------------------------
                 iSTATE0 |                            00001 |                              110
*
              SM_WR_IDLE |                            00010 |                              000
              SM_WR_FULL |                            00100 |                              011
              SM_WR_WAIT |                            01000 |                              010
                  iSTATE |                            10000 |                              111
---------------------------------------------------------------------------------------------------
INFO: [Synth 8-3354] encoded FSM with state register 'wr_state_reg' using encoding 'one-hot' in module 'sc_node_v1_0_14_reg_fifo_async__parameterized0__xdcDup__3'
---------------------------------------------------------------------------------------------------
                   State |                     New Encoding |                Previous Encoding 
---------------------------------------------------------------------------------------------------
              SM_RD_IDLE |                              001 |                               10
             SM_RD_VALID |                              010 |                               00
              SM_RD_WAIT |                              100 |                               11
---------------------------------------------------------------------------------------------------
INFO: [Synth 8-3354] encoded FSM with state register 'rd_state_reg' using encoding 'one-hot' in module 'sc_node_v1_0_14_reg_fifo_async__parameterized0__xdcDup__3'
---------------------------------------------------------------------------------------------------
                   State |                     New Encoding |                Previous Encoding 
---------------------------------------------------------------------------------------------------
                 iSTATE0 |                            00001 |                              110
*
              SM_WR_IDLE |                            00010 |                              000
              SM_WR_FULL |                            00100 |                              011
              SM_WR_WAIT |                            01000 |                              010
                  iSTATE |                            10000 |                              111
---------------------------------------------------------------------------------------------------
INFO: [Synth 8-3354] encoded FSM with state register 'wr_state_reg' using encoding 'one-hot' in module 'sc_node_v1_0_14_reg_fifo_async__parameterized1'
---------------------------------------------------------------------------------------------------
                   State |                     New Encoding |                Previous Encoding 
---------------------------------------------------------------------------------------------------
              SM_RD_IDLE |                              001 |                               10
             SM_RD_VALID |                              010 |                               00
              SM_RD_WAIT |                              100 |                               11
---------------------------------------------------------------------------------------------------
INFO: [Synth 8-3354] encoded FSM with state register 'rd_state_reg' using encoding 'one-hot' in module 'sc_node_v1_0_14_reg_fifo_async__parameterized1'
---------------------------------------------------------------------------------------------------
                   State |                     New Encoding |                Previous Encoding 
---------------------------------------------------------------------------------------------------
                 iSTATE0 |                            00001 |                              110
*
              SM_WR_IDLE |                            00010 |                              000
              SM_WR_FULL |                            00100 |                              011
              SM_WR_WAIT |                            01000 |                              010
                  iSTATE |                            10000 |                              111
---------------------------------------------------------------------------------------------------
INFO: [Synth 8-3354] encoded FSM with state register 'wr_state_reg' using encoding 'one-hot' in module 'sc_node_v1_0_14_reg_fifo_async__parameterized0'
---------------------------------------------------------------------------------------------------
                   State |                     New Encoding |                Previous Encoding 
---------------------------------------------------------------------------------------------------
              SM_RD_IDLE |                              001 |                               10
             SM_RD_VALID |                              010 |                               00
              SM_RD_WAIT |                              100 |                               11
---------------------------------------------------------------------------------------------------
INFO: [Synth 8-3354] encoded FSM with state register 'rd_state_reg' using encoding 'one-hot' in module 'sc_node_v1_0_14_reg_fifo_async__parameterized0'
---------------------------------------------------------------------------------------------------
                   State |                     New Encoding |                Previous Encoding 
---------------------------------------------------------------------------------------------------
                 iSTATE0 |                            00001 |                              110
*
              SM_WR_IDLE |                            00010 |                              000
              SM_WR_FULL |                            00100 |                              011
              SM_WR_WAIT |                            01000 |                              010
                  iSTATE |                            10000 |                              111
---------------------------------------------------------------------------------------------------
INFO: [Synth 8-3354] encoded FSM with state register 'wr_state_reg' using encoding 'one-hot' in module 'sc_node_v1_0_14_reg_fifo_async__parameterized2'
---------------------------------------------------------------------------------------------------
                   State |                     New Encoding |                Previous Encoding 
---------------------------------------------------------------------------------------------------
              SM_RD_IDLE |                              001 |                               10
             SM_RD_VALID |                              010 |                               00
              SM_RD_WAIT |                              100 |                               11
---------------------------------------------------------------------------------------------------
INFO: [Synth 8-3354] encoded FSM with state register 'rd_state_reg' using encoding 'one-hot' in module 'sc_node_v1_0_14_reg_fifo_async__parameterized2'
---------------------------------------------------------------------------------------------------
                   State |                     New Encoding |                Previous Encoding 
---------------------------------------------------------------------------------------------------
                 iSTATE0 |                            00001 |                              110
*
              SM_WR_IDLE |                            00010 |                              000
              SM_WR_FULL |                            00100 |                              011
              SM_WR_WAIT |                            01000 |                              010
                  iSTATE |                            10000 |                              111
---------------------------------------------------------------------------------------------------
INFO: [Synth 8-3354] encoded FSM with state register 'wr_state_reg' using encoding 'one-hot' in module 'sc_node_v1_0_14_reg_fifo_async__parameterized3'
---------------------------------------------------------------------------------------------------
                   State |                     New Encoding |                Previous Encoding 
---------------------------------------------------------------------------------------------------
              SM_RD_IDLE |                              001 |                               10
             SM_RD_VALID |                              010 |                               00
              SM_RD_WAIT |                              100 |                               11
---------------------------------------------------------------------------------------------------
INFO: [Synth 8-3354] encoded FSM with state register 'rd_state_reg' using encoding 'one-hot' in module 'sc_node_v1_0_14_reg_fifo_async__parameterized3'
---------------------------------------------------------------------------------
Finished RTL Optimization Phase 2 : Time (s): cpu = 00:00:44 ; elapsed = 00:00:49 . Memory (MB): peak = 3837.000 ; gain = 931.738 ; free physical = 132985 ; free virtual = 467794
---------------------------------------------------------------------------------
---------------------------------------------------------------------------------
Start RTL Component Statistics 
---------------------------------------------------------------------------------
Detailed RTL Component Info : 
+---Adders : 
	   2 Input    7 Bit       Adders := 2     
	   2 Input    6 Bit       Adders := 3     
	   2 Input    4 Bit       Adders := 25    
	   2 Input    2 Bit       Adders := 6     
	   3 Input    1 Bit       Adders := 10    
	   2 Input    1 Bit       Adders := 5     
+---XORs : 
	   2 Input      1 Bit         XORs := 100   
+---Registers : 
	             2178 Bit    Registers := 2     
	              196 Bit    Registers := 2     
	              194 Bit    Registers := 8     
	               76 Bit    Registers := 1     
	               74 Bit    Registers := 4     
	               73 Bit    Registers := 1     
	               54 Bit    Registers := 4     
	               47 Bit    Registers := 2     
	               33 Bit    Registers := 2     
	               27 Bit    Registers := 1     
	               18 Bit    Registers := 8     
	                8 Bit    Registers := 4     
	                7 Bit    Registers := 2     
	                6 Bit    Registers := 3     
	                5 Bit    Registers := 4     
	                4 Bit    Registers := 25    
	                3 Bit    Registers := 111   
	                2 Bit    Registers := 25    
	                1 Bit    Registers := 408   
+---Muxes : 
	   2 Input 2178 Bit        Muxes := 2     
	   2 Input  176 Bit        Muxes := 8     
	   2 Input   56 Bit        Muxes := 4     
	   2 Input   54 Bit        Muxes := 1     
	   4 Input   54 Bit        Muxes := 1     
	   2 Input   32 Bit        Muxes := 1     
	   2 Input    8 Bit        Muxes := 3     
	   7 Input    8 Bit        Muxes := 2     
	   4 Input    8 Bit        Muxes := 1     
	   2 Input    7 Bit        Muxes := 10    
	   2 Input    6 Bit        Muxes := 3     
	   4 Input    5 Bit        Muxes := 14    
	   2 Input    5 Bit        Muxes := 14    
	   2 Input    3 Bit        Muxes := 50    
	   4 Input    3 Bit        Muxes := 16    
	   3 Input    3 Bit        Muxes := 14    
	   2 Input    2 Bit        Muxes := 40    
	   3 Input    2 Bit        Muxes := 14    
	   7 Input    2 Bit        Muxes := 4     
	   2 Input    1 Bit        Muxes := 107   
	   4 Input    1 Bit        Muxes := 18    
	   3 Input    1 Bit        Muxes := 14    
	   5 Input    1 Bit        Muxes := 10    
---------------------------------------------------------------------------------
Finished RTL Component Statistics 
---------------------------------------------------------------------------------
---------------------------------------------------------------------------------
Start Part Resource Summary
---------------------------------------------------------------------------------
Part Resources:
DSPs: 3936 (col length:164)
BRAMs: 1934 (col length: RAMB18 168 RAMB36 84)
---------------------------------------------------------------------------------
Finished Part Resource Summary
---------------------------------------------------------------------------------
---------------------------------------------------------------------------------
Start Cross Boundary and Area Optimization
---------------------------------------------------------------------------------
WARNING: [Synth 8-7080] Parallel synthesis criteria is not met
WARNING: [Synth 8-3332] Sequential element (clk_map/psr0/U0/EXT_LPF/ACTIVE_LOW_EXT.ACT_LO_EXT/GENERATE_LEVEL_P_S_CDC.SINGLE_BIT.CROSS_PLEVEL_IN2SCNDRY_IN_cdc_to) is unused and will be removed from module bd_d23e.
WARNING: [Synth 8-3332] Sequential element (clk_map/psr0/U0/EXT_LPF/ACTIVE_LOW_EXT.ACT_LO_EXT/GENERATE_LEVEL_P_S_CDC.SINGLE_BIT.CROSS_PLEVEL_IN2SCNDRY_s_level_out_d2) is unused and will be removed from module bd_d23e.
WARNING: [Synth 8-3332] Sequential element (clk_map/psr0/U0/EXT_LPF/ACTIVE_LOW_EXT.ACT_LO_EXT/GENERATE_LEVEL_P_S_CDC.SINGLE_BIT.CROSS_PLEVEL_IN2SCNDRY_s_level_out_d3) is unused and will be removed from module bd_d23e.
WARNING: [Synth 8-3332] Sequential element (clk_map/psr0/U0/EXT_LPF/ACTIVE_LOW_EXT.ACT_LO_EXT/GENERATE_LEVEL_P_S_CDC.SINGLE_BIT.CROSS_PLEVEL_IN2SCNDRY_s_level_out_d4) is unused and will be removed from module bd_d23e.
WARNING: [Synth 8-3332] Sequential element (clk_map/psr0/U0/EXT_LPF/ACTIVE_LOW_EXT.ACT_LO_EXT/GENERATE_LEVEL_P_S_CDC.SINGLE_BIT.CROSS_PLEVEL_IN2SCNDRY_s_level_out_d5) is unused and will be removed from module bd_d23e.
WARNING: [Synth 8-3332] Sequential element (clk_map/psr0/U0/EXT_LPF/ACTIVE_LOW_EXT.ACT_LO_EXT/GENERATE_LEVEL_P_S_CDC.SINGLE_BIT.CROSS_PLEVEL_IN2SCNDRY_s_level_out_d6) is unused and will be removed from module bd_d23e.
WARNING: [Synth 8-3332] Sequential element (clk_map/psr0/U0/EXT_LPF/ACTIVE_LOW_AUX.ACT_LO_AUX/GENERATE_LEVEL_P_S_CDC.SINGLE_BIT.CROSS_PLEVEL_IN2SCNDRY_s_level_out_d5) is unused and will be removed from module bd_d23e.
WARNING: [Synth 8-3332] Sequential element (clk_map/psr0/U0/EXT_LPF/ACTIVE_LOW_AUX.ACT_LO_AUX/GENERATE_LEVEL_P_S_CDC.SINGLE_BIT.CROSS_PLEVEL_IN2SCNDRY_s_level_out_d6) is unused and will be removed from module bd_d23e.
WARNING: [Synth 8-3332] Sequential element (clk_map/psr0/U0/FDRE_inst) is unused and will be removed from module bd_d23e.
WARNING: [Synth 8-3332] Sequential element (clk_map/psr0/U0/BSR_OUT_DFF[0].FDRE_BSR) is unused and will be removed from module bd_d23e.
WARNING: [Synth 8-3332] Sequential element (clk_map/psr0/U0/PR_OUT_DFF[0].FDRE_PER) is unused and will be removed from module bd_d23e.
WARNING: [Synth 8-3332] Sequential element (clk_map/psr0/U0/ACTIVE_LOW_PR_OUT_DFF[0].FDRE_PER_N) is unused and will be removed from module bd_d23e.
WARNING: [Synth 8-3332] Sequential element (clk_map/psr_aclk/U0/EXT_LPF/ACTIVE_LOW_EXT.ACT_LO_EXT/GENERATE_LEVEL_P_S_CDC.SINGLE_BIT.CROSS_PLEVEL_IN2SCNDRY_s_level_out_d5) is unused and will be removed from module bd_d23e.
WARNING: [Synth 8-3332] Sequential element (clk_map/psr_aclk/U0/EXT_LPF/ACTIVE_LOW_EXT.ACT_LO_EXT/GENERATE_LEVEL_P_S_CDC.SINGLE_BIT.CROSS_PLEVEL_IN2SCNDRY_s_level_out_d6) is unused and will be removed from module bd_d23e.
WARNING: [Synth 8-3332] Sequential element (clk_map/psr_aclk/U0/EXT_LPF/ACTIVE_LOW_AUX.ACT_LO_AUX/GENERATE_LEVEL_P_S_CDC.SINGLE_BIT.CROSS_PLEVEL_IN2SCNDRY_s_level_out_d5) is unused and will be removed from module bd_d23e.
WARNING: [Synth 8-3332] Sequential element (clk_map/psr_aclk/U0/EXT_LPF/ACTIVE_LOW_AUX.ACT_LO_AUX/GENERATE_LEVEL_P_S_CDC.SINGLE_BIT.CROSS_PLEVEL_IN2SCNDRY_s_level_out_d6) is unused and will be removed from module bd_d23e.
WARNING: [Synth 8-3332] Sequential element (clk_map/psr_aclk/U0/FDRE_inst) is unused and will be removed from module bd_d23e.
WARNING: [Synth 8-3332] Sequential element (clk_map/psr_aclk/U0/BSR_OUT_DFF[0].FDRE_BSR) is unused and will be removed from module bd_d23e.
WARNING: [Synth 8-3332] Sequential element (clk_map/psr_aclk/U0/PR_OUT_DFF[0].FDRE_PER) is unused and will be removed from module bd_d23e.
WARNING: [Synth 8-3332] Sequential element (clk_map/psr_aclk/U0/ACTIVE_LOW_PR_OUT_DFF[0].FDRE_PER_N) is unused and will be removed from module bd_d23e.
WARNING: [Synth 8-3332] Sequential element (clk_map/psr_aclk1/U0/EXT_LPF/ACTIVE_LOW_EXT.ACT_LO_EXT/GENERATE_LEVEL_P_S_CDC.SINGLE_BIT.CROSS_PLEVEL_IN2SCNDRY_s_level_out_d5) is unused and will be removed from module bd_d23e.
WARNING: [Synth 8-3332] Sequential element (clk_map/psr_aclk1/U0/EXT_LPF/ACTIVE_LOW_EXT.ACT_LO_EXT/GENERATE_LEVEL_P_S_CDC.SINGLE_BIT.CROSS_PLEVEL_IN2SCNDRY_s_level_out_d6) is unused and will be removed from module bd_d23e.
WARNING: [Synth 8-3332] Sequential element (clk_map/psr_aclk1/U0/EXT_LPF/ACTIVE_LOW_AUX.ACT_LO_AUX/GENERATE_LEVEL_P_S_CDC.SINGLE_BIT.CROSS_PLEVEL_IN2SCNDRY_s_level_out_d5) is unused and will be removed from module bd_d23e.
WARNING: [Synth 8-3332] Sequential element (clk_map/psr_aclk1/U0/EXT_LPF/ACTIVE_LOW_AUX.ACT_LO_AUX/GENERATE_LEVEL_P_S_CDC.SINGLE_BIT.CROSS_PLEVEL_IN2SCNDRY_s_level_out_d6) is unused and will be removed from module bd_d23e.
WARNING: [Synth 8-3332] Sequential element (clk_map/psr_aclk1/U0/FDRE_inst) is unused and will be removed from module bd_d23e.
WARNING: [Synth 8-3332] Sequential element (clk_map/psr_aclk1/U0/BSR_OUT_DFF[0].FDRE_BSR) is unused and will be removed from module bd_d23e.
WARNING: [Synth 8-3332] Sequential element (clk_map/psr_aclk1/U0/PR_OUT_DFF[0].FDRE_PER) is unused and will be removed from module bd_d23e.
WARNING: [Synth 8-3332] Sequential element (clk_map/psr_aclk1/U0/ACTIVE_LOW_PR_OUT_DFF[0].FDRE_PER_N) is unused and will be removed from module bd_d23e.
WARNING: [Synth 8-3332] Sequential element (inst_mi_handler/gen_normal_area.inst_fifo_node_payld/gen_reg_fifo_async.inst_reg_fifo_async/FSM_onehot_wr_state_reg[4]) is unused and will be removed from module sc_node_v1_0_14_top__parameterized4__xdcDup__1.
WARNING: [Synth 8-3332] Sequential element (inst_mi_handler/gen_normal_area.inst_fifo_node_payld/gen_reg_fifo_async.inst_reg_fifo_async/FSM_onehot_wr_state_reg[0]) is unused and will be removed from module sc_node_v1_0_14_top__parameterized4__xdcDup__1.
WARNING: [Synth 8-3332] Sequential element (inst_mi_handler/gen_normal_area.inst_fifo_node_payld/gen_reg_fifo_async.inst_reg_fifo_async/FSM_onehot_wr_state_reg[4]) is unused and will be removed from module sc_node_v1_0_14_top__parameterized5__xdcDup__1.
WARNING: [Synth 8-3332] Sequential element (inst_mi_handler/gen_normal_area.inst_fifo_node_payld/gen_reg_fifo_async.inst_reg_fifo_async/FSM_onehot_wr_state_reg[0]) is unused and will be removed from module sc_node_v1_0_14_top__parameterized5__xdcDup__1.
WARNING: [Synth 8-3332] Sequential element (inst_mi_handler/gen_normal_area.gen_fifo_req.inst_fifo_req/gen_reg_fifo_async.inst_reg_fifo_async/FSM_onehot_wr_state_reg[4]) is unused and will be removed from module sc_node_v1_0_14_top__parameterized6__xdcDup__1.
WARNING: [Synth 8-3332] Sequential element (inst_mi_handler/gen_normal_area.gen_fifo_req.inst_fifo_req/gen_reg_fifo_async.inst_reg_fifo_async/FSM_onehot_wr_state_reg[0]) is unused and will be removed from module sc_node_v1_0_14_top__parameterized6__xdcDup__1.
WARNING: [Synth 8-3332] Sequential element (inst_mi_handler/gen_normal_area.inst_fifo_node_payld/gen_reg_fifo_async.inst_reg_fifo_async/FSM_onehot_wr_state_reg[4]) is unused and will be removed from module sc_node_v1_0_14_top__parameterized6__xdcDup__1.
WARNING: [Synth 8-3332] Sequential element (inst_mi_handler/gen_normal_area.inst_fifo_node_payld/gen_reg_fifo_async.inst_reg_fifo_async/FSM_onehot_wr_state_reg[0]) is unused and will be removed from module sc_node_v1_0_14_top__parameterized6__xdcDup__1.
WARNING: [Synth 8-3332] Sequential element (inst_mi_handler/gen_normal_area.gen_fifo_req.inst_fifo_req/gen_reg_fifo_async.inst_reg_fifo_async/FSM_onehot_wr_state_reg[4]) is unused and will be removed from module sc_node_v1_0_14_top__parameterized7__xdcDup__1.
WARNING: [Synth 8-3332] Sequential element (inst_mi_handler/gen_normal_area.gen_fifo_req.inst_fifo_req/gen_reg_fifo_async.inst_reg_fifo_async/FSM_onehot_wr_state_reg[0]) is unused and will be removed from module sc_node_v1_0_14_top__parameterized7__xdcDup__1.
WARNING: [Synth 8-3332] Sequential element (inst_mi_handler/gen_normal_area.inst_fifo_node_payld/gen_reg_fifo_async.inst_reg_fifo_async/FSM_onehot_wr_state_reg[4]) is unused and will be removed from module sc_node_v1_0_14_top__parameterized7__xdcDup__1.
WARNING: [Synth 8-3332] Sequential element (inst_mi_handler/gen_normal_area.inst_fifo_node_payld/gen_reg_fifo_async.inst_reg_fifo_async/FSM_onehot_wr_state_reg[0]) is unused and will be removed from module sc_node_v1_0_14_top__parameterized7__xdcDup__1.
WARNING: [Synth 8-3332] Sequential element (inst_mi_handler/gen_normal_area.inst_fifo_node_payld/gen_reg_fifo_async.inst_reg_fifo_async/FSM_onehot_wr_state_reg[4]) is unused and will be removed from module sc_node_v1_0_14_top__parameterized8__xdcDup__1.
WARNING: [Synth 8-3332] Sequential element (inst_mi_handler/gen_normal_area.inst_fifo_node_payld/gen_reg_fifo_async.inst_reg_fifo_async/FSM_onehot_wr_state_reg[0]) is unused and will be removed from module sc_node_v1_0_14_top__parameterized8__xdcDup__1.
WARNING: [Synth 8-3332] Sequential element (inst_mi_handler/gen_normal_area.inst_fifo_node_payld/gen_reg_fifo_async.inst_reg_fifo_async/FSM_onehot_wr_state_reg[4]) is unused and will be removed from module sc_node_v1_0_14_top__parameterized4.
WARNING: [Synth 8-3332] Sequential element (inst_mi_handler/gen_normal_area.inst_fifo_node_payld/gen_reg_fifo_async.inst_reg_fifo_async/FSM_onehot_wr_state_reg[0]) is unused and will be removed from module sc_node_v1_0_14_top__parameterized4.
WARNING: [Synth 8-3332] Sequential element (inst_mi_handler/gen_normal_area.inst_fifo_node_payld/gen_reg_fifo_async.inst_reg_fifo_async/FSM_onehot_wr_state_reg[4]) is unused and will be removed from module sc_node_v1_0_14_top__parameterized5.
WARNING: [Synth 8-3332] Sequential element (inst_mi_handler/gen_normal_area.inst_fifo_node_payld/gen_reg_fifo_async.inst_reg_fifo_async/FSM_onehot_wr_state_reg[0]) is unused and will be removed from module sc_node_v1_0_14_top__parameterized5.
WARNING: [Synth 8-3332] Sequential element (inst_mi_handler/gen_normal_area.gen_fifo_req.inst_fifo_req/gen_reg_fifo_async.inst_reg_fifo_async/FSM_onehot_wr_state_reg[4]) is unused and will be removed from module sc_node_v1_0_14_top__parameterized6.
WARNING: [Synth 8-3332] Sequential element (inst_mi_handler/gen_normal_area.gen_fifo_req.inst_fifo_req/gen_reg_fifo_async.inst_reg_fifo_async/FSM_onehot_wr_state_reg[0]) is unused and will be removed from module sc_node_v1_0_14_top__parameterized6.
WARNING: [Synth 8-3332] Sequential element (inst_mi_handler/gen_normal_area.inst_fifo_node_payld/gen_reg_fifo_async.inst_reg_fifo_async/FSM_onehot_wr_state_reg[4]) is unused and will be removed from module sc_node_v1_0_14_top__parameterized6.
WARNING: [Synth 8-3332] Sequential element (inst_mi_handler/gen_normal_area.inst_fifo_node_payld/gen_reg_fifo_async.inst_reg_fifo_async/FSM_onehot_wr_state_reg[0]) is unused and will be removed from module sc_node_v1_0_14_top__parameterized6.
WARNING: [Synth 8-3332] Sequential element (inst_mi_handler/gen_normal_area.gen_fifo_req.inst_fifo_req/gen_reg_fifo_async.inst_reg_fifo_async/FSM_onehot_wr_state_reg[4]) is unused and will be removed from module sc_node_v1_0_14_top__parameterized7.
WARNING: [Synth 8-3332] Sequential element (inst_mi_handler/gen_normal_area.gen_fifo_req.inst_fifo_req/gen_reg_fifo_async.inst_reg_fifo_async/FSM_onehot_wr_state_reg[0]) is unused and will be removed from module sc_node_v1_0_14_top__parameterized7.
WARNING: [Synth 8-3332] Sequential element (inst_mi_handler/gen_normal_area.inst_fifo_node_payld/gen_reg_fifo_async.inst_reg_fifo_async/FSM_onehot_wr_state_reg[4]) is unused and will be removed from module sc_node_v1_0_14_top__parameterized7.
WARNING: [Synth 8-3332] Sequential element (inst_mi_handler/gen_normal_area.inst_fifo_node_payld/gen_reg_fifo_async.inst_reg_fifo_async/FSM_onehot_wr_state_reg[0]) is unused and will be removed from module sc_node_v1_0_14_top__parameterized7.
WARNING: [Synth 8-3332] Sequential element (inst_mi_handler/gen_normal_area.inst_fifo_node_payld/gen_reg_fifo_async.inst_reg_fifo_async/FSM_onehot_wr_state_reg[4]) is unused and will be removed from module sc_node_v1_0_14_top__parameterized8.
WARNING: [Synth 8-3332] Sequential element (inst_mi_handler/gen_normal_area.inst_fifo_node_payld/gen_reg_fifo_async.inst_reg_fifo_async/FSM_onehot_wr_state_reg[0]) is unused and will be removed from module sc_node_v1_0_14_top__parameterized8.
---------------------------------------------------------------------------------
Finished Cross Boundary and Area Optimization : Time (s): cpu = 00:00:54 ; elapsed = 00:01:00 . Memory (MB): peak = 3837.000 ; gain = 931.738 ; free physical = 131821 ; free virtual = 466699
---------------------------------------------------------------------------------
---------------------------------------------------------------------------------
Start Applying XDC Timing Constraints
---------------------------------------------------------------------------------
---------------------------------------------------------------------------------
Finished Applying XDC Timing Constraints : Time (s): cpu = 00:01:22 ; elapsed = 00:01:37 . Memory (MB): peak = 4215.070 ; gain = 1309.809 ; free physical = 135028 ; free virtual = 469896
---------------------------------------------------------------------------------
---------------------------------------------------------------------------------
Start Timing Optimization
---------------------------------------------------------------------------------
---------------------------------------------------------------------------------
Finished Timing Optimization : Time (s): cpu = 00:01:23 ; elapsed = 00:01:38 . Memory (MB): peak = 4220.070 ; gain = 1314.809 ; free physical = 135120 ; free virtual = 469987
---------------------------------------------------------------------------------
---------------------------------------------------------------------------------
Start Technology Mapping
---------------------------------------------------------------------------------
INFO: [Synth 8-5816] Retiming module `xpm_cdc_async_rst__7`
   Worst Slack before retiming is -356 and worst slack after retiming is -356
   Numbers of local forward move = 0, and local backward move = 0


INFO: [Synth 8-5816] Retiming module `xpm_cdc_async_rst__7' done


INFO: [Synth 8-5816] Retiming module `sc_exit_v1_0_13_top`
   Worst Slack before retiming is -356 and worst slack after retiming is -356
   Numbers of local forward move = 0, and local backward move = 0


INFO: [Synth 8-5816] Retiming module `sc_exit_v1_0_13_top' done


INFO: [Synth 8-5816] Retiming module `xpm_cdc_async_rst__8`
   Worst Slack before retiming is -356 and worst slack after retiming is -356
   Numbers of local forward move = 0, and local backward move = 0


INFO: [Synth 8-5816] Retiming module `xpm_cdc_async_rst__8' done


INFO: [Synth 8-5816] Retiming module `xpm_cdc_async_rst__9`
   Worst Slack before retiming is -356 and worst slack after retiming is -356
   Numbers of local forward move = 0, and local backward move = 0


INFO: [Synth 8-5816] Retiming module `xpm_cdc_async_rst__9' done


INFO: [Synth 8-5816] Retiming module `sc_node_v1_0_14_top`
   Worst Slack before retiming is -356 and worst slack after retiming is -356
   Numbers of local forward move = 0, and local backward move = 0


INFO: [Synth 8-5816] Retiming module `sc_node_v1_0_14_top' done


INFO: [Synth 8-5816] Retiming module `xpm_cdc_async_rst__10`
   Worst Slack before retiming is -356 and worst slack after retiming is -356
   Numbers of local forward move = 0, and local backward move = 0


INFO: [Synth 8-5816] Retiming module `xpm_cdc_async_rst__10' done


INFO: [Synth 8-5816] Retiming module `xpm_cdc_async_rst__11`
   Worst Slack before retiming is -356 and worst slack after retiming is -356
   Numbers of local forward move = 0, and local backward move = 0


INFO: [Synth 8-5816] Retiming module `xpm_cdc_async_rst__11' done


INFO: [Synth 8-5816] Retiming module `sc_node_v1_0_14_top__parameterized0`
   Worst Slack before retiming is -356 and worst slack after retiming is -356
   Numbers of local forward move = 0, and local backward move = 0


INFO: [Synth 8-5816] Retiming module `sc_node_v1_0_14_top__parameterized0' done


INFO: [Synth 8-5816] Retiming module `xpm_cdc_async_rst__12`
   Worst Slack before retiming is -356 and worst slack after retiming is -356
   Numbers of local forward move = 0, and local backward move = 0


INFO: [Synth 8-5816] Retiming module `xpm_cdc_async_rst__12' done


INFO: [Synth 8-5816] Retiming module `xpm_cdc_async_rst__13`
   Worst Slack before retiming is -356 and worst slack after retiming is -356
   Numbers of local forward move = 0, and local backward move = 0


INFO: [Synth 8-5816] Retiming module `xpm_cdc_async_rst__13' done


INFO: [Synth 8-5816] Retiming module `sc_node_v1_0_14_top__parameterized1`
   Worst Slack before retiming is -356 and worst slack after retiming is -356
   Numbers of local forward move = 0, and local backward move = 0


INFO: [Synth 8-5816] Retiming module `sc_node_v1_0_14_top__parameterized1' done


INFO: [Synth 8-5816] Retiming module `xpm_cdc_async_rst__14`
   Worst Slack before retiming is -356 and worst slack after retiming is -356
   Numbers of local forward move = 0, and local backward move = 0


INFO: [Synth 8-5816] Retiming module `xpm_cdc_async_rst__14' done


INFO: [Synth 8-5816] Retiming module `xpm_cdc_async_rst__15`
   Worst Slack before retiming is -356 and worst slack after retiming is -356
   Numbers of local forward move = 0, and local backward move = 0


INFO: [Synth 8-5816] Retiming module `xpm_cdc_async_rst__15' done


INFO: [Synth 8-5816] Retiming module `sc_node_v1_0_14_top__parameterized2`
   Worst Slack before retiming is -356 and worst slack after retiming is -356
   Numbers of local forward move = 0, and local backward move = 0


INFO: [Synth 8-5816] Retiming module `sc_node_v1_0_14_top__parameterized2' done


INFO: [Synth 8-5816] Retiming module `xpm_cdc_async_rst__16`
   Worst Slack before retiming is -356 and worst slack after retiming is -356
   Numbers of local forward move = 0, and local backward move = 0


INFO: [Synth 8-5816] Retiming module `xpm_cdc_async_rst__16' done


INFO: [Synth 8-5816] Retiming module `xpm_cdc_async_rst__17`
   Worst Slack before retiming is -356 and worst slack after retiming is -356
   Numbers of local forward move = 0, and local backward move = 0


INFO: [Synth 8-5816] Retiming module `xpm_cdc_async_rst__17' done


INFO: [Synth 8-5816] Retiming module `sc_node_v1_0_14_top__parameterized3`
   Worst Slack before retiming is -356 and worst slack after retiming is -356
   Numbers of local forward move = 0, and local backward move = 0


INFO: [Synth 8-5816] Retiming module `sc_node_v1_0_14_top__parameterized3' done


INFO: [Synth 8-5816] Retiming module `sc_sc2axi_v1_0_8_top`
   Worst Slack before retiming is -356 and worst slack after retiming is -356
   Numbers of local forward move = 0, and local backward move = 0


INFO: [Synth 8-5816] Retiming module `sc_sc2axi_v1_0_8_top' done


INFO: [Synth 8-5816] Retiming module `xpm_cdc_async_rst__18`
   Worst Slack before retiming is -356 and worst slack after retiming is -356
   Numbers of local forward move = 0, and local backward move = 0


INFO: [Synth 8-5816] Retiming module `xpm_cdc_async_rst__18' done


INFO: [Synth 8-5816] Retiming module `sc_exit_v1_0_13_top__parameterized0__xdcDup__1`
   Worst Slack before retiming is -356 and worst slack after retiming is -356
   Numbers of local forward move = 0, and local backward move = 0


INFO: [Synth 8-5816] Retiming module `sc_exit_v1_0_13_top__parameterized0__xdcDup__1' done


INFO: [Synth 8-5816] Retiming module `xpm_cdc_single__28`
   Worst Slack before retiming is -356 and worst slack after retiming is -356
   Numbers of local forward move = 0, and local backward move = 0


INFO: [Synth 8-5816] Retiming module `xpm_cdc_single__28' done


INFO: [Synth 8-5816] Retiming module `xpm_cdc_single__29`
   Worst Slack before retiming is -356 and worst slack after retiming is -356
   Numbers of local forward move = 0, and local backward move = 0


INFO: [Synth 8-5816] Retiming module `xpm_cdc_single__29' done


INFO: [Synth 8-5816] Retiming module `xpm_cdc_handshake__xdcDup__1`
   Worst Slack before retiming is -356 and worst slack after retiming is -356
   Numbers of local forward move = 0, and local backward move = 0


INFO: [Synth 8-5816] Retiming module `xpm_cdc_handshake__xdcDup__1' done


INFO: [Synth 8-5816] Retiming module `xpm_cdc_async_rst__19`
   Worst Slack before retiming is -356 and worst slack after retiming is -356
   Numbers of local forward move = 0, and local backward move = 0


INFO: [Synth 8-5816] Retiming module `xpm_cdc_async_rst__19' done


INFO: [Synth 8-5816] Retiming module `xpm_cdc_async_rst__20`
   Worst Slack before retiming is -356 and worst slack after retiming is -356
   Numbers of local forward move = 0, and local backward move = 0


INFO: [Synth 8-5816] Retiming module `xpm_cdc_async_rst__20' done


INFO: [Synth 8-5816] Retiming module `sc_node_v1_0_14_top__parameterized4__xdcDup__1`
   Worst Slack before retiming is -356 and worst slack after retiming is -356
   Numbers of local forward move = 0, and local backward move = 0


INFO: [Synth 8-5816] Retiming module `sc_node_v1_0_14_top__parameterized4__xdcDup__1' done


INFO: [Synth 8-5816] Retiming module `xpm_cdc_single__30`
   Worst Slack before retiming is -356 and worst slack after retiming is -356
   Numbers of local forward move = 0, and local backward move = 0


INFO: [Synth 8-5816] Retiming module `xpm_cdc_single__30' done


INFO: [Synth 8-5816] Retiming module `xpm_cdc_single__31`
   Worst Slack before retiming is -356 and worst slack after retiming is -356
   Numbers of local forward move = 0, and local backward move = 0


INFO: [Synth 8-5816] Retiming module `xpm_cdc_single__31' done


INFO: [Synth 8-5816] Retiming module `xpm_cdc_handshake__xdcDup__2`
   Worst Slack before retiming is -356 and worst slack after retiming is -356
   Numbers of local forward move = 0, and local backward move = 0


INFO: [Synth 8-5816] Retiming module `xpm_cdc_handshake__xdcDup__2' done


INFO: [Synth 8-5816] Retiming module `xpm_cdc_async_rst__21`
   Worst Slack before retiming is -356 and worst slack after retiming is -356
   Numbers of local forward move = 0, and local backward move = 0


INFO: [Synth 8-5816] Retiming module `xpm_cdc_async_rst__21' done


INFO: [Synth 8-5816] Retiming module `xpm_cdc_async_rst__22`
   Worst Slack before retiming is -356 and worst slack after retiming is -356
   Numbers of local forward move = 0, and local backward move = 0


INFO: [Synth 8-5816] Retiming module `xpm_cdc_async_rst__22' done


INFO: [Synth 8-5816] Retiming module `sc_node_v1_0_14_top__parameterized5__xdcDup__1`
   Worst Slack before retiming is -356 and worst slack after retiming is -356
   Numbers of local forward move = 0, and local backward move = 0


INFO: [Synth 8-5816] Retiming module `sc_node_v1_0_14_top__parameterized5__xdcDup__1' done


INFO: [Synth 8-5816] Retiming module `xpm_cdc_single__32`
   Worst Slack before retiming is -356 and worst slack after retiming is -356
   Numbers of local forward move = 0, and local backward move = 0


INFO: [Synth 8-5816] Retiming module `xpm_cdc_single__32' done


INFO: [Synth 8-5816] Retiming module `xpm_cdc_single__33`
   Worst Slack before retiming is -356 and worst slack after retiming is -356
   Numbers of local forward move = 0, and local backward move = 0


INFO: [Synth 8-5816] Retiming module `xpm_cdc_single__33' done


INFO: [Synth 8-5816] Retiming module `xpm_cdc_handshake__parameterized0__xdcDup__1`
   Worst Slack before retiming is -356 and worst slack after retiming is -356
   Numbers of local forward move = 0, and local backward move = 0


INFO: [Synth 8-5816] Retiming module `xpm_cdc_handshake__parameterized0__xdcDup__1' done


INFO: [Synth 8-5816] Retiming module `xpm_cdc_single__34`
   Worst Slack before retiming is -356 and worst slack after retiming is -356
   Numbers of local forward move = 0, and local backward move = 0


INFO: [Synth 8-5816] Retiming module `xpm_cdc_single__34' done


INFO: [Synth 8-5816] Retiming module `xpm_cdc_single__35`
   Worst Slack before retiming is -356 and worst slack after retiming is -356
   Numbers of local forward move = 0, and local backward move = 0


INFO: [Synth 8-5816] Retiming module `xpm_cdc_single__35' done


INFO: [Synth 8-5816] Retiming module `xpm_cdc_handshake__parameterized1__xdcDup__1`
   Worst Slack before retiming is -356 and worst slack after retiming is -356
   Numbers of local forward move = 0, and local backward move = 0


INFO: [Synth 8-5816] Retiming module `xpm_cdc_handshake__parameterized1__xdcDup__1' done


INFO: [Synth 8-5816] Retiming module `xpm_cdc_async_rst__23`
   Worst Slack before retiming is -356 and worst slack after retiming is -356
   Numbers of local forward move = 0, and local backward move = 0


INFO: [Synth 8-5816] Retiming module `xpm_cdc_async_rst__23' done


INFO: [Synth 8-5816] Retiming module `xpm_cdc_async_rst__24`
   Worst Slack before retiming is -356 and worst slack after retiming is -356
   Numbers of local forward move = 0, and local backward move = 0


INFO: [Synth 8-5816] Retiming module `xpm_cdc_async_rst__24' done


INFO: [Synth 8-5816] Retiming module `sc_node_v1_0_14_top__parameterized6__xdcDup__1`
   Worst Slack before retiming is -356 and worst slack after retiming is -356
   Numbers of local forward move = 0, and local backward move = 0


INFO: [Synth 8-5816] Retiming module `sc_node_v1_0_14_top__parameterized6__xdcDup__1' done


INFO: [Synth 8-5816] Retiming module `xpm_cdc_single__36`
   Worst Slack before retiming is -356 and worst slack after retiming is -356
   Numbers of local forward move = 0, and local backward move = 0


INFO: [Synth 8-5816] Retiming module `xpm_cdc_single__36' done


INFO: [Synth 8-5816] Retiming module `xpm_cdc_single__37`
   Worst Slack before retiming is -356 and worst slack after retiming is -356
   Numbers of local forward move = 0, and local backward move = 0


INFO: [Synth 8-5816] Retiming module `xpm_cdc_single__37' done


INFO: [Synth 8-5816] Retiming module `xpm_cdc_handshake__parameterized0__xdcDup__2`
   Worst Slack before retiming is -356 and worst slack after retiming is -356
   Numbers of local forward move = 0, and local backward move = 0


INFO: [Synth 8-5816] Retiming module `xpm_cdc_handshake__parameterized0__xdcDup__2' done


INFO: [Synth 8-5816] Retiming module `xpm_cdc_single__38`
   Worst Slack before retiming is -356 and worst slack after retiming is -356
   Numbers of local forward move = 0, and local backward move = 0


INFO: [Synth 8-5816] Retiming module `xpm_cdc_single__38' done


INFO: [Synth 8-5816] Retiming module `xpm_cdc_single__39`
   Worst Slack before retiming is -356 and worst slack after retiming is -356
   Numbers of local forward move = 0, and local backward move = 0


INFO: [Synth 8-5816] Retiming module `xpm_cdc_single__39' done


INFO: [Synth 8-5816] Retiming module `xpm_cdc_handshake__parameterized2__xdcDup__1`
   Worst Slack before retiming is -356 and worst slack after retiming is -356
   Numbers of local forward move = 0, and local backward move = 0


INFO: [Synth 8-5816] Retiming module `xpm_cdc_handshake__parameterized2__xdcDup__1' done


INFO: [Synth 8-5816] Retiming module `xpm_cdc_async_rst__25`
   Worst Slack before retiming is -356 and worst slack after retiming is -356
   Numbers of local forward move = 0, and local backward move = 0


INFO: [Synth 8-5816] Retiming module `xpm_cdc_async_rst__25' done


INFO: [Synth 8-5816] Retiming module `xpm_cdc_async_rst__26`
   Worst Slack before retiming is -356 and worst slack after retiming is -356
   Numbers of local forward move = 0, and local backward move = 0


INFO: [Synth 8-5816] Retiming module `xpm_cdc_async_rst__26' done


INFO: [Synth 8-5816] Retiming module `sc_node_v1_0_14_top__parameterized7__xdcDup__1`
   Worst Slack before retiming is -356 and worst slack after retiming is -356
   Numbers of local forward move = 0, and local backward move = 0


INFO: [Synth 8-5816] Retiming module `sc_node_v1_0_14_top__parameterized7__xdcDup__1' done


INFO: [Common 17-14] Message 'Synth 8-5816' appears 100 times and further instances of the messages will be disabled. Use the Tcl command set_msg_config to change the current settings.
---------------------------------------------------------------------------------
Finished Technology Mapping : Time (s): cpu = 00:01:25 ; elapsed = 00:01:44 . Memory (MB): peak = 4249.125 ; gain = 1343.863 ; free physical = 141842 ; free virtual = 476709
---------------------------------------------------------------------------------
---------------------------------------------------------------------------------
Start IO Insertion
---------------------------------------------------------------------------------
---------------------------------------------------------------------------------
Start Flattening Before IO Insertion
---------------------------------------------------------------------------------
---------------------------------------------------------------------------------
Finished Flattening Before IO Insertion
---------------------------------------------------------------------------------
---------------------------------------------------------------------------------
Start Final Netlist Cleanup
---------------------------------------------------------------------------------
---------------------------------------------------------------------------------
Finished Final Netlist Cleanup
---------------------------------------------------------------------------------
---------------------------------------------------------------------------------
Finished IO Insertion : Time (s): cpu = 00:01:30 ; elapsed = 00:01:49 . Memory (MB): peak = 4257.062 ; gain = 1351.801 ; free physical = 139575 ; free virtual = 474452
---------------------------------------------------------------------------------
---------------------------------------------------------------------------------
Start Renaming Generated Instances
---------------------------------------------------------------------------------
---------------------------------------------------------------------------------
Finished Renaming Generated Instances : Time (s): cpu = 00:01:30 ; elapsed = 00:01:49 . Memory (MB): peak = 4257.062 ; gain = 1351.801 ; free physical = 139581 ; free virtual = 474458
---------------------------------------------------------------------------------
---------------------------------------------------------------------------------
Start Rebuilding User Hierarchy
---------------------------------------------------------------------------------
---------------------------------------------------------------------------------
Finished Rebuilding User Hierarchy : Time (s): cpu = 00:01:30 ; elapsed = 00:01:49 . Memory (MB): peak = 4257.062 ; gain = 1351.801 ; free physical = 139295 ; free virtual = 474173
---------------------------------------------------------------------------------
---------------------------------------------------------------------------------
Start Renaming Generated Ports
---------------------------------------------------------------------------------
---------------------------------------------------------------------------------
Finished Renaming Generated Ports : Time (s): cpu = 00:01:30 ; elapsed = 00:01:49 . Memory (MB): peak = 4257.062 ; gain = 1351.801 ; free physical = 139272 ; free virtual = 474149
---------------------------------------------------------------------------------
---------------------------------------------------------------------------------
Start Handling Custom Attributes
---------------------------------------------------------------------------------
---------------------------------------------------------------------------------
Finished Handling Custom Attributes : Time (s): cpu = 00:01:30 ; elapsed = 00:01:49 . Memory (MB): peak = 4257.062 ; gain = 1351.801 ; free physical = 139178 ; free virtual = 474055
---------------------------------------------------------------------------------
---------------------------------------------------------------------------------
Start Renaming Generated Nets
---------------------------------------------------------------------------------
---------------------------------------------------------------------------------
Finished Renaming Generated Nets : Time (s): cpu = 00:01:30 ; elapsed = 00:01:49 . Memory (MB): peak = 4257.062 ; gain = 1351.801 ; free physical = 139136 ; free virtual = 474014
---------------------------------------------------------------------------------
---------------------------------------------------------------------------------
Start ROM, RAM, DSP, Shift Register and Retiming Reporting
---------------------------------------------------------------------------------
---------------------------------------------------------------------------------
Finished ROM, RAM, DSP, Shift Register and Retiming Reporting
---------------------------------------------------------------------------------
---------------------------------------------------------------------------------
Start Writing Synthesis Report
---------------------------------------------------------------------------------

Report BlackBoxes: 
+-+--------------+----------+
| |BlackBox name |Instances |
+-+--------------+----------+
+-+--------------+----------+

Report Cell Usage: 
+------+------+------+
|      |Cell  |Count |
+------+------+------+
|1     |LUT1  |   190|
|2     |LUT2  |   145|
|3     |LUT3  |    61|
|4     |LUT4  |   287|
|5     |LUT5  |    97|
|6     |LUT6  |    94|
|8     |SRL16 |     3|
|9     |FDCE  |   168|
|10    |FDR   |    20|
|11    |FDRE  |  2552|
|12    |FDSE  |    89|
+------+------+------+
---------------------------------------------------------------------------------
Finished Writing Synthesis Report : Time (s): cpu = 00:01:30 ; elapsed = 00:01:50 . Memory (MB): peak = 4257.062 ; gain = 1351.801 ; free physical = 139115 ; free virtual = 473992
---------------------------------------------------------------------------------
Synthesis finished with 0 errors, 0 critical warnings and 22012 warnings.
Synthesis Optimization Runtime : Time (s): cpu = 00:01:09 ; elapsed = 00:01:27 . Memory (MB): peak = 4257.062 ; gain = 954.496 ; free physical = 138988 ; free virtual = 473866
Synthesis Optimization Complete : Time (s): cpu = 00:01:30 ; elapsed = 00:01:50 . Memory (MB): peak = 4257.070 ; gain = 1351.801 ; free physical = 138963 ; free virtual = 473841
INFO: [Project 1-571] Translating synthesized netlist
Netlist sorting complete. Time (s): cpu = 00:00:00.35 ; elapsed = 00:00:00.34 . Memory (MB): peak = 4257.070 ; gain = 0.000 ; free physical = 138488 ; free virtual = 473359
INFO: [Netlist 29-17] Analyzing 26 Unisim elements for replacement
INFO: [Netlist 29-28] Unisim Transformation completed in 0 CPU seconds
INFO: [Constraints 18-6359] No Clock Expansion Window constraints config file entry for device xcvc1902.  GCLK Deskew mode will be Off and cannot be enabled via GCLK_DESKEW override.
INFO: [Constraints 18-5720] The default GCLK Deskew mode is Off.
INFO: [Project 1-570] Preparing netlist for logic optimization
INFO: [Opt 31-138] Pushed 0 inverter(s) to 0 load pin(s).
Netlist sorting complete. Time (s): cpu = 00:00:00 ; elapsed = 00:00:00 . Memory (MB): peak = 4311.750 ; gain = 0.000 ; free physical = 138910 ; free virtual = 473784
INFO: [Project 1-111] Unisim Transformation Summary:
  A total of 26 instances were transformed.
  FDR => FDRE: 20 instances
  LUT6_2 => LUT6_2 (LUT5, LUT6): 3 instances
  SRL16 => SRL16E: 3 instances

Synth Design complete, checksum: e5d7cf1c
INFO: [Common 17-83] Releasing license: Synthesis
358 Infos, 201 Warnings, 4 Critical Warnings and 0 Errors encountered.
synth_design completed successfully
synth_design: Time (s): cpu = 00:01:46 ; elapsed = 00:02:02 . Memory (MB): peak = 4311.750 ; gain = 1406.586 ; free physical = 139228 ; free virtual = 474102
INFO: [Common 17-600] The following parameters have non-default value.
general.maxThreads
INFO: [Common 17-1381] The checkpoint '/home/x_thileeb/repos/ops-hls-pact25-artifact/codegen_apps/jacobian3d/vck5000_project/hls/build/hw/temp_dir/link/link/vivado/vpl/prj/prj.runs/ulp_inst_0_axi_ic_user_0_synth_1/ulp_inst_0_axi_ic_user_0.dcp' has been generated.
INFO: [runtcl-6] Synthesis results are not added to the cache due to CRITICAL_WARNING
INFO: [Coretcl 2-1174] Renamed 315 cell refs.
INFO: [Common 17-1381] The checkpoint '/home/x_thileeb/repos/ops-hls-pact25-artifact/codegen_apps/jacobian3d/vck5000_project/hls/build/hw/temp_dir/link/link/vivado/vpl/prj/prj.runs/ulp_inst_0_axi_ic_user_0_synth_1/ulp_inst_0_axi_ic_user_0.dcp' has been generated.
INFO: [runtcl-4] Executing : report_utilization -file ulp_inst_0_axi_ic_user_0_utilization_synth.rpt -pb ulp_inst_0_axi_ic_user_0_utilization_synth.pb
INFO: [Common 17-206] Exiting Vivado at Sun Jul 26 01:33:55 2026...
