
*** Running vivado
    with args -log ulp_inst_0_axi_sc_plram_0.vds -m64 -product Vivado -mode batch -messageDb vivado.pb -notrace -source ulp_inst_0_axi_sc_plram_0.tcl


****** Vivado v2022.1 (64-bit)
  **** SW Build 3526262 on Mon Apr 18 15:47:01 MDT 2022
  **** IP Build 3524634 on Mon Apr 18 20:55:01 MDT 2022
    ** Copyright 1986-2022 Xilinx, Inc. All Rights Reserved.

source ulp_inst_0_axi_sc_plram_0.tcl -notrace
INFO: Dispatch client connection id - 42837
create_project: Time (s): cpu = 00:00:05 ; elapsed = 00:00:05 . Memory (MB): peak = 2905.164 ; gain = 0.027 ; free physical = 146552 ; free virtual = 481023
INFO: [IP_Flow 19-234] Refreshing IP repositories
INFO: [IP_Flow 19-1700] Loaded user IP repository '/home/x_thileeb/repos/ops-hls-pact25-artifact/codegen_apps/jacobian3d/vck5000_project/hls/build/hw/temp_dir/link/link/int/xo/ip_repo/xilinx_com_hls_kernel_outerloop_0_1_0'.
INFO: [IP_Flow 19-1700] Loaded user IP repository '/home/x_thileeb/repos/ops-hls-pact25-artifact/codegen_apps/jacobian3d/vck5000_project/hls/build/hw/temp_dir/link/link/int/xo/ip_repo/xilinx_com_hls_datamover_outerloop_0_1_0'.
INFO: [IP_Flow 19-1700] Loaded user IP repository '/home/x_thileeb/repos/ops-hls-pact25-artifact/codegen_apps/jacobian3d/vck5000_project/hls/build/hw/temp_dir/link/link/vivado/vpl/.local/hw_platform/iprepo'.
INFO: [IP_Flow 19-1700] Loaded user IP repository '/home/x_thileeb/repos/ops-hls-pact25-artifact/codegen_apps/jacobian3d/vck5000_project/hls/build/hw/temp_dir/link/link/vivado/vpl/.local/hw_platform/ipcache'.
INFO: [IP_Flow 19-1700] Loaded user IP repository '/tools/Xilinx/Vitis/2022.1/data/ip'.
INFO: [IP_Flow 19-2313] Loaded Vivado IP repository '/tools/Xilinx/Vivado/2022.1/data/ip'.
WARNING: [IP_Flow 19-1663] Duplicate IP found for 'xilinx.com:ip:axi_fifo_register:3.0'. The one found in IP location '/home/x_thileeb/repos/ops-hls-pact25-artifact/codegen_apps/jacobian3d/vck5000_project/hls/build/hw/temp_dir/link/link/vivado/vpl/.local/hw_platform/iprepo/xilinx/axi_fifo_register_v3_0' will take precedence over the same IP in location /tools/Xilinx/Vitis/2022.1/data/ip/xilinx/axi_fifo_register_v3_0
WARNING: [IP_Flow 19-1663] Duplicate IP found for 'xilinx.com:ip:Event_Pulse:1.0'. The one found in IP location '/home/x_thileeb/repos/ops-hls-pact25-artifact/codegen_apps/jacobian3d/vck5000_project/hls/build/hw/temp_dir/link/link/vivado/vpl/.local/hw_platform/iprepo/xilinx/event_pulse_v1_0' will take precedence over the same IP in location /tools/Xilinx/Vitis/2022.1/data/ip/xilinx/event_pulse_v1_0
WARNING: [IP_Flow 19-1663] Duplicate IP found for 'xilinx.com:ip:axis_ic2sgdma:1.0'. The one found in IP location '/home/x_thileeb/repos/ops-hls-pact25-artifact/codegen_apps/jacobian3d/vck5000_project/hls/build/hw/temp_dir/link/link/vivado/vpl/.local/hw_platform/iprepo/xilinx/axis_ic2sgdma_v1_0' will take precedence over the same IP in location /tools/Xilinx/Vitis/2022.1/data/ip/xilinx/axis_ic2sgdma_v1_0
WARNING: [IP_Flow 19-1663] Duplicate IP found for 'xilinx.com:ip:maxis_tieoff_v1_0:1.0'. The one found in IP location '/home/x_thileeb/repos/ops-hls-pact25-artifact/codegen_apps/jacobian3d/vck5000_project/hls/build/hw/temp_dir/link/link/vivado/vpl/.local/hw_platform/iprepo/xilinx/maxis_tieoff_v1_0' will take precedence over the same IP in location /tools/Xilinx/Vitis/2022.1/data/ip/xilinx/maxis_tieoff_v1_0
WARNING: [IP_Flow 19-1663] Duplicate IP found for 'xilinx.com:ip:xrt_queue:1.1'. The one found in IP location '/home/x_thileeb/repos/ops-hls-pact25-artifact/codegen_apps/jacobian3d/vck5000_project/hls/build/hw/temp_dir/link/link/vivado/vpl/.local/hw_platform/iprepo/xilinx/xrt_queue_v1_1' will take precedence over the same IP in location /tools/Xilinx/Vitis/2022.1/data/ip/xilinx/xrt_queue_v1_1
WARNING: [IP_Flow 19-1663] Duplicate IP found for 'xilinx.com:ip:sds_lib:1.0'. The one found in IP location '/home/x_thileeb/repos/ops-hls-pact25-artifact/codegen_apps/jacobian3d/vck5000_project/hls/build/hw/temp_dir/link/link/vivado/vpl/.local/hw_platform/iprepo/xilinx/sds_lib' will take precedence over the same IP in location /tools/Xilinx/Vitis/2022.1/data/ip/xilinx/sds_lib
WARNING: [IP_Flow 19-1663] Duplicate IP found for 'xilinx.com:ip:stream_gate:1.0'. The one found in IP location '/home/x_thileeb/repos/ops-hls-pact25-artifact/codegen_apps/jacobian3d/vck5000_project/hls/build/hw/temp_dir/link/link/vivado/vpl/.local/hw_platform/iprepo/xilinx/stream_gate_v1_0' will take precedence over the same IP in location /tools/Xilinx/Vitis/2022.1/data/ip/xilinx/stream_gate_v1_0
WARNING: [IP_Flow 19-1663] Duplicate IP found for 'xilinx.com:ip:aximm_tieoff_v1_0:1.0'. The one found in IP location '/home/x_thileeb/repos/ops-hls-pact25-artifact/codegen_apps/jacobian3d/vck5000_project/hls/build/hw/temp_dir/link/link/vivado/vpl/.local/hw_platform/iprepo/xilinx/aximm_tieoff_v1_0' will take precedence over the same IP in location /tools/Xilinx/Vitis/2022.1/data/ip/xilinx/aximm_tieoff_v1_0
WARNING: [IP_Flow 19-1663] Duplicate IP found for 'xilinx.com:sds:sds_mem_sink:1.0'. The one found in IP location '/home/x_thileeb/repos/ops-hls-pact25-artifact/codegen_apps/jacobian3d/vck5000_project/hls/build/hw/temp_dir/link/link/vivado/vpl/.local/hw_platform/iprepo/xilinx/sds_mem_sink' will take precedence over the same IP in location /tools/Xilinx/Vitis/2022.1/data/ip/xilinx/sds_mem_sink
WARNING: [IP_Flow 19-1663] Duplicate IP found for 'xilinx.com:ip:ovld_reg:1.0'. The one found in IP location '/home/x_thileeb/repos/ops-hls-pact25-artifact/codegen_apps/jacobian3d/vck5000_project/hls/build/hw/temp_dir/link/link/vivado/vpl/.local/hw_platform/iprepo/xilinx/ovld_reg_v1_0' will take precedence over the same IP in location /tools/Xilinx/Vitis/2022.1/data/ip/xilinx/ovld_reg_v1_0
WARNING: [IP_Flow 19-1663] Duplicate IP found for 'xilinx.com:ip:saxis_tieoff_v1_0:1.0'. The one found in IP location '/home/x_thileeb/repos/ops-hls-pact25-artifact/codegen_apps/jacobian3d/vck5000_project/hls/build/hw/temp_dir/link/link/vivado/vpl/.local/hw_platform/iprepo/xilinx/saxis_tieoff_v1_0' will take precedence over the same IP in location /tools/Xilinx/Vitis/2022.1/data/ip/xilinx/saxis_tieoff_v1_0
WARNING: [IP_Flow 19-1663] Duplicate IP found for 'xilinx.com:ip:sgdma2axis_ic:1.0'. The one found in IP location '/home/x_thileeb/repos/ops-hls-pact25-artifact/codegen_apps/jacobian3d/vck5000_project/hls/build/hw/temp_dir/link/link/vivado/vpl/.local/hw_platform/iprepo/xilinx/sgdma2axis_ic_v1_0' will take precedence over the same IP in location /tools/Xilinx/Vitis/2022.1/data/ip/xilinx/sgdma2axis_ic_v1_0
WARNING: [IP_Flow 19-1663] Duplicate IP found for 'xilinx.com:sds:sds_mem_source:1.0'. The one found in IP location '/home/x_thileeb/repos/ops-hls-pact25-artifact/codegen_apps/jacobian3d/vck5000_project/hls/build/hw/temp_dir/link/link/vivado/vpl/.local/hw_platform/iprepo/xilinx/sds_mem_source' will take precedence over the same IP in location /tools/Xilinx/Vitis/2022.1/data/ip/xilinx/sds_mem_source
WARNING: [IP_Flow 19-1663] Duplicate IP found for 'xilinx.com:ip:xrt_queue:1.0'. The one found in IP location '/home/x_thileeb/repos/ops-hls-pact25-artifact/codegen_apps/jacobian3d/vck5000_project/hls/build/hw/temp_dir/link/link/vivado/vpl/.local/hw_platform/iprepo/xilinx/xrt_queue_v1_0' will take precedence over the same IP in location /tools/Xilinx/Vitis/2022.1/data/ip/xilinx/xrt_queue_v1_0
WARNING: [IP_Flow 19-1663] Duplicate IP found for 'xilinx.com:ip:adapter_v3_0:1.0'. The one found in IP location '/home/x_thileeb/repos/ops-hls-pact25-artifact/codegen_apps/jacobian3d/vck5000_project/hls/build/hw/temp_dir/link/link/vivado/vpl/.local/hw_platform/iprepo/xilinx/adapter_v3_0' will take precedence over the same IP in location /tools/Xilinx/Vitis/2022.1/data/ip/xilinx/adapter_v3_0
WARNING: [IP_Flow 19-1663] Duplicate IP found for 'xilinx.com:hls:Data_Mover_XIP:1.0'. The one found in IP location '/home/x_thileeb/repos/ops-hls-pact25-artifact/codegen_apps/jacobian3d/vck5000_project/hls/build/hw/temp_dir/link/link/vivado/vpl/.local/hw_platform/iprepo/xilinx/data_mover' will take precedence over the same IP in location /tools/Xilinx/Vitis/2022.1/data/ip/xilinx/data_mover
WARNING: [IP_Flow 19-1663] Duplicate IP found for 'xilinx.com:hls:aie_trace_s2mm:1.0'. The one found in IP location '/home/x_thileeb/repos/ops-hls-pact25-artifact/codegen_apps/jacobian3d/vck5000_project/hls/build/hw/temp_dir/link/link/vivado/vpl/.local/hw_platform/iprepo/xilinx/aie_trace_s2mm_v1_0' will take precedence over the same IP in location /tools/Xilinx/Vitis/2022.1/data/ip/xilinx/aie_trace_s2mm_v1_0
Command: synth_design -top ulp_inst_0_axi_sc_plram_0 -part xcvc1902-vsvd1760-2MP-e-S -incremental_mode off -mode out_of_context
Starting synth_design
Attempting to get a license for feature 'Synthesis' and/or device 'xcvc1902'
INFO: [Common 17-349] Got license for feature 'Synthesis' and/or device 'xcvc1902'
INFO: [Device 21-403] Loading part xcvc1902-vsvd1760-2MP-e-S
INFO: [Synth 8-7079] Multithreading enabled for synth_design using a maximum of 1 processes.
INFO: [Synth 8-7078] Launching helper process for spawning children vivado processes
INFO: [Synth 8-7075] Helper process launched with PID 1959626
WARNING: [Synth 8-9501] generate block is allowed only inside loop and conditional generate in SystemVerilog mode [/tools/Xilinx/Vivado/2022.1/data/ip/xpm/xpm_fifo/hdl/xpm_fifo.sv:4023]
WARNING: [Synth 8-9501] generate block is allowed only inside loop and conditional generate in SystemVerilog mode [/home/x_thileeb/repos/ops-hls-pact25-artifact/codegen_apps/jacobian3d/vck5000_project/hls/build/hw/temp_dir/link/link/vivado/vpl/prj/prj.gen/my_rm/bd/ulp_inst_0/ipshared/f0b6/hdl/sc_util_v1_0_vl_rfs.sv:2831]
WARNING: [Synth 8-9501] generate block is allowed only inside loop and conditional generate in SystemVerilog mode [/home/x_thileeb/repos/ops-hls-pact25-artifact/codegen_apps/jacobian3d/vck5000_project/hls/build/hw/temp_dir/link/link/vivado/vpl/prj/prj.gen/my_rm/bd/ulp_inst_0/ipshared/f0b6/hdl/sc_util_v1_0_vl_rfs.sv:2899]
---------------------------------------------------------------------------------
Starting RTL Elaboration : Time (s): cpu = 00:00:06 ; elapsed = 00:00:07 . Memory (MB): peak = 3226.984 ; gain = 321.723 ; free physical = 133475 ; free virtual = 467959
---------------------------------------------------------------------------------
INFO: [Synth 8-6157] synthesizing module 'ulp_inst_0_axi_sc_plram_0' [/home/x_thileeb/repos/ops-hls-pact25-artifact/codegen_apps/jacobian3d/vck5000_project/hls/build/hw/temp_dir/link/link/vivado/vpl/prj/prj.gen/my_rm/bd/ulp_inst_0/ip/ulp_inst_0_axi_sc_plram_0/synth/ulp_inst_0_axi_sc_plram_0.v:53]
INFO: [Synth 8-6157] synthesizing module 'bd_a6d9' [/home/x_thileeb/repos/ops-hls-pact25-artifact/codegen_apps/jacobian3d/vck5000_project/hls/build/hw/temp_dir/link/link/vivado/vpl/prj/prj.gen/my_rm/bd/ulp_inst_0/ip/ulp_inst_0_axi_sc_plram_0/bd_0/synth/bd_a6d9.v:9]
INFO: [Synth 8-6157] synthesizing module 'clk_map_imp_1NH595H' [/home/x_thileeb/repos/ops-hls-pact25-artifact/codegen_apps/jacobian3d/vck5000_project/hls/build/hw/temp_dir/link/link/vivado/vpl/prj/prj.gen/my_rm/bd/ulp_inst_0/ip/ulp_inst_0_axi_sc_plram_0/bd_0/synth/bd_a6d9.v:808]
INFO: [Synth 8-6157] synthesizing module 'bd_a6d9_one_0' [/home/x_thileeb/repos/ops-hls-pact25-artifact/codegen_apps/jacobian3d/vck5000_project/hls/build/hw/temp_dir/link/link/vivado/vpl/prj/prj.gen/my_rm/bd/ulp_inst_0/ip/ulp_inst_0_axi_sc_plram_0/bd_0/ip/ip_0/synth/bd_a6d9_one_0.v:53]
INFO: [Synth 8-6157] synthesizing module 'xlconstant_v1_1_7_xlconstant' [/home/x_thileeb/repos/ops-hls-pact25-artifact/codegen_apps/jacobian3d/vck5000_project/hls/build/hw/temp_dir/link/link/vivado/vpl/prj/prj.gen/my_rm/bd/ulp_inst_0/ipshared/fcfc/hdl/xlconstant_v1_1_vl_rfs.v:23]
INFO: [Synth 8-6155] done synthesizing module 'xlconstant_v1_1_7_xlconstant' (0#1) [/home/x_thileeb/repos/ops-hls-pact25-artifact/codegen_apps/jacobian3d/vck5000_project/hls/build/hw/temp_dir/link/link/vivado/vpl/prj/prj.gen/my_rm/bd/ulp_inst_0/ipshared/fcfc/hdl/xlconstant_v1_1_vl_rfs.v:23]
INFO: [Synth 8-6155] done synthesizing module 'bd_a6d9_one_0' (0#1) [/home/x_thileeb/repos/ops-hls-pact25-artifact/codegen_apps/jacobian3d/vck5000_project/hls/build/hw/temp_dir/link/link/vivado/vpl/prj/prj.gen/my_rm/bd/ulp_inst_0/ip/ulp_inst_0_axi_sc_plram_0/bd_0/ip/ip_0/synth/bd_a6d9_one_0.v:53]
INFO: [Synth 8-638] synthesizing module 'bd_a6d9_psr0_0' [/home/x_thileeb/repos/ops-hls-pact25-artifact/codegen_apps/jacobian3d/vck5000_project/hls/build/hw/temp_dir/link/link/vivado/vpl/prj/prj.gen/my_rm/bd/ulp_inst_0/ip/ulp_inst_0_axi_sc_plram_0/bd_0/ip/ip_1/synth/bd_a6d9_psr0_0.vhd:74]
	Parameter C_FAMILY bound to: versal - type: string 
	Parameter C_EXT_RST_WIDTH bound to: 4 - type: integer 
	Parameter C_AUX_RST_WIDTH bound to: 1 - type: integer 
	Parameter C_EXT_RESET_HIGH bound to: 1'b0 
	Parameter C_AUX_RESET_HIGH bound to: 1'b0 
	Parameter C_NUM_BUS_RST bound to: 1 - type: integer 
	Parameter C_NUM_PERP_RST bound to: 1 - type: integer 
	Parameter C_NUM_INTERCONNECT_ARESETN bound to: 1 - type: integer 
	Parameter C_NUM_PERP_ARESETN bound to: 1 - type: integer 
INFO: [Synth 8-3491] module 'proc_sys_reset' declared at '/home/x_thileeb/repos/ops-hls-pact25-artifact/codegen_apps/jacobian3d/vck5000_project/hls/build/hw/temp_dir/link/link/vivado/vpl/prj/prj.gen/my_rm/bd/ulp_inst_0/ipshared/8842/hdl/proc_sys_reset_v5_0_vh_rfs.vhd:1264' bound to instance 'U0' of component 'proc_sys_reset' [/home/x_thileeb/repos/ops-hls-pact25-artifact/codegen_apps/jacobian3d/vck5000_project/hls/build/hw/temp_dir/link/link/vivado/vpl/prj/prj.gen/my_rm/bd/ulp_inst_0/ip/ulp_inst_0_axi_sc_plram_0/bd_0/ip/ip_1/synth/bd_a6d9_psr0_0.vhd:129]
INFO: [Synth 8-638] synthesizing module 'proc_sys_reset' [/home/x_thileeb/repos/ops-hls-pact25-artifact/codegen_apps/jacobian3d/vck5000_project/hls/build/hw/temp_dir/link/link/vivado/vpl/prj/prj.gen/my_rm/bd/ulp_inst_0/ipshared/8842/hdl/proc_sys_reset_v5_0_vh_rfs.vhd:1323]
	Parameter INIT bound to: 1'b1 
INFO: [Synth 8-113] binding component instance 'FDRE_inst' to cell 'FDRE' [/home/x_thileeb/repos/ops-hls-pact25-artifact/codegen_apps/jacobian3d/vck5000_project/hls/build/hw/temp_dir/link/link/vivado/vpl/prj/prj.gen/my_rm/bd/ulp_inst_0/ipshared/8842/hdl/proc_sys_reset_v5_0_vh_rfs.vhd:1392]
	Parameter INIT bound to: 1'b1 
INFO: [Synth 8-113] binding component instance 'FDRE_BSR' to cell 'FDRE' [/home/x_thileeb/repos/ops-hls-pact25-artifact/codegen_apps/jacobian3d/vck5000_project/hls/build/hw/temp_dir/link/link/vivado/vpl/prj/prj.gen/my_rm/bd/ulp_inst_0/ipshared/8842/hdl/proc_sys_reset_v5_0_vh_rfs.vhd:1408]
	Parameter INIT bound to: 1'b0 
INFO: [Synth 8-113] binding component instance 'FDRE_BSR_N' to cell 'FDRE' [/home/x_thileeb/repos/ops-hls-pact25-artifact/codegen_apps/jacobian3d/vck5000_project/hls/build/hw/temp_dir/link/link/vivado/vpl/prj/prj.gen/my_rm/bd/ulp_inst_0/ipshared/8842/hdl/proc_sys_reset_v5_0_vh_rfs.vhd:1434]
	Parameter INIT bound to: 1'b1 
INFO: [Synth 8-113] binding component instance 'FDRE_PER' to cell 'FDRE' [/home/x_thileeb/repos/ops-hls-pact25-artifact/codegen_apps/jacobian3d/vck5000_project/hls/build/hw/temp_dir/link/link/vivado/vpl/prj/prj.gen/my_rm/bd/ulp_inst_0/ipshared/8842/hdl/proc_sys_reset_v5_0_vh_rfs.vhd:1457]
	Parameter INIT bound to: 1'b0 
INFO: [Synth 8-113] binding component instance 'FDRE_PER_N' to cell 'FDRE' [/home/x_thileeb/repos/ops-hls-pact25-artifact/codegen_apps/jacobian3d/vck5000_project/hls/build/hw/temp_dir/link/link/vivado/vpl/prj/prj.gen/my_rm/bd/ulp_inst_0/ipshared/8842/hdl/proc_sys_reset_v5_0_vh_rfs.vhd:1481]
INFO: [Synth 8-638] synthesizing module 'lpf' [/home/x_thileeb/repos/ops-hls-pact25-artifact/codegen_apps/jacobian3d/vck5000_project/hls/build/hw/temp_dir/link/link/vivado/vpl/prj/prj.gen/my_rm/bd/ulp_inst_0/ipshared/8842/hdl/proc_sys_reset_v5_0_vh_rfs.vhd:816]
INFO: [Synth 8-3491] module 'SRL16' declared at '/tools/Xilinx/Vivado/2022.1/scripts/rt/data/unisim_comp.v:105982' bound to instance 'POR_SRL_I' of component 'SRL16' [/home/x_thileeb/repos/ops-hls-pact25-artifact/codegen_apps/jacobian3d/vck5000_project/hls/build/hw/temp_dir/link/link/vivado/vpl/prj/prj.gen/my_rm/bd/ulp_inst_0/ipshared/8842/hdl/proc_sys_reset_v5_0_vh_rfs.vhd:868]
INFO: [Synth 8-6157] synthesizing module 'SRL16' [/tools/Xilinx/Vivado/2022.1/scripts/rt/data/unisim_comp.v:105982]
INFO: [Synth 8-6155] done synthesizing module 'SRL16' (0#1) [/tools/Xilinx/Vivado/2022.1/scripts/rt/data/unisim_comp.v:105982]
INFO: [Synth 8-638] synthesizing module 'cdc_sync' [/home/x_thileeb/repos/ops-hls-pact25-artifact/codegen_apps/jacobian3d/vck5000_project/hls/build/hw/temp_dir/link/link/vivado/vpl/prj/prj.gen/my_rm/bd/ulp_inst_0/ipshared/ef1e/hdl/lib_cdc_v1_0_rfs.vhd:106]
	Parameter INIT bound to: 1'b0 
INFO: [Synth 8-113] binding component instance 'CROSS_PLEVEL_IN2SCNDRY_IN_cdc_to' to cell 'FDR' [/home/x_thileeb/repos/ops-hls-pact25-artifact/codegen_apps/jacobian3d/vck5000_project/hls/build/hw/temp_dir/link/link/vivado/vpl/prj/prj.gen/my_rm/bd/ulp_inst_0/ipshared/ef1e/hdl/lib_cdc_v1_0_rfs.vhd:514]
	Parameter INIT bound to: 1'b0 
INFO: [Synth 8-113] binding component instance 'CROSS_PLEVEL_IN2SCNDRY_s_level_out_d2' to cell 'FDR' [/home/x_thileeb/repos/ops-hls-pact25-artifact/codegen_apps/jacobian3d/vck5000_project/hls/build/hw/temp_dir/link/link/vivado/vpl/prj/prj.gen/my_rm/bd/ulp_inst_0/ipshared/ef1e/hdl/lib_cdc_v1_0_rfs.vhd:545]
	Parameter INIT bound to: 1'b0 
INFO: [Synth 8-113] binding component instance 'CROSS_PLEVEL_IN2SCNDRY_s_level_out_d3' to cell 'FDR' [/home/x_thileeb/repos/ops-hls-pact25-artifact/codegen_apps/jacobian3d/vck5000_project/hls/build/hw/temp_dir/link/link/vivado/vpl/prj/prj.gen/my_rm/bd/ulp_inst_0/ipshared/ef1e/hdl/lib_cdc_v1_0_rfs.vhd:554]
	Parameter INIT bound to: 1'b0 
INFO: [Synth 8-113] binding component instance 'CROSS_PLEVEL_IN2SCNDRY_s_level_out_d4' to cell 'FDR' [/home/x_thileeb/repos/ops-hls-pact25-artifact/codegen_apps/jacobian3d/vck5000_project/hls/build/hw/temp_dir/link/link/vivado/vpl/prj/prj.gen/my_rm/bd/ulp_inst_0/ipshared/ef1e/hdl/lib_cdc_v1_0_rfs.vhd:564]
	Parameter INIT bound to: 1'b0 
INFO: [Synth 8-113] binding component instance 'CROSS_PLEVEL_IN2SCNDRY_s_level_out_d5' to cell 'FDR' [/home/x_thileeb/repos/ops-hls-pact25-artifact/codegen_apps/jacobian3d/vck5000_project/hls/build/hw/temp_dir/link/link/vivado/vpl/prj/prj.gen/my_rm/bd/ulp_inst_0/ipshared/ef1e/hdl/lib_cdc_v1_0_rfs.vhd:574]
	Parameter INIT bound to: 1'b0 
INFO: [Synth 8-113] binding component instance 'CROSS_PLEVEL_IN2SCNDRY_s_level_out_d6' to cell 'FDR' [/home/x_thileeb/repos/ops-hls-pact25-artifact/codegen_apps/jacobian3d/vck5000_project/hls/build/hw/temp_dir/link/link/vivado/vpl/prj/prj.gen/my_rm/bd/ulp_inst_0/ipshared/ef1e/hdl/lib_cdc_v1_0_rfs.vhd:584]
INFO: [Synth 8-256] done synthesizing module 'cdc_sync' (0#1) [/home/x_thileeb/repos/ops-hls-pact25-artifact/codegen_apps/jacobian3d/vck5000_project/hls/build/hw/temp_dir/link/link/vivado/vpl/prj/prj.gen/my_rm/bd/ulp_inst_0/ipshared/ef1e/hdl/lib_cdc_v1_0_rfs.vhd:106]
INFO: [Synth 8-256] done synthesizing module 'lpf' (0#1) [/home/x_thileeb/repos/ops-hls-pact25-artifact/codegen_apps/jacobian3d/vck5000_project/hls/build/hw/temp_dir/link/link/vivado/vpl/prj/prj.gen/my_rm/bd/ulp_inst_0/ipshared/8842/hdl/proc_sys_reset_v5_0_vh_rfs.vhd:816]
INFO: [Synth 8-638] synthesizing module 'sequence_psr' [/home/x_thileeb/repos/ops-hls-pact25-artifact/codegen_apps/jacobian3d/vck5000_project/hls/build/hw/temp_dir/link/link/vivado/vpl/prj/prj.gen/my_rm/bd/ulp_inst_0/ipshared/8842/hdl/proc_sys_reset_v5_0_vh_rfs.vhd:301]
INFO: [Synth 8-638] synthesizing module 'upcnt_n' [/home/x_thileeb/repos/ops-hls-pact25-artifact/codegen_apps/jacobian3d/vck5000_project/hls/build/hw/temp_dir/link/link/vivado/vpl/prj/prj.gen/my_rm/bd/ulp_inst_0/ipshared/8842/hdl/proc_sys_reset_v5_0_vh_rfs.vhd:125]
INFO: [Synth 8-256] done synthesizing module 'upcnt_n' (0#1) [/home/x_thileeb/repos/ops-hls-pact25-artifact/codegen_apps/jacobian3d/vck5000_project/hls/build/hw/temp_dir/link/link/vivado/vpl/prj/prj.gen/my_rm/bd/ulp_inst_0/ipshared/8842/hdl/proc_sys_reset_v5_0_vh_rfs.vhd:125]
INFO: [Synth 8-256] done synthesizing module 'sequence_psr' (0#1) [/home/x_thileeb/repos/ops-hls-pact25-artifact/codegen_apps/jacobian3d/vck5000_project/hls/build/hw/temp_dir/link/link/vivado/vpl/prj/prj.gen/my_rm/bd/ulp_inst_0/ipshared/8842/hdl/proc_sys_reset_v5_0_vh_rfs.vhd:301]
INFO: [Synth 8-256] done synthesizing module 'proc_sys_reset' (0#1) [/home/x_thileeb/repos/ops-hls-pact25-artifact/codegen_apps/jacobian3d/vck5000_project/hls/build/hw/temp_dir/link/link/vivado/vpl/prj/prj.gen/my_rm/bd/ulp_inst_0/ipshared/8842/hdl/proc_sys_reset_v5_0_vh_rfs.vhd:1323]
INFO: [Synth 8-256] done synthesizing module 'bd_a6d9_psr0_0' (0#1) [/home/x_thileeb/repos/ops-hls-pact25-artifact/codegen_apps/jacobian3d/vck5000_project/hls/build/hw/temp_dir/link/link/vivado/vpl/prj/prj.gen/my_rm/bd/ulp_inst_0/ip/ulp_inst_0_axi_sc_plram_0/bd_0/ip/ip_1/synth/bd_a6d9_psr0_0.vhd:74]
WARNING: [Synth 8-7071] port 'mb_reset' of module 'bd_a6d9_psr0_0' is unconnected for instance 'psr0' [/home/x_thileeb/repos/ops-hls-pact25-artifact/codegen_apps/jacobian3d/vck5000_project/hls/build/hw/temp_dir/link/link/vivado/vpl/prj/prj.gen/my_rm/bd/ulp_inst_0/ip/ulp_inst_0_axi_sc_plram_0/bd_0/synth/bd_a6d9.v:849]
WARNING: [Synth 8-7071] port 'bus_struct_reset' of module 'bd_a6d9_psr0_0' is unconnected for instance 'psr0' [/home/x_thileeb/repos/ops-hls-pact25-artifact/codegen_apps/jacobian3d/vck5000_project/hls/build/hw/temp_dir/link/link/vivado/vpl/prj/prj.gen/my_rm/bd/ulp_inst_0/ip/ulp_inst_0_axi_sc_plram_0/bd_0/synth/bd_a6d9.v:849]
WARNING: [Synth 8-7071] port 'peripheral_reset' of module 'bd_a6d9_psr0_0' is unconnected for instance 'psr0' [/home/x_thileeb/repos/ops-hls-pact25-artifact/codegen_apps/jacobian3d/vck5000_project/hls/build/hw/temp_dir/link/link/vivado/vpl/prj/prj.gen/my_rm/bd/ulp_inst_0/ip/ulp_inst_0_axi_sc_plram_0/bd_0/synth/bd_a6d9.v:849]
WARNING: [Synth 8-7071] port 'peripheral_aresetn' of module 'bd_a6d9_psr0_0' is unconnected for instance 'psr0' [/home/x_thileeb/repos/ops-hls-pact25-artifact/codegen_apps/jacobian3d/vck5000_project/hls/build/hw/temp_dir/link/link/vivado/vpl/prj/prj.gen/my_rm/bd/ulp_inst_0/ip/ulp_inst_0_axi_sc_plram_0/bd_0/synth/bd_a6d9.v:849]
WARNING: [Synth 8-7023] instance 'psr0' of module 'bd_a6d9_psr0_0' has 10 connections declared, but only 6 given [/home/x_thileeb/repos/ops-hls-pact25-artifact/codegen_apps/jacobian3d/vck5000_project/hls/build/hw/temp_dir/link/link/vivado/vpl/prj/prj.gen/my_rm/bd/ulp_inst_0/ip/ulp_inst_0_axi_sc_plram_0/bd_0/synth/bd_a6d9.v:849]
INFO: [Synth 8-638] synthesizing module 'bd_a6d9_psr_aclk_0' [/home/x_thileeb/repos/ops-hls-pact25-artifact/codegen_apps/jacobian3d/vck5000_project/hls/build/hw/temp_dir/link/link/vivado/vpl/prj/prj.gen/my_rm/bd/ulp_inst_0/ip/ulp_inst_0_axi_sc_plram_0/bd_0/ip/ip_2/synth/bd_a6d9_psr_aclk_0.vhd:74]
	Parameter C_FAMILY bound to: versal - type: string 
	Parameter C_EXT_RST_WIDTH bound to: 4 - type: integer 
	Parameter C_AUX_RST_WIDTH bound to: 1 - type: integer 
	Parameter C_EXT_RESET_HIGH bound to: 1'b0 
	Parameter C_AUX_RESET_HIGH bound to: 1'b0 
	Parameter C_NUM_BUS_RST bound to: 1 - type: integer 
	Parameter C_NUM_PERP_RST bound to: 1 - type: integer 
	Parameter C_NUM_INTERCONNECT_ARESETN bound to: 1 - type: integer 
	Parameter C_NUM_PERP_ARESETN bound to: 1 - type: integer 
INFO: [Synth 8-3491] module 'proc_sys_reset' declared at '/home/x_thileeb/repos/ops-hls-pact25-artifact/codegen_apps/jacobian3d/vck5000_project/hls/build/hw/temp_dir/link/link/vivado/vpl/prj/prj.gen/my_rm/bd/ulp_inst_0/ipshared/8842/hdl/proc_sys_reset_v5_0_vh_rfs.vhd:1264' bound to instance 'U0' of component 'proc_sys_reset' [/home/x_thileeb/repos/ops-hls-pact25-artifact/codegen_apps/jacobian3d/vck5000_project/hls/build/hw/temp_dir/link/link/vivado/vpl/prj/prj.gen/my_rm/bd/ulp_inst_0/ip/ulp_inst_0_axi_sc_plram_0/bd_0/ip/ip_2/synth/bd_a6d9_psr_aclk_0.vhd:129]
INFO: [Synth 8-256] done synthesizing module 'bd_a6d9_psr_aclk_0' (0#1) [/home/x_thileeb/repos/ops-hls-pact25-artifact/codegen_apps/jacobian3d/vck5000_project/hls/build/hw/temp_dir/link/link/vivado/vpl/prj/prj.gen/my_rm/bd/ulp_inst_0/ip/ulp_inst_0_axi_sc_plram_0/bd_0/ip/ip_2/synth/bd_a6d9_psr_aclk_0.vhd:74]
WARNING: [Synth 8-7071] port 'mb_reset' of module 'bd_a6d9_psr_aclk_0' is unconnected for instance 'psr_aclk' [/home/x_thileeb/repos/ops-hls-pact25-artifact/codegen_apps/jacobian3d/vck5000_project/hls/build/hw/temp_dir/link/link/vivado/vpl/prj/prj.gen/my_rm/bd/ulp_inst_0/ip/ulp_inst_0_axi_sc_plram_0/bd_0/synth/bd_a6d9.v:856]
WARNING: [Synth 8-7071] port 'bus_struct_reset' of module 'bd_a6d9_psr_aclk_0' is unconnected for instance 'psr_aclk' [/home/x_thileeb/repos/ops-hls-pact25-artifact/codegen_apps/jacobian3d/vck5000_project/hls/build/hw/temp_dir/link/link/vivado/vpl/prj/prj.gen/my_rm/bd/ulp_inst_0/ip/ulp_inst_0_axi_sc_plram_0/bd_0/synth/bd_a6d9.v:856]
WARNING: [Synth 8-7071] port 'peripheral_reset' of module 'bd_a6d9_psr_aclk_0' is unconnected for instance 'psr_aclk' [/home/x_thileeb/repos/ops-hls-pact25-artifact/codegen_apps/jacobian3d/vck5000_project/hls/build/hw/temp_dir/link/link/vivado/vpl/prj/prj.gen/my_rm/bd/ulp_inst_0/ip/ulp_inst_0_axi_sc_plram_0/bd_0/synth/bd_a6d9.v:856]
WARNING: [Synth 8-7071] port 'peripheral_aresetn' of module 'bd_a6d9_psr_aclk_0' is unconnected for instance 'psr_aclk' [/home/x_thileeb/repos/ops-hls-pact25-artifact/codegen_apps/jacobian3d/vck5000_project/hls/build/hw/temp_dir/link/link/vivado/vpl/prj/prj.gen/my_rm/bd/ulp_inst_0/ip/ulp_inst_0_axi_sc_plram_0/bd_0/synth/bd_a6d9.v:856]
WARNING: [Synth 8-7023] instance 'psr_aclk' of module 'bd_a6d9_psr_aclk_0' has 10 connections declared, but only 6 given [/home/x_thileeb/repos/ops-hls-pact25-artifact/codegen_apps/jacobian3d/vck5000_project/hls/build/hw/temp_dir/link/link/vivado/vpl/prj/prj.gen/my_rm/bd/ulp_inst_0/ip/ulp_inst_0_axi_sc_plram_0/bd_0/synth/bd_a6d9.v:856]
INFO: [Synth 8-638] synthesizing module 'bd_a6d9_psr_aclk1_0' [/home/x_thileeb/repos/ops-hls-pact25-artifact/codegen_apps/jacobian3d/vck5000_project/hls/build/hw/temp_dir/link/link/vivado/vpl/prj/prj.gen/my_rm/bd/ulp_inst_0/ip/ulp_inst_0_axi_sc_plram_0/bd_0/ip/ip_3/synth/bd_a6d9_psr_aclk1_0.vhd:74]
	Parameter C_FAMILY bound to: versal - type: string 
	Parameter C_EXT_RST_WIDTH bound to: 4 - type: integer 
	Parameter C_AUX_RST_WIDTH bound to: 1 - type: integer 
	Parameter C_EXT_RESET_HIGH bound to: 1'b0 
	Parameter C_AUX_RESET_HIGH bound to: 1'b0 
	Parameter C_NUM_BUS_RST bound to: 1 - type: integer 
	Parameter C_NUM_PERP_RST bound to: 1 - type: integer 
	Parameter C_NUM_INTERCONNECT_ARESETN bound to: 1 - type: integer 
	Parameter C_NUM_PERP_ARESETN bound to: 1 - type: integer 
INFO: [Synth 8-3491] module 'proc_sys_reset' declared at '/home/x_thileeb/repos/ops-hls-pact25-artifact/codegen_apps/jacobian3d/vck5000_project/hls/build/hw/temp_dir/link/link/vivado/vpl/prj/prj.gen/my_rm/bd/ulp_inst_0/ipshared/8842/hdl/proc_sys_reset_v5_0_vh_rfs.vhd:1264' bound to instance 'U0' of component 'proc_sys_reset' [/home/x_thileeb/repos/ops-hls-pact25-artifact/codegen_apps/jacobian3d/vck5000_project/hls/build/hw/temp_dir/link/link/vivado/vpl/prj/prj.gen/my_rm/bd/ulp_inst_0/ip/ulp_inst_0_axi_sc_plram_0/bd_0/ip/ip_3/synth/bd_a6d9_psr_aclk1_0.vhd:129]
INFO: [Synth 8-256] done synthesizing module 'bd_a6d9_psr_aclk1_0' (0#1) [/home/x_thileeb/repos/ops-hls-pact25-artifact/codegen_apps/jacobian3d/vck5000_project/hls/build/hw/temp_dir/link/link/vivado/vpl/prj/prj.gen/my_rm/bd/ulp_inst_0/ip/ulp_inst_0_axi_sc_plram_0/bd_0/ip/ip_3/synth/bd_a6d9_psr_aclk1_0.vhd:74]
WARNING: [Synth 8-7071] port 'mb_reset' of module 'bd_a6d9_psr_aclk1_0' is unconnected for instance 'psr_aclk1' [/home/x_thileeb/repos/ops-hls-pact25-artifact/codegen_apps/jacobian3d/vck5000_project/hls/build/hw/temp_dir/link/link/vivado/vpl/prj/prj.gen/my_rm/bd/ulp_inst_0/ip/ulp_inst_0_axi_sc_plram_0/bd_0/synth/bd_a6d9.v:863]
WARNING: [Synth 8-7071] port 'bus_struct_reset' of module 'bd_a6d9_psr_aclk1_0' is unconnected for instance 'psr_aclk1' [/home/x_thileeb/repos/ops-hls-pact25-artifact/codegen_apps/jacobian3d/vck5000_project/hls/build/hw/temp_dir/link/link/vivado/vpl/prj/prj.gen/my_rm/bd/ulp_inst_0/ip/ulp_inst_0_axi_sc_plram_0/bd_0/synth/bd_a6d9.v:863]
WARNING: [Synth 8-7071] port 'peripheral_reset' of module 'bd_a6d9_psr_aclk1_0' is unconnected for instance 'psr_aclk1' [/home/x_thileeb/repos/ops-hls-pact25-artifact/codegen_apps/jacobian3d/vck5000_project/hls/build/hw/temp_dir/link/link/vivado/vpl/prj/prj.gen/my_rm/bd/ulp_inst_0/ip/ulp_inst_0_axi_sc_plram_0/bd_0/synth/bd_a6d9.v:863]
WARNING: [Synth 8-7071] port 'peripheral_aresetn' of module 'bd_a6d9_psr_aclk1_0' is unconnected for instance 'psr_aclk1' [/home/x_thileeb/repos/ops-hls-pact25-artifact/codegen_apps/jacobian3d/vck5000_project/hls/build/hw/temp_dir/link/link/vivado/vpl/prj/prj.gen/my_rm/bd/ulp_inst_0/ip/ulp_inst_0_axi_sc_plram_0/bd_0/synth/bd_a6d9.v:863]
WARNING: [Synth 8-7023] instance 'psr_aclk1' of module 'bd_a6d9_psr_aclk1_0' has 10 connections declared, but only 6 given [/home/x_thileeb/repos/ops-hls-pact25-artifact/codegen_apps/jacobian3d/vck5000_project/hls/build/hw/temp_dir/link/link/vivado/vpl/prj/prj.gen/my_rm/bd/ulp_inst_0/ip/ulp_inst_0_axi_sc_plram_0/bd_0/synth/bd_a6d9.v:863]
INFO: [Synth 8-6155] done synthesizing module 'clk_map_imp_1NH595H' (0#1) [/home/x_thileeb/repos/ops-hls-pact25-artifact/codegen_apps/jacobian3d/vck5000_project/hls/build/hw/temp_dir/link/link/vivado/vpl/prj/prj.gen/my_rm/bd/ulp_inst_0/ip/ulp_inst_0_axi_sc_plram_0/bd_0/synth/bd_a6d9.v:808]
INFO: [Synth 8-6157] synthesizing module 'm00_exit_pipeline_imp_D105LA' [/home/x_thileeb/repos/ops-hls-pact25-artifact/codegen_apps/jacobian3d/vck5000_project/hls/build/hw/temp_dir/link/link/vivado/vpl/prj/prj.gen/my_rm/bd/ulp_inst_0/ip/ulp_inst_0_axi_sc_plram_0/bd_0/synth/bd_a6d9.v:872]
INFO: [Synth 8-6157] synthesizing module 'bd_a6d9_m00e_0' [/home/x_thileeb/repos/ops-hls-pact25-artifact/codegen_apps/jacobian3d/vck5000_project/hls/build/hw/temp_dir/link/link/vivado/vpl/prj/prj.gen/my_rm/bd/ulp_inst_0/ip/ulp_inst_0_axi_sc_plram_0/bd_0/ip/ip_14/synth/bd_a6d9_m00e_0.sv:53]
INFO: [Synth 8-6157] synthesizing module 'xpm_cdc_async_rst' [/tools/Xilinx/Vivado/2022.1/data/ip/xpm/xpm_cdc/hdl/xpm_cdc.sv:1174]
INFO: [Synth 8-6155] done synthesizing module 'xpm_cdc_async_rst' (0#1) [/tools/Xilinx/Vivado/2022.1/data/ip/xpm/xpm_cdc/hdl/xpm_cdc.sv:1174]
INFO: [Synth 8-6155] done synthesizing module 'bd_a6d9_m00e_0' (0#1) [/home/x_thileeb/repos/ops-hls-pact25-artifact/codegen_apps/jacobian3d/vck5000_project/hls/build/hw/temp_dir/link/link/vivado/vpl/prj/prj.gen/my_rm/bd/ulp_inst_0/ip/ulp_inst_0_axi_sc_plram_0/bd_0/ip/ip_14/synth/bd_a6d9_m00e_0.sv:53]
INFO: [Synth 8-6155] done synthesizing module 'm00_exit_pipeline_imp_D105LA' (0#1) [/home/x_thileeb/repos/ops-hls-pact25-artifact/codegen_apps/jacobian3d/vck5000_project/hls/build/hw/temp_dir/link/link/vivado/vpl/prj/prj.gen/my_rm/bd/ulp_inst_0/ip/ulp_inst_0_axi_sc_plram_0/bd_0/synth/bd_a6d9.v:872]
INFO: [Synth 8-6157] synthesizing module 'bd_a6d9_m00s2a_0' [/home/x_thileeb/repos/ops-hls-pact25-artifact/codegen_apps/jacobian3d/vck5000_project/hls/build/hw/temp_dir/link/link/vivado/vpl/prj/prj.gen/my_rm/bd/ulp_inst_0/ip/ulp_inst_0_axi_sc_plram_0/bd_0/ip/ip_13/synth/bd_a6d9_m00s2a_0.sv:53]
INFO: [Synth 8-6155] done synthesizing module 'bd_a6d9_m00s2a_0' (0#1) [/home/x_thileeb/repos/ops-hls-pact25-artifact/codegen_apps/jacobian3d/vck5000_project/hls/build/hw/temp_dir/link/link/vivado/vpl/prj/prj.gen/my_rm/bd/ulp_inst_0/ip/ulp_inst_0_axi_sc_plram_0/bd_0/ip/ip_13/synth/bd_a6d9_m00s2a_0.sv:53]
INFO: [Synth 8-6157] synthesizing module 'bd_a6d9_s00a2s_0' [/home/x_thileeb/repos/ops-hls-pact25-artifact/codegen_apps/jacobian3d/vck5000_project/hls/build/hw/temp_dir/link/link/vivado/vpl/prj/prj.gen/my_rm/bd/ulp_inst_0/ip/ulp_inst_0_axi_sc_plram_0/bd_0/ip/ip_7/synth/bd_a6d9_s00a2s_0.sv:53]
INFO: [Synth 8-6155] done synthesizing module 'bd_a6d9_s00a2s_0' (0#1) [/home/x_thileeb/repos/ops-hls-pact25-artifact/codegen_apps/jacobian3d/vck5000_project/hls/build/hw/temp_dir/link/link/vivado/vpl/prj/prj.gen/my_rm/bd/ulp_inst_0/ip/ulp_inst_0_axi_sc_plram_0/bd_0/ip/ip_7/synth/bd_a6d9_s00a2s_0.sv:53]
INFO: [Synth 8-6157] synthesizing module 's00_entry_pipeline_imp_1C8PIDP' [/home/x_thileeb/repos/ops-hls-pact25-artifact/codegen_apps/jacobian3d/vck5000_project/hls/build/hw/temp_dir/link/link/vivado/vpl/prj/prj.gen/my_rm/bd/ulp_inst_0/ip/ulp_inst_0_axi_sc_plram_0/bd_0/synth/bd_a6d9.v:1253]
INFO: [Synth 8-6157] synthesizing module 'bd_a6d9_s00mmu_0' [/home/x_thileeb/repos/ops-hls-pact25-artifact/codegen_apps/jacobian3d/vck5000_project/hls/build/hw/temp_dir/link/link/vivado/vpl/prj/prj.gen/my_rm/bd/ulp_inst_0/ip/ulp_inst_0_axi_sc_plram_0/bd_0/ip/ip_4/synth/bd_a6d9_s00mmu_0.sv:53]
INFO: [Synth 8-6155] done synthesizing module 'bd_a6d9_s00mmu_0' (0#1) [/home/x_thileeb/repos/ops-hls-pact25-artifact/codegen_apps/jacobian3d/vck5000_project/hls/build/hw/temp_dir/link/link/vivado/vpl/prj/prj.gen/my_rm/bd/ulp_inst_0/ip/ulp_inst_0_axi_sc_plram_0/bd_0/ip/ip_4/synth/bd_a6d9_s00mmu_0.sv:53]
INFO: [Synth 8-6157] synthesizing module 'bd_a6d9_s00sic_0' [/home/x_thileeb/repos/ops-hls-pact25-artifact/codegen_apps/jacobian3d/vck5000_project/hls/build/hw/temp_dir/link/link/vivado/vpl/prj/prj.gen/my_rm/bd/ulp_inst_0/ip/ulp_inst_0_axi_sc_plram_0/bd_0/ip/ip_6/synth/bd_a6d9_s00sic_0.sv:53]
INFO: [Synth 8-6155] done synthesizing module 'bd_a6d9_s00sic_0' (0#1) [/home/x_thileeb/repos/ops-hls-pact25-artifact/codegen_apps/jacobian3d/vck5000_project/hls/build/hw/temp_dir/link/link/vivado/vpl/prj/prj.gen/my_rm/bd/ulp_inst_0/ip/ulp_inst_0_axi_sc_plram_0/bd_0/ip/ip_6/synth/bd_a6d9_s00sic_0.sv:53]
INFO: [Synth 8-6157] synthesizing module 'bd_a6d9_s00tr_0' [/home/x_thileeb/repos/ops-hls-pact25-artifact/codegen_apps/jacobian3d/vck5000_project/hls/build/hw/temp_dir/link/link/vivado/vpl/prj/prj.gen/my_rm/bd/ulp_inst_0/ip/ulp_inst_0_axi_sc_plram_0/bd_0/ip/ip_5/synth/bd_a6d9_s00tr_0.sv:53]
INFO: [Synth 8-6155] done synthesizing module 'bd_a6d9_s00tr_0' (0#1) [/home/x_thileeb/repos/ops-hls-pact25-artifact/codegen_apps/jacobian3d/vck5000_project/hls/build/hw/temp_dir/link/link/vivado/vpl/prj/prj.gen/my_rm/bd/ulp_inst_0/ip/ulp_inst_0_axi_sc_plram_0/bd_0/ip/ip_5/synth/bd_a6d9_s00tr_0.sv:53]
INFO: [Synth 8-6155] done synthesizing module 's00_entry_pipeline_imp_1C8PIDP' (0#1) [/home/x_thileeb/repos/ops-hls-pact25-artifact/codegen_apps/jacobian3d/vck5000_project/hls/build/hw/temp_dir/link/link/vivado/vpl/prj/prj.gen/my_rm/bd/ulp_inst_0/ip/ulp_inst_0_axi_sc_plram_0/bd_0/synth/bd_a6d9.v:1253]
INFO: [Synth 8-6157] synthesizing module 's00_nodes_imp_1F5USEV' [/home/x_thileeb/repos/ops-hls-pact25-artifact/codegen_apps/jacobian3d/vck5000_project/hls/build/hw/temp_dir/link/link/vivado/vpl/prj/prj.gen/my_rm/bd/ulp_inst_0/ip/ulp_inst_0_axi_sc_plram_0/bd_0/synth/bd_a6d9.v:1912]
INFO: [Synth 8-6157] synthesizing module 'bd_a6d9_sarn_0' [/home/x_thileeb/repos/ops-hls-pact25-artifact/codegen_apps/jacobian3d/vck5000_project/hls/build/hw/temp_dir/link/link/vivado/vpl/prj/prj.gen/my_rm/bd/ulp_inst_0/ip/ulp_inst_0_axi_sc_plram_0/bd_0/ip/ip_8/synth/bd_a6d9_sarn_0.sv:53]
INFO: [Synth 8-6157] synthesizing module 'xpm_memory_sdpram' [/tools/Xilinx/Vivado/2022.1/data/ip/xpm/xpm_memory/hdl/xpm_memory.sv:8476]
INFO: [Synth 8-6157] synthesizing module 'xpm_memory_base' [/tools/Xilinx/Vivado/2022.1/data/ip/xpm/xpm_memory/hdl/xpm_memory.sv:56]
INFO: [Synth 8-6155] done synthesizing module 'xpm_memory_base' (0#1) [/tools/Xilinx/Vivado/2022.1/data/ip/xpm/xpm_memory/hdl/xpm_memory.sv:56]
INFO: [Synth 8-6155] done synthesizing module 'xpm_memory_sdpram' (0#1) [/tools/Xilinx/Vivado/2022.1/data/ip/xpm/xpm_memory/hdl/xpm_memory.sv:8476]
INFO: [Synth 8-6157] synthesizing module 'xpm_memory_sdpram__parameterized0' [/tools/Xilinx/Vivado/2022.1/data/ip/xpm/xpm_memory/hdl/xpm_memory.sv:8476]
INFO: [Synth 8-6157] synthesizing module 'xpm_memory_base__parameterized0' [/tools/Xilinx/Vivado/2022.1/data/ip/xpm/xpm_memory/hdl/xpm_memory.sv:56]
INFO: [Synth 8-6155] done synthesizing module 'xpm_memory_base__parameterized0' (0#1) [/tools/Xilinx/Vivado/2022.1/data/ip/xpm/xpm_memory/hdl/xpm_memory.sv:56]
INFO: [Synth 8-6155] done synthesizing module 'xpm_memory_sdpram__parameterized0' (0#1) [/tools/Xilinx/Vivado/2022.1/data/ip/xpm/xpm_memory/hdl/xpm_memory.sv:8476]
INFO: [Synth 8-6157] synthesizing module 'xpm_cdc_gray' [/tools/Xilinx/Vivado/2022.1/data/ip/xpm/xpm_cdc/hdl/xpm_cdc.sv:283]
INFO: [Synth 8-6155] done synthesizing module 'xpm_cdc_gray' (0#1) [/tools/Xilinx/Vivado/2022.1/data/ip/xpm/xpm_cdc/hdl/xpm_cdc.sv:283]
INFO: [Synth 8-6155] done synthesizing module 'bd_a6d9_sarn_0' (0#1) [/home/x_thileeb/repos/ops-hls-pact25-artifact/codegen_apps/jacobian3d/vck5000_project/hls/build/hw/temp_dir/link/link/vivado/vpl/prj/prj.gen/my_rm/bd/ulp_inst_0/ip/ulp_inst_0_axi_sc_plram_0/bd_0/ip/ip_8/synth/bd_a6d9_sarn_0.sv:53]
INFO: [Synth 8-6157] synthesizing module 'bd_a6d9_sawn_0' [/home/x_thileeb/repos/ops-hls-pact25-artifact/codegen_apps/jacobian3d/vck5000_project/hls/build/hw/temp_dir/link/link/vivado/vpl/prj/prj.gen/my_rm/bd/ulp_inst_0/ip/ulp_inst_0_axi_sc_plram_0/bd_0/ip/ip_10/synth/bd_a6d9_sawn_0.sv:53]
INFO: [Synth 8-6155] done synthesizing module 'bd_a6d9_sawn_0' (0#1) [/home/x_thileeb/repos/ops-hls-pact25-artifact/codegen_apps/jacobian3d/vck5000_project/hls/build/hw/temp_dir/link/link/vivado/vpl/prj/prj.gen/my_rm/bd/ulp_inst_0/ip/ulp_inst_0_axi_sc_plram_0/bd_0/ip/ip_10/synth/bd_a6d9_sawn_0.sv:53]
INFO: [Synth 8-6157] synthesizing module 'bd_a6d9_sbn_0' [/home/x_thileeb/repos/ops-hls-pact25-artifact/codegen_apps/jacobian3d/vck5000_project/hls/build/hw/temp_dir/link/link/vivado/vpl/prj/prj.gen/my_rm/bd/ulp_inst_0/ip/ulp_inst_0_axi_sc_plram_0/bd_0/ip/ip_12/synth/bd_a6d9_sbn_0.sv:53]
INFO: [Synth 8-6157] synthesizing module 'xpm_memory_sdpram__parameterized1' [/tools/Xilinx/Vivado/2022.1/data/ip/xpm/xpm_memory/hdl/xpm_memory.sv:8476]
INFO: [Synth 8-6157] synthesizing module 'xpm_memory_base__parameterized1' [/tools/Xilinx/Vivado/2022.1/data/ip/xpm/xpm_memory/hdl/xpm_memory.sv:56]
INFO: [Synth 8-6155] done synthesizing module 'xpm_memory_base__parameterized1' (0#1) [/tools/Xilinx/Vivado/2022.1/data/ip/xpm/xpm_memory/hdl/xpm_memory.sv:56]
INFO: [Synth 8-6155] done synthesizing module 'xpm_memory_sdpram__parameterized1' (0#1) [/tools/Xilinx/Vivado/2022.1/data/ip/xpm/xpm_memory/hdl/xpm_memory.sv:8476]
INFO: [Synth 8-6155] done synthesizing module 'bd_a6d9_sbn_0' (0#1) [/home/x_thileeb/repos/ops-hls-pact25-artifact/codegen_apps/jacobian3d/vck5000_project/hls/build/hw/temp_dir/link/link/vivado/vpl/prj/prj.gen/my_rm/bd/ulp_inst_0/ip/ulp_inst_0_axi_sc_plram_0/bd_0/ip/ip_12/synth/bd_a6d9_sbn_0.sv:53]
INFO: [Synth 8-6157] synthesizing module 'bd_a6d9_srn_0' [/home/x_thileeb/repos/ops-hls-pact25-artifact/codegen_apps/jacobian3d/vck5000_project/hls/build/hw/temp_dir/link/link/vivado/vpl/prj/prj.gen/my_rm/bd/ulp_inst_0/ip/ulp_inst_0_axi_sc_plram_0/bd_0/ip/ip_9/synth/bd_a6d9_srn_0.sv:53]
INFO: [Synth 8-6157] synthesizing module 'xpm_memory_sdpram__parameterized2' [/tools/Xilinx/Vivado/2022.1/data/ip/xpm/xpm_memory/hdl/xpm_memory.sv:8476]
INFO: [Synth 8-6157] synthesizing module 'xpm_memory_base__parameterized2' [/tools/Xilinx/Vivado/2022.1/data/ip/xpm/xpm_memory/hdl/xpm_memory.sv:56]
INFO: [Synth 8-6155] done synthesizing module 'xpm_memory_base__parameterized2' (0#1) [/tools/Xilinx/Vivado/2022.1/data/ip/xpm/xpm_memory/hdl/xpm_memory.sv:56]
INFO: [Synth 8-6155] done synthesizing module 'xpm_memory_sdpram__parameterized2' (0#1) [/tools/Xilinx/Vivado/2022.1/data/ip/xpm/xpm_memory/hdl/xpm_memory.sv:8476]
INFO: [Synth 8-6157] synthesizing module 'xpm_memory_sdpram__parameterized3' [/tools/Xilinx/Vivado/2022.1/data/ip/xpm/xpm_memory/hdl/xpm_memory.sv:8476]
INFO: [Synth 8-6157] synthesizing module 'xpm_memory_base__parameterized3' [/tools/Xilinx/Vivado/2022.1/data/ip/xpm/xpm_memory/hdl/xpm_memory.sv:56]
INFO: [Synth 8-6155] done synthesizing module 'xpm_memory_base__parameterized3' (0#1) [/tools/Xilinx/Vivado/2022.1/data/ip/xpm/xpm_memory/hdl/xpm_memory.sv:56]
INFO: [Synth 8-6155] done synthesizing module 'xpm_memory_sdpram__parameterized3' (0#1) [/tools/Xilinx/Vivado/2022.1/data/ip/xpm/xpm_memory/hdl/xpm_memory.sv:8476]
INFO: [Synth 8-6155] done synthesizing module 'bd_a6d9_srn_0' (0#1) [/home/x_thileeb/repos/ops-hls-pact25-artifact/codegen_apps/jacobian3d/vck5000_project/hls/build/hw/temp_dir/link/link/vivado/vpl/prj/prj.gen/my_rm/bd/ulp_inst_0/ip/ulp_inst_0_axi_sc_plram_0/bd_0/ip/ip_9/synth/bd_a6d9_srn_0.sv:53]
INFO: [Synth 8-6157] synthesizing module 'bd_a6d9_swn_0' [/home/x_thileeb/repos/ops-hls-pact25-artifact/codegen_apps/jacobian3d/vck5000_project/hls/build/hw/temp_dir/link/link/vivado/vpl/prj/prj.gen/my_rm/bd/ulp_inst_0/ip/ulp_inst_0_axi_sc_plram_0/bd_0/ip/ip_11/synth/bd_a6d9_swn_0.sv:53]
INFO: [Synth 8-6157] synthesizing module 'xpm_memory_sdpram__parameterized4' [/tools/Xilinx/Vivado/2022.1/data/ip/xpm/xpm_memory/hdl/xpm_memory.sv:8476]
INFO: [Synth 8-6157] synthesizing module 'xpm_memory_base__parameterized4' [/tools/Xilinx/Vivado/2022.1/data/ip/xpm/xpm_memory/hdl/xpm_memory.sv:56]
INFO: [Synth 8-6155] done synthesizing module 'xpm_memory_base__parameterized4' (0#1) [/tools/Xilinx/Vivado/2022.1/data/ip/xpm/xpm_memory/hdl/xpm_memory.sv:56]
INFO: [Synth 8-6155] done synthesizing module 'xpm_memory_sdpram__parameterized4' (0#1) [/tools/Xilinx/Vivado/2022.1/data/ip/xpm/xpm_memory/hdl/xpm_memory.sv:8476]
INFO: [Synth 8-6157] synthesizing module 'xpm_memory_sdpram__parameterized5' [/tools/Xilinx/Vivado/2022.1/data/ip/xpm/xpm_memory/hdl/xpm_memory.sv:8476]
INFO: [Synth 8-6157] synthesizing module 'xpm_memory_base__parameterized5' [/tools/Xilinx/Vivado/2022.1/data/ip/xpm/xpm_memory/hdl/xpm_memory.sv:56]
INFO: [Synth 8-6155] done synthesizing module 'xpm_memory_base__parameterized5' (0#1) [/tools/Xilinx/Vivado/2022.1/data/ip/xpm/xpm_memory/hdl/xpm_memory.sv:56]
INFO: [Synth 8-6155] done synthesizing module 'xpm_memory_sdpram__parameterized5' (0#1) [/tools/Xilinx/Vivado/2022.1/data/ip/xpm/xpm_memory/hdl/xpm_memory.sv:8476]
INFO: [Synth 8-6155] done synthesizing module 'bd_a6d9_swn_0' (0#1) [/home/x_thileeb/repos/ops-hls-pact25-artifact/codegen_apps/jacobian3d/vck5000_project/hls/build/hw/temp_dir/link/link/vivado/vpl/prj/prj.gen/my_rm/bd/ulp_inst_0/ip/ulp_inst_0_axi_sc_plram_0/bd_0/ip/ip_11/synth/bd_a6d9_swn_0.sv:53]
INFO: [Synth 8-6155] done synthesizing module 's00_nodes_imp_1F5USEV' (0#1) [/home/x_thileeb/repos/ops-hls-pact25-artifact/codegen_apps/jacobian3d/vck5000_project/hls/build/hw/temp_dir/link/link/vivado/vpl/prj/prj.gen/my_rm/bd/ulp_inst_0/ip/ulp_inst_0_axi_sc_plram_0/bd_0/synth/bd_a6d9.v:1912]
INFO: [Synth 8-6155] done synthesizing module 'bd_a6d9' (0#1) [/home/x_thileeb/repos/ops-hls-pact25-artifact/codegen_apps/jacobian3d/vck5000_project/hls/build/hw/temp_dir/link/link/vivado/vpl/prj/prj.gen/my_rm/bd/ulp_inst_0/ip/ulp_inst_0_axi_sc_plram_0/bd_0/synth/bd_a6d9.v:9]
INFO: [Synth 8-6155] done synthesizing module 'ulp_inst_0_axi_sc_plram_0' (0#1) [/home/x_thileeb/repos/ops-hls-pact25-artifact/codegen_apps/jacobian3d/vck5000_project/hls/build/hw/temp_dir/link/link/vivado/vpl/prj/prj.gen/my_rm/bd/ulp_inst_0/ip/ulp_inst_0_axi_sc_plram_0/synth/ulp_inst_0_axi_sc_plram_0.v:53]
WARNING: [Synth 8-3848] Net aresetn_out in module/entity clk_map_imp_1NH595H does not have driver. [/home/x_thileeb/repos/ops-hls-pact25-artifact/codegen_apps/jacobian3d/vck5000_project/hls/build/hw/temp_dir/link/link/vivado/vpl/prj/prj.gen/my_rm/bd/ulp_inst_0/ip/ulp_inst_0_axi_sc_plram_0/bd_0/synth/bd_a6d9.v:826]
WARNING: [Synth 8-6014] Unused sequential element dest_out_bin_ff_reg was removed.  [/tools/Xilinx/Vivado/2022.1/data/ip/xpm/xpm_cdc/hdl/xpm_cdc.sv:417]
WARNING: [Synth 8-7129] Port din[0] in module sc_util_v1_0_4_onehot_to_binary is either unconnected or has no load
WARNING: [Synth 8-7129] Port aclk in module sc_util_v1_0_4_pipeline__parameterized0 is either unconnected or has no load
WARNING: [Synth 8-7129] Port aclken in module sc_util_v1_0_4_pipeline__parameterized0 is either unconnected or has no load
WARNING: [Synth 8-7129] Port areset in module sc_util_v1_0_4_pipeline__parameterized0 is either unconnected or has no load
WARNING: [Synth 8-7129] Port sleep in module xpm_memory_base__parameterized5 is either unconnected or has no load
WARNING: [Synth 8-7129] Port rsta in module xpm_memory_base__parameterized5 is either unconnected or has no load
WARNING: [Synth 8-7129] Port regcea in module xpm_memory_base__parameterized5 is either unconnected or has no load
WARNING: [Synth 8-7129] Port injectsbiterra in module xpm_memory_base__parameterized5 is either unconnected or has no load
WARNING: [Synth 8-7129] Port injectdbiterra in module xpm_memory_base__parameterized5 is either unconnected or has no load
WARNING: [Synth 8-7129] Port regceb in module xpm_memory_base__parameterized5 is either unconnected or has no load
WARNING: [Synth 8-7129] Port web[0] in module xpm_memory_base__parameterized5 is either unconnected or has no load
WARNING: [Synth 8-7129] Port dinb[150] in module xpm_memory_base__parameterized5 is either unconnected or has no load
WARNING: [Synth 8-7129] Port dinb[149] in module xpm_memory_base__parameterized5 is either unconnected or has no load
WARNING: [Synth 8-7129] Port dinb[148] in module xpm_memory_base__parameterized5 is either unconnected or has no load
WARNING: [Synth 8-7129] Port dinb[147] in module xpm_memory_base__parameterized5 is either unconnected or has no load
WARNING: [Synth 8-7129] Port dinb[146] in module xpm_memory_base__parameterized5 is either unconnected or has no load
WARNING: [Synth 8-7129] Port dinb[145] in module xpm_memory_base__parameterized5 is either unconnected or has no load
WARNING: [Synth 8-7129] Port dinb[144] in module xpm_memory_base__parameterized5 is either unconnected or has no load
WARNING: [Synth 8-7129] Port dinb[143] in module xpm_memory_base__parameterized5 is either unconnected or has no load
WARNING: [Synth 8-7129] Port dinb[142] in module xpm_memory_base__parameterized5 is either unconnected or has no load
WARNING: [Synth 8-7129] Port dinb[141] in module xpm_memory_base__parameterized5 is either unconnected or has no load
WARNING: [Synth 8-7129] Port dinb[140] in module xpm_memory_base__parameterized5 is either unconnected or has no load
WARNING: [Synth 8-7129] Port dinb[139] in module xpm_memory_base__parameterized5 is either unconnected or has no load
WARNING: [Synth 8-7129] Port dinb[138] in module xpm_memory_base__parameterized5 is either unconnected or has no load
WARNING: [Synth 8-7129] Port dinb[137] in module xpm_memory_base__parameterized5 is either unconnected or has no load
WARNING: [Synth 8-7129] Port dinb[136] in module xpm_memory_base__parameterized5 is either unconnected or has no load
WARNING: [Synth 8-7129] Port dinb[135] in module xpm_memory_base__parameterized5 is either unconnected or has no load
WARNING: [Synth 8-7129] Port dinb[134] in module xpm_memory_base__parameterized5 is either unconnected or has no load
WARNING: [Synth 8-7129] Port dinb[133] in module xpm_memory_base__parameterized5 is either unconnected or has no load
WARNING: [Synth 8-7129] Port dinb[132] in module xpm_memory_base__parameterized5 is either unconnected or has no load
WARNING: [Synth 8-7129] Port dinb[131] in module xpm_memory_base__parameterized5 is either unconnected or has no load
WARNING: [Synth 8-7129] Port dinb[130] in module xpm_memory_base__parameterized5 is either unconnected or has no load
WARNING: [Synth 8-7129] Port dinb[129] in module xpm_memory_base__parameterized5 is either unconnected or has no load
WARNING: [Synth 8-7129] Port dinb[128] in module xpm_memory_base__parameterized5 is either unconnected or has no load
WARNING: [Synth 8-7129] Port dinb[127] in module xpm_memory_base__parameterized5 is either unconnected or has no load
WARNING: [Synth 8-7129] Port dinb[126] in module xpm_memory_base__parameterized5 is either unconnected or has no load
WARNING: [Synth 8-7129] Port dinb[125] in module xpm_memory_base__parameterized5 is either unconnected or has no load
WARNING: [Synth 8-7129] Port dinb[124] in module xpm_memory_base__parameterized5 is either unconnected or has no load
WARNING: [Synth 8-7129] Port dinb[123] in module xpm_memory_base__parameterized5 is either unconnected or has no load
WARNING: [Synth 8-7129] Port dinb[122] in module xpm_memory_base__parameterized5 is either unconnected or has no load
WARNING: [Synth 8-7129] Port dinb[121] in module xpm_memory_base__parameterized5 is either unconnected or has no load
WARNING: [Synth 8-7129] Port dinb[120] in module xpm_memory_base__parameterized5 is either unconnected or has no load
WARNING: [Synth 8-7129] Port dinb[119] in module xpm_memory_base__parameterized5 is either unconnected or has no load
WARNING: [Synth 8-7129] Port dinb[118] in module xpm_memory_base__parameterized5 is either unconnected or has no load
WARNING: [Synth 8-7129] Port dinb[117] in module xpm_memory_base__parameterized5 is either unconnected or has no load
WARNING: [Synth 8-7129] Port dinb[116] in module xpm_memory_base__parameterized5 is either unconnected or has no load
WARNING: [Synth 8-7129] Port dinb[115] in module xpm_memory_base__parameterized5 is either unconnected or has no load
WARNING: [Synth 8-7129] Port dinb[114] in module xpm_memory_base__parameterized5 is either unconnected or has no load
WARNING: [Synth 8-7129] Port dinb[113] in module xpm_memory_base__parameterized5 is either unconnected or has no load
WARNING: [Synth 8-7129] Port dinb[112] in module xpm_memory_base__parameterized5 is either unconnected or has no load
WARNING: [Synth 8-7129] Port dinb[111] in module xpm_memory_base__parameterized5 is either unconnected or has no load
WARNING: [Synth 8-7129] Port dinb[110] in module xpm_memory_base__parameterized5 is either unconnected or has no load
WARNING: [Synth 8-7129] Port dinb[109] in module xpm_memory_base__parameterized5 is either unconnected or has no load
WARNING: [Synth 8-7129] Port dinb[108] in module xpm_memory_base__parameterized5 is either unconnected or has no load
WARNING: [Synth 8-7129] Port dinb[107] in module xpm_memory_base__parameterized5 is either unconnected or has no load
WARNING: [Synth 8-7129] Port dinb[106] in module xpm_memory_base__parameterized5 is either unconnected or has no load
WARNING: [Synth 8-7129] Port dinb[105] in module xpm_memory_base__parameterized5 is either unconnected or has no load
WARNING: [Synth 8-7129] Port dinb[104] in module xpm_memory_base__parameterized5 is either unconnected or has no load
WARNING: [Synth 8-7129] Port dinb[103] in module xpm_memory_base__parameterized5 is either unconnected or has no load
WARNING: [Synth 8-7129] Port dinb[102] in module xpm_memory_base__parameterized5 is either unconnected or has no load
WARNING: [Synth 8-7129] Port dinb[101] in module xpm_memory_base__parameterized5 is either unconnected or has no load
WARNING: [Synth 8-7129] Port dinb[100] in module xpm_memory_base__parameterized5 is either unconnected or has no load
WARNING: [Synth 8-7129] Port dinb[99] in module xpm_memory_base__parameterized5 is either unconnected or has no load
WARNING: [Synth 8-7129] Port dinb[98] in module xpm_memory_base__parameterized5 is either unconnected or has no load
WARNING: [Synth 8-7129] Port dinb[97] in module xpm_memory_base__parameterized5 is either unconnected or has no load
WARNING: [Synth 8-7129] Port dinb[96] in module xpm_memory_base__parameterized5 is either unconnected or has no load
WARNING: [Synth 8-7129] Port dinb[95] in module xpm_memory_base__parameterized5 is either unconnected or has no load
WARNING: [Synth 8-7129] Port dinb[94] in module xpm_memory_base__parameterized5 is either unconnected or has no load
WARNING: [Synth 8-7129] Port dinb[93] in module xpm_memory_base__parameterized5 is either unconnected or has no load
WARNING: [Synth 8-7129] Port dinb[92] in module xpm_memory_base__parameterized5 is either unconnected or has no load
WARNING: [Synth 8-7129] Port dinb[91] in module xpm_memory_base__parameterized5 is either unconnected or has no load
WARNING: [Synth 8-7129] Port dinb[90] in module xpm_memory_base__parameterized5 is either unconnected or has no load
WARNING: [Synth 8-7129] Port dinb[89] in module xpm_memory_base__parameterized5 is either unconnected or has no load
WARNING: [Synth 8-7129] Port dinb[88] in module xpm_memory_base__parameterized5 is either unconnected or has no load
WARNING: [Synth 8-7129] Port dinb[87] in module xpm_memory_base__parameterized5 is either unconnected or has no load
WARNING: [Synth 8-7129] Port dinb[86] in module xpm_memory_base__parameterized5 is either unconnected or has no load
WARNING: [Synth 8-7129] Port dinb[85] in module xpm_memory_base__parameterized5 is either unconnected or has no load
WARNING: [Synth 8-7129] Port dinb[84] in module xpm_memory_base__parameterized5 is either unconnected or has no load
WARNING: [Synth 8-7129] Port dinb[83] in module xpm_memory_base__parameterized5 is either unconnected or has no load
WARNING: [Synth 8-7129] Port dinb[82] in module xpm_memory_base__parameterized5 is either unconnected or has no load
WARNING: [Synth 8-7129] Port dinb[81] in module xpm_memory_base__parameterized5 is either unconnected or has no load
WARNING: [Synth 8-7129] Port dinb[80] in module xpm_memory_base__parameterized5 is either unconnected or has no load
WARNING: [Synth 8-7129] Port dinb[79] in module xpm_memory_base__parameterized5 is either unconnected or has no load
WARNING: [Synth 8-7129] Port dinb[78] in module xpm_memory_base__parameterized5 is either unconnected or has no load
WARNING: [Synth 8-7129] Port dinb[77] in module xpm_memory_base__parameterized5 is either unconnected or has no load
WARNING: [Synth 8-7129] Port dinb[76] in module xpm_memory_base__parameterized5 is either unconnected or has no load
WARNING: [Synth 8-7129] Port dinb[75] in module xpm_memory_base__parameterized5 is either unconnected or has no load
WARNING: [Synth 8-7129] Port dinb[74] in module xpm_memory_base__parameterized5 is either unconnected or has no load
WARNING: [Synth 8-7129] Port dinb[73] in module xpm_memory_base__parameterized5 is either unconnected or has no load
WARNING: [Synth 8-7129] Port dinb[72] in module xpm_memory_base__parameterized5 is either unconnected or has no load
WARNING: [Synth 8-7129] Port dinb[71] in module xpm_memory_base__parameterized5 is either unconnected or has no load
WARNING: [Synth 8-7129] Port dinb[70] in module xpm_memory_base__parameterized5 is either unconnected or has no load
WARNING: [Synth 8-7129] Port dinb[69] in module xpm_memory_base__parameterized5 is either unconnected or has no load
WARNING: [Synth 8-7129] Port dinb[68] in module xpm_memory_base__parameterized5 is either unconnected or has no load
WARNING: [Synth 8-7129] Port dinb[67] in module xpm_memory_base__parameterized5 is either unconnected or has no load
WARNING: [Synth 8-7129] Port dinb[66] in module xpm_memory_base__parameterized5 is either unconnected or has no load
WARNING: [Synth 8-7129] Port dinb[65] in module xpm_memory_base__parameterized5 is either unconnected or has no load
WARNING: [Synth 8-7129] Port dinb[64] in module xpm_memory_base__parameterized5 is either unconnected or has no load
WARNING: [Synth 8-7129] Port dinb[63] in module xpm_memory_base__parameterized5 is either unconnected or has no load
WARNING: [Synth 8-7129] Port dinb[62] in module xpm_memory_base__parameterized5 is either unconnected or has no load
INFO: [Common 17-14] Message 'Synth 8-7129' appears 100 times and further instances of the messages will be disabled. Use the Tcl command set_msg_config to change the current settings.
---------------------------------------------------------------------------------
Finished RTL Elaboration : Time (s): cpu = 00:00:13 ; elapsed = 00:00:15 . Memory (MB): peak = 3495.883 ; gain = 590.621 ; free physical = 134892 ; free virtual = 469466
---------------------------------------------------------------------------------
---------------------------------------------------------------------------------
Start Handling Custom Attributes
---------------------------------------------------------------------------------
---------------------------------------------------------------------------------
Finished Handling Custom Attributes : Time (s): cpu = 00:00:14 ; elapsed = 00:00:15 . Memory (MB): peak = 3495.883 ; gain = 590.621 ; free physical = 134772 ; free virtual = 469346
---------------------------------------------------------------------------------
---------------------------------------------------------------------------------
Finished RTL Optimization Phase 1 : Time (s): cpu = 00:00:14 ; elapsed = 00:00:15 . Memory (MB): peak = 3495.883 ; gain = 590.621 ; free physical = 134772 ; free virtual = 469346
---------------------------------------------------------------------------------
Netlist sorting complete. Time (s): cpu = 00:00:01 ; elapsed = 00:00:01 . Memory (MB): peak = 3495.883 ; gain = 0.000 ; free physical = 135958 ; free virtual = 470556
INFO: [Netlist 29-17] Analyzing 39 Unisim elements for replacement
INFO: [Netlist 29-28] Unisim Transformation completed in 0 CPU seconds
INFO: [Constraints 18-6359] No Clock Expansion Window constraints config file entry for device xcvc1902.  GCLK Deskew mode will be Off and cannot be enabled via GCLK_DESKEW override.
INFO: [Constraints 18-5720] The default GCLK Deskew mode is Off.
INFO: [Project 1-570] Preparing netlist for logic optimization

Processing XDC Constraints
Initializing timing engine
Parsing XDC File [/home/x_thileeb/repos/ops-hls-pact25-artifact/codegen_apps/jacobian3d/vck5000_project/hls/build/hw/temp_dir/link/link/vivado/vpl/prj/prj.gen/my_rm/bd/ulp_inst_0/ip/ulp_inst_0_axi_sc_plram_0/ooc.xdc] for cell 'inst'
CRITICAL WARNING: [Power 33-705] The voltage setting 3.300 on supply VCCO_503 is different from the voltage setting of 1.800 of the parent 1V8_VCC. [/home/x_thileeb/repos/ops-hls-pact25-artifact/codegen_apps/jacobian3d/vck5000_project/hls/build/hw/temp_dir/link/link/vivado/vpl/prj/prj.gen/my_rm/bd/ulp_inst_0/ip/ulp_inst_0_axi_sc_plram_0/ooc.xdc:3]
CRITICAL WARNING: [Power 33-704] The voltage setting 1.800 of the 1V8_VCC falls outside the allowed range <3.135-3.465> of VCCO_503 conatined by the rail. [/home/x_thileeb/repos/ops-hls-pact25-artifact/codegen_apps/jacobian3d/vck5000_project/hls/build/hw/temp_dir/link/link/vivado/vpl/prj/prj.gen/my_rm/bd/ulp_inst_0/ip/ulp_inst_0_axi_sc_plram_0/ooc.xdc:3]
CRITICAL WARNING: [Power 33-705] The voltage setting 3.300 on supply VCCO_500 is different from the voltage setting of 1.800 of the parent 1V8_VCC. [/home/x_thileeb/repos/ops-hls-pact25-artifact/codegen_apps/jacobian3d/vck5000_project/hls/build/hw/temp_dir/link/link/vivado/vpl/prj/prj.gen/my_rm/bd/ulp_inst_0/ip/ulp_inst_0_axi_sc_plram_0/ooc.xdc:3]
CRITICAL WARNING: [Power 33-704] The voltage setting 1.800 of the 1V8_VCC falls outside the allowed range <3.135-3.465> of VCCO_500 conatined by the rail. [/home/x_thileeb/repos/ops-hls-pact25-artifact/codegen_apps/jacobian3d/vck5000_project/hls/build/hw/temp_dir/link/link/vivado/vpl/prj/prj.gen/my_rm/bd/ulp_inst_0/ip/ulp_inst_0_axi_sc_plram_0/ooc.xdc:3]
create_clock: Time (s): cpu = 00:00:07 ; elapsed = 00:00:07 . Memory (MB): peak = 3873.492 ; gain = 63.016 ; free physical = 134997 ; free virtual = 469688
Finished Parsing XDC File [/home/x_thileeb/repos/ops-hls-pact25-artifact/codegen_apps/jacobian3d/vck5000_project/hls/build/hw/temp_dir/link/link/vivado/vpl/prj/prj.gen/my_rm/bd/ulp_inst_0/ip/ulp_inst_0_axi_sc_plram_0/ooc.xdc] for cell 'inst'
Parsing XDC File [/home/x_thileeb/repos/ops-hls-pact25-artifact/codegen_apps/jacobian3d/vck5000_project/hls/build/hw/temp_dir/link/link/vivado/vpl/prj/prj.gen/my_rm/bd/ulp_inst_0/ip/ulp_inst_0_axi_sc_plram_0/bd_0/ip/ip_1/bd_a6d9_psr0_0_board.xdc] for cell 'inst/clk_map/psr0/U0'
Finished Parsing XDC File [/home/x_thileeb/repos/ops-hls-pact25-artifact/codegen_apps/jacobian3d/vck5000_project/hls/build/hw/temp_dir/link/link/vivado/vpl/prj/prj.gen/my_rm/bd/ulp_inst_0/ip/ulp_inst_0_axi_sc_plram_0/bd_0/ip/ip_1/bd_a6d9_psr0_0_board.xdc] for cell 'inst/clk_map/psr0/U0'
Parsing XDC File [/home/x_thileeb/repos/ops-hls-pact25-artifact/codegen_apps/jacobian3d/vck5000_project/hls/build/hw/temp_dir/link/link/vivado/vpl/prj/prj.gen/my_rm/bd/ulp_inst_0/ip/ulp_inst_0_axi_sc_plram_0/bd_0/ip/ip_1/bd_a6d9_psr0_0.xdc] for cell 'inst/clk_map/psr0/U0'
Finished Parsing XDC File [/home/x_thileeb/repos/ops-hls-pact25-artifact/codegen_apps/jacobian3d/vck5000_project/hls/build/hw/temp_dir/link/link/vivado/vpl/prj/prj.gen/my_rm/bd/ulp_inst_0/ip/ulp_inst_0_axi_sc_plram_0/bd_0/ip/ip_1/bd_a6d9_psr0_0.xdc] for cell 'inst/clk_map/psr0/U0'
Parsing XDC File [/home/x_thileeb/repos/ops-hls-pact25-artifact/codegen_apps/jacobian3d/vck5000_project/hls/build/hw/temp_dir/link/link/vivado/vpl/prj/prj.gen/my_rm/bd/ulp_inst_0/ip/ulp_inst_0_axi_sc_plram_0/bd_0/ip/ip_2/bd_a6d9_psr_aclk_0_board.xdc] for cell 'inst/clk_map/psr_aclk/U0'
Finished Parsing XDC File [/home/x_thileeb/repos/ops-hls-pact25-artifact/codegen_apps/jacobian3d/vck5000_project/hls/build/hw/temp_dir/link/link/vivado/vpl/prj/prj.gen/my_rm/bd/ulp_inst_0/ip/ulp_inst_0_axi_sc_plram_0/bd_0/ip/ip_2/bd_a6d9_psr_aclk_0_board.xdc] for cell 'inst/clk_map/psr_aclk/U0'
Parsing XDC File [/home/x_thileeb/repos/ops-hls-pact25-artifact/codegen_apps/jacobian3d/vck5000_project/hls/build/hw/temp_dir/link/link/vivado/vpl/prj/prj.gen/my_rm/bd/ulp_inst_0/ip/ulp_inst_0_axi_sc_plram_0/bd_0/ip/ip_2/bd_a6d9_psr_aclk_0.xdc] for cell 'inst/clk_map/psr_aclk/U0'
Finished Parsing XDC File [/home/x_thileeb/repos/ops-hls-pact25-artifact/codegen_apps/jacobian3d/vck5000_project/hls/build/hw/temp_dir/link/link/vivado/vpl/prj/prj.gen/my_rm/bd/ulp_inst_0/ip/ulp_inst_0_axi_sc_plram_0/bd_0/ip/ip_2/bd_a6d9_psr_aclk_0.xdc] for cell 'inst/clk_map/psr_aclk/U0'
Parsing XDC File [/home/x_thileeb/repos/ops-hls-pact25-artifact/codegen_apps/jacobian3d/vck5000_project/hls/build/hw/temp_dir/link/link/vivado/vpl/prj/prj.gen/my_rm/bd/ulp_inst_0/ip/ulp_inst_0_axi_sc_plram_0/bd_0/ip/ip_3/bd_a6d9_psr_aclk1_0_board.xdc] for cell 'inst/clk_map/psr_aclk1/U0'
Finished Parsing XDC File [/home/x_thileeb/repos/ops-hls-pact25-artifact/codegen_apps/jacobian3d/vck5000_project/hls/build/hw/temp_dir/link/link/vivado/vpl/prj/prj.gen/my_rm/bd/ulp_inst_0/ip/ulp_inst_0_axi_sc_plram_0/bd_0/ip/ip_3/bd_a6d9_psr_aclk1_0_board.xdc] for cell 'inst/clk_map/psr_aclk1/U0'
Parsing XDC File [/home/x_thileeb/repos/ops-hls-pact25-artifact/codegen_apps/jacobian3d/vck5000_project/hls/build/hw/temp_dir/link/link/vivado/vpl/prj/prj.gen/my_rm/bd/ulp_inst_0/ip/ulp_inst_0_axi_sc_plram_0/bd_0/ip/ip_3/bd_a6d9_psr_aclk1_0.xdc] for cell 'inst/clk_map/psr_aclk1/U0'
Finished Parsing XDC File [/home/x_thileeb/repos/ops-hls-pact25-artifact/codegen_apps/jacobian3d/vck5000_project/hls/build/hw/temp_dir/link/link/vivado/vpl/prj/prj.gen/my_rm/bd/ulp_inst_0/ip/ulp_inst_0_axi_sc_plram_0/bd_0/ip/ip_3/bd_a6d9_psr_aclk1_0.xdc] for cell 'inst/clk_map/psr_aclk1/U0'
Parsing XDC File [/home/x_thileeb/repos/ops-hls-pact25-artifact/codegen_apps/jacobian3d/vck5000_project/hls/build/hw/temp_dir/link/link/vivado/vpl/prj/prj.runs/ulp_inst_0_axi_sc_plram_0_synth_1/dont_touch.xdc]
Finished Parsing XDC File [/home/x_thileeb/repos/ops-hls-pact25-artifact/codegen_apps/jacobian3d/vck5000_project/hls/build/hw/temp_dir/link/link/vivado/vpl/prj/prj.runs/ulp_inst_0_axi_sc_plram_0_synth_1/dont_touch.xdc]
INFO: [Project 1-236] Implementation specific constraints were found while reading constraint file [/tools/Xilinx/Vivado/2022.1/data/ip/xpm/xpm_cdc/tcl/xpm_cdc_gray.tcl]. These constraints will be ignored for synthesis but will be used in implementation. Impacted constraints are listed in the file [.Xil/ulp_inst_0_axi_sc_plram_0_propImpl.xdc].
Resolution: To avoid this warning, move constraints listed in [.Xil/ulp_inst_0_axi_sc_plram_0_propImpl.xdc] to another XDC file and exclude this new file from synthesis with the used_in_synthesis property (File Properties dialog in GUI) and re-run elaboration/synthesis.
WARNING: [Vivado 12-180] No cells matched 'get_cells -hier -filter {PRIMITIVE_SUBGROUP==LUTRAM || PRIMITIVE_SUBGROUP==dram || PRIMITIVE_SUBGROUP==uram || PRIMITIVE_SUBGROUP==BRAM}'. [/tools/Xilinx/Vivado/2022.1/data/ip/xpm/xpm_memory/tcl/xpm_memory_xdc.tcl:3]
WARNING: [Vivado 12-180] No cells matched 'get_cells -hier -filter {PRIMITIVE_SUBGROUP==LUTRAM || PRIMITIVE_SUBGROUP==dram || PRIMITIVE_SUBGROUP==uram || PRIMITIVE_SUBGROUP==BRAM}'. [/tools/Xilinx/Vivado/2022.1/data/ip/xpm/xpm_memory/tcl/xpm_memory_xdc.tcl:3]
WARNING: [Vivado 12-180] No cells matched 'get_cells -hier -filter {PRIMITIVE_SUBGROUP==LUTRAM || PRIMITIVE_SUBGROUP==dram || PRIMITIVE_SUBGROUP==uram || PRIMITIVE_SUBGROUP==BRAM}'. [/tools/Xilinx/Vivado/2022.1/data/ip/xpm/xpm_memory/tcl/xpm_memory_xdc.tcl:3]
WARNING: [Vivado 12-180] No cells matched 'get_cells -hier -filter {PRIMITIVE_SUBGROUP==LUTRAM || PRIMITIVE_SUBGROUP==dram || PRIMITIVE_SUBGROUP==uram || PRIMITIVE_SUBGROUP==BRAM}'. [/tools/Xilinx/Vivado/2022.1/data/ip/xpm/xpm_memory/tcl/xpm_memory_xdc.tcl:3]
WARNING: [Vivado 12-180] No cells matched 'get_cells -hier -filter {PRIMITIVE_SUBGROUP==LUTRAM || PRIMITIVE_SUBGROUP==dram || PRIMITIVE_SUBGROUP==uram || PRIMITIVE_SUBGROUP==BRAM}'. [/tools/Xilinx/Vivado/2022.1/data/ip/xpm/xpm_memory/tcl/xpm_memory_xdc.tcl:3]
WARNING: [Vivado 12-180] No cells matched 'get_cells -hier -filter {PRIMITIVE_SUBGROUP==LUTRAM || PRIMITIVE_SUBGROUP==dram || PRIMITIVE_SUBGROUP==uram || PRIMITIVE_SUBGROUP==BRAM}'. [/tools/Xilinx/Vivado/2022.1/data/ip/xpm/xpm_memory/tcl/xpm_memory_xdc.tcl:3]
WARNING: [Vivado 12-180] No cells matched 'get_cells -hier -filter {PRIMITIVE_SUBGROUP==LUTRAM || PRIMITIVE_SUBGROUP==dram || PRIMITIVE_SUBGROUP==uram || PRIMITIVE_SUBGROUP==BRAM}'. [/tools/Xilinx/Vivado/2022.1/data/ip/xpm/xpm_memory/tcl/xpm_memory_xdc.tcl:3]
WARNING: [Vivado 12-180] No cells matched 'get_cells -hier -filter {PRIMITIVE_SUBGROUP==LUTRAM || PRIMITIVE_SUBGROUP==dram || PRIMITIVE_SUBGROUP==uram || PRIMITIVE_SUBGROUP==BRAM}'. [/tools/Xilinx/Vivado/2022.1/data/ip/xpm/xpm_memory/tcl/xpm_memory_xdc.tcl:3]
WARNING: [Vivado 12-180] No cells matched 'get_cells -hier -filter {PRIMITIVE_SUBGROUP==LUTRAM || PRIMITIVE_SUBGROUP==dram || PRIMITIVE_SUBGROUP==uram || PRIMITIVE_SUBGROUP==BRAM}'. [/tools/Xilinx/Vivado/2022.1/data/ip/xpm/xpm_memory/tcl/xpm_memory_xdc.tcl:3]
WARNING: [Vivado 12-180] No cells matched 'get_cells -hier -filter {PRIMITIVE_SUBGROUP==LUTRAM || PRIMITIVE_SUBGROUP==dram || PRIMITIVE_SUBGROUP==uram || PRIMITIVE_SUBGROUP==BRAM}'. [/tools/Xilinx/Vivado/2022.1/data/ip/xpm/xpm_memory/tcl/xpm_memory_xdc.tcl:3]
WARNING: [Vivado 12-180] No cells matched 'get_cells -hier -filter {PRIMITIVE_SUBGROUP==LUTRAM || PRIMITIVE_SUBGROUP==dram || PRIMITIVE_SUBGROUP==uram || PRIMITIVE_SUBGROUP==BRAM}'. [/tools/Xilinx/Vivado/2022.1/data/ip/xpm/xpm_memory/tcl/xpm_memory_xdc.tcl:3]
WARNING: [Vivado 12-180] No cells matched 'get_cells -hier -filter {PRIMITIVE_SUBGROUP==LUTRAM || PRIMITIVE_SUBGROUP==dram || PRIMITIVE_SUBGROUP==uram || PRIMITIVE_SUBGROUP==BRAM}'. [/tools/Xilinx/Vivado/2022.1/data/ip/xpm/xpm_memory/tcl/xpm_memory_xdc.tcl:3]
INFO: [Project 1-236] Implementation specific constraints were found while reading constraint file [/tools/Xilinx/Vivado/2022.1/data/ip/xpm/xpm_memory/tcl/xpm_memory_xdc.tcl]. These constraints will be ignored for synthesis but will be used in implementation. Impacted constraints are listed in the file [.Xil/ulp_inst_0_axi_sc_plram_0_propImpl.xdc].
Resolution: To avoid this warning, move constraints listed in [.Xil/ulp_inst_0_axi_sc_plram_0_propImpl.xdc] to another XDC file and exclude this new file from synthesis with the used_in_synthesis property (File Properties dialog in GUI) and re-run elaboration/synthesis.
INFO: [Project 1-1714] 36 XPM XDC files have been applied to the design.
Completed Processing XDC Constraints

Netlist sorting complete. Time (s): cpu = 00:00:00.01 ; elapsed = 00:00:00.02 . Memory (MB): peak = 3885.492 ; gain = 0.000 ; free physical = 134734 ; free virtual = 469425
INFO: [Project 1-111] Unisim Transformation Summary:
  A total of 39 instances were transformed.
  FDR => FDRE: 36 instances
  SRL16 => SRL16E: 3 instances

Constraint Validation Runtime : Time (s): cpu = 00:00:00.99 ; elapsed = 00:00:01 . Memory (MB): peak = 3885.492 ; gain = 0.000 ; free physical = 134323 ; free virtual = 469014
INFO: [Designutils 20-5008] Incremental synthesis strategy off
---------------------------------------------------------------------------------
Finished Constraint Validation : Time (s): cpu = 00:00:45 ; elapsed = 00:00:48 . Memory (MB): peak = 3885.492 ; gain = 980.230 ; free physical = 134011 ; free virtual = 468785
---------------------------------------------------------------------------------
---------------------------------------------------------------------------------
Start Loading Part and Timing Information
---------------------------------------------------------------------------------
Loading part: xcvc1902-vsvd1760-2MP-e-S
INFO: [Synth 8-6742] Reading net delay rules and data
---------------------------------------------------------------------------------
Finished Loading Part and Timing Information : Time (s): cpu = 00:00:45 ; elapsed = 00:00:48 . Memory (MB): peak = 3885.492 ; gain = 980.230 ; free physical = 134011 ; free virtual = 468785
---------------------------------------------------------------------------------
---------------------------------------------------------------------------------
Start Applying 'set_property' XDC Constraints
---------------------------------------------------------------------------------
Applied set_property KEEP_HIERARCHY = SOFT for inst. (constraint file  /home/x_thileeb/repos/ops-hls-pact25-artifact/codegen_apps/jacobian3d/vck5000_project/hls/build/hw/temp_dir/link/link/vivado/vpl/prj/prj.runs/ulp_inst_0_axi_sc_plram_0_synth_1/dont_touch.xdc, line 89).
Applied set_property KEEP_HIERARCHY = SOFT for inst/s00_nodes/s00_ar_node/inst/m_sc_xpm_cdc_async_rst_inst. (constraint file  auto generated constraint).
Applied set_property KEEP_HIERARCHY = SOFT for inst/s00_nodes/s00_aw_node/inst/m_sc_xpm_cdc_async_rst_inst. (constraint file  auto generated constraint).
Applied set_property KEEP_HIERARCHY = SOFT for inst/s00_nodes/s00_b_node/inst/m_sc_xpm_cdc_async_rst_inst. (constraint file  auto generated constraint).
Applied set_property KEEP_HIERARCHY = SOFT for inst/s00_nodes/s00_r_node/inst/m_sc_xpm_cdc_async_rst_inst. (constraint file  auto generated constraint).
Applied set_property KEEP_HIERARCHY = SOFT for inst/s00_nodes/s00_w_node/inst/m_sc_xpm_cdc_async_rst_inst. (constraint file  auto generated constraint).
Applied set_property KEEP_HIERARCHY = SOFT for inst/s00_nodes/s00_ar_node/inst/s_sc_xpm_cdc_async_rst_inst. (constraint file  auto generated constraint).
Applied set_property KEEP_HIERARCHY = SOFT for inst/s00_nodes/s00_aw_node/inst/s_sc_xpm_cdc_async_rst_inst. (constraint file  auto generated constraint).
Applied set_property KEEP_HIERARCHY = SOFT for inst/s00_nodes/s00_b_node/inst/s_sc_xpm_cdc_async_rst_inst. (constraint file  auto generated constraint).
Applied set_property KEEP_HIERARCHY = SOFT for inst/s00_nodes/s00_r_node/inst/s_sc_xpm_cdc_async_rst_inst. (constraint file  auto generated constraint).
Applied set_property KEEP_HIERARCHY = SOFT for inst/s00_nodes/s00_w_node/inst/s_sc_xpm_cdc_async_rst_inst. (constraint file  auto generated constraint).
Applied set_property KEEP_HIERARCHY = SOFT for inst/m00_exit_pipeline/m00_exit/inst/xpm_cdc_async_rst_inst. (constraint file  auto generated constraint).
Applied set_property KEEP_HIERARCHY = SOFT for inst/s00_entry_pipeline/s00_mmu/inst/xpm_cdc_async_rst_inst. (constraint file  auto generated constraint).
Applied set_property KEEP_HIERARCHY = SOFT for inst/s00_entry_pipeline/s00_si_converter/inst/xpm_cdc_async_rst_inst. (constraint file  auto generated constraint).
Applied set_property KEEP_HIERARCHY = SOFT for inst/s00_entry_pipeline/s00_transaction_regulator/inst/xpm_cdc_async_rst_inst. (constraint file  auto generated constraint).
Applied set_property KEEP_HIERARCHY = SOFT for inst/s00_nodes/s00_ar_node/inst/inst_mi_handler/\gen_normal_area.inst_fifo_node_payld /\gen_xpm_memory_fifo.inst_fifo /\gen_async_clocks.inst_cdc_addra_to_rd_clk . (constraint file  auto generated constraint).
Applied set_property KEEP_HIERARCHY = SOFT for inst/s00_nodes/s00_aw_node/inst/inst_mi_handler/\gen_normal_area.inst_fifo_node_payld /\gen_xpm_memory_fifo.inst_fifo /\gen_async_clocks.inst_cdc_addra_to_rd_clk . (constraint file  auto generated constraint).
Applied set_property KEEP_HIERARCHY = SOFT for inst/s00_nodes/s00_b_node/inst/inst_mi_handler/\gen_normal_area.inst_fifo_node_payld /\gen_xpm_memory_fifo.inst_fifo /\gen_async_clocks.inst_cdc_addra_to_rd_clk . (constraint file  auto generated constraint).
Applied set_property KEEP_HIERARCHY = SOFT for inst/s00_nodes/s00_r_node/inst/inst_mi_handler/\gen_normal_area.inst_fifo_node_payld /\gen_xpm_memory_fifo.inst_fifo /\gen_async_clocks.inst_cdc_addra_to_rd_clk . (constraint file  auto generated constraint).
Applied set_property KEEP_HIERARCHY = SOFT for inst/s00_nodes/s00_w_node/inst/inst_mi_handler/\gen_normal_area.inst_fifo_node_payld /\gen_xpm_memory_fifo.inst_fifo /\gen_async_clocks.inst_cdc_addra_to_rd_clk . (constraint file  auto generated constraint).
Applied set_property KEEP_HIERARCHY = SOFT for inst/s00_nodes/s00_ar_node/inst/inst_mi_handler/\gen_normal_area.inst_fifo_node_payld /\gen_xpm_memory_fifo.inst_fifo /\gen_async_clocks.inst_cdc_addrb_to_wr_clk . (constraint file  auto generated constraint).
Applied set_property KEEP_HIERARCHY = SOFT for inst/s00_nodes/s00_aw_node/inst/inst_mi_handler/\gen_normal_area.inst_fifo_node_payld /\gen_xpm_memory_fifo.inst_fifo /\gen_async_clocks.inst_cdc_addrb_to_wr_clk . (constraint file  auto generated constraint).
Applied set_property KEEP_HIERARCHY = SOFT for inst/s00_nodes/s00_b_node/inst/inst_mi_handler/\gen_normal_area.inst_fifo_node_payld /\gen_xpm_memory_fifo.inst_fifo /\gen_async_clocks.inst_cdc_addrb_to_wr_clk . (constraint file  auto generated constraint).
Applied set_property KEEP_HIERARCHY = SOFT for inst/s00_nodes/s00_r_node/inst/inst_mi_handler/\gen_normal_area.inst_fifo_node_payld /\gen_xpm_memory_fifo.inst_fifo /\gen_async_clocks.inst_cdc_addrb_to_wr_clk . (constraint file  auto generated constraint).
Applied set_property KEEP_HIERARCHY = SOFT for inst/s00_nodes/s00_w_node/inst/inst_mi_handler/\gen_normal_area.inst_fifo_node_payld /\gen_xpm_memory_fifo.inst_fifo /\gen_async_clocks.inst_cdc_addrb_to_wr_clk . (constraint file  auto generated constraint).
Applied set_property KEEP_HIERARCHY = SOFT for inst/s00_nodes/s00_ar_node/inst/inst_mi_handler/\gen_normal_area.inst_fifo_node_payld /\gen_xpm_memory_fifo.inst_fifo /\gen_mem_rep[0].inst_xpm_memory . (constraint file  auto generated constraint).
Applied set_property KEEP_HIERARCHY = SOFT for inst/s00_nodes/s00_aw_node/inst/inst_mi_handler/\gen_normal_area.inst_fifo_node_payld /\gen_xpm_memory_fifo.inst_fifo /\gen_mem_rep[0].inst_xpm_memory . (constraint file  auto generated constraint).
Applied set_property KEEP_HIERARCHY = SOFT for inst/s00_nodes/s00_ar_node/inst/inst_mi_handler/\gen_normal_area.inst_fifo_node_payld /\gen_xpm_memory_fifo.inst_fifo /\gen_mem_rep[1].inst_xpm_memory . (constraint file  auto generated constraint).
Applied set_property KEEP_HIERARCHY = SOFT for inst/s00_nodes/s00_aw_node/inst/inst_mi_handler/\gen_normal_area.inst_fifo_node_payld /\gen_xpm_memory_fifo.inst_fifo /\gen_mem_rep[1].inst_xpm_memory . (constraint file  auto generated constraint).
Applied set_property KEEP_HIERARCHY = SOFT for inst/s00_nodes/s00_b_node/inst/inst_mi_handler/\gen_normal_area.inst_fifo_node_payld /\gen_xpm_memory_fifo.inst_fifo /\gen_mem_rep[0].inst_xpm_memory . (constraint file  auto generated constraint).
Applied set_property KEEP_HIERARCHY = SOFT for inst/s00_nodes/s00_r_node/inst/inst_mi_handler/\gen_normal_area.inst_fifo_node_payld /\gen_xpm_memory_fifo.inst_fifo /\gen_mem_rep[0].inst_xpm_memory . (constraint file  auto generated constraint).
Applied set_property KEEP_HIERARCHY = SOFT for inst/s00_nodes/s00_r_node/inst/inst_mi_handler/\gen_normal_area.inst_fifo_node_payld /\gen_xpm_memory_fifo.inst_fifo /\gen_mem_rep[1].inst_xpm_memory . (constraint file  auto generated constraint).
Applied set_property KEEP_HIERARCHY = SOFT for inst/s00_nodes/s00_r_node/inst/inst_mi_handler/\gen_normal_area.inst_fifo_node_payld /\gen_xpm_memory_fifo.inst_fifo /\gen_mem_rep[2].inst_xpm_memory . (constraint file  auto generated constraint).
Applied set_property KEEP_HIERARCHY = SOFT for inst/s00_nodes/s00_w_node/inst/inst_mi_handler/\gen_normal_area.inst_fifo_node_payld /\gen_xpm_memory_fifo.inst_fifo /\gen_mem_rep[0].inst_xpm_memory . (constraint file  auto generated constraint).
Applied set_property KEEP_HIERARCHY = SOFT for inst/s00_nodes/s00_w_node/inst/inst_mi_handler/\gen_normal_area.inst_fifo_node_payld /\gen_xpm_memory_fifo.inst_fifo /\gen_mem_rep[1].inst_xpm_memory . (constraint file  auto generated constraint).
Applied set_property KEEP_HIERARCHY = SOFT for inst/s00_nodes/s00_w_node/inst/inst_mi_handler/\gen_normal_area.inst_fifo_node_payld /\gen_xpm_memory_fifo.inst_fifo /\gen_mem_rep[2].inst_xpm_memory . (constraint file  auto generated constraint).
Applied set_property KEEP_HIERARCHY = SOFT for inst/s00_nodes/s00_w_node/inst/inst_mi_handler/\gen_normal_area.inst_fifo_node_payld /\gen_xpm_memory_fifo.inst_fifo /\gen_mem_rep[3].inst_xpm_memory . (constraint file  auto generated constraint).
---------------------------------------------------------------------------------
Finished applying 'set_property' XDC Constraints : Time (s): cpu = 00:00:45 ; elapsed = 00:00:49 . Memory (MB): peak = 3885.492 ; gain = 980.230 ; free physical = 133925 ; free virtual = 468699
---------------------------------------------------------------------------------
INFO: [Synth 8-4490] FSM extraction disabled for register 'gen_pipelined.state_reg' through user attribute
INFO: [Synth 8-4490] FSM extraction disabled for register 'gen_pipelined.state_reg' through user attribute
INFO: [Synth 8-802] inferred FSM for state register 'gen_axi.gen_write.write_cs_reg' in module 'sc_mmu_v1_0_10_decerr_slave'
INFO: [Synth 8-4490] FSM extraction disabled for register 'gen_pipelined.state_reg' through user attribute
INFO: [Synth 8-4490] FSM extraction disabled for register 'gen_pipelined.state_reg' through user attribute
INFO: [Synth 8-4490] FSM extraction disabled for register 'gen_pipelined.state_reg' through user attribute
INFO: [Synth 8-4490] FSM extraction disabled for register 'gen_pipelined.state_reg' through user attribute
INFO: [Synth 8-4490] FSM extraction disabled for register 'gen_pipelined.state_reg' through user attribute
---------------------------------------------------------------------------------------------------
                   State |                     New Encoding |                Previous Encoding 
---------------------------------------------------------------------------------------------------
            P_WRITE_IDLE |                              001 |                               00
            P_WRITE_DATA |                              010 |                               01
            P_WRITE_RESP |                              100 |                               10
---------------------------------------------------------------------------------------------------
INFO: [Synth 8-3354] encoded FSM with state register 'gen_axi.gen_write.write_cs_reg' using encoding 'one-hot' in module 'sc_mmu_v1_0_10_decerr_slave'
---------------------------------------------------------------------------------
Finished RTL Optimization Phase 2 : Time (s): cpu = 00:00:50 ; elapsed = 00:00:55 . Memory (MB): peak = 3885.492 ; gain = 980.230 ; free physical = 132968 ; free virtual = 467804
---------------------------------------------------------------------------------
---------------------------------------------------------------------------------
Start RTL Component Statistics 
---------------------------------------------------------------------------------
Detailed RTL Component Info : 
+---Adders : 
	   2 Input   32 Bit       Adders := 1     
	   2 Input    8 Bit       Adders := 8     
	   2 Input    7 Bit       Adders := 4     
	   3 Input    6 Bit       Adders := 2     
	   2 Input    6 Bit       Adders := 56    
	   2 Input    5 Bit       Adders := 14    
	   3 Input    5 Bit       Adders := 2     
	   4 Input    5 Bit       Adders := 2     
	   2 Input    4 Bit       Adders := 7     
	   3 Input    4 Bit       Adders := 2     
	   2 Input    3 Bit       Adders := 1     
	   3 Input    1 Bit       Adders := 2     
+---XORs : 
	   2 Input      6 Bit         XORs := 10    
	   2 Input      1 Bit         XORs := 119   
+---Registers : 
	             2178 Bit    Registers := 6     
	              704 Bit    Registers := 1     
	              580 Bit    Registers := 2     
	              512 Bit    Registers := 2     
	              184 Bit    Registers := 2     
	              182 Bit    Registers := 1     
	              153 Bit    Registers := 3     
	              151 Bit    Registers := 1     
	              104 Bit    Registers := 2     
	              103 Bit    Registers := 2     
	               64 Bit    Registers := 6     
	               47 Bit    Registers := 1     
	               33 Bit    Registers := 1     
	               25 Bit    Registers := 1     
	               24 Bit    Registers := 2     
	               14 Bit    Registers := 1     
	               12 Bit    Registers := 2     
	                8 Bit    Registers := 8     
	                6 Bit    Registers := 77    
	                5 Bit    Registers := 14    
	                4 Bit    Registers := 7     
	                3 Bit    Registers := 33    
	                2 Bit    Registers := 5     
	                1 Bit    Registers := 210   
+---Muxes : 
	   2 Input 2178 Bit        Muxes := 4     
	   2 Input  580 Bit        Muxes := 1     
	   2 Input  512 Bit        Muxes := 11    
	   2 Input   64 Bit        Muxes := 15    
	   2 Input   47 Bit        Muxes := 1     
	   2 Input   33 Bit        Muxes := 1     
	   2 Input   25 Bit        Muxes := 1     
	   2 Input   24 Bit        Muxes := 1     
	   2 Input   14 Bit        Muxes := 1     
	   2 Input   12 Bit        Muxes := 2     
	   2 Input    8 Bit        Muxes := 268   
	   7 Input    8 Bit        Muxes := 2     
	   2 Input    7 Bit        Muxes := 4     
	   7 Input    7 Bit        Muxes := 4     
	   2 Input    6 Bit        Muxes := 18    
	   5 Input    6 Bit        Muxes := 1     
	   2 Input    5 Bit        Muxes := 8     
	   2 Input    4 Bit        Muxes := 12    
	   4 Input    3 Bit        Muxes := 9     
	  11 Input    3 Bit        Muxes := 7     
	   5 Input    3 Bit        Muxes := 2     
	   2 Input    3 Bit        Muxes := 8     
	   9 Input    3 Bit        Muxes := 2     
	   2 Input    2 Bit        Muxes := 47    
	   6 Input    1 Bit        Muxes := 53    
	  12 Input    1 Bit        Muxes := 9     
	   2 Input    1 Bit        Muxes := 300   
	   4 Input    1 Bit        Muxes := 9     
	  10 Input    1 Bit        Muxes := 6     
	   7 Input    1 Bit        Muxes := 4     
	   3 Input    1 Bit        Muxes := 10    
	   5 Input    1 Bit        Muxes := 10    
---------------------------------------------------------------------------------
Finished RTL Component Statistics 
---------------------------------------------------------------------------------
---------------------------------------------------------------------------------
Start Part Resource Summary
---------------------------------------------------------------------------------
Part Resources:
DSPs: 3936 (col length:164)
BRAMs: 1934 (col length: RAMB18 168 RAMB36 84)
---------------------------------------------------------------------------------
Finished Part Resource Summary
---------------------------------------------------------------------------------
---------------------------------------------------------------------------------
Start Cross Boundary and Area Optimization
---------------------------------------------------------------------------------
WARNING: [Synth 8-7080] Parallel synthesis criteria is not met
---------------------------------------------------------------------------------
Finished Cross Boundary and Area Optimization : Time (s): cpu = 00:01:31 ; elapsed = 00:01:40 . Memory (MB): peak = 3885.492 ; gain = 980.230 ; free physical = 135919 ; free virtual = 470787
---------------------------------------------------------------------------------
---------------------------------------------------------------------------------
Start ROM, RAM, DSP, Shift Register and Retiming Reporting
---------------------------------------------------------------------------------

Distributed RAM: Preliminary Mapping Report (see note below)
+-------------------------------------------------------------------------------------------------------------------------------------------------------------------------------+----------------------------------+----------------+----------------------+----------------+
|Module Name                                                                                                                                                                    | RTL Object                       | Inference      | Size (Depth x Width) | Primitives     | 
+-------------------------------------------------------------------------------------------------------------------------------------------------------------------------------+----------------------------------+----------------+----------------------+----------------+
|inst/i_0/\s00_nodes/s00_ar_node/inst /\inst_mi_handler/gen_normal_area.inst_fifo_node_payld/gen_xpm_memory_fifo.inst_fifo/gen_mem_rep[0].inst_xpm_memory /xpm_memory_base_inst | gen_wr_a.gen_word_narrow.mem_reg | User Attribute | 32 x 104             | RAM32M16 x 8   | 
|inst/i_0/\s00_nodes/s00_ar_node/inst /\inst_mi_handler/gen_normal_area.inst_fifo_node_payld/gen_xpm_memory_fifo.inst_fifo/gen_mem_rep[1].inst_xpm_memory /xpm_memory_base_inst | gen_wr_a.gen_word_narrow.mem_reg | User Attribute | 32 x 103             | RAM32M16 x 8   | 
|inst/i_0/\s00_nodes/s00_aw_node/inst /\inst_mi_handler/gen_normal_area.inst_fifo_node_payld/gen_xpm_memory_fifo.inst_fifo/gen_mem_rep[0].inst_xpm_memory /xpm_memory_base_inst | gen_wr_a.gen_word_narrow.mem_reg | User Attribute | 32 x 104             | RAM32M16 x 8   | 
|inst/i_0/\s00_nodes/s00_aw_node/inst /\inst_mi_handler/gen_normal_area.inst_fifo_node_payld/gen_xpm_memory_fifo.inst_fifo/gen_mem_rep[1].inst_xpm_memory /xpm_memory_base_inst | gen_wr_a.gen_word_narrow.mem_reg | User Attribute | 32 x 103             | RAM32M16 x 8   | 
|inst/i_0/\s00_nodes/s00_b_node/inst /\inst_mi_handler/gen_normal_area.inst_fifo_node_payld/gen_xpm_memory_fifo.inst_fifo/gen_mem_rep[0].inst_xpm_memory /xpm_memory_base_inst  | gen_wr_a.gen_word_narrow.mem_reg | User Attribute | 32 x 24              | RAM32M16 x 2   | 
|inst/i_0/\s00_nodes/s00_r_node/inst /\inst_mi_handler/gen_normal_area.inst_fifo_node_payld/gen_xpm_memory_fifo.inst_fifo/gen_mem_rep[0].inst_xpm_memory /xpm_memory_base_inst  | gen_wr_a.gen_word_narrow.mem_reg | User Attribute | 32 x 184             | RAM32M16 x 14  | 
|inst/i_0/\s00_nodes/s00_r_node/inst /\inst_mi_handler/gen_normal_area.inst_fifo_node_payld/gen_xpm_memory_fifo.inst_fifo/gen_mem_rep[1].inst_xpm_memory /xpm_memory_base_inst  | gen_wr_a.gen_word_narrow.mem_reg | User Attribute | 32 x 184             | RAM32M16 x 14  | 
|inst/i_0/\s00_nodes/s00_r_node/inst /\inst_mi_handler/gen_normal_area.inst_fifo_node_payld/gen_xpm_memory_fifo.inst_fifo/gen_mem_rep[2].inst_xpm_memory /xpm_memory_base_inst  | gen_wr_a.gen_word_narrow.mem_reg | User Attribute | 32 x 182             | RAM32M16 x 13  | 
|inst/i_0/\s00_nodes/s00_w_node/inst /\inst_mi_handler/gen_normal_area.inst_fifo_node_payld/gen_xpm_memory_fifo.inst_fifo/gen_mem_rep[0].inst_xpm_memory /xpm_memory_base_inst  | gen_wr_a.gen_word_narrow.mem_reg | User Attribute | 32 x 153             | RAM32M16 x 11  | 
|inst/i_0/\s00_nodes/s00_w_node/inst /\inst_mi_handler/gen_normal_area.inst_fifo_node_payld/gen_xpm_memory_fifo.inst_fifo/gen_mem_rep[1].inst_xpm_memory /xpm_memory_base_inst  | gen_wr_a.gen_word_narrow.mem_reg | User Attribute | 32 x 153             | RAM32M16 x 11  | 
|inst/i_0/\s00_nodes/s00_w_node/inst /\inst_mi_handler/gen_normal_area.inst_fifo_node_payld/gen_xpm_memory_fifo.inst_fifo/gen_mem_rep[2].inst_xpm_memory /xpm_memory_base_inst  | gen_wr_a.gen_word_narrow.mem_reg | User Attribute | 32 x 153             | RAM32M16 x 11  | 
|inst/i_0/\s00_nodes/s00_w_node/inst /\inst_mi_handler/gen_normal_area.inst_fifo_node_payld/gen_xpm_memory_fifo.inst_fifo/gen_mem_rep[3].inst_xpm_memory /xpm_memory_base_inst  | gen_wr_a.gen_word_narrow.mem_reg | User Attribute | 32 x 151             | RAM32M16 x 11  | 
+-------------------------------------------------------------------------------------------------------------------------------------------------------------------------------+----------------------------------+----------------+----------------------+----------------+

Note: The table above is a preliminary report that shows the Distributed RAMs at the current stage of the synthesis flow. Some Distributed RAMs may be reimplemented as non Distributed RAM primitives later in the synthesis flow. Multiple instantiated RAMs are reported only once.
---------------------------------------------------------------------------------
Finished ROM, RAM, DSP, Shift Register and Retiming Reporting
---------------------------------------------------------------------------------
---------------------------------------------------------------------------------
Start Applying XDC Timing Constraints
---------------------------------------------------------------------------------
---------------------------------------------------------------------------------
Finished Applying XDC Timing Constraints : Time (s): cpu = 00:01:59 ; elapsed = 00:02:16 . Memory (MB): peak = 4257.688 ; gain = 1352.426 ; free physical = 138342 ; free virtual = 473238
---------------------------------------------------------------------------------
---------------------------------------------------------------------------------
Start Timing Optimization
---------------------------------------------------------------------------------
---------------------------------------------------------------------------------
Finished Timing Optimization : Time (s): cpu = 00:02:03 ; elapsed = 00:02:21 . Memory (MB): peak = 4297.727 ; gain = 1392.465 ; free physical = 138124 ; free virtual = 473034
---------------------------------------------------------------------------------
---------------------------------------------------------------------------------
Start ROM, RAM, DSP, Shift Register and Retiming Reporting
---------------------------------------------------------------------------------

Distributed RAM: Final Mapping Report
+-------------------------------------------------------------------------------------------------------------------------------------------------------------------------------+----------------------------------+----------------+----------------------+----------------+
|Module Name                                                                                                                                                                    | RTL Object                       | Inference      | Size (Depth x Width) | Primitives     | 
+-------------------------------------------------------------------------------------------------------------------------------------------------------------------------------+----------------------------------+----------------+----------------------+----------------+
|inst/i_0/\s00_nodes/s00_ar_node/inst /\inst_mi_handler/gen_normal_area.inst_fifo_node_payld/gen_xpm_memory_fifo.inst_fifo/gen_mem_rep[0].inst_xpm_memory /xpm_memory_base_inst | gen_wr_a.gen_word_narrow.mem_reg | User Attribute | 32 x 104             | RAM32M16 x 8   | 
|inst/i_0/\s00_nodes/s00_ar_node/inst /\inst_mi_handler/gen_normal_area.inst_fifo_node_payld/gen_xpm_memory_fifo.inst_fifo/gen_mem_rep[1].inst_xpm_memory /xpm_memory_base_inst | gen_wr_a.gen_word_narrow.mem_reg | User Attribute | 32 x 103             | RAM32M16 x 8   | 
|inst/i_0/\s00_nodes/s00_aw_node/inst /\inst_mi_handler/gen_normal_area.inst_fifo_node_payld/gen_xpm_memory_fifo.inst_fifo/gen_mem_rep[0].inst_xpm_memory /xpm_memory_base_inst | gen_wr_a.gen_word_narrow.mem_reg | User Attribute | 32 x 104             | RAM32M16 x 8   | 
|inst/i_0/\s00_nodes/s00_aw_node/inst /\inst_mi_handler/gen_normal_area.inst_fifo_node_payld/gen_xpm_memory_fifo.inst_fifo/gen_mem_rep[1].inst_xpm_memory /xpm_memory_base_inst | gen_wr_a.gen_word_narrow.mem_reg | User Attribute | 32 x 103             | RAM32M16 x 8   | 
|inst/i_0/\s00_nodes/s00_b_node/inst /\inst_mi_handler/gen_normal_area.inst_fifo_node_payld/gen_xpm_memory_fifo.inst_fifo/gen_mem_rep[0].inst_xpm_memory /xpm_memory_base_inst  | gen_wr_a.gen_word_narrow.mem_reg | User Attribute | 32 x 24              | RAM32M16 x 2   | 
|inst/i_0/\s00_nodes/s00_r_node/inst /\inst_mi_handler/gen_normal_area.inst_fifo_node_payld/gen_xpm_memory_fifo.inst_fifo/gen_mem_rep[0].inst_xpm_memory /xpm_memory_base_inst  | gen_wr_a.gen_word_narrow.mem_reg | User Attribute | 32 x 184             | RAM32M16 x 14  | 
|inst/i_0/\s00_nodes/s00_r_node/inst /\inst_mi_handler/gen_normal_area.inst_fifo_node_payld/gen_xpm_memory_fifo.inst_fifo/gen_mem_rep[1].inst_xpm_memory /xpm_memory_base_inst  | gen_wr_a.gen_word_narrow.mem_reg | User Attribute | 32 x 184             | RAM32M16 x 14  | 
|inst/i_0/\s00_nodes/s00_r_node/inst /\inst_mi_handler/gen_normal_area.inst_fifo_node_payld/gen_xpm_memory_fifo.inst_fifo/gen_mem_rep[2].inst_xpm_memory /xpm_memory_base_inst  | gen_wr_a.gen_word_narrow.mem_reg | User Attribute | 32 x 182             | RAM32M16 x 13  | 
|inst/i_0/\s00_nodes/s00_w_node/inst /\inst_mi_handler/gen_normal_area.inst_fifo_node_payld/gen_xpm_memory_fifo.inst_fifo/gen_mem_rep[0].inst_xpm_memory /xpm_memory_base_inst  | gen_wr_a.gen_word_narrow.mem_reg | User Attribute | 32 x 153             | RAM32M16 x 11  | 
|inst/i_0/\s00_nodes/s00_w_node/inst /\inst_mi_handler/gen_normal_area.inst_fifo_node_payld/gen_xpm_memory_fifo.inst_fifo/gen_mem_rep[1].inst_xpm_memory /xpm_memory_base_inst  | gen_wr_a.gen_word_narrow.mem_reg | User Attribute | 32 x 153             | RAM32M16 x 11  | 
|inst/i_0/\s00_nodes/s00_w_node/inst /\inst_mi_handler/gen_normal_area.inst_fifo_node_payld/gen_xpm_memory_fifo.inst_fifo/gen_mem_rep[2].inst_xpm_memory /xpm_memory_base_inst  | gen_wr_a.gen_word_narrow.mem_reg | User Attribute | 32 x 153             | RAM32M16 x 11  | 
|inst/i_0/\s00_nodes/s00_w_node/inst /\inst_mi_handler/gen_normal_area.inst_fifo_node_payld/gen_xpm_memory_fifo.inst_fifo/gen_mem_rep[3].inst_xpm_memory /xpm_memory_base_inst  | gen_wr_a.gen_word_narrow.mem_reg | User Attribute | 32 x 151             | RAM32M16 x 11  | 
+-------------------------------------------------------------------------------------------------------------------------------------------------------------------------------+----------------------------------+----------------+----------------------+----------------+

---------------------------------------------------------------------------------
Finished ROM, RAM, DSP, Shift Register and Retiming Reporting
---------------------------------------------------------------------------------
---------------------------------------------------------------------------------
Start Technology Mapping
---------------------------------------------------------------------------------
INFO: [Synth 8-5816] Retiming module `xpm_cdc_async_rst__1`
   Worst Slack before retiming is -346 and worst slack after retiming is -346
   Numbers of local forward move = 0, and local backward move = 0


INFO: [Synth 8-5816] Retiming module `xpm_cdc_async_rst__1' done


INFO: [Synth 8-5816] Retiming module `sc_si_converter_v1_0_10_top`
   Worst Slack before retiming is -346 and worst slack after retiming is -346
   Numbers of local forward move = 0, and local backward move = 0


INFO: [Synth 8-5816] Retiming module `sc_si_converter_v1_0_10_top' done


INFO: [Synth 8-5816] Retiming module `xpm_cdc_async_rst__3`
   Worst Slack before retiming is -346 and worst slack after retiming is -346
   Numbers of local forward move = 0, and local backward move = 0


INFO: [Synth 8-5816] Retiming module `xpm_cdc_async_rst__3' done


INFO: [Synth 8-5816] Retiming module `sc_mmu_v1_0_10_top`
   Worst Slack before retiming is -346 and worst slack after retiming is -346
   Numbers of local forward move = 0, and local backward move = 0


INFO: [Synth 8-5816] Retiming module `sc_mmu_v1_0_10_top' done


INFO: [Synth 8-5816] Retiming module `xpm_cdc_async_rst__2`
   Worst Slack before retiming is -346 and worst slack after retiming is -346
   Numbers of local forward move = 0, and local backward move = 0


INFO: [Synth 8-5816] Retiming module `xpm_cdc_async_rst__2' done


INFO: [Synth 8-5816] Retiming module `sc_transaction_regulator_v1_0_9_top`
   Worst Slack before retiming is -346 and worst slack after retiming is -346
   Numbers of local forward move = 0, and local backward move = 0


INFO: [Synth 8-5816] Retiming module `sc_transaction_regulator_v1_0_9_top' done


INFO: [Synth 8-5816] Retiming module `xpm_cdc_async_rst`
   Worst Slack before retiming is -346 and worst slack after retiming is -346
   Numbers of local forward move = 0, and local backward move = 0


INFO: [Synth 8-5816] Retiming module `xpm_cdc_async_rst' done


INFO: [Synth 8-5816] Retiming module `sc_exit_v1_0_13_top`
   Worst Slack before retiming is -346 and worst slack after retiming is -346
   Numbers of local forward move = 0, and local backward move = 0


INFO: [Synth 8-5816] Retiming module `sc_exit_v1_0_13_top' done


INFO: [Synth 8-5816] Retiming module `sc_sc2axi_v1_0_8_top`
   Worst Slack before retiming is -346 and worst slack after retiming is -346
   Numbers of local forward move = 0, and local backward move = 0


INFO: [Synth 8-5816] Retiming module `sc_sc2axi_v1_0_8_top' done


INFO: [Synth 8-5816] Retiming module `sc_axi2sc_v1_0_8_top`
   Worst Slack before retiming is -346 and worst slack after retiming is -346
   Numbers of local forward move = 0, and local backward move = 0


INFO: [Synth 8-5816] Retiming module `sc_axi2sc_v1_0_8_top' done


INFO: [Synth 8-5816] Retiming module `xpm_memory_base`
   Worst Slack before retiming is -346 and worst slack after retiming is -346
   Numbers of local forward move = 0, and local backward move = 0


INFO: [Synth 8-5816] Retiming module `xpm_memory_base' done


INFO: [Synth 8-5816] Retiming module `xpm_memory_sdpram`
   Worst Slack before retiming is -346 and worst slack after retiming is -346
   Numbers of local forward move = 0, and local backward move = 0


INFO: [Synth 8-5816] Retiming module `xpm_memory_sdpram' done


INFO: [Synth 8-5816] Retiming module `xpm_memory_base__parameterized0`
   Worst Slack before retiming is -346 and worst slack after retiming is -346
   Numbers of local forward move = 0, and local backward move = 0


INFO: [Synth 8-5816] Retiming module `xpm_memory_base__parameterized0' done


INFO: [Synth 8-5816] Retiming module `xpm_memory_sdpram__parameterized0`
   Worst Slack before retiming is -346 and worst slack after retiming is -346
   Numbers of local forward move = 0, and local backward move = 0


INFO: [Synth 8-5816] Retiming module `xpm_memory_sdpram__parameterized0' done


INFO: [Synth 8-5816] Retiming module `xpm_cdc_gray__18`
   Worst Slack before retiming is -346 and worst slack after retiming is -346
   Numbers of local forward move = 0, and local backward move = 0


INFO: [Synth 8-5816] Retiming module `xpm_cdc_gray__18' done


INFO: [Synth 8-5816] Retiming module `xpm_cdc_gray`
   Worst Slack before retiming is -346 and worst slack after retiming is -346
   Numbers of local forward move = 0, and local backward move = 0


INFO: [Synth 8-5816] Retiming module `xpm_cdc_gray' done


INFO: [Synth 8-5816] Retiming module `xpm_cdc_async_rst__12`
   Worst Slack before retiming is -346 and worst slack after retiming is -346
   Numbers of local forward move = 0, and local backward move = 0


INFO: [Synth 8-5816] Retiming module `xpm_cdc_async_rst__12' done


INFO: [Synth 8-5816] Retiming module `xpm_cdc_async_rst__13`
   Worst Slack before retiming is -346 and worst slack after retiming is -346
   Numbers of local forward move = 0, and local backward move = 0


INFO: [Synth 8-5816] Retiming module `xpm_cdc_async_rst__13' done


INFO: [Synth 8-5816] Retiming module `sc_node_v1_0_14_top`
   Worst Slack before retiming is -346 and worst slack after retiming is -346
   Numbers of local forward move = 0, and local backward move = 0


INFO: [Synth 8-5816] Retiming module `sc_node_v1_0_14_top' done


INFO: [Synth 8-5816] Retiming module `xpm_memory_base__2`
   Worst Slack before retiming is -346 and worst slack after retiming is -346
   Numbers of local forward move = 0, and local backward move = 0


INFO: [Synth 8-5816] Retiming module `xpm_memory_base__2' done


INFO: [Synth 8-5816] Retiming module `xpm_memory_sdpram__2`
   Worst Slack before retiming is -346 and worst slack after retiming is -346
   Numbers of local forward move = 0, and local backward move = 0


INFO: [Synth 8-5816] Retiming module `xpm_memory_sdpram__2' done


INFO: [Synth 8-5816] Retiming module `xpm_memory_base__parameterized0__2`
   Worst Slack before retiming is -346 and worst slack after retiming is -346
   Numbers of local forward move = 0, and local backward move = 0


INFO: [Synth 8-5816] Retiming module `xpm_memory_base__parameterized0__2' done


INFO: [Synth 8-5816] Retiming module `xpm_memory_sdpram__parameterized0__2`
   Worst Slack before retiming is -346 and worst slack after retiming is -346
   Numbers of local forward move = 0, and local backward move = 0


INFO: [Synth 8-5816] Retiming module `xpm_memory_sdpram__parameterized0__2' done


INFO: [Synth 8-5816] Retiming module `xpm_cdc_gray__16`
   Worst Slack before retiming is -346 and worst slack after retiming is -346
   Numbers of local forward move = 0, and local backward move = 0


INFO: [Synth 8-5816] Retiming module `xpm_cdc_gray__16' done


INFO: [Synth 8-5816] Retiming module `xpm_cdc_gray__17`
   Worst Slack before retiming is -346 and worst slack after retiming is -346
   Numbers of local forward move = 0, and local backward move = 0


INFO: [Synth 8-5816] Retiming module `xpm_cdc_gray__17' done


INFO: [Synth 8-5816] Retiming module `xpm_cdc_async_rst__10`
   Worst Slack before retiming is -346 and worst slack after retiming is -346
   Numbers of local forward move = 0, and local backward move = 0


INFO: [Synth 8-5816] Retiming module `xpm_cdc_async_rst__10' done


INFO: [Synth 8-5816] Retiming module `xpm_cdc_async_rst__11`
   Worst Slack before retiming is -346 and worst slack after retiming is -346
   Numbers of local forward move = 0, and local backward move = 0


INFO: [Synth 8-5816] Retiming module `xpm_cdc_async_rst__11' done


INFO: [Synth 8-5816] Retiming module `sc_node_v1_0_14_top__parameterized0`
   Worst Slack before retiming is -346 and worst slack after retiming is -346
   Numbers of local forward move = 0, and local backward move = 0


INFO: [Synth 8-5816] Retiming module `sc_node_v1_0_14_top__parameterized0' done


INFO: [Synth 8-5816] Retiming module `xpm_memory_base__parameterized1`
   Worst Slack before retiming is -346 and worst slack after retiming is -346
   Numbers of local forward move = 0, and local backward move = 0


INFO: [Synth 8-5816] Retiming module `xpm_memory_base__parameterized1' done


INFO: [Synth 8-5816] Retiming module `xpm_memory_sdpram__parameterized1`
   Worst Slack before retiming is -346 and worst slack after retiming is -346
   Numbers of local forward move = 0, and local backward move = 0


INFO: [Synth 8-5816] Retiming module `xpm_memory_sdpram__parameterized1' done


INFO: [Synth 8-5816] Retiming module `xpm_cdc_gray__14`
   Worst Slack before retiming is -346 and worst slack after retiming is -346
   Numbers of local forward move = 0, and local backward move = 0


INFO: [Synth 8-5816] Retiming module `xpm_cdc_gray__14' done


INFO: [Synth 8-5816] Retiming module `xpm_cdc_gray__15`
   Worst Slack before retiming is -346 and worst slack after retiming is -346
   Numbers of local forward move = 0, and local backward move = 0


INFO: [Synth 8-5816] Retiming module `xpm_cdc_gray__15' done


INFO: [Synth 8-5816] Retiming module `xpm_cdc_async_rst__8`
   Worst Slack before retiming is -346 and worst slack after retiming is -346
   Numbers of local forward move = 0, and local backward move = 0


INFO: [Synth 8-5816] Retiming module `xpm_cdc_async_rst__8' done


INFO: [Synth 8-5816] Retiming module `xpm_cdc_async_rst__9`
   Worst Slack before retiming is -346 and worst slack after retiming is -346
   Numbers of local forward move = 0, and local backward move = 0


INFO: [Synth 8-5816] Retiming module `xpm_cdc_async_rst__9' done


INFO: [Synth 8-5816] Retiming module `sc_node_v1_0_14_top__parameterized1`
   Worst Slack before retiming is -346 and worst slack after retiming is -346
   Numbers of local forward move = 0, and local backward move = 0


INFO: [Synth 8-5816] Retiming module `sc_node_v1_0_14_top__parameterized1' done


INFO: [Synth 8-5816] Retiming module `xpm_memory_base__parameterized2__1`
   Worst Slack before retiming is -346 and worst slack after retiming is -346
   Numbers of local forward move = 0, and local backward move = 0


INFO: [Synth 8-5816] Retiming module `xpm_memory_base__parameterized2__1' done


INFO: [Synth 8-5816] Retiming module `xpm_memory_sdpram__parameterized2__1`
   Worst Slack before retiming is -346 and worst slack after retiming is -346
   Numbers of local forward move = 0, and local backward move = 0


INFO: [Synth 8-5816] Retiming module `xpm_memory_sdpram__parameterized2__1' done


INFO: [Synth 8-5816] Retiming module `xpm_memory_base__parameterized2`
   Worst Slack before retiming is -346 and worst slack after retiming is -346
   Numbers of local forward move = 0, and local backward move = 0


INFO: [Synth 8-5816] Retiming module `xpm_memory_base__parameterized2' done


INFO: [Synth 8-5816] Retiming module `xpm_memory_sdpram__parameterized2`
   Worst Slack before retiming is -346 and worst slack after retiming is -346
   Numbers of local forward move = 0, and local backward move = 0


INFO: [Synth 8-5816] Retiming module `xpm_memory_sdpram__parameterized2' done


INFO: [Synth 8-5816] Retiming module `xpm_memory_base__parameterized3`
   Worst Slack before retiming is -346 and worst slack after retiming is -346
   Numbers of local forward move = 0, and local backward move = 0


INFO: [Synth 8-5816] Retiming module `xpm_memory_base__parameterized3' done


INFO: [Synth 8-5816] Retiming module `xpm_memory_sdpram__parameterized3`
   Worst Slack before retiming is -346 and worst slack after retiming is -346
   Numbers of local forward move = 0, and local backward move = 0


INFO: [Synth 8-5816] Retiming module `xpm_memory_sdpram__parameterized3' done


INFO: [Synth 8-5816] Retiming module `xpm_cdc_gray__12`
   Worst Slack before retiming is -346 and worst slack after retiming is -346
   Numbers of local forward move = 0, and local backward move = 0


INFO: [Synth 8-5816] Retiming module `xpm_cdc_gray__12' done


INFO: [Synth 8-5816] Retiming module `xpm_cdc_gray__13`
   Worst Slack before retiming is -346 and worst slack after retiming is -346
   Numbers of local forward move = 0, and local backward move = 0


INFO: [Synth 8-5816] Retiming module `xpm_cdc_gray__13' done


INFO: [Synth 8-5816] Retiming module `xpm_cdc_async_rst__6`
   Worst Slack before retiming is -346 and worst slack after retiming is -346
   Numbers of local forward move = 0, and local backward move = 0


INFO: [Synth 8-5816] Retiming module `xpm_cdc_async_rst__6' done


INFO: [Synth 8-5816] Retiming module `xpm_cdc_async_rst__7`
   Worst Slack before retiming is -346 and worst slack after retiming is -346
   Numbers of local forward move = 0, and local backward move = 0


INFO: [Synth 8-5816] Retiming module `xpm_cdc_async_rst__7' done


INFO: [Synth 8-5816] Retiming module `sc_node_v1_0_14_top__parameterized2`
   Worst Slack before retiming is -346 and worst slack after retiming is -346
   Numbers of local forward move = 0, and local backward move = 0


INFO: [Synth 8-5816] Retiming module `sc_node_v1_0_14_top__parameterized2' done


INFO: [Synth 8-5816] Retiming module `xpm_memory_base__parameterized4__1`
   Worst Slack before retiming is -346 and worst slack after retiming is -346
   Numbers of local forward move = 0, and local backward move = 0


INFO: [Synth 8-5816] Retiming module `xpm_memory_base__parameterized4__1' done


INFO: [Synth 8-5816] Retiming module `xpm_memory_sdpram__parameterized4__1`
   Worst Slack before retiming is -346 and worst slack after retiming is -346
   Numbers of local forward move = 0, and local backward move = 0


INFO: [Synth 8-5816] Retiming module `xpm_memory_sdpram__parameterized4__1' done


INFO: [Synth 8-5816] Retiming module `xpm_memory_base__parameterized4__2`
   Worst Slack before retiming is -346 and worst slack after retiming is -346
   Numbers of local forward move = 0, and local backward move = 0


INFO: [Synth 8-5816] Retiming module `xpm_memory_base__parameterized4__2' done


INFO: [Synth 8-5816] Retiming module `xpm_memory_sdpram__parameterized4__2`
   Worst Slack before retiming is -346 and worst slack after retiming is -346
   Numbers of local forward move = 0, and local backward move = 0


INFO: [Synth 8-5816] Retiming module `xpm_memory_sdpram__parameterized4__2' done


INFO: [Common 17-14] Message 'Synth 8-5816' appears 100 times and further instances of the messages will be disabled. Use the Tcl command set_msg_config to change the current settings.
---------------------------------------------------------------------------------
Finished Technology Mapping : Time (s): cpu = 00:02:11 ; elapsed = 00:02:30 . Memory (MB): peak = 4351.781 ; gain = 1446.520 ; free physical = 137965 ; free virtual = 472893
---------------------------------------------------------------------------------
---------------------------------------------------------------------------------
Start IO Insertion
---------------------------------------------------------------------------------
---------------------------------------------------------------------------------
Start Flattening Before IO Insertion
---------------------------------------------------------------------------------
---------------------------------------------------------------------------------
Finished Flattening Before IO Insertion
---------------------------------------------------------------------------------
---------------------------------------------------------------------------------
Start Final Netlist Cleanup
---------------------------------------------------------------------------------
---------------------------------------------------------------------------------
Finished Final Netlist Cleanup
---------------------------------------------------------------------------------
---------------------------------------------------------------------------------
Finished IO Insertion : Time (s): cpu = 00:02:17 ; elapsed = 00:02:36 . Memory (MB): peak = 4354.750 ; gain = 1449.488 ; free physical = 137467 ; free virtual = 472400
---------------------------------------------------------------------------------
---------------------------------------------------------------------------------
Start Renaming Generated Instances
---------------------------------------------------------------------------------
---------------------------------------------------------------------------------
Finished Renaming Generated Instances : Time (s): cpu = 00:02:17 ; elapsed = 00:02:36 . Memory (MB): peak = 4354.750 ; gain = 1449.488 ; free physical = 137386 ; free virtual = 472318
---------------------------------------------------------------------------------
---------------------------------------------------------------------------------
Start Rebuilding User Hierarchy
---------------------------------------------------------------------------------
---------------------------------------------------------------------------------
Finished Rebuilding User Hierarchy : Time (s): cpu = 00:02:18 ; elapsed = 00:02:37 . Memory (MB): peak = 4354.750 ; gain = 1449.488 ; free physical = 138289 ; free virtual = 473225
---------------------------------------------------------------------------------
---------------------------------------------------------------------------------
Start Renaming Generated Ports
---------------------------------------------------------------------------------
---------------------------------------------------------------------------------
Finished Renaming Generated Ports : Time (s): cpu = 00:02:18 ; elapsed = 00:02:37 . Memory (MB): peak = 4354.750 ; gain = 1449.488 ; free physical = 138233 ; free virtual = 473170
---------------------------------------------------------------------------------
---------------------------------------------------------------------------------
Start Handling Custom Attributes
---------------------------------------------------------------------------------
---------------------------------------------------------------------------------
Finished Handling Custom Attributes : Time (s): cpu = 00:02:18 ; elapsed = 00:02:38 . Memory (MB): peak = 4354.750 ; gain = 1449.488 ; free physical = 138397 ; free virtual = 473333
---------------------------------------------------------------------------------
---------------------------------------------------------------------------------
Start Renaming Generated Nets
---------------------------------------------------------------------------------
---------------------------------------------------------------------------------
Finished Renaming Generated Nets : Time (s): cpu = 00:02:19 ; elapsed = 00:02:38 . Memory (MB): peak = 4354.750 ; gain = 1449.488 ; free physical = 138344 ; free virtual = 473280
---------------------------------------------------------------------------------
---------------------------------------------------------------------------------
Start ROM, RAM, DSP, Shift Register and Retiming Reporting
---------------------------------------------------------------------------------

Dynamic Shift Register Report:
+------------+---------------+--------+------------+--------+---------+--------+--------+--------+
|Module Name | RTL Name      | Length | Data Width | SRL16E | SRLC32E | Mux F7 | Mux F8 | Mux F9 | 
+------------+---------------+--------+------------+--------+---------+--------+--------+--------+
|dsrl        | shift_reg_reg | 32     | 1          | 0      | 1       | 0      | 0      | 0      | 
|dsrl__1455  | shift_reg_reg | 32     | 1          | 0      | 1       | 0      | 0      | 0      | 
+------------+---------------+--------+------------+--------+---------+--------+--------+--------+

---------------------------------------------------------------------------------
Finished ROM, RAM, DSP, Shift Register and Retiming Reporting
---------------------------------------------------------------------------------
---------------------------------------------------------------------------------
Start Writing Synthesis Report
---------------------------------------------------------------------------------

Report BlackBoxes: 
+-+--------------+----------+
| |BlackBox name |Instances |
+-+--------------+----------+
+-+--------------+----------+

Report Cell Usage: 
+------+---------+------+
|      |Cell     |Count |
+------+---------+------+
|1     |LUT1     |   102|
|2     |LUT2     |   337|
|3     |LUT3     |  1636|
|4     |LUT4     |   626|
|5     |LUT5     |   358|
|6     |LUT6     |  1229|
|8     |RAM32M   |     2|
|9     |RAM32M16 |    94|
|10    |RAM32X1D |     4|
|11    |SRL16    |     3|
|12    |SRLC32E  |  1177|
|13    |FDCE     |    42|
|14    |FDR      |    20|
|15    |FDRE     |  5348|
|16    |FDSE     |   102|
+------+---------+------+
---------------------------------------------------------------------------------
Finished Writing Synthesis Report : Time (s): cpu = 00:02:19 ; elapsed = 00:02:38 . Memory (MB): peak = 4354.750 ; gain = 1449.488 ; free physical = 138316 ; free virtual = 473252
---------------------------------------------------------------------------------
Synthesis finished with 0 errors, 0 critical warnings and 1 warnings.
Synthesis Optimization Runtime : Time (s): cpu = 00:01:54 ; elapsed = 00:02:12 . Memory (MB): peak = 4354.750 ; gain = 1059.879 ; free physical = 138280 ; free virtual = 473216
Synthesis Optimization Complete : Time (s): cpu = 00:02:19 ; elapsed = 00:02:38 . Memory (MB): peak = 4354.758 ; gain = 1449.488 ; free physical = 138279 ; free virtual = 473215
INFO: [Project 1-571] Translating synthesized netlist
Netlist sorting complete. Time (s): cpu = 00:00:00.35 ; elapsed = 00:00:00.36 . Memory (MB): peak = 4354.758 ; gain = 0.000 ; free physical = 138356 ; free virtual = 473292
INFO: [Netlist 29-17] Analyzing 162 Unisim elements for replacement
INFO: [Netlist 29-28] Unisim Transformation completed in 0 CPU seconds
INFO: [Constraints 18-6359] No Clock Expansion Window constraints config file entry for device xcvc1902.  GCLK Deskew mode will be Off and cannot be enabled via GCLK_DESKEW override.
INFO: [Constraints 18-5720] The default GCLK Deskew mode is Off.
INFO: [Project 1-570] Preparing netlist for logic optimization
INFO: [Opt 31-138] Pushed 0 inverter(s) to 0 load pin(s).
Netlist sorting complete. Time (s): cpu = 00:00:00 ; elapsed = 00:00:00 . Memory (MB): peak = 4378.531 ; gain = 0.000 ; free physical = 138142 ; free virtual = 473125
INFO: [Project 1-111] Unisim Transformation Summary:
  A total of 162 instances were transformed.
  FDR => FDRE: 20 instances
  LUT6_2 => LUT6_2 (LUT5, LUT6): 39 instances
  RAM32M => RAM32M (RAMD32(x6), RAMS32(x2)): 2 instances
  RAM32M16 => RAM32M16 (RAMD32(x14), RAMS32(x2)): 94 instances
  RAM32X1D => RAM32X1D (RAMD32(x2)): 4 instances
  SRL16 => SRL16E: 3 instances

Synth Design complete, checksum: 2719a8
INFO: [Common 17-83] Releasing license: Synthesis
246 Infos, 150 Warnings, 4 Critical Warnings and 0 Errors encountered.
synth_design completed successfully
synth_design: Time (s): cpu = 00:02:38 ; elapsed = 00:02:53 . Memory (MB): peak = 4378.531 ; gain = 1473.367 ; free physical = 138432 ; free virtual = 473415
INFO: [Common 17-600] The following parameters have non-default value.
general.maxThreads
INFO: [Common 17-1381] The checkpoint '/home/x_thileeb/repos/ops-hls-pact25-artifact/codegen_apps/jacobian3d/vck5000_project/hls/build/hw/temp_dir/link/link/vivado/vpl/prj/prj.runs/ulp_inst_0_axi_sc_plram_0_synth_1/ulp_inst_0_axi_sc_plram_0.dcp' has been generated.
INFO: [runtcl-6] Synthesis results are not added to the cache due to CRITICAL_WARNING
INFO: [Coretcl 2-1174] Renamed 1342 cell refs.
INFO: [Common 17-1381] The checkpoint '/home/x_thileeb/repos/ops-hls-pact25-artifact/codegen_apps/jacobian3d/vck5000_project/hls/build/hw/temp_dir/link/link/vivado/vpl/prj/prj.runs/ulp_inst_0_axi_sc_plram_0_synth_1/ulp_inst_0_axi_sc_plram_0.dcp' has been generated.
INFO: [runtcl-4] Executing : report_utilization -file ulp_inst_0_axi_sc_plram_0_utilization_synth.rpt -pb ulp_inst_0_axi_sc_plram_0_utilization_synth.pb
INFO: [Common 17-206] Exiting Vivado at Sun Jul 26 01:34:51 2026...
